block,year,family,slice,inside,deviation,se
reversal at the open,2018,hour,00:00,1414.0,-0.029951334611414252,0.012561195996829057
reversal at the open,2018,hour,01:00,1412.0,-0.014370598067504884,0.012497267839249883
reversal at the open,2018,hour,02:00,1404.0,0.01563271097263141,0.01246699048832947
reversal at the open,2018,hour,03:00,1400.0,0.014334379674299989,0.0122459201413987
reversal at the open,2018,hour,04:00,1400.0,-0.00566562032569998,0.012251122455614442
reversal at the open,2018,hour,05:00,1401.0,0.008235674667672128,0.012029995054804933
reversal at the open,2018,hour,06:00,1403.0,-0.019616338175206086,0.012354858147117257
reversal at the open,2018,hour,07:00,1404.0,0.019193964533884982,0.013021161557062243
reversal at the open,2018,hour,08:00,1404.0,-0.000749055409134996,0.012940562156260903
reversal at the open,2018,hour,09:00,1408.0,-0.007224061884141558,0.012072301000557943
reversal at the open,2018,hour,10:00,1414.0,-0.006613286520890939,0.012542430307399415
reversal at the open,2018,hour,11:00,1416.0,0.0011221117162693414,0.0126812679183184
reversal at the open,2018,hour,12:00,1416.0,0.008890473298190297,0.012759267305764483
reversal at the open,2018,hour,13:00,1416.0,-0.004527605797854931,0.012171966890039618
reversal at the open,2018,hour,14:00,1416.0,0.0011221117162693414,0.012250798978890014
reversal at the open,2018,hour,15:00,1417.0,-0.007721271096947048,0.01270286129299517
reversal at the open,2018,hour,16:00,1420.0,0.0024430315857687673,0.01222475345337091
reversal at the open,2018,hour,17:00,1420.0,0.015823313275909696,0.012238156375631009
reversal at the open,2018,hour,18:00,1420.0,0.029203594966050624,0.012130702149695905
reversal at the open,2018,hour,19:00,1420.0,0.0066683836984449,0.013204260774945228
reversal at the open,2018,hour,20:00,1420.0,0.011597961163233562,0.0128213252696837
reversal at the open,2018,hour,21:00,1420.0,-0.01164147545648469,0.012606679552291835
reversal at the open,2018,hour,22:00,1420.0,-0.03135978531563955,0.01258873837652198
reversal at the open,2018,hour,23:00,1420.0,0.005259932994219523,0.012385355494515422
reversal at the open,2018,weekday,Mon,5065.0,-0.0043837136834773685,0.006021805597723523
reversal at the open,2018,weekday,Tue,4904.0,-0.002014956144856336,0.00736753516634806
reversal at the open,2018,weekday,Wed,4713.0,0.00855916825300339,0.0071733550728674345
reversal at the open,2018,weekday,Thu,4674.0,0.007917728289741063,0.006621306881812618
reversal at the open,2018,weekday,Fri,4799.0,-0.00046602517194769747,0.006893398682903792
reversal at the open,2018,weekday,Sat,4854.0,-0.0009031269476317722,0.007313055645515055
reversal at the open,2018,weekday,Sun,4896.0,-0.00789251108200247,0.007240031377731343
reversal at the open,2018,session,Asia 00-08,11238.0,-0.0015655008331619275,0.003577397409473806
reversal at the open,2018,session,Europe 08-13,7058.0,-0.0009062793549676598,0.00516646231151579
reversal at the open,2018,session,overlap 13-17,5669.0,-0.0021686568904757766,0.0054728552713220295
reversal at the open,2018,session,US 17-21,5680.0,0.01582331327590974,0.005937320127487983
reversal at the open,2018,session,late 21-24,4260.0,-0.012580442592634812,0.006243963376887521
reversal at the open,2018,month,Jan,2867.0,-0.027335359724773096,0.010374537783434907
reversal at the open,2018,month,Feb,2282.0,-0.011984638730607929,0.010501130260627807
reversal at the open,2018,month,Mar,2976.0,0.0056669449584782865,0.009228853420438011
reversal at the open,2018,month,Apr,2880.0,0.0016458876108080024,0.0068754721957222835
reversal at the open,2018,month,May,2976.0,0.0056669449584782865,0.009786924574407965
reversal at the open,2018,month,Jun,2633.0,-0.011531281440126809,0.00852258488394011
reversal at the open,2018,month,Jul,2845.0,-0.0020075736272314095,0.008662227011436811
reversal at the open,2018,month,Aug,2976.0,0.015075547109015893,0.0087454594701324
reversal at the open,2018,month,Sep,2880.0,0.027340332055252405,0.008133089657933985
reversal at the open,2018,month,Oct,2862.0,-0.004444695897228362,0.010642326605938803
reversal at the open,2018,month,Nov,2752.0,-0.01577982298350727,0.007657870763767042
reversal at the open,2018,month,Dec,2976.0,0.012051353560628794,0.009820603536653014
reversal at the open,2018,event slot,"funding hours (00, 08, 16)",4238.0,-0.009422783408016408,0.007049741013640875
reversal at the open,2018,event slot,"funding settlement window (00:00, 08:00, 16:00 +15 min)",1061.0,0.011990229950320022,0.015410157321110039
reversal at the open,2018,event slot,US equity open window (13:30 +15 min),354.0,-0.03277619336847639,0.02605118759645506
reversal at the open,2018,event slot,US equity close window (20:00 +15 min),355.0,0.05314725693788155,0.02602357255577217
reversal at the open,2018,event slot,first hour of the week (Mon 00-01),208.0,-0.04918210384218351,0.031101707926080063
reversal at the open,2018,event slot,"weekend (Sat, Sun)",9750.0,-0.004412873072952697,0.004640489032946848
lead sign at minute 3,2018,hour,00:00,1414.0,0.01050889549738254,0.01241526175652656
lead sign at minute 3,2018,hour,01:00,1412.0,-0.011208371332497552,0.012351000019200845
lead sign at minute 3,2018,hour,02:00,1404.0,-0.02034858585514838,0.012389097404687842
lead sign at minute 3,2018,hour,03:00,1400.0,0.012899277392714997,0.012277697617342187
lead sign at minute 3,2018,hour,04:00,1400.0,0.03361356310700068,0.012314378244292375
lead sign at minute 3,2018,hour,05:00,1401.0,-0.011133556297506399,0.012282363868963466
lead sign at minute 3,2018,hour,06:00,1403.0,-0.009203359813272293,0.012461591107126656
lead sign at minute 3,2018,hour,07:00,1404.0,0.0031556876491251693,0.01208381439797923
lead sign at minute 3,2018,hour,08:00,1404.0,0.0010189355123730477,0.012394808879891426
lead sign at minute 3,2018,hour,09:00,1408.0,-0.008663222607285043,0.012862529606839231
lead sign at minute 3,2018,hour,10:00,1414.0,0.00626561402637835,0.01296679094057362
lead sign at minute 3,2018,hour,11:00,1416.0,0.0053286559237883495,0.011978665690780278
lead sign at minute 3,2018,hour,12:00,1416.0,0.0201591643983647,0.012171041413103892
lead sign at minute 3,2018,hour,13:00,1416.0,-0.007383208482991317,0.012535193941679906
lead sign at minute 3,2018,hour,14:00,1416.0,0.00038515309892953156,0.012111867050129455
lead sign at minute 3,2018,hour,15:00,1417.0,-0.016310320348992883,0.012689799700664
lead sign at minute 3,2018,hour,16:00,1420.0,-0.007100722607285058,0.012314360943283637
lead sign at minute 3,2018,hour,17:00,1420.0,0.00909646049130652,0.012493101796547196
lead sign at minute 3,2018,hour,18:00,1420.0,0.0076880097870811424,0.012303230006761218
lead sign at minute 3,2018,hour,19:00,1420.0,-0.008509173311510436,0.012458073864523161
lead sign at minute 3,2018,hour,20:00,1420.0,0.0027584323222923737,0.011842521684557713
lead sign at minute 3,2018,hour,21:00,1420.0,0.011209136547644534,0.012267462816518838
lead sign at minute 3,2018,hour,22:00,1420.0,-0.026819032466439918,0.012398974308839496
lead sign at minute 3,2018,hour,23:00,1420.0,0.0027584323222923737,0.012522216441629312
lead sign at minute 3,2018,weekday,Mon,5065.0,-0.002609113525350195,0.005918393254523862
lead sign at minute 3,2018,weekday,Tue,4904.0,0.0031766020256676717,0.006732312173682616
lead sign at minute 3,2018,weekday,Wed,4713.0,-0.0038013379266145985,0.006234741571269567
lead sign at minute 3,2018,weekday,Thu,4674.0,-0.0032710264155863017,0.005852471810586621
lead sign at minute 3,2018,weekday,Fri,4799.0,-0.0023809893295188137,0.0067851155375852675
lead sign at minute 3,2018,weekday,Sat,4854.0,0.0011193021145938268,0.006265793418866605
lead sign at minute 3,2018,weekday,Sun,4896.0,0.007523460399250816,0.005718827515950948
lead sign at minute 3,2018,session,Asia 00-08,11238.0,0.0010234987844216189,0.003595637581209037
lead sign at minute 3,2018,session,Europe 08-13,7058.0,0.004843170846951219,0.0052225275666658
lead sign at minute 3,2018,session,overlap 13-17,5669.0,-0.007603456775568778,0.005865065384892967
lead sign at minute 3,2018,session,US 17-21,5680.0,0.0027584323222924296,0.00574004735974519
lead sign at minute 3,2018,session,late 21-24,4260.0,-0.004283821198834299,0.006885658595555109
lead sign at minute 3,2018,month,Jan,2867.0,0.010147271811968428,0.007909140417563113
lead sign at minute 3,2018,month,Feb,2282.0,0.015993054780970836,0.008207885466659242
lead sign at minute 3,2018,month,Mar,2976.0,0.0001573419088439279,0.00808710523232388
lead sign at minute 3,2018,month,Apr,2880.0,0.001232610726048256,0.007511527756266768
lead sign at minute 3,2018,month,May,2976.0,-0.008243195725564645,0.009061371301681654
lead sign at minute 3,2018,month,Jun,2633.0,-0.004233271031136155,0.00751518578720818
lead sign at minute 3,2018,month,Jul,2845.0,0.0008957624542263761,0.009136054367917099
lead sign at minute 3,2018,month,Aug,2976.0,-0.007907174220188336,0.008291028047805443
lead sign at minute 3,2018,month,Sep,2880.0,-0.0011979448295073188,0.008547113181898873
lead sign at minute 3,2018,month,Oct,2862.0,-0.0019644542634695353,0.009315063047210208
lead sign at minute 3,2018,month,Nov,2752.0,-0.01574897842123864,0.0078498309543852
lead sign at minute 3,2018,month,Dec,2976.0,0.013262180618521456,0.007829044748789734
lead sign at minute 3,2018,event slot,"funding hours (00, 08, 16)",4238.0,0.0014646384120636743,0.007189169327800084
lead sign at minute 3,2018,event slot,"funding settlement window (00:00, 08:00, 16:00 +15 min)",1061.0,0.03469946589412876,0.014349158252465388
lead sign at minute 3,2018,event slot,US equity open window (13:30 +15 min),354.0,0.01804052033056815,0.024680759020476277
lead sign at minute 3,2018,event slot,US equity close window (20:00 +15 min),355.0,0.035857023871588185,0.02433145854111691
lead sign at minute 3,2018,event slot,first hour of the week (Mon 00-01),208.0,0.015976200469638033,0.0357207207656823
lead sign at minute 3,2018,event slot,"weekend (Sat, Sun)",9750.0,0.004335174828612433,0.003913436791118599
3-sd drop (5-min move < -3 sd),2018,hour,00:00,109.0,-0.04838555109759522,0.0661585802907773
3-sd drop (5-min move < -3 sd),2018,hour,01:00,125.0,-0.11040389972144847,0.0542225315450233
3-sd drop (5-min move < -3 sd),2018,hour,02:00,108.0,-0.05373723305478177,0.06205285111772903
3-sd drop (5-min move < -3 sd),2018,hour,03:00,91.0,,
3-sd drop (5-min move < -3 sd),2018,hour,04:00,85.0,,
3-sd drop (5-min move < -3 sd),2018,hour,05:00,106.0,0.14280364744836282,0.06423321208559915
3-sd drop (5-min move < -3 sd),2018,hour,06:00,102.0,-0.019423507564585694,0.07236552948651913
3-sd drop (5-min move < -3 sd),2018,hour,07:00,105.0,-0.022784852102400856,0.07102775229598142
3-sd drop (5-min move < -3 sd),2018,hour,08:00,147.0,0.032997460822769206,0.0626783759362594
3-sd drop (5-min move < -3 sd),2018,hour,09:00,146.0,-0.018349105200900537,0.0587553013272253
3-sd drop (5-min move < -3 sd),2018,hour,10:00,121.0,-0.14808985013467163,0.06167627314539963
3-sd drop (5-min move < -3 sd),2018,hour,11:00,82.0,,
3-sd drop (5-min move < -3 sd),2018,hour,12:00,146.0,0.10493856603197613,0.05012390308755342
3-sd drop (5-min move < -3 sd),2018,hour,13:00,149.0,0.012817576788618674,0.05538899307236508
3-sd drop (5-min move < -3 sd),2018,hour,14:00,142.0,-0.054910941974969575,0.05948004484917007
3-sd drop (5-min move < -3 sd),2018,hour,15:00,136.0,0.051654923807963354,0.06504647043293488
3-sd drop (5-min move < -3 sd),2018,hour,16:00,144.0,0.05042943361188493,0.07089785619955741
3-sd drop (5-min move < -3 sd),2018,hour,17:00,121.0,-0.09850307327516748,0.05857127892948177
3-sd drop (5-min move < -3 sd),2018,hour,18:00,84.0,,
3-sd drop (5-min move < -3 sd),2018,hour,19:00,123.0,0.07431154743302304,0.06357108330966292
3-sd drop (5-min move < -3 sd),2018,hour,20:00,153.0,-0.0717110892639321,0.04919591472103695
3-sd drop (5-min move < -3 sd),2018,hour,21:00,105.0,0.024834195516646788,0.0659055971537482
3-sd drop (5-min move < -3 sd),2018,hour,22:00,134.0,-0.03756807882592613,0.06487831362522624
3-sd drop (5-min move < -3 sd),2018,hour,23:00,108.0,0.020336841019292274,0.07207909716454886
3-sd drop (5-min move < -3 sd),2018,weekday,Mon,425.0,-0.013933311486154358,0.03401981080179442
3-sd drop (5-min move < -3 sd),2018,weekday,Tue,434.0,-0.04183247115001992,0.03441325452271879
3-sd drop (5-min move < -3 sd),2018,weekday,Wed,426.0,-0.005615167327082258,0.03130357333066404
3-sd drop (5-min move < -3 sd),2018,weekday,Thu,446.0,-0.0062783391833318835,0.02939091549831626
3-sd drop (5-min move < -3 sd),2018,weekday,Fri,430.0,0.03657284446459809,0.03361750799591485
3-sd drop (5-min move < -3 sd),2018,weekday,Sat,362.0,0.001971790886286329,0.03319811073461422
3-sd drop (5-min move < -3 sd),2018,weekday,Sun,349.0,0.03675942406078648,0.03541037712193511
3-sd drop (5-min move < -3 sd),2018,session,Asia 00-08,831.0,-0.010716775774396715,0.020936164904629316
3-sd drop (5-min move < -3 sd),2018,session,Europe 08-13,642.0,0.010904511493504807,0.025858331979087833
3-sd drop (5-min move < -3 sd),2018,session,overlap 13-17,571.0,0.014709935655083923,0.027545146165953726
3-sd drop (5-min move < -3 sd),2018,session,US 17-21,481.0,-0.013023442340991048,0.030040202261504886
3-sd drop (5-min move < -3 sd),2018,session,late 21-24,347.0,-0.0006632657156847348,0.03705726593961783
3-sd drop (5-min move < -3 sd),2018,month,Jan,219.0,-0.11423951615980467,0.04344807408415816
3-sd drop (5-min move < -3 sd),2018,month,Feb,141.0,-0.1867159564590371,0.034558072606786526
3-sd drop (5-min move < -3 sd),2018,month,Mar,353.0,-0.1531234464636581,0.028528733621627746
3-sd drop (5-min move < -3 sd),2018,month,Apr,229.0,0.03177950639208862,0.05304082754674101
3-sd drop (5-min move < -3 sd),2018,month,May,283.0,0.03136288473084837,0.039802584644398814
3-sd drop (5-min move < -3 sd),2018,month,Jun,227.0,0.07144632054286867,0.04437373786965112
3-sd drop (5-min move < -3 sd),2018,month,Jul,187.0,0.12852658156197394,0.04384636563024618
3-sd drop (5-min move < -3 sd),2018,month,Aug,305.0,0.018120690442485928,0.03259507093001167
3-sd drop (5-min move < -3 sd),2018,month,Sep,220.0,0.17505064573309706,0.04577549192135963
3-sd drop (5-min move < -3 sd),2018,month,Oct,180.0,0.10181832250077372,0.039711124077314544
3-sd drop (5-min move < -3 sd),2018,month,Nov,230.0,-0.0008386823301440998,0.04497549047279865
3-sd drop (5-min move < -3 sd),2018,month,Dec,298.0,-0.044229403077153166,0.040290753094332776
3-sd drop (5-min move < -3 sd),2018,event slot,"funding hours (00, 08, 16)",400.0,0.017096100278551525,0.03773210878320341
3-sd drop (5-min move < -3 sd),2018,event slot,"funding settlement window (00:00, 08:00, 16:00 +15 min)",133.0,0.03335549877479218,0.060534796059700136
3-sd drop (5-min move < -3 sd),2018,event slot,US equity open window (13:30 +15 min),20.0,,
3-sd drop (5-min move < -3 sd),2018,event slot,US equity close window (20:00 +15 min),39.0,,
3-sd drop (5-min move < -3 sd),2018,event slot,first hour of the week (Mon 00-01),16.0,,
3-sd drop (5-min move < -3 sd),2018,event slot,"weekend (Sat, Sun)",711.0,0.019047577071800506,0.022875145843609442
3-sd rise (5-min move > +3 sd),2018,hour,00:00,102.0,-0.05024197974355142,0.06348066737220846
3-sd rise (5-min move > +3 sd),2018,hour,01:00,66.0,,
3-sd rise (5-min move > +3 sd),2018,hour,02:00,76.0,,
3-sd rise (5-min move > +3 sd),2018,hour,03:00,58.0,,
3-sd rise (5-min move > +3 sd),2018,hour,04:00,71.0,,
3-sd rise (5-min move > +3 sd),2018,hour,05:00,92.0,,
3-sd rise (5-min move > +3 sd),2018,hour,06:00,127.0,0.032280793145131687,0.05248876081531235
3-sd rise (5-min move > +3 sd),2018,hour,07:00,111.0,-0.0876028700456181,0.06995998568501346
3-sd rise (5-min move > +3 sd),2018,hour,08:00,120.0,-0.036026293469041626,0.07907512945233715
3-sd rise (5-min move > +3 sd),2018,hour,09:00,120.0,-0.1360262934690416,0.06632913010200656
3-sd rise (5-min move > +3 sd),2018,hour,10:00,82.0,,
3-sd rise (5-min move > +3 sd),2018,hour,11:00,127.0,0.024406777397100222,0.05994575302533311
3-sd rise (5-min move > +3 sd),2018,hour,12:00,116.0,0.10104267204819979,0.0611743580027109
3-sd rise (5-min move > +3 sd),2018,hour,13:00,122.0,-0.019223014780516978,0.06298006162409896
3-sd rise (5-min move > +3 sd),2018,hour,14:00,81.0,,
3-sd rise (5-min move > +3 sd),2018,hour,15:00,103.0,-0.04500687599331337,0.06759492182677014
3-sd rise (5-min move > +3 sd),2018,hour,16:00,123.0,-0.07200190322513915,0.05802605064655674
3-sd rise (5-min move > +3 sd),2018,hour,17:00,77.0,,
3-sd rise (5-min move > +3 sd),2018,hour,18:00,74.0,,
3-sd rise (5-min move > +3 sd),2018,hour,19:00,90.0,,
3-sd rise (5-min move > +3 sd),2018,hour,20:00,96.0,,
3-sd rise (5-min move > +3 sd),2018,hour,21:00,70.0,,
3-sd rise (5-min move > +3 sd),2018,hour,22:00,140.0,0.01754513510238699,0.05758837832976946
3-sd rise (5-min move > +3 sd),2018,hour,23:00,114.0,0.14686844337306376,0.05771762097559337
3-sd rise (5-min move > +3 sd),2018,weekday,Mon,373.0,-0.025771601780033515,0.03383799940229801
3-sd rise (5-min move > +3 sd),2018,weekday,Tue,350.0,0.008973706530958463,0.034799761160356685
3-sd rise (5-min move > +3 sd),2018,weekday,Wed,291.0,0.014746902407247141,0.035347993066602315
3-sd rise (5-min move > +3 sd),2018,weekday,Thu,323.0,-0.09306963712229235,0.03862737667226256
3-sd rise (5-min move > +3 sd),2018,weekday,Fri,350.0,0.03754513510238704,0.03477497295150996
3-sd rise (5-min move > +3 sd),2018,weekday,Sat,327.0,0.014967590323007353,0.03737311255781821
3-sd rise (5-min move > +3 sd),2018,weekday,Sun,344.0,0.04129928792630722,0.033780479103390375
3-sd rise (5-min move > +3 sd),2018,session,Asia 00-08,703.0,-0.021694856769183785,0.022008755067079562
3-sd rise (5-min move > +3 sd),2018,session,Europe 08-13,565.0,-0.015451072230103528,0.027652604157897862
3-sd rise (5-min move > +3 sd),2018,session,overlap 13-17,429.0,-0.014522796965545084,0.030548652663679548
3-sd rise (5-min move > +3 sd),2018,session,US 17-21,337.0,0.005294181308406483,0.03506494258218156
3-sd rise (5-min move > +3 sd),2018,session,late 21-24,324.0,0.08773913862972385,0.033185159246951916
3-sd rise (5-min move > +3 sd),2018,month,Jan,145.0,-0.028267672779386403,0.049520076952378665
3-sd rise (5-min move > +3 sd),2018,month,Feb,148.0,-0.19345872590147403,0.05092415521050787
3-sd rise (5-min move > +3 sd),2018,month,Mar,203.0,-0.09723319002076568,0.04039029236746681
3-sd rise (5-min move > +3 sd),2018,month,Apr,253.0,-0.05252826975362652,0.042568524644231234
3-sd rise (5-min move > +3 sd),2018,month,May,221.0,0.05458456625946525,0.04644150018018764
3-sd rise (5-min move > +3 sd),2018,month,Jun,189.0,0.04982026737751928,0.03998811994776268
3-sd rise (5-min move > +3 sd),2018,month,Jul,195.0,0.04794806550531746,0.04165655865294639
3-sd rise (5-min move > +3 sd),2018,month,Aug,238.0,0.018385471236840825,0.03547952368043944
3-sd rise (5-min move > +3 sd),2018,month,Sep,148.0,0.0768115443687963,0.05079235316407439
3-sd rise (5-min move > +3 sd),2018,month,Oct,135.0,0.044529262086514,0.07392389511051793
3-sd rise (5-min move > +3 sd),2018,month,Nov,191.0,0.049183130614728024,0.043881403891632635
3-sd rise (5-min move > +3 sd),2018,month,Dec,292.0,0.012946309270684419,0.04874605054395178
3-sd rise (5-min move > +3 sd),2018,event slot,"funding hours (00, 08, 16)",345.0,-0.05305527897628794,0.037047605202663446
3-sd rise (5-min move > +3 sd),2018,event slot,"funding settlement window (00:00, 08:00, 16:00 +15 min)",139.0,-0.11534284023163154,0.052242067536073654
3-sd rise (5-min move > +3 sd),2018,event slot,US equity open window (13:30 +15 min),22.0,,
3-sd rise (5-min move > +3 sd),2018,event slot,US equity close window (20:00 +15 min),29.0,,
3-sd rise (5-min move > +3 sd),2018,event slot,first hour of the week (Mon 00-01),18.0,,
3-sd rise (5-min move > +3 sd),2018,event slot,"weekend (Sat, Sun)",671.0,0.028467000122612662,0.02301394507817726
4-hour low (rangepos <= 0.02),2018,hour,00:00,253.0,-0.09576589581249245,0.04452686333172391
4-hour low (rangepos <= 0.02),2018,hour,01:00,246.0,-0.0009685051508388357,0.05546236648628085
4-hour low (rangepos <= 0.02),2018,hour,02:00,182.0,0.07278294664939357,0.051760215491995686
4-hour low (rangepos <= 0.02),2018,hour,03:00,184.0,0.1147084124879028,0.054185224824335645
4-hour low (rangepos <= 0.02),2018,hour,04:00,185.0,-0.024128250261803496,0.0553734864650567
4-hour low (rangepos <= 0.02),2018,hour,05:00,174.0,0.05636258540144595,0.048319497783143935
4-hour low (rangepos <= 0.02),2018,hour,06:00,213.0,0.03555960660915196,0.05966679823774937
4-hour low (rangepos <= 0.02),2018,hour,07:00,196.0,-0.07007419620774935,0.06880198536454576
4-hour low (rangepos <= 0.02),2018,hour,08:00,225.0,-0.02340752954108279,0.04271374792686108
4-hour low (rangepos <= 0.02),2018,hour,09:00,277.0,-0.01772762581063748,0.05161345609864081
4-hour low (rangepos <= 0.02),2018,hour,10:00,214.0,-0.04203681303017928,0.04015704517962419
4-hour low (rangepos <= 0.02),2018,hour,11:00,153.0,0.044304888759570935,0.05090429419136259
4-hour low (rangepos <= 0.02),2018,hour,12:00,222.0,-0.00701113314468627,0.04775941735438066
4-hour low (rangepos <= 0.02),2018,hour,13:00,195.0,0.014541188407635285,0.0537058218484724
4-hour low (rangepos <= 0.02),2018,hour,14:00,222.0,0.0155113893778362,0.03412267513354088
4-hour low (rangepos <= 0.02),2018,hour,15:00,222.0,-0.0025066286401818605,0.04372047676636074
4-hour low (rangepos <= 0.02),2018,hour,16:00,198.0,-0.019569145702698833,0.05156217988380782
4-hour low (rangepos <= 0.02),2018,hour,17:00,132.0,0.013259137125583962,0.08432533022264231
4-hour low (rangepos <= 0.02),2018,hour,18:00,123.0,0.09659247045891722,0.04477956819753227
4-hour low (rangepos <= 0.02),2018,hour,19:00,178.0,0.02543142176977873,0.05026572791219157
4-hour low (rangepos <= 0.02),2018,hour,20:00,192.0,-0.03361586287441604,0.04495794331299476
4-hour low (rangepos <= 0.02),2018,hour,21:00,250.0,-0.03807419620774937,0.05162262770924138
4-hour low (rangepos <= 0.02),2018,hour,22:00,221.0,0.004586437276413482,0.051204313167502444
4-hour low (rangepos <= 0.02),2018,hour,23:00,195.0,-0.0008434269769801833,0.05115011424924266
4-hour low (rangepos <= 0.02),2018,weekday,Mon,779.0,0.03454711316323907,0.020616504109829542
4-hour low (rangepos <= 0.02),2018,weekday,Tue,664.0,-0.01585732873786986,0.030099731790324318
4-hour low (rangepos <= 0.02),2018,weekday,Wed,692.0,-0.029611768462084576,0.02299265361354533
4-hour low (rangepos <= 0.02),2018,weekday,Thu,704.0,0.015153076519523292,0.02185891431577566
4-hour low (rangepos <= 0.02),2018,weekday,Fri,702.0,-0.005971632105185262,0.02235723793372307
4-hour low (rangepos <= 0.02),2018,weekday,Sat,564.0,0.01680523641636405,0.02123350149439712
4-hour low (rangepos <= 0.02),2018,weekday,Sun,747.0,-0.015857328737869852,0.02371828166616773
4-hour low (rangepos <= 0.02),2018,session,Asia 00-08,1633.0,0.0055534829104380125,0.01482339994923832
4-hour low (rangepos <= 0.02),2018,session,Europe 08-13,1091.0,-0.012787303448812634,0.018365364746703278
4-hour low (rangepos <= 0.02),2018,session,overlap 13-17,837.0,0.002207763170984209,0.021837528491430502
4-hour low (rangepos <= 0.02),2018,session,US 17-21,625.0,0.018725803792250598,0.026887475151267944
4-hour low (rangepos <= 0.02),2018,session,late 21-24,666.0,-0.013017139150692284,0.02676028125322508
4-hour low (rangepos <= 0.02),2018,month,Jan,671.0,-0.02014871185603558,0.020067717212113777
4-hour low (rangepos <= 0.02),2018,month,Feb,770.0,-0.022022248155801387,0.018938716165627395
4-hour low (rangepos <= 0.02),2018,month,Mar,630.0,0.010878184744631595,0.020088564428918047
4-hour low (rangepos <= 0.02),2018,month,Apr,287.0,-0.012582907009143105,0.03807131804416741
4-hour low (rangepos <= 0.02),2018,month,May,422.0,0.029451870142961526,0.03314847210053909
4-hour low (rangepos <= 0.02),2018,month,Jun,198.0,0.015784389650836474,0.03868966432877743
4-hour low (rangepos <= 0.02),2018,month,Jul,236.0,0.08670546480919984,0.04439345771956363
4-hour low (rangepos <= 0.02),2018,month,Aug,272.0,-0.011250666795984673,0.02759853974608317
4-hour low (rangepos <= 0.02),2018,month,Sep,227.0,0.0026130284618541555,0.04953802885650511
4-hour low (rangepos <= 0.02),2018,month,Oct,381.0,-0.05038915683767068,0.03932032195506543
4-hour low (rangepos <= 0.02),2018,month,Nov,438.0,0.030382424796816826,0.04623573572035132
4-hour low (rangepos <= 0.02),2018,month,Dec,320.0,-0.0013241962077494016,0.039148381824257505
4-hour low (rangepos <= 0.02),2018,event slot,"funding hours (00, 08, 16)",676.0,-0.04936413703615179,0.024781417864013215
4-hour low (rangepos <= 0.02),2018,event slot,"funding settlement window (00:00, 08:00, 16:00 +15 min)",182.0,-0.1524917786253318,0.05894609866675483
4-hour low (rangepos <= 0.02),2018,event slot,US equity open window (13:30 +15 min),55.0,,
4-hour low (rangepos <= 0.02),2018,event slot,US equity close window (20:00 +15 min),66.0,,
4-hour low (rangepos <= 0.02),2018,event slot,first hour of the week (Mon 00-01),9.0,,
4-hour low (rangepos <= 0.02),2018,event slot,"weekend (Sat, Sun)",1311.0,-0.00180569887746717,0.015345376663739935
4-hour high (rangepos >= 0.98),2018,hour,00:00,289.0,-0.04989371538600853,0.04356400206001889
4-hour high (rangepos >= 0.98),2018,hour,01:00,221.0,-0.05681413061092206,0.04973688080698763
4-hour high (rangepos >= 0.98),2018,hour,02:00,188.0,0.09994431744915304,0.03846800341793889
4-hour high (rangepos >= 0.98),2018,hour,03:00,138.0,0.05870164091507964,0.059296461896216505
4-hour high (rangepos >= 0.98),2018,hour,04:00,199.0,-0.09376358375901546,0.05330898942557331
4-hour high (rangepos >= 0.98),2018,hour,05:00,196.0,-0.05051160960251871,0.06340097226916815
4-hour high (rangepos >= 0.98),2018,hour,06:00,289.0,-0.09141620673548956,0.03591516331024621
4-hour high (rangepos >= 0.98),2018,hour,07:00,181.0,-0.0005905362007824004,0.049266450887518506
4-hour high (rangepos >= 0.98),2018,hour,08:00,285.0,-0.007278526895751732,0.041809891022058523
4-hour high (rangepos >= 0.98),2018,hour,09:00,194.0,0.016866888188350204,0.04337653535935965
4-hour high (rangepos >= 0.98),2018,hour,10:00,184.0,-0.03731285183854356,0.06000554975029317
4-hour high (rangepos >= 0.98),2018,hour,11:00,225.0,-0.05289256198347107,0.059287568884085026
4-hour high (rangepos >= 0.98),2018,hour,12:00,234.0,0.029158720067810957,0.04497352166967913
4-hour high (rangepos >= 0.98),2018,hour,13:00,288.0,-0.06539256198347107,0.03921806119763728
4-hour high (rangepos >= 0.98),2018,hour,14:00,191.0,0.08916677484026367,0.05180128309508059
4-hour high (rangepos >= 0.98),2018,hour,15:00,172.0,0.07075084886924206,0.04882418896768964
4-hour high (rangepos >= 0.98),2018,hour,16:00,205.0,-0.010616139219243512,0.0573717807070125
4-hour high (rangepos >= 0.98),2018,hour,17:00,213.0,0.019407907500096997,0.04768452471539716
4-hour high (rangepos >= 0.98),2018,hour,18:00,193.0,0.0407171098645427,0.060639655854104794
4-hour high (rangepos >= 0.98),2018,hour,19:00,251.0,0.09504900508160194,0.04474721453500884
4-hour high (rangepos >= 0.98),2018,hour,20:00,286.0,0.05363424454333549,0.03489958879211921
4-hour high (rangepos >= 0.98),2018,hour,21:00,242.0,0.07906336088154271,0.046458852214813766
4-hour high (rangepos >= 0.98),2018,hour,22:00,291.0,-0.012342733804776983,0.0426919702174755
4-hour high (rangepos >= 0.98),2018,hour,23:00,290.0,-0.031053481523700948,0.04433830533753159
4-hour high (rangepos >= 0.98),2018,weekday,Mon,697.0,-0.0022947618878229694,0.02671111202749238
4-hour high (rangepos >= 0.98),2018,weekday,Tue,781.0,-0.020284794164435703,0.02368026864183147
4-hour high (rangepos >= 0.98),2018,weekday,Wed,717.0,0.05952026925781205,0.023517563826451746
4-hour high (rangepos >= 0.98),2018,weekday,Thu,736.0,-0.001986764882021813,0.024450414878414928
4-hour high (rangepos >= 0.98),2018,weekday,Fri,714.0,-0.0035928420955158866,0.033184123397360016
4-hour high (rangepos >= 0.98),2018,weekday,Sat,875.0,0.009202676111767038,0.023788333570593262
4-hour high (rangepos >= 0.98),2018,weekday,Sun,925.0,-0.0316313007222098,0.022747582010785933
4-hour high (rangepos >= 0.98),2018,session,Asia 00-08,1701.0,-0.03243400819158395,0.015539309739852685
4-hour high (rangepos >= 0.98),2018,session,Europe 08-13,1122.0,-0.009577053962080658,0.01765098628666803
4-hour high (rangepos >= 0.98),2018,session,overlap 13-17,856.0,0.009568497206560153,0.022568442431567203
4-hour high (rangepos >= 0.98),2018,session,US 17-21,943.0,0.05428311846898562,0.021679361317409624
4-hour high (rangepos >= 0.98),2018,session,late 21-24,823.0,0.00794178390555282,0.023519669473377962
4-hour high (rangepos >= 0.98),2018,month,Jan,809.0,-0.04358065427848551,0.028845010002416474
4-hour high (rangepos >= 0.98),2018,month,Feb,837.0,-0.052175716105334835,0.021074815171452835
4-hour high (rangepos >= 0.98),2018,month,Mar,569.0,0.02010099396263321,0.023278237782378395
4-hour high (rangepos >= 0.98),2018,month,Apr,550.0,-0.0007713498622590019,0.027485632234189747
4-hour high (rangepos >= 0.98),2018,month,May,481.0,-0.0041053131962222695,0.03908027929099109
4-hour high (rangepos >= 0.98),2018,month,Jun,202.0,0.052387966069334206,0.05871009672261639
4-hour high (rangepos >= 0.98),2018,month,Jul,398.0,-0.02843695059318638,0.04205787978633529
4-hour high (rangepos >= 0.98),2018,month,Aug,294.0,-0.014797323888233058,0.03283195097541318
4-hour high (rangepos >= 0.98),2018,month,Sep,373.0,0.07597249610410713,0.03148125593298154
4-hour high (rangepos >= 0.98),2018,month,Oct,421.0,0.04797838021763741,0.03969944434668101
4-hour high (rangepos >= 0.98),2018,month,Nov,229.0,0.06879593874433089,0.04148927408087065
4-hour high (rangepos >= 0.98),2018,month,Dec,282.0,0.03788757986050058,0.03224276026567659
4-hour high (rangepos >= 0.98),2018,event slot,"funding hours (00, 08, 16)",779.0,-0.02396658851321,0.02683211086205499
4-hour high (rangepos >= 0.98),2018,event slot,"funding settlement window (00:00, 08:00, 16:00 +15 min)",237.0,-0.04192209784845001,0.04202103500581204
4-hour high (rangepos >= 0.98),2018,event slot,US equity open window (13:30 +15 min),66.0,,
4-hour high (rangepos >= 0.98),2018,event slot,US equity close window (20:00 +15 min),58.0,,
4-hour high (rangepos >= 0.98),2018,event slot,first hour of the week (Mon 00-01),64.0,,
4-hour high (rangepos >= 0.98),2018,event slot,"weekend (Sat, Sun)",1800.0,-0.01178145087235995,0.01491891968183766
RSI14 below 25,2018,hour,00:00,359.0,-0.0468354912759838,0.049323507757150865
RSI14 below 25,2018,hour,01:00,359.0,0.011660330451035655,0.04351753553413655
RSI14 below 25,2018,hour,02:00,307.0,0.041302931596091275,0.047158383844260215
RSI14 below 25,2018,hour,03:00,248.0,0.0841735841126405,0.049968479363007585
RSI14 below 25,2018,hour,04:00,293.0,0.010519505063868133,0.05441547099968028
RSI14 below 25,2018,hour,05:00,268.0,0.04962856726141276,0.04806710150889385
RSI14 below 25,2018,hour,06:00,298.0,0.0014717005880681361,0.04878437263298462
RSI14 below 25,2018,hour,07:00,328.0,-0.02568086120600618,0.050696834079173234
RSI14 below 25,2018,hour,08:00,398.0,0.011471363331314549,0.04206804780009555
RSI14 below 25,2018,hour,09:00,421.0,0.0223392419166402,0.040060978767181545
RSI14 below 25,2018,hour,10:00,379.0,-0.056434127181937736,0.047335569822663286
RSI14 below 25,2018,hour,11:00,249.0,0.11785670368771503,0.05760625274915676
RSI14 below 25,2018,hour,12:00,364.0,0.02896266599849662,0.03999949361000832
RSI14 below 25,2018,hour,13:00,340.0,0.0565644759532478,0.04797787580834194
RSI14 below 25,2018,hour,14:00,342.0,-0.025805665085623958,0.04223643070466414
RSI14 below 25,2018,hour,15:00,366.0,-0.0014072373222263792,0.05482838850347074
RSI14 below 25,2018,hour,16:00,314.0,-0.05102263532438431,0.05556987453032607
RSI14 below 25,2018,hour,17:00,283.0,-0.05523140847826344,0.059260463410872814
RSI14 below 25,2018,hour,18:00,193.0,0.030855850534168155,0.0601193252416811
RSI14 below 25,2018,hour,19:00,289.0,-0.0027780846003854763,0.051901169385508025
RSI14 below 25,2018,hour,20:00,309.0,-0.0594739782633904,0.03886758796246978
RSI14 below 25,2018,hour,21:00,336.0,-0.0644439274080968,0.043157488887042586
RSI14 below 25,2018,hour,22:00,376.0,0.03510014554023144,0.04460880437423013
RSI14 below 25,2018,hour,23:00,256.0,-0.0716983916938111,0.05025481278842575
RSI14 below 25,2018,weekday,Mon,1120.0,0.024841786877617525,0.022121548106285957
RSI14 below 25,2018,weekday,Tue,1168.0,-0.06640087457052339,0.028021077487844933
RSI14 below 25,2018,weekday,Wed,1182.0,-0.026191570627821275,0.02365049944880706
RSI14 below 25,2018,weekday,Thu,1115.0,-0.004962825550313309,0.021016767226944864
RSI14 below 25,2018,weekday,Fri,1106.0,0.030040701886659076,0.022866264429278187
RSI14 below 25,2018,weekday,Sat,926.0,0.0544237060383703,0.022262056719838486
RSI14 below 25,2018,weekday,Sun,1058.0,0.0024612845821813446,0.02260137975151132
RSI14 below 25,2018,session,Asia 00-08,2460.0,0.011920764810254,0.015205471957932211
RSI14 below 25,2018,session,Europe 08-13,1811.0,0.01792966255798351,0.018705334745356347
RSI14 below 25,2018,session,overlap 13-17,1362.0,-0.004500566803943292,0.024254068662690843
RSI14 below 25,2018,session,US 17-21,1074.0,-0.026867444300887337,0.02606241324027183
RSI14 below 25,2018,session,late 21-24,968.0,-0.027696583842571475,0.024623193233613155
RSI14 below 25,2018,month,Jan,758.0,-0.07358452296030189,0.031894642733649836
RSI14 below 25,2018,month,Feb,432.0,-0.10048890095307028,0.023220880726761473
RSI14 below 25,2018,month,Mar,817.0,-0.07095730387251362,0.022296902322173275
RSI14 below 25,2018,month,Apr,585.0,0.043919930955761535,0.03199593047850467
RSI14 below 25,2018,month,May,870.0,0.01035081807630391,0.02586173940667979
RSI14 below 25,2018,month,Jun,533.0,0.017236587199247016,0.03669954643966947
RSI14 below 25,2018,month,Jul,483.0,0.07789561710536075,0.04309278789428703
RSI14 below 25,2018,month,Aug,750.0,-0.030062975027144473,0.030523850693412305
RSI14 below 25,2018,month,Sep,455.0,0.12181980885563955,0.036998547626567575
RSI14 below 25,2018,month,Oct,563.0,0.0361016194074323,0.022848536787216326
RSI14 below 25,2018,month,Nov,718.0,0.029766180033208453,0.04344350079350699
RSI14 below 25,2018,month,Dec,711.0,0.0015094581655419358,0.02155500167737627
RSI14 below 25,2018,event slot,"funding hours (00, 08, 16)",1071.0,-0.026395374653661704,0.026603724444238315
RSI14 below 25,2018,event slot,"funding settlement window (00:00, 08:00, 16:00 +15 min)",323.0,-0.05504543116749526,0.04784782899351566
RSI14 below 25,2018,event slot,US equity open window (13:30 +15 min),65.0,,
RSI14 below 25,2018,event slot,US equity close window (20:00 +15 min),81.0,,
RSI14 below 25,2018,event slot,first hour of the week (Mon 00-01),36.0,,
RSI14 below 25,2018,event slot,"weekend (Sat, Sun)",1984.0,0.026713906693285654,0.015484657592265206
RSI14 above 75,2018,hour,00:00,276.0,-0.029760830220469457,0.04432447478516519
RSI14 above 75,2018,hour,01:00,210.0,-0.06619975361591461,0.05975421048869906
RSI14 above 75,2018,hour,02:00,228.0,0.03354961981766936,0.04944637880833687
RSI14 above 75,2018,hour,03:00,190.0,0.06688295315100276,0.06020233464346513
RSI14 above 75,2018,hour,04:00,230.0,-0.04135503311902019,0.060468991327310574
RSI14 above 75,2018,hour,05:00,233.0,-0.048296626699912165,0.08630683043286255
RSI14 above 75,2018,hour,06:00,321.0,0.005184314029835249,0.03591929348669072
RSI14 above 75,2018,hour,07:00,321.0,0.014530108422358606,0.04566219138830485
RSI14 above 75,2018,hour,08:00,325.0,0.013360685944524886,0.049229384594101075
RSI14 above 75,2018,hour,09:00,301.0,-0.05224626524382151,0.05838006581069084
RSI14 above 75,2018,hour,10:00,250.0,-0.000485467901628928,0.04951584096156676
RSI14 above 75,2018,hour,11:00,317.0,-0.059980736040430145,0.05363299838206206
RSI14 above 75,2018,hour,12:00,286.0,0.03140264398648302,0.04989059764676044
RSI14 above 75,2018,hour,13:00,279.0,-0.007008765392668299,0.052361576937243234
RSI14 above 75,2018,hour,14:00,217.0,0.060067527490076246,0.05366884663301485
RSI14 above 75,2018,hour,15:00,269.0,0.0068751268939101625,0.05262773179470544
RSI14 above 75,2018,hour,16:00,314.0,-0.06774661439844418,0.04599481319457877
RSI14 above 75,2018,hour,17:00,215.0,0.06137499721465015,0.059349419893335524
RSI14 above 75,2018,hour,18:00,210.0,-0.04715213456829555,0.07562585268968652
RSI14 above 75,2018,hour,19:00,210.0,0.07189548447932352,0.05668109315236237
RSI14 above 75,2018,hour,20:00,230.0,0.0064710538375015786,0.05609890723044198
RSI14 above 75,2018,hour,21:00,233.0,0.05041581965201914,0.044924766586580664
RSI14 above 75,2018,hour,22:00,317.0,0.028347339669349027,0.03993425848675049
RSI14 above 75,2018,hour,23:00,280.0,0.019514532098371125,0.04309779250756776
RSI14 above 75,2018,weekday,Mon,875.0,-0.05019975361591457,0.028007699855442547
RSI14 above 75,2018,weekday,Tue,917.0,0.024748992294663395,0.026027700600530463
RSI14 above 75,2018,weekday,Wed,875.0,0.045800246384085495,0.026901747390277415
RSI14 above 75,2018,weekday,Thu,822.0,-0.07683583286513243,0.027430471833175193
RSI14 above 75,2018,weekday,Fri,907.0,0.0005509157808407681,0.02814288646945537
RSI14 above 75,2018,weekday,Sat,969.0,0.021165718888876747,0.023821745785070667
RSI14 above 75,2018,weekday,Sun,897.0,0.02598052986871674,0.02730416726491737
RSI14 above 75,2018,session,Asia 00-08,2009.0,-0.008061376313774219,0.016907907638379197
RSI14 above 75,2018,session,Europe 08-13,1479.0,-0.014562547009133908,0.022844376736810976
RSI14 above 75,2018,session,overlap 13-17,1079.0,-0.007732919245465785,0.0251551469466921
RSI14 above 75,2018,session,US 17-21,865.0,0.02298274019085675,0.03096500133922652
RSI14 above 75,2018,session,late 21-24,830.0,0.03156272486945552,0.023268217237957547
RSI14 above 75,2018,month,Jan,664.0,-0.0353047450100626,0.029754549675956976
RSI14 above 75,2018,month,Feb,513.0,-0.08925739772619035,0.03281051093016345
RSI14 above 75,2018,month,Mar,562.0,-0.03066340384468939,0.035308281565547994
RSI14 above 75,2018,month,Apr,565.0,-0.03358281303437226,0.027287897934882274
RSI14 above 75,2018,month,May,551.0,0.04020418727078494,0.03451802447713816
RSI14 above 75,2018,month,Jun,377.0,0.04285670716468408,0.033452628490720684
RSI14 above 75,2018,month,Jul,543.0,0.01067475309284632,0.042134141591208485
RSI14 above 75,2018,month,Aug,569.0,-0.04269987914943202,0.034523822326747076
RSI14 above 75,2018,month,Sep,469.0,0.07836314617086579,0.02969805218314112
RSI14 above 75,2018,month,Oct,392.0,0.05726963413918749,0.0568425073919721
RSI14 above 75,2018,month,Nov,432.0,0.04451453209837112,0.04908425870634673
RSI14 above 75,2018,month,Dec,625.0,0.011514532098371128,0.036656702921604764
RSI14 above 75,2018,event slot,"funding hours (00, 08, 16)",915.0,-0.027480003420754573,0.026976150565369467
RSI14 above 75,2018,event slot,"funding settlement window (00:00, 08:00, 16:00 +15 min)",288.0,-0.09784657901273998,0.04852806049458591
RSI14 above 75,2018,event slot,US equity open window (13:30 +15 min),80.0,,
RSI14 above 75,2018,event slot,US equity close window (20:00 +15 min),71.0,,
RSI14 above 75,2018,event slot,first hour of the week (Mon 00-01),43.0,,
RSI14 above 75,2018,event slot,"weekend (Sat, Sun)",1866.0,0.023480234134812726,0.01661220410169243
reversal at the open,2019,hour,00:00,1436.0,-0.01830829378338828,0.012504143157426829
reversal at the open,2019,hour,01:00,1436.0,-0.006469853671967584,0.012370780608758644
reversal at the open,2019,hour,02:00,1420.0,-0.02306524776353655,0.012673888598018995
reversal at the open,2019,hour,03:00,1416.0,-0.002555181717543148,0.012723742701963543
reversal at the open,2019,hour,04:00,1416.0,-0.015267046124322704,0.012040436592060718
reversal at the open,2019,hour,05:00,1420.0,-0.004755388608607053,0.012073536966781019
reversal at the open,2019,hour,06:00,1421.0,-0.0037201129150367276,0.011653756288982256
reversal at the open,2019,hour,07:00,1424.0,0.026764630381739613,0.012020700829602847
reversal at the open,2019,hour,08:00,1424.0,-0.009752223550844683,0.01216912332329648
reversal at the open,2019,hour,09:00,1428.0,0.018192100246089818,0.012442842362374468
reversal at the open,2019,hour,10:00,1428.0,-0.005617423563434041,0.011739526338126732
reversal at the open,2019,hour,11:00,1432.0,0.0026842211167844923,0.012379303308580104
reversal at the open,2019,hour,12:00,1432.0,-0.0049973431290255554,0.012685290345317693
reversal at the open,2019,hour,13:00,1432.0,0.006175841228516304,0.012625841966441105
reversal at the open,2019,hour,14:00,1436.0,0.01093961708012144,0.012156287364318128
reversal at the open,2019,hour,15:00,1436.0,-0.0008988230312991524,0.01245360619050436
reversal at the open,2019,hour,16:00,1436.0,0.009546859419954304,0.012172968535426279
reversal at the open,2019,hour,17:00,1436.0,0.012332374740288574,0.012680481884925845
reversal at the open,2019,hour,18:00,1436.0,0.006761344099620035,0.012763224310866312
reversal at the open,2019,hour,19:00,1436.0,0.010243238250037924,0.012383391234169329
reversal at the open,2019,hour,20:00,1436.0,-0.001595201861382773,0.012096128697527743
reversal at the open,2019,hour,21:00,1432.0,-0.011980583352489284,0.012144915843125062
reversal at the open,2019,hour,22:00,1432.0,0.008270813295555476,0.012080572533146006
reversal at the open,2019,hour,23:00,1435.0,-0.0033150391950525103,0.012346826438117228
reversal at the open,2019,weekday,Mon,4904.0,-0.0010022006390276504,0.006231490297033059
reversal at the open,2019,weekday,Tue,4980.0,-0.0004960979247448386,0.006372883580560479
reversal at the open,2019,weekday,Wed,4784.0,-0.0026921731957283185,0.006428596839883575
reversal at the open,2019,weekday,Thu,4821.0,7.807180957520217e-05,0.0061171870664897855
reversal at the open,2019,weekday,Fri,4936.0,-0.0036448355006562204,0.005973832134387361
reversal at the open,2019,weekday,Sat,4899.0,0.014238283569388527,0.004720063208739876
reversal at the open,2019,weekday,Sun,4992.0,-0.0063850383016369186,0.006020978616349114
reversal at the open,2019,session,Asia 00-08,11389.0,-0.005926459285897569,0.003389250440222323
reversal at the open,2019,session,Europe 08-13,7144.0,0.00010597441837908737,0.0048016100290305804
reversal at the open,2019,session,overlap 13-17,5740.0,0.006441058365923139,0.005282453702365877
reversal at the open,2019,session,US 17-21,5744.0,0.006935438807140956,0.005547214123692731
reversal at the open,2019,session,late 21-24,4299.0,-0.0023422823834449587,0.006411749849430505
reversal at the open,2019,month,Jan,2976.0,-0.0013705635290976847,0.008565253563253218
reversal at the open,2019,month,Feb,2688.0,0.00394577671667807,0.008901956113866695
reversal at the open,2019,month,Mar,2852.0,-0.0027730880732771503,0.00814746785304903
reversal at the open,2019,month,Apr,2880.0,-0.005850850267448973,0.007451265863520781
reversal at the open,2019,month,May,2836.0,0.0005744749166914753,0.009055755185726927
reversal at the open,2019,month,Jun,2775.0,0.0058308314142327495,0.0066907601681876995
reversal at the open,2019,month,Jul,2976.0,0.007702017116063603,0.00882339930490185
reversal at the open,2019,month,Aug,2844.0,-0.013586433952399692,0.007253590210370373
reversal at the open,2019,month,Sep,2880.0,5.192751032883461e-05,0.008199905066273381
reversal at the open,2019,month,Oct,2976.0,0.009046103137568984,0.007444729419745385
reversal at the open,2019,month,Nov,2657.0,-0.006342214797202633,0.008564099855400076
reversal at the open,2019,month,Dec,2976.0,0.0019896515246658154,0.00800679444303609
reversal at the open,2019,event slot,"funding hours (00, 08, 16)",4296.0,-0.006161216499602875,0.006888008399247218
reversal at the open,2019,event slot,"funding settlement window (00:00, 08:00, 16:00 +15 min)",1074.0,0.035272675492948345,0.014932267096925545
reversal at the open,2019,event slot,US equity open window (13:30 +15 min),358.0,-0.011282259330142963,0.025937984569371783
reversal at the open,2019,event slot,US equity close window (20:00 +15 min),359.0,0.026259951341959943,0.02589036575708345
reversal at the open,2019,event slot,first hour of the week (Mon 00-01),208.0,-0.05285939727599588,0.030433505723722453
reversal at the open,2019,event slot,"weekend (Sat, Sun)",9891.0,0.0038296673748521525,0.003672203643289158
lead sign at minute 3,2019,hour,00:00,1436.0,0.022249461907534112,0.012734953119732658
lead sign at minute 3,2019,hour,01:00,1436.0,-0.01605137374706193,0.01246697732970905
lead sign at minute 3,2019,hour,02:00,1420.0,-0.006719897423942187,0.011816595850828636
lead sign at minute 3,2019,hour,03:00,1416.0,-0.00912102736744495,0.012326543708147564
lead sign at minute 3,2019,hour,04:00,1416.0,-0.007002383299648427,0.012305786067675661
lead sign at minute 3,2019,hour,05:00,1420.0,-0.006719897423942187,0.01243887899061128
lead sign at minute 3,2019,hour,06:00,1421.0,-0.012103430147376344,0.01296383175982062
lead sign at minute 3,2019,hour,07:00,1424.0,0.019544147519878003,0.011681756338116406
lead sign at minute 3,2019,hour,08:00,1424.0,0.02094864190190047,0.011661532163036711
lead sign at minute 3,2019,hour,09:00,1428.0,0.013448169802948556,0.011429046502324215
lead sign at minute 3,2019,hour,10:00,1428.0,-0.01456303467884414,0.013005254259407196
lead sign at minute 3,2019,hour,11:00,1432.0,-0.019848389044053956,0.011922045187044343
lead sign at minute 3,2019,hour,12:00,1432.0,0.019956080229689137,0.011591459318060028
lead sign at minute 3,2019,hour,13:00,1432.0,-0.010071852731204737,0.012085300516004018
lead sign at minute 3,2019,hour,14:00,1436.0,-0.008391206616142743,0.012389196761039972
lead sign at minute 3,2019,hour,15:00,1436.0,0.006232748815612118,0.011906368687039781
lead sign at minute 3,2019,hour,16:00,1436.0,-0.0188368890673962,0.012543117718707163
lead sign at minute 3,2019,hour,17:00,1436.0,0.007625506475779253,0.012042936275104135
lead sign at minute 3,2019,hour,18:00,1436.0,0.013196537116447792,0.011690517844078615
lead sign at minute 3,2019,hour,19:00,1436.0,-0.004909312465724853,0.012742031147878263
lead sign at minute 3,2019,hour,20:00,1436.0,0.004143612325361469,0.012657763003698653
lead sign at minute 3,2019,hour,21:00,1432.0,0.001799655648683443,0.012452647657596235
lead sign at minute 3,2019,hour,22:00,1432.0,0.00040300760399069734,0.011968862973908175
lead sign at minute 3,2019,hour,23:00,1435.0,0.0046041443879045185,0.012788611451967347
lead sign at minute 3,2019,weekday,Mon,4904.0,0.010286627861539024,0.006048358388546078
lead sign at minute 3,2019,weekday,Tue,4980.0,-0.0010974074641027683,0.005389140723504112
lead sign at minute 3,2019,weekday,Wed,4784.0,0.008622911940606284,0.006313682574022244
lead sign at minute 3,2019,weekday,Thu,4821.0,-9.671329770843178e-06,0.007034619252254114
lead sign at minute 3,2019,weekday,Fri,4936.0,-0.00011535933642190401,0.006435490911437278
lead sign at minute 3,2019,weekday,Sat,4899.0,-0.005974847413736005,0.005363463570227831
lead sign at minute 3,2019,weekday,Sun,4992.0,-0.011287205116249921,0.006760241137365072
lead sign at minute 3,2019,session,Asia 00-08,11389.0,-0.0019653096638227504,0.003817091744158686
lead sign at minute 3,2019,session,Europe 08-13,7144.0,0.003974391489831581,0.005217280846333238
lead sign at minute 3,2019,session,overlap 13-17,5740.0,-0.0077651935911895705,0.0060592726998545355
lead sign at minute 3,2019,session,US 17-21,5744.0,0.005014085862965822,0.006188018258642687
lead sign at minute 3,2019,session,late 21-24,4299.0,0.002270565474406346,0.006860453990353693
lead sign at minute 3,2019,month,Jan,2976.0,0.0005381670921868703,0.0077340379363380314
lead sign at minute 3,2019,month,Feb,2688.0,-0.002702040281085069,0.0078119328458794764
lead sign at minute 3,2019,month,Mar,2852.0,0.00807673651715182,0.008934717046912137
lead sign at minute 3,2019,month,Apr,2880.0,0.010988435909391185,0.008990715299828131
lead sign at minute 3,2019,month,May,2836.0,-0.002982238749753213,0.007631471759323688
lead sign at minute 3,2019,month,Jun,2775.0,0.0005773998733551061,0.008673896388952345
lead sign at minute 3,2019,month,Jul,2976.0,-0.005510220004587288,0.005954221667610047
lead sign at minute 3,2019,month,Aug,2844.0,-0.0009533714042516144,0.008564171744259807
lead sign at minute 3,2019,month,Sep,2880.0,0.0016134359093911488,0.009310914943314225
lead sign at minute 3,2019,month,Oct,2976.0,-0.004502155488458278,0.008798643844538635
lead sign at minute 3,2019,month,Nov,2657.0,0.008692221507183136,0.00923021678571611
lead sign at minute 3,2019,month,Dec,2976.0,-0.012566671617490557,0.008937848002782165
lead sign at minute 3,2019,event slot,"funding hours (00, 08, 16)",4296.0,0.00808457184980083,0.006728576860529288
lead sign at minute 3,2019,event slot,"funding settlement window (00:00, 08:00, 16:00 +15 min)",1074.0,0.02856874317196098,0.013866374967776315
lead sign at minute 3,2019,event slot,US equity open window (13:30 +15 min),358.0,-0.03381486949098131,0.0253942743204266
lead sign at minute 3,2019,event slot,US equity close window (20:00 +15 min),359.0,0.042444447979957556,0.024346529699624836
lead sign at minute 3,2019,event slot,first hour of the week (Mon 00-01),208.0,0.0548185641145194,0.030602453671324602
lead sign at minute 3,2019,event slot,"weekend (Sat, Sun)",9891.0,-0.008656000952402336,0.003962146245303164
3-sd drop (5-min move < -3 sd),2019,hour,00:00,97.0,,
3-sd drop (5-min move < -3 sd),2019,hour,01:00,61.0,,
3-sd drop (5-min move < -3 sd),2019,hour,02:00,74.0,,
3-sd drop (5-min move < -3 sd),2019,hour,03:00,78.0,,
3-sd drop (5-min move < -3 sd),2019,hour,04:00,60.0,,
3-sd drop (5-min move < -3 sd),2019,hour,05:00,70.0,,
3-sd drop (5-min move < -3 sd),2019,hour,06:00,79.0,,
3-sd drop (5-min move < -3 sd),2019,hour,07:00,84.0,,
3-sd drop (5-min move < -3 sd),2019,hour,08:00,128.0,0.01437446213425125,0.0547655665093663
3-sd drop (5-min move < -3 sd),2019,hour,09:00,93.0,,
3-sd drop (5-min move < -3 sd),2019,hour,10:00,109.0,-0.023827946122629368,0.06831929607065386
3-sd drop (5-min move < -3 sd),2019,hour,11:00,92.0,,
3-sd drop (5-min move < -3 sd),2019,hour,12:00,135.0,0.029247147319436458,0.05223358970845551
3-sd drop (5-min move < -3 sd),2019,hour,13:00,96.0,,
3-sd drop (5-min move < -3 sd),2019,hour,14:00,148.0,-0.03566776759547841,0.04619202025622926
3-sd drop (5-min move < -3 sd),2019,hour,15:00,96.0,,
3-sd drop (5-min move < -3 sd),2019,hour,16:00,111.0,0.02063853871082786,0.058133290243901084
3-sd drop (5-min move < -3 sd),2019,hour,17:00,82.0,,
3-sd drop (5-min move < -3 sd),2019,hour,18:00,83.0,,
3-sd drop (5-min move < -3 sd),2019,hour,19:00,80.0,,
3-sd drop (5-min move < -3 sd),2019,hour,20:00,149.0,-0.05258233316776209,0.06174263710965021
3-sd drop (5-min move < -3 sd),2019,hour,21:00,108.0,0.018136036208325358,0.0642580930760787
3-sd drop (5-min move < -3 sd),2019,hour,22:00,122.0,0.07520950311785789,0.0614465057979664
3-sd drop (5-min move < -3 sd),2019,hour,23:00,89.0,,
3-sd drop (5-min move < -3 sd),2019,weekday,Mon,328.0,0.005037571890348899,0.034185227515976344
3-sd drop (5-min move < -3 sd),2019,weekday,Tue,365.0,-0.029910640605474742,0.035464164632767546
3-sd drop (5-min move < -3 sd),2019,weekday,Wed,340.0,-0.03829097904221926,0.033714699384675605
3-sd drop (5-min move < -3 sd),2019,weekday,Thu,347.0,-0.014151294349898641,0.035109336692587624
3-sd drop (5-min move < -3 sd),2019,weekday,Fri,303.0,-0.02458490255221739,0.034581897386323765
3-sd drop (5-min move < -3 sd),2019,weekday,Sat,296.0,0.03865655672884588,0.04217502273350753
3-sd drop (5-min move < -3 sd),2019,weekday,Sun,345.0,0.06725036793135274,0.037124014983807824
3-sd drop (5-min move < -3 sd),2019,session,Asia 00-08,603.0,0.002934267275213196,0.02352028686722503
3-sd drop (5-min move < -3 sd),2019,session,Europe 08-13,557.0,-0.002975739840614099,0.024896154988733425
3-sd drop (5-min move < -3 sd),2019,session,overlap 13-17,451.0,0.011689456591014046,0.024796159339822318
3-sd drop (5-min move < -3 sd),2019,session,US 17-21,394.0,-0.028019256139860338,0.031799597535519405
3-sd drop (5-min move < -3 sd),2019,session,late 21-24,319.0,0.01772967373299738,0.03604115076114457
3-sd drop (5-min move < -3 sd),2019,month,Jan,228.0,0.03616722529214601,0.048081747215746644
3-sd drop (5-min move < -3 sd),2019,month,Feb,156.0,0.08508760315989237,0.047774534140192726
3-sd drop (5-min move < -3 sd),2019,month,Mar,145.0,0.0923378242032168,0.047998542036340214
3-sd drop (5-min move < -3 sd),2019,month,Apr,193.0,0.06582362016533938,0.04245317491323987
3-sd drop (5-min move < -3 sd),2019,month,May,152.0,0.10853564634477761,0.04514012409261585
3-sd drop (5-min move < -3 sd),2019,month,Jun,177.0,-0.00791543899569229,0.04215703840781364
3-sd drop (5-min move < -3 sd),2019,month,Jul,251.0,-0.10972289842351768,0.04670704764143815
3-sd drop (5-min move < -3 sd),2019,month,Aug,208.0,-0.05593803786574874,0.048209939170856454
3-sd drop (5-min move < -3 sd),2019,month,Sep,189.0,0.010199528271817497,0.05337870769744005
3-sd drop (5-min move < -3 sd),2019,month,Oct,191.0,0.009506988312261795,0.05234289356111217
3-sd drop (5-min move < -3 sd),2019,month,Nov,209.0,-0.02483755939684922,0.045624001721532824
3-sd drop (5-min move < -3 sd),2019,month,Dec,225.0,-0.09816026008797088,0.03621832015235336
3-sd drop (5-min move < -3 sd),2019,event slot,"funding hours (00, 08, 16)",336.0,0.021442914515203616,0.03276274804209698
3-sd drop (5-min move < -3 sd),2019,event slot,"funding settlement window (00:00, 08:00, 16:00 +15 min)",151.0,0.013598385975310873,0.051417436516864895
3-sd drop (5-min move < -3 sd),2019,event slot,US equity open window (13:30 +15 min),27.0,,
3-sd drop (5-min move < -3 sd),2019,event slot,US equity close window (20:00 +15 min),47.0,,
3-sd drop (5-min move < -3 sd),2019,event slot,first hour of the week (Mon 00-01),14.0,,
3-sd drop (5-min move < -3 sd),2019,event slot,"weekend (Sat, Sun)",641.0,0.05404636151022633,0.02512370759380047
3-sd rise (5-min move > +3 sd),2019,hour,00:00,146.0,-0.11247774426801359,0.058990876809740425
3-sd rise (5-min move > +3 sd),2019,hour,01:00,90.0,,
3-sd rise (5-min move > +3 sd),2019,hour,02:00,79.0,,
3-sd rise (5-min move > +3 sd),2019,hour,03:00,57.0,,
3-sd rise (5-min move > +3 sd),2019,hour,04:00,82.0,,
3-sd rise (5-min move > +3 sd),2019,hour,05:00,51.0,,
3-sd rise (5-min move > +3 sd),2019,hour,06:00,77.0,,
3-sd rise (5-min move > +3 sd),2019,hour,07:00,108.0,-0.03713527851458883,0.07214446179936039
3-sd rise (5-min move > +3 sd),2019,hour,08:00,108.0,0.064716573337263,0.06217464554591182
3-sd rise (5-min move > +3 sd),2019,hour,09:00,90.0,,
3-sd rise (5-min move > +3 sd),2019,hour,10:00,102.0,0.05110001560305823,0.06140750475001662
3-sd rise (5-min move > +3 sd),2019,hour,11:00,91.0,,
3-sd rise (5-min move > +3 sd),2019,hour,12:00,102.0,0.12953138815207774,0.06894682894759149
3-sd rise (5-min move > +3 sd),2019,hour,13:00,99.0,,
3-sd rise (5-min move > +3 sd),2019,hour,14:00,88.0,,
3-sd rise (5-min move > +3 sd),2019,hour,15:00,160.0,0.03786472148541105,0.06409398822848746
3-sd rise (5-min move > +3 sd),2019,hour,16:00,151.0,0.06551372810792765,0.059296578520824345
3-sd rise (5-min move > +3 sd),2019,hour,17:00,58.0,,
3-sd rise (5-min move > +3 sd),2019,hour,18:00,53.0,,
3-sd rise (5-min move > +3 sd),2019,hour,19:00,91.0,,
3-sd rise (5-min move > +3 sd),2019,hour,20:00,107.0,-0.032462381318327196,0.06048783696681718
3-sd rise (5-min move > +3 sd),2019,hour,21:00,101.0,-0.02228379336607396,0.06843896161170722
3-sd rise (5-min move > +3 sd),2019,hour,22:00,100.0,-0.027135278514588874,0.06792844377342662
3-sd rise (5-min move > +3 sd),2019,hour,23:00,71.0,,
3-sd rise (5-min move > +3 sd),2019,weekday,Mon,335.0,0.024058751336157407,0.036714124934324195
3-sd rise (5-min move > +3 sd),2019,weekday,Tue,306.0,-0.033867304658379734,0.04284258514351182
3-sd rise (5-min move > +3 sd),2019,weekday,Wed,367.0,-0.03577288069442539,0.03562566399670331
3-sd rise (5-min move > +3 sd),2019,weekday,Thu,262.0,-0.006600927369550677,0.03838954045876208
3-sd rise (5-min move > +3 sd),2019,weekday,Fri,380.0,-0.0029247521987993573,0.03651739082129416
3-sd rise (5-min move > +3 sd),2019,weekday,Sat,295.0,0.06964438250236031,0.044841437079123365
3-sd rise (5-min move > +3 sd),2019,weekday,Sun,317.0,-0.007166824255913779,0.04813611401252514
3-sd rise (5-min move > +3 sd),2019,session,Asia 00-08,690.0,-0.05017875677545842,0.023422319120322697
3-sd rise (5-min move > +3 sd),2019,session,Europe 08-13,493.0,0.07544078639413324,0.0253833323366515
3-sd rise (5-min move > +3 sd),2019,session,overlap 13-17,498.0,0.01507355682677662,0.030834038303577106
3-sd rise (5-min move > +3 sd),2019,session,US 17-21,309.0,0.006554041873760598,0.03924445278036422
3-sd rise (5-min move > +3 sd),2019,session,late 21-24,272.0,-0.044488219691059455,0.04007272639966297
3-sd rise (5-min move > +3 sd),2019,month,Jan,171.0,0.06520390277196082,0.0681391925722725
3-sd rise (5-min move > +3 sd),2019,month,Feb,143.0,0.050277308897998516,0.0490209065672775
3-sd rise (5-min move > +3 sd),2019,month,Mar,124.0,0.03544536664670152,0.058633832498133164
3-sd rise (5-min move > +3 sd),2019,month,Apr,214.0,-0.013770792533280495,0.05263769864460719
3-sd rise (5-min move > +3 sd),2019,month,May,200.0,-0.11713527851458884,0.04552015973597539
3-sd rise (5-min move > +3 sd),2019,month,Jun,212.0,-0.18336169360892854,0.0442569248118285
3-sd rise (5-min move > +3 sd),2019,month,Jul,272.0,-0.00037057263223592085,0.0478682107347182
3-sd rise (5-min move > +3 sd),2019,month,Aug,184.0,0.0009081997462806287,0.057840876856301855
3-sd rise (5-min move > +3 sd),2019,month,Sep,248.0,0.09592923761444343,0.040413922557878554
3-sd rise (5-min move > +3 sd),2019,month,Oct,190.0,-0.07924054167248364,0.05132191641524433
3-sd rise (5-min move > +3 sd),2019,month,Nov,152.0,0.10760156359067433,0.04975701997890801
3-sd rise (5-min move > +3 sd),2019,month,Dec,152.0,0.1141805109590953,0.046741872719707894
3-sd rise (5-min move > +3 sd),2019,event slot,"funding hours (00, 08, 16)",405.0,0.0011363264236827941,0.032992741060076027
3-sd rise (5-min move > +3 sd),2019,event slot,"funding settlement window (00:00, 08:00, 16:00 +15 min)",183.0,0.025706251540055947,0.053852317266552825
3-sd rise (5-min move > +3 sd),2019,event slot,US equity open window (13:30 +15 min),26.0,,
3-sd rise (5-min move > +3 sd),2019,event slot,US equity close window (20:00 +15 min),41.0,,
3-sd rise (5-min move > +3 sd),2019,event slot,first hour of the week (Mon 00-01),22.0,,
3-sd rise (5-min move > +3 sd),2019,event slot,"weekend (Sat, Sun)",612.0,0.02985818553769875,0.030163543011026066
4-hour low (rangepos <= 0.02),2019,hour,00:00,108.0,-0.054642445213379444,0.06962092257612425
4-hour low (rangepos <= 0.02),2019,hour,01:00,84.0,,
4-hour low (rangepos <= 0.02),2019,hour,02:00,94.0,,
4-hour low (rangepos <= 0.02),2019,hour,03:00,121.0,-0.03466999342274589,0.06325093941148409
4-hour low (rangepos <= 0.02),2019,hour,04:00,145.0,-0.16211370958119556,0.059558405777673996
4-hour low (rangepos <= 0.02),2019,hour,05:00,133.0,-0.09662239508806619,0.05660008900146707
4-hour low (rangepos <= 0.02),2019,hour,06:00,122.0,0.05054881161722158,0.056183046665529646
4-hour low (rangepos <= 0.02),2019,hour,07:00,104.0,0.06394729837636408,0.056595416305887415
4-hour low (rangepos <= 0.02),2019,hour,08:00,91.0,,
4-hour low (rangepos <= 0.02),2019,hour,09:00,115.0,0.022893786670678463,0.0528648288079352
4-hour low (rangepos <= 0.02),2019,hour,10:00,121.0,0.08929694872601447,0.05395219985452042
4-hour low (rangepos <= 0.02),2019,hour,11:00,90.0,,
4-hour low (rangepos <= 0.02),2019,hour,12:00,104.0,0.054331913760979525,0.04997289702404693
4-hour low (rangepos <= 0.02),2019,hour,13:00,65.0,,
4-hour low (rangepos <= 0.02),2019,hour,14:00,101.0,-0.09342132310116817,0.05832814327292639
4-hour low (rangepos <= 0.02),2019,hour,15:00,74.0,,
4-hour low (rangepos <= 0.02),2019,hour,16:00,72.0,,
4-hour low (rangepos <= 0.02),2019,hour,17:00,59.0,,
4-hour low (rangepos <= 0.02),2019,hour,18:00,71.0,,
4-hour low (rangepos <= 0.02),2019,hour,19:00,48.0,,
4-hour low (rangepos <= 0.02),2019,hour,20:00,136.0,0.14143598615916955,0.08192560508924675
4-hour low (rangepos <= 0.02),2019,hour,21:00,123.0,0.012430725518327792,0.07139532286903855
4-hour low (rangepos <= 0.02),2019,hour,22:00,80.0,,
4-hour low (rangepos <= 0.02),2019,hour,23:00,51.0,,
4-hour low (rangepos <= 0.02),2019,weekday,Mon,317.0,0.037103085806599524,0.038135971721116546
4-hour low (rangepos <= 0.02),2019,weekday,Tue,412.0,-0.05545150670205266,0.0273680885822157
4-hour low (rangepos <= 0.02),2019,weekday,Wed,317.0,-0.054379564035671735,0.03230810299555833
4-hour low (rangepos <= 0.02),2019,weekday,Thu,317.0,-0.04176126750570342,0.030698216363328024
4-hour low (rangepos <= 0.02),2019,weekday,Fri,306.0,0.06463860053825449,0.061968665394712026
4-hour low (rangepos <= 0.02),2019,weekday,Sat,301.0,0.023153789559599482,0.03217842410147283
4-hour low (rangepos <= 0.02),2019,weekday,Sun,342.0,0.04331077116088961,0.030948060821210547
4-hour low (rangepos <= 0.02),2019,session,Asia 00-08,911.0,-0.035341310928710575,0.018717099102134042
4-hour low (rangepos <= 0.02),2019,session,Europe 08-13,521.0,0.026131707057893725,0.024588148732472347
4-hour low (rangepos <= 0.02),2019,session,overlap 13-17,312.0,-0.019386034956969205,0.03500724372286272
4-hour low (rangepos <= 0.02),2019,session,US 17-21,314.0,0.0467375972494655,0.05185147627148569
4-hour low (rangepos <= 0.02),2019,session,late 21-24,254.0,0.03918957578399583,0.03941964485019671
4-hour low (rangepos <= 0.02),2019,month,Jan,161.0,-0.06654720711814135,0.04618321078688026
4-hour low (rangepos <= 0.02),2019,month,Feb,180.0,0.028690888119953836,0.03474064542613248
4-hour low (rangepos <= 0.02),2019,month,Mar,172.0,-0.07983624366299183,0.04129415363413056
4-hour low (rangepos <= 0.02),2019,month,Apr,213.0,0.052165066523709676,0.04385237516811179
4-hour low (rangepos <= 0.02),2019,month,May,158.0,0.020252069554552932,0.04241363338749849
4-hour low (rangepos <= 0.02),2019,month,Jun,215.0,0.08295445401142666,0.09053975045264605
4-hour low (rangepos <= 0.02),2019,month,Jul,230.0,-0.09014969159019108,0.03220607056841575
4-hour low (rangepos <= 0.02),2019,month,Aug,251.0,-0.04435028053874463,0.04029121421342749
4-hour low (rangepos <= 0.02),2019,month,Sep,205.0,0.02543885559962864,0.04060941129140699
4-hour low (rangepos <= 0.02),2019,month,Oct,169.0,0.012911795417784186,0.04726358158972868
4-hour low (rangepos <= 0.02),2019,month,Nov,191.0,0.026945687421873567,0.04029926558794718
4-hour low (rangepos <= 0.02),2019,month,Dec,167.0,0.03867092804011353,0.03857118430131748
4-hour low (rangepos <= 0.02),2019,event slot,"funding hours (00, 08, 16)",271.0,-0.010669505483982147,0.039611644531911704
4-hour low (rangepos <= 0.02),2019,event slot,"funding settlement window (00:00, 08:00, 16:00 +15 min)",85.0,,
4-hour low (rangepos <= 0.02),2019,event slot,US equity open window (13:30 +15 min),8.0,,
4-hour low (rangepos <= 0.02),2019,event slot,US equity close window (20:00 +15 min),20.0,,
4-hour low (rangepos <= 0.02),2019,event slot,first hour of the week (Mon 00-01),26.0,,
4-hour low (rangepos <= 0.02),2019,event slot,"weekend (Sat, Sun)",643.0,0.03387492129776618,0.022172502395060047
4-hour high (rangepos >= 0.98),2019,hour,00:00,337.0,-0.07966631730440824,0.03923490048671899
4-hour high (rangepos >= 0.98),2019,hour,01:00,304.0,-0.02426260029675556,0.05075405995765172
4-hour high (rangepos >= 0.98),2019,hour,02:00,228.0,-0.1602275125774573,0.051537776165912805
4-hour high (rangepos >= 0.98),2019,hour,03:00,210.0,0.02899554506665298,0.060727467575486443
4-hour high (rangepos >= 0.98),2019,hour,04:00,166.0,-0.03583520651108657,0.056213599971247516
4-hour high (rangepos >= 0.98),2019,hour,05:00,203.0,0.030637581191447712,0.04812933239586396
4-hour high (rangepos >= 0.98),2019,hour,06:00,188.0,0.016330904742438184,0.06598082672762035
4-hour high (rangepos >= 0.98),2019,hour,07:00,188.0,0.01101175580626795,0.0528109147563969
4-hour high (rangepos >= 0.98),2019,hour,08:00,185.0,0.02616414223525017,0.055105630315141194
4-hour high (rangepos >= 0.98),2019,hour,09:00,143.0,0.10924862531973319,0.050172173010628894
4-hour high (rangepos >= 0.98),2019,hour,10:00,202.0,0.05351228245467757,0.04622474571893695
4-hour high (rangepos >= 0.98),2019,hour,11:00,191.0,0.06439818779913867,0.05229794023474887
4-hour high (rangepos >= 0.98),2019,hour,12:00,189.0,0.013122529193637112,0.043180041547876614
4-hour high (rangepos >= 0.98),2019,hour,13:00,210.0,0.04804316411427202,0.04406627794273492
4-hour high (rangepos >= 0.98),2019,hour,14:00,213.0,-0.017282120929322856,0.05531657336972345
4-hour high (rangepos >= 0.98),2019,hour,15:00,247.0,-0.027299037543719148,0.04221395385209485
4-hour high (rangepos >= 0.98),2019,hour,16:00,269.0,0.02333082564728675,0.03471066535121417
4-hour high (rangepos >= 0.98),2019,hour,17:00,180.0,0.03217014824125615,0.04435442262575209
4-hour high (rangepos >= 0.98),2019,hour,18:00,180.0,-0.04005207398096602,0.05122451363239761
4-hour high (rangepos >= 0.98),2019,hour,19:00,188.0,0.06952239410414031,0.06445371670705972
4-hour high (rangepos >= 0.98),2019,hour,20:00,283.0,0.03892319103670177,0.050377149140318975
4-hour high (rangepos >= 0.98),2019,hour,21:00,431.0,-0.06104975379535114,0.04329760270967363
4-hour high (rangepos >= 0.98),2019,hour,22:00,357.0,0.020592183722115222,0.04309168507608736
4-hour high (rangepos >= 0.98),2019,hour,23:00,277.0,0.012836012661633275,0.04139730165246503
4-hour high (rangepos >= 0.98),2019,weekday,Mon,771.0,0.040298120571563144,0.026797498053580976
4-hour high (rangepos >= 0.98),2019,weekday,Tue,742.0,-0.003798704708728944,0.0315962292453808
4-hour high (rangepos >= 0.98),2019,weekday,Wed,862.0,-0.0053652990389706804,0.02391913646087021
4-hour high (rangepos >= 0.98),2019,weekday,Thu,726.0,0.0077440692697227104,0.029192559822576583
4-hour high (rangepos >= 0.98),2019,weekday,Fri,948.0,-0.0014444790442571728,0.021131625729658023
4-hour high (rangepos >= 0.98),2019,weekday,Sat,735.0,-0.03222894472926541,0.029979921754142495
4-hour high (rangepos >= 0.98),2019,weekday,Sun,785.0,-0.005338698184787718,0.02571657749613456
4-hour high (rangepos >= 0.98),2019,session,Asia 00-08,1824.0,-0.0324862845072819,0.015938832464202555
4-hour high (rangepos >= 0.98),2019,session,Europe 08-13,910.0,0.05060726667837469,0.021242289612774256
4-hour high (rangepos >= 0.98),2019,session,overlap 13-17,939.0,0.00632705274959839,0.02149494817091331
4-hour high (rangepos >= 0.98),2019,session,US 17-21,831.0,0.02727644587462963,0.023916738945894623
4-hour high (rangepos >= 0.98),2019,session,late 21-24,1065.0,-0.014465219520872097,0.021743263270346456
4-hour high (rangepos >= 0.98),2019,month,Jan,300.0,0.08661459268570061,0.03646876964931214
4-hour high (rangepos >= 0.98),2019,month,Feb,483.0,0.02485475831717063,0.03227632092555084
4-hour high (rangepos >= 0.98),2019,month,Mar,572.0,0.023584289655397588,0.033623193473228154
4-hour high (rangepos >= 0.98),2019,month,Apr,660.0,0.022069138140246032,0.02880486700474032
4-hour high (rangepos >= 0.98),2019,month,May,867.0,-0.06986752957496839,0.025297720211976443
4-hour high (rangepos >= 0.98),2019,month,Jun,796.0,-0.014675189558855505,0.028260623025190033
4-hour high (rangepos >= 0.98),2019,month,Jul,445.0,0.02343107208644962,0.029832188736313416
4-hour high (rangepos >= 0.98),2019,month,Aug,464.0,-0.07927621191200049,0.033164821242978385
4-hour high (rangepos >= 0.98),2019,month,Sep,257.0,0.03251601940424791,0.04490662801837776
4-hour high (rangepos >= 0.98),2019,month,Oct,297.0,-0.01766150159039373,0.041565909368326555
4-hour high (rangepos >= 0.98),2019,month,Nov,164.0,0.06238695040927788,0.034989978545029554
4-hour high (rangepos >= 0.98),2019,month,Dec,264.0,0.07282671389782178,0.03202311905569487
4-hour high (rangepos >= 0.98),2019,event slot,"funding hours (00, 08, 16)",791.0,-0.01988772505555516,0.02409454041878517
4-hour high (rangepos >= 0.98),2019,event slot,"funding settlement window (00:00, 08:00, 16:00 +15 min)",228.0,0.037140908475174296,0.04635725289867656
4-hour high (rangepos >= 0.98),2019,event slot,US equity open window (13:30 +15 min),39.0,,
4-hour high (rangepos >= 0.98),2019,event slot,US equity close window (20:00 +15 min),82.0,,
4-hour high (rangepos >= 0.98),2019,event slot,first hour of the week (Mon 00-01),53.0,,
4-hour high (rangepos >= 0.98),2019,event slot,"weekend (Sat, Sun)",1520.0,-0.01834154766517662,0.018154594908858988
RSI14 below 25,2019,hour,00:00,196.0,0.10071071230048433,0.04234679010924207
RSI14 below 25,2019,hour,01:00,221.0,-0.12998925999612657,0.055573689904871146
RSI14 below 25,2019,hour,02:00,198.0,0.08334315921864553,0.048894452793929954
RSI14 below 25,2019,hour,03:00,225.0,0.07465629053177697,0.03766664469870019
RSI14 below 25,2019,hour,04:00,199.0,-0.11113935435934537,0.05273254046206664
RSI14 below 25,2019,hour,05:00,201.0,0.047989623865110166,0.0526864278106817
RSI14 below 25,2019,hour,06:00,172.0,-0.0198398334992309,0.07673119754265363
RSI14 below 25,2019,hour,07:00,214.0,-0.02521909887632281,0.05694833005303636
RSI14 below 25,2019,hour,08:00,250.0,-0.002677042801556472,0.04910973548955598
RSI14 below 25,2019,hour,09:00,181.0,0.08298041576197952,0.05552998597228448
RSI14 below 25,2019,hour,10:00,228.0,-0.0441156392927845,0.05967583953329164
RSI14 below 25,2019,hour,11:00,193.0,-0.07981693917461344,0.05489493898095978
RSI14 below 25,2019,hour,12:00,236.0,0.021153465673019834,0.05202806986237145
RSI14 below 25,2019,hour,13:00,140.0,0.11703724291272936,0.052417955555407035
RSI14 below 25,2019,hour,14:00,222.0,0.007449083324569787,0.04711452480305312
RSI14 below 25,2019,hour,15:00,172.0,0.049927608361234214,0.043984952450948155
RSI14 below 25,2019,hour,16:00,171.0,-0.045577627596878126,0.06289653336668341
RSI14 below 25,2019,hour,17:00,140.0,-0.14010561423012777,0.06574923422367561
RSI14 below 25,2019,hour,18:00,192.0,-0.024927042801556453,0.07591925493630886
RSI14 below 25,2019,hour,19:00,169.0,0.09138212879607667,0.04693712489003953
RSI14 below 25,2019,hour,20:00,253.0,-0.002076252287722466,0.05095338575018764
RSI14 below 25,2019,hour,21:00,315.0,-0.01232783645235016,0.05343548721162159
RSI14 below 25,2019,hour,22:00,221.0,0.019332006972199205,0.05166637385468679
RSI14 below 25,2019,hour,23:00,174.0,-0.038217272686613867,0.05916316232397212
RSI14 below 25,2019,weekday,Mon,744.0,0.0009466131124220503,0.026622594509395563
RSI14 below 25,2019,weekday,Tue,787.0,0.0013991960802733035,0.029765731468616198
RSI14 below 25,2019,weekday,Wed,690.0,-0.05490892685952744,0.02975881259865248
RSI14 below 25,2019,weekday,Thu,760.0,-0.03972967438050373,0.029881102801556828
RSI14 below 25,2019,weekday,Fri,652.0,0.01629228235181783,0.026705092966648695
RSI14 below 25,2019,weekday,Sat,618.0,0.026954025159608704,0.030163349427502636
RSI14 below 25,2019,weekday,Sun,632.0,0.06170270403388658,0.029367131708673933
RSI14 below 25,2019,session,Asia 00-08,1626.0,0.0018641626104977588,0.01730775080652697
RSI14 below 25,2019,session,Europe 08-13,1088.0,-0.005625572213321171,0.02167395327686172
RSI14 below 25,2019,session,overlap 13-17,705.0,0.026713028120429402,0.025706140080499217
RSI14 below 25,2019,session,US 17-21,754.0,-0.012576247045588195,0.029062622125562442
RSI14 below 25,2019,session,late 21-24,710.0,-0.008817887871978987,0.030880986298178325
RSI14 below 25,2019,month,Jan,580.0,-0.023849456594659806,0.03583354639408176
RSI14 below 25,2019,month,Feb,311.0,0.027625208002302105,0.04730500784687024
RSI14 below 25,2019,month,Mar,400.0,0.04882295719844358,0.03283674168224375
RSI14 below 25,2019,month,Apr,488.0,0.004273776870574793,0.03048871509609209
RSI14 below 25,2019,month,May,325.0,0.09209218796767438,0.029860617750576687
RSI14 below 25,2019,month,Jun,334.0,0.08192175959365318,0.03560639016184917
RSI14 below 25,2019,month,Jul,484.0,-0.085619191561887,0.04477582449028417
RSI14 below 25,2019,month,Aug,462.0,-0.019109943234456847,0.032120687172566866
RSI14 below 25,2019,month,Sep,427.0,0.004273776870574748,0.04723669877705746
RSI14 below 25,2019,month,Oct,327.0,-0.0009400397434523984,0.04326720200213162
RSI14 below 25,2019,month,Nov,372.0,0.010355215262959665,0.04111955158400183
RSI14 below 25,2019,month,Dec,373.0,-0.07712208301603356,0.035487115734805605
RSI14 below 25,2019,event slot,"funding hours (00, 08, 16)",617.0,0.01827595557769801,0.02944373165934544
RSI14 below 25,2019,event slot,"funding settlement window (00:00, 08:00, 16:00 +15 min)",219.0,0.02059236359113765,0.051344473603600733
RSI14 below 25,2019,event slot,US equity open window (13:30 +15 min),32.0,,
RSI14 below 25,2019,event slot,US equity close window (20:00 +15 min),65.0,,
RSI14 below 25,2019,event slot,first hour of the week (Mon 00-01),28.0,,
RSI14 below 25,2019,event slot,"weekend (Sat, Sun)",1250.0,0.04452295719844357,0.019643382467457043
RSI14 above 75,2019,hour,00:00,327.0,-0.045770427102696756,0.05006491672677971
RSI14 above 75,2019,hour,01:00,324.0,-0.13657912570956052,0.05056369697215995
RSI14 above 75,2019,hour,02:00,194.0,-0.11300142429680753,0.061149042289132934
RSI14 above 75,2019,hour,03:00,138.0,0.05867047171395003,0.05844494005730237
RSI14 above 75,2019,hour,04:00,245.0,0.024154056452193165,0.04702448605477985
RSI14 above 75,2019,hour,05:00,186.0,0.0626442912557919,0.04388550998472021
RSI14 above 75,2019,hour,06:00,179.0,0.04834742094882972,0.05710078300628959
RSI14 above 75,2019,hour,07:00,299.0,-0.07678103330277242,0.05468891011712333
RSI14 above 75,2019,hour,08:00,274.0,0.08152036063810113,0.04434039044316521
RSI14 above 75,2019,hour,09:00,246.0,0.029861705365416952,0.047469380763030304
RSI14 above 75,2019,hour,10:00,277.0,-0.019417740497633836,0.0537848831501018
RSI14 above 75,2019,hour,11:00,246.0,0.0014064208125713334,0.05395389772612839
RSI14 above 75,2019,hour,12:00,237.0,0.09490235577192095,0.051232331901447416
RSI14 above 75,2019,hour,13:00,288.0,0.01156902243858769,0.04372058813769701
RSI14 above 75,2019,hour,14:00,230.0,-0.006546919590397882,0.061260187283024826
RSI14 above 75,2019,hour,15:00,297.0,-0.016208755339190105,0.06077368001139239
RSI14 above 75,2019,hour,16:00,254.0,0.018786870207616505,0.0510247449565742
RSI14 above 75,2019,hour,17:00,197.0,0.0018397500189599636,0.06335729153290788
RSI14 above 75,2019,hour,18:00,162.0,0.07638383725340243,0.05718064245751532
RSI14 above 75,2019,hour,19:00,200.0,-0.036764310894745605,0.08224764222185367
RSI14 above 75,2019,hour,20:00,218.0,0.07043752396763969,0.05785127849946853
RSI14 above 75,2019,hour,21:00,346.0,-0.0515330970219133,0.045581319208533894
RSI14 above 75,2019,hour,22:00,373.0,0.06630539419908811,0.04153538305839757
RSI14 above 75,2019,hour,23:00,220.0,-0.03085521998565473,0.06192134221630827
RSI14 above 75,2019,weekday,Mon,971.0,-0.02284567031802063,0.027638175841988327
RSI14 above 75,2019,weekday,Tue,769.0,0.008209681302913623,0.03403621076797384
RSI14 above 75,2019,weekday,Wed,893.0,-0.009614254903704307,0.030480477927991245
RSI14 above 75,2019,weekday,Thu,721.0,0.035725286886114156,0.02577109973141696
RSI14 above 75,2019,weekday,Fri,1045.0,-0.0014293826650806224,0.026427248604345092
RSI14 above 75,2019,weekday,Sat,800.0,0.010735689105254341,0.03501785983310654
RSI14 above 75,2019,weekday,Sun,758.0,-0.011078295063611169,0.02899453791279078
RSI14 above 75,2019,session,Asia 00-08,1892.0,-0.03688058996451316,0.016687901556116824
RSI14 above 75,2019,session,Europe 08-13,1280.0,0.0368294391052544,0.020018672143228562
RSI14 above 75,2019,session,overlap 13-17,1069.0,0.0016688041660588722,0.026176322604864424
RSI14 above 75,2019,session,US 17-21,777.0,0.026691287560852754,0.03136546977794583
RSI14 above 75,2019,session,late 21-24,939.0,0.00012067313081338487,0.026392366195282162
RSI14 above 75,2019,month,Jan,533.0,0.07176289360806867,0.04381279459771085
RSI14 above 75,2019,month,Feb,423.0,0.04525696570099901,0.04603045926014506
RSI14 above 75,2019,month,Mar,452.0,0.038855158131802986,0.0415394548913643
RSI14 above 75,2019,month,Apr,702.0,-0.019057758188193025,0.029172415460115113
RSI14 above 75,2019,month,May,633.0,-0.06307552732444556,0.03291701496920628
RSI14 above 75,2019,month,Jun,634.0,-0.1064646263521589,0.03169006919043003
RSI14 above 75,2019,month,Jul,519.0,-0.07658126657875333,0.04357529046427981
RSI14 above 75,2019,month,Aug,471.0,-0.019747325756741478,0.04138112564193233
RSI14 above 75,2019,month,Sep,564.0,0.04525696570099896,0.02990324412714306
RSI14 above 75,2019,month,Oct,452.0,0.030005600609679176,0.03813772656149063
RSI14 above 75,2019,month,Nov,255.0,0.11058863028172491,0.050699177751962664
RSI14 above 75,2019,month,Dec,319.0,0.08654289913660233,0.037112861634623844
RSI14 above 75,2019,event slot,"funding hours (00, 08, 16)",855.0,0.014200601385956134,0.02553742556076682
RSI14 above 75,2019,event slot,"funding settlement window (00:00, 08:00, 16:00 +15 min)",304.0,0.06310411015788582,0.047973715329262964
RSI14 above 75,2019,event slot,US equity open window (13:30 +15 min),71.0,,
RSI14 above 75,2019,event slot,US equity close window (20:00 +15 min),71.0,,
RSI14 above 75,2019,event slot,first hour of the week (Mon 00-01),60.0,,
RSI14 above 75,2019,event slot,"weekend (Sat, Sun)",1558.0,0.00012272376507461974,0.020994509807541
reversal at the open,2020,hour,00:00,1432.0,-0.03365580893205581,0.012548662957027132
reversal at the open,2020,hour,01:00,1432.0,0.01802016872157556,0.012179075201392373
reversal at the open,2020,hour,02:00,1416.0,0.022158823520679098,0.01211909167620199
reversal at the open,2020,hour,03:00,1416.0,0.019333964763616956,0.011813604129661896
reversal at the open,2020,hour,04:00,1424.0,-0.004851904594600471,0.011645486960066032
reversal at the open,2020,hour,05:00,1426.0,0.010532528958829399,0.01230559266733078
reversal at the open,2020,hour,06:00,1426.0,0.0007148571495727311,0.01230793183265797
reversal at the open,2020,hour,07:00,1428.0,0.006266025723594095,0.01156978116080715
reversal at the open,2020,hour,08:00,1432.0,-0.005722848038201038,0.012442710500666811
reversal at the open,2020,hour,09:00,1429.0,0.011485048252129664,0.012532055026868867
reversal at the open,2020,hour,10:00,1428.0,-0.008439856629347047,0.012596735803553758
reversal at the open,2020,hour,11:00,1426.0,-0.004193978755055709,0.011861546319163948
reversal at the open,2020,hour,12:00,1426.0,0.014740102591367925,0.011890728765177253
reversal at the open,2020,hour,13:00,1428.0,-0.007739576517302165,0.012333459345219878
reversal at the open,2020,hour,14:00,1424.0,-0.0315372978530275,0.01179543749712572
reversal at the open,2020,hour,15:00,1424.0,-0.011874376504712916,0.012799894813943995
reversal at the open,2020,hour,16:00,1424.0,0.0035750616975342925,0.01231607314535108
reversal at the open,2020,hour,17:00,1424.0,0.014811016753714119,0.012084172884182598
reversal at the open,2020,hour,18:00,1426.0,0.002818643965841941,0.013020613960721177
reversal at the open,2020,hour,19:00,1432.0,0.0019587162076089753,0.011945220027446059
reversal at the open,2020,hour,20:00,1432.0,-0.01270608826166481,0.012596352256327355
reversal at the open,2020,hour,21:00,1432.0,-0.002231227926469204,0.012483731258727631
reversal at the open,2020,hour,22:00,1432.0,0.0033553642523017724,0.0121891519057568
reversal at the open,2020,hour,23:00,1432.0,-0.006421172060547383,0.012322024476123388
reversal at the open,2020,weekday,Mon,4838.0,0.004761827516820764,0.0058403821033684005
reversal at the open,2020,weekday,Tue,4884.0,0.0013090060606922001,0.005077030209440987
reversal at the open,2020,weekday,Wed,4979.0,0.007129315405805647,0.005337508544806457
reversal at the open,2020,weekday,Thu,4964.0,-0.011576727816177915,0.005599182637022396
reversal at the open,2020,weekday,Fri,4904.0,0.0001382891477240789,0.0065405334376041355
reversal at the open,2020,weekday,Sat,4888.0,0.011303228820872327,0.006309395041191905
reversal at the open,2020,weekday,Sun,4794.0,-0.013222620798844655,0.006010752047811347
reversal at the open,2020,session,Asia 00-08,11400.0,0.004775534790378709,0.0033312254409214328
reversal at the open,2020,session,Europe 08-13,7141.0,0.0015689221237170253,0.004887782710780048
reversal at the open,2020,session,overlap 13-17,5700.0,-0.01189113187628786,0.005096600930214617
reversal at the open,2020,session,US 17-21,5714.0,0.0017010915945347722,0.005497349787542438
reversal at the open,2020,session,late 21-24,4296.0,-0.0017656785782383226,0.006720843229848677
reversal at the open,2020,month,Jan,2976.0,0.008604057710582449,0.007546450455209628
reversal at the open,2020,month,Feb,2556.0,-0.012667838902068383,0.007609988828859845
reversal at the open,2020,month,Mar,2867.0,-0.012904600322429323,0.00750778378521389
reversal at the open,2020,month,Apr,2770.0,0.005765464488269774,0.00655326828440921
reversal at the open,2020,month,May,2976.0,0.013644380291227718,0.005566379963972232
reversal at the open,2020,month,Jun,2766.0,0.01124849593510609,0.008447514430733516
reversal at the open,2020,month,Jul,2976.0,-0.01189325411737452,0.007945439168688279
reversal at the open,2020,month,Aug,2976.0,0.00625190717294811,0.007516301420298482
reversal at the open,2020,month,Sep,2880.0,0.0017492190009050703,0.008120587377391854
reversal at the open,2020,month,Oct,2976.0,0.007932014699829867,0.008526942287350077
reversal at the open,2020,month,Nov,2808.0,-0.014383259631573492,0.008002814054821653
reversal at the open,2020,month,Dec,2724.0,-0.005647990984410644,0.010060157607124929
reversal at the open,2020,event slot,"funding hours (00, 08, 16)",4288.0,-0.01196346756625915,0.006751241811016767
reversal at the open,2020,event slot,"funding settlement window (00:00, 08:00, 16:00 +15 min)",1072.0,0.03327906974717371,0.015154332542275502
reversal at the open,2020,event slot,US equity open window (13:30 +15 min),357.0,-0.017543498085929574,0.026218299228390685
reversal at the open,2020,event slot,US equity close window (20:00 +15 min),358.0,0.028495029056771006,0.02615511820836595
reversal at the open,2020,event slot,first hour of the week (Mon 00-01),200.0,-0.05075078099909488,0.031181505623725476
reversal at the open,2020,event slot,"weekend (Sat, Sun)",9682.0,-0.0008406384665603244,0.004033471929841992
lead sign at minute 3,2020,hour,00:00,1432.0,0.013382433559416602,0.012356498669399646
lead sign at minute 3,2020,hour,01:00,1432.0,0.018270701715841126,0.01273219842265043
lead sign at minute 3,2020,hour,02:00,1416.0,-0.0067584937517597265,0.012940326541697855
lead sign at minute 3,2020,hour,03:00,1416.0,0.002422297208692147,0.011754720866147489
lead sign at minute 3,2020,hour,04:00,1424.0,-0.017347746592488573,0.012428504478231687
lead sign at minute 3,2020,hour,05:00,1426.0,0.0021132663769237677,0.01199605463780794
lead sign at minute 3,2020,hour,06:00,1426.0,0.0021132663769237677,0.013282501890104399
lead sign at minute 3,2020,hour,07:00,1428.0,0.028522567825413327,0.012191508944161725
lead sign at minute 3,2020,hour,08:00,1432.0,-0.0026790189545499807,0.012880008728853316
lead sign at minute 3,2020,hour,09:00,1429.0,-0.0020373818367467387,0.012485600408112753
lead sign at minute 3,2020,hour,10:00,1428.0,0.013816685472472291,0.012704654644715478
lead sign at minute 3,2020,hour,11:00,1426.0,-0.0020943072556147586,0.012420998370234944
lead sign at minute 3,2020,hour,12:00,1426.0,-0.01822333951367927,0.01253211668245639
lead sign at minute 3,2020,hour,13:00,1428.0,0.00261220367975524,0.011936532184136754
lead sign at minute 3,2020,hour,14:00,1424.0,-0.0011960611992300988,0.013009949095810878
lead sign at minute 3,2020,hour,15:00,1424.0,0.00020843318279232633,0.012205380505599365
lead sign at minute 3,2020,hour,16:00,1424.0,-0.008920780300353703,0.012238992698622839
lead sign at minute 3,2020,hour,17:00,1424.0,-0.004707297154286321,0.01279280586933084
lead sign at minute 3,2020,hour,18:00,1426.0,0.0007107418327442589,0.013293568945588427
lead sign at minute 3,2020,hour,19:00,1432.0,-0.021533767557901946,0.012421864965931879
lead sign at minute 3,2020,hour,20:00,1432.0,0.01687405367114833,0.012288853802777347
lead sign at minute 3,2020,hour,21:00,1432.0,-0.01594717537913097,0.012696079934495723
lead sign at minute 3,2020,hour,22:00,1432.0,0.011985785514723806,0.011817991119812847
lead sign at minute 3,2020,hour,23:00,1432.0,-0.011757231245052685,0.012396662896244389
lead sign at minute 3,2020,weekday,Mon,4838.0,0.003869176084260575,0.006893414744527853
lead sign at minute 3,2020,weekday,Tue,4884.0,0.002089144333166426,0.0069164442412533
lead sign at minute 3,2020,weekday,Wed,4979.0,-0.003364720128530944,0.006059048962438595
lead sign at minute 3,2020,weekday,Thu,4964.0,-0.0004287387246038682,0.006250780260125409
lead sign at minute 3,2020,weekday,Fri,4904.0,0.0068047452967282375,0.006390268003709168
lead sign at minute 3,2020,weekday,Sat,4888.0,-0.007030114786092774,0.007728110463830999
lead sign at minute 3,2020,weekday,Sun,4794.0,-0.0018874685295540935,0.005892770989462857
lead sign at minute 3,2020,session,Asia 00-08,11400.0,0.005372044458171843,0.003956693796845381
lead sign at minute 3,2020,session,Europe 08-13,7141.0,-0.0022392537776151655,0.0052557856952815
lead sign at minute 3,2020,session,overlap 13-17,5700.0,-0.0018209379979685794,0.0054208489308011105
lead sign at minute 3,2020,session,US 17-21,5714.0,-0.0021635253027724247,0.005932909634882571
lead sign at minute 3,2020,session,late 21-24,4296.0,-0.005239540369820004,0.006944601427301994
lead sign at minute 3,2020,month,Jan,2976.0,-0.008917004777821412,0.008619041117638402
lead sign at minute 3,2020,month,Feb,2556.0,-0.007842682500068855,0.010148122589128632
lead sign at minute 3,2020,month,Mar,2867.0,-0.007533186879677524,0.009650522369028778
lead sign at minute 3,2020,month,Apr,2770.0,0.01503320095953348,0.008642641710196715
lead sign at minute 3,2020,month,May,2976.0,0.015612565114651651,0.008210558011387509
lead sign at minute 3,2020,month,Jun,2766.0,-0.002455333096343513,0.008987912703256886
lead sign at minute 3,2020,month,Jul,2976.0,-0.009589047788574095,0.008931604723251827
lead sign at minute 3,2020,month,Aug,2976.0,0.006539984469490387,0.009223413164471323
lead sign at minute 3,2020,month,Sep,2880.0,0.009048945042967178,0.00773369697775716
lead sign at minute 3,2020,month,Oct,2976.0,0.001499661888845319,0.0077422290358781605
lead sign at minute 3,2020,month,Nov,2808.0,0.008639400883422917,0.008245044739468618
lead sign at minute 3,2020,month,Dec,2724.0,-0.021601446538041236,0.009432444741673214
lead sign at minute 3,2020,event slot,"funding hours (00, 08, 16)",4288.0,0.0006119632850897842,0.006509398613583857
lead sign at minute 3,2020,event slot,"funding settlement window (00:00, 08:00, 16:00 +15 min)",1072.0,-0.027839529252223598,0.014892718426881982
lead sign at minute 3,2020,event slot,US equity open window (13:30 +15 min),357.0,0.019418926368830823,0.02486629845304256
lead sign at minute 3,2020,event slot,US equity close window (20:00 +15 min),358.0,0.039918746408578516,0.02449878743523773
lead sign at minute 3,2020,event slot,first hour of the week (Mon 00-01),200.0,0.00835450059852274,0.029978757129412014
lead sign at minute 3,2020,event slot,"weekend (Sat, Sun)",9682.0,-0.0044837559600396475,0.004417559393003927
3-sd drop (5-min move < -3 sd),2020,hour,00:00,105.0,-0.044070561843581116,0.06523435357332695
3-sd drop (5-min move < -3 sd),2020,hour,01:00,55.0,,
3-sd drop (5-min move < -3 sd),2020,hour,02:00,63.0,,
3-sd drop (5-min move < -3 sd),2020,hour,03:00,54.0,,
3-sd drop (5-min move < -3 sd),2020,hour,04:00,83.0,,
3-sd drop (5-min move < -3 sd),2020,hour,05:00,105.0,-0.0821657999388192,0.057967968286297994
3-sd drop (5-min move < -3 sd),2020,hour,06:00,100.0,0.022119914346894993,0.061997735920082404
3-sd drop (5-min move < -3 sd),2020,hour,07:00,96.0,,
3-sd drop (5-min move < -3 sd),2020,hour,08:00,132.0,-0.045152812925832245,0.057918908825836724
3-sd drop (5-min move < -3 sd),2020,hour,09:00,82.0,,
3-sd drop (5-min move < -3 sd),2020,hour,10:00,160.0,-0.011630085653104853,0.06863635593161495
3-sd drop (5-min move < -3 sd),2020,hour,11:00,88.0,,
3-sd drop (5-min move < -3 sd),2020,hour,12:00,130.0,0.07058145280843348,0.060428856653812854
3-sd drop (5-min move < -3 sd),2020,hour,13:00,84.0,,
3-sd drop (5-min move < -3 sd),2020,hour,14:00,94.0,,
3-sd drop (5-min move < -3 sd),2020,hour,15:00,115.0,-0.0026626943487571128,0.0565784140875006
3-sd drop (5-min move < -3 sd),2020,hour,16:00,124.0,-0.10820266629826629,0.0625251438339806
3-sd drop (5-min move < -3 sd),2020,hour,17:00,58.0,,
3-sd drop (5-min move < -3 sd),2020,hour,18:00,94.0,,
3-sd drop (5-min move < -3 sd),2020,hour,19:00,89.0,,
3-sd drop (5-min move < -3 sd),2020,hour,20:00,95.0,,
3-sd drop (5-min move < -3 sd),2020,hour,21:00,126.0,0.06704054926752998,0.058223253886202406
3-sd drop (5-min move < -3 sd),2020,hour,22:00,81.0,,
3-sd drop (5-min move < -3 sd),2020,hour,23:00,122.0,-0.06788008565310495,0.057070943586611494
3-sd drop (5-min move < -3 sd),2020,weekday,Mon,310.0,0.035345720798508,0.03282139593759479
3-sd drop (5-min move < -3 sd),2020,weekday,Tue,329.0,0.012667026808901196,0.03522306236203344
3-sd drop (5-min move < -3 sd),2020,weekday,Wed,376.0,0.04914119094263972,0.030440173925044015
3-sd drop (5-min move < -3 sd),2020,weekday,Thu,405.0,-0.03454675231977163,0.040842021810390344
3-sd drop (5-min move < -3 sd),2020,weekday,Fri,322.0,-0.0026626943487571063,0.03335594147894745
3-sd drop (5-min move < -3 sd),2020,weekday,Sat,247.0,-0.025369964195615075,0.039271386485173206
3-sd drop (5-min move < -3 sd),2020,weekday,Sun,346.0,-0.03608817813865406,0.028417781410814143
3-sd drop (5-min move < -3 sd),2020,session,Asia 00-08,661.0,-0.009635002445843198,0.022083261021286157
3-sd drop (5-min move < -3 sd),2020,session,Europe 08-13,592.0,0.009822617049597835,0.024765055804396655
3-sd drop (5-min move < -3 sd),2020,session,overlap 13-17,417.0,-0.013923251120730847,0.029743651151169455
3-sd drop (5-min move < -3 sd),2020,session,US 17-21,336.0,0.009500866727847397,0.036298499581935394
3-sd drop (5-min move < -3 sd),2020,session,late 21-24,329.0,0.009627513131089626,0.033672264447477764
3-sd drop (5-min move < -3 sd),2020,month,Jan,202.0,-0.00847414505904547,0.044838897864882404
3-sd drop (5-min move < -3 sd),2020,month,Feb,119.0,0.037161931153617676,0.057113789602649616
3-sd drop (5-min move < -3 sd),2020,month,Mar,246.0,-0.12072561410838949,0.05256061766819439
3-sd drop (5-min move < -3 sd),2020,month,Apr,213.0,0.009584703079289412,0.036145907742225494
3-sd drop (5-min move < -3 sd),2020,month,May,212.0,0.05476142378085728,0.03776871025573119
3-sd drop (5-min move < -3 sd),2020,month,Jun,178.0,0.02200755479633326,0.05665687806071871
3-sd drop (5-min move < -3 sd),2020,month,Jul,210.0,0.04164372387070464,0.03331888873504246
3-sd drop (5-min move < -3 sd),2020,month,Aug,182.0,-0.06788008565310487,0.04262400702607647
3-sd drop (5-min move < -3 sd),2020,month,Sep,197.0,0.026028543788519428,0.042629799573981254
3-sd drop (5-min move < -3 sd),2020,month,Oct,224.0,0.008012771489752154,0.048668710805867446
3-sd drop (5-min move < -3 sd),2020,month,Nov,163.0,-0.00959787706414784,0.04933385103186489
3-sd drop (5-min move < -3 sd),2020,month,Dec,189.0,0.040585522812503556,0.04111478076240219
3-sd drop (5-min move < -3 sd),2020,event slot,"funding hours (00, 08, 16)",361.0,-0.06649504410185841,0.034267579028240375
3-sd drop (5-min move < -3 sd),2020,event slot,"funding settlement window (00:00, 08:00, 16:00 +15 min)",159.0,-0.07102473974115528,0.053224630702436417
3-sd drop (5-min move < -3 sd),2020,event slot,US equity open window (13:30 +15 min),24.0,,
3-sd drop (5-min move < -3 sd),2020,event slot,US equity close window (20:00 +15 min),31.0,,
3-sd drop (5-min move < -3 sd),2020,event slot,first hour of the week (Mon 00-01),19.0,,
3-sd drop (5-min move < -3 sd),2020,event slot,"weekend (Sat, Sun)",593.0,-0.03162376187570185,0.02233697883824365
3-sd rise (5-min move > +3 sd),2020,hour,00:00,108.0,-0.02464034282216101,0.07238454363487143
3-sd rise (5-min move > +3 sd),2020,hour,01:00,68.0,,
3-sd rise (5-min move > +3 sd),2020,hour,02:00,66.0,,
3-sd rise (5-min move > +3 sd),2020,hour,03:00,79.0,,
3-sd rise (5-min move > +3 sd),2020,hour,04:00,61.0,,
3-sd rise (5-min move > +3 sd),2020,hour,05:00,73.0,,
3-sd rise (5-min move > +3 sd),2020,hour,06:00,115.0,-0.026733740567732638,0.0624954074781263
3-sd rise (5-min move > +3 sd),2020,hour,07:00,116.0,-0.09105158164719293,0.06403906846929448
3-sd rise (5-min move > +3 sd),2020,hour,08:00,162.0,0.05560657075808586,0.05741741363815324
3-sd rise (5-min move > +3 sd),2020,hour,09:00,114.0,-0.03146295490793099,0.05422072798692557
3-sd rise (5-min move > +3 sd),2020,hour,10:00,163.0,-0.07656036099984789,0.05215418971936846
3-sd rise (5-min move > +3 sd),2020,hour,11:00,185.0,0.015099396917578726,0.05164578707317953
3-sd rise (5-min move > +3 sd),2020,hour,12:00,139.0,-0.06314287413044767,0.06517309356380145
3-sd rise (5-min move > +3 sd),2020,hour,13:00,161.0,0.009291104152764235,0.05433976774667854
3-sd rise (5-min move > +3 sd),2020,hour,14:00,102.0,0.012396694214876025,0.07090478802936546
3-sd rise (5-min move > +3 sd),2020,hour,15:00,101.0,0.0371491694624008,0.08978033465999052
3-sd rise (5-min move > +3 sd),2020,hour,16:00,103.0,0.07550349033138086,0.06509543447841792
3-sd rise (5-min move > +3 sd),2020,hour,17:00,59.0,,
3-sd rise (5-min move > +3 sd),2020,hour,18:00,72.0,,
3-sd rise (5-min move > +3 sd),2020,hour,19:00,68.0,,
3-sd rise (5-min move > +3 sd),2020,hour,20:00,105.0,0.017158598976780765,0.06638878698485236
3-sd rise (5-min move > +3 sd),2020,hour,21:00,137.0,-0.027749291186583834,0.06340316562597718
3-sd rise (5-min move > +3 sd),2020,hour,22:00,109.0,-0.010539085601637696,0.07108874546373815
3-sd rise (5-min move > +3 sd),2020,hour,23:00,75.0,,
3-sd rise (5-min move > +3 sd),2020,weekday,Mon,372.0,-0.011796854172220707,0.030906858396106546
3-sd rise (5-min move > +3 sd),2020,weekday,Tue,355.0,-0.03971598184146196,0.036149892696236044
3-sd rise (5-min move > +3 sd),2020,weekday,Wed,400.0,-0.03010330578512395,0.03158569956847443
3-sd rise (5-min move > +3 sd),2020,weekday,Thu,381.0,0.02945706166894429,0.03290960388625318
3-sd rise (5-min move > +3 sd),2020,weekday,Fri,314.0,0.05698268147602251,0.03477217141198104
3-sd rise (5-min move > +3 sd),2020,weekday,Sat,353.0,-0.006016903518835025,0.03783303967635395
3-sd rise (5-min move > +3 sd),2020,weekday,Sun,366.0,0.009664453777717559,0.03320256569004874
3-sd rise (5-min move > +3 sd),2020,session,Asia 00-08,686.0,-0.022588728525648746,0.022912279157952648
3-sd rise (5-min move > +3 sd),2020,session,Europe 08-13,763.0,-0.017092165549213063,0.020610330245621113
3-sd rise (5-min move > +3 sd),2020,session,overlap 13-17,467.0,0.030597979011449904,0.03056215430993434
3-sd rise (5-min move > +3 sd),2020,session,US 17-21,304.0,0.06502827316224452,0.038863270620563446
3-sd rise (5-min move > +3 sd),2020,session,late 21-24,321.0,-0.01719832136144795,0.03874180584015977
3-sd rise (5-min move > +3 sd),2020,month,Jan,227.0,0.04103105544835619,0.04433282630078827
3-sd rise (5-min move > +3 sd),2020,month,Feb,156.0,0.02521720703538879,0.05834429797781551
3-sd rise (5-min move > +3 sd),2020,month,Mar,188.0,0.08686477932125906,0.05294014193208061
3-sd rise (5-min move > +3 sd),2020,month,Apr,172.0,0.012396694214876025,0.05330584117549462
3-sd rise (5-min move > +3 sd),2020,month,May,234.0,-0.034611852793670975,0.03587445950279633
3-sd rise (5-min move > +3 sd),2020,month,Jun,255.0,-0.017015070491006326,0.04375567595153291
3-sd rise (5-min move > +3 sd),2020,month,Jul,257.0,-0.024568286329871035,0.04131735272264188
3-sd rise (5-min move > +3 sd),2020,month,Aug,214.0,-0.029659380551479122,0.043528330826680985
3-sd rise (5-min move > +3 sd),2020,month,Sep,226.0,0.03452058802018578,0.04034333957564262
3-sd rise (5-min move > +3 sd),2020,month,Oct,221.0,-0.030589731124490503,0.04618084120688293
3-sd rise (5-min move > +3 sd),2020,month,Nov,195.0,0.009832591650773465,0.04572153898873334
3-sd rise (5-min move > +3 sd),2020,month,Dec,196.0,-0.048827795581042346,0.054489038574355074
3-sd rise (5-min move > +3 sd),2020,event slot,"funding hours (00, 08, 16)",373.0,0.03786586311568033,0.036145883092545995
3-sd rise (5-min move > +3 sd),2020,event slot,"funding settlement window (00:00, 08:00, 16:00 +15 min)",166.0,0.030468983371502525,0.05252690882750907
3-sd rise (5-min move > +3 sd),2020,event slot,US equity open window (13:30 +15 min),57.0,,
3-sd rise (5-min move > +3 sd),2020,event slot,US equity close window (20:00 +15 min),35.0,,
3-sd rise (5-min move > +3 sd),2020,event slot,first hour of the week (Mon 00-01),22.0,,
3-sd rise (5-min move > +3 sd),2020,event slot,"weekend (Sat, Sun)",719.0,0.001965539833791221,0.022815339724964228
4-hour low (rangepos <= 0.02),2020,hour,00:00,139.0,-0.0415850525686321,0.05381378188988544
4-hour low (rangepos <= 0.02),2020,hour,01:00,96.0,,
4-hour low (rangepos <= 0.02),2020,hour,02:00,119.0,-0.08166727250696723,0.058270797649340796
4-hour low (rangepos <= 0.02),2020,hour,03:00,126.0,0.09293590209620747,0.046200824751875896
4-hour low (rangepos <= 0.02),2020,hour,04:00,98.0,,
4-hour low (rangepos <= 0.02),2020,hour,05:00,146.0,-0.043506802839648154,0.05765483665159553
4-hour low (rangepos <= 0.02),2020,hour,06:00,101.0,0.10928039368822377,0.046379370359478596
4-hour low (rangepos <= 0.02),2020,hour,07:00,116.0,-0.0410268784182973,0.04708978236153946
4-hour low (rangepos <= 0.02),2020,hour,08:00,113.0,-0.07787460499748547,0.06516076885157064
4-hour low (rangepos <= 0.02),2020,hour,09:00,110.0,-0.007641298480993109,0.056796830442911596
4-hour low (rangepos <= 0.02),2020,hour,10:00,102.0,0.03317866586838302,0.08475290819811644
4-hour low (rangepos <= 0.02),2020,hour,11:00,99.0,,
4-hour low (rangepos <= 0.02),2020,hour,12:00,81.0,,
4-hour low (rangepos <= 0.02),2020,hour,13:00,75.0,,
4-hour low (rangepos <= 0.02),2020,hour,14:00,74.0,,
4-hour low (rangepos <= 0.02),2020,hour,15:00,100.0,0.08690415606446135,0.06659762467044762
4-hour low (rangepos <= 0.02),2020,hour,16:00,82.0,,
4-hour low (rangepos <= 0.02),2020,hour,17:00,66.0,,
4-hour low (rangepos <= 0.02),2020,hour,18:00,75.0,,
4-hour low (rangepos <= 0.02),2020,hour,19:00,55.0,,
4-hour low (rangepos <= 0.02),2020,hour,20:00,123.0,-0.059599908976188956,0.05799908270927352
4-hour low (rangepos <= 0.02),2020,hour,21:00,75.0,,
4-hour low (rangepos <= 0.02),2020,hour,22:00,92.0,,
4-hour low (rangepos <= 0.02),2020,hour,23:00,95.0,,
4-hour low (rangepos <= 0.02),2020,weekday,Mon,299.0,0.045900811582856006,0.03270740686740972
4-hour low (rangepos <= 0.02),2020,weekday,Tue,288.0,0.03787637828668359,0.03671830516829985
4-hour low (rangepos <= 0.02),2020,weekday,Wed,324.0,0.032089341249646665,0.03455158210921966
4-hour low (rangepos <= 0.02),2020,weekday,Thu,372.0,-0.07782702673123748,0.0439293294057873
4-hour low (rangepos <= 0.02),2020,weekday,Fri,392.0,-0.048504007200844745,0.02960332504129555
4-hour low (rangepos <= 0.02),2020,weekday,Sat,346.0,0.008753867047120376,0.032776821883260435
4-hour low (rangepos <= 0.02),2020,weekday,Sun,337.0,0.029396737666835343,0.034632889351757734
4-hour low (rangepos <= 0.02),2020,session,Asia 00-08,941.0,0.006840394109094817,0.015345639072132258
4-hour low (rangepos <= 0.02),2020,session,Europe 08-13,505.0,-0.005571091460291093,0.02447062058668576
4-hour low (rangepos <= 0.02),2020,session,overlap 13-17,331.0,0.032704760294068595,0.033985399897752545
4-hour low (rangepos <= 0.02),2020,session,US 17-21,319.0,-0.016732207571902233,0.032044681329220115
4-hour low (rangepos <= 0.02),2020,session,late 21-24,262.0,-0.03477523324851568,0.034319127889932924
4-hour low (rangepos <= 0.02),2020,month,Jan,243.0,-0.03581189331825463,0.035281232308162026
4-hour low (rangepos <= 0.02),2020,month,Feb,282.0,-0.014797971595113004,0.04083320734251957
4-hour low (rangepos <= 0.02),2020,month,Mar,263.0,-0.10936960819409378,0.061599114775475944
4-hour low (rangepos <= 0.02),2020,month,Apr,98.0,,
4-hour low (rangepos <= 0.02),2020,month,May,63.0,,
4-hour low (rangepos <= 0.02),2020,month,Jun,117.0,0.06485287401317931,0.033866969157076626
4-hour low (rangepos <= 0.02),2020,month,Jul,112.0,0.05226129892160429,0.05018152300889219
4-hour low (rangepos <= 0.02),2020,month,Aug,279.0,0.0064023639497660335,0.03829166770061305
4-hour low (rangepos <= 0.02),2020,month,Sep,303.0,0.013570822731128019,0.03334960925002061
4-hour low (rangepos <= 0.02),2020,month,Oct,147.0,-3.4619445742745735e-05,0.046706559547296994
4-hour low (rangepos <= 0.02),2020,month,Nov,248.0,0.08883963993542918,0.03111927787167663
4-hour low (rangepos <= 0.02),2020,month,Dec,203.0,0.0070026782319490355,0.05112704025106507
4-hour low (rangepos <= 0.02),2020,event slot,"funding hours (00, 08, 16)",334.0,-0.05129943674990984,0.033930475539816575
4-hour low (rangepos <= 0.02),2020,event slot,"funding settlement window (00:00, 08:00, 16:00 +15 min)",87.0,,
4-hour low (rangepos <= 0.02),2020,event slot,US equity open window (13:30 +15 min),15.0,,
4-hour low (rangepos <= 0.02),2020,event slot,US equity close window (20:00 +15 min),39.0,,
4-hour low (rangepos <= 0.02),2020,event slot,first hour of the week (Mon 00-01),19.0,,
4-hour low (rangepos <= 0.02),2020,event slot,"weekend (Sat, Sun)",683.0,0.018939295156701532,0.022304123877031016
4-hour high (rangepos >= 0.98),2020,hour,00:00,364.0,-0.058550420168067205,0.04240563834064034
4-hour high (rangepos >= 0.98),2020,hour,01:00,254.0,0.019908522464103743,0.045556550735979064
4-hour high (rangepos >= 0.98),2020,hour,02:00,238.0,0.02338235294117646,0.05126167425837315
4-hour high (rangepos >= 0.98),2020,hour,03:00,191.0,0.04971435170927003,0.042686457538485996
4-hour high (rangepos >= 0.98),2020,hour,04:00,192.0,0.06719362745098044,0.04769494790991297
4-hour high (rangepos >= 0.98),2020,hour,05:00,169.0,-0.014383049077619206,0.06113145124363418
4-hour high (rangepos >= 0.98),2020,hour,06:00,245.0,-0.0024279711884754164,0.041851804977213344
4-hour high (rangepos >= 0.98),2020,hour,07:00,242.0,0.06276008750607684,0.0393256044654021
4-hour high (rangepos >= 0.98),2020,hour,08:00,325.0,-0.06811085972850679,0.046772512424367495
4-hour high (rangepos >= 0.98),2020,hour,09:00,231.0,0.0031378915202444706,0.057281927058384835
4-hour high (rangepos >= 0.98),2020,hour,10:00,293.0,-0.00040805059225059527,0.04256026444914111
4-hour high (rangepos >= 0.98),2020,hour,11:00,243.0,0.014788792060033888,0.04276886591269893
4-hour high (rangepos >= 0.98),2020,hour,12:00,304.0,0.0011300309597523572,0.0381109972637445
4-hour high (rangepos >= 0.98),2020,hour,13:00,307.0,-0.06006275148495876,0.04429616480948902
4-hour high (rangepos >= 0.98),2020,hour,14:00,228.0,-0.028475232198142415,0.04474401457725906
4-hour high (rangepos >= 0.98),2020,hour,15:00,305.0,-0.02049421407907429,0.04503081229005664
4-hour high (rangepos >= 0.98),2020,hour,16:00,341.0,-0.06347291702604803,0.044802048197116334
4-hour high (rangepos >= 0.98),2020,hour,17:00,197.0,0.05040534487906843,0.044125029788937745
4-hour high (rangepos >= 0.98),2020,hour,18:00,205.0,-0.043045193687230913,0.05121124875670208
4-hour high (rangepos >= 0.98),2020,hour,19:00,237.0,0.06396314221891289,0.04230075844945161
4-hour high (rangepos >= 0.98),2020,hour,20:00,356.0,-0.02403998678122935,0.04516029373225216
4-hour high (rangepos >= 0.98),2020,hour,21:00,575.0,0.0439961636828645,0.03620979265211612
4-hour high (rangepos >= 0.98),2020,hour,22:00,434.0,-0.006707102195717081,0.03823292744969183
4-hour high (rangepos >= 0.98),2020,hour,23:00,324.0,0.05079702251270878,0.04193267348317296
4-hour high (rangepos >= 0.98),2020,weekday,Mon,999.0,-0.03971015132779836,0.023794405943057078
4-hour high (rangepos >= 0.98),2020,weekday,Tue,1064.0,-0.00873839009287928,0.02560840655129693
4-hour high (rangepos >= 0.98),2020,weekday,Wed,1037.0,0.030614754098360623,0.02308710101097106
4-hour high (rangepos >= 0.98),2020,weekday,Thu,983.0,0.0018695769253784544,0.02060121860031511
4-hour high (rangepos >= 0.98),2020,weekday,Fri,943.0,0.0017056016468092738,0.025361462639673493
4-hour high (rangepos >= 0.98),2020,weekday,Sat,967.0,0.016903856682279977,0.02828364613353979
4-hour high (rangepos >= 0.98),2020,weekday,Sun,807.0,-0.0031866389678548318,0.02278218642723609
4-hour high (rangepos >= 0.98),2020,session,Asia 00-08,1895.0,0.012595452428992683,0.016274739950652962
4-hour high (rangepos >= 0.98),2020,session,Europe 08-13,1396.0,-0.01260281476487447,0.019600969941685763
4-hour high (rangepos >= 0.98),2020,session,overlap 13-17,1181.0,-0.04473041291029534,0.022204496734417156
4-hour high (rangepos >= 0.98),2020,session,US 17-21,995.0,0.007745344368903392,0.02233813378889812
4-hour high (rangepos >= 0.98),2020,session,late 21-24,1333.0,0.029141145580512832,0.020131167549809516
4-hour high (rangepos >= 0.98),2020,month,Jan,601.0,0.024703680140941573,0.030334816312759673
4-hour high (rangepos >= 0.98),2020,month,Feb,556.0,0.026238891239949203,0.03000466189309112
4-hour high (rangepos >= 0.98),2020,month,Mar,399.0,0.08242702344095533,0.024812098001387457
4-hour high (rangepos >= 0.98),2020,month,Apr,297.0,-0.021874133491780575,0.04152753340591646
4-hour high (rangepos >= 0.98),2020,month,May,398.0,0.03136343482116468,0.028057939949576748
4-hour high (rangepos >= 0.98),2020,month,Jun,253.0,0.018383515461520547,0.03999098651303411
4-hour high (rangepos >= 0.98),2020,month,Jul,498.0,0.002120836286321787,0.03849779585475798
4-hour high (rangepos >= 0.98),2020,month,Aug,787.0,-0.046615404738769725,0.02901982130119036
4-hour high (rangepos >= 0.98),2020,month,Sep,524.0,0.01642231701841048,0.03388192335500072
4-hour high (rangepos >= 0.98),2020,month,Oct,658.0,0.0014799749687108468,0.034504441392700244
4-hour high (rangepos >= 0.98),2020,month,Nov,1064.0,-0.044452675807164985,0.022627634162631523
4-hour high (rangepos >= 0.98),2020,month,Dec,765.0,0.0005065359477123873,0.026399990098174297
4-hour high (rangepos >= 0.98),2020,event slot,"funding hours (00, 08, 16)",1030.0,-0.06319674471730441,0.022137375677209158
4-hour high (rangepos >= 0.98),2020,event slot,"funding settlement window (00:00, 08:00, 16:00 +15 min)",288.0,-0.0803758169934641,0.04390704177785571
4-hour high (rangepos >= 0.98),2020,event slot,US equity open window (13:30 +15 min),87.0,,
4-hour high (rangepos >= 0.98),2020,event slot,US equity close window (20:00 +15 min),88.0,,
4-hour high (rangepos >= 0.98),2020,event slot,first hour of the week (Mon 00-01),64.0,,
4-hour high (rangepos >= 0.98),2020,event slot,"weekend (Sat, Sun)",1774.0,0.007764606406260378,0.017048658183582754
RSI14 below 25,2020,hour,00:00,219.0,0.027442584850983325,0.047512905291525416
RSI14 below 25,2020,hour,01:00,132.0,-0.08909954881443798,0.06691208264019584
RSI14 below 25,2020,hour,02:00,186.0,-0.05268703659547419,0.056405602015133234
RSI14 below 25,2020,hour,03:00,152.0,0.06580475740565786,0.059336401472961334
RSI14 below 25,2020,hour,04:00,195.0,-0.02208323179812094,0.06087436312842133
RSI14 below 25,2020,hour,05:00,243.0,-0.03981036063636095,0.051995652012262285
RSI14 below 25,2020,hour,06:00,189.0,-0.05627126598615512,0.04950732450842423
RSI14 below 25,2020,hour,07:00,213.0,-0.020277525767062834,0.05204309660752568
RSI14 below 25,2020,hour,08:00,221.0,-0.005491979912751465,0.05134368211780006
RSI14 below 25,2020,hour,09:00,202.0,-0.017767415601116623,0.04806287228388378
RSI14 below 25,2020,hour,10:00,276.0,-0.017623922990986054,0.05946105834491929
RSI14 below 25,2020,hour,11:00,154.0,0.018043308328419237,0.05457277965489115
RSI14 below 25,2020,hour,12:00,189.0,0.033675823960934846,0.06117759600963405
RSI14 below 25,2020,hour,13:00,152.0,0.07238370477407888,0.05234692108266552
RSI14 below 25,2020,hour,14:00,197.0,-0.02807047636404569,0.04969552005640442
RSI14 below 25,2020,hour,15:00,183.0,-0.00526944449253038,0.05062335325603116
RSI14 below 25,2020,hour,16:00,152.0,-0.07235313733118437,0.07102183479601637
RSI14 below 25,2020,hour,17:00,127.0,0.0023464068047460342,0.08122749631939083
RSI14 below 25,2020,hour,18:00,161.0,0.04034709150176763,0.058291021278538475
RSI14 below 25,2020,hour,19:00,174.0,0.049092718688174414,0.05066100519982051
RSI14 below 25,2020,hour,20:00,206.0,-0.024448180765011696,0.054664706523419385
RSI14 below 25,2020,hour,21:00,332.0,0.08395631098840979,0.04314367485382054
RSI14 below 25,2020,hour,22:00,256.0,0.06786067845828929,0.03821386237034573
RSI14 below 25,2020,hour,23:00,224.0,-0.06271967868456775,0.048787786468566324
RSI14 below 25,2020,weekday,Mon,625.0,0.028173178458289382,0.029091233386785705
RSI14 below 25,2020,weekday,Tue,717.0,0.02973524261449573,0.025806505821671166
RSI14 below 25,2020,weekday,Wed,681.0,0.04602927243773135,0.030727088820162295
RSI14 below 25,2020,weekday,Thu,780.0,-0.10285246256735173,0.03422602685058002
RSI14 below 25,2020,weekday,Fri,721.0,-0.018206849280961772,0.027471154087140577
RSI14 below 25,2020,weekday,Sat,488.0,0.037763342392715546,0.03249635506703518
RSI14 below 25,2020,weekday,Sun,723.0,0.006430439869077755,0.021668066654579106
RSI14 below 25,2020,session,Asia 00-08,1529.0,-0.022552786224509888,0.01626262686684832
RSI14 below 25,2020,session,Europe 08-13,1042.0,-0.0005024453420945353,0.020718397302468255
RSI14 below 25,2020,session,overlap 13-17,684.0,-0.009487640255160947,0.02804796255021526
RSI14 below 25,2020,session,US 17-21,668.0,0.015418687440325287,0.02679238869605103
RSI14 below 25,2020,session,late 21-24,812.0,0.03841948387700853,0.023443772235639204
RSI14 below 25,2020,month,Jan,342.0,-0.0036396870387866986,0.0438873859864354
RSI14 below 25,2020,month,Feb,312.0,-0.0028524625673517043,0.038887676924321615
RSI14 below 25,2020,month,Mar,452.0,-0.13837549410808234,0.047535586471137495
RSI14 below 25,2020,month,Apr,330.0,-0.01788742760231673,0.03703656277692123
RSI14 below 25,2020,month,May,301.0,0.03269145088353849,0.03211718507322943
RSI14 below 25,2020,month,Jun,419.0,-0.027101284548870515,0.038331584057965495
RSI14 below 25,2020,month,Jul,557.0,0.056036733215919454,0.03269943631586744
RSI14 below 25,2020,month,Aug,365.0,-0.00634736948691617,0.03442674463331687
RSI14 below 25,2020,month,Sep,453.0,-0.013592825956721725,0.03546471706067528
RSI14 below 25,2020,month,Oct,550.0,0.05544590573101658,0.041913349015880966
RSI14 below 25,2020,month,Nov,297.0,0.06830785859296948,0.04273318159810405
RSI14 below 25,2020,month,Dec,357.0,-0.003983684286808794,0.025039315660186558
RSI14 below 25,2020,event slot,"funding hours (00, 08, 16)",592.0,-0.010475470190359363,0.03240347607497756
RSI14 below 25,2020,event slot,"funding settlement window (00:00, 08:00, 16:00 +15 min)",170.0,-0.02947388036524008,0.05783763234440229
RSI14 below 25,2020,event slot,US equity open window (13:30 +15 min),43.0,,
RSI14 below 25,2020,event slot,US equity close window (20:00 +15 min),61.0,,
RSI14 below 25,2020,event slot,first hour of the week (Mon 00-01),46.0,,
RSI14 below 25,2020,event slot,"weekend (Sat, Sun)",1211.0,0.01905674575804158,0.01806224775790643
RSI14 above 75,2020,hour,00:00,319.0,-0.03448991875485272,0.05212909150409815
RSI14 above 75,2020,hour,01:00,207.0,0.03738323557707234,0.04749766675650033
RSI14 above 75,2020,hour,02:00,236.0,-0.09741165511317586,0.06399353999826879
RSI14 above 75,2020,hour,03:00,243.0,-0.06084542786898249,0.04850413260044806
RSI14 above 75,2020,hour,04:00,211.0,-0.011521222146672404,0.05756429891309208
RSI14 above 75,2020,hour,05:00,204.0,0.0066926984926733235,0.0605034412439272
RSI14 above 75,2020,hour,06:00,293.0,-0.0064907318760612925,0.04149715078590716
RSI14 above 75,2020,hour,07:00,292.0,0.002193638594741479,0.05789399569659268
RSI14 above 75,2020,hour,08:00,372.0,0.02756556376781568,0.05292012822544126
RSI14 above 75,2020,hour,09:00,310.0,-0.022972070640786504,0.04757060705572893
RSI14 above 75,2020,hour,10:00,332.0,-0.06039919850709052,0.043874961020035304
RSI14 above 75,2020,hour,11:00,336.0,0.02314928112572651,0.04160598780695782
RSI14 above 75,2020,hour,12:00,281.0,0.019950670720710377,0.05746712705673788
RSI14 above 75,2020,hour,13:00,316.0,0.02412878685206769,0.04794529514644717
RSI14 above 75,2020,hour,14:00,279.0,0.0060601874237296025,0.058674634614501155
RSI14 above 75,2020,hour,15:00,280.0,-0.017326909350463934,0.05641038295876256
RSI14 above 75,2020,hour,16:00,216.0,0.0410064239828694,0.05915125425885703
RSI14 above 75,2020,hour,17:00,146.0,0.06041281667693324,0.059577590968381375
RSI14 above 75,2020,hour,18:00,233.0,0.019904850306188444,0.047499393323519865
RSI14 above 75,2020,hour,19:00,258.0,0.0351924704944973,0.057219741006728796
RSI14 above 75,2020,hour,20:00,320.0,-0.032951909350463965,0.048081550593470856
RSI14 above 75,2020,hour,21:00,549.0,0.024157607953725513,0.040771809850932685
RSI14 above 75,2020,hour,22:00,441.0,-0.03212282771781087,0.0393996457716306
RSI14 above 75,2020,hour,23:00,331.0,0.06794499397279893,0.03837803644674454
RSI14 above 75,2020,weekday,Mon,1086.0,0.006476037242537889,0.022123883127061535
RSI14 above 75,2020,weekday,Tue,965.0,0.0017145414267381925,0.026875315356119263
RSI14 above 75,2020,weekday,Wed,1066.0,-0.017936665448024885,0.02385341249189426
RSI14 above 75,2020,weekday,Thu,1048.0,-0.015609352098555523,0.025844486460997577
RSI14 above 75,2020,weekday,Fri,924.0,0.008538891515336875,0.029425318909158137
RSI14 above 75,2020,weekday,Sat,952.0,0.04170670409491423,0.02835913216703362
RSI14 above 75,2020,weekday,Sun,964.0,-0.02158002138365891,0.02514192210138581
RSI14 above 75,2020,session,Asia 00-08,2005.0,-0.021628654986374205,0.016887912454906704
RSI14 above 75,2020,session,Europe 08-13,1631.0,-0.002167497946417403,0.01870180414746656
RSI14 above 75,2020,session,overlap 13-17,1091.0,0.012210212556043917,0.026951824191857262
RSI14 above 75,2020,session,US 17-21,957.0,0.012532024818815046,0.027021998127892157
RSI14 above 75,2020,session,late 21-24,1321.0,0.01634076665256411,0.021730817982098687
RSI14 above 75,2020,month,Jan,447.0,-0.021074112929882306,0.045418640141264774
RSI14 above 75,2020,month,Feb,424.0,0.021352335932554877,0.0467732530999025
RSI14 above 75,2020,month,Mar,422.0,0.016914796810673503,0.03364315260850874
RSI14 above 75,2020,month,Apr,481.0,-0.003865370888925506,0.04193635684220178
RSI14 above 75,2020,month,May,499.0,-0.057356969470704455,0.03412755293806094
RSI14 above 75,2020,month,Jun,523.0,0.021726627934430833,0.0376809403524575
RSI14 above 75,2020,month,Jul,816.0,0.011594659276987029,0.03169989166076679
RSI14 above 75,2020,month,Aug,575.0,-0.027544300654811775,0.03870963048204182
RSI14 above 75,2020,month,Sep,616.0,0.040465298441743756,0.033445692579076224
RSI14 above 75,2020,month,Oct,808.0,0.02821764510498155,0.028705052280780154
RSI14 above 75,2020,month,Nov,706.0,-0.04232690935046399,0.027812491147571426
RSI14 above 75,2020,month,Dec,688.0,0.0012777418123267018,0.026316507525397326
RSI14 above 75,2020,event slot,"funding hours (00, 08, 16)",907.0,0.008941006856812818,0.030369447783041712
RSI14 above 75,2020,event slot,"funding settlement window (00:00, 08:00, 16:00 +15 min)",309.0,0.004598656992578133,0.04732696226881892
RSI14 above 75,2020,event slot,US equity open window (13:30 +15 min),102.0,-0.05213083091909146,0.09303104597236048
RSI14 above 75,2020,event slot,US equity close window (20:00 +15 min),61.0,,
RSI14 above 75,2020,event slot,first hour of the week (Mon 00-01),73.0,,
RSI14 above 75,2020,event slot,"weekend (Sat, Sun)",1916.0,0.009865157455381558,0.017491268360620822
reversal at the open,2021,hour,00:00,1436.0,-0.013566573070607421,0.01196434884431343
reversal at the open,2021,hour,01:00,1436.0,-0.021923119031610244,0.011889902169905717
reversal at the open,2021,hour,02:00,1424.0,-0.01700152033360387,0.012510747168775243
reversal at the open,2021,hour,03:00,1422.0,-0.01207097465494277,0.012215393741333316
reversal at the open,2021,hour,04:00,1418.0,-0.009925562741806586,0.011895850969539011
reversal at the open,2021,hour,05:00,1422.0,0.0005872531931585818,0.01133734445129027
reversal at the open,2021,hour,06:00,1428.0,0.008893107180322993,0.011625243337267332
reversal at the open,2021,hour,07:00,1426.0,0.006833517566076262,0.012382732377083481
reversal at the open,2021,hour,08:00,1428.0,0.008893107180322993,0.012663715982114935
reversal at the open,2021,hour,09:00,1429.0,0.007121579815003257,0.012653882700070748
reversal at the open,2021,hour,10:00,1436.0,0.008717549492066632,0.011576788519294928
reversal at the open,2021,hour,11:00,1436.0,0.009413928322150183,0.012616676291486741
reversal at the open,2021,hour,12:00,1436.0,0.011503064812400942,0.012322799245252205
reversal at the open,2021,hour,13:00,1436.0,0.001753761191231017,0.011354540838799757
reversal at the open,2021,hour,14:00,1436.0,-0.007995542429938909,0.012518467397570397
reversal at the open,2021,hour,15:00,1436.0,0.016377716622985903,0.012051271776502058
reversal at the open,2021,hour,16:00,1436.0,-0.003817269449437496,0.012095939575935731
reversal at the open,2021,hour,17:00,1436.0,-0.01913760371127604,0.012105166406879801
reversal at the open,2021,hour,18:00,1436.0,0.03587632386532576,0.013378317303916672
reversal at the open,2021,hour,19:00,1436.0,-0.0031208906193539456,0.012247164196958723
reversal at the open,2021,hour,20:00,1436.0,-0.0017281329591868437,0.012982171506669915
reversal at the open,2021,hour,21:00,1436.0,-0.013566573070607421,0.012394948645090375
reversal at the open,2021,hour,22:00,1436.0,0.009413928322150183,0.012232784927924805
reversal at the open,2021,hour,23:00,1436.0,-0.0017281329591868437,0.012687789342960158
reversal at the open,2021,weekday,Mon,4953.0,-0.002732560651921877,0.005321819104335313
reversal at the open,2021,weekday,Tue,4904.0,-0.005694538644728021,0.005870623905638184
reversal at the open,2021,weekday,Wed,4902.0,0.0008403144598076843,0.005502862164376456
reversal at the open,2021,weekday,Thu,4870.0,-0.004755021475656837,0.0055615707294961025
reversal at the open,2021,weekday,Fri,4976.0,0.0004914346141904589,0.005709362765438903
reversal at the open,2021,weekday,Sat,4874.0,0.009592237878970922,0.005627467517099411
reversal at the open,2021,weekday,Sun,4894.0,0.0023089859960912277,0.005549865699229674
reversal at the open,2021,session,Asia 00-08,11412.0,-0.0072847624954126555,0.0035649871764490784
reversal at the open,2021,session,Europe 08-13,7165.0,0.00913207227089525,0.004862697918903595
reversal at the open,2021,session,overlap 13-17,5744.0,0.001579666483710159,0.005866859646671973
reversal at the open,2021,session,US 17-21,5744.0,0.0029724241438772252,0.005760411672873574
reversal at the open,2021,session,late 21-24,4308.0,-0.0019602592358813043,0.00691155092785264
reversal at the open,2021,month,Jan,2976.0,-0.0014501430229841047,0.006316754367676542
reversal at the open,2021,month,Feb,2582.0,0.005265862324208606,0.009443346907589622
reversal at the open,2021,month,Mar,2870.0,0.0024676101522435796,0.008030330090625953
reversal at the open,2021,month,Apr,2651.0,-0.00281565025701635,0.0071213013735585955
reversal at the open,2021,month,May,2976.0,-0.003802293560618484,0.006359716172854447
reversal at the open,2021,month,Jun,2880.0,-0.014980608972804881,0.007508688876745711
reversal at the open,2021,month,Jul,2976.0,-0.004474336571371135,0.006888788585792585
reversal at the open,2021,month,Aug,2858.0,-0.007224116476109518,0.008032908384121764
reversal at the open,2021,month,Sep,2772.0,-0.004581979824175715,0.007741738095818727
reversal at the open,2021,month,Oct,2976.0,-0.004474336571371135,0.008189065415817372
reversal at the open,2021,month,Nov,2880.0,0.019741613249417343,0.006834244058761456
reversal at the open,2021,month,Dec,2976.0,0.016358996761962157,0.00682971488837414
reversal at the open,2021,event slot,"funding hours (00, 08, 16)",4300.0,-0.0028520560012287297,0.006699852798922387
reversal at the open,2021,event slot,"funding settlement window (00:00, 08:00, 16:00 +15 min)",1075.0,0.0057525951615620486,0.014625226773844282
reversal at the open,2021,event slot,US equity open window (13:30 +15 min),359.0,0.026127020244155832,0.026225391330684054
reversal at the open,2021,event slot,US equity close window (20:00 +15 min),359.0,-0.021226740201526647,0.026298199866596515
reversal at the open,2021,event slot,first hour of the week (Mon 00-01),204.0,-0.0863449880577722,0.035037745471264176
reversal at the open,2021,event slot,"weekend (Sat, Sun)",9768.0,0.00594315570095973,0.0036226454885652523
lead sign at minute 3,2021,hour,00:00,1436.0,-0.01498775476995085,0.011911530048671827
lead sign at minute 3,2021,hour,01:00,1436.0,0.010778261943141064,0.012536475553632211
lead sign at minute 3,2021,hour,02:00,1424.0,0.006551085954909055,0.012907559587972562
lead sign at minute 3,2021,hour,03:00,1422.0,0.004667562195051875,0.012771555909524944
lead sign at minute 3,2021,hour,04:00,1418.0,-0.011104141379047616,0.012776312700333402
lead sign at minute 3,2021,hour,05:00,1422.0,-0.01431977957709994,0.011794528667976647
lead sign at minute 3,2021,hour,06:00,1428.0,0.004700064647509722,0.01235392915644951
lead sign at minute 3,2021,hour,07:00,1426.0,-0.0020896077431856734,0.012183814944286126
lead sign at minute 3,2021,hour,08:00,1428.0,-0.007204697257252192,0.013002858495282058
lead sign at minute 3,2021,hour,09:00,1429.0,-0.008357292655103394,0.012293063654853048
lead sign at minute 3,2021,hour,10:00,1436.0,-0.012898618279700198,0.012392921384106801
lead sign at minute 3,2021,hour,11:00,1436.0,0.0038144736423053427,0.0121582440676278
lead sign at minute 3,2021,hour,12:00,1436.0,-0.0038456934886138233,0.012394099002652632
lead sign at minute 3,2021,hour,13:00,1436.0,0.007296367792723204,0.01196272921669996
lead sign at minute 3,2021,hour,14:00,1436.0,-0.008720345299198786,0.012126222737797981
lead sign at minute 3,2021,hour,15:00,1436.0,-0.004542072318697374,0.012580639848876874
lead sign at minute 3,2021,hour,16:00,1436.0,-0.010113102959365888,0.012101496114562538
lead sign at minute 3,2021,hour,17:00,1436.0,-0.0010601781682795133,0.011850882932745185
lead sign at minute 3,2021,hour,18:00,1436.0,0.005207231302472551,0.013346929970214525
lead sign at minute 3,2021,hour,19:00,1436.0,0.012867398433391823,0.012127191653307412
lead sign at minute 3,2021,hour,20:00,1436.0,0.005207231302472551,0.012545701625225312
lead sign at minute 3,2021,hour,21:00,1436.0,0.02122394439439454,0.011930301521722987
lead sign at minute 3,2021,hour,22:00,1436.0,0.017742050243976678,0.012093408440915712
lead sign at minute 3,2021,hour,23:00,1436.0,-0.0010601781682795133,0.012216891300259285
lead sign at minute 3,2021,weekday,Mon,4953.0,-0.005767659692377679,0.006622753078486377
lead sign at minute 3,2021,weekday,Tue,4904.0,-0.011318985713254544,0.005741376263770604
lead sign at minute 3,2021,weekday,Wed,4902.0,-0.0008567480408458773,0.006189001628846786
lead sign at minute 3,2021,weekday,Thu,4870.0,0.010212865250297024,0.00644706429672254
lead sign at minute 3,2021,weekday,Fri,4976.0,0.00932168821655143,0.0059358809394427035
lead sign at minute 3,2021,weekday,Sat,4874.0,0.009052031121419755,0.006629029029387522
lead sign at minute 3,2021,weekday,Sun,4894.0,-0.01061824085205011,0.006422379236241899
lead sign at minute 3,2021,session,Asia 00-08,11412.0,-0.001967691834683578,0.0038962753953398007
lead sign at minute 3,2021,session,Europe 08-13,7165.0,-0.005694086034396057,0.005068216100166142
lead sign at minute 3,2021,session,overlap 13-17,5744.0,-0.004019788196134726,0.005603647610474164
lead sign at minute 3,2021,session,US 17-21,5744.0,0.005555420717514304,0.005988973951295528
lead sign at minute 3,2021,session,late 21-24,4308.0,0.0126352721566972,0.006923044564733145
lead sign at minute 3,2021,month,Jan,2976.0,0.0073628232993575,0.007410353257694119
lead sign at minute 3,2021,month,Feb,2582.0,0.01575971701349099,0.008456503438366911
lead sign at minute 3,2021,month,Mar,2870.0,0.007408953080931926,0.009186257126357856
lead sign at minute 3,2021,month,Apr,2651.0,-0.0028112386289875528,0.009081430449187992
lead sign at minute 3,2021,month,May,2976.0,0.01811551147140052,0.007303444350229839
lead sign at minute 3,2021,month,Jun,2880.0,0.009972590324447174,0.009757408487765943
lead sign at minute 3,2021,month,Jul,2976.0,0.003330565234841392,0.008771182706838417
lead sign at minute 3,2021,month,Aug,2858.0,-0.018154353536838908,0.007300681702358586
lead sign at minute 3,2021,month,Sep,2772.0,-0.028722395245538414,0.010180700111059938
lead sign at minute 3,2021,month,Oct,2976.0,-0.005069972399567149,0.008307943211651401
lead sign at minute 3,2021,month,Nov,2880.0,0.0012920347688916425,0.00746598074171199
lead sign at minute 3,2021,month,Dec,2976.0,-0.00876620895870693,0.006577203911660939
lead sign at minute 3,2021,event slot,"funding hours (00, 08, 16)",4300.0,-0.010775148693640699,0.006415922992773458
lead sign at minute 3,2021,event slot,"funding settlement window (00:00, 08:00, 16:00 +15 min)",1075.0,-0.05705421846108254,0.01569245877484242
lead sign at minute 3,2021,event slot,US equity open window (13:30 +15 min),359.0,-0.005238451148780966,0.025062566087132365
lead sign at minute 3,2021,event slot,US equity close window (20:00 +15 min),359.0,0.005903610132556121,0.024982957461349563
lead sign at minute 3,2021,event slot,first hour of the week (Mon 00-01),204.0,0.0025992243113752175,0.028403825299177198
lead sign at minute 3,2021,event slot,"weekend (Sat, Sun)",9768.0,-0.0008032423263854776,0.004242846293389456
3-sd drop (5-min move < -3 sd),2021,hour,00:00,163.0,0.07475326753801022,0.05338902463717038
3-sd drop (5-min move < -3 sd),2021,hour,01:00,71.0,,
3-sd drop (5-min move < -3 sd),2021,hour,02:00,93.0,,
3-sd drop (5-min move < -3 sd),2021,hour,03:00,94.0,,
3-sd drop (5-min move < -3 sd),2021,hour,04:00,56.0,,
3-sd drop (5-min move < -3 sd),2021,hour,05:00,82.0,,
3-sd drop (5-min move < -3 sd),2021,hour,06:00,71.0,,
3-sd drop (5-min move < -3 sd),2021,hour,07:00,103.0,-0.056880540312368125,0.07047454298327986
3-sd drop (5-min move < -3 sd),2021,hour,08:00,107.0,-0.11204794798862257,0.06171751571243604
3-sd drop (5-min move < -3 sd),2021,hour,09:00,135.0,-0.10297906602254424,0.05840560727816364
3-sd drop (5-min move < -3 sd),2021,hour,10:00,93.0,,
3-sd drop (5-min move < -3 sd),2021,hour,11:00,125.0,0.011391304347826127,0.07264299537831108
3-sd drop (5-min move < -3 sd),2021,hour,12:00,145.0,-0.01536731634182905,0.05942224157877339
3-sd drop (5-min move < -3 sd),2021,hour,13:00,85.0,,
3-sd drop (5-min move < -3 sd),2021,hour,14:00,163.0,-0.07248599626567086,0.057504244660270896
3-sd drop (5-min move < -3 sd),2021,hour,15:00,81.0,,
3-sd drop (5-min move < -3 sd),2021,hour,16:00,81.0,,
3-sd drop (5-min move < -3 sd),2021,hour,17:00,48.0,,
3-sd drop (5-min move < -3 sd),2021,hour,18:00,65.0,,
3-sd drop (5-min move < -3 sd),2021,hour,19:00,104.0,0.07316053511705684,0.06759503267328212
3-sd drop (5-min move < -3 sd),2021,hour,20:00,159.0,-0.023174733388023012,0.04937774406049563
3-sd drop (5-min move < -3 sd),2021,hour,21:00,64.0,,
3-sd drop (5-min move < -3 sd),2021,hour,22:00,113.0,0.08686033089649862,0.058537529238557935
3-sd drop (5-min move < -3 sd),2021,hour,23:00,91.0,,
3-sd drop (5-min move < -3 sd),2021,weekday,Mon,393.0,-0.026247372496957636,0.030897492194243308
3-sd drop (5-min move < -3 sd),2021,weekday,Tue,337.0,0.02525480583150566,0.03978817975345459
3-sd drop (5-min move < -3 sd),2021,weekday,Wed,319.0,-0.024771705056562614,0.037363004992367006
3-sd drop (5-min move < -3 sd),2021,weekday,Thu,346.0,0.01941442573510937,0.02992667840967228
3-sd drop (5-min move < -3 sd),2021,weekday,Fri,310.0,-0.061640953716690025,0.03158557532102804
3-sd drop (5-min move < -3 sd),2021,weekday,Sat,357.0,0.04442211667275602,0.03280568288839445
3-sd drop (5-min move < -3 sd),2021,weekday,Sun,330.0,0.01890645586297764,0.03747131362673063
3-sd drop (5-min move < -3 sd),2021,session,Asia 00-08,733.0,0.022643691796666525,0.021260173518022597
3-sd drop (5-min move < -3 sd),2021,session,Europe 08-13,605.0,-0.05161696011498385,0.024391321597050226
3-sd drop (5-min move < -3 sd),2021,session,overlap 13-17,410.0,-0.013096500530222691,0.03236029996773511
3-sd drop (5-min move < -3 sd),2021,session,US 17-21,376.0,0.009944495837187746,0.03154445995413202
3-sd drop (5-min move < -3 sd),2021,session,late 21-24,268.0,0.06067488643737833,0.03667523057224465
3-sd drop (5-min move < -3 sd),2021,month,Jan,184.0,0.038043478260869554,0.04738562971825652
3-sd drop (5-min move < -3 sd),2021,month,Feb,146.0,0.09067897558070281,0.04423490375649208
3-sd drop (5-min move < -3 sd),2021,month,Mar,173.0,-0.023938175420960092,0.04472900889144233
3-sd drop (5-min move < -3 sd),2021,month,Apr,148.0,0.0011750881316099113,0.05351766527540924
3-sd drop (5-min move < -3 sd),2021,month,May,197.0,-0.08083204590598102,0.05018647446889743
3-sd drop (5-min move < -3 sd),2021,month,Jun,234.0,-0.07107023411371233,0.03628612523557681
3-sd drop (5-min move < -3 sd),2021,month,Jul,267.0,-0.0344813548282039,0.042913859934760545
3-sd drop (5-min move < -3 sd),2021,month,Aug,201.0,0.08430672723339823,0.04447122742751373
3-sd drop (5-min move < -3 sd),2021,month,Sep,255.0,-0.007118499573742553,0.04021469525039934
3-sd drop (5-min move < -3 sd),2021,month,Oct,195.0,0.08277591973244153,0.04104747571221929
3-sd drop (5-min move < -3 sd),2021,month,Nov,173.0,0.05120633324956015,0.050620072054583985
3-sd drop (5-min move < -3 sd),2021,month,Dec,219.0,-0.06685527099463973,0.0491024341589305
3-sd drop (5-min move < -3 sd),2021,event slot,"funding hours (00, 08, 16)",351.0,-0.016939179982658193,0.03501028104722403
3-sd drop (5-min move < -3 sd),2021,event slot,"funding settlement window (00:00, 08:00, 16:00 +15 min)",174.0,-0.009620189905047457,0.050464204819593086
3-sd drop (5-min move < -3 sd),2021,event slot,US equity open window (13:30 +15 min),38.0,,
3-sd drop (5-min move < -3 sd),2021,event slot,US equity close window (20:00 +15 min),61.0,,
3-sd drop (5-min move < -3 sd),2021,event slot,first hour of the week (Mon 00-01),30.0,,
3-sd drop (5-min move < -3 sd),2021,event slot,"weekend (Sat, Sun)",687.0,0.03216568571609393,0.022493839648812037
3-sd rise (5-min move > +3 sd),2021,hour,00:00,227.0,0.013921764483138432,0.047088977753582464
3-sd rise (5-min move > +3 sd),2021,hour,01:00,87.0,,
3-sd rise (5-min move > +3 sd),2021,hour,02:00,45.0,,
3-sd rise (5-min move > +3 sd),2021,hour,03:00,100.0,-0.13352316943756629,0.07416104414329608
3-sd rise (5-min move > +3 sd),2021,hour,04:00,102.0,-0.08234669884933102,0.0699497681896258
3-sd rise (5-min move > +3 sd),2021,hour,05:00,93.0,,
3-sd rise (5-min move > +3 sd),2021,hour,06:00,139.0,0.052016398907757354,0.06145385485688745
3-sd rise (5-min move > +3 sd),2021,hour,07:00,134.0,-0.023523169437566327,0.05875066939983724
3-sd rise (5-min move > +3 sd),2021,hour,08:00,172.0,-0.15143014618175238,0.061355863322167914
3-sd rise (5-min move > +3 sd),2021,hour,09:00,134.0,-0.06829928884055146,0.06720641389491143
3-sd rise (5-min move > +3 sd),2021,hour,10:00,138.0,0.005462337808810457,0.06989224281019359
3-sd rise (5-min move > +3 sd),2021,hour,11:00,88.0,,
3-sd rise (5-min move > +3 sd),2021,hour,12:00,189.0,-0.11082475673915364,0.050294901999666734
3-sd rise (5-min move > +3 sd),2021,hour,13:00,162.0,0.03820522562416214,0.06241964993496773
3-sd rise (5-min move > +3 sd),2021,hour,14:00,118.0,0.01884971191836593,0.06688399785144744
3-sd rise (5-min move > +3 sd),2021,hour,15:00,91.0,,
3-sd rise (5-min move > +3 sd),2021,hour,16:00,110.0,0.06738592147152465,0.06214641337029401
3-sd rise (5-min move > +3 sd),2021,hour,17:00,57.0,,
3-sd rise (5-min move > +3 sd),2021,hour,18:00,105.0,0.019333973419576538,0.08005595707051914
3-sd rise (5-min move > +3 sd),2021,hour,19:00,95.0,,
3-sd rise (5-min move > +3 sd),2021,hour,20:00,127.0,0.13789415339707936,0.05160969693851273
3-sd rise (5-min move > +3 sd),2021,hour,21:00,134.0,0.04364100966691128,0.067947791814137
3-sd rise (5-min move > +3 sd),2021,hour,22:00,82.0,,
3-sd rise (5-min move > +3 sd),2021,hour,23:00,98.0,,
3-sd rise (5-min move > +3 sd),2021,weekday,Mon,471.0,-0.02883102506389331,0.027689427755314962
3-sd rise (5-min move > +3 sd),2021,weekday,Tue,368.0,0.0009333523015641462,0.035577979760554004
3-sd rise (5-min move > +3 sd),2021,weekday,Wed,448.0,-0.04361245515185206,0.02992933332121039
3-sd rise (5-min move > +3 sd),2021,weekday,Thu,343.0,0.09163718041666104,0.035671918030533815
3-sd rise (5-min move > +3 sd),2021,weekday,Fri,400.0,-0.03852316943756635,0.03458101028576206
3-sd rise (5-min move > +3 sd),2021,weekday,Sat,398.0,0.08954215719559946,0.032396623935033876
3-sd rise (5-min move > +3 sd),2021,weekday,Sun,399.0,-0.04733269324709018,0.03415729014855407
3-sd rise (5-min move > +3 sd),2021,session,Asia 00-08,927.0,-0.017590051853963295,0.020349535908130056
3-sd rise (5-min move > +3 sd),2021,session,Europe 08-13,721.0,-0.07414730258597128,0.025971365515910737
3-sd rise (5-min move > +3 sd),2021,session,overlap 13-17,481.0,0.0585974126830158,0.032934995879731775
3-sd rise (5-min move > +3 sd),2021,session,US 17-21,384.0,0.051997663895767064,0.038252788006574896
3-sd rise (5-min move > +3 sd),2021,session,late 21-24,314.0,0.06883351846052288,0.04280591348384957
3-sd rise (5-min move > +3 sd),2021,month,Jan,222.0,-0.1271267730411699,0.04428895544565824
3-sd rise (5-min move > +3 sd),2021,month,Feb,213.0,-0.007091244554937227,0.04802988404443237
3-sd rise (5-min move > +3 sd),2021,month,Mar,228.0,-0.010365274700724177,0.043238483324034974
3-sd rise (5-min move > +3 sd),2021,month,Apr,202.0,0.0210312860079783,0.04056700560044469
3-sd rise (5-min move > +3 sd),2021,month,May,228.0,0.06419612880804772,0.04195560625496861
3-sd rise (5-min move > +3 sd),2021,month,Jun,250.0,0.07247683056243363,0.031774497003492906
3-sd rise (5-min move > +3 sd),2021,month,Jul,263.0,0.08864413094266181,0.038779920586272
3-sd rise (5-min move > +3 sd),2021,month,Aug,221.0,0.0828116721913929,0.03509634525053877
3-sd rise (5-min move > +3 sd),2021,month,Sep,222.0,-0.03253217844657537,0.049406935248841884
3-sd rise (5-min move > +3 sd),2021,month,Oct,266.0,-0.10622993635485958,0.04280719738657975
3-sd rise (5-min move > +3 sd),2021,month,Nov,310.0,-0.03642639524401795,0.046540763886406496
3-sd rise (5-min move > +3 sd),2021,month,Dec,202.0,0.0012293058099584141,0.04536557104823052
3-sd rise (5-min move > +3 sd),2021,event slot,"funding hours (00, 08, 16)",509.0,-0.030399397335405257,0.031556113190343016
3-sd rise (5-min move > +3 sd),2021,event slot,"funding settlement window (00:00, 08:00, 16:00 +15 min)",211.0,0.06889389217380808,0.045968683883326054
3-sd rise (5-min move > +3 sd),2021,event slot,US equity open window (13:30 +15 min),64.0,,
3-sd rise (5-min move > +3 sd),2021,event slot,US equity close window (20:00 +15 min),46.0,,
3-sd rise (5-min move > +3 sd),2021,event slot,first hour of the week (Mon 00-01),38.0,,
3-sd rise (5-min move > +3 sd),2021,event slot,"weekend (Sat, Sun)",797.0,0.021018863184767457,0.02229907098432807
4-hour low (rangepos <= 0.02),2021,hour,00:00,258.0,0.02468129864423258,0.03471339819676441
4-hour low (rangepos <= 0.02),2021,hour,01:00,197.0,0.000284336459524014,0.052062232375308534
4-hour low (rangepos <= 0.02),2021,hour,02:00,156.0,0.026022980218472318,0.0534021733388073
4-hour low (rangepos <= 0.02),2021,hour,03:00,255.0,-0.07344911631244776,0.04760350570767272
4-hour low (rangepos <= 0.02),2021,hour,04:00,225.0,-0.012011207815715678,0.053001305158249155
4-hour low (rangepos <= 0.02),2021,hour,05:00,176.0,-0.03764252094702887,0.049928765957955694
4-hour low (rangepos <= 0.02),2021,hour,06:00,148.0,0.03468548888098106,0.04156729437089208
4-hour low (rangepos <= 0.02),2021,hour,07:00,214.0,-0.06413997209401276,0.05155810330306746
4-hour low (rangepos <= 0.02),2021,hour,08:00,158.0,-0.007651151556925327,0.05076673850269022
4-hour low (rangepos <= 0.02),2021,hour,09:00,171.0,0.03243323662872862,0.049052010399817395
4-hour low (rangepos <= 0.02),2021,hour,10:00,145.0,0.0830079492724069,0.04201905106257734
4-hour low (rangepos <= 0.02),2021,hour,11:00,142.0,0.07703417559586485,0.048161264300426256
4-hour low (rangepos <= 0.02),2021,hour,12:00,154.0,0.08005228424777637,0.042062604300930485
4-hour low (rangepos <= 0.02),2021,hour,13:00,124.0,-0.045523752618583074,0.06262585252039182
4-hour low (rangepos <= 0.02),2021,hour,14:00,207.0,-0.05452328511040174,0.049450506562632904
4-hour low (rangepos <= 0.02),2021,hour,15:00,211.0,0.05297036143125633,0.03594688026444907
4-hour low (rangepos <= 0.02),2021,hour,16:00,160.0,0.09076656996206205,0.05476359685859886
4-hour low (rangepos <= 0.02),2021,hour,17:00,164.0,0.02430315532791576,0.05178759996355245
4-hour low (rangepos <= 0.02),2021,hour,18:00,172.0,-0.041210174223984444,0.059861369581587144
4-hour low (rangepos <= 0.02),2021,hour,19:00,246.0,-0.04073749507858839,0.05029162317924687
4-hour low (rangepos <= 0.02),2021,hour,20:00,260.0,-0.08423343003793791,0.03988354604138303
4-hour low (rangepos <= 0.02),2021,hour,21:00,189.0,0.03772424191973406,0.05526845803924575
4-hour low (rangepos <= 0.02),2021,hour,22:00,180.0,0.04909990329539542,0.04925508123312874
4-hour low (rangepos <= 0.02),2021,hour,23:00,169.0,-0.018848814653322537,0.05470547185667302
4-hour low (rangepos <= 0.02),2021,weekday,Mon,753.0,-0.020687613304870192,0.023883709912902642
4-hour low (rangepos <= 0.02),2021,weekday,Tue,711.0,8.443212802547284e-05,0.01974371392595441
4-hour low (rangepos <= 0.02),2021,weekday,Wed,590.0,0.011529281826468896,0.02662276919184757
4-hour low (rangepos <= 0.02),2021,weekday,Thu,657.0,-0.004096443736568131,0.022729551129700012
4-hour low (rangepos <= 0.02),2021,weekday,Fri,733.0,-0.010768218578183577,0.02192876113079444
4-hour low (rangepos <= 0.02),2021,weekday,Sat,459.0,0.028075938153783193,0.028329578718897644
4-hour low (rangepos <= 0.02),2021,weekday,Sun,578.0,0.011095289685245424,0.03045659005316564
4-hour low (rangepos <= 0.02),2021,session,Asia 00-08,1629.0,-0.016062773193247983,0.013887748097313997
4-hour low (rangepos <= 0.02),2021,session,Europe 08-13,770.0,0.05148085567634771,0.01996976365141729
4-hour low (rangepos <= 0.02),2021,session,overlap 13-17,702.0,0.012490216685708764,0.025269988876607
4-hour low (rangepos <= 0.02),2021,session,US 17-21,842.0,-0.04159685046549138,0.022407374574206978
4-hour low (rangepos <= 0.02),2021,session,late 21-24,538.0,0.02375913501782409,0.02897558582082299
4-hour low (rangepos <= 0.02),2021,month,Jan,474.0,-0.02663849332907722,0.0270950402254815
4-hour low (rangepos <= 0.02),2021,month,Feb,352.0,0.0646302063256984,0.028514732221929698
4-hour low (rangepos <= 0.02),2021,month,Mar,353.0,-0.022335413040770812,0.034546942513174146
4-hour low (rangepos <= 0.02),2021,month,Apr,373.0,0.0011553099084427435,0.0256146469948822
4-hour low (rangepos <= 0.02),2021,month,May,555.0,0.03964044383593592,0.02963880532804224
4-hour low (rangepos <= 0.02),2021,month,Jun,282.0,-0.03494264989609396,0.03707904688750667
4-hour low (rangepos <= 0.02),2021,month,Jul,193.0,0.10151786529884958,0.03526215126514961
4-hour low (rangepos <= 0.02),2021,month,Aug,429.0,-0.06080685661136453,0.03487501276351011
4-hour low (rangepos <= 0.02),2021,month,Sep,267.0,0.04741451003696838,0.03544470547454238
4-hour low (rangepos <= 0.02),2021,month,Oct,275.0,-0.048778884583392496,0.03368098956459141
4-hour low (rangepos <= 0.02),2021,month,Nov,518.0,-0.0280558238603318,0.025543609797319657
4-hour low (rangepos <= 0.02),2021,month,Dec,410.0,0.016986082157184015,0.03724708986425683
4-hour low (rangepos <= 0.02),2021,event slot,"funding hours (00, 08, 16)",576.0,0.0341693477398398,0.024008083111934517
4-hour low (rangepos <= 0.02),2021,event slot,"funding settlement window (00:00, 08:00, 16:00 +15 min)",167.0,0.030437228644696796,0.04881380809728896
4-hour low (rangepos <= 0.02),2021,event slot,US equity open window (13:30 +15 min),32.0,,
4-hour low (rangepos <= 0.02),2021,event slot,US equity close window (20:00 +15 min),82.0,,
4-hour low (rangepos <= 0.02),2021,event slot,first hour of the week (Mon 00-01),27.0,,
4-hour low (rangepos <= 0.02),2021,event slot,"weekend (Sat, Sun)",1037.0,0.018611314417221195,0.019437921896805665
4-hour high (rangepos >= 0.98),2021,hour,00:00,449.0,0.024686245126386716,0.03569642770225566
4-hour high (rangepos >= 0.98),2021,hour,01:00,374.0,0.0031172206751403247,0.039716028636233545
4-hour high (rangepos >= 0.98),2021,hour,02:00,216.0,0.027428965575120572,0.05986855964726992
4-hour high (rangepos >= 0.98),2021,hour,03:00,249.0,-0.06036666137713303,0.05025068108724409
4-hour high (rangepos >= 0.98),2021,hour,04:00,319.0,-0.02269874834569685,0.0440002563711272
4-hour high (rangepos >= 0.98),2021,hour,05:00,231.0,-0.024639336493181573,0.061261486072414
4-hour high (rangepos >= 0.98),2021,hour,06:00,276.0,0.04151914270877585,0.04975805200468463
4-hour high (rangepos >= 0.98),2021,hour,07:00,291.0,-0.02459470758257322,0.05189245600633382
4-hour high (rangepos >= 0.98),2021,hour,08:00,304.0,-0.025080781013573465,0.048263948985791595
4-hour high (rangepos >= 0.98),2021,hour,09:00,245.0,0.07455670556000336,0.04632975773523999
4-hour high (rangepos >= 0.98),2021,hour,10:00,220.0,0.025577113723268624,0.052782803306226284
4-hour high (rangepos >= 0.98),2021,hour,11:00,199.0,0.0436675659845752,0.05430145223464764
4-hour high (rangepos >= 0.98),2021,hour,12:00,271.0,-0.054127683324701824,0.05788972121899972
4-hour high (rangepos >= 0.98),2021,hour,13:00,271.0,-0.050437646424332766,0.03958961655224367
4-hour high (rangepos >= 0.98),2021,hour,14:00,274.0,-0.01602872569278966,0.03948279454209305
4-hour high (rangepos >= 0.98),2021,hour,15:00,253.0,-0.017110633312304464,0.05051941642795089
4-hour high (rangepos >= 0.98),2021,hour,16:00,286.0,0.07243026057641548,0.04090879200131832
4-hour high (rangepos >= 0.98),2021,hour,17:00,171.0,-0.018867330721175735,0.08165729038884913
4-hour high (rangepos >= 0.98),2021,hour,18:00,298.0,-0.08449000037069103,0.04099228126588112
4-hour high (rangepos >= 0.98),2021,hour,19:00,314.0,-0.010728618760807787,0.040654995982124506
4-hour high (rangepos >= 0.98),2021,hour,20:00,391.0,0.01892749735498221,0.032182406209426286
4-hour high (rangepos >= 0.98),2021,hour,21:00,398.0,-0.006583690296831828,0.04626589135204934
4-hour high (rangepos >= 0.98),2021,hour,22:00,399.0,0.04462473277088774,0.04758337253882072
4-hour high (rangepos >= 0.98),2021,hour,23:00,362.0,0.016737334717743826,0.038092704940435866
4-hour high (rangepos >= 0.98),2021,weekday,Mon,1056.0,-0.014763795367640423,0.019525580061999965
4-hour high (rangepos >= 0.98),2021,weekday,Tue,929.0,0.0305286745413526,0.024500975387678595
4-hour high (rangepos >= 0.98),2021,weekday,Wed,1085.0,-0.010367586737560755,0.018386194522942895
4-hour high (rangepos >= 0.98),2021,weekday,Thu,980.0,-0.009116763827751721,0.024089069792840114
4-hour high (rangepos >= 0.98),2021,weekday,Fri,1114.0,-0.0008142686824763911,0.02220978064911445
4-hour high (rangepos >= 0.98),2021,weekday,Sat,928.0,0.003163320619820346,0.023853786612724925
4-hour high (rangepos >= 0.98),2021,weekday,Sun,969.0,0.005556473888387352,0.020203381108392548
4-hour high (rangepos >= 0.98),2021,session,Asia 00-08,2405.0,-0.002281514135359148,0.013384385290265368
4-hour high (rangepos >= 0.98),2021,session,Europe 08-13,1239.0,0.008305120180088693,0.0217906680916215
4-hour high (rangepos >= 0.98),2021,session,overlap 13-17,1084.0,-0.0015446574944435532,0.01860655479001437
4-hour high (rangepos >= 0.98),2021,session,US 17-21,1174.0,-0.020760194624261156,0.022178889914555404
4-hour high (rangepos >= 0.98),2021,session,late 21-24,1159.0,0.018329486458385183,0.023841880303524663
4-hour high (rangepos >= 0.98),2021,month,Jan,1035.0,0.0062534422256841265,0.020124021247986068
4-hour high (rangepos >= 0.98),2021,month,Feb,783.0,-0.0201444699293495,0.0227389543533643
4-hour high (rangepos >= 0.98),2021,month,Mar,822.0,-0.0342769008752715,0.019376058195475478
4-hour high (rangepos >= 0.98),2021,month,Apr,620.0,0.015899694368429987,0.02934581601601896
4-hour high (rangepos >= 0.98),2021,month,May,468.0,0.08369677184292677,0.027129768837119275
4-hour high (rangepos >= 0.98),2021,month,Jun,261.0,0.015615427899513827,0.0436736635216923
4-hour high (rangepos >= 0.98),2021,month,Jul,392.0,-0.036157580154282366,0.04407194498440891
4-hour high (rangepos >= 0.98),2021,month,Aug,689.0,0.007580016480888401,0.03324761890128704
4-hour high (rangepos >= 0.98),2021,month,Sep,455.0,0.03876392691008193,0.03847219340863035
4-hour high (rangepos >= 0.98),2021,month,Oct,597.0,-0.035059402189629114,0.024653764625347564
4-hour high (rangepos >= 0.98),2021,month,Nov,529.0,-0.003534417467657609,0.02924369324061157
4-hour high (rangepos >= 0.98),2021,month,Dec,410.0,-0.003691178959658225,0.03554854472226761
4-hour high (rangepos >= 0.98),2021,event slot,"funding hours (00, 08, 16)",1039.0,0.023267200345020344,0.021818976360045244
4-hour high (rangepos >= 0.98),2021,event slot,"funding settlement window (00:00, 08:00, 16:00 +15 min)",350.0,0.017005685151840054,0.040769328428746185
4-hour high (rangepos >= 0.98),2021,event slot,US equity open window (13:30 +15 min),89.0,,
4-hour high (rangepos >= 0.98),2021,event slot,US equity close window (20:00 +15 min),127.0,-0.09410792564681007,0.06941492307938146
4-hour high (rangepos >= 0.98),2021,event slot,first hour of the week (Mon 00-01),107.0,-0.03236681151037626,0.07865386931554959
4-hour high (rangepos >= 0.98),2021,event slot,"weekend (Sat, Sun)",1897.0,0.004385758952578085,0.014419102214413938
RSI14 below 25,2021,hour,00:00,293.0,0.016451071546147094,0.047835503738882054
RSI14 below 25,2021,hour,01:00,231.0,0.04663590377876092,0.050865374535527384
RSI14 below 25,2021,hour,02:00,256.0,-0.059847456610849455,0.05251197519445339
RSI14 below 25,2021,hour,03:00,312.0,-0.11183062968777249,0.05308041917876176
RSI14 below 25,2021,hour,04:00,167.0,-0.018843526970130958,0.06421163879218347
RSI14 below 25,2021,hour,05:00,175.0,0.05338915053200764,0.07008967282379999
RSI14 below 25,2021,hour,06:00,163.0,0.1417677657817886,0.05823436254403268
RSI14 below 25,2021,hour,07:00,290.0,-0.025822672128090928,0.04737726851686633
RSI14 below 25,2021,hour,08:00,256.0,-0.024691206610849416,0.057907744280569835
RSI14 below 25,2021,hour,09:00,303.0,-0.11820915215540388,0.04496635227383113
RSI14 below 25,2021,hour,10:00,220.0,-0.018299161156304065,0.0598010189356984
RSI14 below 25,2021,hour,11:00,251.0,0.05776023761225811,0.05938645150144168
RSI14 below 25,2021,hour,12:00,253.0,-0.057824852855908784,0.0578926544703393
RSI14 below 25,2021,hour,13:00,200.0,0.056246293389150534,0.0684826387334541
RSI14 below 25,2021,hour,14:00,294.0,-0.050148264433978726,0.047974276670869974
RSI14 below 25,2021,hour,15:00,192.0,0.07166296005581713,0.04764772198443702
RSI14 below 25,2021,hour,16:00,174.0,0.01670606350409303,0.06639366614223068
RSI14 below 25,2021,hour,17:00,178.0,-0.05813572908275954,0.0743801157561276
RSI14 below 25,2021,hour,18:00,186.0,0.11366564822786017,0.0550964346145678
RSI14 below 25,2021,hour,19:00,293.0,0.009625132979594202,0.04806069641337776
RSI14 below 25,2021,hour,20:00,323.0,-0.0343419419049671,0.05078975342672863
RSI14 below 25,2021,hour,21:00,227.0,0.11906567664906242,0.053346462448481784
RSI14 below 25,2021,hour,22:00,272.0,0.0722757051538564,0.043626967874805696
RSI14 below 25,2021,hour,23:00,224.0,-0.014646563753706572,0.049649920578683504
RSI14 below 25,2021,weekday,Mon,819.0,0.016221873364730546,0.02983171117483912
RSI14 below 25,2021,weekday,Tue,882.0,0.04962497819640674,0.024253606096341224
RSI14 below 25,2021,weekday,Wed,722.0,-0.04020800023965831,0.033142763234243755
RSI14 below 25,2021,weekday,Thu,872.0,-0.027056458904427413,0.023805628346057255
RSI14 below 25,2021,weekday,Fri,900.0,-0.050420373277516174,0.025786596108224313
RSI14 below 25,2021,weekday,Sat,757.0,0.04522912033763136,0.031204559108939267
RSI14 below 25,2021,weekday,Sun,781.0,0.008589443197089104,0.029490085210142968
RSI14 below 25,2021,session,Asia 00-08,1887.0,-0.006784973171527793,0.016879384022792404
RSI14 below 25,2021,session,Europe 08-13,1283.0,-0.03608418205901779,0.020948693928463154
RSI14 below 25,2021,session,overlap 13-17,860.0,0.015316060831011011,0.027215034073358582
RSI14 below 25,2021,session,US 17-21,980.0,0.0025728240013954077,0.026682192449165393
RSI14 below 25,2021,session,late 21-24,723.0,0.060036058257753565,0.026539442957772306
RSI14 below 25,2021,month,Jan,485.0,0.025937015038635044,0.03557016353944548
RSI14 below 25,2021,month,Feb,379.0,0.056299063837699344,0.03006286622662444
RSI14 below 25,2021,month,Mar,373.0,0.007291869796657246,0.033768729448703926
RSI14 below 25,2021,month,Apr,294.0,0.08250479679051116,0.048356450252618706
RSI14 below 25,2021,month,May,508.0,0.009080939058441853,0.04655679900110585
RSI14 below 25,2021,month,Jun,587.0,-0.045866142726692816,0.03147437417072991
RSI14 below 25,2021,month,Jul,513.0,-0.08032290739057657,0.03508874091180534
RSI14 below 25,2021,month,Aug,483.0,-0.03166260930236087,0.03232321240799516
RSI14 below 25,2021,month,Sep,539.0,-0.025720311434597094,0.03454805792349504
RSI14 below 25,2021,month,Oct,421.0,0.04669759980245223,0.03595994551011398
RSI14 below 25,2021,month,Nov,573.0,0.05230213981148913,0.039279628256195444
RSI14 below 25,2021,month,Dec,578.0,-0.030881734292510437,0.03934122799676561
RSI14 below 25,2021,event slot,"funding hours (00, 08, 16)",723.0,0.0019447719506996127,0.030459930569782245
RSI14 below 25,2021,event slot,"funding settlement window (00:00, 08:00, 16:00 +15 min)",255.0,-0.03826351053241806,0.05670372021482874
RSI14 below 25,2021,event slot,US equity open window (13:30 +15 min),52.0,,
RSI14 below 25,2021,event slot,US equity close window (20:00 +15 min),99.0,,
RSI14 below 25,2021,event slot,first hour of the week (Mon 00-01),38.0,,
RSI14 below 25,2021,event slot,"weekend (Sat, Sun)",1538.0,0.026623406523090677,0.019589228354184845
RSI14 above 75,2021,hour,00:00,361.0,-0.07763380792655745,0.04916537816402941
RSI14 above 75,2021,hour,01:00,346.0,0.04947777998755396,0.05709498570506031
RSI14 above 75,2021,hour,02:00,191.0,-0.05086117228675527,0.07043070215820355
RSI14 above 75,2021,hour,03:00,300.0,-0.103007769145394,0.05156183805290369
RSI14 above 75,2021,hour,04:00,272.0,-0.10550776914539403,0.052097501312103243
RSI14 above 75,2021,hour,05:00,249.0,0.015225162581513607,0.06578406743952733
RSI14 above 75,2021,hour,06:00,330.0,0.09335586721824236,0.04589918649367167
RSI14 above 75,2021,hour,07:00,347.0,-0.1078492677044719,0.052525848149545494
RSI14 above 75,2021,hour,08:00,361.0,-0.09979447274650206,0.049138188931363985
RSI14 above 75,2021,hour,09:00,284.0,-0.03596551562426725,0.06742570523944975
RSI14 above 75,2021,hour,10:00,282.0,-0.021731173400713132,0.05078861620061547
RSI14 above 75,2021,hour,11:00,224.0,0.1846708022831774,0.048847224203087666
RSI14 above 75,2021,hour,12:00,367.0,-0.04981975824621143,0.04618601531757947
RSI14 above 75,2021,hour,13:00,355.0,-0.016247205765112325,0.05406200684659619
RSI14 above 75,2021,hour,14:00,269.0,-0.00025683977736425443,0.053322362581625544
RSI14 above 75,2021,hour,15:00,251.0,-0.06492011974300355,0.06299872935019585
RSI14 above 75,2021,hour,16:00,308.0,0.041407815270190364,0.05880694308738899
RSI14 above 75,2021,hour,17:00,197.0,-0.0658504087393027,0.08578696912144448
RSI14 above 75,2021,hour,18:00,298.0,0.027462029512324033,0.059666243214114435
RSI14 above 75,2021,hour,19:00,190.0,0.08857117822302701,0.05900958080374098
RSI14 above 75,2021,hour,20:00,361.0,0.12458225855543699,0.05120747685012693
RSI14 above 75,2021,hour,21:00,433.0,0.025121561108647595,0.04493090324943507
RSI14 above 75,2021,hour,22:00,323.0,0.13501080670599913,0.05197747698781513
RSI14 above 75,2021,hour,23:00,309.0,0.033044010789881104,0.04862672435671323
RSI14 above 75,2021,weekday,Mon,1201.0,-0.03343241527362046,0.02360607480989117
RSI14 above 75,2021,weekday,Tue,875.0,0.03413508799746317,0.02626982497603437
RSI14 above 75,2021,weekday,Wed,1095.0,-0.0133274038485904,0.021385572951433566
RSI14 above 75,2021,weekday,Thu,925.0,0.02672196058433565,0.025835822693761775
RSI14 above 75,2021,weekday,Fri,1058.0,-0.05056920581836192,0.02884031448181197
RSI14 above 75,2021,weekday,Sat,939.0,0.08106038846908954,0.02599763623029464
RSI14 above 75,2021,weekday,Sun,1115.0,-0.0201378139884433,0.03004299804082895
RSI14 above 75,2021,session,Asia 00-08,2396.0,-0.034660523736379005,0.016102588303605104
RSI14 above 75,2021,session,Europe 08-13,1518.0,-0.019292354125631152,0.02312039610809788
RSI14 above 75,2021,session,overlap 13-17,1183.0,-0.007927464834320464,0.02647362871892839
RSI14 above 75,2021,session,US 17-21,1046.0,0.054506571198774244,0.03120944320363526
RSI14 above 75,2021,session,late 21-24,1065.0,0.06074809939920695,0.027004848500415984
RSI14 above 75,2021,month,Jan,701.0,-0.052280237048389785,0.038679795344416665
RSI14 above 75,2021,month,Feb,555.0,0.00113637499875014,0.030277715617860673
RSI14 above 75,2021,month,Mar,582.0,-0.025825638561201535,0.03059490008988015
RSI14 above 75,2021,month,Apr,489.0,0.01936441899366532,0.05104535485196099
RSI14 above 75,2021,month,May,565.0,0.08000108041212814,0.03404948302441997
RSI14 above 75,2021,month,Jun,559.0,0.04554321475442705,0.03514777443291387
RSI14 above 75,2021,month,Jul,624.0,0.014684538546913721,0.03642572604700987
RSI14 above 75,2021,month,Aug,524.0,0.033328108717201446,0.0326400405439217
RSI14 above 75,2021,month,Sep,584.0,-0.00019954996731180773,0.03211635472272082
RSI14 above 75,2021,month,Oct,717.0,-0.05067861991247905,0.034927560634367
RSI14 above 75,2021,month,Nov,729.0,-0.028604476964324076,0.035444358509277143
RSI14 above 75,2021,month,Dec,579.0,0.002760797348561106,0.03448291746313355
RSI14 above 75,2021,event slot,"funding hours (00, 08, 16)",1030.0,-0.04980388565024831,0.0298479213503127
RSI14 above 75,2021,event slot,"funding settlement window (00:00, 08:00, 16:00 +15 min)",268.0,0.0054996935411731045,0.05429092684658289
RSI14 above 75,2021,event slot,US equity open window (13:30 +15 min),128.0,-0.050820269145393976,0.09002580819934021
RSI14 above 75,2021,event slot,US equity close window (20:00 +15 min),140.0,0.09270651656889164,0.08310946755177934
RSI14 above 75,2021,event slot,first hour of the week (Mon 00-01),127.0,-0.3146613124524806,0.05256540168382617
RSI14 above 75,2021,event slot,"weekend (Sat, Sun)",2054.0,0.026125629101928324,0.018745313657573377
reversal at the open,2022,hour,00:00,1460.0,0.0022260273972602904,0.012492156908078676
reversal at the open,2022,hour,01:00,1460.0,-0.008732876712328693,0.012565489315416227
reversal at the open,2022,hour,02:00,1460.0,-0.020376712328767126,0.012182005386783807
reversal at the open,2022,hour,03:00,1460.0,0.007705479452054728,0.012490883606331507
reversal at the open,2022,hour,04:00,1460.0,0.014554794520547962,0.012001356238454873
reversal at the open,2022,hour,05:00,1460.0,-0.005308219178082182,0.011818970098635197
reversal at the open,2022,hour,06:00,1460.0,0.012500000000000035,0.011343034677163313
reversal at the open,2022,hour,07:00,1460.0,0.005650684931506801,0.012296771111631835
reversal at the open,2022,hour,08:00,1460.0,0.014554794520547962,0.012382931252963416
reversal at the open,2022,hour,09:00,1460.0,0.024828767123287708,0.012109415480188563
reversal at the open,2022,hour,10:00,1460.0,0.011130136986301345,0.01193138402117789
reversal at the open,2022,hour,11:00,1460.0,-0.0025684931506849097,0.011506409341050112
reversal at the open,2022,hour,12:00,1460.0,0.02414383561643836,0.01204037373528345
reversal at the open,2022,hour,13:00,1460.0,0.004280821917808218,0.013593775479831533
reversal at the open,2022,hour,14:00,1460.0,-0.019006849315068543,0.012726287607817278
reversal at the open,2022,hour,15:00,1460.0,-0.03202054794520551,0.011911425007724878
reversal at the open,2022,hour,16:00,1460.0,0.01660958904109589,0.01207363774089498
reversal at the open,2022,hour,17:00,1460.0,-0.005308219178082182,0.012603342556493638
reversal at the open,2022,hour,18:00,1460.0,-0.03407534246575338,0.012205611760484923
reversal at the open,2022,hour,19:00,1460.0,-0.0011986301369863266,0.01272815587739356
reversal at the open,2022,hour,20:00,1460.0,-0.004623287671232944,0.012836125357424842
reversal at the open,2022,hour,21:00,1460.0,-0.013527397260273999,0.013102406387156906
reversal at the open,2022,hour,22:00,1460.0,0.0015410958904109456,0.011927312274449995
reversal at the open,2022,hour,23:00,1460.0,0.0070205479452054905,0.012499811132219674
reversal at the open,2022,weekday,Mon,4992.0,-0.005720934316824647,0.006296743790421571
reversal at the open,2022,weekday,Tue,4992.0,-0.008926062521952959,0.00618539474611812
reversal at the open,2022,weekday,Wed,4992.0,-0.0041183702142605855,0.006191980900453063
reversal at the open,2022,weekday,Thu,4992.0,0.005697334913944526,0.005615374203827862
reversal at the open,2022,weekday,Fri,4992.0,0.005897655426764986,0.00600951006006911
reversal at the open,2022,weekday,Sat,5088.0,0.0028210347204272995,0.005653050285427128
reversal at the open,2022,weekday,Sun,4992.0,0.004295091324200925,0.007102592319303525
reversal at the open,2022,session,Asia 00-08,11680.0,0.0010273972602739732,0.0034346848676265014
reversal at the open,2022,session,Europe 08-13,7300.0,0.01441780821917811,0.004759639834526149
reversal at the open,2022,session,overlap 13-17,5840.0,-0.007534246575342426,0.005601541006527196
reversal at the open,2022,session,US 17-21,5840.0,-0.011301369863013685,0.005827396859099787
reversal at the open,2022,session,late 21-24,4380.0,-0.0016552511415525162,0.006548447075900652
reversal at the open,2022,month,Jan,2976.0,0.012191596700544979,0.00932599130654318
reversal at the open,2022,month,Feb,2688.0,0.0035510437051533067,0.009220029512679799
reversal at the open,2022,month,Mar,2976.0,-0.01233797319192814,0.006767869990551799
reversal at the open,2022,month,Apr,2880.0,-0.009593797564687987,0.0057620708374178636
reversal at the open,2022,month,May,2976.0,-0.023090661363971168,0.00799772473092625
reversal at the open,2022,month,Jun,2880.0,-0.01445490867579911,0.008261074362581357
reversal at the open,2022,month,Jul,2976.0,-0.012001951686551755,0.007113476656052582
reversal at the open,2022,month,Aug,2976.0,-0.00393743555751951,0.007999527268152777
reversal at the open,2022,month,Sep,2880.0,0.0056839802130897845,0.0091910279383614
reversal at the open,2022,month,Oct,2976.0,0.02193622035645895,0.006980823884319137
reversal at the open,2022,month,Nov,2880.0,0.014364535768645376,0.007044502740453939
reversal at the open,2022,month,Dec,2976.0,0.017903962291942827,0.010062911698248812
reversal at the open,2022,event slot,"funding hours (00, 08, 16)",4380.0,0.011130136986301345,0.006737293098664698
reversal at the open,2022,event slot,"funding settlement window (00:00, 08:00, 16:00 +15 min)",1095.0,0.013413242009132326,0.01487939351689154
reversal at the open,2022,event slot,US equity open window (13:30 +15 min),365.0,0.020719178082191817,0.026038659458638303
reversal at the open,2022,event slot,US equity close window (20:00 +15 min),365.0,0.017979452054794478,0.025875570466840636
reversal at the open,2022,event slot,first hour of the week (Mon 00-01),208.0,0.040753424657534225,0.034443752587808185
reversal at the open,2022,event slot,"weekend (Sat, Sun)",10080.0,0.0035510437051533405,0.004087649502988404
lead sign at minute 3,2022,hour,00:00,1460.0,0.003966894977168886,0.01214694702131017
lead sign at minute 3,2022,hour,01:00,1460.0,0.02246004566210045,0.011833531866868379
lead sign at minute 3,2022,hour,02:00,1460.0,0.014925799086757976,0.011161544109548059
lead sign at minute 3,2022,hour,03:00,1460.0,0.00602168949771692,0.0112506292790603
lead sign at minute 3,2022,hour,04:00,1460.0,-0.02343036529680373,0.012176890138039517
lead sign at minute 3,2022,hour,05:00,1460.0,-0.024800228310502208,0.012697689331916505
lead sign at minute 3,2022,hour,06:00,1460.0,0.0019121004566209586,0.012445563288307855
lead sign at minute 3,2022,hour,07:00,1460.0,0.003281963470319648,0.012549576394405477
lead sign at minute 3,2022,hour,08:00,1460.0,-0.004937214611872169,0.011673281591185889
lead sign at minute 3,2022,hour,09:00,1460.0,-0.02411529680365297,0.012235689973401338
lead sign at minute 3,2022,hour,10:00,1460.0,-0.011101598173516058,0.012310732925501899
lead sign at minute 3,2022,hour,11:00,1460.0,-0.00014269406392686257,0.012563203268843038
lead sign at minute 3,2022,hour,12:00,1460.0,-0.016581050228310495,0.011802245793121125
lead sign at minute 3,2022,hour,13:00,1460.0,-0.015211187214611807,0.01212905163741352
lead sign at minute 3,2022,hour,14:00,1460.0,0.0019121004566209586,0.012343051421648299
lead sign at minute 3,2022,hour,15:00,1460.0,0.01218607305936081,0.012104543863012808
lead sign at minute 3,2022,hour,16:00,1460.0,0.0012271689497717203,0.012077547825411053
lead sign at minute 3,2022,hour,17:00,1460.0,0.0005422374429223757,0.012243250835095853
lead sign at minute 3,2022,hour,18:00,1460.0,0.019035388127853832,0.012587464725542834
lead sign at minute 3,2022,hour,19:00,1460.0,-0.009046803652968024,0.012128212695372835
lead sign at minute 3,2022,hour,20:00,1460.0,0.011501141552511465,0.011432067203877261
lead sign at minute 3,2022,hour,21:00,1460.0,0.008076484018264848,0.011755274451332502
lead sign at minute 3,2022,hour,22:00,1460.0,0.02656963470319641,0.012407470399999803
lead sign at minute 3,2022,hour,23:00,1460.0,-0.004252283105022825,0.013685786863137985
lead sign at minute 3,2022,weekday,Mon,4992.0,0.006086999473129561,0.005050439555815634
lead sign at minute 3,2022,weekday,Tue,4992.0,0.00508539690902707,0.005942090700306117
lead sign at minute 3,2022,weekday,Wed,4992.0,7.73840885141412e-05,0.005214219192830947
lead sign at minute 3,2022,weekday,Thu,4992.0,0.0046847558833859595,0.00575255759160598
lead sign at minute 3,2022,weekday,Fri,4992.0,-0.013344090270460204,0.005527289266622736
lead sign at minute 3,2022,weekday,Sat,5088.0,-0.009103342810373088,0.005858174526656154
lead sign at minute 3,2022,weekday,Sun,4992.0,0.006687961011591131,0.006573484911373149
lead sign at minute 3,2022,session,Asia 00-08,11680.0,0.0005422374429223294,0.0036498464918614027
lead sign at minute 3,2022,session,Europe 08-13,7300.0,-0.01137557077625569,0.00503025432791368
lead sign at minute 3,2022,session,overlap 13-17,5840.0,2.8538812785379918e-05,0.00606938074030846
lead sign at minute 3,2022,session,US 17-21,5840.0,0.005507990867579897,0.005904910571039612
lead sign at minute 3,2022,session,late 21-24,4380.0,0.010131278538812724,0.007008456451489915
lead sign at minute 3,2022,month,Jan,2976.0,-0.00498232434821036,0.0056202345361143465
lead sign at minute 3,2022,month,Feb,2688.0,-0.007706498695368548,0.00780980341615798
lead sign at minute 3,2022,month,Mar,2976.0,-0.00565436735896303,0.008156333094379822
lead sign at minute 3,2022,month,Apr,2880.0,-0.013931697108067019,0.007839184824525015
lead sign at minute 3,2022,month,May,2976.0,-0.008006517896597527,0.009620011457931479
lead sign at minute 3,2022,month,Jun,2880.0,-0.0038622526636225207,0.006613281864167307
lead sign at minute 3,2022,month,Jul,2976.0,0.007114449845338007,0.006543864886801311
lead sign at minute 3,2022,month,Aug,2976.0,0.014842944468993967,0.006425839400650236
lead sign at minute 3,2022,month,Sep,2880.0,0.00724885844748853,0.006224368458251448
lead sign at minute 3,2022,month,Oct,2976.0,0.013162836942112241,0.009357253006901501
lead sign at minute 3,2022,month,Nov,2880.0,0.010026636225266445,0.009542770949822288
lead sign at minute 3,2022,month,Dec,2976.0,-0.009014582412726482,0.007045681652520522
lead sign at minute 3,2022,event slot,"funding hours (00, 08, 16)",4380.0,8.561643835618138e-05,0.006475542484809513
lead sign at minute 3,2022,event slot,"funding settlement window (00:00, 08:00, 16:00 +15 min)",1095.0,-0.05607876712328769,0.01395855189101916
lead sign at minute 3,2022,event slot,US equity open window (13:30 +15 min),365.0,-0.04877283105022824,0.025747689916367604
lead sign at minute 3,2022,event slot,US equity close window (20:00 +15 min),365.0,-0.01589611872146116,0.02524552803850958
lead sign at minute 3,2022,event slot,first hour of the week (Mon 00-01),208.0,0.007088602037232176,0.03794047139334612
lead sign at minute 3,2022,event slot,"weekend (Sat, Sun)",10080.0,-0.0012828875842574427,0.00396351606685224
3-sd drop (5-min move < -3 sd),2022,hour,00:00,126.0,0.03791134339914833,0.07215526708489012
3-sd drop (5-min move < -3 sd),2022,hour,01:00,131.0,0.015495252280767136,0.07508644874737282
3-sd drop (5-min move < -3 sd),2022,hour,02:00,128.0,-0.08845274390243901,0.06307315151223708
3-sd drop (5-min move < -3 sd),2022,hour,03:00,131.0,-0.007405511078011509,0.0644875255030868
3-sd drop (5-min move < -3 sd),2022,hour,04:00,126.0,0.11727642276422755,0.06678042001126983
3-sd drop (5-min move < -3 sd),2022,hour,05:00,114.0,0.01201326486949082,0.0542853095903389
3-sd drop (5-min move < -3 sd),2022,hour,06:00,187.0,-0.08414960219120901,0.048841737352424704
3-sd drop (5-min move < -3 sd),2022,hour,07:00,125.0,0.07460975609756094,0.055316265096610376
3-sd drop (5-min move < -3 sd),2022,hour,08:00,132.0,-0.12514781966001476,0.06700741737676622
3-sd drop (5-min move < -3 sd),2022,hour,09:00,117.0,0.07454138002918491,0.06902529622001667
3-sd drop (5-min move < -3 sd),2022,hour,10:00,128.0,-0.025952743902439054,0.06542232960043091
3-sd drop (5-min move < -3 sd),2022,hour,11:00,148.0,0.04520435069215561,0.05705375847256431
3-sd drop (5-min move < -3 sd),2022,hour,12:00,170.0,0.009433285509325672,0.0556742193980654
3-sd drop (5-min move < -3 sd),2022,hour,13:00,218.0,-0.0035186842694115705,0.05335700484334935
3-sd drop (5-min move < -3 sd),2022,hour,14:00,156.0,0.008302063789868726,0.06473032797715729
3-sd drop (5-min move < -3 sd),2022,hour,15:00,77.0,,
3-sd drop (5-min move < -3 sd),2022,hour,16:00,95.0,,
3-sd drop (5-min move < -3 sd),2022,hour,17:00,125.0,0.026609756097560975,0.06856031343410376
3-sd drop (5-min move < -3 sd),2022,hour,18:00,163.0,-0.05859269789016906,0.05738482100938837
3-sd drop (5-min move < -3 sd),2022,hour,19:00,161.0,-0.04007347371610362,0.06245323052343119
3-sd drop (5-min move < -3 sd),2022,hour,20:00,74.0,,
3-sd drop (5-min move < -3 sd),2022,hour,21:00,153.0,-0.046122270046229895,0.055634072030083
3-sd drop (5-min move < -3 sd),2022,hour,22:00,152.0,0.04929396662387675,0.06236220549293605
3-sd drop (5-min move < -3 sd),2022,hour,23:00,143.0,0.003057308545113347,0.05805134759615344
3-sd drop (5-min move < -3 sd),2022,weekday,Mon,475.0,-0.06307445442875481,0.03574435929485082
3-sd drop (5-min move < -3 sd),2022,weekday,Tue,414.0,-0.022820195593260262,0.03199302818945465
3-sd drop (5-min move < -3 sd),2022,weekday,Wed,463.0,0.012164831691513401,0.0339311429930449
3-sd drop (5-min move < -3 sd),2022,weekday,Thu,457.0,-0.00890884346480221,0.03412483820331042
3-sd drop (5-min move < -3 sd),2022,weekday,Fri,510.0,-0.02978240076518409,0.03236429011378402
3-sd drop (5-min move < -3 sd),2022,weekday,Sat,416.0,0.1164751407129456,0.030176553911094205
3-sd drop (5-min move < -3 sd),2022,weekday,Sun,545.0,0.00840792123517564,0.0247707118286631
3-sd drop (5-min move < -3 sd),2022,session,Asia 00-08,1068.0,0.003980542614414863,0.019675313271185376
3-sd drop (5-min move < -3 sd),2022,session,Europe 08-13,695.0,-0.004066502895244778,0.023920477983630024
3-sd drop (5-min move < -3 sd),2022,session,overlap 13-17,546.0,0.009217814705619594,0.030501811530585857
3-sd drop (5-min move < -3 sd),2022,session,US 17-21,523.0,-0.014017394954064233,0.03176985661462673
3-sd drop (5-min move < -3 sd),2022,session,late 21-24,448.0,0.0019490418118466772,0.03481109250101499
3-sd drop (5-min move < -3 sd),2022,month,Jan,232.0,-0.09680403700588729,0.04332680906454431
3-sd drop (5-min move < -3 sd),2022,month,Feb,312.0,-0.06221075672295181,0.03835382479985891
3-sd drop (5-min move < -3 sd),2022,month,Mar,243.0,0.03908712235270502,0.04780273010516723
3-sd drop (5-min move < -3 sd),2022,month,Apr,222.0,0.03619534168314654,0.05516785274738996
3-sd drop (5-min move < -3 sd),2022,month,May,253.0,-0.0632242359973006,0.03602883834645724
3-sd drop (5-min move < -3 sd),2022,month,Jun,311.0,-0.012412751941024232,0.04225661147573752
3-sd drop (5-min move < -3 sd),2022,month,Jul,316.0,-0.017744674282185943,0.04227330012208905
3-sd drop (5-min move < -3 sd),2022,month,Aug,257.0,-0.05133576919426784,0.03853573065803421
3-sd drop (5-min move < -3 sd),2022,month,Sep,260.0,0.03137898686679176,0.04577018863417452
3-sd drop (5-min move < -3 sd),2022,month,Oct,241.0,0.023223863981378396,0.041998704991940944
3-sd drop (5-min move < -3 sd),2022,month,Nov,345.0,0.05350830682219867,0.0344592608535927
3-sd drop (5-min move < -3 sd),2022,month,Dec,288.0,0.10685975609756102,0.048734281763324186
3-sd drop (5-min move < -3 sd),2022,event slot,"funding hours (00, 08, 16)",353.0,-0.019645201409521158,0.0373150692321344
3-sd drop (5-min move < -3 sd),2022,event slot,"funding settlement window (00:00, 08:00, 16:00 +15 min)",98.0,,
3-sd drop (5-min move < -3 sd),2022,event slot,US equity open window (13:30 +15 min),81.0,,
3-sd drop (5-min move < -3 sd),2022,event slot,US equity close window (20:00 +15 min),19.0,,
3-sd drop (5-min move < -3 sd),2022,event slot,first hour of the week (Mon 00-01),20.0,,
3-sd drop (5-min move < -3 sd),2022,event slot,"weekend (Sat, Sun)",961.0,0.055188320093398614,0.018798165668973243
3-sd rise (5-min move > +3 sd),2022,hour,00:00,124.0,-0.005580441064312012,0.061939794052908295
3-sd rise (5-min move > +3 sd),2022,hour,01:00,120.0,-0.03676323676323682,0.06941943307621537
3-sd rise (5-min move > +3 sd),2022,hour,02:00,129.0,0.04230653067862364,0.06424651501681153
3-sd rise (5-min move > +3 sd),2022,hour,03:00,80.0,,
3-sd rise (5-min move > +3 sd),2022,hour,04:00,120.0,-0.06176323676323678,0.053156419808831026
3-sd rise (5-min move > +3 sd),2022,hour,05:00,131.0,-0.005211073913363986,0.0651463621419237
3-sd rise (5-min move > +3 sd),2022,hour,06:00,107.0,0.0841090373800654,0.07585830351906846
3-sd rise (5-min move > +3 sd),2022,hour,07:00,112.0,0.037046287046287,0.06309694240506286
3-sd rise (5-min move > +3 sd),2022,hour,08:00,136.0,-0.018625981861275922,0.0562324296149078
3-sd rise (5-min move > +3 sd),2022,hour,09:00,80.0,,
3-sd rise (5-min move > +3 sd),2022,hour,10:00,128.0,0.07834092990342995,0.057570077713551195
3-sd rise (5-min move > +3 sd),2022,hour,11:00,121.0,-0.06596433869161139,0.06573161905686475
3-sd rise (5-min move > +3 sd),2022,hour,12:00,148.0,0.017741267741267722,0.05816740708115042
3-sd rise (5-min move > +3 sd),2022,hour,13:00,174.0,-0.0011310528551908045,0.056569818673805485
3-sd rise (5-min move > +3 sd),2022,hour,14:00,145.0,-0.1425103632000184,0.05778033390861696
3-sd rise (5-min move > +3 sd),2022,hour,15:00,137.0,0.006545765669853184,0.057400523479468606
3-sd rise (5-min move > +3 sd),2022,hour,16:00,124.0,0.018613107322784775,0.061878442320295005
3-sd rise (5-min move > +3 sd),2022,hour,17:00,80.0,,
3-sd rise (5-min move > +3 sd),2022,hour,18:00,142.0,-0.08418107713882357,0.06508656430520367
3-sd rise (5-min move > +3 sd),2022,hour,19:00,126.0,0.06482406482406482,0.06024008702250212
3-sd rise (5-min move > +3 sd),2022,hour,20:00,151.0,0.07228753586369473,0.05760500030844477
3-sd rise (5-min move > +3 sd),2022,hour,21:00,141.0,0.025648110754493744,0.05772213472963795
3-sd rise (5-min move > +3 sd),2022,hour,22:00,127.0,0.020454611005792007,0.05769195493023566
3-sd rise (5-min move > +3 sd),2022,hour,23:00,120.0,0.021570096570096595,0.06346418473197461
3-sd rise (5-min move > +3 sd),2022,weekday,Mon,494.0,-0.017464991149201588,0.030130010278176463
3-sd rise (5-min move > +3 sd),2022,weekday,Tue,409.0,0.050930324768955544,0.0308345808471932
3-sd rise (5-min move > +3 sd),2022,weekday,Wed,449.0,-0.028893897490779457,0.03407296975541136
3-sd rise (5-min move > +3 sd),2022,weekday,Thu,393.0,-0.025567308010056137,0.03312828234108654
3-sd rise (5-min move > +3 sd),2022,weekday,Fri,404.0,-0.018116372076768115,0.03692904943245547
3-sd rise (5-min move > +3 sd),2022,weekday,Sat,379.0,0.05787176763430056,0.037874116169865635
3-sd rise (5-min move > +3 sd),2022,weekday,Sun,475.0,-0.007991306938675322,0.028342324496748984
3-sd rise (5-min move > +3 sd),2022,session,Asia 00-08,923.0,0.000867676924014946,0.02086613931890838
3-sd rise (5-min move > +3 sd),2022,session,Europe 08-13,613.0,0.010653837733772485,0.025592808606510933
3-sd rise (5-min move > +3 sd),2022,session,overlap 13-17,580.0,-0.030441397682776997,0.02736871124136959
3-sd rise (5-min move > +3 sd),2022,session,US 17-21,499.0,0.0030497224886002236,0.031002222637824452
3-sd rise (5-min move > +3 sd),2022,session,late 21-24,388.0,0.022686935058069076,0.03232425845428947
3-sd rise (5-min move > +3 sd),2022,month,Jan,224.0,-0.00313228438228441,0.042990417384627055
3-sd rise (5-min move > +3 sd),2022,month,Feb,287.0,-0.02305824257043771,0.04335714983392343
3-sd rise (5-min move > +3 sd),2022,month,Mar,243.0,-0.006310561866117416,0.04613148046557958
3-sd rise (5-min move > +3 sd),2022,month,Apr,249.0,0.06042551825684354,0.04652296756090078
3-sd rise (5-min move > +3 sd),2022,month,May,241.0,0.06060882409430124,0.04346201044447231
3-sd rise (5-min move > +3 sd),2022,month,Jun,248.0,-0.07412882816108622,0.04749360613842238
3-sd rise (5-min move > +3 sd),2022,month,Jul,321.0,-0.012464171342676033,0.038165845509183983
3-sd rise (5-min move > +3 sd),2022,month,Aug,173.0,0.025279152446782527,0.052796198875773755
3-sd rise (5-min move > +3 sd),2022,month,Sep,215.0,-0.044515174747732866,0.041728018743696305
3-sd rise (5-min move > +3 sd),2022,month,Oct,251.0,-0.004359518303741325,0.0373110932225181
3-sd rise (5-min move > +3 sd),2022,month,Nov,303.0,0.010761515712010793,0.04579343749088513
3-sd rise (5-min move > +3 sd),2022,month,Dec,248.0,0.018613107322784782,0.04813892608926563
3-sd rise (5-min move > +3 sd),2022,event slot,"funding hours (00, 08, 16)",384.0,-0.0023882367632367062,0.03285967269033422
3-sd rise (5-min move > +3 sd),2022,event slot,"funding settlement window (00:00, 08:00, 16:00 +15 min)",96.0,,
3-sd rise (5-min move > +3 sd),2022,event slot,US equity open window (13:30 +15 min),106.0,0.014809090280788336,0.073917105921547
3-sd rise (5-min move > +3 sd),2022,event slot,US equity close window (20:00 +15 min),34.0,,
3-sd rise (5-min move > +3 sd),2022,event slot,first hour of the week (Mon 00-01),20.0,,
3-sd rise (5-min move > +3 sd),2022,event slot,"weekend (Sat, Sun)",854.0,0.021238324517013064,0.021075773870254604
4-hour low (rangepos <= 0.02),2022,hour,00:00,196.0,0.0006763357631321103,0.058105873509147296
4-hour low (rangepos <= 0.02),2022,hour,01:00,207.0,-0.09249136610022188,0.05118017335802196
4-hour low (rangepos <= 0.02),2022,hour,02:00,181.0,0.01488312345058284,0.0576989328427805
4-hour low (rangepos <= 0.02),2022,hour,03:00,182.0,0.04463237971917619,0.04985577565100927
4-hour low (rangepos <= 0.02),2022,hour,04:00,145.0,-0.08799361497578409,0.07352377102302458
4-hour low (rangepos <= 0.02),2022,hour,05:00,95.0,,
4-hour low (rangepos <= 0.02),2022,hour,06:00,132.0,-0.055600720513924125,0.07888738774210244
4-hour low (rangepos <= 0.02),2022,hour,07:00,108.0,0.07739591248270894,0.061421320965602634
4-hour low (rangepos <= 0.02),2022,hour,08:00,136.0,-0.041340470959556834,0.05956155374400564
4-hour low (rangepos <= 0.02),2022,hour,09:00,171.0,0.05497875848660752,0.0493876109036164
4-hour low (rangepos <= 0.02),2022,hour,10:00,103.0,-0.0561891288693227,0.0697719212838461
4-hour low (rangepos <= 0.02),2022,hour,11:00,156.0,0.07668366177045817,0.05230493410261064
4-hour low (rangepos <= 0.02),2022,hour,12:00,124.0,0.03408647401198014,0.054897320854871916
4-hour low (rangepos <= 0.02),2022,hour,13:00,138.0,-0.1287232501581929,0.05757921504559413
4-hour low (rangepos <= 0.02),2022,hour,14:00,223.0,-0.019182728938981854,0.048878249890813893
4-hour low (rangepos <= 0.02),2022,hour,15:00,137.0,-0.05250406048295748,0.052915122550789624
4-hour low (rangepos <= 0.02),2022,hour,16:00,171.0,0.0315869456211105,0.07433654046350477
4-hour low (rangepos <= 0.02),2022,hour,17:00,135.0,-0.00778927270247628,0.06310271243565127
4-hour low (rangepos <= 0.02),2022,hour,18:00,200.0,0.014247764334560677,0.04473762528300236
4-hour low (rangepos <= 0.02),2022,hour,19:00,197.0,0.06884167296400237,0.04764782313774116
4-hour low (rangepos <= 0.02),2022,hour,20:00,178.0,0.08655113512107762,0.037945998840132576
4-hour low (rangepos <= 0.02),2022,hour,21:00,171.0,-0.13215574443736913,0.06853481284088861
4-hour low (rangepos <= 0.02),2022,hour,22:00,143.0,0.023653358740155107,0.06942738969403446
4-hour low (rangepos <= 0.02),2022,hour,23:00,173.0,0.02462348687791334,0.04567438747941251
4-hour low (rangepos <= 0.02),2022,weekday,Mon,615.0,-0.03904491859226849,0.028660511892815325
4-hour low (rangepos <= 0.02),2022,weekday,Tue,628.0,-0.03731274521957937,0.030604105032014495
4-hour low (rangepos <= 0.02),2022,weekday,Wed,583.0,-0.009860297415010438,0.02990414378450714
4-hour low (rangepos <= 0.02),2022,weekday,Thu,721.0,-0.006258476996923321,0.028228370285536018
4-hour low (rangepos <= 0.02),2022,weekday,Fri,508.0,-0.007760109681187312,0.03161001485057897
4-hour low (rangepos <= 0.02),2022,weekday,Sat,341.0,0.08613925993573374,0.032349771451760864
4-hour low (rangepos <= 0.02),2022,weekday,Sun,406.0,0.07949406975327995,0.0303358354295225
4-hour low (rangepos <= 0.02),2022,session,Asia 00-08,1246.0,-0.004941641764957733,0.018893160294108806
4-hour low (rangepos <= 0.02),2022,session,Europe 08-13,690.0,0.020552112160647725,0.024589147720174596
4-hour low (rangepos <= 0.02),2022,session,overlap 13-17,669.0,-0.03562518035901182,0.030606086648139956
4-hour low (rangepos <= 0.02),2022,session,US 17-21,710.0,0.04333227137681422,0.023204922001561556
4-hour low (rangepos <= 0.02),2022,session,late 21-24,487.0,-0.03071116790363226,0.036016273127436015
4-hour low (rangepos <= 0.02),2022,month,Jan,486.0,0.007437064746083382,0.03499237243125818
4-hour low (rangepos <= 0.02),2022,month,Feb,316.0,-0.02011932427303409,0.036456121640576725
4-hour low (rangepos <= 0.02),2022,month,Mar,291.0,0.085605152650712,0.04313624188035709
4-hour low (rangepos <= 0.02),2022,month,Apr,402.0,0.011337316573366703,0.03245820190066224
4-hour low (rangepos <= 0.02),2022,month,May,483.0,-0.02830917148324468,0.03605387296447538
4-hour low (rangepos <= 0.02),2022,month,Jun,734.0,-0.06121545092429488,0.026392586492652657
4-hour low (rangepos <= 0.02),2022,month,Jul,235.0,0.07180095582392253,0.03504654913544149
4-hour low (rangepos <= 0.02),2022,month,Aug,263.0,-0.04983968813692211,0.05003939086211916
4-hour low (rangepos <= 0.02),2022,month,Sep,214.0,0.0320515026523178,0.05325641718337938
4-hour low (rangepos <= 0.02),2022,month,Oct,98.0,,
4-hour low (rangepos <= 0.02),2022,month,Nov,190.0,0.05556355380824491,0.03757255351942988
4-hour low (rangepos <= 0.02),2022,month,Dec,90.0,,
4-hour low (rangepos <= 0.02),2022,event slot,"funding hours (00, 08, 16)",503.0,-0.0001756949099720623,0.03584427069505796
4-hour low (rangepos <= 0.02),2022,event slot,"funding settlement window (00:00, 08:00, 16:00 +15 min)",136.0,0.09101247021691364,0.05608402276608154
4-hour low (rangepos <= 0.02),2022,event slot,US equity open window (13:30 +15 min),32.0,,
4-hour low (rangepos <= 0.02),2022,event slot,US equity close window (20:00 +15 min),62.0,,
4-hour low (rangepos <= 0.02),2022,event slot,first hour of the week (Mon 00-01),28.0,,
4-hour low (rangepos <= 0.02),2022,event slot,"weekend (Sat, Sun)",747.0,0.08252755014446708,0.021635308645340117
4-hour high (rangepos >= 0.98),2022,hour,00:00,113.0,-0.0148391105613042,0.0708508405075632
4-hour high (rangepos >= 0.98),2022,hour,01:00,124.0,-0.018264745731158584,0.06401098139733608
4-hour high (rangepos >= 0.98),2022,hour,02:00,111.0,-0.13044143855301277,0.08205164257822613
4-hour high (rangepos >= 0.98),2022,hour,03:00,81.0,,
4-hour high (rangepos >= 0.98),2022,hour,04:00,110.0,0.019271911160336885,0.0613661819524942
4-hour high (rangepos >= 0.98),2022,hour,05:00,137.0,-0.007669031109072452,0.04600093485335046
4-hour high (rangepos >= 0.98),2022,hour,06:00,164.0,0.04743155639315294,0.055591570580877825
4-hour high (rangepos >= 0.98),2022,hour,07:00,146.0,0.05862433955386114,0.04100904988416844
4-hour high (rangepos >= 0.98),2022,hour,08:00,204.0,0.01873715180204823,0.05670847852362941
4-hour high (rangepos >= 0.98),2022,hour,09:00,105.0,0.058232950121375866,0.05229541175561404
4-hour high (rangepos >= 0.98),2022,hour,10:00,97.0,,
4-hour high (rangepos >= 0.98),2022,hour,11:00,97.0,,
4-hour high (rangepos >= 0.98),2022,hour,12:00,114.0,0.0063532508732555915,0.05783672338367371
4-hour high (rangepos >= 0.98),2022,hour,13:00,120.0,0.017756759645185454,0.048361615971288366
4-hour high (rangepos >= 0.98),2022,hour,14:00,149.0,-0.008305880175843671,0.05752173085707602
4-hour high (rangepos >= 0.98),2022,hour,15:00,164.0,0.004748629563884631,0.05107234794368252
4-hour high (rangepos >= 0.98),2022,hour,16:00,141.0,-0.010257424751977707,0.05436451169791874
4-hour high (rangepos >= 0.98),2022,hour,17:00,80.0,,
4-hour high (rangepos >= 0.98),2022,hour,18:00,123.0,-0.03793429726538362,0.056561312085255236
4-hour high (rangepos >= 0.98),2022,hour,19:00,143.0,0.03046072234914816,0.0446760237322362
4-hour high (rangepos >= 0.98),2022,hour,20:00,151.0,0.010361616157326711,0.05108684900829163
4-hour high (rangepos >= 0.98),2022,hour,21:00,157.0,-0.012922645874984465,0.05792192043001169
4-hour high (rangepos >= 0.98),2022,hour,22:00,139.0,-0.023370338676157506,0.049230467062058664
4-hour high (rangepos >= 0.98),2022,hour,23:00,149.0,-0.06870856473960199,0.06846737266247899
4-hour high (rangepos >= 0.98),2022,weekday,Mon,486.0,-0.053642417309547025,0.03360606804980592
4-hour high (rangepos >= 0.98),2022,weekday,Tue,474.0,-0.06093522347717749,0.026533168998571634
4-hour high (rangepos >= 0.98),2022,weekday,Wed,476.0,-0.014876293576103096,0.02891098649776664
4-hour high (rangepos >= 0.98),2022,weekday,Thu,494.0,0.03469333184491558,0.028441314488745435
4-hour high (rangepos >= 0.98),2022,weekday,Fri,493.0,0.007580965189472048,0.03312201703734562
4-hour high (rangepos >= 0.98),2022,weekday,Sat,354.0,0.050807607102812506,0.028533062173112692
4-hour high (rangepos >= 0.98),2022,weekday,Sun,342.0,0.06775675964518539,0.03148313823775451
4-hour high (rangepos >= 0.98),2022,session,Asia 00-08,986.0,-0.0035752214231039043,0.018946657061426148
4-hour high (rangepos >= 0.98),2022,session,Europe 08-13,617.0,0.026697872557124913,0.02561201465727974
4-hour high (rangepos >= 0.98),2022,session,overlap 13-17,574.0,0.00039322886702049107,0.026658701349799602
4-hour high (rangepos >= 0.98),2022,session,US 17-21,497.0,0.004711823360812515,0.028202715815602564
4-hour high (rangepos >= 0.98),2022,session,late 21-24,445.0,-0.0348649632012565,0.03198405864594755
4-hour high (rangepos >= 0.98),2022,month,Jan,368.0,0.09402487558721442,0.030777391958534364
4-hour high (rangepos >= 0.98),2022,month,Feb,297.0,-0.01978532789690208,0.04256514440902855
4-hour high (rangepos >= 0.98),2022,month,Mar,363.0,0.03469890840551598,0.03235614657485554
4-hour high (rangepos >= 0.98),2022,month,Apr,351.0,0.016474708363134128,0.03865675414602195
4-hour high (rangepos >= 0.98),2022,month,May,273.0,-0.04945935757093179,0.035597617991335505
4-hour high (rangepos >= 0.98),2022,month,Jun,227.0,0.031046040115082652,0.03730859945196103
4-hour high (rangepos >= 0.98),2022,month,Jul,272.0,-0.018027554080304726,0.048635284110369874
4-hour high (rangepos >= 0.98),2022,month,Aug,242.0,-0.10304213842643993,0.041100982151846197
4-hour high (rangepos >= 0.98),2022,month,Sep,321.0,-0.10669806901525075,0.03447377592394328
4-hour high (rangepos >= 0.98),2022,month,Oct,176.0,0.09427191116033704,0.03141486453006042
4-hour high (rangepos >= 0.98),2022,month,Nov,111.0,0.05874775063617651,0.05924606253857229
4-hour high (rangepos >= 0.98),2022,month,Dec,118.0,0.0027850082327560174,0.059822968329282106
4-hour high (rangepos >= 0.98),2022,event slot,"funding hours (00, 08, 16)",458.0,0.00152677420122621,0.03328506694710932
4-hour high (rangepos >= 0.98),2022,event slot,"funding settlement window (00:00, 08:00, 16:00 +15 min)",149.0,0.005116938616102658,0.059092121434981305
4-hour high (rangepos >= 0.98),2022,event slot,US equity open window (13:30 +15 min),36.0,,
4-hour high (rangepos >= 0.98),2022,event slot,US equity close window (20:00 +15 min),66.0,,
4-hour high (rangepos >= 0.98),2022,event slot,first hour of the week (Mon 00-01),10.0,,
4-hour high (rangepos >= 0.98),2022,event slot,"weekend (Sat, Sun)",696.0,0.059136069990013015,0.02062732169509198
RSI14 below 25,2022,hour,00:00,278.0,-0.013116405609689425,0.058735860893140354
RSI14 below 25,2022,hour,01:00,389.0,-0.06734140607204453,0.051287753034854354
RSI14 below 25,2022,hour,02:00,336.0,-0.057395268233875876,0.05677095623715664
RSI14 below 25,2022,hour,03:00,338.0,0.04622547000224706,0.044537133029394924
RSI14 below 25,2022,hour,04:00,275.0,-0.018217779056386715,0.05452572051555213
RSI14 below 25,2022,hour,05:00,208.0,0.1131633398247322,0.06176804609408465
RSI14 below 25,2022,hour,06:00,395.0,-0.12270569620253163,0.053488727663862624
RSI14 below 25,2022,hour,07:00,282.0,0.0821690681389712,0.05435053854775063
RSI14 below 25,2022,hour,08:00,333.0,-0.0019469627855704045,0.051242873381010835
RSI14 below 25,2022,hour,09:00,263.0,0.11990873321461236,0.05266062365009438
RSI14 below 25,2022,hour,10:00,232.0,-0.032559471846355284,0.06161768302939378
RSI14 below 25,2022,hour,11:00,320.0,0.007634493670886091,0.048535388538420765
RSI14 below 25,2022,hour,12:00,285.0,0.10012352875860539,0.05143613954716289
RSI14 below 25,2022,hour,13:00,320.0,-0.03299050632911396,0.04823355075415276
RSI14 below 25,2022,hour,14:00,367.0,0.0049182130169351905,0.0522167804665625
RSI14 below 25,2022,hour,15:00,301.0,-0.05711841330585814,0.052372819787316484
RSI14 below 25,2022,hour,16:00,295.0,-0.030236269040978307,0.07074324219819712
RSI14 below 25,2022,hour,17:00,314.0,0.07552860195114082,0.04959107353978386
RSI14 below 25,2022,hour,18:00,399.0,-0.064287498810317,0.047977721332260866
RSI14 below 25,2022,hour,19:00,381.0,-0.010057435462972145,0.05237239985777965
RSI14 below 25,2022,hour,20:00,277.0,0.05017736370698721,0.053850362270672227
RSI14 below 25,2022,hour,21:00,373.0,-0.006616511691044216,0.051601820158135865
RSI14 below 25,2022,hour,22:00,312.0,0.06027872444011684,0.057344506188825944
RSI14 below 25,2022,hour,23:00,311.0,-0.011728448451300468,0.04628774457120495
RSI14 below 25,2022,weekday,Mon,1140.0,-0.02443787475016656,0.027561408690728397
RSI14 below 25,2022,weekday,Tue,1169.0,-0.03736390239412672,0.0278164215940995
RSI14 below 25,2022,weekday,Wed,1027.0,-0.011897517039922114,0.02857962470857145
RSI14 below 25,2022,weekday,Thu,1136.0,-0.020842619005170336,0.0269746136676806
RSI14 below 25,2022,weekday,Fri,1011.0,-0.016311475666403678,0.027855752909880353
RSI14 below 25,2022,weekday,Sat,894.0,0.11670188740690397,0.023655129624056942
RSI14 below 25,2022,weekday,Sun,1207.0,0.016232774532526566,0.023726727244267512
RSI14 below 25,2022,session,Asia 00-08,2501.0,-0.016102261626994727,0.01672865469903188
RSI14 below 25,2022,session,Europe 08-13,1433.0,0.03790098006307027,0.02223138159022967
RSI14 below 25,2022,session,overlap 13-17,1283.0,-0.02717406049902821,0.02480921615669224
RSI14 below 25,2022,session,US 17-21,1371.0,0.005931813145721959,0.02441139358800617
RSI14 below 25,2022,session,late 21-24,996.0,0.012742425397793676,0.029626481347465396
RSI14 below 25,2022,month,Jan,712.0,-0.01740061868866454,0.03137317083897289
RSI14 below 25,2022,month,Feb,721.0,-0.0364752497410418,0.030245331047366198
RSI14 below 25,2022,month,Mar,639.0,0.050753625126285125,0.03862137798499819
RSI14 below 25,2022,month,Apr,561.0,0.023136944651278222,0.03899569732666373
RSI14 below 25,2022,month,May,672.0,-0.04102622061482819,0.03143363276594634
RSI14 below 25,2022,month,Jun,779.0,-0.0923454485627468,0.03635152081881937
RSI14 below 25,2022,month,Jul,635.0,0.008840202332303398,0.03572562813969654
RSI14 below 25,2022,month,Aug,598.0,-0.01371793107827778,0.03616678396892007
RSI14 below 25,2022,month,Sep,694.0,0.0020599259475430963,0.04116065547036107
RSI14 below 25,2022,month,Oct,477.0,0.060379514635246656,0.03614500719407214
RSI14 below 25,2022,month,Nov,606.0,0.03866790951247016,0.029819063683017365
RSI14 below 25,2022,month,Dec,490.0,0.08512173856884528,0.043643926335633035
RSI14 below 25,2022,event slot,"funding hours (00, 08, 16)",906.0,-0.014585429066420722,0.03323333714680087
RSI14 below 25,2022,event slot,"funding settlement window (00:00, 08:00, 16:00 +15 min)",237.0,0.036787974683544285,0.0565615337911572
RSI14 below 25,2022,event slot,US equity open window (13:30 +15 min),98.0,,
RSI14 below 25,2022,event slot,US equity close window (20:00 +15 min),55.0,,
RSI14 below 25,2022,event slot,first hour of the week (Mon 00-01),54.0,,
RSI14 below 25,2022,event slot,"weekend (Sat, Sun)",2101.0,0.05898355364232825,0.01689249525768142
RSI14 above 75,2022,hour,00:00,216.0,0.028939751587703053,0.05471273309635656
RSI14 above 75,2022,hour,01:00,316.0,-0.0648835020456772,0.056783868763531364
RSI14 above 75,2022,hour,02:00,284.0,-0.007119194682510794,0.04699683498276727
RSI14 above 75,2022,hour,03:00,233.0,-0.05393657967918618,0.07065231820747819
RSI14 above 75,2022,hour,04:00,261.0,-0.010491921464659623,0.04893409919198897
RSI14 above 75,2022,hour,05:00,304.0,0.07377405957990577,0.04901607674637178
RSI14 above 75,2022,hour,06:00,250.0,-0.0055417298937785455,0.05944477494440113
RSI14 above 75,2022,hour,07:00,253.0,0.019296214770253218,0.05087795602567631
RSI14 above 75,2022,hour,08:00,290.0,0.05004447700277333,0.05257996354408082
RSI14 above 75,2022,hour,09:00,195.0,-0.059593011945060434,0.07118524408616299
RSI14 above 75,2022,hour,10:00,241.0,0.003371133176761057,0.050407278243178415
RSI14 above 75,2022,hour,11:00,224.0,0.06531541296336445,0.0497881273173664
RSI14 above 75,2022,hour,12:00,260.0,0.07630442395237536,0.041356532496641674
RSI14 above 75,2022,hour,13:00,247.0,-0.01883727645248283,0.06189944786974387
RSI14 above 75,2022,hour,14:00,325.0,-0.14061865297070147,0.0457564945725037
RSI14 above 75,2022,hour,15:00,360.0,0.003013825661777167,0.04737475748858402
RSI14 above 75,2022,hour,16:00,304.0,-0.005173308841146967,0.0534400770306967
RSI14 above 75,2022,hour,17:00,204.0,-0.028522122050641113,0.06012559323701561
RSI14 above 75,2022,hour,18:00,317.0,-0.05388242390008765,0.05646336945340035
RSI14 above 75,2022,hour,19:00,305.0,-0.01032861513968003,0.047722018252253084
RSI14 above 75,2022,hour,20:00,364.0,0.0708099184578699,0.05136588648667293
RSI14 above 75,2022,hour,21:00,320.0,0.028708270106221543,0.04284944732823615
RSI14 above 75,2022,hour,22:00,248.0,0.011167947525576389,0.05346307962992747
RSI14 above 75,2022,hour,23:00,269.0,0.024688753377597024,0.046486393304937534
RSI14 above 75,2022,weekday,Mon,1068.0,-0.08971401453797322,0.024540921557601247
RSI14 above 75,2022,weekday,Tue,1027.0,-0.010842606232629507,0.027886905779352288
RSI14 above 75,2022,weekday,Wed,971.0,0.0022728942050887083,0.02590444523639355
RSI14 above 75,2022,weekday,Thu,852.0,0.056261087007630016,0.025280084444717913
RSI14 above 75,2022,weekday,Fri,869.0,-0.04359466430114326,0.030681605971338375
RSI14 above 75,2022,weekday,Sat,808.0,0.040032527531964124,0.0276565314228683
RSI14 above 75,2022,weekday,Sun,995.0,0.06265927513134717,0.0215466759273938
RSI14 above 75,2022,session,Asia 00-08,2117.0,-0.002671630696801589,0.016544726911071686
RSI14 above 75,2022,session,Europe 08-13,1210.0,0.03154917919713062,0.02220721199021518
RSI14 above 75,2022,session,overlap 13-17,1236.0,-0.041133962903487226,0.023209223046757092
RSI14 above 75,2022,session,US 17-21,1190.0,-0.00023080552403055828,0.025563514117010203
RSI14 above 75,2022,session,late 21-24,837.0,0.02221932148017614,0.026630920020591916
RSI14 above 75,2022,month,Jan,600.0,0.040791603439554805,0.027431369406804802
RSI14 above 75,2022,month,Feb,556.0,-0.014592089606008642,0.046590572960114617
RSI14 above 75,2022,month,Mar,607.0,0.025423673730603766,0.036993326180469584
RSI14 above 75,2022,month,Apr,478.0,0.014508479311242448,0.03483355846517487
RSI14 above 75,2022,month,May,539.0,0.04212431834369834,0.031127353621459696
RSI14 above 75,2022,month,Jun,461.0,-0.04174997284388693,0.0440830305213219
RSI14 above 75,2022,month,Jul,665.0,-0.06325601560806417,0.035261187622203066
RSI14 above 75,2022,month,Aug,451.0,-0.04539095384056338,0.033513553366571164
RSI14 above 75,2022,month,Sep,651.0,-0.06141269763571394,0.03196269329440001
RSI14 above 75,2022,month,Oct,562.0,0.05768958683220019,0.0348099058801424
RSI14 above 75,2022,month,Nov,477.0,0.05138908771628445,0.047385841048432485
RSI14 above 75,2022,month,Dec,543.0,0.00625200859609261,0.034876165021733824
RSI14 above 75,2022,event slot,"funding hours (00, 08, 16)",810.0,0.023692838007456106,0.030535073888671892
RSI14 above 75,2022,event slot,"funding settlement window (00:00, 08:00, 16:00 +15 min)",170.0,0.016575917165045043,0.07091605327480863
RSI14 above 75,2022,event slot,US equity open window (13:30 +15 min),104.0,-0.07754172989377846,0.07842561417053713
RSI14 above 75,2022,event slot,US equity close window (20:00 +15 min),99.0,,
RSI14 above 75,2022,event slot,first hour of the week (Mon 00-01),39.0,,
RSI14 above 75,2022,event slot,"weekend (Sat, Sun)",1803.0,0.052519279534951446,0.016321488240424894
reversal at the open,2023,hour,00:00,1456.0,0.016904640272991933,0.011294831118328593
reversal at the open,2023,hour,01:00,1456.0,-0.006447008078656293,0.011448057391203
reversal at the open,2023,hour,02:00,1456.0,0.00728925565760735,0.012252488818484251
reversal at the open,2023,hour,03:00,1456.0,0.017591453459805163,0.011692206770793998
reversal at the open,2023,hour,04:00,1456.0,0.0066024424707942266,0.01187776583608542
reversal at the open,2023,hour,05:00,1456.0,-0.008507447639095876,0.011970407640332586
reversal at the open,2023,hour,06:00,1456.0,0.00797606884442058,0.011535231347383724
reversal at the open,2023,hour,07:00,1456.0,-0.018122832254480564,0.012459958398728823
reversal at the open,2023,hour,08:00,1456.0,0.010723321591673288,0.011827927932379084
reversal at the open,2023,hour,09:00,1456.0,0.004542002910354642,0.01174857850762663
reversal at the open,2023,hour,10:00,1456.0,-0.002326128957777232,0.012677914028886664
reversal at the open,2023,hour,11:00,1456.0,-0.0030129421445903555,0.012293907262726736
reversal at the open,2023,hour,12:00,1454.0,0.01077717076863115,0.012343500032237166
reversal at the open,2023,hour,13:00,1452.0,-0.0077638730318849315,0.011787363411148529
reversal at the open,2023,hour,14:00,1452.0,-0.004320346861085976,0.012153195947132836
reversal at the open,2023,hour,15:00,1456.0,0.016217827086178808,0.012330127439279921
reversal at the open,2023,hour,16:00,1456.0,0.003855189723541519,0.012182663722900531
reversal at the open,2023,hour,17:00,1456.0,-0.009194260825909,0.012691134272396702
reversal at the open,2023,hour,18:00,1456.0,-0.005073381705029939,0.012793267480775777
reversal at the open,2023,hour,19:00,1456.0,-0.016749205880854212,0.012640725248119405
reversal at the open,2023,hour,20:00,1456.0,-0.008507447639095876,0.012817902641593623
reversal at the open,2023,hour,21:00,1456.0,-0.0036997553314035854,0.012060366747903149
reversal at the open,2023,hour,22:00,1456.0,-0.001639315770964002,0.012004456786419348
reversal at the open,2023,hour,23:00,1456.0,-0.0071338212654695225,0.01192095839117739
reversal at the open,2023,weekday,Mon,4992.0,0.008433944302296015,0.005749577849078996
reversal at the open,2023,weekday,Tue,4992.0,-0.009394581338729616,0.0054481421885168805
reversal at the open,2023,weekday,Wed,4992.0,-0.012599709543857853,0.0067208799630194245
reversal at the open,2023,weekday,Thu,4992.0,-0.0077920172361655455,0.005931642201607018
reversal at the open,2023,weekday,Fri,4946.0,-0.004365183716201096,0.006162541985543182
reversal at the open,2023,weekday,Sat,4932.0,0.02043952793196724,0.00671750958669401
reversal at the open,2023,weekday,Sun,5088.0,0.005380001389862606,0.006753478073157575
reversal at the open,2023,session,Asia 00-08,11648.0,0.002910821591673315,0.003526037484759169
reversal at the open,2023,session,Europe 08-13,7278.0,0.0041388611222170696,0.004983542135280179
reversal at the open,2023,session,overlap 13-17,5816.0,0.0020082574261277176,0.005268818559130347
reversal at the open,2023,session,US 17-21,5824.0,-0.009881074012722233,0.0062274875697846165
reversal at the open,2023,session,late 21-24,4368.0,-0.004157630789278975,0.006665167737733682
reversal at the open,2023,month,Jan,2976.0,0.01021744306160135,0.0072310858169983136
reversal at the open,2023,month,Feb,2688.0,0.008033303276655033,0.009766584715457004
reversal at the open,2023,month,Mar,2870.0,-0.0050800823214865775,0.00866122496452805
reversal at the open,2023,month,Apr,2880.0,-0.002036141167789425,0.008681354089931074
reversal at the open,2023,month,May,2976.0,-0.00087126661581809,0.008554343960804702
reversal at the open,2023,month,Jun,2880.0,-0.0006472522789004823,0.007860952885023618
reversal at the open,2023,month,Jul,2976.0,0.019962066717515197,0.009727289334657335
reversal at the open,2023,month,Aug,2976.0,-0.007591696723344938,0.008667190510153
reversal at the open,2023,month,Sep,2880.0,0.01185274772109939,0.007990897638889412
reversal at the open,2023,month,Oct,2976.0,-0.0032234171534525477,0.007919925982227136
reversal at the open,2023,month,Nov,2880.0,-0.02078614116778949,0.007912897240735055
reversal at the open,2023,month,Dec,2976.0,-0.009607825755603074,0.008089985069658617
reversal at the open,2023,event slot,"funding hours (00, 08, 16)",4368.0,0.010494383862735603,0.00686743577448889
reversal at the open,2023,event slot,"funding settlement window (00:00, 08:00, 16:00 +15 min)",1092.0,0.016446764815116473,0.015232937120460602
reversal at the open,2023,event slot,US equity open window (13:30 +15 min),363.0,-0.04908618708147171,0.026134282345785968
reversal at the open,2023,event slot,US equity close window (20:00 +15 min),364.0,0.029267277635629408,0.02578857178919364
reversal at the open,2023,event slot,first hour of the week (Mon 00-01),208.0,0.024459585327937076,0.02755315240851293
reversal at the open,2023,event slot,"weekend (Sat, Sun)",10020.0,0.012792534813581237,0.004287125502316881
lead sign at minute 3,2023,hour,00:00,1456.0,0.009489008157926668,0.012375725744145815
lead sign at minute 3,2023,hour,01:00,1456.0,0.003994502663421253,0.01261656406488412
lead sign at minute 3,2023,hour,02:00,1456.0,0.00674175541067396,0.01250074689461186
lead sign at minute 3,2023,hour,03:00,1456.0,-0.0042472555783370815,0.012142296000635903
lead sign at minute 3,2023,hour,04:00,1456.0,0.0033076894766080234,0.012394687865077038
lead sign at minute 3,2023,hour,05:00,1456.0,-0.007681321512403018,0.012650627812567214
lead sign at minute 3,2023,hour,06:00,1456.0,0.011549447718366251,0.012074960876481636
lead sign at minute 3,2023,hour,07:00,1456.0,0.001247249916168546,0.012507076949425266
lead sign at minute 3,2023,hour,08:00,1456.0,-0.015923079754161247,0.012682376357638124
lead sign at minute 3,2023,hour,09:00,1456.0,-0.014549453380534892,0.011866260969340816
lead sign at minute 3,2023,hour,10:00,1456.0,-0.005620881951963435,0.012752853007572632
lead sign at minute 3,2023,hour,11:00,1456.0,-0.004934068765150311,0.01235419330403894
lead sign at minute 3,2023,hour,12:00,1454.0,0.01794994199712739,0.012376134386822456
lead sign at minute 3,2023,hour,13:00,1452.0,-0.010067193216456459,0.01237783570110839
lead sign at minute 3,2023,hour,14:00,1452.0,-0.01075589845061623,0.012490502957464192
lead sign at minute 3,2023,hour,15:00,1456.0,-0.00012637645745791404,0.011983677494665765
lead sign at minute 3,2023,hour,16:00,1456.0,-0.013862640193721663,0.011858671361371184
lead sign at minute 3,2023,hour,17:00,1456.0,0.001247249916168546,0.012835757273306285
lead sign at minute 3,2023,hour,18:00,1456.0,0.02528571145463,0.011979151509950492
lead sign at minute 3,2023,hour,19:00,1456.0,-0.033780222611304166,0.012159635133908954
lead sign at minute 3,2023,hour,20:00,1456.0,0.01223626090517948,0.012309009268800073
lead sign at minute 3,2023,hour,21:00,1456.0,0.007428568597487191,0.01177802799015101
lead sign at minute 3,2023,hour,22:00,1456.0,0.0005604367293553159,0.011602925633875723
lead sign at minute 3,2023,hour,23:00,1456.0,0.02047801914693771,0.011529239584900744
lead sign at minute 3,2023,weekday,Mon,4992.0,-0.0099993160178975,0.006537221729135685
lead sign at minute 3,2023,weekday,Tue,4992.0,-0.004190021146102637,0.006420747780465899
lead sign at minute 3,2023,weekday,Wed,4992.0,-0.005992905761487181,0.006111116862690864
lead sign at minute 3,2023,weekday,Thu,4992.0,0.010032735264153811,0.0059128395842513
lead sign at minute 3,2023,weekday,Fri,4946.0,-0.009381829859696635,0.006837159072405336
lead sign at minute 3,2023,weekday,Sat,4932.0,0.002550691000631357,0.006262086954841706
lead sign at minute 3,2023,weekday,Sun,5088.0,0.016605515864057046,0.006215892859024082
lead sign at minute 3,2023,session,Asia 00-08,11648.0,0.0030501345315530454,0.003425556266017911
lead sign at minute 3,2023,session,Europe 08-13,7278.0,-0.0046217093740603754,0.0049260637223270485
lead sign at minute 3,2023,session,overlap 13-17,5816.0,-0.008700676984990953,0.005755379985358204
lead sign at minute 3,2023,session,US 17-21,5824.0,0.0012472499161684575,0.005614781416149808
lead sign at minute 3,2023,session,late 21-24,4368.0,0.009489008157926658,0.006333831100452011
lead sign at minute 3,2023,month,Jan,2976.0,-0.0031690327259206105,0.008246567491921115
lead sign at minute 3,2023,month,Feb,2688.0,-0.016237869131450592,0.008349678516418102
lead sign at minute 3,2023,month,Mar,2870.0,-0.020703969596026637,0.008464224078102085
lead sign at minute 3,2023,month,Apr,2880.0,-0.005151559607641102,0.008047002889512203
lead sign at minute 3,2023,month,May,2976.0,0.01396806404827283,0.008629445614253752
lead sign at minute 3,2023,month,Jun,2880.0,0.010126218170136658,0.009346442937182542
lead sign at minute 3,2023,month,Jul,2976.0,0.009599784478380441,0.00871667052141989
lead sign at minute 3,2023,month,Aug,2976.0,0.006239569424617016,0.009163253804594058
lead sign at minute 3,2023,month,Sep,2880.0,0.0024873292812478283,0.008387129551275015
lead sign at minute 3,2023,month,Oct,2976.0,-0.0024969897151679663,0.007375437595050867
lead sign at minute 3,2023,month,Nov,2880.0,-0.003068226274307739,0.00821811316891988
lead sign at minute 3,2023,month,Dec,2976.0,0.006239569424617016,0.009335421815707321
lead sign at minute 3,2023,event slot,"funding hours (00, 08, 16)",4368.0,-0.006765570596652144,0.006926817143655661
lead sign at minute 3,2023,event slot,"funding settlement window (00:00, 08:00, 16:00 +15 min)",1092.0,-0.05278205411313552,0.014314229365474286
lead sign at minute 3,2023,event slot,US equity open window (13:30 +15 min),363.0,0.0057730271692184075,0.024791192553780088
lead sign at minute 3,2023,event slot,US equity close window (20:00 +15 min),364.0,0.028719777388695876,0.02450458637615642
lead sign at minute 3,2023,event slot,first hour of the week (Mon 00-01),208.0,-0.021417585248666667,0.0339682266488582
lead sign at minute 3,2023,event slot,"weekend (Sat, Sun)",10020.0,0.009687512248646347,0.004072392244171123
3-sd drop (5-min move < -3 sd),2023,hour,00:00,162.0,0.05154588299158586,0.046248268558123584
3-sd drop (5-min move < -3 sd),2023,hour,01:00,132.0,-0.013268931823228945,0.07614223319890216
3-sd drop (5-min move < -3 sd),2023,hour,02:00,132.0,0.017034098479801363,0.05746864301026203
3-sd drop (5-min move < -3 sd),2023,hour,03:00,72.0,,
3-sd drop (5-min move < -3 sd),2023,hour,04:00,89.0,,
3-sd drop (5-min move < -3 sd),2023,hour,05:00,140.0,-0.07517369372799078,0.05510187539742986
3-sd drop (5-min move < -3 sd),2023,hour,06:00,105.0,0.04149297293867579,0.06160238864508717
3-sd drop (5-min move < -3 sd),2023,hour,07:00,110.0,0.021579553025255882,0.06739434268449718
3-sd drop (5-min move < -3 sd),2023,hour,08:00,107.0,0.0762949311051199,0.06323562414643015
3-sd drop (5-min move < -3 sd),2023,hour,09:00,119.0,-0.025173693727990866,0.053213710176108035
3-sd drop (5-min move < -3 sd),2023,hour,10:00,87.0,,
3-sd drop (5-min move < -3 sd),2023,hour,11:00,147.0,-0.16803083658513376,0.05286141790858486
3-sd drop (5-min move < -3 sd),2023,hour,12:00,159.0,0.05748578515790305,0.052949989788850134
3-sd drop (5-min move < -3 sd),2023,hour,13:00,141.0,0.01332681285762209,0.06337503886465246
3-sd drop (5-min move < -3 sd),2023,hour,14:00,154.0,0.000800332246035135,0.05543732430580863
3-sd drop (5-min move < -3 sd),2023,hour,15:00,138.0,-0.002399366605837651,0.05235203820311586
3-sd drop (5-min move < -3 sd),2023,hour,16:00,108.0,0.10710143854714142,0.05497983821910001
3-sd drop (5-min move < -3 sd),2023,hour,17:00,124.0,-0.04015065225333649,0.0691675380731779
3-sd drop (5-min move < -3 sd),2023,hour,18:00,101.0,0.056863081378091186,0.056215654610980235
3-sd drop (5-min move < -3 sd),2023,hour,19:00,165.0,-0.02690529545959263,0.062213602726871965
3-sd drop (5-min move < -3 sd),2023,hour,20:00,121.0,0.006703519967404673,0.06505663730785506
3-sd drop (5-min move < -3 sd),2023,hour,21:00,174.0,-0.004648242168056507,0.06365242021376766
3-sd drop (5-min move < -3 sd),2023,hour,22:00,104.0,0.047628504074206955,0.06640155993665578
3-sd drop (5-min move < -3 sd),2023,hour,23:00,111.0,-0.038043706598003796,0.06569983589265876
3-sd drop (5-min move < -3 sd),2023,weekday,Mon,492.0,-0.0356266554004647,0.02807776464844465
3-sd drop (5-min move < -3 sd),2023,weekday,Tue,354.0,0.013567226368861447,0.027876226068747078
3-sd drop (5-min move < -3 sd),2023,weekday,Wed,421.0,-0.04315808463399699,0.03436846648303955
3-sd drop (5-min move < -3 sd),2023,weekday,Thu,387.0,-0.035878750944675984,0.03355959038426073
3-sd drop (5-min move < -3 sd),2023,weekday,Fri,376.0,0.04169560718386326,0.034162474728432035
3-sd drop (5-min move < -3 sd),2023,weekday,Sat,422.0,0.07875318508040459,0.025181527062906148
3-sd drop (5-min move < -3 sd),2023,weekday,Sun,550.0,-0.007511356065653149,0.027174215543077907
3-sd drop (5-min move < -3 sd),2023,session,Asia 00-08,942.0,0.004246991743650036,0.01904710713714308
3-sd drop (5-min move < -3 sd),2023,session,Europe 08-13,619.0,-0.023096610875463754,0.023855971444002255
3-sd drop (5-min move < -3 sd),2023,session,overlap 13-17,541.0,0.024469823568021788,0.02550238086200761
3-sd drop (5-min move < -3 sd),2023,session,US 17-21,511.0,-0.0056042221037247006,0.03064192308706668
3-sd drop (5-min move < -3 sd),2023,session,late 21-24,389.0,-0.00020123687892731522,0.036711733908068644
3-sd drop (5-min move < -3 sd),2023,month,Jan,221.0,0.014257463350225055,0.04568466767105037
3-sd drop (5-min move < -3 sd),2023,month,Feb,206.0,-0.03349546904005745,0.05303495782079421
3-sd drop (5-min move < -3 sd),2023,month,Mar,263.0,0.030774160698951045,0.03519744033879808
3-sd drop (5-min move < -3 sd),2023,month,Apr,284.0,0.02663717146315594,0.04163374735387768
3-sd drop (5-min move < -3 sd),2023,month,May,248.0,-0.03611839418882036,0.050802542357998144
3-sd drop (5-min move < -3 sd),2023,month,Jun,276.0,-0.002399366605837697,0.03327963954263113
3-sd drop (5-min move < -3 sd),2023,month,Jul,262.0,0.010267963851071291,0.048593476810232315
3-sd drop (5-min move < -3 sd),2023,month,Aug,384.0,-0.0028522651565623257,0.028857726451499904
3-sd drop (5-min move < -3 sd),2023,month,Sep,240.0,-0.02160226515656233,0.034831824673525046
3-sd drop (5-min move < -3 sd),2023,month,Oct,218.0,-0.06907932937674585,0.04675071571337912
3-sd drop (5-min move < -3 sd),2023,month,Nov,213.0,-0.009747805062665576,0.037090223010278124
3-sd drop (5-min move < -3 sd),2023,month,Dec,187.0,0.09858490061883879,0.04733761503335118
3-sd drop (5-min move < -3 sd),2023,event slot,"funding hours (00, 08, 16)",377.0,0.07448526799993639,0.032183317323794244
3-sd drop (5-min move < -3 sd),2023,event slot,"funding settlement window (00:00, 08:00, 16:00 +15 min)",97.0,,
3-sd drop (5-min move < -3 sd),2023,event slot,US equity open window (13:30 +15 min),55.0,,
3-sd drop (5-min move < -3 sd),2023,event slot,US equity close window (20:00 +15 min),40.0,,
3-sd drop (5-min move < -3 sd),2023,event slot,first hour of the week (Mon 00-01),30.0,,
3-sd drop (5-min move < -3 sd),2023,event slot,"weekend (Sat, Sun)",972.0,0.02994094471998091,0.01817704182769247
3-sd rise (5-min move > +3 sd),2023,hour,00:00,257.0,-0.05678620134240138,0.04584377297352536
3-sd rise (5-min move > +3 sd),2023,hour,01:00,140.0,0.0354039042718289,0.06749505223783325
3-sd rise (5-min move > +3 sd),2023,hour,02:00,101.0,0.03108990144297441,0.0660594062984275
3-sd rise (5-min move > +3 sd),2023,hour,03:00,94.0,,
3-sd rise (5-min move > +3 sd),2023,hour,04:00,105.0,-0.10507228620436168,0.057945261811264484
3-sd rise (5-min move > +3 sd),2023,hour,05:00,115.0,0.004658562656921872,0.06506270833062669
3-sd rise (5-min move > +3 sd),2023,hour,06:00,130.0,0.03375555262347715,0.06679334330123857
3-sd rise (5-min move > +3 sd),2023,hour,07:00,129.0,-0.039291555307351705,0.06381581829587724
3-sd rise (5-min move > +3 sd),2023,hour,08:00,177.0,-0.006444360457791763,0.06300907816720362
3-sd rise (5-min move > +3 sd),2023,hour,09:00,131.0,0.09042026195994216,0.05600463000795261
3-sd rise (5-min move > +3 sd),2023,hour,10:00,133.0,-0.05444571978832156,0.06673092756131599
3-sd rise (5-min move > +3 sd),2023,hour,11:00,157.0,0.06829744385326648,0.05342135659121508
3-sd rise (5-min move > +3 sd),2023,hour,12:00,227.0,0.007493268651942075,0.05072353711334913
3-sd rise (5-min move > +3 sd),2023,hour,13:00,178.0,0.04110213862174849,0.057956055690197794
3-sd rise (5-min move > +3 sd),2023,hour,14:00,181.0,0.03141811105951621,0.054588193596321
3-sd rise (5-min move > +3 sd),2023,hour,15:00,139.0,-0.053958891206074555,0.06774187843384508
3-sd rise (5-min move > +3 sd),2023,hour,16:00,118.0,0.0839511197681968,0.06549251672647016
3-sd rise (5-min move > +3 sd),2023,hour,17:00,160.0,-0.09941752429959977,0.05082830574499114
3-sd rise (5-min move > +3 sd),2023,hour,18:00,170.0,-0.1255204654760703,0.0507198857538322
3-sd rise (5-min move > +3 sd),2023,hour,19:00,132.0,0.12349914236706686,0.05484971247768548
3-sd rise (5-min move > +3 sd),2023,hour,20:00,139.0,0.05395477785867357,0.061171208299454286
3-sd rise (5-min move > +3 sd),2023,hour,21:00,147.0,0.055471931482713205,0.049647961564269455
3-sd rise (5-min move > +3 sd),2023,hour,22:00,130.0,-0.07393675506883056,0.06781537687697878
3-sd rise (5-min move > +3 sd),2023,hour,23:00,108.0,0.012388031255955816,0.06948130860030298
3-sd rise (5-min move > +3 sd),2023,weekday,Mon,470.0,0.005768645913166169,0.029902275293342027
3-sd rise (5-min move > +3 sd),2023,weekday,Tue,513.0,0.04162779733782714,0.027140836453861665
3-sd rise (5-min move > +3 sd),2023,weekday,Wed,519.0,0.0136725527716911,0.0287395460451544
3-sd rise (5-min move > +3 sd),2023,weekday,Thu,438.0,-0.05001683936809299,0.02905885983327075
3-sd rise (5-min move > +3 sd),2023,weekday,Fri,432.0,-0.04548233911441459,0.03298429936333292
3-sd rise (5-min move > +3 sd),2023,weekday,Sat,449.0,0.03144272068926437,0.03374513483979043
3-sd rise (5-min move > +3 sd),2023,weekday,Sun,677.0,-0.00550135000122461,0.026365551627237128
3-sd rise (5-min move > +3 sd),2023,session,Asia 00-08,1071.0,-0.016556880041896677,0.019950272745373566
3-sd rise (5-min move > +3 sd),2023,session,Europe 08-13,825.0,0.01925671812464262,0.025013091164853347
3-sd rise (5-min move > +3 sd),2023,session,overlap 13-17,616.0,0.025014293882218496,0.028023283275598457
3-sd rise (5-min move > +3 sd),2023,session,US 17-21,601.0,-0.02236885541440844,0.027968788268306444
3-sd rise (5-min move > +3 sd),2023,session,late 21-24,385.0,-0.00031038144245697257,0.035606510099550535
3-sd rise (5-min move > +3 sd),2023,month,Jan,271.0,0.006647973855381782,0.04015732741043759
3-sd rise (5-min move > +3 sd),2023,month,Feb,273.0,-0.008368989501065023,0.04176100858164577
3-sd rise (5-min move > +3 sd),2023,month,Mar,301.0,-0.0016392850969419346,0.031784649830935506
3-sd rise (5-min move > +3 sd),2023,month,Apr,298.0,-0.019677591413693747,0.04333454665167257
3-sd rise (5-min move > +3 sd),2023,month,May,301.0,0.11796204380671252,0.03900003520631279
3-sd rise (5-min move > +3 sd),2023,month,Jun,321.0,0.03315646323934097,0.03271041353890696
3-sd rise (5-min move > +3 sd),2023,month,Jul,288.0,0.050582475700400246,0.040187544487973875
3-sd rise (5-min move > +3 sd),2023,month,Aug,354.0,-0.0036195017007297874,0.04059286309613229
3-sd rise (5-min move > +3 sd),2023,month,Sep,316.0,0.010629944054830557,0.04722126087139313
3-sd rise (5-min move > +3 sd),2023,month,Oct,256.0,-0.03926127429959977,0.039075264306845534
3-sd rise (5-min move > +3 sd),2023,month,Nov,270.0,-0.09872307985515538,0.029466865812222475
3-sd rise (5-min move > +3 sd),2023,month,Dec,249.0,-0.07730407048433868,0.04009680886502017
3-sd rise (5-min move > +3 sd),2023,event slot,"funding hours (00, 08, 16)",552.0,-0.010558828647425795,0.03060911805910782
3-sd rise (5-min move > +3 sd),2023,event slot,"funding settlement window (00:00, 08:00, 16:00 +15 min)",84.0,,
3-sd rise (5-min move > +3 sd),2023,event slot,US equity open window (13:30 +15 min),66.0,,
3-sd rise (5-min move > +3 sd),2023,event slot,US equity close window (20:00 +15 min),46.0,,
3-sd rise (5-min move > +3 sd),2023,event slot,first hour of the week (Mon 00-01),36.0,,
3-sd rise (5-min move > +3 sd),2023,event slot,"weekend (Sat, Sun)",1126.0,0.00923034426167907,0.01843352418393065
4-hour low (rangepos <= 0.02),2023,hour,00:00,176.0,0.010192046759211,0.039195885000177996
4-hour low (rangepos <= 0.02),2023,hour,01:00,196.0,-0.032015745448581316,0.05931063640932388
4-hour low (rangepos <= 0.02),2023,hour,02:00,247.0,-0.00020545048039154816,0.05127855682958574
4-hour low (rangepos <= 0.02),2023,hour,03:00,253.0,-0.022416648892962958,0.046216763476814304
4-hour low (rangepos <= 0.02),2023,hour,04:00,179.0,0.07811992893290311,0.06058425919412242
4-hour low (rangepos <= 0.02),2023,hour,05:00,287.0,-0.05640598935102037,0.04109273983843045
4-hour low (rangepos <= 0.02),2023,hour,06:00,302.0,0.01907223941423797,0.04321385604445743
4-hour low (rangepos <= 0.02),2023,hour,07:00,282.0,-0.039614529643110165,0.06045504058575106
4-hour low (rangepos <= 0.02),2023,hour,08:00,202.0,-0.02423639608507351,0.06484591288859948
4-hour low (rangepos <= 0.02),2023,hour,09:00,205.0,0.016067878244798547,0.052780559861707245
4-hour low (rangepos <= 0.02),2023,hour,10:00,176.0,0.015873864941029096,0.06410567460101511
4-hour low (rangepos <= 0.02),2023,hour,11:00,176.0,0.10678295585011996,0.048952219657388274
4-hour low (rangepos <= 0.02),2023,hour,12:00,215.0,-0.003444316877152713,0.06592110788102627
4-hour low (rangepos <= 0.02),2023,hour,13:00,191.0,-0.037999290699142145,0.056530619644912745
4-hour low (rangepos <= 0.02),2023,hour,14:00,188.0,0.013576959718592001,0.05964622438430026
4-hour low (rangepos <= 0.02),2023,hour,15:00,163.0,0.06526733956456507,0.05077587776966788
4-hour low (rangepos <= 0.02),2023,hour,16:00,110.0,0.06928295585012,0.06245735932329381
4-hour low (rangepos <= 0.02),2023,hour,17:00,117.0,0.029034315601479767,0.07391723037325977
4-hour low (rangepos <= 0.02),2023,hour,18:00,108.0,-0.038629502062337964,0.07687071110167394
4-hour low (rangepos <= 0.02),2023,hour,19:00,137.0,-0.12169249205963446,0.06848250626005978
4-hour low (rangepos <= 0.02),2023,hour,20:00,127.0,-0.03651518301888501,0.0720877991713589
4-hour low (rangepos <= 0.02),2023,hour,21:00,107.0,0.0787986737770529,0.09393265394817935
4-hour low (rangepos <= 0.02),2023,hour,22:00,95.0,,
4-hour low (rangepos <= 0.02),2023,hour,23:00,116.0,-0.017237420325428646,0.08233187641835128
4-hour low (rangepos <= 0.02),2023,weekday,Mon,558.0,0.05426177631281147,0.027896886105578948
4-hour low (rangepos <= 0.02),2023,weekday,Tue,623.0,0.04021539419828866,0.03139935515239283
4-hour low (rangepos <= 0.02),2023,weekday,Wed,573.0,-0.015311681624098575,0.032689077342950644
4-hour low (rangepos <= 0.02),2023,weekday,Thu,657.0,-0.012881150971521073,0.024757893196762134
4-hour low (rangepos <= 0.02),2023,weekday,Fri,577.0,0.0031414716843723807,0.033018983835762204
4-hour low (rangepos <= 0.02),2023,weekday,Sat,786.0,-0.027108439014557253,0.02453053690042999
4-hour low (rangepos <= 0.02),2023,weekday,Sun,581.0,-0.032015745448581254,0.02894013623164282
4-hour low (rangepos <= 0.02),2023,session,Asia 00-08,1922.0,-0.009271580144582493,0.014695982680604697
4-hour low (rangepos <= 0.02),2023,session,Europe 08-13,974.0,0.019758968543791937,0.026140905288793644
4-hour low (rangepos <= 0.02),2023,session,overlap 13-17,652.0,0.02078881195720307,0.027921830775977277
4-hour low (rangepos <= 0.02),2023,session,US 17-21,489.0,-0.04516210828819567,0.03576819832891066
4-hour low (rangepos <= 0.02),2023,session,late 21-24,318.0,0.022341846644859862,0.055429048809964084
4-hour low (rangepos <= 0.02),2023,month,Jan,76.0,,
4-hour low (rangepos <= 0.02),2023,month,Feb,168.0,-0.014158602591438365,0.03677054304114261
4-hour low (rangepos <= 0.02),2023,month,Mar,129.0,0.00895878389804106,0.04624566114084163
4-hour low (rangepos <= 0.02),2023,month,Apr,212.0,-0.02325563763186967,0.04978010784429175
4-hour low (rangepos <= 0.02),2023,month,May,278.0,0.011663596791912033,0.03763670940579252
4-hour low (rangepos <= 0.02),2023,month,Jun,170.0,-0.015209022759505628,0.06783183547483174
4-hour low (rangepos <= 0.02),2023,month,Jul,497.0,-0.021955383275542983,0.03498161158087107
4-hour low (rangepos <= 0.02),2023,month,Aug,897.0,0.043155460157406955,0.02108484017986751
4-hour low (rangepos <= 0.02),2023,month,Sep,570.0,0.0018188410175841005,0.03144714249679573
4-hour low (rangepos <= 0.02),2023,month,Oct,431.0,-0.01643735632030813,0.0360627677559091
4-hour low (rangepos <= 0.02),2023,month,Nov,451.0,-0.04912059182172035,0.03663630958704998
4-hour low (rangepos <= 0.02),2023,month,Dec,476.0,-0.006805661414967866,0.039779904744297795
4-hour low (rangepos <= 0.02),2023,event slot,"funding hours (00, 08, 16)",488.0,0.00926060115563425,0.03383581721768714
4-hour low (rangepos <= 0.02),2023,event slot,"funding settlement window (00:00, 08:00, 16:00 +15 min)",150.0,-0.0034443168771527088,0.06656090971413589
4-hour low (rangepos <= 0.02),2023,event slot,US equity open window (13:30 +15 min),48.0,,
4-hour low (rangepos <= 0.02),2023,event slot,US equity close window (20:00 +15 min),34.0,,
4-hour low (rangepos <= 0.02),2023,event slot,first hour of the week (Mon 00-01),41.0,,
4-hour low (rangepos <= 0.02),2023,event slot,"weekend (Sat, Sun)",1367.0,-0.02919413399492886,0.01712714264719476
4-hour high (rangepos >= 0.98),2023,hour,00:00,381.0,-0.029512612843894816,0.045414860233507125
4-hour high (rangepos >= 0.98),2023,hour,01:00,282.0,0.0468262490536872,0.04564296862063233
4-hour high (rangepos >= 0.98),2023,hour,02:00,289.0,0.11838628733683529,0.04738112064659415
4-hour high (rangepos >= 0.98),2023,hour,03:00,219.0,0.0645081688049745,0.054003949499494774
4-hour high (rangepos >= 0.98),2023,hour,04:00,284.0,-0.03146263317586036,0.0524763641293407
4-hour high (rangepos >= 0.98),2023,hour,05:00,342.0,-0.052651167892934565,0.0631135104763199
4-hour high (rangepos >= 0.98),2023,hour,06:00,302.0,-0.04039370303874622,0.04943597177487167
4-hour high (rangepos >= 0.98),2023,hour,07:00,338.0,0.09844402571238033,0.04246987893967756
4-hour high (rangepos >= 0.98),2023,hour,08:00,300.0,-0.05019502754205741,0.07755147493851494
4-hour high (rangepos >= 0.98),2023,hour,09:00,307.0,-0.04902238910557542,0.04088693510127498
4-hour high (rangepos >= 0.98),2023,hour,10:00,349.0,-0.02291709057930669,0.03658042048475094
4-hour high (rangepos >= 0.98),2023,hour,11:00,231.0,0.005562548215518362,0.05946670087641695
4-hour high (rangepos >= 0.98),2023,hour,12:00,296.0,0.06831848597145602,0.03973245709234266
4-hour high (rangepos >= 0.98),2023,hour,13:00,246.0,0.12492692367745471,0.04802983968737153
4-hour high (rangepos >= 0.98),2023,hour,14:00,221.0,0.045189587842557936,0.04500860267591791
4-hour high (rangepos >= 0.98),2023,hour,15:00,211.0,-0.01095332138092001,0.05731232480756811
4-hour high (rangepos >= 0.98),2023,hour,16:00,250.0,-0.010195027542057408,0.05686975188792858
4-hour high (rangepos >= 0.98),2023,hour,17:00,178.0,-0.00839727473306861,0.07024639479169148
4-hour high (rangepos >= 0.98),2023,hour,18:00,217.0,-0.01719963583698833,0.056933690595044266
4-hour high (rangepos >= 0.98),2023,hour,19:00,275.0,-0.09019502754205744,0.05220878833380508
4-hour high (rangepos >= 0.98),2023,hour,20:00,300.0,-0.09352836087539082,0.05768576488132835
4-hour high (rangepos >= 0.98),2023,hour,21:00,256.0,0.023554972457942577,0.05894863571648721
4-hour high (rangepos >= 0.98),2023,hour,22:00,298.0,-0.08697355103199035,0.05883897132696666
4-hour high (rangepos >= 0.98),2023,hour,23:00,345.0,0.041399175356493255,0.057203404255342455
4-hour high (rangepos >= 0.98),2023,weekday,Mon,766.0,-0.019281189421953084,0.025578693887830718
4-hour high (rangepos >= 0.98),2023,weekday,Tue,1001.0,-0.024740482087512013,0.02724378348017334
4-hour high (rangepos >= 0.98),2023,weekday,Wed,989.0,0.002100220182917322,0.022078252745431643
4-hour high (rangepos >= 0.98),2023,weekday,Thu,705.0,0.03122341217425459,0.032097030205984894
4-hour high (rangepos >= 0.98),2023,weekday,Fri,887.0,-0.0019875867303325266,0.03195034999843898
4-hour high (rangepos >= 0.98),2023,weekday,Sat,996.0,0.045266819847500805,0.024287684798346244
4-hour high (rangepos >= 0.98),2023,weekday,Sun,1373.0,-0.020304277359974438,0.02443830671989365
4-hour high (rangepos >= 0.98),2023,session,Asia 00-08,2437.0,0.018233368026264216,0.01624352153776542
4-hour high (rangepos >= 0.98),2023,session,Europe 08-13,1483.0,-0.011193004615557072,0.022528299274874437
4-hour high (rangepos >= 0.98),2023,session,overlap 13-17,928.0,0.038641179354494265,0.02695015566997091
4-hour high (rangepos >= 0.98),2023,session,US 17-21,970.0,-0.05988574919154205,0.027416426748820496
4-hour high (rangepos >= 0.98),2023,session,late 21-24,899.0,-0.006235072035939596,0.03360144283787615
4-hour high (rangepos >= 0.98),2023,month,Jan,224.0,0.0012335438865139698,0.05315218466031235
4-hour high (rangepos >= 0.98),2023,month,Feb,203.0,0.006159652260898149,0.04860665931188166
4-hour high (rangepos >= 0.98),2023,month,Mar,201.0,-0.012981097193798785,0.04108104539861431
4-hour high (rangepos >= 0.98),2023,month,Apr,360.0,-0.09241724976427969,0.04050614316684982
4-hour high (rangepos >= 0.98),2023,month,May,314.0,0.031715800483420244,0.0409294420739635
4-hour high (rangepos >= 0.98),2023,month,Jun,394.0,-0.03212396155220978,0.03229361638600597
4-hour high (rangepos >= 0.98),2023,month,Jul,690.0,0.03560207390721784,0.03241541493522004
4-hour high (rangepos >= 0.98),2023,month,Aug,1011.0,0.03910269748267053,0.03551538379073618
4-hour high (rangepos >= 0.98),2023,month,Sep,737.0,0.011894524696748529,0.03498154441606005
4-hour high (rangepos >= 0.98),2023,month,Oct,699.0,0.0049122685952815845,0.029641519799143496
4-hour high (rangepos >= 0.98),2023,month,Nov,1033.0,0.005797228024254274,0.023350516273592827
4-hour high (rangepos >= 0.98),2023,month,Dec,851.0,-0.053156249633714424,0.029622045146037966
4-hour high (rangepos >= 0.98),2023,event slot,"funding hours (00, 08, 16)",931.0,-0.030989871795548338,0.031812881728470604
4-hour high (rangepos >= 0.98),2023,event slot,"funding settlement window (00:00, 08:00, 16:00 +15 min)",204.0,0.1062755606932367,0.05273350131162768
4-hour high (rangepos >= 0.98),2023,event slot,US equity open window (13:30 +15 min),45.0,,
4-hour high (rangepos >= 0.98),2023,event slot,US equity close window (20:00 +15 min),60.0,,
4-hour high (rangepos >= 0.98),2023,event slot,first hour of the week (Mon 00-01),33.0,,
4-hour high (rangepos >= 0.98),2023,event slot,"weekend (Sat, Sun)",2369.0,0.00726381585177955,0.016007360547676697
RSI14 below 25,2023,hour,00:00,480.0,0.06926996125939788,0.03767368568992782
RSI14 below 25,2023,hour,01:00,468.0,0.02178064502008157,0.04711736271967808
RSI14 below 25,2023,hour,02:00,441.0,0.004119734502028353,0.05402965149290813
RSI14 below 25,2023,hour,03:00,340.0,0.018412118122142947,0.0440509788889115
RSI14 below 25,2023,hour,04:00,396.0,0.06529268853212516,0.045869525697324096
RSI14 below 25,2023,hour,05:00,613.0,-0.1740790055704009,0.04014319063654095
RSI14 below 25,2023,hour,06:00,493.0,0.031900961935530436,0.04506870144375389
RSI14 below 25,2023,hour,07:00,497.0,-0.023314713455558578,0.043765181987573974
RSI14 below 25,2023,hour,08:00,414.0,0.07111174869901143,0.04489386974715982
RSI14 below 25,2023,hour,09:00,444.0,0.006938880178316789,0.039885957785280625
RSI14 below 25,2023,hour,10:00,448.0,-0.016146705407268758,0.05851746923016915
RSI14 below 25,2023,hour,11:00,559.0,-0.08669679485270711,0.0448350692026036
RSI14 below 25,2023,hour,12:00,427.0,0.011517229018960734,0.04520038951118452
RSI14 below 25,2023,hour,13:00,329.0,0.0535721395775336,0.04146203847466682
RSI14 below 25,2023,hour,14:00,345.0,0.07062865691157172,0.04642984195493172
RSI14 below 25,2023,hour,15:00,367.0,-0.006439620938603883,0.04506591049360443
RSI14 below 25,2023,hour,16:00,293.0,0.05275261199887454,0.045761943876452375
RSI14 below 25,2023,hour,17:00,393.0,-0.08246349930039855,0.05948262017511585
RSI14 below 25,2023,hour,18:00,314.0,0.06148068312776304,0.04708663751459399
RSI14 below 25,2023,hour,19:00,426.0,-0.04813027348238613,0.05281286501269457
RSI14 below 25,2023,hour,20:00,365.0,0.015873842537936736,0.04708108544436339
RSI14 below 25,2023,hour,21:00,484.0,0.001931806989425403,0.05334216289981699
RSI14 below 25,2023,hour,22:00,358.0,0.030291842078764654,0.046387047679605255
RSI14 below 25,2023,hour,23:00,459.0,0.009588588710378309,0.044887951816675854
RSI14 below 25,2023,weekday,Mon,1385.0,0.014855099646882808,0.023319372899908812
RSI14 below 25,2023,weekday,Tue,1056.0,0.05298208247151906,0.02959549498685747
RSI14 below 25,2023,weekday,Wed,1093.0,-0.02603920311998611,0.028792596907975917
RSI14 below 25,2023,weekday,Thu,1229.0,0.004754433730241321,0.023946020272574364
RSI14 below 25,2023,weekday,Fri,1055.0,-0.0326751414262262,0.024361123896402034
RSI14 below 25,2023,weekday,Sat,2074.0,0.013928029404688767,0.02571168855422429
RSI14 below 25,2023,weekday,Sun,2261.0,-0.02137116361160317,0.021991689220435227
RSI14 below 25,2023,session,Asia 00-08,3728.0,-0.006758293390101417,0.013165559998269122
RSI14 below 25,2023,session,Europe 08-13,2292.0,-0.007966077135017484,0.02002595999353914
RSI14 below 25,2023,session,overlap 13-17,1334.0,0.04129332457773876,0.023614206766783087
RSI14 below 25,2023,session,US 17-21,1498.0,-0.018566598598189994,0.027764151923188488
RSI14 below 25,2023,session,late 21-24,1301.0,0.012437076299110988,0.02780885039286615
RSI14 below 25,2023,month,Jan,386.0,0.037933605473560235,0.03526293522205718
RSI14 below 25,2023,month,Feb,508.0,-0.003843555800969572,0.03847618846476056
RSI14 below 25,2023,month,Mar,535.0,0.02322245347123588,0.037140285832073114
RSI14 below 25,2023,month,Apr,801.0,0.01561047311957264,0.03467954048610717
RSI14 below 25,2023,month,May,661.0,0.006829845273517805,0.03229886390737467
RSI14 below 25,2023,month,Jun,663.0,0.033721318725461226,0.02802674617982662
RSI14 below 25,2023,month,Jul,1087.0,-0.042308158949127116,0.03502372526416256
RSI14 below 25,2023,month,Aug,2366.0,-0.03300004437599236,0.02236206695674738
RSI14 below 25,2023,month,Sep,1036.0,0.0400791633186,0.02521102757542789
RSI14 below 25,2023,month,Oct,789.0,0.029718313604138,0.03056337319695756
RSI14 below 25,2023,month,Nov,684.0,0.007610604534251698,0.03286803274197137
RSI14 below 25,2023,month,Dec,637.0,-0.016637286254992452,0.034838605797018675
RSI14 below 25,2023,event slot,"funding hours (00, 08, 16)",1187.0,0.06583518170309342,0.022911491896507773
RSI14 below 25,2023,event slot,"funding settlement window (00:00, 08:00, 16:00 +15 min)",318.0,0.12261115622795131,0.03874646176219079
RSI14 below 25,2023,event slot,US equity open window (13:30 +15 min),90.0,,
RSI14 below 25,2023,event slot,US equity close window (20:00 +15 min),91.0,,
RSI14 below 25,2023,event slot,first hour of the week (Mon 00-01),92.0,,
RSI14 below 25,2023,event slot,"weekend (Sat, Sun)",4335.0,-0.004482922246945895,0.013220195265351705
RSI14 above 75,2023,hour,00:00,552.0,-0.061863707223010954,0.04240117481544652
RSI14 above 75,2023,hour,01:00,559.0,-0.043057479746409354,0.042520038996609257
RSI14 above 75,2023,hour,02:00,600.0,-0.01338544635344577,0.03389070615268093
RSI14 above 75,2023,hour,03:00,461.0,0.02346198676296785,0.047340052671406285
RSI14 above 75,2023,hour,04:00,602.0,-0.021846132953667195,0.03318670691489541
RSI14 above 75,2023,hour,05:00,537.0,0.009780289214524427,0.036814515302712694
RSI14 above 75,2023,hour,06:00,501.0,-0.021129957331489636,0.053320072395232336
RSI14 above 75,2023,hour,07:00,575.0,0.0625565826320615,0.039806735629382986
RSI14 above 75,2023,hour,08:00,615.0,-0.04460495854856755,0.05936064706122659
RSI14 above 75,2023,hour,09:00,558.0,0.03313785113759375,0.03405993115344764
RSI14 above 75,2023,hour,10:00,516.0,-0.06586606650848452,0.04772233641448026
RSI14 above 75,2023,hour,11:00,528.0,-0.024067264535263894,0.05216057004494135
RSI14 above 75,2023,hour,12:00,573.0,0.03506132502526281,0.03748160018972509
RSI14 above 75,2023,hour,13:00,433.0,0.06581393778820162,0.047367017294571725
RSI14 above 75,2023,hour,14:00,459.0,0.015111285672698026,0.040538579885439054
RSI14 above 75,2023,hour,15:00,378.0,-0.0018510548190541318,0.04540857431709383
RSI14 above 75,2023,hour,16:00,410.0,0.01799666746769244,0.04744085862488593
RSI14 above 75,2023,hour,17:00,436.0,-0.03711633320359864,0.04185517005145761
RSI14 above 75,2023,hour,18:00,572.0,-0.06354861651661584,0.03411544676536966
RSI14 above 75,2023,hour,19:00,455.0,0.08829953533153595,0.03894531815371545
RSI14 above 75,2023,hour,20:00,456.0,0.06494788697988767,0.0488450333606206
RSI14 above 75,2023,hour,21:00,527.0,0.0130029154428857,0.038988140976453735
RSI14 above 75,2023,hour,22:00,529.0,-0.04398406009005562,0.040044587933646396
RSI14 above 75,2023,hour,23:00,449.0,0.06801024778166928,0.04428986060349073
RSI14 above 75,2023,weekday,Mon,1479.0,-0.015089300308820976,0.023395213615020137
RSI14 above 75,2023,weekday,Tue,1515.0,0.02014590678186777,0.022574730105725905
RSI14 above 75,2023,weekday,Wed,1391.0,0.013635881228629531,0.024348106912358888
RSI14 above 75,2023,weekday,Thu,1345.0,-0.027710105585168145,0.02294308626609505
RSI14 above 75,2023,weekday,Fri,1424.0,-0.0038723377392134322,0.02441996640589983
RSI14 above 75,2023,weekday,Sat,2364.0,0.028357362445200734,0.017025095965623536
RSI14 above 75,2023,weekday,Sun,2763.0,-0.018611649755544857,0.016737585092892127
RSI14 above 75,2023,session,Asia 00-08,4387.0,-0.008650243861233925,0.011527346124668603
RSI14 above 75,2023,session,Europe 08-13,2790.0,-0.012740285063123063,0.018894536447935654
RSI14 above 75,2023,session,overlap 13-17,1680.0,0.025066934598935258,0.02238984981380112
RSI14 above 75,2023,session,US 17-21,1919.0,0.008994265301930386,0.022033904076031476
RSI14 above 75,2023,session,late 21-24,1505.0,0.009383102926731543,0.023748404629470157
RSI14 above 75,2023,month,Jan,697.0,-0.019162586477788086,0.027311571107582908
RSI14 above 75,2023,month,Feb,569.0,-0.03632627822222131,0.04164113546083887
RSI14 above 75,2023,month,Mar,621.0,0.0019446663679714641,0.03591832822958287
RSI14 above 75,2023,month,Apr,893.0,0.0009781221422616863,0.030694345089247538
RSI14 above 75,2023,month,May,740.0,0.021028968060968614,0.03487803627560574
RSI14 above 75,2023,month,Jun,932.0,0.02041998998417948,0.026931469288462375
RSI14 above 75,2023,month,Jul,1378.0,0.02993337319178893,0.02939084194000809
RSI14 above 75,2023,month,Aug,2153.0,0.0014899213505332586,0.019553797092517932
RSI14 above 75,2023,month,Sep,1460.0,0.031728708897695836,0.027358306688746947
RSI14 above 75,2023,month,Oct,1035.0,-0.04411008403460511,0.0251218449678912
RSI14 above 75,2023,month,Nov,923.0,-0.028091116270383156,0.02769183130272495
RSI14 above 75,2023,month,Dec,880.0,-0.02482484029283956,0.025903139065038605
RSI14 above 75,2023,event slot,"funding hours (00, 08, 16)",1577.0,-0.03437043895543259,0.026800547619448212
RSI14 above 75,2023,event slot,"funding settlement window (00:00, 08:00, 16:00 +15 min)",263.0,0.055917468728937124,0.06375352883061873
RSI14 above 75,2023,event slot,US equity open window (13:30 +15 min),123.0,0.09035439104492832,0.07601082604089232
RSI14 above 75,2023,event slot,US equity close window (20:00 +15 min),127.0,-0.016745026405939112,0.08126733194955042
RSI14 above 75,2023,event slot,first hour of the week (Mon 00-01),57.0,,
RSI14 above 75,2023,event slot,"weekend (Sat, Sun)",5127.0,0.0030452148519375674,0.010484335033985865
reversal at the open,2024,hour,00:00,1464.0,0.011839708561020068,0.012064346394277713
reversal at the open,2024,hour,01:00,1464.0,0.011839708561020068,0.011611086009687412
reversal at the open,2024,hour,02:00,1464.0,-0.014116575591985352,0.012809711420045819
reversal at the open,2024,hour,03:00,1464.0,-0.004553734061930779,0.012545260175123066
reversal at the open,2024,hour,04:00,1464.0,-0.010701275045537428,0.012730483054319872
reversal at the open,2024,hour,05:00,1464.0,-0.002504553734062003,0.01252512427941462
reversal at the open,2024,hour,06:00,1464.0,0.0009107468123861345,0.012017189081895046
reversal at the open,2024,hour,07:00,1464.0,-0.013433515482695831,0.012894904959153543
reversal at the open,2024,hour,08:00,1464.0,-0.003187613843351524,0.012396768896481314
reversal at the open,2024,hour,09:00,1464.0,0.013888888888888845,0.012433032688396222
reversal at the open,2024,hour,10:00,1464.0,-0.0004553734061930141,0.012309741776917963
reversal at the open,2024,hour,11:00,1464.0,0.011156648451730441,0.01294296001581891
reversal at the open,2024,hour,12:00,1464.0,0.010473588342440707,0.012264342369100952
reversal at the open,2024,hour,13:00,1464.0,0.018670309653916133,0.011520918300261307
reversal at the open,2024,hour,14:00,1464.0,-0.018214936247723117,0.01257952532098031
reversal at the open,2024,hour,15:00,1464.0,0.003642987249544645,0.012316186637098924
reversal at the open,2024,hour,16:00,1464.0,0.005009107468123794,0.012428016149715131
reversal at the open,2024,hour,17:00,1464.0,0.016621129326047354,0.013316574921906072
reversal at the open,2024,hour,18:00,1464.0,-0.021630236794171254,0.012905157561276083
reversal at the open,2024,hour,19:00,1464.0,-0.025728597449908915,0.012278902977216425
reversal at the open,2024,hour,20:00,1464.0,0.007741347905282303,0.012641350052967256
reversal at the open,2024,hour,21:00,1464.0,0.009107468123861559,0.012335277103098185
reversal at the open,2024,hour,22:00,1464.0,-0.006602914389799662,0.011947415668030727
reversal at the open,2024,hour,23:00,1464.0,0.00022768670309650704,0.012516487118376442
reversal at the open,2024,weekday,Mon,5088.0,-0.004914596006461174,0.006922400484090501
reversal at the open,2024,weekday,Tue,5088.0,-0.0001976148743856706,0.00651861279682333
reversal at the open,2024,weekday,Wed,4992.0,-0.0071710364999300075,0.006636594667322092
reversal at the open,2024,weekday,Thu,4992.0,-0.0003601390640325028,0.00572890656072592
reversal at the open,2024,weekday,Fri,4992.0,-0.0003601390640325028,0.0061822979023683135
reversal at the open,2024,weekday,Sat,4992.0,0.013061335294941807,0.006071641252952784
reversal at the open,2024,weekday,Sun,4992.0,4.050196160851566e-05,0.00668081819717492
reversal at the open,2024,session,Asia 00-08,11712.0,-0.0025899362477231533,0.0036036831871114052
reversal at the open,2024,session,Europe 08-13,7320.0,0.006375227686703122,0.004723150187630513
reversal at the open,2024,session,overlap 13-17,5856.0,0.0022768670309653016,0.0055585782351784034
reversal at the open,2024,session,US 17-21,5856.0,-0.005749089253187604,0.005757994941604994
reversal at the open,2024,session,late 21-24,4392.0,0.00091074681238619,0.007038705406994915
reversal at the open,2024,month,Jan,2976.0,0.00825364298724959,0.006913627402161152
reversal at the open,2024,month,Feb,2784.0,-0.006473368507003355,0.009451370855989367
reversal at the open,2024,month,Mar,2976.0,0.012621922557142031,0.008414486675574045
reversal at the open,2024,month,Apr,2880.0,-0.0049408014571948565,0.008522163172201731
reversal at the open,2024,month,May,2976.0,0.00018912685821730567,0.008935042021854184
reversal at the open,2024,month,Jun,2880.0,0.01832308743169398,0.0072319318675922225
reversal at the open,2024,month,Jul,2976.0,-0.017620012926728906,0.006839220262554868
reversal at the open,2024,month,Aug,2976.0,0.025054718256066755,0.008862551440078914
reversal at the open,2024,month,Sep,2880.0,-0.005635245901639286,0.00948912568338015
reversal at the open,2024,month,Oct,2976.0,-0.012579690346083871,0.00802925450562514
reversal at the open,2024,month,Nov,2880.0,-0.0035519125683059986,0.009386843902042077
reversal at the open,2024,month,Dec,2976.0,-0.013923776367589166,0.009057749347868287
reversal at the open,2024,event slot,"funding hours (00, 08, 16)",4392.0,0.004553734061930756,0.006796842251742117
reversal at the open,2024,event slot,"funding settlement window (00:00, 08:00, 16:00 +15 min)",1098.0,0.03255919854280509,0.014635132339985871
reversal at the open,2024,event slot,US equity open window (13:30 +15 min),366.0,0.01798724954462668,0.025839598911960266
reversal at the open,2024,event slot,US equity close window (20:00 +15 min),366.0,0.05623861566484517,0.025473225169760944
reversal at the open,2024,event slot,first hour of the week (Mon 00-01),212.0,-0.013562394748599566,0.031077980011480114
reversal at the open,2024,event slot,"weekend (Sat, Sun)",9984.0,0.006550918628275205,0.004155175649121921
lead sign at minute 3,2024,hour,00:00,1464.0,-0.0027322404371584036,0.011946462372816756
lead sign at minute 3,2024,hour,01:00,1464.0,-0.00956284153005468,0.01272665886970138
lead sign at minute 3,2024,hour,02:00,1464.0,-0.006830601092896169,0.01222513494075229
lead sign at minute 3,2024,hour,03:00,1464.0,0.0006830601092896276,0.01159549256125091
lead sign at minute 3,2024,hour,04:00,1464.0,0.0034153005464481376,0.012549153042080563
lead sign at minute 3,2024,hour,05:00,1464.0,-0.01297814207650271,0.01194107239717258
lead sign at minute 3,2024,hour,06:00,1464.0,-0.005464480874316914,0.012547172011236743
lead sign at minute 3,2024,hour,07:00,1464.0,-0.006147540983606542,0.012112704052895412
lead sign at minute 3,2024,hour,08:00,1464.0,-0.004781420765027286,0.012619000350501033
lead sign at minute 3,2024,hour,09:00,1464.0,0.008879781420764945,0.011869706075019726
lead sign at minute 3,2024,hour,10:00,1464.0,0.013661202185792337,0.01169385460040057
lead sign at minute 3,2024,hour,11:00,1464.0,-0.0020491803278687762,0.011873383891838573
lead sign at minute 3,2024,hour,12:00,1464.0,-0.008879781420765051,0.012035604545141639
lead sign at minute 3,2024,hour,13:00,1464.0,0.0006830601092896276,0.012347360710324135
lead sign at minute 3,2024,hour,14:00,1464.0,-0.020491803278688506,0.012814825505521269
lead sign at minute 3,2024,hour,15:00,1464.0,0.012295081967213083,0.012377883054547466
lead sign at minute 3,2024,hour,16:00,1464.0,-0.006830601092896169,0.012373711301411317
lead sign at minute 3,2024,hour,17:00,1464.0,0.017759562841529998,0.011994145768264798
lead sign at minute 3,2024,hour,18:00,1464.0,-0.007513661202185796,0.012472783978158106
lead sign at minute 3,2024,hour,19:00,1464.0,0.005464480874316914,0.012424167268659081
lead sign at minute 3,2024,hour,20:00,1464.0,0.008196721311475424,0.01200782202188294
lead sign at minute 3,2024,hour,21:00,1464.0,-0.0013661202185792551,0.012239672756424324
lead sign at minute 3,2024,hour,22:00,1464.0,0.010245901639344307,0.01243624316505184
lead sign at minute 3,2024,hour,23:00,1464.0,0.014344262295081966,0.011470034307292164
lead sign at minute 3,2024,weekday,Mon,5088.0,0.010158908134859224,0.006087380982875531
lead sign at minute 3,2024,weekday,Tue,5088.0,-0.005171280544386043,0.006152537160868058
lead sign at minute 3,2024,weekday,Wed,4992.0,0.005914381042454845,0.005226165207083027
lead sign at minute 3,2024,weekday,Thu,4992.0,-0.008909336906263126,0.006789153049340703
lead sign at minute 3,2024,weekday,Fri,4992.0,0.0015073297604034509,0.006345662934684308
lead sign at minute 3,2024,weekday,Sat,4992.0,0.0007060477091214139,0.007471567935741002
lead sign at minute 3,2024,weekday,Sun,4992.0,-0.004301965111391317,0.006344431099601258
lead sign at minute 3,2024,session,Asia 00-08,11712.0,-0.004952185792349796,0.003644240943688001
lead sign at minute 3,2024,session,Europe 08-13,7320.0,0.00136612021857919,0.00500733036525955
lead sign at minute 3,2024,session,overlap 13-17,5856.0,-0.003586065573770447,0.005758987284614607
lead sign at minute 3,2024,session,US 17-21,5856.0,0.005976775956284079,0.005478360747774776
lead sign at minute 3,2024,session,late 21-24,4392.0,0.0077413479052823725,0.006845636647240881
lead sign at minute 3,2024,month,Jan,2976.0,0.02321302661731013,0.008305716740369323
lead sign at minute 3,2024,month,Feb,2784.0,0.0020668456755228476,0.0075582158558111165
lead sign at minute 3,2024,month,Mar,2976.0,0.0030517362947294715,0.007894941146175574
lead sign at minute 3,2024,month,Apr,2880.0,-0.012875683060109359,0.009983807326125478
lead sign at minute 3,2024,month,May,2976.0,0.012796359950643401,0.008467922258187464
lead sign at minute 3,2024,month,Jun,2880.0,-0.014264571948998217,0.006757657545496932
lead sign at minute 3,2024,month,Jul,2976.0,-0.013077295963335097,0.008543218739508343
lead sign at minute 3,2024,month,Aug,2976.0,-0.014757403490216843,0.009012641927757716
lead sign at minute 3,2024,month,Sep,2880.0,-0.0038479052823315748,0.009721038091018791
lead sign at minute 3,2024,month,Oct,2976.0,0.006747972853869214,0.00802548302119022
lead sign at minute 3,2024,month,Nov,2880.0,0.016290983606557383,0.008234056538413503
lead sign at minute 3,2024,month,Dec,2976.0,-0.005684822845055512,0.008225622511788553
lead sign at minute 3,2024,event slot,"funding hours (00, 08, 16)",4392.0,-0.004781420765027328,0.00699620917920649
lead sign at minute 3,2024,event slot,"funding settlement window (00:00, 08:00, 16:00 +15 min)",1098.0,-0.018442622950819682,0.013948851515023574
lead sign at minute 3,2024,event slot,US equity open window (13:30 +15 min),366.0,-0.0020491803278687637,0.025031979780324523
lead sign at minute 3,2024,event slot,US equity close window (20:00 +15 min),366.0,0.0334699453551912,0.02426662195756969
lead sign at minute 3,2024,event slot,first hour of the week (Mon 00-01),212.0,0.0068177131663057534,0.027131289708403443
lead sign at minute 3,2024,event slot,"weekend (Sat, Sun)",9984.0,-0.001797958701134916,0.0043932675728043
3-sd drop (5-min move < -3 sd),2024,hour,00:00,123.0,0.006850465960939441,0.06025052894004376
3-sd drop (5-min move < -3 sd),2024,hour,01:00,126.0,-0.07870896106190231,0.05801884612631627
3-sd drop (5-min move < -3 sd),2024,hour,02:00,84.0,,
3-sd drop (5-min move < -3 sd),2024,hour,03:00,87.0,,
3-sd drop (5-min move < -3 sd),2024,hour,04:00,81.0,,
3-sd drop (5-min move < -3 sd),2024,hour,05:00,81.0,,
3-sd drop (5-min move < -3 sd),2024,hour,06:00,106.0,-0.0017398086210517261,0.05792980851016155
3-sd drop (5-min move < -3 sd),2024,hour,07:00,132.0,-0.1093727417256829,0.060612215444769926
3-sd drop (5-min move < -3 sd),2024,hour,08:00,86.0,,
3-sd drop (5-min move < -3 sd),2024,hour,09:00,88.0,,
3-sd drop (5-min move < -3 sd),2024,hour,10:00,95.0,,
3-sd drop (5-min move < -3 sd),2024,hour,11:00,79.0,,
3-sd drop (5-min move < -3 sd),2024,hour,12:00,126.0,0.04827516592222476,0.05977501304154473
3-sd drop (5-min move < -3 sd),2024,hour,13:00,166.0,-0.00230811960081976,0.052756166823006434
3-sd drop (5-min move < -3 sd),2024,hour,14:00,149.0,-0.022887079736665237,0.057806224690343085
3-sd drop (5-min move < -3 sd),2024,hour,15:00,60.0,,
3-sd drop (5-min move < -3 sd),2024,hour,16:00,81.0,,
3-sd drop (5-min move < -3 sd),2024,hour,17:00,78.0,,
3-sd drop (5-min move < -3 sd),2024,hour,18:00,94.0,,
3-sd drop (5-min move < -3 sd),2024,hour,19:00,127.0,-0.059086413880299955,0.06984939697855697
3-sd drop (5-min move < -3 sd),2024,hour,20:00,107.0,0.08625172726327204,0.06249336824374297
3-sd drop (5-min move < -3 sd),2024,hour,21:00,149.0,0.05764983301501258,0.04852239269292105
3-sd drop (5-min move < -3 sd),2024,hour,22:00,112.0,0.05621167385873269,0.053072362474280065
3-sd drop (5-min move < -3 sd),2024,hour,23:00,99.0,,
3-sd drop (5-min move < -3 sd),2024,weekday,Mon,354.0,0.060247186368821405,0.03355805169010536
3-sd drop (5-min move < -3 sd),2024,weekday,Tue,423.0,-0.03345397963670803,0.029473712507324237
3-sd drop (5-min move < -3 sd),2024,weekday,Wed,341.0,0.005729897570504799,0.028789387785229468
3-sd drop (5-min move < -3 sd),2024,weekday,Thu,336.0,0.02347357862063745,0.03859853837067663
3-sd drop (5-min move < -3 sd),2024,weekday,Fri,345.0,-0.07939909218681594,0.030931912268036734
3-sd drop (5-min move < -3 sd),2024,weekday,Sat,275.0,0.06426362191068066,0.046153495299702946
3-sd drop (5-min move < -3 sd),2024,weekday,Sun,442.0,-0.016509722392075345,0.030303963052698123
3-sd drop (5-min move < -3 sd),2024,session,Asia 00-08,820.0,-0.02688937143743454,0.020010992444691216
3-sd drop (5-min move < -3 sd),2024,session,Europe 08-13,474.0,0.03149799091720166,0.029503747426298767
3-sd drop (5-min move < -3 sd),2024,session,overlap 13-17,456.0,-0.020855995314199686,0.030301721942104388
3-sd drop (5-min move < -3 sd),2024,session,US 17-21,406.0,0.00941364430208244,0.03232110433643235
3-sd drop (5-min move < -3 sd),2024,session,late 21-24,360.0,0.03557675322381204,0.030901469922859956
3-sd drop (5-min move < -3 sd),2024,month,Jan,176.0,0.021309076456135213,0.04730401029409769
3-sd drop (5-min move < -3 sd),2024,month,Feb,195.0,0.03899555664261545,0.0505160672314012
3-sd drop (5-min move < -3 sd),2024,month,Mar,224.0,0.042818816715875486,0.04216699916574586
3-sd drop (5-min move < -3 sd),2024,month,Apr,285.0,-0.0252419602264804,0.040876566420410786
3-sd drop (5-min move < -3 sd),2024,month,May,254.0,-0.011842319392110966,0.04211227276441744
3-sd drop (5-min move < -3 sd),2024,month,Jun,225.0,0.01779897544603424,0.048558587759129315
3-sd drop (5-min move < -3 sd),2024,month,Jul,210.0,-0.015216897569838789,0.04794819723036505
3-sd drop (5-min move < -3 sd),2024,month,Aug,218.0,-0.04077390936538274,0.040953751045871366
3-sd drop (5-min move < -3 sd),2024,month,Sep,225.0,0.06668786433492316,0.0477562254539276
3-sd drop (5-min move < -3 sd),2024,month,Oct,182.0,0.017750135397194212,0.053529157740159324
3-sd drop (5-min move < -3 sd),2024,month,Nov,156.0,-0.061004443357384475,0.038316300124803304
3-sd drop (5-min move < -3 sd),2024,month,Dec,166.0,-0.06857317984178364,0.0454858837446313
3-sd drop (5-min move < -3 sd),2024,event slot,"funding hours (00, 08, 16)",290.0,-0.0073351241708239515,0.03550639638164261
3-sd drop (5-min move < -3 sd),2024,event slot,"funding settlement window (00:00, 08:00, 16:00 +15 min)",60.0,,
3-sd drop (5-min move < -3 sd),2024,event slot,US equity open window (13:30 +15 min),92.0,,
3-sd drop (5-min move < -3 sd),2024,event slot,US equity close window (20:00 +15 min),42.0,,
3-sd drop (5-min move < -3 sd),2024,event slot,first hour of the week (Mon 00-01),25.0,,
3-sd drop (5-min move < -3 sd),2024,event slot,"weekend (Sat, Sun)",717.0,0.014470291113165772,0.023101215656774934
3-sd rise (5-min move > +3 sd),2024,hour,00:00,154.0,-0.003742598864550154,0.05594219432838891
3-sd rise (5-min move > +3 sd),2024,hour,01:00,112.0,-0.018352988474939595,0.0815938328852768
3-sd rise (5-min move > +3 sd),2024,hour,02:00,99.0,,
3-sd rise (5-min move > +3 sd),2024,hour,03:00,72.0,,
3-sd rise (5-min move > +3 sd),2024,hour,04:00,89.0,,
3-sd rise (5-min move > +3 sd),2024,hour,05:00,90.0,,
3-sd rise (5-min move > +3 sd),2024,hour,06:00,108.0,-0.036210131332082514,0.06602197587397658
3-sd rise (5-min move > +3 sd),2024,hour,07:00,174.0,-0.08793426926311705,0.05357333054125267
3-sd rise (5-min move > +3 sd),2024,hour,08:00,110.0,-0.13621013133208254,0.07391447549992332
3-sd rise (5-min move > +3 sd),2024,hour,09:00,129.0,0.06068909347411894,0.062208725691599
3-sd rise (5-min move > +3 sd),2024,hour,10:00,108.0,-0.008432353554304786,0.05667994100405014
3-sd rise (5-min move > +3 sd),2024,hour,11:00,91.0,,
3-sd rise (5-min move > +3 sd),2024,hour,12:00,160.0,0.07628986866791744,0.054455380409651456
3-sd rise (5-min move > +3 sd),2024,hour,13:00,191.0,-0.09641955541585216,0.05271907621795406
3-sd rise (5-min move > +3 sd),2024,hour,14:00,158.0,-0.029881017408031858,0.05697167992959005
3-sd rise (5-min move > +3 sd),2024,hour,15:00,92.0,,
3-sd rise (5-min move > +3 sd),2024,hour,16:00,70.0,,
3-sd rise (5-min move > +3 sd),2024,hour,17:00,112.0,-0.06299584561779686,0.07632049492088337
3-sd rise (5-min move > +3 sd),2024,hour,18:00,91.0,,
3-sd rise (5-min move > +3 sd),2024,hour,19:00,85.0,,
3-sd rise (5-min move > +3 sd),2024,hour,20:00,96.0,,
3-sd rise (5-min move > +3 sd),2024,hour,21:00,93.0,,
3-sd rise (5-min move > +3 sd),2024,hour,22:00,105.0,0.0447422496202984,0.060850207205956165
3-sd rise (5-min move > +3 sd),2024,hour,23:00,76.0,,
3-sd rise (5-min move > +3 sd),2024,weekday,Mon,493.0,-0.08793426926311705,0.03252190625462038
3-sd rise (5-min move > +3 sd),2024,weekday,Tue,319.0,-0.006429567068759702,0.03800204173758812
3-sd rise (5-min move > +3 sd),2024,weekday,Wed,355.0,-0.017900272177153006,0.0306407466579469
3-sd rise (5-min move > +3 sd),2024,weekday,Thu,295.0,0.06040003815944289,0.042423271571319775
3-sd rise (5-min move > +3 sd),2024,weekday,Fri,362.0,0.013513625573994822,0.04161800354908183
3-sd rise (5-min move > +3 sd),2024,weekday,Sat,356.0,0.062104475409490406,0.031766582755435945
3-sd rise (5-min move > +3 sd),2024,weekday,Sun,485.0,0.014305332585443255,0.032808538358460114
3-sd rise (5-min move > +3 sd),2024,session,Asia 00-08,898.0,0.006106127019810537,0.021044098680983083
3-sd rise (5-min move > +3 sd),2024,session,Europe 08-13,598.0,0.023990537564238454,0.026827712882218226
3-sd rise (5-min move > +3 sd),2024,session,overlap 13-17,511.0,-0.056758076537561986,0.02956373741373911
3-sd rise (5-min move > +3 sd),2024,session,US 17-21,384.0,-0.028397631332082555,0.03430589673545809
3-sd rise (5-min move > +3 sd),2024,session,late 21-24,274.0,0.07327891976280794,0.03807550743240829
3-sd rise (5-min move > +3 sd),2024,month,Jan,167.0,0.014688072260731785,0.04399336287006058
3-sd rise (5-min move > +3 sd),2024,month,Feb,258.0,-0.08272175923905933,0.03730534992203098
3-sd rise (5-min move > +3 sd),2024,month,Mar,225.0,-0.05621013133208261,0.047997659905069885
3-sd rise (5-min move > +3 sd),2024,month,Apr,196.0,0.030116399280162354,0.04726350060044418
3-sd rise (5-min move > +3 sd),2024,month,May,262.0,0.021041777064864008,0.05093845946317072
3-sd rise (5-min move > +3 sd),2024,month,Jun,256.0,-0.0401163813320826,0.0385119744639634
3-sd rise (5-min move > +3 sd),2024,month,Jul,226.0,0.052285443889156395,0.045570722364333044
3-sd rise (5-min move > +3 sd),2024,month,Aug,217.0,0.08130138940524462,0.05146071357825824
3-sd rise (5-min move > +3 sd),2024,month,Sep,223.0,0.1140140839145542,0.04936176985347247
3-sd rise (5-min move > +3 sd),2024,month,Oct,266.0,-0.03996952982832318,0.051100622195021365
3-sd rise (5-min move > +3 sd),2024,month,Nov,141.0,0.03825795377430045,0.06220776075046832
3-sd rise (5-min move > +3 sd),2024,month,Dec,228.0,-0.08445574536717025,0.0465480452938134
3-sd rise (5-min move > +3 sd),2024,event slot,"funding hours (00, 08, 16)",334.0,-0.036210131332082535,0.03982118096066582
3-sd rise (5-min move > +3 sd),2024,event slot,"funding settlement window (00:00, 08:00, 16:00 +15 min)",76.0,,
3-sd rise (5-min move > +3 sd),2024,event slot,US equity open window (13:30 +15 min),55.0,,
3-sd rise (5-min move > +3 sd),2024,event slot,US equity close window (20:00 +15 min),23.0,,
3-sd rise (5-min move > +3 sd),2024,event slot,first hour of the week (Mon 00-01),42.0,,
3-sd rise (5-min move > +3 sd),2024,event slot,"weekend (Sat, Sun)",841.0,0.03453897687243585,0.02143473690812736
4-hour low (rangepos <= 0.02),2024,hour,00:00,337.0,-0.021567871789946538,0.04577571737012094
4-hour low (rangepos <= 0.02),2024,hour,01:00,356.0,-0.012965864654948379,0.04058538531860547
4-hour low (rangepos <= 0.02),2024,hour,02:00,306.0,0.07596708680278833,0.04387879847011713
4-hour low (rangepos <= 0.02),2024,hour,03:00,303.0,-0.016377441767715824,0.04685693642043873
4-hour low (rangepos <= 0.02),2024,hour,04:00,291.0,-0.09895374063471599,0.051150810640843
4-hour low (rangepos <= 0.02),2024,hour,05:00,361.0,-0.009977909847764841,0.0457814571688472
4-hour low (rangepos <= 0.02),2024,hour,06:00,249.0,0.033286560777116905,0.043305729491506954
4-hour low (rangepos <= 0.02),2024,hour,07:00,383.0,0.00589763169263282,0.04118021350815969
4-hour low (rangepos <= 0.02),2024,hour,08:00,322.0,0.011460124597616425,0.04238745661279744
4-hour low (rangepos <= 0.02),2024,hour,09:00,281.0,0.014864116551817184,0.04947036595361287
4-hour low (rangepos <= 0.02),2024,hour,10:00,323.0,0.021959518863331834,0.04105794260070148
4-hour low (rangepos <= 0.02),2024,hour,11:00,313.0,0.054521660922105857,0.03990024173581341
4-hour low (rangepos <= 0.02),2024,hour,12:00,221.0,0.05887306970877113,0.04690812356906993
4-hour low (rangepos <= 0.02),2024,hour,13:00,356.0,0.029168966805725793,0.045587115949656004
4-hour low (rangepos <= 0.02),2024,hour,14:00,376.0,-0.046703612682679745,0.037817646107464915
4-hour low (rangepos <= 0.02),2024,hour,15:00,345.0,-0.03491668699658658,0.040053418953930685
4-hour low (rangepos <= 0.02),2024,hour,16:00,273.0,0.003497073156304032,0.05563767858959698
4-hour low (rangepos <= 0.02),2024,hour,17:00,257.0,-0.04470634469691919,0.06326640521257575
4-hour low (rangepos <= 0.02),2024,hour,18:00,245.0,0.059907329566560474,0.036832385203077876
4-hour low (rangepos <= 0.02),2024,hour,19:00,305.0,-0.023465035773018072,0.03979483247284533
4-hour low (rangepos <= 0.02),2024,hour,20:00,295.0,-0.027744002152567913,0.04855892350070454
4-hour low (rangepos <= 0.02),2024,hour,21:00,254.0,0.1350479369906325,0.035429733782301874
4-hour low (rangepos <= 0.02),2024,hour,22:00,244.0,-0.10953060954350981,0.06826814968650584
4-hour low (rangepos <= 0.02),2024,hour,23:00,311.0,-0.02167282661166642,0.04961486245254029
4-hour low (rangepos <= 0.02),2024,weekday,Mon,1069.0,-0.029415134685744707,0.02285567593281004
4-hour low (rangepos <= 0.02),2024,weekday,Tue,1066.0,-0.017498191741399906,0.022092597255181715
4-hour low (rangepos <= 0.02),2024,weekday,Wed,967.0,0.02220604429547172,0.022100245956752383
4-hour low (rangepos <= 0.02),2024,weekday,Thu,1057.0,-0.004993332685095104,0.020700218167936525
4-hour low (rangepos <= 0.02),2024,weekday,Fri,989.0,-0.0421293597299873,0.020793128523314414
4-hour low (rangepos <= 0.02),2024,weekday,Sat,1060.0,0.06785881204634486,0.02344844448869208
4-hour low (rangepos <= 0.02),2024,weekday,Sun,1099.0,0.0033104232881255033,0.025891465601795272
4-hour low (rangepos <= 0.02),2024,session,Asia 00-08,2586.0,-0.005974893392228624,0.012741249870595325
4-hour low (rangepos <= 0.02),2024,session,Europe 08-13,1460.0,0.030846664204525233,0.016935356897110846
4-hour low (rangepos <= 0.02),2024,session,overlap 13-17,1350.0,-0.013531823872592995,0.020055308795656188
4-hour low (rangepos <= 0.02),2024,session,US 17-21,1102.0,-0.011028631024572586,0.022174137854051257
4-hour low (rangepos <= 0.02),2024,session,late 21-24,809.0,0.0010339409033078217,0.03399033993059958
4-hour low (rangepos <= 0.02),2024,month,Jan,504.0,-0.001997432338201499,0.029801933716903765
4-hour low (rangepos <= 0.02),2024,month,Feb,492.0,0.010488049659475569,0.04271673071921905
4-hour low (rangepos <= 0.02),2024,month,Mar,500.0,0.028764472423703263,0.04694423669901204
4-hour low (rangepos <= 0.02),2024,month,Apr,432.0,0.04165336131259213,0.04180981815648991
4-hour low (rangepos <= 0.02),2024,month,May,407.0,-0.027210957551726627,0.032180728284052586
4-hour low (rangepos <= 0.02),2024,month,Jun,619.0,0.01827335772257241,0.029788878308639216
4-hour low (rangepos <= 0.02),2024,month,Jul,575.0,-0.01636596235890536,0.03495923502664991
4-hour low (rangepos <= 0.02),2024,month,Aug,560.0,-0.034735527576296686,0.03380555423909631
4-hour low (rangepos <= 0.02),2024,month,Sep,609.0,0.00046562184899069713,0.02773514972241061
4-hour low (rangepos <= 0.02),2024,month,Oct,854.0,0.010492809660237268,0.023835984146800163
4-hour low (rangepos <= 0.02),2024,month,Nov,776.0,-0.007029342009286399,0.028596780166514228
4-hour low (rangepos <= 0.02),2024,month,Dec,979.0,-0.0119444141952957,0.020825236537177386
4-hour low (rangepos <= 0.02),2024,event slot,"funding hours (00, 08, 16)",932.0,-0.0028149267179275925,0.02569134733338012
4-hour low (rangepos <= 0.02),2024,event slot,"funding settlement window (00:00, 08:00, 16:00 +15 min)",201.0,-0.03007134847181913,0.05111725861668733
4-hour low (rangepos <= 0.02),2024,event slot,US equity open window (13:30 +15 min),96.0,,
4-hour low (rangepos <= 0.02),2024,event slot,US equity close window (20:00 +15 min),85.0,,
4-hour low (rangepos <= 0.02),2024,event slot,first hour of the week (Mon 00-01),87.0,,
4-hour low (rangepos <= 0.02),2024,event slot,"weekend (Sat, Sun)",2159.0,0.03500161925093816,0.015592134358267682
4-hour high (rangepos >= 0.98),2024,hour,00:00,442.0,0.04362813656931298,0.04028845997916964
4-hour high (rangepos >= 0.98),2024,hour,01:00,379.0,0.017016071000239833,0.043855088553917926
4-hour high (rangepos >= 0.98),2024,hour,02:00,387.0,-0.03621799389241252,0.049643129617463644
4-hour high (rangepos >= 0.98),2024,hour,03:00,437.0,-0.02271271063033075,0.04067268840826191
4-hour high (rangepos >= 0.98),2024,hour,04:00,297.0,0.007474747474747494,0.0503506942414697
4-hour high (rangepos >= 0.98),2024,hour,05:00,403.0,0.05224001804646964,0.049466076306939194
4-hour high (rangepos >= 0.98),2024,hour,06:00,608.0,0.012541866028708163,0.04306822830982299
4-hour high (rangepos >= 0.98),2024,hour,07:00,538.0,-0.0005610003379519683,0.03806690078391329
4-hour high (rangepos >= 0.98),2024,hour,08:00,488.0,0.03608047690014913,0.03790972334007384
4-hour high (rangepos >= 0.98),2024,hour,09:00,338.0,0.05128563743948355,0.04335817377734
4-hour high (rangepos >= 0.98),2024,hour,10:00,437.0,0.00932390264198038,0.040299476337090405
4-hour high (rangepos >= 0.98),2024,hour,11:00,484.0,-0.04578512396694221,0.04040155776965838
4-hour high (rangepos >= 0.98),2024,hour,12:00,424.0,0.06445969125214407,0.039800829792136685
4-hour high (rangepos >= 0.98),2024,hour,13:00,484.0,-0.08090909090909089,0.04008066182302334
4-hour high (rangepos >= 0.98),2024,hour,14:00,605.0,-0.06396694214876032,0.03973544754684578
4-hour high (rangepos >= 0.98),2024,hour,15:00,574.0,-0.07037694013303775,0.03629883397636069
4-hour high (rangepos >= 0.98),2024,hour,16:00,432.0,0.03904040404040402,0.041290953347152146
4-hour high (rangepos >= 0.98),2024,hour,17:00,444.0,0.01839475839475842,0.044948748153903734
4-hour high (rangepos >= 0.98),2024,hour,18:00,492.0,-0.033791574279379115,0.043459379811812957
4-hour high (rangepos >= 0.98),2024,hour,19:00,556.0,-0.009620667102681476,0.03663585777296713
4-hour high (rangepos >= 0.98),2024,hour,20:00,484.0,0.03892561983471074,0.041764100586390025
4-hour high (rangepos >= 0.98),2024,hour,21:00,295.0,0.09605546995377506,0.05356737172767573
4-hour high (rangepos >= 0.98),2024,hour,22:00,427.0,-0.014856291249733842,0.046182481426109076
4-hour high (rangepos >= 0.98),2024,hour,23:00,545.0,-0.0040533778148456375,0.03760174158344194
4-hour high (rangepos >= 0.98),2024,weekday,Mon,1798.0,-0.03927191829305281,0.01947076924064672
4-hour high (rangepos >= 0.98),2024,weekday,Tue,1639.0,0.014118364856619879,0.021815926267193083
4-hour high (rangepos >= 0.98),2024,weekday,Wed,1729.0,-0.04285503969714498,0.021203011133027715
4-hour high (rangepos >= 0.98),2024,weekday,Thu,1547.0,0.030699888346947184,0.02223531099101134
4-hour high (rangepos >= 0.98),2024,weekday,Fri,1703.0,-0.0026915069663161384,0.01871588393311123
4-hour high (rangepos >= 0.98),2024,weekday,Sat,1283.0,0.03262098774179837,0.022713537058914234
4-hour high (rangepos >= 0.98),2024,weekday,Sun,1301.0,0.02829012647613717,0.020813105554533848
4-hour high (rangepos >= 0.98),2024,session,Asia 00-08,3491.0,0.009277362568683068,0.01377911134228299
4-hour high (rangepos >= 0.98),2024,session,Europe 08-13,2171.0,0.020353419036053748,0.01827096538225473
4-hour high (rangepos >= 0.98),2024,session,overlap 13-17,2095.0,-0.04839661531785636,0.019208143904714696
4-hour high (rangepos >= 0.98),2024,session,US 17-21,1976.0,0.0025469267574531225,0.01826083340799493
4-hour high (rangepos >= 0.98),2024,session,late 21-24,1267.0,0.015614551194661618,0.026182487877163388
4-hour high (rangepos >= 0.98),2024,month,Jan,991.0,-0.02942298871663149,0.027695288548985893
4-hour high (rangepos >= 0.98),2024,month,Feb,939.0,-0.05977926227127512,0.03161984261701808
4-hour high (rangepos >= 0.98),2024,month,Mar,1118.0,0.008902260530167544,0.022169209576773184
4-hour high (rangepos >= 0.98),2024,month,Apr,618.0,-0.008020005884083508,0.0308500436452868
4-hour high (rangepos >= 0.98),2024,month,May,712.0,0.020469867211440253,0.02318231413952922
4-hour high (rangepos >= 0.98),2024,month,Jun,830.0,0.04422782037239869,0.023730729787243564
4-hour high (rangepos >= 0.98),2024,month,Jul,740.0,0.06208845208845209,0.028432189046036428
4-hour high (rangepos >= 0.98),2024,month,Aug,643.0,0.07012300296903726,0.029324301246013543
4-hour high (rangepos >= 0.98),2024,month,Sep,776.0,0.007539831302717878,0.03293614331749901
4-hour high (rangepos >= 0.98),2024,month,Oct,1083.0,-0.0069352807856963156,0.024670764556647573
4-hour high (rangepos >= 0.98),2024,month,Nov,1392.0,-0.06105538140020899,0.022925200077672122
4-hour high (rangepos >= 0.98),2024,month,Dec,1158.0,0.021265504788820878,0.03096684213910976
4-hour high (rangepos >= 0.98),2024,event slot,"funding hours (00, 08, 16)",1362.0,0.03946869576825523,0.022431595790362347
4-hour high (rangepos >= 0.98),2024,event slot,"funding settlement window (00:00, 08:00, 16:00 +15 min)",363.0,0.08920110192837465,0.04194264041228252
4-hour high (rangepos >= 0.98),2024,event slot,US equity open window (13:30 +15 min),125.0,-0.04618181818181812,0.06700329529736519
4-hour high (rangepos >= 0.98),2024,event slot,US equity close window (20:00 +15 min),150.0,-0.011515151515151523,0.08375846284328509
4-hour high (rangepos >= 0.98),2024,event slot,first hour of the week (Mon 00-01),70.0,,
4-hour high (rangepos >= 0.98),2024,event slot,"weekend (Sat, Sun)",2584.0,0.03044047283985362,0.014626936942257227
RSI14 below 25,2024,hour,00:00,292.0,0.02343373033837649,0.04696656586454241
RSI14 below 25,2024,hour,01:00,320.0,0.032594689242486076,0.04543168689091217
RSI14 below 25,2024,hour,02:00,327.0,-0.060161426965465,0.043020332705521955
RSI14 below 25,2024,hour,03:00,256.0,0.04665718924248608,0.04863480225453889
RSI14 below 25,2024,hour,04:00,334.0,0.030611156308354294,0.04999852890676658
RSI14 below 25,2024,hour,05:00,336.0,-0.011750548852752061,0.040302995648197074
RSI14 below 25,2024,hour,06:00,285.0,-0.01773425812593499,0.04077454349417551
RSI14 below 25,2024,hour,07:00,398.0,-0.035904054476106916,0.04552320662757636
RSI14 below 25,2024,hour,08:00,314.0,-0.04793875024795982,0.06797517801860116
RSI14 below 25,2024,hour,09:00,246.0,0.06425119330752671,0.05192288344999627
RSI14 below 25,2024,hour,10:00,284.0,-0.0016482685039928638,0.04747102929725008
RSI14 below 25,2024,hour,11:00,233.0,0.04045413130257195,0.05835025574294298
RSI14 below 25,2024,hour,12:00,226.0,0.0687119458796542,0.049402740372876994
RSI14 below 25,2024,hour,13:00,281.0,-0.006084136380289746,0.05899660055182129
RSI14 below 25,2024,hour,14:00,408.0,-0.042037663698690435,0.050142089320141116
RSI14 below 25,2024,hour,15:00,335.0,-0.01600605702617069,0.05031930678872581
RSI14 below 25,2024,hour,16:00,219.0,-0.06560736555203447,0.06916207866703253
RSI14 below 25,2024,hour,17:00,240.0,0.07217802257581934,0.052818736890622296
RSI14 below 25,2024,hour,18:00,341.0,0.026747915048937684,0.05464551771267725
RSI14 below 25,2024,hour,19:00,393.0,-0.01872528531222133,0.039251410834651806
RSI14 below 25,2024,hour,20:00,325.0,-0.05384761844982171,0.06582342437130347
RSI14 below 25,2024,hour,21:00,339.0,0.05101283083540636,0.03953494656297371
RSI14 below 25,2024,hour,22:00,279.0,-0.03418398459263943,0.050464639712175845
RSI14 below 25,2024,hour,23:00,342.0,0.022031823745409986,0.045251543565486635
RSI14 below 25,2024,weekday,Mon,1083.0,-0.005361220268132577,0.02251060873861348
RSI14 below 25,2024,weekday,Tue,1060.0,0.009127708110410625,0.02462141820585165
RSI14 below 25,2024,weekday,Wed,866.0,0.03509180240645838,0.025667142277346587
RSI14 below 25,2024,weekday,Thu,931.0,-0.021171422465355017,0.030300531842010047
RSI14 below 25,2024,weekday,Fri,999.0,-0.05662578122798441,0.02883514677026787
RSI14 below 25,2024,weekday,Sat,956.0,0.09062293192031035,0.03010335040262623
RSI14 below 25,2024,weekday,Sun,1458.0,-0.030599755201958345,0.02797046954208208
RSI14 below 25,2024,session,Asia 00-08,2548.0,-0.0013829402708577258,0.014466527658326666
RSI14 below 25,2024,session,Europe 08-13,1303.0,0.01937039914271628,0.02479388784409692
RSI14 below 25,2024,session,overlap 13-17,1243.0,-0.03104670255156065,0.02723778675194214
RSI14 below 25,2024,session,US 17-21,1299.0,0.0012195930146184852,0.02559187121509469
RSI14 below 25,2024,session,late 21-24,960.0,0.015928022575819413,0.02791014998932436
RSI14 below 25,2024,month,Jan,486.0,0.004379668666354395,0.04140505535497301
RSI14 below 25,2024,month,Feb,565.0,-0.03217300987255825,0.04145637503887861
RSI14 below 25,2024,month,Mar,513.0,0.043474318872115725,0.037973178282092276
RSI14 below 25,2024,month,Apr,575.0,0.012105558807703426,0.03385457504914291
RSI14 below 25,2024,month,May,596.0,0.009482273135103478,0.04758830478109443
RSI14 below 25,2024,month,Jun,886.0,0.045898865314720816,0.03566950459718437
RSI14 below 25,2024,month,Jul,620.0,0.01868339891990546,0.027013103558433144
RSI14 below 25,2024,month,Aug,667.0,-0.028434171327229026,0.04126285101616333
RSI14 below 25,2024,month,Sep,613.0,0.04190341681181715,0.028834205727164545
RSI14 below 25,2024,month,Oct,612.0,0.018419852641178867,0.04360117909112437
RSI14 below 25,2024,month,Nov,481.0,-0.0518517764539797,0.035253737551511774
RSI14 below 25,2024,month,Dec,739.0,-0.08683190074398212,0.031356967805242976
RSI14 below 25,2024,event slot,"funding hours (00, 08, 16)",825.0,-0.0273674319696351,0.03520002112492802
RSI14 below 25,2024,event slot,"funding settlement window (00:00, 08:00, 16:00 +15 min)",183.0,-0.11074547469194024,0.06434860050851876
RSI14 below 25,2024,event slot,US equity open window (13:30 +15 min),94.0,,
RSI14 below 25,2024,event slot,US equity close window (20:00 +15 min),112.0,-0.0772267393289425,0.08078855396967255
RSI14 below 25,2024,event slot,first hour of the week (Mon 00-01),83.0,,
RSI14 below 25,2024,event slot,"weekend (Sat, Sun)",2414.0,0.017407241023761986,0.019004076696460964
RSI14 above 75,2024,hour,00:00,389.0,-0.021222593630477106,0.049617572317394706
RSI14 above 75,2024,hour,01:00,352.0,0.07110330026996686,0.04871154809840715
RSI14 above 75,2024,hour,02:00,362.0,-0.04821488154821489,0.049562449923230105
RSI14 above 75,2024,hour,03:00,348.0,0.020750635693164505,0.06435326868578274
RSI14 above 75,2024,hour,04:00,357.0,-0.0019963941532569105,0.04989238596189228
RSI14 above 75,2024,hour,05:00,399.0,0.04326381519363972,0.04550013043994836
RSI14 above 75,2024,hour,06:00,441.0,-0.05615138948472284,0.048463280475761455
RSI14 above 75,2024,hour,07:00,465.0,-0.04929015036541925,0.04709755976838665
RSI14 above 75,2024,hour,08:00,338.0,-0.015670502849989987,0.0478515903575954
RSI14 above 75,2024,hour,09:00,416.0,0.05274665691332352,0.04113022441796441
RSI14 above 75,2024,hour,10:00,377.0,-0.001795783404978776,0.04068622571734078
RSI14 above 75,2024,hour,11:00,331.0,0.06205702177504799,0.040888285713229625
RSI14 above 75,2024,hour,12:00,373.0,0.08449289325071271,0.051166709066246194
RSI14 above 75,2024,hour,13:00,408.0,-0.058018803116842335,0.04812059499701698
RSI14 above 75,2024,hour,14:00,482.0,-0.01087048320796594,0.03997735336763832
RSI14 above 75,2024,hour,15:00,353.0,-0.04679845095331402,0.0489325538666269
RSI14 above 75,2024,hour,16:00,253.0,0.01700250975613285,0.08031857842137986
RSI14 above 75,2024,hour,17:00,340.0,-0.0952737050776266,0.0469198792757322
RSI14 above 75,2024,hour,18:00,342.0,-0.016051138858156344,0.04940757943696459
RSI14 above 75,2024,hour,19:00,307.0,0.0315896787123715,0.04785540438602245
RSI14 above 75,2024,hour,20:00,355.0,0.020799202958827423,0.05729136537435709
RSI14 above 75,2024,hour,21:00,337.0,0.07196315999481177,0.044457328073544404
RSI14 above 75,2024,hour,22:00,420.0,0.054166070832737445,0.04541557324966674
RSI14 above 75,2024,hour,23:00,446.0,-0.06390994881278887,0.044125411564460315
RSI14 above 75,2024,weekday,Mon,1613.0,-0.06278400740066377,0.024655302637557948
RSI14 above 75,2024,weekday,Tue,1093.0,-0.010245988593045634,0.026081562516827306
RSI14 above 75,2024,weekday,Wed,1125.0,-0.030881548214881614,0.028211503387019075
RSI14 above 75,2024,weekday,Thu,989.0,0.014980265064525274,0.025773298120786856
RSI14 above 75,2024,weekday,Fri,1152.0,0.013417062896229513,0.02473515568097966
RSI14 above 75,2024,weekday,Sat,1278.0,0.055071503428311026,0.028000614272169558
RSI14 above 75,2024,weekday,Sun,1741.0,0.02674203976137727,0.021579651388636538
RSI14 above 75,2024,session,Asia 00-08,3113.0,-0.007900072682169258,0.014344696853552667
RSI14 above 75,2024,session,Europe 08-13,1835.0,0.037071221994019465,0.019076831020783967
RSI14 above 75,2024,session,overlap 13-17,1496.0,-0.02749295641452503,0.023642826701127745
RSI14 above 75,2024,session,US 17-21,1344.0,-0.015476786310119625,0.02385126479183431
RSI14 above 75,2024,session,late 21-24,1203.0,0.015376140895675404,0.026495238631755146
RSI14 above 75,2024,month,Jan,704.0,-0.005601245184578506,0.034724148093685514
RSI14 above 75,2024,month,Feb,902.0,-0.10142995915353642,0.03366645632832768
RSI14 above 75,2024,month,Mar,769.0,0.0018501379576368352,0.03909147133861709
RSI14 above 75,2024,month,Apr,580.0,0.05350925638281967,0.033889794877173564
RSI14 above 75,2024,month,May,709.0,0.041347882908766724,0.042108357093652134
RSI14 above 75,2024,month,Jun,1078.0,0.0204307585259966,0.02854133476261179
RSI14 above 75,2024,month,Jul,701.0,0.020971994343368612,0.029535637170917974
RSI14 above 75,2024,month,Aug,585.0,0.021015887682554378,0.04153811533230744
RSI14 above 75,2024,month,Sep,713.0,0.019807558844491965,0.029813172713946963
RSI14 above 75,2024,month,Oct,924.0,-0.01358284691618018,0.034223611111436465
RSI14 above 75,2024,month,Nov,632.0,0.0008357513631775599,0.03143610152910106
RSI14 above 75,2024,month,Dec,694.0,-0.02516012650498723,0.028988346617895903
RSI14 above 75,2024,event slot,"funding hours (00, 08, 16)",980.0,-0.009439371344133255,0.031237337338924514
RSI14 above 75,2024,event slot,"funding settlement window (00:00, 08:00, 16:00 +15 min)",235.0,0.004976607813487302,0.049904499704078654
RSI14 above 75,2024,event slot,US equity open window (13:30 +15 min),96.0,,
RSI14 above 75,2024,event slot,US equity close window (20:00 +15 min),100.0,0.051785118451785066,0.1191184790776697
RSI14 above 75,2024,event slot,first hour of the week (Mon 00-01),99.0,,
RSI14 above 75,2024,event slot,"weekend (Sat, Sun)",3019.0,0.0387344394189928,0.015291356909598892
reversal at the open,2025,hour,00:00,1460.0,0.012186073059360703,0.013514430224579403
reversal at the open,2025,hour,01:00,1460.0,-0.014526255707762569,0.01219870476341315
reversal at the open,2025,hour,02:00,1460.0,-0.0035673515981734794,0.01265161949613362
reversal at the open,2025,hour,03:00,1460.0,-0.001512557077625552,0.012765028588900105
reversal at the open,2025,hour,04:00,1460.0,-0.0063070776255708585,0.012647144467050526
reversal at the open,2025,hour,05:00,1460.0,-0.004937214611872169,0.013060896183739557
reversal at the open,2025,hour,06:00,1460.0,-0.009731735159817262,0.012540281091936216
reversal at the open,2025,hour,07:00,1460.0,0.003966894977168993,0.01230191886251342
reversal at the open,2025,hour,08:00,1460.0,-0.013156392694063879,0.012347869058373288
reversal at the open,2025,hour,09:00,1460.0,-0.0008276255707762072,0.01167759593002831
reversal at the open,2025,hour,10:00,1460.0,0.016295662100456666,0.012596313526096678
reversal at the open,2025,hour,11:00,1460.0,0.01081621004566212,0.012095052660789002
reversal at the open,2025,hour,12:00,1460.0,0.01698059360730601,0.012320806336485055
reversal at the open,2025,hour,13:00,1460.0,0.008076484018264848,0.012432365672885495
reversal at the open,2025,hour,14:00,1460.0,0.01698059360730601,0.012298575083476796
reversal at the open,2025,hour,15:00,1460.0,-0.00014269406392696898,0.012859860477012007
reversal at the open,2025,hour,16:00,1460.0,-0.009046803652968024,0.012951141137681877
reversal at the open,2025,hour,17:00,1460.0,-0.010416666666666607,0.013218739395407061
reversal at the open,2025,hour,18:00,1460.0,0.02725456621004565,0.012442604953649135
reversal at the open,2025,hour,19:00,1460.0,-0.009731735159817262,0.012981440518007632
reversal at the open,2025,hour,20:00,1460.0,-0.02411529680365297,0.012582113867294296
reversal at the open,2025,hour,21:00,1460.0,0.004651826484018337,0.01176353828755256
reversal at the open,2025,hour,22:00,1460.0,0.004651826484018337,0.012869713870678992
reversal at the open,2025,hour,23:00,1460.0,-0.013841324200913224,0.012363221477663496
reversal at the open,2025,weekday,Mon,4992.0,-0.01145668686336501,0.006147932075027307
reversal at the open,2025,weekday,Tue,4992.0,0.003567351598173585,0.006343313639726742
reversal at the open,2025,weekday,Wed,5088.0,0.005532760403204925,0.005635126794321833
reversal at the open,2025,weekday,Thu,4992.0,-0.0012403407095187883,0.006633211200070814
reversal at the open,2025,weekday,Fri,4992.0,-0.007650597119775223,0.00633191692229566
reversal at the open,2025,weekday,Sat,4992.0,0.004168313136635061,0.0059530299849737175
reversal at the open,2025,weekday,Sun,4992.0,0.006972800316122262,0.005900061339302083
reversal at the open,2025,session,Asia 00-08,11680.0,-0.0030536529680365025,0.003693944786578492
reversal at the open,2025,session,Europe 08-13,7300.0,0.0060216894977168966,0.005165545978786654
reversal at the open,2025,session,overlap 13-17,5840.0,0.003966894977168919,0.005669970904403159
reversal at the open,2025,session,US 17-21,5840.0,-0.004252283105022811,0.005843434318703188
reversal at the open,2025,session,late 21-24,4380.0,-0.0015125570776255148,0.006693510946935682
reversal at the open,2025,month,Jan,2976.0,-0.013905766681396368,0.007926756344932732
reversal at the open,2025,month,Feb,2688.0,-0.013173719830397992,0.010387057436135933
reversal at the open,2025,month,Mar,2976.0,-0.006177272057740408,0.007153014207318279
reversal at the open,2025,month,Apr,2880.0,0.010164573820395657,0.007631429230578228
reversal at the open,2025,month,May,2976.0,0.007599609662689685,0.008002946314297706
reversal at the open,2025,month,Jun,2880.0,-0.0023354261796043,0.008437910656602704
reversal at the open,2025,month,Jul,2976.0,-0.007857379584622235,0.007892940154212352
reversal at the open,2025,month,Aug,2976.0,-0.0028170570039770574,0.008591149899905543
reversal at the open,2025,month,Sep,2880.0,0.01433124048706248,0.007347271262829622
reversal at the open,2025,month,Oct,2976.0,0.004575416114302517,0.00772556846902918
reversal at the open,2025,month,Nov,2880.0,-0.009627092846270984,0.007230996689391989
reversal at the open,2025,month,Dec,2976.0,0.01835229783473271,0.009723717624852525
reversal at the open,2025,event slot,"funding hours (00, 08, 16)",4380.0,-0.003339041095890491,0.007059391090537036
reversal at the open,2025,event slot,"funding settlement window (00:00, 08:00, 16:00 +15 min)",1095.0,-0.016809360730593574,0.014652464938683454
reversal at the open,2025,event slot,US equity open window (13:30 +15 min),365.0,0.027939497716894954,0.025879387166732874
reversal at the open,2025,event slot,US equity close window (20:00 +15 min),365.0,-0.024115296803652958,0.02617525343221416
reversal at the open,2025,event slot,first hour of the week (Mon 00-01),208.0,-0.017265981735159783,0.03368429495586988
reversal at the open,2025,event slot,"weekend (Sat, Sun)",9984.0,0.005570556726378638,0.003873878795819775
lead sign at minute 3,2025,hour,00:00,1460.0,0.0015410958904109456,0.011806035020219567
lead sign at minute 3,2025,hour,01:00,1460.0,0.0015410958904109456,0.011880307436370547
lead sign at minute 3,2025,hour,02:00,1460.0,-0.014212328767123236,0.011886904991179625
lead sign at minute 3,2025,hour,03:00,1460.0,0.009075342465753419,0.012304463639860146
lead sign at minute 3,2025,hour,04:00,1460.0,-0.0231164383561644,0.011797286107329923
lead sign at minute 3,2025,hour,05:00,1460.0,0.0029109589041095285,0.01238234252463013
lead sign at minute 3,2025,hour,06:00,1460.0,-0.010787671232876727,0.012496172638987061
lead sign at minute 3,2025,hour,07:00,1460.0,0.009760273972602762,0.011823391129244023
lead sign at minute 3,2025,hour,08:00,1460.0,-0.008047945205479454,0.01244855443979274
lead sign at minute 3,2025,hour,09:00,1460.0,0.007705479452054835,0.011919739147144818
lead sign at minute 3,2025,hour,10:00,1460.0,-0.005308219178082182,0.011723278006780849
lead sign at minute 3,2025,hour,11:00,1460.0,-0.0011986301369862201,0.012616129799178633
lead sign at minute 3,2025,hour,12:00,1460.0,-0.017636986301369853,0.012213532713175405
lead sign at minute 3,2025,hour,13:00,1460.0,-0.005308219178082182,0.012372265469997827
lead sign at minute 3,2025,hour,14:00,1460.0,-0.0011986301369862201,0.01165450365516473
lead sign at minute 3,2025,hour,15:00,1460.0,0.004965753424657562,0.011596280560378817
lead sign at minute 3,2025,hour,16:00,1460.0,-0.01695205479452051,0.012569502920999573
lead sign at minute 3,2025,hour,17:00,1460.0,-0.003253424657534254,0.012467065125728994
lead sign at minute 3,2025,hour,18:00,1460.0,0.0008561643835617074,0.012296073729925396
lead sign at minute 3,2025,hour,19:00,1460.0,0.02140410958904109,0.011477035484117694
lead sign at minute 3,2025,hour,20:00,1460.0,-0.012842465753424653,0.011914166691197712
lead sign at minute 3,2025,hour,21:00,1460.0,0.0035958904109588733,0.012073317819252178
lead sign at minute 3,2025,hour,22:00,1460.0,0.026883561643835527,0.011424898611435743
lead sign at minute 3,2025,hour,23:00,1460.0,0.0296232876712328,0.011428577677308392
lead sign at minute 3,2025,weekday,Mon,4992.0,-0.004402111872146119,0.00644174428627942
lead sign at minute 3,2025,weekday,Tue,4992.0,-0.002198586231120488,0.006927669917098849
lead sign at minute 3,2025,weekday,Wed,5088.0,0.0027224950460928367,0.006087831627699026
lead sign at minute 3,2025,weekday,Thu,4992.0,0.009019362486828225,0.005672372955559407
lead sign at minute 3,2025,weekday,Fri,4992.0,-0.0015976246926589172,0.005581365379640967
lead sign at minute 3,2025,weekday,Sat,4992.0,-0.003801150333684644,0.0064292711318957845
lead sign at minute 3,2025,weekday,Sun,4992.0,0.000205259922725699,0.006146866522196993
lead sign at minute 3,2025,session,Asia 00-08,11680.0,-0.002910958904109566,0.0034622056766512293
lead sign at minute 3,2025,session,Europe 08-13,7300.0,-0.004897260273972637,0.004941080230859125
lead sign at minute 3,2025,session,overlap 13-17,5840.0,-0.004623287671232842,0.005412007831860709
lead sign at minute 3,2025,session,US 17-21,5840.0,0.0015410958904109782,0.005746870230218187
lead sign at minute 3,2025,session,late 21-24,4380.0,0.02003424657534246,0.006715774627098828
lead sign at minute 3,2025,month,Jan,2976.0,-0.0004538591839740419,0.006568224755923775
lead sign at minute 3,2025,month,Feb,2688.0,0.0015502690802348912,0.007677918702570444
lead sign at minute 3,2025,month,Mar,2976.0,0.010970871998821654,0.007912082747895371
lead sign at minute 3,2025,month,Apr,2880.0,-0.017770167427701697,0.008509094161198428
lead sign at minute 3,2025,month,May,2976.0,-0.014230740904404236,0.008423867347943282
lead sign at minute 3,2025,month,Jun,2880.0,-0.0031868340943683295,0.00822459265414602
lead sign at minute 3,2025,month,Jul,2976.0,-0.0014619237001030978,0.00841647943904457
lead sign at minute 3,2025,month,Aug,2976.0,-0.0007898806893504277,0.006403656689235414
lead sign at minute 3,2025,month,Sep,2880.0,0.0009798325722982888,0.009986154294184582
lead sign at minute 3,2025,month,Oct,2976.0,-0.0007898806893504277,0.0074206799118919815
lead sign at minute 3,2025,month,Nov,2880.0,0.003063165905631598,0.009174215869918383
lead sign at minute 3,2025,month,Dec,2976.0,0.02172356017086468,0.009678779626377428
lead sign at minute 3,2025,event slot,"funding hours (00, 08, 16)",4380.0,-0.007819634703196313,0.006591929073954427
lead sign at minute 3,2025,event slot,"funding settlement window (00:00, 08:00, 16:00 +15 min)",1095.0,-0.002340182648401839,0.014035630052331173
lead sign at minute 3,2025,event slot,US equity open window (13:30 +15 min),365.0,-0.011472602739725987,0.024681490741120533
lead sign at minute 3,2025,event slot,US equity close window (20:00 +15 min),365.0,-0.0005136986301370698,0.024821436360852194
lead sign at minute 3,2025,event slot,first hour of the week (Mon 00-01),208.0,0.005413593256058961,0.02774592347441358
lead sign at minute 3,2025,event slot,"weekend (Sat, Sun)",9984.0,-0.0017979452054794375,0.0040522260883980995
3-sd drop (5-min move < -3 sd),2025,hour,00:00,135.0,0.012805358550039385,0.0629449092273647
3-sd drop (5-min move < -3 sd),2025,hour,01:00,109.0,0.06241460081983213,0.0624997349701637
3-sd drop (5-min move < -3 sd),2025,hour,02:00,78.0,,
3-sd drop (5-min move < -3 sd),2025,hour,03:00,63.0,,
3-sd drop (5-min move < -3 sd),2025,hour,04:00,99.0,,
3-sd drop (5-min move < -3 sd),2025,hour,05:00,91.0,,
3-sd drop (5-min move < -3 sd),2025,hour,06:00,110.0,-0.1343326885880078,0.06352896085788201
3-sd drop (5-min move < -3 sd),2025,hour,07:00,108.0,0.040583136327817154,0.062283859056008126
3-sd drop (5-min move < -3 sd),2025,hour,08:00,94.0,,
3-sd drop (5-min move < -3 sd),2025,hour,09:00,83.0,,
3-sd drop (5-min move < -3 sd),2025,hour,10:00,83.0,,
3-sd drop (5-min move < -3 sd),2025,hour,11:00,113.0,0.09277913763886282,0.061376204433421296
3-sd drop (5-min move < -3 sd),2025,hour,12:00,136.0,-0.020963704630788456,0.0581605869714548
3-sd drop (5-min move < -3 sd),2025,hour,13:00,221.0,0.01749783383074995,0.05416718573272424
3-sd drop (5-min move < -3 sd),2025,hour,14:00,136.0,0.05256570713391735,0.05553487795820791
3-sd drop (5-min move < -3 sd),2025,hour,15:00,77.0,,
3-sd drop (5-min move < -3 sd),2025,hour,16:00,65.0,,
3-sd drop (5-min move < -3 sd),2025,hour,17:00,90.0,,
3-sd drop (5-min move < -3 sd),2025,hour,18:00,63.0,,
3-sd drop (5-min move < -3 sd),2025,hour,19:00,105.0,0.05830800405268487,0.05625634830936856
3-sd drop (5-min move < -3 sd),2025,hour,20:00,102.0,0.06727158948685862,0.07324316955208943
3-sd drop (5-min move < -3 sd),2025,hour,21:00,103.0,-0.036097913654203666,0.07124322627628207
3-sd drop (5-min move < -3 sd),2025,hour,22:00,100.0,-0.04978723404255316,0.05774800588900843
3-sd drop (5-min move < -3 sd),2025,hour,23:00,80.0,,
3-sd drop (5-min move < -3 sd),2025,weekday,Mon,323.0,0.0022561096106975495,0.03721655062021058
3-sd drop (5-min move < -3 sd),2025,weekday,Tue,358.0,-0.009954831807916367,0.03650415559666343
3-sd drop (5-min move < -3 sd),2025,weekday,Wed,299.0,0.052319789368818106,0.03966500987585425
3-sd drop (5-min move < -3 sd),2025,weekday,Thu,368.0,0.01260407030527288,0.03620758611426562
3-sd drop (5-min move < -3 sd),2025,weekday,Fri,346.0,-0.06533636699053003,0.03326032907401622
3-sd drop (5-min move < -3 sd),2025,weekday,Sat,310.0,0.07827728208647906,0.040641019539807165
3-sd drop (5-min move < -3 sd),2025,weekday,Sun,440.0,-0.04342359767891679,0.029154095695834763
3-sd drop (5-min move < -3 sd),2025,session,Asia 00-08,793.0,-0.01988811676638675,0.020892965696559344
3-sd drop (5-min move < -3 sd),2025,session,Europe 08-13,509.0,0.007639092087112897,0.02863826211740045
3-sd drop (5-min move < -3 sd),2025,session,overlap 13-17,499.0,0.015403146718969864,0.03050497629857158
3-sd drop (5-min move < -3 sd),2025,session,US 17-21,360.0,0.017434988179669,0.034806316747846656
3-sd drop (5-min move < -3 sd),2025,session,late 21-24,283.0,-0.007349071498383577,0.03916414559612498
3-sd drop (5-min move < -3 sd),2025,month,Jan,229.0,-0.029568893431199495,0.048322415533931296
3-sd drop (5-min move < -3 sd),2025,month,Feb,171.0,-0.10025507029986312,0.04308878017760188
3-sd drop (5-min move < -3 sd),2025,month,Mar,180.0,0.04243498817966905,0.052791794948920195
3-sd drop (5-min move < -3 sd),2025,month,Apr,167.0,-0.016912982545547184,0.04511883135428376
3-sd drop (5-min move < -3 sd),2025,month,May,195.0,0.045853791598472485,0.0408272896121507
3-sd drop (5-min move < -3 sd),2025,month,Jun,203.0,-0.07239807148097675,0.05564265860142054
3-sd drop (5-min move < -3 sd),2025,month,Jul,227.0,0.06778985846846006,0.048499884758956384
3-sd drop (5-min move < -3 sd),2025,month,Aug,236.0,0.009195816804904456,0.05297700789978139
3-sd drop (5-min move < -3 sd),2025,month,Sep,200.0,0.020212765957446775,0.04061567421513114
3-sd drop (5-min move < -3 sd),2025,month,Oct,226.0,0.06623046507249108,0.048506441418208146
3-sd drop (5-min move < -3 sd),2025,month,Nov,204.0,0.008448060075093888,0.047222745337478174
3-sd drop (5-min move < -3 sd),2025,month,Dec,206.0,-0.06522412724643664,0.04731494255766522
3-sd drop (5-min move < -3 sd),2025,event slot,"funding hours (00, 08, 16)",294.0,0.029056303372412835,0.03896051594346602
3-sd drop (5-min move < -3 sd),2025,event slot,"funding settlement window (00:00, 08:00, 16:00 +15 min)",74.0,,
3-sd drop (5-min move < -3 sd),2025,event slot,US equity open window (13:30 +15 min),107.0,0.00899781268641868,0.05607642113061887
3-sd drop (5-min move < -3 sd),2025,event slot,US equity close window (20:00 +15 min),25.0,,
3-sd drop (5-min move < -3 sd),2025,event slot,first hour of the week (Mon 00-01),28.0,,
3-sd drop (5-min move < -3 sd),2025,event slot,"weekend (Sat, Sun)",750.0,0.006879432624113445,0.022385954031001378
3-sd rise (5-min move > +3 sd),2025,hour,00:00,173.0,0.019042539638668983,0.05383822599124288
3-sd rise (5-min move > +3 sd),2025,hour,01:00,105.0,0.03930127897255287,0.07249213928795782
3-sd rise (5-min move > +3 sd),2025,hour,02:00,100.0,-0.09165110197982812,0.07527573559750693
3-sd rise (5-min move > +3 sd),2025,hour,03:00,85.0,,
3-sd rise (5-min move > +3 sd),2025,hour,04:00,107.0,0.01909656157157369,0.0669472095527116
3-sd rise (5-min move > +3 sd),2025,hour,05:00,98.0,,
3-sd rise (5-min move > +3 sd),2025,hour,06:00,109.0,0.00880761361650216,0.08310812052373133
3-sd rise (5-min move > +3 sd),2025,hour,07:00,158.0,-0.0922840133722332,0.0651684395203191
3-sd rise (5-min move > +3 sd),2025,hour,08:00,142.0,-0.06277786254320852,0.05009435923420646
3-sd rise (5-min move > +3 sd),2025,hour,09:00,121.0,0.012067906284634703,0.0587621516100964
3-sd rise (5-min move > +3 sd),2025,hour,10:00,124.0,-0.07390916649595718,0.058950634713795524
3-sd rise (5-min move > +3 sd),2025,hour,11:00,93.0,,
3-sd rise (5-min move > +3 sd),2025,hour,12:00,154.0,0.09471253438380815,0.04586684772777038
3-sd rise (5-min move > +3 sd),2025,hour,13:00,228.0,0.019752406792101582,0.04803152507679997
3-sd rise (5-min move > +3 sd),2025,hour,14:00,168.0,0.07739651706779087,0.05630886175311885
3-sd rise (5-min move > +3 sd),2025,hour,15:00,58.0,,
3-sd rise (5-min move > +3 sd),2025,hour,16:00,90.0,,
3-sd rise (5-min move > +3 sd),2025,hour,17:00,62.0,,
3-sd rise (5-min move > +3 sd),2025,hour,18:00,81.0,,
3-sd rise (5-min move > +3 sd),2025,hour,19:00,67.0,,
3-sd rise (5-min move > +3 sd),2025,hour,20:00,63.0,,
3-sd rise (5-min move > +3 sd),2025,hour,21:00,91.0,,
3-sd rise (5-min move > +3 sd),2025,hour,22:00,128.0,0.01303639802017187,0.06670703383635589
3-sd rise (5-min move > +3 sd),2025,hour,23:00,72.0,,
3-sd rise (5-min move > +3 sd),2025,weekday,Mon,394.0,-0.0010419649239905807,0.039590258042239146
3-sd rise (5-min move > +3 sd),2025,weekday,Tue,322.0,0.042199829697190466,0.03441154233738447
3-sd rise (5-min move > +3 sd),2025,weekday,Wed,393.0,-0.042923366610871386,0.03282093159158253
3-sd rise (5-min move > +3 sd),2025,weekday,Thu,374.0,0.011824833849048874,0.036700288664361334
3-sd rise (5-min move > +3 sd),2025,weekday,Fri,342.0,0.005132523751166005,0.040839234040071296
3-sd rise (5-min move > +3 sd),2025,weekday,Sat,329.0,0.03585649680436641,0.03517814079299128
3-sd rise (5-min move > +3 sd),2025,weekday,Sun,523.0,-0.02731075781156812,0.030531535798077165
3-sd rise (5-min move > +3 sd),2025,session,Asia 00-08,935.0,-0.025073561872876307,0.02092181184662962
3-sd rise (5-min move > +3 sd),2025,session,Europe 08-13,634.0,-0.003796212389922785,0.02321745453564057
3-sd rise (5-min move > +3 sd),2025,session,overlap 13-17,544.0,0.06312830978487766,0.028897510553730046
3-sd rise (5-min move > +3 sd),2025,session,US 17-21,273.0,-0.047145607474333606,0.04450332006089496
3-sd rise (5-min move > +3 sd),2025,session,late 21-24,291.0,0.015049928948006858,0.03678275030511384
3-sd rise (5-min move > +3 sd),2025,month,Jan,199.0,-0.03913853916575788,0.05503522470335568
3-sd rise (5-min move > +3 sd),2025,month,Feb,175.0,0.11549175516302897,0.04902604611060858
3-sd rise (5-min move > +3 sd),2025,month,Mar,159.0,0.08727971563023472,0.0671139621913224
3-sd rise (5-min move > +3 sd),2025,month,Apr,161.0,-0.01370079142082191,0.05565359501441208
3-sd rise (5-min move > +3 sd),2025,month,May,211.0,-0.006106078283145708,0.04001655101674492
3-sd rise (5-min move > +3 sd),2025,month,Jun,248.0,-0.06181239230240882,0.05011369165581477
3-sd rise (5-min move > +3 sd),2025,month,Jul,314.0,-0.04483581535562437,0.039929379966552235
3-sd rise (5-min move > +3 sd),2025,month,Aug,244.0,-0.03345438066835272,0.04817350802014523
3-sd rise (5-min move > +3 sd),2025,month,Sep,283.0,-0.011615766290782209,0.044697059990683845
3-sd rise (5-min move > +3 sd),2025,month,Oct,285.0,-0.025861628295617646,0.03191513571376176
3-sd rise (5-min move > +3 sd),2025,month,Nov,195.0,0.05322069289196667,0.045943873323602544
3-sd rise (5-min move > +3 sd),2025,month,Dec,203.0,0.07411244481820142,0.05091599030690116
3-sd rise (5-min move > +3 sd),2025,event slot,"funding hours (00, 08, 16)",405.0,0.0015587745633816612,0.03290894643732316
3-sd rise (5-min move > +3 sd),2025,event slot,"funding settlement window (00:00, 08:00, 16:00 +15 min)",110.0,0.04016707983835357,0.053100330216097696
3-sd rise (5-min move > +3 sd),2025,event slot,US equity open window (13:30 +15 min),123.0,0.01119442647545635,0.06798758170989234
3-sd rise (5-min move > +3 sd),2025,event slot,US equity close window (20:00 +15 min),17.0,,
3-sd rise (5-min move > +3 sd),2025,event slot,first hour of the week (Mon 00-01),46.0,,
3-sd rise (5-min move > +3 sd),2025,event slot,"weekend (Sat, Sun)",852.0,-0.0029187076136309806,0.02145394132675173
4-hour low (rangepos <= 0.02),2025,hour,00:00,497.0,0.04644823060473914,0.043290876944007996
4-hour low (rangepos <= 0.02),2025,hour,01:00,501.0,0.01786957303055156,0.0378556877545073
4-hour low (rangepos <= 0.02),2025,hour,02:00,554.0,-0.009562926591143743,0.04335361610416102
4-hour low (rangepos <= 0.02),2025,hour,03:00,648.0,0.03487260400563837,0.04221026743570154
4-hour low (rangepos <= 0.02),2025,hour,04:00,546.0,-6.1597595229882e-05,0.03595566862091977
4-hour low (rangepos <= 0.02),2025,hour,05:00,507.0,-0.04584914338277568,0.049358571008775554
4-hour low (rangepos <= 0.02),2025,hour,06:00,547.0,0.031870820991667666,0.040915955374525824
4-hour low (rangepos <= 0.02),2025,hour,07:00,487.0,-0.01968160797499388,0.03489537984582854
4-hour low (rangepos <= 0.02),2025,hour,08:00,473.0,0.04836671827494646,0.036314103672723426
4-hour low (rangepos <= 0.02),2025,hour,09:00,552.0,0.012261224510200926,0.034034242320091924
4-hour low (rangepos <= 0.02),2025,hour,10:00,510.0,-0.05459725801324327,0.05126571501332095
4-hour low (rangepos <= 0.02),2025,hour,11:00,527.0,-0.02638726433835396,0.035009604209660886
4-hour low (rangepos <= 0.02),2025,hour,12:00,453.0,-0.014264833652770603,0.04204634637183062
4-hour low (rangepos <= 0.02),2025,hour,13:00,544.0,0.0055743106142077,0.03504980188405078
4-hour low (rangepos <= 0.02),2025,hour,14:00,456.0,0.015216983472824868,0.03204339009233949
4-hour low (rangepos <= 0.02),2025,hour,15:00,409.0,-2.1295598937643078e-05,0.04583069177728963
4-hour low (rangepos <= 0.02),2025,hour,16:00,496.0,-0.05117379185258539,0.04113909403704391
4-hour low (rangepos <= 0.02),2025,hour,17:00,466.0,-0.06307154901719841,0.045447688468453436
4-hour low (rangepos <= 0.02),2025,hour,18:00,422.0,-0.006962279851362414,0.04494657647420599
4-hour low (rangepos <= 0.02),2025,hour,19:00,550.0,-0.02030135783499015,0.042515333104793815
4-hour low (rangepos <= 0.02),2025,hour,20:00,431.0,0.05861870122428004,0.04505480154984601
4-hour low (rangepos <= 0.02),2025,hour,21:00,337.0,0.08418205193031875,0.044974132255999104
4-hour low (rangepos <= 0.02),2025,hour,22:00,330.0,0.021516823983191675,0.06023951688884067
4-hour low (rangepos <= 0.02),2025,hour,23:00,353.0,-0.04860936710617221,0.050282927488191
4-hour low (rangepos <= 0.02),2025,weekday,Mon,1776.0,-0.003749351282983548,0.0180199235210242
4-hour low (rangepos <= 0.02),2025,weekday,Tue,1952.0,-0.005364696136033367,0.01553519168373319
4-hour low (rangepos <= 0.02),2025,weekday,Wed,1325.0,0.008103444909435254,0.025483287637173526
4-hour low (rangepos <= 0.02),2025,weekday,Thu,1809.0,-0.03828015073915616,0.02245711889434099
4-hour low (rangepos <= 0.02),2025,weekday,Fri,1792.0,-0.026890237705119946,0.02072759634433821
4-hour low (rangepos <= 0.02),2025,weekday,Sat,1365.0,0.05524975771612542,0.028325210951475856
4-hour low (rangepos <= 0.02),2025,weekday,Sun,1577.0,0.030699968042683205,0.020701994413201086
4-hour low (rangepos <= 0.02),2025,session,Asia 00-08,4287.0,0.007909088122131832,0.011737638353238787
4-hour low (rangepos <= 0.02),2025,session,Europe 08-13,2515.0,-0.007382507301825459,0.016477307141405263
4-hour low (rangepos <= 0.02),2025,session,overlap 13-17,1905.0,-0.008094247360163082,0.01672479997447951
4-hour low (rangepos <= 0.02),2025,session,US 17-21,1869.0,-0.009754152231604765,0.02058843223759034
4-hour low (rangepos <= 0.02),2025,session,late 21-24,1020.0,0.017951761594599908,0.02722884005575784
4-hour low (rangepos <= 0.02),2025,month,Jan,714.0,0.0650105851240116,0.020748505012955675
4-hour low (rangepos <= 0.02),2025,month,Feb,895.0,-0.029118016037123228,0.02517397184713534
4-hour low (rangepos <= 0.02),2025,month,Mar,852.0,0.012746017325061183,0.023419985293805203
4-hour low (rangepos <= 0.02),2025,month,Apr,961.0,-0.02522426011481233,0.029906907954647795
4-hour low (rangepos <= 0.02),2025,month,May,871.0,0.04906092167654316,0.030288381079125577
4-hour low (rangepos <= 0.02),2025,month,Jun,1025.0,0.0055079548035908334,0.025842889077158124
4-hour low (rangepos <= 0.02),2025,month,Jul,1269.0,-0.01372208997912657,0.028364004287322157
4-hour low (rangepos <= 0.02),2025,month,Aug,1446.0,0.006390456574666624,0.02810352841097265
4-hour low (rangepos <= 0.02),2025,month,Sep,1214.0,0.015571039948445461,0.02314153783118122
4-hour low (rangepos <= 0.02),2025,month,Oct,754.0,-0.04098619024396045,0.03756114489770094
4-hour low (rangepos <= 0.02),2025,month,Nov,914.0,-0.04615773340690178,0.028496198963345345
4-hour low (rangepos <= 0.02),2025,month,Dec,681.0,0.010290018483258478,0.030844730234633574
4-hour low (rangepos <= 0.02),2025,event slot,"funding hours (00, 08, 16)",1466.0,0.014038218005267887,0.022800852652014144
4-hour low (rangepos <= 0.02),2025,event slot,"funding settlement window (00:00, 08:00, 16:00 +15 min)",342.0,0.042994761250602684,0.043784658959813996
4-hour low (rangepos <= 0.02),2025,event slot,US equity open window (13:30 +15 min),143.0,0.04039794286431058,0.06371978579502591
4-hour low (rangepos <= 0.02),2025,event slot,US equity close window (20:00 +15 min),122.0,0.01615169730658967,0.08100163083512567
4-hour low (rangepos <= 0.02),2025,event slot,first hour of the week (Mon 00-01),94.0,,
4-hour low (rangepos <= 0.02),2025,event slot,"weekend (Sat, Sun)",2942.0,0.0420903361270641,0.015677301292821213
4-hour high (rangepos >= 0.98),2025,hour,00:00,573.0,-0.011985703434886882,0.041150737924758055
4-hour high (rangepos >= 0.98),2025,hour,01:00,467.0,0.06489281639575019,0.03894860063439938
4-hour high (rangepos >= 0.98),2025,hour,02:00,521.0,0.021420988622607585,0.04648296611810526
4-hour high (rangepos >= 0.98),2025,hour,03:00,668.0,-0.005838312353175913,0.03146419099510709
4-hour high (rangepos >= 0.98),2025,hour,04:00,554.0,-0.07808911760188435,0.04430502889416807
4-hour high (rangepos >= 0.98),2025,hour,05:00,629.0,-0.008154030678052324,0.04280386810310304
4-hour high (rangepos >= 0.98),2025,hour,06:00,672.0,-0.0091263790768714,0.03434343538257811
4-hour high (rangepos >= 0.98),2025,hour,07:00,659.0,-0.018021078838414948,0.040356311757024796
4-hour high (rangepos >= 0.98),2025,hour,08:00,638.0,0.010731995307365044,0.035963805257977224
4-hour high (rangepos >= 0.98),2025,hour,09:00,537.0,-0.021920672772003092,0.040627557108053304
4-hour high (rangepos >= 0.98),2025,hour,10:00,506.0,-0.03451810691425147,0.04977521803044483
4-hour high (rangepos >= 0.98),2025,hour,11:00,517.0,0.025905743056314642,0.03406578317172242
4-hour high (rangepos >= 0.98),2025,hour,12:00,539.0,0.044734938177303,0.04291273179955842
4-hour high (rangepos >= 0.98),2025,hour,13:00,461.0,0.040464959627807946,0.03645397464159976
4-hour high (rangepos >= 0.98),2025,hour,14:00,562.0,-0.006632098446469797,0.032889341353771154
4-hour high (rangepos >= 0.98),2025,hour,15:00,541.0,-0.02773444614843198,0.037703435691369185
4-hour high (rangepos >= 0.98),2025,hour,16:00,396.0,-0.0026779663784587122,0.042643696135572715
4-hour high (rangepos >= 0.98),2025,hour,17:00,459.0,-0.0658587942651689,0.04597946221207454
4-hour high (rangepos >= 0.98),2025,hour,18:00,557.0,0.027044754547134786,0.03496522802857219
4-hour high (rangepos >= 0.98),2025,hour,19:00,663.0,-0.007705618464934226,0.037271304445530104
4-hour high (rangepos >= 0.98),2025,hour,20:00,567.0,0.041413744379918675,0.039248330729636564
4-hour high (rangepos >= 0.98),2025,hour,21:00,596.0,0.023981243166656865,0.034903343313030626
4-hour high (rangepos >= 0.98),2025,hour,22:00,692.0,-0.0697942155756327,0.033330029473171666
4-hour high (rangepos >= 0.98),2025,hour,23:00,635.0,0.08271135995574944,0.03877795574399232
4-hour high (rangepos >= 0.98),2025,weekday,Mon,1954.0,-0.01933894670371745,0.014736339518671005
4-hour high (rangepos >= 0.98),2025,weekday,Tue,1940.0,0.03351905538557341,0.017429769182979348
4-hour high (rangepos >= 0.98),2025,weekday,Wed,2186.0,-0.009285671979759883,0.024732474330294324
4-hour high (rangepos >= 0.98),2025,weekday,Thu,1769.0,-0.031947484624800015,0.02018636026631534
4-hour high (rangepos >= 0.98),2025,weekday,Fri,2059.0,-0.0016526574366854674,0.019851291785320344
4-hour high (rangepos >= 0.98),2025,weekday,Sat,1744.0,0.0616059276072702,0.023658173532210797
4-hour high (rangepos >= 0.98),2025,weekday,Sun,1957.0,-0.02782984283334992,0.02113945970999277
4-hour high (rangepos >= 0.98),2025,session,Asia 00-08,4743.0,-0.007527217907027072,0.011498460641956327
4-hour high (rangepos >= 0.98),2025,session,Europe 08-13,2737.0,0.005522415223457377,0.01609548345013746
4-hour high (rangepos >= 0.98),2025,session,overlap 13-17,1960.0,-0.0005804607095244467,0.01913686137694218
4-hour high (rangepos >= 0.98),2025,session,US 17-21,2246.0,0.0014280987249349955,0.01896793447115858
4-hour high (rangepos >= 0.98),2025,session,late 21-24,1923.0,0.009629192574566106,0.020025974854529862
4-hour high (rangepos >= 0.98),2025,month,Jan,887.0,-0.015956182587903857,0.02471183316959121
4-hour high (rangepos >= 0.98),2025,month,Feb,879.0,0.04017375906712334,0.023329955997529954
4-hour high (rangepos >= 0.98),2025,month,Mar,1018.0,0.050803806160288255,0.021134084612931765
4-hour high (rangepos >= 0.98),2025,month,Apr,981.0,0.030961177352428117,0.023172541232897016
4-hour high (rangepos >= 0.98),2025,month,May,1216.0,0.037983583329143616,0.020264700866816795
4-hour high (rangepos >= 0.98),2025,month,Jun,1410.0,-0.03057394746592916,0.024837808621148077
4-hour high (rangepos >= 0.98),2025,month,Jul,1693.0,-0.040808832034427735,0.032224872523357824
4-hour high (rangepos >= 0.98),2025,month,Aug,1615.0,-0.0145802711600204,0.026298442192962578
4-hour high (rangepos >= 0.98),2025,month,Sep,1414.0,-0.028530551636984577,0.02189228898925313
4-hour high (rangepos >= 0.98),2025,month,Oct,906.0,0.006887890869517781,0.02617925941811961
4-hour high (rangepos >= 0.98),2025,month,Nov,810.0,0.041766478065985775,0.0332956595718148
4-hour high (rangepos >= 0.98),2025,month,Dec,780.0,-0.017207880908373253,0.030843226140189844
4-hour high (rangepos >= 0.98),2025,event slot,"funding hours (00, 08, 16)",1607.0,-0.0006728498742755543,0.023306300569655884
4-hour high (rangepos >= 0.98),2025,event slot,"funding settlement window (00:00, 08:00, 16:00 +15 min)",394.0,0.005218254715731984,0.04488506549571991
4-hour high (rangepos >= 0.98),2025,event slot,US equity open window (13:30 +15 min),104.0,0.028304939604447334,0.06845117937232953
4-hour high (rangepos >= 0.98),2025,event slot,US equity close window (20:00 +15 min),143.0,0.06414410044360816,0.08484317914940807
4-hour high (rangepos >= 0.98),2025,event slot,first hour of the week (Mon 00-01),117.0,-0.028318992019484294,0.08311095047147365
4-hour high (rangepos >= 0.98),2025,event slot,"weekend (Sat, Sun)",3701.0,0.014314438076793617,0.015032055154848338
RSI14 below 25,2025,hour,00:00,407.0,-0.014445493805040644,0.060782595819233905
RSI14 below 25,2025,hour,01:00,407.0,0.017495538135991234,0.04474075253815799
RSI14 below 25,2025,hour,02:00,305.0,0.09338066320144417,0.05004131943945538
RSI14 below 25,2025,hour,03:00,267.0,-0.0005592889075997518,0.06196766449916311
RSI14 below 25,2025,hour,04:00,484.0,-0.012770264857084485,0.05594099185538274
RSI14 below 25,2025,hour,05:00,396.0,-0.0017509811105280327,0.05402373360196019
RSI14 below 25,2025,hour,06:00,461.0,-0.035242074254549546,0.04923137178944688
RSI14 below 25,2025,hour,07:00,548.0,0.021584564122827395,0.03955068498841319
RSI14 below 25,2025,hour,08:00,402.0,0.027195197089381565,0.03895830580101491
RSI14 below 25,2025,hour,09:00,450.0,-0.01124593060547745,0.04504237433164078
RSI14 below 25,2025,hour,10:00,357.0,0.05108833643467197,0.049056603326378304
RSI14 below 25,2025,hour,11:00,309.0,-0.06721141064862744,0.04977001810832403
RSI14 below 25,2025,hour,12:00,320.0,0.03139295828341142,0.05506982871006958
RSI14 below 25,2025,hour,13:00,438.0,-0.0075625211686434395,0.04373925330343074
RSI14 below 25,2025,hour,14:00,389.0,-0.02251128336183281,0.04674405571198914
RSI14 below 25,2025,hour,15:00,331.0,-0.12429057645979098,0.061277991134545975
RSI14 below 25,2025,hour,16:00,277.0,0.036920936622761545,0.052999783862630476
RSI14 below 25,2025,hour,17:00,393.0,0.005072983728704048,0.04499710445885636
RSI14 below 25,2025,hour,18:00,275.0,0.019461140101593152,0.050261981715466676
RSI14 below 25,2025,hour,19:00,391.0,0.028435797158091615,0.05375271218003217
RSI14 below 25,2025,hour,20:00,401.0,0.05360305803403484,0.04954353582763325
RSI14 below 25,2025,hour,21:00,473.0,-0.021130826071768267,0.048774636040340845
RSI14 below 25,2025,hour,22:00,293.0,0.06221633712300183,0.05188342269492967
RSI14 below 25,2025,hour,23:00,407.0,-0.09061256997211681,0.04733047614872276
RSI14 below 25,2025,weekday,Mon,1233.0,-0.03194341641245232,0.022994851431852245
RSI14 below 25,2025,weekday,Tue,1055.0,-0.020176946929858674,0.028965804977997004
RSI14 below 25,2025,weekday,Wed,1007.0,0.056312273079836495,0.026054046756829274
RSI14 below 25,2025,weekday,Thu,1202.0,-0.005784662348868231,0.024751063864447295
RSI14 below 25,2025,weekday,Fri,1263.0,-0.023956408304078743,0.023528995475356605
RSI14 below 25,2025,weekday,Sat,1613.0,0.045826467272872,0.01877907113354164
RSI14 below 25,2025,weekday,Sun,1808.0,-0.018109254105969152,0.019173162734198758
RSI14 below 25,2025,session,Asia 00-08,3275.0,0.005581889581121328,0.014635119419431833
RSI14 below 25,2025,session,Europe 08-13,1838.0,0.007283872320408051,0.019651324754209873
RSI14 below 25,2025,session,overlap 13-17,1435.0,-0.02995286053191955,0.02574817301889457
RSI14 below 25,2025,session,US 17-21,1460.0,0.027368985680671743,0.023268311278419943
RSI14 below 25,2025,session,late 21-24,1173.0,-0.02442012782059541,0.02814493288759853
RSI14 below 25,2025,month,Jan,601.0,0.05993913132833648,0.03531107744371492
RSI14 below 25,2025,month,Feb,500.0,-0.0003570417165885939,0.03315222201021393
RSI14 below 25,2025,month,Mar,627.0,-0.020092288925520025,0.037077038892138335
RSI14 below 25,2025,month,Apr,580.0,-0.03304669688900244,0.040088744921070285
RSI14 below 25,2025,month,May,625.0,0.026442958283411356,0.03293641925981323
RSI14 below 25,2025,month,Jun,1002.0,0.01149525369259294,0.027844638946632215
RSI14 below 25,2025,month,Jul,1120.0,0.01264295828341134,0.02308655372059607
RSI14 below 25,2025,month,Aug,799.0,-0.0379515348329841,0.02934710250304279
RSI14 below 25,2025,month,Sep,1149.0,-0.008832237539042899,0.02449075414128915
RSI14 below 25,2025,month,Oct,751.0,-0.009760503767187814,0.032336058453127606
RSI14 below 25,2025,month,Nov,734.0,0.005762849291585785,0.03173181858461096
RSI14 below 25,2025,month,Dec,693.0,-0.003915483275030225,0.03908861895553801
RSI14 below 25,2025,event slot,"funding hours (00, 08, 16)",1086.0,0.014070214268678357,0.029434019028363893
RSI14 below 25,2025,event slot,"funding settlement window (00:00, 08:00, 16:00 +15 min)",262.0,-0.0852578050753672,0.062190359460712434
RSI14 below 25,2025,event slot,US equity open window (13:30 +15 min),132.0,0.00582477646522957,0.06340063373396161
RSI14 below 25,2025,event slot,US equity close window (20:00 +15 min),103.0,0.13667208449700363,0.08319052734625616
RSI14 below 25,2025,event slot,first hour of the week (Mon 00-01),113.0,-0.1552773956988895,0.11298627912681045
RSI14 below 25,2025,event slot,"weekend (Sat, Sun)",3421.0,0.012036410490368445,0.012262601893779534
RSI14 above 75,2025,hour,00:00,392.0,0.028738468878698912,0.046536170240871484
RSI14 above 75,2025,hour,01:00,267.0,0.11393490700451095,0.05179432331185737
RSI14 above 75,2025,hour,02:00,456.0,-0.08252182471242173,0.04898018356288068
RSI14 above 75,2025,hour,03:00,403.0,-0.02414931154364372,0.04561391028146453
RSI14 above 75,2025,hour,04:00,439.0,0.04473609799868396,0.053516514639156174
RSI14 above 75,2025,hour,05:00,474.0,0.04336647197867304,0.041315395597779046
RSI14 above 75,2025,hour,06:00,491.0,-0.025892854118931902,0.04814539858483082
RSI14 above 75,2025,hour,07:00,607.0,-0.032885274523109936,0.044046164889117
RSI14 above 75,2025,hour,08:00,542.0,-0.026790938456190856,0.036883311781196304
RSI14 above 75,2025,hour,09:00,489.0,-0.023768730319999008,0.044855798577462566
RSI14 above 75,2025,hour,10:00,362.0,-0.0811527251679806,0.05629614738865983
RSI14 above 75,2025,hour,11:00,413.0,-0.04645177671106243,0.04149144867362019
RSI14 above 75,2025,hour,12:00,359.0,0.08985637007817589,0.05471047792802417
RSI14 above 75,2025,hour,13:00,465.0,0.007447049084974976,0.04550168031851156
RSI14 above 75,2025,hour,14:00,426.0,-0.01941952671390429,0.044249441362153176
RSI14 above 75,2025,hour,15:00,360.0,-0.0007966785135913583,0.05411693061200776
RSI14 above 75,2025,hour,16:00,309.0,0.06964560843354993,0.056309290274394186
RSI14 above 75,2025,hour,17:00,350.0,-0.08238398010089293,0.05602890699469953
RSI14 above 75,2025,hour,18:00,269.0,0.10531649785980803,0.04619764881535469
RSI14 above 75,2025,hour,19:00,508.0,-0.02949309146197286,0.04491041578742202
RSI14 above 75,2025,hour,20:00,442.0,0.04978150147635328,0.04286185609450963
RSI14 above 75,2025,hour,21:00,549.0,-0.0479733633951943,0.04609966091546421
RSI14 above 75,2025,hour,22:00,493.0,-0.007715767988461835,0.043189325900857486
RSI14 above 75,2025,hour,23:00,358.0,0.1335298267626346,0.03739334251205984
RSI14 above 75,2025,weekday,Mon,1338.0,-0.0018928419415933063,0.022804776041399664
RSI14 above 75,2025,weekday,Tue,1229.0,0.003172221224226177,0.02854468824298661
RSI14 above 75,2025,weekday,Wed,1309.0,-0.02194089377545365,0.026484332711978607
RSI14 above 75,2025,weekday,Thu,1228.0,0.0019901474002704486,0.025853315831711122
RSI14 above 75,2025,weekday,Fri,1173.0,-0.0038941493859982893,0.03166391548746032
RSI14 above 75,2025,weekday,Sat,1786.0,0.021388216347675335,0.020970538653220384
RSI14 above 75,2025,weekday,Sun,2160.0,-0.0040374192543320775,0.01992166477608736
RSI14 above 75,2025,session,Asia 00-08,3529.0,0.0005225494704142226,0.015137953984876672
RSI14 above 75,2025,session,Europe 08-13,2165.0,-0.01960601903193876,0.0187981153899494
RSI14 above 75,2025,session,overlap 13-17,1560.0,0.010528107811194964,0.02567539722079673
RSI14 above 75,2025,session,US 17-21,1569.0,0.0041533958437488154,0.024313551640951725
RSI14 above 75,2025,session,late 21-24,1400.0,0.012616019899107036,0.025711934376282972
RSI14 above 75,2025,month,Jan,728.0,0.023440195723282837,0.028991178874518235
RSI14 above 75,2025,month,Feb,543.0,0.0938012343163657,0.036694225899417704
RSI14 above 75,2025,month,Mar,520.0,0.04129733858042574,0.04135722677918824
RSI14 above 75,2025,month,Apr,607.0,-0.02629548869114948,0.03586915846182957
RSI14 above 75,2025,month,May,869.0,-0.013595553337782718,0.029548873564653255
RSI14 above 75,2025,month,Jun,1242.0,-0.053292652748696004,0.029857559680604922
RSI14 above 75,2025,month,Jul,1458.0,-0.02123563598958583,0.029379778025517906
RSI14 above 75,2025,month,Aug,897.0,0.012172477933825953,0.03404511093215718
RSI14 above 75,2025,month,Sep,1351.0,-0.011562366481351874,0.021159171941394377
RSI14 above 75,2025,month,Oct,817.0,0.02024235317415512,0.025290281847573655
RSI14 above 75,2025,month,Nov,496.0,0.03943629639680293,0.03963045737639694
RSI14 above 75,2025,month,Dec,695.0,0.005838013732611648,0.03558879290415898
RSI14 above 75,2025,event slot,"funding hours (00, 08, 16)",1243.0,0.014694516623621475,0.024588530720049823
RSI14 above 75,2025,event slot,"funding settlement window (00:00, 08:00, 16:00 +15 min)",384.0,0.032883877041964174,0.04455114086965759
RSI14 above 75,2025,event slot,US equity open window (13:30 +15 min),143.0,-0.16062573834265123,0.0778205160147223
RSI14 above 75,2025,event slot,US equity close window (20:00 +15 min),102.0,0.08220985743412103,0.09118045480453668
RSI14 above 75,2025,event slot,first hour of the week (Mon 00-01),106.0,-0.007505273901431995,0.10552681054730781
RSI14 above 75,2025,event slot,"weekend (Sat, Sun)",3946.0,0.007470483732283495,0.012687025845295368
reversal at the open,2026,hour,00:00,972.0,0.032450274348422466,0.01465665621114537
reversal at the open,2026,hour,01:00,972.0,0.0015860768175583416,0.016227465313763192
reversal at the open,2026,hour,02:00,972.0,0.010845336076817536,0.015429573486261864
reversal at the open,2026,hour,03:00,972.0,-0.01693244170096026,0.016087553580791954
reversal at the open,2026,hour,04:00,972.0,0.0005572702331960907,0.014505776626939648
reversal at the open,2026,hour,05:00,972.0,-0.013846021947873826,0.0144999075516703
reversal at the open,2026,hour,06:00,972.0,-0.020018861454046587,0.01557973093377355
reversal at the open,2026,hour,07:00,972.0,-0.01693244170096026,0.015219811984893078
reversal at the open,2026,hour,08:00,972.0,-0.02413408779149522,0.01591724046490456
reversal at the open,2026,hour,09:00,972.0,-0.02413408779149522,0.015688398588322452
reversal at the open,2026,hour,10:00,972.0,-0.003557956104252381,0.01487332441988787
reversal at the open,2026,hour,11:00,972.0,-0.00047153635116594744,0.01519477376041606
reversal at the open,2026,hour,12:00,972.0,-0.0025291495198902364,0.015188131353994825
reversal at the open,2026,hour,13:00,972.0,0.017018175582990402,0.015140977573068627
reversal at the open,2026,hour,14:00,972.0,-0.028249314128943742,0.015944763972949857
reversal at the open,2026,hour,15:00,972.0,0.00570130315500692,0.015449486146806586
reversal at the open,2026,hour,16:00,972.0,0.026277434842249703,0.014091858983475316
reversal at the open,2026,hour,17:00,972.0,-0.022076474622770875,0.014387561827697655
reversal at the open,2026,hour,18:00,972.0,0.009816529492455392,0.014748544922410326
reversal at the open,2026,hour,19:00,972.0,0.059199245541838114,0.015452363953069257
reversal at the open,2026,hour,20:00,972.0,-0.03133573388203013,0.014328975318659598
reversal at the open,2026,hour,21:00,972.0,0.03450788751714676,0.01558295738276562
reversal at the open,2026,hour,22:00,972.0,0.025248628257887453,0.015411684264097388
reversal at the open,2026,hour,23:00,972.0,-0.018990054869684442,0.015624596666067667
reversal at the open,2026,weekday,Mon,3360.0,-0.008981236527532892,0.007962007601646866
reversal at the open,2026,weekday,Tue,3264.0,-0.013498043250221945,0.007075403293335448
reversal at the open,2026,weekday,Wed,3264.0,-0.005532356975712039,0.008053035656427898
reversal at the open,2026,weekday,Thu,3360.0,0.009173525377229107,0.00768503439469287
reversal at the open,2026,weekday,Fri,3360.0,-0.008683617479913804,0.00697637048995424
reversal at the open,2026,weekday,Sat,3360.0,0.0058997158534196134,0.006215570204945308
reversal at the open,2026,weekday,Sun,3360.0,0.02107828728199092,0.007194827802809196
reversal at the open,2026,session,Asia 00-08,7776.0,-0.002786351165980768,0.00418158455213912
reversal at the open,2026,session,Europe 08-13,4860.0,-0.010965363511659863,0.00610469275839331
reversal at the open,2026,session,overlap 13-17,3888.0,0.005186899862825722,0.007229754430326177
reversal at the open,2026,session,US 17-21,3888.0,0.0039008916323731344,0.006244894133295845
reversal at the open,2026,session,late 21-24,2916.0,0.013588820301783225,0.00808987484627409
reversal at the open,2026,month,Jan,2976.0,0.01085363290411083,0.009763379010414215
reversal at the open,2026,month,Feb,2688.0,0.008057453948657726,0.006836718747856199
reversal at the open,2026,month,Mar,2976.0,-0.01098776494535159,0.007916002260884234
reversal at the open,2026,month,Apr,2880.0,0.008131858710562323,0.007369101242061128
reversal at the open,2026,month,May,2976.0,-0.0025872273109429594,0.00805517294956394
reversal at the open,2026,month,Jun,2880.0,0.003617969821673507,0.008203464582070934
reversal at the open,2026,month,Jul,2976.0,-0.004267334837824647,0.008049014863203557
reversal at the open,2026,month,Aug,2976.0,-0.011659807956104324,0.007285406930384488
reversal at the open,2026,month,Sep,0.0,,
reversal at the open,2026,month,Oct,0.0,,
reversal at the open,2026,month,Nov,0.0,,
reversal at the open,2026,month,Dec,0.0,,
reversal at the open,2026,event slot,"funding hours (00, 08, 16)",2916.0,0.01153120713305901,0.008636940602641807
reversal at the open,2026,event slot,"funding settlement window (00:00, 08:00, 16:00 +15 min)",729.0,-0.02413408779149514,0.018311992605979696
reversal at the open,2026,event slot,US equity open window (13:30 +15 min),243.0,0.05405521262002752,0.0311929181404764
reversal at the open,2026,event slot,US equity close window (20:00 +15 min),243.0,-0.10643861454046635,0.03131110768357357
reversal at the open,2026,event slot,first hour of the week (Mon 00-01),140.0,0.00649495394865761,0.04258003363884891
reversal at the open,2026,event slot,"weekend (Sat, Sun)",6720.0,0.01348900156770533,0.0044911497918853375
lead sign at minute 3,2026,hour,00:00,972.0,0.006387174211248278,0.014684141684415106
lead sign at minute 3,2026,hour,01:00,972.0,0.008444787379972568,0.015794201655076286
lead sign at minute 3,2026,hour,02:00,972.0,0.0022719478737997004,0.015179343024931511
lead sign at minute 3,2026,hour,03:00,972.0,0.006387174211248278,0.015719818570892517
lead sign at minute 3,2026,hour,04:00,972.0,-0.011102537722908073,0.01500250747351829
lead sign at minute 3,2026,hour,05:00,972.0,-0.020361796982167266,0.01627005143674871
lead sign at minute 3,2026,hour,06:00,972.0,0.031078532235939642,0.014945627324505642
lead sign at minute 3,2026,hour,07:00,972.0,0.020790466392318196,0.014091752731441394
lead sign at minute 3,2026,hour,08:00,972.0,0.0012431412894376623,0.014170071739045376
lead sign at minute 3,2026,hour,09:00,972.0,0.008444787379972568,0.014483272899113863
lead sign at minute 3,2026,hour,10:00,972.0,0.005358367626886134,0.014317859878172075
lead sign at minute 3,2026,hour,11:00,972.0,-0.03579389574759943,0.016241749452323737
lead sign at minute 3,2026,hour,12:00,972.0,-0.014188957475994506,0.015184710456841754
lead sign at minute 3,2026,hour,13:00,972.0,-0.009044924554183783,0.014798086892180899
lead sign at minute 3,2026,hour,14:00,972.0,-0.003900891632373167,0.015534101822112848
lead sign at minute 3,2026,hour,15:00,972.0,-0.010073731138545927,0.0150319233043263
lead sign at minute 3,2026,hour,16:00,972.0,-0.01316015089163236,0.014204240442205052
lead sign at minute 3,2026,hour,17:00,972.0,0.006387174211248278,0.01437453483107362
lead sign at minute 3,2026,hour,18:00,972.0,0.032107338820301784,0.014578059942053122
lead sign at minute 3,2026,hour,19:00,972.0,-0.01727537722908094,0.01567480856967265
lead sign at minute 3,2026,hour,20:00,972.0,0.017704046639231762,0.015568377723436779
lead sign at minute 3,2026,hour,21:00,972.0,-0.026534636488340133,0.015422582094665864
lead sign at minute 3,2026,hour,22:00,972.0,0.02387688614540463,0.013564136216496877
lead sign at minute 3,2026,hour,23:00,972.0,-0.009044924554183783,0.015090246198116124
lead sign at minute 3,2026,weekday,Mon,3360.0,-0.004139721732314334,0.0073389377875170475
lead sign at minute 3,2026,weekday,Tue,3264.0,-0.0052776769143871635,0.00867488282423753
lead sign at minute 3,2026,weekday,Wed,3264.0,-0.012630618090857759,0.007079724855509532
lead sign at minute 3,2026,weekday,Thu,3360.0,0.003003135410542831,0.0073127595872609415
lead sign at minute 3,2026,weekday,Fri,3360.0,0.01133646874387616,0.006904184312870336
lead sign at minute 3,2026,weekday,Sat,3360.0,-0.0035444836370762526,0.007342344346384463
lead sign at minute 3,2026,weekday,Sun,3360.0,0.010741230648638076,0.008512229811341365
lead sign at minute 3,2026,session,Asia 00-08,7776.0,0.005486968449931388,0.004433066861607935
lead sign at minute 3,2026,session,Europe 08-13,4860.0,-0.006987311385459595,0.005831640862931676
lead sign at minute 3,2026,session,overlap 13-17,3888.0,-0.009044924554183764,0.006971090695995166
lead sign at minute 3,2026,session,US 17-21,3888.0,0.009730795610425244,0.007182348803659237
lead sign at minute 3,2026,session,late 21-24,2916.0,-0.003900891632373185,0.008430623079708287
lead sign at minute 3,2026,month,Jan,2976.0,-0.005435804681623055,0.008139788677373973
lead sign at minute 3,2026,month,Feb,2688.0,-0.00785995982755242,0.008375186955785765
lead sign at minute 3,2026,month,Mar,2976.0,-0.012492256294526317,0.00898753599332092
lead sign at minute 3,2026,month,Apr,2880.0,-0.005032578875171476,0.008585164259684957
lead sign at minute 3,2026,month,May,2976.0,0.0009486039205274733,0.007228232953754054
lead sign at minute 3,2026,month,Jun,2880.0,0.009203532235939622,0.009059535266244164
lead sign at minute 3,2026,month,Jul,2976.0,0.008005055533430734,0.007456213303829373
lead sign at minute 3,2026,month,Aug,2976.0,0.012037313597946842,0.007808484004244682
lead sign at minute 3,2026,month,Sep,0.0,,
lead sign at minute 3,2026,month,Oct,0.0,,
lead sign at minute 3,2026,month,Nov,0.0,,
lead sign at minute 3,2026,month,Dec,0.0,,
lead sign at minute 3,2026,event slot,"funding hours (00, 08, 16)",2916.0,-0.001843278463648776,0.008556373607231825
lead sign at minute 3,2026,event slot,"funding settlement window (00:00, 08:00, 16:00 +15 min)",729.0,-0.03373628257887515,0.01780893928734926
lead sign at minute 3,2026,event slot,US equity open window (13:30 +15 min),243.0,0.023876886145404667,0.029866301188920932
lead sign at minute 3,2026,event slot,US equity close window (20:00 +15 min),243.0,0.015646433470507527,0.029853269879656984
lead sign at minute 3,2026,event slot,first hour of the week (Mon 00-01),140.0,0.02949123064863802,0.040407537071547574
lead sign at minute 3,2026,event slot,"weekend (Sat, Sun)",6720.0,0.0035983735057808592,0.005105792334959407
3-sd drop (5-min move < -3 sd),2026,hour,00:00,57.0,,
3-sd drop (5-min move < -3 sd),2026,hour,01:00,115.0,0.03066061522945035,0.0744846402891903
3-sd drop (5-min move < -3 sd),2026,hour,02:00,64.0,,
3-sd drop (5-min move < -3 sd),2026,hour,03:00,76.0,,
3-sd drop (5-min move < -3 sd),2026,hour,04:00,73.0,,
3-sd drop (5-min move < -3 sd),2026,hour,05:00,89.0,,
3-sd drop (5-min move < -3 sd),2026,hour,06:00,108.0,-0.041561606992771866,0.07521575684680555
3-sd drop (5-min move < -3 sd),2026,hour,07:00,79.0,,
3-sd drop (5-min move < -3 sd),2026,hour,08:00,91.0,,
3-sd drop (5-min move < -3 sd),2026,hour,09:00,83.0,,
3-sd drop (5-min move < -3 sd),2026,hour,10:00,75.0,,
3-sd drop (5-min move < -3 sd),2026,hour,11:00,88.0,,
3-sd drop (5-min move < -3 sd),2026,hour,12:00,117.0,0.07168625625509135,0.05801881362696061
3-sd drop (5-min move < -3 sd),2026,hour,13:00,162.0,0.07880876337759846,0.05618264054424825
3-sd drop (5-min move < -3 sd),2026,hour,14:00,81.0,,
3-sd drop (5-min move < -3 sd),2026,hour,15:00,61.0,,
3-sd drop (5-min move < -3 sd),2026,hour,16:00,52.0,,
3-sd drop (5-min move < -3 sd),2026,hour,17:00,72.0,,
3-sd drop (5-min move < -3 sd),2026,hour,18:00,61.0,,
3-sd drop (5-min move < -3 sd),2026,hour,19:00,44.0,,
3-sd drop (5-min move < -3 sd),2026,hour,20:00,58.0,,
3-sd drop (5-min move < -3 sd),2026,hour,21:00,80.0,,
3-sd drop (5-min move < -3 sd),2026,hour,22:00,95.0,,
3-sd drop (5-min move < -3 sd),2026,hour,23:00,102.0,-0.09875114947643204,0.07741891230494785
3-sd drop (5-min move < -3 sd),2026,weekday,Mon,230.0,-0.04325242824881055,0.05291115593201862
3-sd drop (5-min move < -3 sd),2026,weekday,Tue,269.0,0.029173626381866703,0.03595074630359651
3-sd drop (5-min move < -3 sd),2026,weekday,Wed,245.0,0.006170819311083013,0.043510278255607986
3-sd drop (5-min move < -3 sd),2026,weekday,Thu,257.0,-0.04793860656043289,0.04223815324474931
3-sd drop (5-min move < -3 sd),2026,weekday,Fri,263.0,0.05803704108496363,0.03810930116743469
3-sd drop (5-min move < -3 sd),2026,weekday,Sat,308.0,-0.03037834580951069,0.0445318984647375
3-sd drop (5-min move < -3 sd),2026,weekday,Sun,411.0,0.017035311093197204,0.035361409408584094
3-sd drop (5-min move < -3 sd),2026,session,Asia 00-08,661.0,0.008572869389813425,0.022719634361544817
3-sd drop (5-min move < -3 sd),2026,session,Europe 08-13,454.0,-0.023083878162620107,0.030862180251370417
3-sd drop (5-min move < -3 sd),2026,session,overlap 13-17,356.0,0.0036943230946188703,0.03429428333341633
3-sd drop (5-min move < -3 sd),2026,session,US 17-21,235.0,0.10300104076136522,0.04292999441449916
3-sd drop (5-min move < -3 sd),2026,session,late 21-24,277.0,-0.07475454722542332,0.03990093178722233
3-sd drop (5-min move < -3 sd),2026,month,Jan,281.0,-0.021296680144215183,0.04065996351186844
3-sd drop (5-min move < -3 sd),2026,month,Feb,233.0,-0.05431792554308193,0.04930685050164934
3-sd drop (5-min move < -3 sd),2026,month,Mar,276.0,0.057472209432348924,0.04557332443598692
3-sd drop (5-min move < -3 sd),2026,month,Apr,241.0,-0.029920297633620252,0.05347885771139938
3-sd drop (5-min move < -3 sd),2026,month,May,258.0,-0.04608357081706124,0.03384134308492929
3-sd drop (5-min move < -3 sd),2026,month,Jun,257.0,0.06490186036563712,0.04415193307460039
3-sd drop (5-min move < -3 sd),2026,month,Jul,213.0,0.031599582365600544,0.043340884753028865
3-sd drop (5-min move < -3 sd),2026,month,Aug,224.0,-0.006839384770549662,0.05283269466301701
3-sd drop (5-min move < -3 sd),2026,month,Sep,0.0,,
3-sd drop (5-min move < -3 sd),2026,month,Oct,0.0,,
3-sd drop (5-min move < -3 sd),2026,month,Nov,0.0,,
3-sd drop (5-min move < -3 sd),2026,month,Dec,0.0,,
3-sd drop (5-min move < -3 sd),2026,event slot,"funding hours (00, 08, 16)",200.0,0.005660615229450287,0.044320472242373656
3-sd drop (5-min move < -3 sd),2026,event slot,"funding settlement window (00:00, 08:00, 16:00 +15 min)",49.0,,
3-sd drop (5-min move < -3 sd),2026,event slot,US equity open window (13:30 +15 min),82.0,,
3-sd drop (5-min move < -3 sd),2026,event slot,US equity close window (20:00 +15 min),22.0,,
3-sd drop (5-min move < -3 sd),2026,event slot,first hour of the week (Mon 00-01),6.0,,
3-sd drop (5-min move < -3 sd),2026,event slot,"weekend (Sat, Sun)",719.0,-0.0032754070236790363,0.024083864657525374
3-sd rise (5-min move > +3 sd),2026,hour,00:00,95.0,,
3-sd rise (5-min move > +3 sd),2026,hour,01:00,82.0,,
3-sd rise (5-min move > +3 sd),2026,hour,02:00,74.0,,
3-sd rise (5-min move > +3 sd),2026,hour,03:00,85.0,,
3-sd rise (5-min move > +3 sd),2026,hour,04:00,64.0,,
3-sd rise (5-min move > +3 sd),2026,hour,05:00,77.0,,
3-sd rise (5-min move > +3 sd),2026,hour,06:00,78.0,,
3-sd rise (5-min move > +3 sd),2026,hour,07:00,75.0,,
3-sd rise (5-min move > +3 sd),2026,hour,08:00,114.0,-0.03392916252896392,0.06629076683530047
3-sd rise (5-min move > +3 sd),2026,hour,09:00,90.0,,
3-sd rise (5-min move > +3 sd),2026,hour,10:00,76.0,,
3-sd rise (5-min move > +3 sd),2026,hour,11:00,101.0,0.015141534014374593,0.06935225925312712
3-sd rise (5-min move > +3 sd),2026,hour,12:00,124.0,0.051950860108274384,0.051132017047853924
3-sd rise (5-min move > +3 sd),2026,hour,13:00,146.0,-0.041619621553236924,0.06154777303757435
3-sd rise (5-min move > +3 sd),2026,hour,14:00,148.0,-0.07577363858396627,0.05872918600466884
3-sd rise (5-min move > +3 sd),2026,hour,15:00,74.0,,
3-sd rise (5-min move > +3 sd),2026,hour,16:00,57.0,,
3-sd rise (5-min move > +3 sd),2026,hour,17:00,66.0,,
3-sd rise (5-min move > +3 sd),2026,hour,18:00,46.0,,
3-sd rise (5-min move > +3 sd),2026,hour,19:00,51.0,,
3-sd rise (5-min move > +3 sd),2026,hour,20:00,65.0,,
3-sd rise (5-min move > +3 sd),2026,hour,21:00,99.0,,
3-sd rise (5-min move > +3 sd),2026,hour,22:00,69.0,,
3-sd rise (5-min move > +3 sd),2026,hour,23:00,58.0,,
3-sd rise (5-min move > +3 sd),2026,weekday,Mon,322.0,0.008622869725585446,0.03866804795681557
3-sd rise (5-min move > +3 sd),2026,weekday,Tue,277.0,-0.020280419733346714,0.03832873017336273
3-sd rise (5-min move > +3 sd),2026,weekday,Wed,276.0,-0.036408186175035606,0.048372919202084516
3-sd rise (5-min move > +3 sd),2026,weekday,Thu,238.0,0.040226815651781975,0.039925053935199746
3-sd rise (5-min move > +3 sd),2026,weekday,Fri,231.0,-0.006246319056646769,0.040631091174936435
3-sd rise (5-min move > +3 sd),2026,weekday,Sat,271.0,0.036149169833307106,0.043777569138968776
3-sd rise (5-min move > +3 sd),2026,weekday,Sun,399.0,-0.012625904383600525,0.03671396772092702
3-sd rise (5-min move > +3 sd),2026,session,Asia 00-08,630.0,0.002411689601361868,0.023504400479777036
3-sd rise (5-min move > +3 sd),2026,session,Europe 08-13,505.0,-0.03832381252027881,0.027392433696060575
3-sd rise (5-min move > +3 sd),2026,session,overlap 13-17,425.0,-0.023134528886033037,0.031186433448474164
3-sd rise (5-min move > +3 sd),2026,session,US 17-21,228.0,0.07133399536577294,0.042018526261283044
3-sd rise (5-min move > +3 sd),2026,session,late 21-24,226.0,0.05045214472146305,0.04274609525477177
3-sd rise (5-min move > +3 sd),2026,month,Jan,196.0,0.0636361793972803,0.048942028553964664
3-sd rise (5-min move > +3 sd),2026,month,Feb,189.0,-0.0716623844727122,0.049992590509878164
3-sd rise (5-min move > +3 sd),2026,month,Mar,275.0,-0.0017441545544823135,0.03916470256369689
3-sd rise (5-min move > +3 sd),2026,month,Apr,238.0,0.0486301769963199,0.03880014999225263
3-sd rise (5-min move > +3 sd),2026,month,May,252.0,0.05003073722040957,0.0411463680073063
3-sd rise (5-min move > +3 sd),2026,month,Jun,193.0,0.04238208190336033,0.04788230565083215
3-sd rise (5-min move > +3 sd),2026,month,Jul,278.0,-0.0042686803883605915,0.040744476164722286
3-sd rise (5-min move > +3 sd),2026,month,Aug,393.0,-0.07537820498242578,0.038559096906621654
3-sd rise (5-min move > +3 sd),2026,month,Sep,0.0,,
3-sd rise (5-min move > +3 sd),2026,month,Oct,0.0,,
3-sd rise (5-min move > +3 sd),2026,month,Nov,0.0,,
3-sd rise (5-min move > +3 sd),2026,month,Dec,0.0,,
3-sd rise (5-min move > +3 sd),2026,event slot,"funding hours (00, 08, 16)",266.0,0.03624627606752731,0.03498585672081939
3-sd rise (5-min move > +3 sd),2026,event slot,"funding settlement window (00:00, 08:00, 16:00 +15 min)",98.0,,
3-sd rise (5-min move > +3 sd),2026,event slot,US equity open window (13:30 +15 min),73.0,,
3-sd rise (5-min move > +3 sd),2026,event slot,US equity close window (20:00 +15 min),18.0,,
3-sd rise (5-min move > +3 sd),2026,event slot,first hour of the week (Mon 00-01),26.0,,
3-sd rise (5-min move > +3 sd),2026,event slot,"weekend (Sat, Sun)",670.0,0.007102521157865069,0.025327645980512622
4-hour low (rangepos <= 0.02),2026,hour,00:00,237.0,0.05276542971628011,0.03972790952012722
4-hour low (rangepos <= 0.02),2026,hour,01:00,236.0,0.1104962457071261,0.04224886190127948
4-hour low (rangepos <= 0.02),2026,hour,02:00,269.0,0.0900028930513388,0.04504359140573708
4-hour low (rangepos <= 0.02),2026,hour,03:00,228.0,0.024784083946793073,0.04906905760585703
4-hour low (rangepos <= 0.02),2026,hour,04:00,240.0,-0.025873810790049145,0.05112010826370283
4-hour low (rangepos <= 0.02),2026,hour,05:00,241.0,0.013355096540518053,0.05847061765323934
4-hour low (rangepos <= 0.02),2026,hour,06:00,331.0,-0.08832345832277816,0.044904085298882776
4-hour low (rangepos <= 0.02),2026,hour,07:00,327.0,-0.039597052380263134,0.04753899115696732
4-hour low (rangepos <= 0.02),2026,hour,08:00,276.0,-0.1622868542683099,0.05287338852277171
4-hour low (rangepos <= 0.02),2026,hour,09:00,278.0,-0.01775030959100824,0.05345982121654814
4-hour low (rangepos <= 0.02),2026,hour,10:00,219.0,-0.005497098461281993,0.06662388022293908
4-hour low (rangepos <= 0.02),2026,hour,11:00,203.0,0.0046475356795732895,0.06067881867153714
4-hour low (rangepos <= 0.02),2026,hour,12:00,284.0,0.03392665869351902,0.053802931474517784
4-hour low (rangepos <= 0.02),2026,hour,13:00,341.0,-0.05557811186531789,0.041426385282154976
4-hour low (rangepos <= 0.02),2026,hour,14:00,285.0,0.024784083946793056,0.04797575775482238
4-hour low (rangepos <= 0.02),2026,hour,15:00,282.0,-0.05752274696026183,0.06268363744593107
4-hour low (rangepos <= 0.02),2026,hour,16:00,172.0,0.07945564657429212,0.045920083819040884
4-hour low (rangepos <= 0.02),2026,hour,17:00,196.0,0.009925508937842135,0.06233670048950101
4-hour low (rangepos <= 0.02),2026,hour,18:00,155.0,0.06055092039274659,0.06836260071526057
4-hour low (rangepos <= 0.02),2026,hour,19:00,153.0,0.16685494737988557,0.04492155846514309
4-hour low (rangepos <= 0.02),2026,hour,20:00,158.0,-0.046390688427179846,0.06616423867746112
4-hour low (rangepos <= 0.02),2026,hour,21:00,101.0,0.04215424201523146,0.08303181634913646
4-hour low (rangepos <= 0.02),2026,hour,22:00,208.0,-0.03324560566184397,0.07817016910032736
4-hour low (rangepos <= 0.02),2026,hour,23:00,221.0,0.021053036872092697,0.05415741082574104
4-hour low (rangepos <= 0.02),2026,weekday,Mon,762.0,-0.010027354097135734,0.03025632704712735
4-hour low (rangepos <= 0.02),2026,weekday,Tue,879.0,-0.019943776660356273,0.02808282823503737
4-hour low (rangepos <= 0.02),2026,weekday,Wed,846.0,0.0063070402737807505,0.028239733482557716
4-hour low (rangepos <= 0.02),2026,weekday,Thu,945.0,0.021943649527411277,0.02532374765041148
4-hour low (rangepos <= 0.02),2026,weekday,Fri,826.0,-0.006331841459944138,0.03268017179118324
4-hour low (rangepos <= 0.02),2026,weekday,Sat,672.0,0.0175785701623319,0.033951665724008075
4-hour low (rangepos <= 0.02),2026,weekday,Sun,711.0,-0.010525709524226191,0.025598098559255277
4-hour low (rangepos <= 0.02),2026,session,Asia 00-08,2109.0,0.011033491248831942,0.014872028231329026
4-hour low (rangepos <= 0.02),2026,session,Europe 08-13,1260.0,-0.03202460444084268,0.02379411047149082
4-hour low (rangepos <= 0.02),2026,session,overlap 13-17,1080.0,-0.013373810790049047,0.024049728016213207
4-hour low (rangepos <= 0.02),2026,session,US 17-21,662.0,0.04460705527238798,0.03511280129607946
4-hour low (rangepos <= 0.02),2026,session,late 21-24,530.0,0.003764553989825186,0.03576196360423291
4-hour low (rangepos <= 0.02),2026,month,Jan,735.0,0.036456121182740074,0.03040691266304873
4-hour low (rangepos <= 0.02),2026,month,Feb,612.0,-0.03575943170508171,0.030553135308812894
4-hour low (rangepos <= 0.02),2026,month,Mar,594.0,0.05118847877224057,0.031857221224757905
4-hour low (rangepos <= 0.02),2026,month,Apr,440.0,0.028292855876617604,0.03842685358606183
4-hour low (rangepos <= 0.02),2026,month,May,659.0,0.0049241153606844335,0.035986312902246576
4-hour low (rangepos <= 0.02),2026,month,Jun,905.0,-0.030270680034984634,0.022371978817283523
4-hour low (rangepos <= 0.02),2026,month,Jul,796.0,-0.02396845065604566,0.03384593506906423
4-hour low (rangepos <= 0.02),2026,month,Aug,900.0,-0.005040477456715746,0.027890799237155525
4-hour low (rangepos <= 0.02),2026,month,Sep,0.0,,
4-hour low (rangepos <= 0.02),2026,month,Oct,0.0,,
4-hour low (rangepos <= 0.02),2026,month,Nov,0.0,,
4-hour low (rangepos <= 0.02),2026,month,Dec,0.0,,
4-hour low (rangepos <= 0.02),2026,event slot,"funding hours (00, 08, 16)",685.0,-0.027181596678126894,0.030197880099114203
4-hour low (rangepos <= 0.02),2026,event slot,"funding settlement window (00:00, 08:00, 16:00 +15 min)",130.0,0.05136977895354068,0.06232350323160105
4-hour low (rangepos <= 0.02),2026,event slot,US equity open window (13:30 +15 min),104.0,-0.08132252873876705,0.07165380705947813
4-hour low (rangepos <= 0.02),2026,event slot,US equity close window (20:00 +15 min),42.0,,
4-hour low (rangepos <= 0.02),2026,event slot,first hour of the week (Mon 00-01),11.0,,
4-hour low (rangepos <= 0.02),2026,event slot,"weekend (Sat, Sun)",1383.0,0.0031301660718453853,0.01998317429231097
4-hour high (rangepos >= 0.98),2026,hour,00:00,207.0,0.0358928565005161,0.049550233918377685
4-hour high (rangepos >= 0.98),2026,hour,01:00,200.0,0.04253536857781092,0.0458725361372457
4-hour high (rangepos >= 0.98),2026,hour,02:00,211.0,-0.01848358876816068,0.07724642584875159
4-hour high (rangepos >= 0.98),2026,hour,03:00,177.0,0.12939977535747185,0.0451230739470588
4-hour high (rangepos >= 0.98),2026,hour,04:00,217.0,0.11338790314002281,0.030929871462574192
4-hour high (rangepos >= 0.98),2026,hour,05:00,161.0,0.026231020751723937,0.0753332906747639
4-hour high (rangepos >= 0.98),2026,hour,06:00,224.0,0.0023567971492395212,0.05826973855824726
4-hour high (rangepos >= 0.98),2026,hour,07:00,248.0,-0.026013018518963406,0.05674340851963137
4-hour high (rangepos >= 0.98),2026,hour,08:00,249.0,-0.044312020980422,0.04323552997411956
4-hour high (rangepos >= 0.98),2026,hour,09:00,302.0,-0.05597456519702354,0.06056706608958517
4-hour high (rangepos >= 0.98),2026,hour,10:00,230.0,0.03492667292563691,0.051972286429325394
4-hour high (rangepos >= 0.98),2026,hour,11:00,284.0,-0.05077449057711871,0.04915671149816762
4-hour high (rangepos >= 0.98),2026,hour,12:00,197.0,-0.07992656035619936,0.050592819263349395
4-hour high (rangepos >= 0.98),2026,hour,13:00,313.0,-0.0457234173646812,0.04908114595520473
4-hour high (rangepos >= 0.98),2026,hour,14:00,340.0,-0.15011169024571852,0.041657129969100405
4-hour high (rangepos >= 0.98),2026,hour,15:00,278.0,-0.028507796889815,0.046832454498554756
4-hour high (rangepos >= 0.98),2026,hour,16:00,218.0,0.023039955733774157,0.04673366601025073
4-hour high (rangepos >= 0.98),2026,hour,17:00,197.0,0.1231191249229886,0.05646823111811337
4-hour high (rangepos >= 0.98),2026,hour,18:00,120.0,0.0925353685778109,0.0674478444887429
4-hour high (rangepos >= 0.98),2026,hour,19:00,190.0,0.043851158051495066,0.07294958211710394
4-hour high (rangepos >= 0.98),2026,hour,20:00,207.0,-0.012416322243445198,0.059201587607536056
4-hour high (rangepos >= 0.98),2026,hour,21:00,208.0,0.028112291654734035,0.06471503091668587
4-hour high (rangepos >= 0.98),2026,hour,22:00,183.0,0.05141514999857595,0.049381762493490924
4-hour high (rangepos >= 0.98),2026,hour,23:00,211.0,0.01943110317496723,0.057278101797371604
4-hour high (rangepos >= 0.98),2026,weekday,Mon,778.0,0.043499378860587225,0.025038567158424667
4-hour high (rangepos >= 0.98),2026,weekday,Tue,749.0,0.02501200409182955,0.023446928367482838
4-hour high (rangepos >= 0.98),2026,weekday,Wed,796.0,-0.022163123884500684,0.03357599687661279
4-hour high (rangepos >= 0.98),2026,weekday,Thu,705.0,-0.012251865464742235,0.031537504801675484
4-hour high (rangepos >= 0.98),2026,weekday,Fri,806.0,-0.02911475549166799,0.023624838763799522
4-hour high (rangepos >= 0.98),2026,weekday,Sat,819.0,-0.008594057551615322,0.02475724293989948
4-hour high (rangepos >= 0.98),2026,weekday,Sun,719.0,0.005852475670995881,0.03217620088402413
4-hour high (rangepos >= 0.98),2026,session,Asia 00-08,1645.0,0.035164547909117896,0.017041816927921623
4-hour high (rangepos >= 0.98),2026,session,Europe 08-13,1262.0,-0.03967540796735554,0.023835405247701
4-hour high (rangepos >= 0.98),2026,session,overlap 13-17,1149.0,-0.059401097914791416,0.024032261555079187
4-hour high (rangepos >= 0.98),2026,session,US 17-21,714.0,0.05759139098677438,0.03358393669262367
4-hour high (rangepos >= 0.98),2026,session,late 21-24,602.0,0.03215330877714649,0.02854122591090294
4-hour high (rangepos >= 0.98),2026,month,Jan,813.0,0.032541518639311526,0.025801229712181753
4-hour high (rangepos >= 0.98),2026,month,Feb,519.0,0.03217891385719439,0.030012732428903267
4-hour high (rangepos >= 0.98),2026,month,Mar,504.0,0.006821082863525204,0.025957348090108703
4-hour high (rangepos >= 0.98),2026,month,Apr,628.0,-0.03469393078524646,0.028444707439104693
4-hour high (rangepos >= 0.98),2026,month,May,660.0,-0.01731311627067397,0.03180425698813265
4-hour high (rangepos >= 0.98),2026,month,Jun,518.0,0.0333654844079267,0.031115389119553732
4-hour high (rangepos >= 0.98),2026,month,Jul,723.0,0.009513238563979618,0.027639578302486492
4-hour high (rangepos >= 0.98),2026,month,Aug,1007.0,-0.037280917420203064,0.03012604715923097
4-hour high (rangepos >= 0.98),2026,month,Sep,0.0,,
4-hour high (rangepos >= 0.98),2026,month,Oct,0.0,,
4-hour high (rangepos >= 0.98),2026,month,Nov,0.0,,
4-hour high (rangepos >= 0.98),2026,month,Dec,0.0,,
4-hour high (rangepos >= 0.98),2026,event slot,"funding hours (00, 08, 16)",674.0,0.0021051015154962775,0.02573311866765957
4-hour high (rangepos >= 0.98),2026,event slot,"funding settlement window (00:00, 08:00, 16:00 +15 min)",207.0,-0.041401829489822045,0.05200232941816498
4-hour high (rangepos >= 0.98),2026,event slot,US equity open window (13:30 +15 min),73.0,,
4-hour high (rangepos >= 0.98),2026,event slot,US equity close window (20:00 +15 min),58.0,,
4-hour high (rangepos >= 0.98),2026,event slot,first hour of the week (Mon 00-01),23.0,,
4-hour high (rangepos >= 0.98),2026,event slot,"weekend (Sat, Sun)",1538.0,-0.0018404441660123407,0.018269860767794542
RSI14 below 25,2026,hour,00:00,210.0,-0.015093096061954116,0.06520985913052764
RSI14 below 25,2026,hour,01:00,263.0,0.09792519110081964,0.05905141882182844
RSI14 below 25,2026,hour,02:00,229.0,0.10938184675360003,0.037252810857032116
RSI14 below 25,2026,hour,03:00,258.0,-0.04809420348166627,0.05698334732923522
RSI14 below 25,2026,hour,04:00,280.0,0.03252595155709336,0.044109343013257155
RSI14 below 25,2026,hour,05:00,412.0,-0.021357543588537708,0.05489772134836754
RSI14 below 25,2026,hour,06:00,365.0,-0.008569938853865497,0.047118826800542996
RSI14 below 25,2026,hour,07:00,399.0,-0.013589336663457918,0.053207784072238945
RSI14 below 25,2026,hour,08:00,332.0,0.0018030599908283157,0.059145336461466254
RSI14 below 25,2026,hour,09:00,345.0,-0.07761897597913842,0.0582427422540118
RSI14 below 25,2026,hour,10:00,268.0,-0.08613076486081706,0.06402466608579804
RSI14 below 25,2026,hour,11:00,270.0,0.04734076637190829,0.06181825240522464
RSI14 below 25,2026,hour,12:00,306.0,0.06651287966166856,0.044601265262142066
RSI14 below 25,2026,hour,13:00,406.0,-0.02806518144783276,0.04518861549628034
RSI14 below 25,2026,hour,14:00,210.0,0.07062118965233152,0.05620158752723018
RSI14 below 25,2026,hour,15:00,248.0,-0.10779662908806792,0.07901100641209288
RSI14 below 25,2026,hour,16:00,190.0,0.053578583136040844,0.0550066445169365
RSI14 below 25,2026,hour,17:00,311.0,-0.004773083812681438,0.052046905876207486
RSI14 below 25,2026,hour,18:00,239.0,0.07269331557382978,0.053168888659834525
RSI14 below 25,2026,hour,19:00,201.0,-0.03016061560708573,0.0575691097757819
RSI14 below 25,2026,hour,20:00,254.0,-0.0005449145846388484,0.07206124626103685
RSI14 below 25,2026,hour,21:00,265.0,0.03629953646275375,0.05414233425950659
RSI14 below 25,2026,hour,22:00,324.0,-0.015004912640437459,0.0535803093055537
RSI14 below 25,2026,hour,23:00,351.0,-0.03471051567937385,0.06411695313057635
RSI14 below 25,2026,weekday,Mon,892.0,-0.02823638028147166,0.03358021161931695
RSI14 below 25,2026,weekday,Tue,948.0,0.029572365059203173,0.023772669332340277
RSI14 below 25,2026,weekday,Wed,851.0,0.0024436953878807215,0.037832840696855656
RSI14 below 25,2026,weekday,Thu,786.0,-0.002588552259700376,0.026860347991841765
RSI14 below 25,2026,weekday,Fri,789.0,0.00920529249498953,0.02472980168643157
RSI14 below 25,2026,weekday,Sat,1264.0,-0.013676580088476234,0.024115401400898916
RSI14 below 25,2026,weekday,Sun,1406.0,0.0050721819980607255,0.02066489029679418
RSI14 below 25,2026,session,Asia 00-08,2416.0,0.011168335663053683,0.017351803736647818
RSI14 below 25,2026,session,Europe 08-13,1521.0,-0.010603568495503583,0.022130813944635782
RSI14 below 25,2026,session,overlap 13-17,1054.0,-0.012445585444804133,0.029892395461864677
RSI14 below 25,2026,session,US 17-21,1005.0,0.009640379417790015,0.03390719714878699
RSI14 below 25,2026,session,late 21-24,940.0,-0.007899580357800222,0.031023389498400684
RSI14 below 25,2026,month,Jan,1080.0,-0.03043701140586954,0.028689935019100717
RSI14 below 25,2026,month,Feb,680.0,-0.0454152249134948,0.04140265378918481
RSI14 below 25,2026,month,Mar,685.0,0.08654055009723936,0.02956386338160327
RSI14 below 25,2026,month,Apr,587.0,0.004927995850108745,0.03275324422404246
RSI14 below 25,2026,month,May,870.0,-0.005405082925665205,0.026126515540075286
RSI14 below 25,2026,month,Jun,777.0,0.015537534568676433,0.028871603685101915
RSI14 below 25,2026,month,Jul,807.0,-0.039593007550713245,0.026350060312135423
RSI14 below 25,2026,month,Aug,1450.0,0.01804319293640378,0.020636360097843653
RSI14 below 25,2026,month,Sep,0.0,,
RSI14 below 25,2026,month,Oct,0.0,,
RSI14 below 25,2026,month,Nov,0.0,,
RSI14 below 25,2026,month,Dec,0.0,,
RSI14 below 25,2026,event slot,"funding hours (00, 08, 16)",732.0,0.010394804016109841,0.032523119897755096
RSI14 below 25,2026,event slot,"funding settlement window (00:00, 08:00, 16:00 +15 min)",148.0,0.10820162723276915,0.06564434856722111
RSI14 below 25,2026,event slot,US equity open window (13:30 +15 min),143.0,-0.091949572918431,0.08464792514354337
RSI14 below 25,2026,event slot,US equity close window (20:00 +15 min),85.0,,
RSI14 below 25,2026,event slot,first hour of the week (Mon 00-01),33.0,,
RSI14 below 25,2026,event slot,"weekend (Sat, Sun)",2670.0,-0.003803636457887849,0.014072444551278833
RSI14 above 75,2026,hour,00:00,185.0,0.10090957174691535,0.05550995488707446
RSI14 above 75,2026,hour,01:00,234.0,0.03546720630454987,0.06578719713006785
RSI14 above 75,2026,hour,02:00,201.0,0.05339041079491852,0.05663437579506432
RSI14 above 75,2026,hour,03:00,231.0,0.025865696703040272,0.04639490201550623
RSI14 above 75,2026,hour,04:00,343.0,-0.051261257974934755,0.05151312023325014
RSI14 above 75,2026,hour,05:00,259.0,0.04376671460405822,0.03585447401940204
RSI14 above 75,2026,hour,06:00,261.0,0.03148842646370111,0.0621426156339544
RSI14 above 75,2026,hour,07:00,254.0,0.06349735638194409,0.05546048972486498
RSI14 above 75,2026,hour,08:00,401.0,-0.04732794257538699,0.04565363282850171
RSI14 above 75,2026,hour,09:00,334.0,-0.05256186376044823,0.05278944667565315
RSI14 above 75,2026,hour,10:00,283.0,-0.09918593011537097,0.06398167643034294
RSI14 above 75,2026,hour,11:00,293.0,-0.019300740954864896,0.05145938755973979
RSI14 above 75,2026,hour,12:00,311.0,0.042736285920896344,0.05248417074378207
RSI14 above 75,2026,hour,13:00,314.0,0.005144379803379492,0.06336073252724524
RSI14 above 75,2026,hour,14:00,291.0,-0.04995882242044794,0.04541625236346986
RSI14 above 75,2026,hour,15:00,274.0,0.0071435429443901894,0.0629241904390132
RSI14 above 75,2026,hour,16:00,137.0,0.12028222907577701,0.0678305338501207
RSI14 above 75,2026,hour,17:00,211.0,-0.018265527522970625,0.059421717406468594
RSI14 above 75,2026,hour,18:00,171.0,0.17244426433423954,0.051560036973670016
RSI14 above 75,2026,hour,19:00,239.0,-0.056457837503339166,0.055672569030192166
RSI14 above 75,2026,hour,20:00,280.0,-0.10140703056968696,0.04952255123998592
RSI14 above 75,2026,hour,21:00,318.0,-0.008235422303739075,0.07559570769020882
RSI14 above 75,2026,hour,22:00,196.0,0.07410317351194577,0.060528543089932975
RSI14 above 75,2026,hour,23:00,213.0,-0.028033455787661497,0.059796930780862574
RSI14 above 75,2026,weekday,Mon,797.0,0.013595658084193746,0.02596992701212761
RSI14 above 75,2026,weekday,Tue,692.0,0.01370444754757153,0.02766068198153303
RSI14 above 75,2026,weekday,Wed,768.0,-0.02339363771254412,0.034971428038713
RSI14 above 75,2026,weekday,Thu,693.0,-0.0203103494730059,0.032311315851621995
RSI14 above 75,2026,weekday,Fri,730.0,0.0003542218764969962,0.02742881866855464
RSI14 above 75,2026,weekday,Sat,1287.0,0.017984688822032382,0.02800713336604176
RSI14 above 75,2026,weekday,Sun,1267.0,-0.009220763797784828,0.025361196830986893
RSI14 above 75,2026,session,Asia 00-08,1968.0,0.031389136677699804,0.015647752806649578
RSI14 above 75,2026,session,Europe 08-13,1622.0,-0.03512202088147134,0.02085754865061567
RSI14 above 75,2026,session,overlap 13-17,1016.0,0.005426490240211751,0.030104109246987587
RSI14 above 75,2026,session,US 17-21,901.0,-0.018039343872366474,0.02792035996539935
RSI14 above 75,2026,session,late 21-24,727.0,0.008162629481403613,0.03990546118800141
RSI14 above 75,2026,month,Jan,802.0,0.083594750691446,0.03247983194161254
RSI14 above 75,2026,month,Feb,479.0,-0.013664710259517007,0.037149488895375206
RSI14 above 75,2026,month,Mar,606.0,0.0008560528815153052,0.03239272501605121
RSI14 above 75,2026,month,Apr,666.0,0.03754620838355203,0.03278805901341854
RSI14 above 75,2026,month,May,672.0,-0.0005141734268297971,0.028307514720015706
RSI14 above 75,2026,month,Jun,490.0,-0.01569274485540128,0.0347513386501233
RSI14 above 75,2026,month,Jul,829.0,0.013223333035344932,0.02640185105967596
RSI14 above 75,2026,month,Aug,1690.0,-0.052632727949230476,0.018340815794484416
RSI14 above 75,2026,month,Sep,0.0,,
RSI14 above 75,2026,month,Oct,0.0,,
RSI14 above 75,2026,month,Nov,0.0,,
RSI14 above 75,2026,month,Dec,0.0,,
RSI14 above 75,2026,event slot,"funding hours (00, 08, 16)",723.0,0.022362975357995314,0.03331058034516252
RSI14 above 75,2026,event slot,"funding settlement window (00:00, 08:00, 16:00 +15 min)",221.0,0.0115858588937907,0.05446087252485345
RSI14 above 75,2026,event slot,US equity open window (13:30 +15 min),93.0,,
RSI14 above 75,2026,event slot,US equity close window (20:00 +15 min),71.0,,
RSI14 above 75,2026,event slot,first hour of the week (Mon 00-01),33.0,,
RSI14 above 75,2026,event slot,"weekend (Sat, Sun)",2554.0,0.004488483469914819,0.015566477526559154
