pattern,barrier_bp,horizon,years,years_held,fires,touch_share,touch_share_all,p_up_first,p_up_first_all,min_p_adj,deviation
4h return above +50 bp,5,5,9,7,1124573,0.9599901473714912,0.8949512813167145,0.49463035812905715,0.4977057058199004,0.024539877300613498,-0.0030753476908432775
4h return above +50 bp,5,15,9,8,1124557,0.997201564705035,0.9784269327101388,0.4941612415608655,0.4977783878741503,0.024539877300613498,-0.0036171463132848025
4h return above +50 bp,5,30,9,8,1124547,0.9997616818149886,0.9937782484957373,0.4942034174773675,0.4977291119337165,0.024539877300613498,-0.0035256944563489823
4h return above +50 bp,10,5,9,4,1124573,0.7875371363175179,0.6676641504085653,0.4957770316435855,0.49513510811356454,0.006134969325153374,0.0006419235300209603
4h return above +50 bp,10,15,9,8,1124557,0.9570444183798598,0.8834967955098811,0.4935201152694361,0.4953763431097,0.20245398773006135,-0.001856227840263902
4h return above +50 bp,10,30,9,8,1124547,0.9908051864439636,0.9541842058317501,0.4931677016407111,0.495453012772771,0.24539877300613497,-0.002285311132059875
4h return above +50 bp,20,5,9,8,1124573,0.43470455008256464,0.3378725024562301,0.5048732674534074,0.49027926349834133,0.006134969325153374,0.014594003955066104
4h return above +50 bp,20,15,9,7,1124557,0.7438760329623132,0.618758294756709,0.49771885257965015,0.4915393918538925,0.006134969325153374,0.006179460725757646
4h return above +50 bp,20,30,9,5,1124547,0.8873777618898988,0.7823476989485109,0.4935028758617322,0.4922277343604091,0.03680981595092025,0.0012751415013230738
4h return below -50 bp,5,5,9,8,1058815,0.9683287448704447,0.8962950842494981,0.5017952469102702,0.49781665094788674,0.03067484662576687,0.00397859596238348
4h return below -50 bp,5,15,9,8,1058798,0.9976435542945868,0.9786872715259094,0.501887166763337,0.49789592321395965,0.06134969325153374,0.003991243549377355
4h return below -50 bp,5,30,9,8,1058755,0.9996014186473736,0.9938512556288261,0.5019072975952501,0.49785311978514185,0.05521472392638037,0.00405417781010825
4h return below -50 bp,10,5,9,6,1058815,0.8242412508322984,0.6707684916803638,0.49700019783104915,0.4952015342167633,0.2883435582822086,0.001798663614285878
4h return below -50 bp,10,15,9,8,1058798,0.9662938539740347,0.8847751258294602,0.49873671415223975,0.4954343552289061,0.5460122699386503,0.003302358923333637
4h return below -50 bp,10,30,9,8,1058755,0.9928954290652701,0.9546321110734569,0.49914974220769687,0.495529008884155,0.5030674846625767,0.003620733323541847
4h return below -50 bp,20,5,9,8,1058815,0.4977470096286887,0.34163211119994424,0.4813766918706168,0.4903851926790202,0.006134969325153374,-0.009008500808403375
4h return below -50 bp,20,15,9,7,1058798,0.7842902989994315,0.6222868027630473,0.4883853804345755,0.4915381552139716,0.2392638036809816,-0.0031527747793960725
4h return below -50 bp,20,30,9,5,1058755,0.9085133009997591,0.7847380234125255,0.4915051030443505,0.4922012008871146,0.4539877300613497,-0.0006960978427640874
ADX14 above 30 (trending),5,5,9,6,1220270,0.8847968072639661,0.8753296084246348,0.49843622147085365,0.4976843940012058,0.15950920245398773,0.0007518274696478588
ADX14 above 30 (trending),5,15,9,6,1220261,0.9682912098313393,0.9724561066861845,0.49852244265814133,0.49774514122935787,0.558282208588957,0.0007773014287834612
ADX14 above 30 (trending),5,30,9,6,1220218,0.9880840964483396,0.9917162198362514,0.4987379193299639,0.49769324549031196,0.5828220858895705,0.001044673839651955
ADX14 above 30 (trending),10,5,9,6,1220270,0.6822104943987806,0.6330299440244087,0.4964559059848242,0.49536111594427396,0.5398773006134969,0.001094790040550242
ADX14 above 30 (trending),10,15,9,6,1220261,0.8709874362943665,0.8631315887089943,0.49673738418370533,0.49558724603533055,0.4049079754601227,0.0011501381483747797
ADX14 above 30 (trending),10,30,9,7,1220218,0.9398500923605454,0.9438969754871761,0.4967290078866052,0.4956658343305886,0.4233128834355828,0.0010631735560165945
ADX14 above 30 (trending),20,5,9,5,1220270,0.3775590647971351,0.308643343977648,0.49192440907651597,0.49076413071087505,0.7423312883435583,0.001160278365640921
ADX14 above 30 (trending),20,15,9,6,1220261,0.6260037811582931,0.5837311040168263,0.49255979158056595,0.49188740877953463,0.20245398773006135,0.0006723828010313238
ADX14 above 30 (trending),20,30,9,5,1220218,0.7693985828761746,0.7536498623802109,0.49396439199834624,0.49259193005039065,0.3128834355828221,0.0013724619479555944
ADX14 below 15 (ranging),5,5,9,5,591514,0.8859756489280051,0.8874778603860254,0.497767609801571,0.497665335630872,0.8343558282208589,0.00010227417069896827
ADX14 below 15 (ranging),5,15,9,5,591495,0.9814013643395126,0.9762894722280233,0.49799759115514286,0.4977366688415738,0.9202453987730062,0.0002609223135690564
ADX14 below 15 (ranging),5,30,9,5,591490,0.9958460836193342,0.9930226040271597,0.49788673285738655,0.49767986377923823,0.9815950920245399,0.00020686907814831956
ADX14 below 15 (ranging),10,5,9,5,591514,0.624358848649398,0.6526898246525477,0.49571333000490575,0.4952831754626542,0.9202453987730062,0.0004301545422515374
ADX14 below 15 (ranging),10,15,9,5,591495,0.8794833430544637,0.8755714279594414,0.49603833873742914,0.4955213060441796,0.8711656441717791,0.0005170326932495417
ADX14 below 15 (ranging),10,30,9,4,591490,0.9580212683223723,0.9504177175574959,0.4955817389431483,0.49561053049486525,0.9202453987730062,-2.8791551716977892e-05
ADX14 below 15 (ranging),20,5,9,6,591514,0.278737274181169,0.32264276560918975,0.4920117768936369,0.4905848830860345,0.9631901840490797,0.001426893807602414
ADX14 below 15 (ranging),20,15,9,6,591495,0.5866152714731316,0.6026179397928948,0.49253110452112375,0.49175562934436223,1.0,0.0007754751767615198
ADX14 below 15 (ranging),20,30,9,5,591490,0.772905712691677,0.7700146451531995,0.4935908892238542,0.49246131856519665,1.0,0.0011295706586575416
Asia early (0-3 UTC),5,5,9,7,750052,0.8824961469338126,0.8813278291590771,0.4951340107779491,0.4976586040814873,0.5153374233128835,-0.002524593303538214
Asia early (0-3 UTC),5,15,9,8,750052,0.9767256136907841,0.9744731451546355,0.4951114382370394,0.4977228201647655,0.6687116564417178,-0.0026113819277260863
Asia early (0-3 UTC),5,30,9,8,750052,0.9935297819351192,0.9924335937855037,0.49507043099794906,0.4976678736114056,0.6380368098159509,-0.002597442613456513
Asia early (0-3 UTC),10,5,9,8,750052,0.6296670097539904,0.6422338868127064,0.4915923120020621,0.49528531129243925,0.22085889570552147,-0.0036929992903771414
Asia early (0-3 UTC),10,15,9,7,750052,0.8669238932767328,0.869259930056311,0.49067993573352786,0.4955305072722865,0.06134969325153374,-0.004850571538758619
Asia early (0-3 UTC),10,30,9,7,750052,0.9466730306698735,0.9472393893119433,0.4908276645542744,0.4956109195428263,0.07975460122699386,-0.0047832549885519215
Asia early (0-3 UTC),20,5,9,6,750052,0.2967340931028782,0.31505207289628695,0.489471723505141,0.49057930811202605,0.9202453987730062,-0.001107584606885037
Asia early (0-3 UTC),20,15,9,7,750052,0.5733495810957107,0.5925297552012226,0.4865783369661376,0.491807804162781,0.558282208588957,-0.005229467196643411
Asia early (0-3 UTC),20,30,9,8,750052,0.7464535792185075,0.7614730572311739,0.4847266568167173,0.49252075729806255,0.24539877300613497,-0.0077941004813452675
EMA9 above EMA21 by 10 bp,5,5,9,9,337631,0.9981370194087629,0.9134988058234118,0.47550734787413157,0.49770914569370234,0.006134969325153374,-0.022201797819570768
EMA9 above EMA21 by 10 bp,5,15,9,9,337631,0.9999289164798256,0.9832734816022242,0.4755585964884932,0.4978191518623605,0.006134969325153374,-0.022260555373867286
EMA9 above EMA21 by 10 bp,5,30,9,9,337631,0.9999496491732098,0.9953269891009363,0.475563600748709,0.497786722082835,0.006134969325153374,-0.02222312133412596
EMA9 above EMA21 by 10 bp,10,5,9,9,337631,0.9599000091816213,0.7043114121706823,0.47440046893697013,0.49472742791916624,0.006134969325153374,-0.02032695898219611
EMA9 above EMA21 by 10 bp,10,15,9,9,337631,0.9971596210063649,0.9023271931141986,0.4741844991242189,0.49503725171625146,0.006134969325153374,-0.020852752592032564
EMA9 above EMA21 by 10 bp,10,30,9,9,337631,0.9996771623458747,0.9627714996029431,0.4742253099328978,0.49516209950899653,0.006134969325153374,-0.020936789576098735
EMA9 above EMA21 by 10 bp,20,5,9,5,337631,0.7213940663031534,0.37348692294832797,0.48540530801982207,0.4896924073746498,0.006134969325153374,-0.004287099354827739
EMA9 above EMA21 by 10 bp,20,15,9,6,337631,0.9316383862856195,0.6567504887331724,0.4774068277099676,0.4908170686934594,0.006134969325153374,-0.013410240983491806
EMA9 above EMA21 by 10 bp,20,30,9,7,337631,0.9815093993146364,0.811097806684866,0.4761016001736416,0.49155517271919347,0.006134969325153374,-0.015453572545551852
EMA9 below EMA21 by 10 bp,5,5,9,9,336192,0.998979749666857,0.9136957054348932,0.5233478494016047,0.49777664747413636,0.006134969325153374,0.025571201927468368
EMA9 below EMA21 by 10 bp,5,15,9,9,336188,0.9999524075814723,0.9833246606862496,0.5233690698364807,0.49788805013210147,0.006134969325153374,0.025481019704379215
EMA9 below EMA21 by 10 bp,5,30,9,9,336183,0.9999643051552279,0.9953601009650066,0.5233706173583468,0.49785949747768726,0.006134969325153374,0.025511119880659516
EMA9 below EMA21 by 10 bp,10,5,9,9,336192,0.9728518227679421,0.7048131744930293,0.518593121902097,0.4947560097248111,0.006134969325153374,0.023837112177285957
EMA9 below EMA21 by 10 bp,10,15,9,9,336188,0.9984472973455328,0.9024194438634393,0.5188749038217726,0.4950730150983218,0.006134969325153374,0.023801888723450793
EMA9 below EMA21 by 10 bp,10,30,9,9,336183,0.9998512714801164,0.9627642760537857,0.5189044316871825,0.4952045068345721,0.006134969325153374,0.023699924852610355
EMA9 below EMA21 by 10 bp,20,5,9,5,336192,0.7747983295259852,0.3747012151070206,0.5012391586171957,0.4896992691901631,0.006134969325153374,0.011539889427032601
EMA9 below EMA21 by 10 bp,20,15,9,8,336188,0.9496531702499792,0.657507389314746,0.5094720594517533,0.4908281021711256,0.006134969325153374,0.018643957280627732
EMA9 below EMA21 by 10 bp,20,30,9,9,336183,0.9866887974704254,0.8114617509764344,0.5109664594758901,0.49156581674571376,0.006134969325153374,0.019400642730176387
MACD histogram negative,5,5,9,8,2266952,0.882449209334825,0.8813580067133985,0.5047266579676433,0.4976630948662713,0.006134969325153374,0.007063563101371961
MACD histogram negative,5,15,9,7,2266912,0.9742826364675823,0.9744790083756115,0.5048292549419612,0.49772623522187753,0.006134969325153374,0.007103019720083648
MACD histogram negative,5,30,9,7,2266854,0.9921834401333302,0.9924367219002168,0.5048542044478129,0.4976715297527454,0.006134969325153374,0.0071826746950675036
MACD histogram negative,10,5,9,8,2266952,0.6446757584633463,0.6423928885936602,0.5003598644403613,0.4952909651776419,0.006134969325153374,0.005068899262719417
MACD histogram negative,10,15,9,8,2266912,0.8697907108877627,0.8693268405815157,0.5017648138719762,0.4955313415779326,0.006134969325153374,0.0062334722940436404
MACD histogram negative,10,30,9,8,2266854,0.947309795866871,0.9472671006497473,0.5024478541548721,0.495610412544301,0.006134969325153374,0.006837441610571149
MACD histogram negative,20,5,9,6,2266952,0.3182436152154964,0.3152345851551446,0.482139166932222,0.49058885505348915,0.006134969325153374,-0.008449688121267174
MACD histogram negative,20,15,9,6,2266912,0.594709013847913,0.5927324149190409,0.4924167373528525,0.4918123760736095,0.006134969325153374,0.0006043612792430153
MACD histogram negative,20,30,9,8,2266854,0.762745196646983,0.7616189898915526,0.4960297461855581,0.4925176849829359,0.006134969325153374,0.0035120612026222076
MACD histogram positive,5,5,9,8,2237998,0.8803479717140051,0.8814532917210149,0.49047853326959423,0.49765025633168125,0.006134969325153374,-0.007171723062087021
MACD histogram positive,5,15,9,7,2237948,0.9747116554986979,0.9745127421035813,0.490522832844948,0.49771601972049073,0.006134969325153374,-0.007193186875542712
MACD histogram positive,5,30,9,7,2237871,0.9927024390592666,0.9924458770025645,0.49038857734397134,0.4976609698069791,0.006134969325153374,-0.00727239246300776
MACD histogram positive,10,5,9,8,2237998,0.6400372118295012,0.642349616227014,0.49009475433345934,0.4952703458639354,0.006134969325153374,-0.005175591530476087
MACD histogram positive,10,15,9,8,2237948,0.8688749693916034,0.8693448432062206,0.48920320146904867,0.4955226393853819,0.006134969325153374,-0.006319437916333215
MACD histogram positive,10,30,9,8,2237871,0.9472440547288025,0.9472873028980302,0.48867771376961,0.4956052379794804,0.006134969325153374,-0.006927524209870417
MACD histogram positive,20,5,9,6,2237998,0.312080261019,0.3151282202724823,0.4992563312147684,0.4905562800254401,0.006134969325153374,0.008700051189328317
MACD histogram positive,20,15,9,6,2237948,0.5905968324554458,0.5925990129489367,0.49116320799319246,0.4917914207105297,0.006134969325153374,-0.000628212717337262
MACD histogram positive,20,30,9,8,2237871,0.7603977172946966,0.761538509721237,0.4889479708180909,0.49251343130118314,0.006134969325153374,-0.003565460483092253
OBV falling over 60 min,5,5,9,8,239577,0.8973273728279426,0.8682169819717772,0.5130187598107023,0.49792449773064545,0.006134969325153374,0.015094262080056875
OBV falling over 60 min,5,15,9,9,239571,0.9748675757917277,0.9712546023937347,0.5145303270429571,0.49794356426579867,0.006134969325153374,0.016586762777158426
OBV falling over 60 min,5,30,9,9,239565,0.9924112453822553,0.9915342091516155,0.5145299077665134,0.4978984931437269,0.006134969325153374,0.0166314146227865
OBV falling over 60 min,10,5,9,8,239577,0.7104313018361529,0.6181053021958677,0.5055273822808082,0.4957029107044061,0.024539877300613498,0.009824471576402094
OBV falling over 60 min,10,15,9,8,239571,0.8882043319099557,0.8565988237865588,0.5095921484288978,0.4958013815803416,0.03067484662576687,0.01379076684855618
OBV falling over 60 min,10,30,9,8,239565,0.9520464174649886,0.9416269412923888,0.511502690718655,0.49586408505243196,0.03680981595092025,0.015638605666222993
OBV falling over 60 min,20,5,9,5,239577,0.41614595724965253,0.29446583318189257,0.47994177218098383,0.4911675544712112,0.006134969325153374,-0.01122578229022736
OBV falling over 60 min,20,15,9,6,239571,0.6604722608329054,0.5692237861011192,0.49258076492238845,0.49233881506179256,0.0736196319018405,0.0002419498605958914
OBV falling over 60 min,20,30,9,7,239565,0.7959885626030514,0.7434180165240042,0.4980899542637729,0.49271234217988363,0.06134969325153374,0.0053776120838892605
OBV rising over 60 min,5,5,9,9,200989,0.888506336167651,0.8629207318985698,0.48513752189207765,0.49801515337253105,0.03067484662576687,-0.0128776314804534
OBV rising over 60 min,5,15,9,9,200989,0.9736055207001378,0.9696069653802082,0.48423643575305314,0.49801662711125144,0.03067484662576687,-0.013780191358198302
OBV rising over 60 min,5,30,9,9,200989,0.9904820661827264,0.9909424722783197,0.4837208355214866,0.49796336533025176,0.03067484662576687,-0.01424252980876517
OBV rising over 60 min,10,5,9,8,200989,0.6802959365935449,0.60921984567841,0.48833759764582196,0.49603376278000555,0.12883435582822086,-0.007696165134183586
OBV rising over 60 min,10,15,9,8,200989,0.8785406166506625,0.8516403619488202,0.48347993902381264,0.4960328511787601,0.03067484662576687,-0.012552912154947471
OBV rising over 60 min,10,30,9,8,200989,0.9468677390304943,0.9390538747231623,0.48192215838488583,0.4960397422627125,0.03067484662576687,-0.01411758387782669
OBV rising over 60 min,20,5,9,8,200989,0.36952271019807054,0.28579355180877425,0.5143382875419924,0.49168374684903204,0.018404907975460124,0.022654540692960357
OBV rising over 60 min,20,15,9,7,200989,0.625317803461881,0.560536262100756,0.49881210495573264,0.4927977053699972,0.03680981595092025,0.006014399585735464
OBV rising over 60 min,20,30,9,5,200989,0.7726492494614133,0.7367484186608099,0.4898038079958777,0.49314348442209466,0.03067484662576687,-0.0033396764262169643
RSI14 above 70,5,5,9,9,179989,0.8802037902316253,0.8683777347560118,0.46041174389321937,0.49773396484004034,0.006134969325153374,-0.03732222094682097
RSI14 above 70,5,15,9,9,179989,0.9578140886387502,0.9704986418829724,0.45959756660084455,0.49776099901788284,0.006134969325153374,-0.03816343241703829
RSI14 above 70,5,30,9,9,179986,0.9809540742057715,0.9910847898471302,0.4595157233492665,0.4976990862486132,0.006134969325153374,-0.03818336289934671
RSI14 above 70,10,5,9,8,179989,0.7087933151470368,0.6211858230865691,0.47267267297517535,0.49563665035291654,0.006134969325153374,-0.022963977377741196
RSI14 above 70,10,15,9,8,179989,0.8616637683413987,0.8565986253402259,0.4667937002551874,0.49576929107903206,0.006134969325153374,-0.028975590823844655
RSI14 above 70,10,30,9,9,179986,0.9253441934372674,0.9407298009951179,0.46421446723307885,0.4957898763702551,0.006134969325153374,-0.03157540913717627
RSI14 above 70,20,5,9,6,179989,0.43477656967925815,0.29740267480806215,0.5143501538521006,0.49113449020720346,0.006134969325153374,0.023215663644897133
RSI14 above 70,20,15,9,5,179989,0.6432226413836402,0.5719409501274346,0.49391470558350337,0.49230584741148875,0.006134969325153374,0.0016088581720146156
RSI14 above 70,20,30,9,6,179986,0.7629593412820997,0.7444980855973825,0.4821515302734493,0.49295345278268093,0.006134969325153374,-0.01080192250923162
RSI14 below 30,5,5,9,9,169065,0.8854819152397007,0.8684313735163061,0.5448268132744277,0.4978669878181535,0.006134969325153374,0.04695982545627425
RSI14 below 30,5,15,9,9,169064,0.9571227464155586,0.9703937036489023,0.5459326615012063,0.49789966767164556,0.006134969325153374,0.04803299382956078
RSI14 below 30,5,30,9,9,169063,0.9814329569450442,0.9910510748941486,0.5460267273520126,0.49784951129553345,0.006134969325153374,0.04817721605647918
RSI14 below 30,10,5,9,9,169065,0.7303344867358709,0.6221248698619632,0.5317374204083675,0.4957017519536698,0.006134969325153374,0.03603566845469769
RSI14 below 30,10,15,9,9,169064,0.8674229877442862,0.8565544797021167,0.5371072483711499,0.4958247905691111,0.006134969325153374,0.04128245780203876
RSI14 below 30,10,30,9,9,169063,0.9269089037814305,0.9405110409139402,0.5402075510161263,0.49586220162821826,0.006134969325153374,0.04434534938790802
RSI14 below 30,20,5,9,4,169065,0.4737645284358087,0.29994352534999935,0.4909873832623203,0.49125719399437956,0.006134969325153374,-0.0002698107320592835
RSI14 below 30,20,15,9,6,169064,0.6660909478067477,0.5735288877389718,0.5078410378390853,0.49230926131957375,0.006134969325153374,0.015531776519511542
RSI14 below 30,20,30,9,8,169063,0.7794076764283137,0.7451823480854332,0.5171415332504908,0.4929059232578128,0.006134969325153374,0.024235609992678042
RSI60 above 65,5,5,9,9,31440,0.9411577608142494,0.867299139409239,0.4761653724380947,0.4978296811381853,0.024539877300613498,-0.021664308700090618
RSI60 above 65,5,15,9,9,31440,0.9700063613231552,0.9699051663149372,0.47395245451695395,0.4978510896702089,0.024539877300613498,-0.023898635153254966
RSI60 above 65,5,30,9,9,31440,0.9818066157760814,0.9908384913820709,0.4722987686224447,0.4977861505236134,0.024539877300613498,-0.025487381901168726
RSI60 above 65,10,5,9,7,31440,0.8736641221374046,0.6206912831703454,0.4858795790145611,0.49581858850915955,0.38650306748466257,-0.009939009494598472
RSI60 above 65,10,15,9,7,31440,0.9373091603053435,0.8555807539008096,0.4855156474346043,0.49591582569841536,0.3128834355828221,-0.010400178263811066
RSI60 above 65,10,30,9,8,31440,0.9595419847328245,0.9398458325267822,0.484546087271018,0.49590795056010695,0.24539877300613497,-0.011361863289088947
RSI60 above 65,20,5,9,8,31440,0.6761132315521629,0.297646354572249,0.512811424979042,0.4913782147149698,0.2392638036809816,0.02143321026407219
RSI60 above 65,20,15,9,7,31440,0.8392811704834605,0.5718471924500648,0.5088076772368922,0.4925180260974395,0.5644171779141104,0.016289651139452743
RSI60 above 65,20,30,9,5,31440,0.8979643765903308,0.7439153030545116,0.5064791972318485,0.49321309724087825,0.5398773006134969,0.013266099990970281
RSI60 below 35,5,5,9,9,23920,0.9399247491638796,0.8709430646944784,0.5360766162089083,0.497825583818121,0.006134969325153374,0.038251032390787365
RSI60 below 35,5,15,9,9,23920,0.9658862876254181,0.9709635424725783,0.5350250069225356,0.49790043120085015,0.006134969325153374,0.03712457572168548
RSI60 below 35,5,30,9,9,23920,0.9789297658862877,0.9911835813608889,0.5359682205426705,0.497861141878782,0.006134969325153374,0.03810707866388846
RSI60 below 35,10,5,9,9,23920,0.8948578595317725,0.6252845722636382,0.5270429756160083,0.49548899331326635,0.006134969325153374,0.03155398230274198
RSI60 below 35,10,15,9,9,23920,0.9349916387959866,0.8580977507856332,0.5290417657751352,0.49573856961251683,0.006134969325153374,0.03330319616261834
RSI60 below 35,10,30,9,9,23920,0.9520903010033445,0.9411004424614944,0.5313315791682616,0.4958389872992283,0.006134969325153374,0.03549259186903325
RSI60 below 35,20,5,9,7,23920,0.7499581939799331,0.3035742272265503,0.5029881374974949,0.4910200568325898,0.04294478527607362,0.011968080664905123
RSI60 below 35,20,15,9,7,23920,0.8657608695652174,0.5762415103365534,0.5087401062200307,0.49200144351664205,0.12883435582822086,0.016738662703388696
RSI60 below 35,20,30,9,7,23920,0.9031772575250836,0.7469829002087394,0.5130556415474726,0.49273157569744436,0.12883435582822086,0.020324065850028272
US afternoon (14-17 UTC),5,5,9,5,751526,0.9312425651274873,0.881486952232016,0.49877963674017,0.4976563594849939,0.20245398773006135,0.0011232772551760806
US afternoon (14-17 UTC),5,15,9,5,751526,0.986330479584206,0.9745184151540018,0.4988937351104323,0.49772108537626236,0.147239263803681,0.0011726497341699171
US afternoon (14-17 UTC),5,30,9,6,751526,0.9960214284003481,0.9924488417075001,0.4989683194157382,0.49766626299665195,0.1411042944785276,0.0013020564190862616
US afternoon (14-17 UTC),10,5,9,3,751526,0.7493792629928971,0.6425251398268729,0.4951901281551358,0.4952772350163429,0.9938650306748467,-8.710686120710909e-05
US afternoon (14-17 UTC),10,15,9,4,751526,0.9218709665400798,0.8694139820635166,0.4968052481070252,0.4955245979171896,0.6319018404907976,0.001280650189835586
US afternoon (14-17 UTC),10,30,9,4,751526,0.9697562027128802,0.947314516453359,0.4971885284260319,0.4956062760063151,0.31901840490797545,0.0015822524197167676
US afternoon (14-17 UTC),20,5,9,7,751526,0.41346540239459445,0.3153406056892345,0.48845936301008136,0.49056662668847606,1.0,-0.0021072636783946996
US afternoon (14-17 UTC),20,15,9,6,751526,0.7045518052602305,0.5928236746508637,0.49098503732678317,0.4917960745388389,0.950920245398773,-0.0008110372120557208
US afternoon (14-17 UTC),20,30,9,3,751526,0.8428317849282659,0.761695107246725,0.49306039906462623,0.49251023359040885,0.558282208588957,0.0005501654742173789
above upper Bollinger band,5,5,9,9,227184,0.9013574899640819,0.8802165864140429,0.4700779276713078,0.4976721179401333,0.006134969325153374,-0.02759419026882548
above upper Bollinger band,5,15,9,9,227180,0.9772207060480677,0.9741166049806051,0.4700318309731785,0.49773503642071404,0.006134969325153374,-0.027703205447535517
above upper Bollinger band,5,30,9,9,227174,0.9928512946023753,0.9923063923915424,0.4695966751433545,0.49767976576305156,0.006134969325153374,-0.02808309061969705
above upper Bollinger band,10,5,9,6,227184,0.6872711106415945,0.6403957049230105,0.48365013451515415,0.4953236375210969,0.006134969325153374,-0.011673503005942776
above upper Bollinger band,10,15,9,8,227180,0.8795800686680165,0.8681435111217966,0.4774325896579926,0.49555963842270345,0.006134969325153374,-0.01812704876471083
above upper Bollinger band,10,30,9,8,227174,0.9494616461390828,0.9466500939624644,0.47547615449677877,0.4956372241708111,0.006134969325153374,-0.020161069674032306
above upper Bollinger band,20,5,9,7,227184,0.37239858440735263,0.31352152512390613,0.5244710667027294,0.490645690376277,0.006134969325153374,0.03382537632645238
above upper Bollinger band,20,15,9,5,227180,0.6201074038207589,0.5907330641374848,0.4966476320976654,0.4918547564274583,0.006134969325153374,0.004792875670207086
above upper Bollinger band,20,30,9,6,227174,0.7730462112741775,0.759984035937569,0.4861010569789176,0.4925640541902318,0.006134969325153374,-0.006462997211314214
below lower Bollinger band,5,5,9,9,234203,0.910923429674257,0.8814561450221099,0.5355520083292333,0.4976925848358758,0.006134969325153374,0.037859423493357525
below lower Bollinger band,5,15,9,9,234198,0.9782406339934585,0.9744269155778807,0.5354441075265338,0.4977579587058318,0.006134969325153374,0.03768614882070204
below lower Bollinger band,5,30,9,9,234192,0.9927538088406094,0.9924074720780162,0.5356793623419098,0.49770602014869963,0.006134969325153374,0.03797334219321019
below lower Bollinger band,10,5,9,7,234203,0.712791894211432,0.643019999352585,0.5207572568740642,0.49530737415133175,0.006134969325153374,0.02544988272273241
below lower Bollinger band,10,15,9,9,234198,0.8888205706282718,0.8694224013811584,0.524328865932434,0.49554217377554927,0.006134969325153374,0.02878669215688473
below lower Bollinger band,10,30,9,9,234192,0.9524962423993988,0.9472107552876959,0.5254580894379887,0.495623985578193,0.006134969325153374,0.02983410385979568
below lower Bollinger band,20,5,9,5,234203,0.4060537226252439,0.3163169436876478,0.4783253411930309,0.4906317811042756,0.006134969325153374,-0.012306439911244693
below lower Bollinger band,20,15,9,7,234198,0.6468031323922493,0.5935703378858229,0.49922884748401014,0.4918093377180202,0.006134969325153374,0.007419509765989929
below lower Bollinger band,20,30,9,8,234192,0.7900355264056842,0.7620674152818374,0.5064929376425662,0.4925053707368981,0.006134969325153374,0.013987566905668103
high volatility (vol60 in top decile),5,5,9,5,406011,0.9988842666824298,0.9017499312906576,0.49822542477666404,0.49852887271916296,0.04294478527607362,-0.0003034479424989245
high volatility (vol60 in top decile),5,15,9,5,406011,0.9999236473888639,0.9808754238772969,0.4982536312262307,0.49849693733379496,0.03680981595092025,-0.0002433061075642895
high volatility (vol60 in top decile),5,30,9,5,406011,0.9999359623261439,0.9947058970682185,0.4982548517584397,0.498425997463864,0.04294478527607362,-0.00017114570542431373
high volatility (vol60 in top decile),10,5,9,6,406011,0.9744933019056133,0.6835792525183383,0.49756849607476034,0.49663511113483144,0.34355828220858897,0.000933384939928894
high volatility (vol60 in top decile),10,15,9,7,406011,0.9989261374691819,0.8945483576610985,0.4977183520221113,0.4962282422669854,0.7484662576687117,0.001490109755125868
high volatility (vol60 in top decile),10,30,9,7,406011,0.9998374428279037,0.9599890281490521,0.4976683604078047,0.4960360121171294,0.7730061349693251,0.0016323482906753228
high volatility (vol60 in top decile),20,5,9,7,406011,0.7916682060338267,0.3480529512018394,0.49604057596993384,0.49225826347619445,0.3619631901840491,0.0037823124937393926
high volatility (vol60 in top decile),20,15,9,7,406011,0.9632867089807912,0.6386230497336624,0.4968576903057871,0.4933596905912721,0.6625766871165644,0.0034979997145149766
high volatility (vol60 in top decile),20,30,9,6,406011,0.9928647253399538,0.8008194455342276,0.4971017685731359,0.49342501223712704,0.7116564417177914,0.0036767563360088906
last 15 min down more than 2 sd,5,5,9,9,93758,0.9391091960152733,0.8771458936580503,0.5432507857487998,0.4978908147316812,0.006134969325153374,0.04535997101711864
last 15 min down more than 2 sd,5,15,9,9,93758,0.9822308496341645,0.9730018248671585,0.544291141530182,0.49793965729826284,0.006134969325153374,0.04635148423191915
last 15 min down more than 2 sd,5,30,9,9,93758,0.9924059813562576,0.9919214408495322,0.5440546593862171,0.49788933061324303,0.006134969325153374,0.04616532877297408
last 15 min down more than 2 sd,10,5,9,8,93758,0.8141278610891871,0.6368614300024484,0.5298901408114353,0.495631940373732,0.006134969325153374,0.03425820043770328
last 15 min down more than 2 sd,10,15,9,9,93758,0.9246037671452036,0.8653368590858985,0.5332304355762396,0.49578038497975946,0.006134969325153374,0.037450050596480156
last 15 min down more than 2 sd,10,30,9,9,93758,0.9634697839117728,0.9449165771252968,0.5351665591874223,0.4958284318960177,0.006134969325153374,0.03933812729140457
last 15 min down more than 2 sd,20,5,9,4,93758,0.5611894451673457,0.31199645363034856,0.49063697094856756,0.49109646923479483,0.006134969325153374,-0.00045949828622726674
last 15 min down more than 2 sd,20,15,9,7,93758,0.7509119221826405,0.5882055643655187,0.50509721462337,0.4921833108057455,0.006134969325153374,0.012913903817624472
last 15 min down more than 2 sd,20,30,9,7,93758,0.8494741782034599,0.757328673681809,0.5109060229894615,0.4928203400452915,0.006134969325153374,0.018085682944170012
last 15 min up more than 2 sd,5,5,9,9,98307,0.930004984385649,0.8743438544610973,0.4630903808207725,0.4978012015864592,0.006134969325153374,-0.03471082076568671
last 15 min up more than 2 sd,5,15,9,9,98307,0.9804083127345967,0.9722608985615114,0.4628894111022643,0.49783542884220444,0.006134969325153374,-0.03494601773994016
last 15 min up more than 2 sd,5,30,9,9,98307,0.9917605053556715,0.9916644389046096,0.46284538554951615,0.4977731325972614,0.006134969325153374,-0.03492774704774526
last 15 min up more than 2 sd,10,5,9,8,98307,0.7886213596183385,0.6314766619785501,0.4762132699260947,0.4956897999044372,0.006134969325153374,-0.019476529978342483
last 15 min up more than 2 sd,10,15,9,8,98307,0.914461838933138,0.8627588489393997,0.4720431969142113,0.49580551344208984,0.006134969325153374,-0.023762316527878524
last 15 min up more than 2 sd,10,30,9,9,98307,0.9576123775519546,0.9437910921469865,0.47065928891818404,0.495824597786401,0.006134969325153374,-0.02516530886821694
last 15 min up more than 2 sd,20,5,9,6,98307,0.512547427955283,0.3054858508216825,0.5162596819509591,0.4911877399036331,0.006134969325153374,0.025071942047325935
last 15 min up more than 2 sd,20,15,9,5,98307,0.7226850580324901,0.5822688073174012,0.5000789577414697,0.4923281530196654,0.006134969325153374,0.007750804721804283
last 15 min up more than 2 sd,20,30,9,5,98307,0.8296153885277753,0.7531390231151001,0.49066499409869,0.4929706910218936,0.012269938650306749,-0.002305696923203593
last 5 min down more than 2 sd,5,5,9,9,115174,0.9282997898831333,0.8771692513501503,0.5450979138425441,0.4977933851221669,0.006134969325153374,0.047304528720377215
last 5 min down more than 2 sd,5,15,9,9,115173,0.9798911203146571,0.973138173522152,0.545419992587765,0.4978440427446344,0.006134969325153374,0.04757594984313057
last 5 min down more than 2 sd,5,30,9,9,115171,0.9920987054032699,0.9919725736626958,0.5456764192491398,0.4977894518886748,0.006134969325153374,0.047886967360464994
last 5 min down more than 2 sd,10,5,9,9,115174,0.7704690294684564,0.6358443568061376,0.5316651040122755,0.49554566634039376,0.006134969325153374,0.03611943767188175
last 5 min down more than 2 sd,10,15,9,9,115173,0.9059501792954946,0.8652868712226693,0.5325855557750124,0.49571747459949594,0.006134969325153374,0.03686808117551649
last 5 min down more than 2 sd,10,30,9,9,115171,0.9565776106832449,0.9450942935518374,0.5342349853889515,0.4957707302858142,0.006134969325153374,0.038464255103137335
last 5 min down more than 2 sd,20,5,9,5,115174,0.4919860385156372,0.3099170823731523,0.48886237618088857,0.49097867722564337,0.006134969325153374,-0.002116301044754798
last 5 min down more than 2 sd,20,15,9,6,115173,0.6994434459465326,0.5866147898702042,0.5013246370864876,0.4921169570896198,0.006134969325153374,0.00920767999686778
last 5 min down more than 2 sd,20,30,9,7,115171,0.8165510414948207,0.7565173232588228,0.5084040713024084,0.49277525762946384,0.006134969325153374,0.015628813672944553
last 5 min up more than 2 sd,5,5,9,9,115372,0.9193565163124502,0.8752607629204274,0.4603339731010623,0.49777166812689283,0.006134969325153374,-0.03743769502583055
last 5 min up more than 2 sd,5,15,9,9,115370,0.9793360492329028,0.9725826425215764,0.4609179153095763,0.4978137435782984,0.006134969325153374,-0.036895828268722064
last 5 min up more than 2 sd,5,30,9,9,115370,0.9927970876311,0.9917744595742825,0.4608166784362737,0.49775388128973563,0.006134969325153374,-0.036937202853461915
last 5 min up more than 2 sd,10,5,9,8,115372,0.7464549457407343,0.6324602038463658,0.4732577046583493,0.4956181203672569,0.006134969325153374,-0.022360415708907566
last 5 min up more than 2 sd,10,15,9,8,115370,0.8984831411978851,0.8635264283529955,0.47090583590676643,0.49575918607136327,0.006134969325153374,-0.024853350164596832
last 5 min up more than 2 sd,10,30,9,9,115370,0.9541995319407125,0.9442559061238184,0.46964252656256955,0.4957956725199946,0.006134969325153374,-0.026153145957425072
last 5 min up more than 2 sd,20,5,9,6,115372,0.45925354505425925,0.30609431923528463,0.5172783828609145,0.4911065715159524,0.006134969325153374,0.02617181134496216
last 5 min up more than 2 sd,20,15,9,5,115370,0.6776805061974517,0.5830201537752957,0.5000525916486369,0.49223273517789323,0.006134969325153374,0.00781985647074368
last 5 min up more than 2 sd,20,30,9,4,115370,0.8030163820750629,0.7538805294984043,0.49242727476839854,0.49287766697911845,0.006134969325153374,-0.00045039221071990765
low volatility (vol60 in bottom decile),5,5,8,6,973307,0.694416047557451,0.8775911950204298,0.49399803319564645,0.49726172115568207,0.3558282208588957,-0.0032636879600356217
low volatility (vol60 in bottom decile),5,15,9,7,973886,0.9057220249598003,0.9719240393803449,0.4953714303602585,0.4974352119540984,0.803680981595092,-0.0020637815938399084
low volatility (vol60 in bottom decile),5,30,9,7,973850,0.9678266673512348,0.991399834195905,0.49534518329627564,0.49742359788333707,0.8773006134969326,-0.002078414587061428
low volatility (vol60 in bottom decile),10,5,7,4,964274,0.36572696142382766,0.6394941033537053,0.4921846308168447,0.49398269805226674,0.03067484662576687,-0.0017980672354220295
low volatility (vol60 in bottom decile),10,15,9,3,973886,0.66121496766562,0.8617517456191803,0.49453676115406414,0.4948657623139408,0.5030674846625767,-0.0003290011598766629
low volatility (vol60 in bottom decile),10,30,9,4,973850,0.8258345741130564,0.9416013983206178,0.4949448650527647,0.49512973256767356,0.8711656441717791,-0.00018486751490887077
low volatility (vol60 in bottom decile),20,5,6,4,926772,0.11889871511008102,0.3315483529167325,0.48594898570870443,0.4883235722594415,0.006134969325153374,-0.002374586550737079
low volatility (vol60 in bottom decile),20,15,7,3,964242,0.3163261919725546,0.5899440977098482,0.4931166548697154,0.49012226908753775,0.06134969325153374,0.0029943857821776443
low volatility (vol60 in bottom decile),20,30,8,5,973239,0.4982085592542017,0.753185130129749,0.4969096684487105,0.49164503971533435,0.3987730061349693,0.005264628733376131
lower quarter of 4h range,5,5,9,9,872588,0.901048375636612,0.8770265534797702,0.5115765419995554,0.4979758796796517,0.006134969325153374,0.0136006623199037
lower quarter of 4h range,5,15,9,9,872572,0.9765417638888252,0.97319177843777,0.5121717748601634,0.49801045097971935,0.006134969325153374,0.014161323880444054
lower quarter of 4h range,5,30,9,9,872537,0.9919911705750014,0.9920497107334592,0.5120855246876584,0.4979593298829968,0.006134969325153374,0.014126194804661651
lower quarter of 4h range,10,5,9,8,872588,0.7070037635172612,0.6363546655556743,0.5014437129547219,0.49573775208496534,0.006134969325153374,0.0057059608697565545
lower quarter of 4h range,10,15,9,8,872572,0.8914404771182206,0.8654622255535342,0.5065775279981038,0.495848255679645,0.006134969325153374,0.010729272318458827
lower quarter of 4h range,10,30,9,8,872537,0.9537773183257559,0.9452112026748689,0.5083441255893147,0.49589168602334727,0.006134969325153374,0.012452439565967477
lower quarter of 4h range,20,5,9,8,872588,0.4038056906581342,0.31119550145658015,0.46634594994526585,0.491174513167031,0.006134969325153374,-0.024828563221765132
lower quarter of 4h range,20,15,9,7,872572,0.661787222143273,0.5878474558628534,0.4833809783968553,0.49229972957205587,0.006134969325153374,-0.008918751175200579
lower quarter of 4h range,20,30,9,6,872537,0.8018170003105886,0.757350570517707,0.4926632799893696,0.4928563281140427,0.006134969325153374,-0.00019304812467307864
previous window down,5,5,9,7,2240861,0.8832725456866802,0.8812315773040723,0.5058984685021837,0.49767140459331505,0.006134969325153374,0.008227063908868626
previous window down,5,15,9,8,2240818,0.9742379791665365,0.9744311894326338,0.506698837992009,0.4977348828639676,0.006134969325153374,0.008963955128041379
previous window down,5,30,9,8,2240744,0.992215085703677,0.9924188078650645,0.5068010934083995,0.4976804010098336,0.006134969325153374,0.009120692398565944
previous window down,10,5,9,7,2240861,0.6481874600878859,0.6421965223076308,0.49872810574455556,0.495300679776205,0.006134969325153374,0.0034274259683505504
previous window down,10,15,9,8,2240818,0.8708650144723936,0.8691812604879735,0.502981203843891,0.49554069560554226,0.006134969325153374,0.007440508238348742
previous window down,10,30,9,8,2240744,0.947393365774939,0.9471806338699057,0.5042593600893455,0.4956210073805974,0.006134969325153374,0.008638352708748076
previous window down,20,5,9,8,2240861,0.3232471804364483,0.31511788627982473,0.4721893214065135,0.4906034012360101,0.006134969325153374,-0.01841407982949661
previous window down,20,15,9,6,2240818,0.5983413200001071,0.5925479606830257,0.48952817607353566,0.4918196529681643,0.006134969325153374,-0.0022914768946286634
previous window down,20,30,9,8,2240744,0.764812490851253,0.7614411248838278,0.4959475720412816,0.49252538191123224,0.006134969325153374,0.003422190130049352
previous window up,5,5,9,7,2264089,0.8795572965550382,0.8815773260021225,0.4894629470305004,0.49764217980595854,0.006134969325153374,-0.008179232775458123
previous window up,5,15,9,8,2264042,0.9747509100979576,0.9745596817364449,0.48883777386919625,0.4977075785216261,0.006134969325153374,-0.008869804652429869
previous window up,5,30,9,8,2263981,0.9926651327904253,0.9924635015882218,0.48862822327350003,0.4976523113880663,0.006134969325153374,-0.009024088114566287
previous window up,10,5,9,7,2264089,0.6366149917251486,0.6425444665934952,0.49179650272889036,0.4952609685441671,0.006134969325153374,-0.0034644658152767627
previous window up,10,15,9,8,2264042,0.8678222400467835,0.8694887224865353,0.4881142254601862,0.4955134816054344,0.006134969325153374,-0.007399256145248223
previous window up,10,30,9,8,2263981,0.9471621007420116,0.9473726492138461,0.48703229151087907,0.4955948115633688,0.006134969325153374,-0.008562520052489753
previous window up,20,5,9,8,2264089,0.3071990544541314,0.3152449476293139,0.5095979653597975,0.4905422584661934,0.006134969325153374,0.019055706893604085
previous window up,20,15,9,6,2264042,0.5870491801830532,0.5927831126092995,0.49408699179679993,0.4917844599796517,0.006134969325153374,0.0023025318171482345
previous window up,20,30,9,8,2263981,0.7583787143089982,0.7617154773221649,0.48908687838073905,0.49250586242924127,0.006134969325153374,-0.003418984048502216
price 30 bp+ above 60-min VWAP,5,5,9,9,469191,0.9948613677585461,0.9113149233480025,0.47278014802707147,0.49773147434429726,0.006134969325153374,-0.024951326317225797
price 30 bp+ above 60-min VWAP,5,15,9,9,469191,0.9996547248348754,0.9828239256460685,0.47275850114571255,0.4978327560772712,0.006134969325153374,-0.025074254931558626
price 30 bp+ above 60-min VWAP,5,30,9,9,469191,0.9997932611665612,0.9952096649498124,0.47278864030311163,0.49779646212621265,0.006134969325153374,-0.025007821823101017
price 30 bp+ above 60-min VWAP,10,5,9,9,469191,0.934772832385958,0.699500040733042,0.4725551783191409,0.49481879827876457,0.006134969325153374,-0.02226361995962367
price 30 bp+ above 60-min VWAP,10,15,9,9,469191,0.9934674791289688,0.9001721414663196,0.47165369813933644,0.4951104933339776,0.006134969325153374,-0.023456795194641167
price 30 bp+ above 60-min VWAP,10,30,9,9,469191,0.9990068010682217,0.9619240904525309,0.4717605693430065,0.4952244454460633,0.006134969325153374,-0.023463876103056835
price 30 bp+ above 60-min VWAP,20,5,9,5,469191,0.6570266693095136,0.36837030856568115,0.49119218741418447,0.4897875642178529,0.006134969325153374,0.0014046231963315559
price 30 bp+ above 60-min VWAP,20,15,9,7,469191,0.8999000407083683,0.6517222131938848,0.47824559434806235,0.4909682140909542,0.006134969325153374,-0.01272261974289185
price 30 bp+ above 60-min VWAP,20,30,9,7,469191,0.9689550737332984,0.8075507791506864,0.4761770034779771,0.49168613881497053,0.006134969325153374,-0.01550913533699344
price 30 bp+ below 60-min VWAP,5,5,9,9,428751,0.9971545255871124,0.9118456685438574,0.5273481948947055,0.4978591081996995,0.006134969325153374,0.02948908669500605
price 30 bp+ below 60-min VWAP,5,15,9,9,428748,0.9998413986770783,0.9828492047284411,0.5274637589146293,0.49796297885505203,0.006134969325153374,0.029500780059577236
price 30 bp+ below 60-min VWAP,5,30,9,9,428741,0.9999067035809498,0.9952100313309422,0.5274847358816118,0.49793226753680575,0.006134969325153374,0.02955246834480607
price 30 bp+ below 60-min VWAP,10,5,9,9,428751,0.9561960205340629,0.7012105390864805,0.5231394381556673,0.4949240502712984,0.006134969325153374,0.028215387884368948
price 30 bp+ below 60-min VWAP,10,15,9,9,428748,0.9964547939582226,0.9006384506446877,0.5239849478488299,0.4952023654576567,0.006134969325153374,0.02878258239117315
price 30 bp+ below 60-min VWAP,10,30,9,9,428741,0.9995171910314152,0.9619484251255401,0.5239757574487319,0.49532313266774997,0.006134969325153374,0.02865262478098196
price 30 bp+ below 60-min VWAP,20,5,9,4,428751,0.7227831538585333,0.370966992738881,0.49914679713801086,0.48992801097184785,0.006134969325153374,0.009218786166163007
price 30 bp+ below 60-min VWAP,20,15,9,9,428748,0.9280299849795217,0.6539001791677909,0.5126994149527832,0.4910341553564229,0.006134969325153374,0.02166525959636023
price 30 bp+ below 60-min VWAP,20,30,9,9,428741,0.979621729668961,0.8088371230943475,0.5145812550580673,0.49173830072872493,0.006134969325153374,0.022842954329342358
price at 4h high (rangepos >= 0.98),5,5,9,8,64692,0.8911148209979596,0.8673717608990975,0.47058997531593505,0.4979196019595672,0.006134969325153374,-0.027329626643632143
price at 4h high (rangepos >= 0.98),5,15,9,8,64692,0.9701044951462314,0.9714989879641669,0.4655583167501169,0.49787440566030594,0.006134969325153374,-0.032316088910189056
price at 4h high (rangepos >= 0.98),5,30,9,8,64692,0.9876646262289001,0.9917836652456762,0.46424667256329966,0.4977993040463433,0.006134969325153374,-0.03355263148304366
price at 4h high (rangepos >= 0.98),10,5,9,6,64692,0.7113708031905027,0.6169443984664422,0.48331578907762657,0.4958670900225031,0.006134969325153374,-0.012551300944876553
price at 4h high (rangepos >= 0.98),10,15,9,8,64692,0.8830458171025783,0.8566902244364265,0.4715797144148991,0.49590226724594855,0.006134969325153374,-0.02432255283104945
price at 4h high (rangepos >= 0.98),10,30,9,8,64692,0.9450318431954492,0.9420762827154668,0.46702363892780024,0.49584563974019924,0.006134969325153374,-0.028822000812398996
price at 4h high (rangepos >= 0.98),20,5,9,7,64692,0.4308569838619922,0.2921311709511047,0.5244704195686415,0.490957218404968,0.006134969325153374,0.03351320116367351
price at 4h high (rangepos >= 0.98),20,15,9,5,64692,0.6620138502442342,0.5683081130125026,0.48977056860282336,0.49275548700575156,0.05521472392638037,-0.002984918402928194
price at 4h high (rangepos >= 0.98),20,30,9,8,64692,0.7888610647375255,0.743346810095083,0.47538050103515717,0.49320083532802605,0.012269938650306749,-0.01782033429286889
price at 4h low (rangepos <= 0.02),5,5,9,8,46704,0.8942702980472764,0.8585852356653269,0.5318563708605923,0.4984059919280965,0.006134969325153374,0.03345037893249586
price at 4h low (rangepos <= 0.02),5,15,9,8,46704,0.970088215142172,0.9687710183639505,0.5335514524807575,0.49833444864236764,0.006134969325153374,0.03521700383838988
price at 4h low (rangepos <= 0.02),5,30,9,8,46704,0.9890159301130524,0.9909217335373794,0.5336480812392833,0.498278453695259,0.006134969325153374,0.035369627544024285
price at 4h low (rangepos <= 0.02),10,5,9,8,46704,0.7355686879068174,0.6038657675054181,0.5254684485209224,0.49644731200495373,0.006134969325153374,0.029021136515968715
price at 4h low (rangepos <= 0.02),10,15,9,8,46704,0.8827937649880095,0.8480548863228039,0.5293163394017109,0.49633961815280414,0.006134969325153374,0.032976721248906715
price at 4h low (rangepos <= 0.02),10,30,9,8,46704,0.9434737923946557,0.9374321632543636,0.5316801397429703,0.4962728130037617,0.006134969325153374,0.035407326739208655
price at 4h low (rangepos <= 0.02),20,5,9,6,46704,0.4870246659815005,0.2842526410326338,0.4986651911634709,0.4917967533830931,0.006134969325153374,0.006868437780377823
price at 4h low (rangepos <= 0.02),20,15,9,7,46704,0.6880352860568688,0.5570407243912382,0.5114991896746433,0.4933239906584027,0.006134969325153374,0.01817519901624054
price at 4h low (rangepos <= 0.02),20,30,9,8,46704,0.7967411784857829,0.7331401210032434,0.5218892738885196,0.49354389269000226,0.006134969325153374,0.028345381198517317
sweep: 15-min move < -1.5 sd,5,5,9,9,243917,0.9207271325901843,0.8766306280318321,0.5328016211958532,0.49784571246407,0.006134969325153374,0.03495590873178317
sweep: 15-min move < -1.5 sd,5,15,9,9,243917,0.9795709196160989,0.9730162780572357,0.5336434243381282,0.49788866479055266,0.006134969325153374,0.03575475954757551
sweep: 15-min move < -1.5 sd,5,30,9,9,243913,0.9921898381800068,0.9919526672601608,0.5337108239652625,0.4978338629046683,0.006134969325153374,0.03587696106059418
sweep: 15-min move < -1.5 sd,10,5,9,7,243917,0.7551954148337344,0.6351843428415594,0.5189848669817416,0.49561512602304986,0.006134969325153374,0.023369740958691765
sweep: 15-min move < -1.5 sd,10,15,9,8,243917,0.9042010191991539,0.8648809410297958,0.5237745718736171,0.4957637681991794,0.006134969325153374,0.0280108036744377
sweep: 15-min move < -1.5 sd,10,30,9,9,243913,0.9573495467646251,0.9449056350256074,0.5258194484222332,0.4958078143044684,0.006134969325153374,0.03001163411776475
sweep: 15-min move < -1.5 sd,20,5,9,5,243917,0.4693932772213499,0.30958092077988336,0.47953364544749183,0.49104396036984227,0.006134969325153374,-0.01151031492235044
sweep: 15-min move < -1.5 sd,20,15,9,5,243917,0.6898699147660885,0.5861960256596771,0.49614001086164566,0.4921982282037864,0.006134969325153374,0.003941782657859272
sweep: 15-min move < -1.5 sd,20,30,9,6,243913,0.8153193966701242,0.7561426730371237,0.5038039193174703,0.4928285140608985,0.006134969325153374,0.010975405256571757
sweep: 15-min move < -2 sd,5,5,9,9,93758,0.9391091960152733,0.8771458936580503,0.5432507857487998,0.4978908147316812,0.006134969325153374,0.04535997101711864
sweep: 15-min move < -2 sd,5,15,9,9,93758,0.9822308496341645,0.9730018248671585,0.544291141530182,0.49793965729826284,0.006134969325153374,0.04635148423191915
sweep: 15-min move < -2 sd,5,30,9,9,93758,0.9924059813562576,0.9919214408495322,0.5440546593862171,0.49788933061324303,0.006134969325153374,0.04616532877297408
sweep: 15-min move < -2 sd,10,5,9,8,93758,0.8141278610891871,0.6368614300024484,0.5298901408114353,0.495631940373732,0.006134969325153374,0.03425820043770328
sweep: 15-min move < -2 sd,10,15,9,9,93758,0.9246037671452036,0.8653368590858985,0.5332304355762396,0.49578038497975946,0.006134969325153374,0.037450050596480156
sweep: 15-min move < -2 sd,10,30,9,9,93758,0.9634697839117728,0.9449165771252968,0.5351665591874223,0.4958284318960177,0.006134969325153374,0.03933812729140457
sweep: 15-min move < -2 sd,20,5,9,4,93758,0.5611894451673457,0.31199645363034856,0.49063697094856756,0.49109646923479483,0.006134969325153374,-0.00045949828622726674
sweep: 15-min move < -2 sd,20,15,9,7,93758,0.7509119221826405,0.5882055643655187,0.50509721462337,0.4921833108057455,0.006134969325153374,0.012913903817624472
sweep: 15-min move < -2 sd,20,30,9,7,93758,0.8494741782034599,0.757328673681809,0.5109060229894615,0.4928203400452915,0.006134969325153374,0.018085682944170012
sweep: 15-min move < -2.5 sd,5,5,9,9,34916,0.9546053385267499,0.8771393526770686,0.5496678335886735,0.4979504980626503,0.006134969325153374,0.051717335526023256
sweep: 15-min move < -2.5 sd,5,15,9,9,34916,0.9841906289380227,0.9728745108728707,0.5503531909078959,0.49800421308911624,0.006134969325153374,0.052348977818779674
sweep: 15-min move < -2.5 sd,5,30,9,9,34916,0.9920666743040439,0.9918659088609472,0.5502622295231561,0.49795890258612924,0.006134969325153374,0.05230332693702683
sweep: 15-min move < -2.5 sd,10,5,9,9,34916,0.8644174590445641,0.6374542360754991,0.5354260202541006,0.49565760793533087,0.006134969325153374,0.03976841231876971
sweep: 15-min move < -2.5 sd,10,15,9,9,34916,0.9422041470958873,0.8652233611595875,0.5383820057614311,0.49581002359109433,0.006134969325153374,0.04257198217033681
sweep: 15-min move < -2.5 sd,10,30,9,9,34916,0.9696987054645435,0.9446759964670558,0.5408387253314924,0.4958619927238087,0.006134969325153374,0.044976732607683645
sweep: 15-min move < -2.5 sd,20,5,9,6,34916,0.6485851758506129,0.31361191870149496,0.5034183190316543,0.491141246083313,0.006134969325153374,0.01227707294834135
sweep: 15-min move < -2.5 sd,20,15,9,7,34916,0.8081681750486883,0.5891665380489206,0.5140062188759201,0.49218616268501303,0.006134969325153374,0.0218200561909071
sweep: 15-min move < -2.5 sd,20,30,9,7,34916,0.8846660556764807,0.7576729244248749,0.5172018831597105,0.492831972457925,0.006134969325153374,0.024369910701785513
sweep: 15-min move < -3 sd,5,5,9,9,12180,0.9646141215106733,0.876330244331419,0.5522156085464721,0.49794067124108393,0.006134969325153374,0.05427493730538818
sweep: 15-min move < -3 sd,5,15,9,9,12180,0.9832512315270936,0.9725844074105288,0.5519602717436646,0.4980040191520112,0.006134969325153374,0.053956252591653375
sweep: 15-min move < -3 sd,5,30,9,9,12180,0.9894088669950739,0.9917679535686259,0.5528349037993185,0.49796260578130463,0.006134969325153374,0.05487229801801391
sweep: 15-min move < -3 sd,10,5,9,9,12180,0.8976190476190476,0.6359097562878371,0.5394051875469867,0.49557757662420115,0.006134969325153374,0.04382761092278559
sweep: 15-min move < -3 sd,10,15,9,9,12180,0.9534482758620689,0.8640661482398001,0.5421750256734018,0.49577932309016726,0.006134969325153374,0.046395702583234555
sweep: 15-min move < -3 sd,10,30,9,9,12180,0.9729885057471265,0.9440043073099821,0.5446277800560319,0.49584032963855756,0.006134969325153374,0.04878745041747429
sweep: 15-min move < -3 sd,20,5,9,8,12180,0.7215927750410509,0.31341870991417836,0.5132574713985499,0.4910067729700981,0.03067484662576687,0.022250698428451843
sweep: 15-min move < -3 sd,20,15,9,8,12180,0.8558292282430213,0.5877582383528976,0.5205933547706802,0.4921052175602562,0.03067484662576687,0.028488137210424036
sweep: 15-min move < -3 sd,20,30,9,8,12180,0.9110016420361248,0.7561759904677652,0.5236108964278687,0.49281679824739305,0.04294478527607362,0.030794098180475682
sweep: 15-min move > +1.5 sd,5,5,9,9,248823,0.910534797828175,0.8748039116964265,0.4679397710818305,0.49779132391596365,0.006134969325153374,-0.029851552834133155
sweep: 15-min move > +1.5 sd,5,15,9,9,248822,0.977638633239826,0.9725508388367454,0.46700576495626317,0.49782656824603655,0.006134969325153374,-0.03082080328977338
sweep: 15-min move > +1.5 sd,5,30,9,9,248822,0.9920384853429359,0.991793287881337,0.4669222796170466,0.4977649997218255,0.006134969325153374,-0.030842720104778898
sweep: 15-min move > +1.5 sd,10,5,9,7,248823,0.7290523785984414,0.6314954112590213,0.48011522235987425,0.49564970139826414,0.006134969325153374,-0.015534479038389892
sweep: 15-min move > +1.5 sd,10,15,9,7,248822,0.8938638866338185,0.8631652779926783,0.4746053310066536,0.4957802563497227,0.006134969325153374,-0.02117492534306914
sweep: 15-min move > +1.5 sd,10,30,9,8,248822,0.9520138894470747,0.9441747411264458,0.47272473512290303,0.4958074350860593,0.006134969325153374,-0.02308269996315626
sweep: 15-min move > +1.5 sd,20,5,9,6,248823,0.4289715982847245,0.3051849941646156,0.5207846588412798,0.49110418898675984,0.006134969325153374,0.029680469854519942
sweep: 15-min move > +1.5 sd,20,15,9,6,248822,0.6639002982051426,0.5821452292064118,0.5008770502087194,0.4922900278810823,0.006134969325153374,0.00858702232763714
sweep: 15-min move > +1.5 sd,20,30,9,5,248822,0.7956732121757722,0.753307774191861,0.4907162171504833,0.49292195713303627,0.006134969325153374,-0.0022057399825529678
sweep: 15-min move > +2 sd,5,5,9,9,98307,0.930004984385649,0.8743438544610973,0.4630903808207725,0.4978012015864592,0.006134969325153374,-0.03471082076568671
sweep: 15-min move > +2 sd,5,15,9,9,98307,0.9804083127345967,0.9722608985615114,0.4628894111022643,0.49783542884220444,0.006134969325153374,-0.03494601773994016
sweep: 15-min move > +2 sd,5,30,9,9,98307,0.9917605053556715,0.9916644389046096,0.46284538554951615,0.4977731325972614,0.006134969325153374,-0.03492774704774526
sweep: 15-min move > +2 sd,10,5,9,8,98307,0.7886213596183385,0.6314766619785501,0.4762132699260947,0.4956897999044372,0.006134969325153374,-0.019476529978342483
sweep: 15-min move > +2 sd,10,15,9,8,98307,0.914461838933138,0.8627588489393997,0.4720431969142113,0.49580551344208984,0.006134969325153374,-0.023762316527878524
sweep: 15-min move > +2 sd,10,30,9,9,98307,0.9576123775519546,0.9437910921469865,0.47065928891818404,0.495824597786401,0.006134969325153374,-0.02516530886821694
sweep: 15-min move > +2 sd,20,5,9,6,98307,0.512547427955283,0.3054858508216825,0.5162596819509591,0.4911877399036331,0.006134969325153374,0.025071942047325935
sweep: 15-min move > +2 sd,20,15,9,5,98307,0.7226850580324901,0.5822688073174012,0.5000789577414697,0.4923281530196654,0.006134969325153374,0.007750804721804283
sweep: 15-min move > +2 sd,20,30,9,5,98307,0.8296153885277753,0.7531390231151001,0.49066499409869,0.4929706910218936,0.012269938650306749,-0.002305696923203593
sweep: 15-min move > +2.5 sd,5,5,9,9,37783,0.9468808723499986,0.876129626779887,0.4589513585158053,0.4978037444553259,0.006134969325153374,-0.03885238593952056
sweep: 15-min move > +2.5 sd,5,15,9,9,37783,0.9831670327925257,0.972602404707227,0.4586467155252552,0.49784168586845423,0.006134969325153374,-0.03919497034319902
sweep: 15-min move > +2.5 sd,5,30,9,9,37783,0.9926421935791229,0.9917444401865488,0.4585477967001285,0.4977800709150639,0.006134969325153374,-0.03923227421493536
sweep: 15-min move > +2.5 sd,10,5,9,9,37783,0.8432099092184315,0.6356433015380044,0.47013469542031744,0.4956716414931766,0.012269938650306749,-0.025536946072859168
sweep: 15-min move > +2.5 sd,10,15,9,9,37783,0.9340708784373924,0.8646254096157879,0.4686186891384899,0.4957836000777397,0.006134969325153374,-0.027164910939249776
sweep: 15-min move > +2.5 sd,10,30,9,9,37783,0.9641373104306169,0.944501741824656,0.46756726741941934,0.49580199192945096,0.006134969325153374,-0.028234724510031617
sweep: 15-min move > +2.5 sd,20,5,9,6,37783,0.6059338856099304,0.3097091890586201,0.5069150407272889,0.49118066764669727,0.12883435582822086,0.015734373080591613
sweep: 15-min move > +2.5 sd,20,15,9,5,37783,0.7862001429214197,0.5866807904153027,0.49777863434053277,0.49227360358216105,0.20245398773006135,0.005505030758371721
sweep: 15-min move > +2.5 sd,20,30,9,6,37783,0.8662890718047799,0.7563062749844226,0.49053118670714246,0.4929314522919885,0.44785276073619634,-0.0024002655848460175
sweep: 15-min move > +3 sd,5,5,9,9,14324,0.9627199106394861,0.878853405135907,0.46351778826513196,0.4978049015637287,0.006134969325153374,-0.03428711329859674
sweep: 15-min move > +3 sd,5,15,9,9,14324,0.9877827422507679,0.9733400368070915,0.4645045919855496,0.49784337587207467,0.006134969325153374,-0.03333878388652506
sweep: 15-min move > +3 sd,5,30,9,9,14324,0.9934375872661267,0.9919996672843199,0.4644541986023501,0.49778277501599244,0.006134969325153374,-0.03332857641364234
sweep: 15-min move > +3 sd,10,5,9,9,14324,0.8894163641440939,0.6412624032534487,0.47077866847757743,0.4956002808824704,0.03067484662576687,-0.024821612404892945
sweep: 15-min move > +3 sd,10,15,9,9,14324,0.9544121753700083,0.8674415653122824,0.4704919134198238,0.49572516093727004,0.024539877300613498,-0.02523324751744621
sweep: 15-min move > +3 sd,10,30,9,9,14324,0.9727031555431443,0.9457917081197326,0.47054373380032893,0.4957434205347093,0.024539877300613498,-0.02519968673438039
sweep: 15-min move > +3 sd,20,5,8,3,13332,0.7098709870987099,0.3250952335960768,0.4973827601018952,0.49034255360650236,0.5398773006134969,0.007040206495392831
sweep: 15-min move > +3 sd,20,15,9,5,14324,0.8426417201898911,0.592631605490303,0.49393381639111555,0.4921668271292851,0.3987730061349693,0.0017669892618304428
sweep: 15-min move > +3 sd,20,30,9,5,14324,0.902401563808992,0.7607201238416123,0.4905659815683471,0.4928434705464302,0.18404907975460122,-0.0022774889780831087
sweep: 4h return < -100 bp,5,5,9,8,574290,0.9896968430583851,0.9069905459835862,0.500631738027662,0.49783928511191705,0.147239263803681,0.0027924529157449807
sweep: 4h return < -100 bp,5,15,9,8,574287,0.9993383099391071,0.9815134242006165,0.5006335609851208,0.497936737286512,0.17791411042944785,0.0026968236986087968
sweep: 4h return < -100 bp,5,30,9,8,574271,0.999670887089893,0.9947735493915849,0.5006515102507609,0.49790326497270204,0.15950920245398773,0.0027482452780588917
sweep: 4h return < -100 bp,10,5,9,6,574290,0.9108150934197008,0.6918846172122123,0.49753428382522297,0.49497975356765644,0.2392638036809816,0.002554530257566523
sweep: 4h return < -100 bp,10,15,9,7,574287,0.9894930583488744,0.8956011018295704,0.49792913831177976,0.4952585319733655,0.6012269938650306,0.002670606338414261
sweep: 4h return < -100 bp,10,30,9,7,574271,0.9983370220679784,0.9595686047737569,0.497920166667807,0.4953748942378986,0.6257668711656442,0.002545272429908374
sweep: 4h return < -100 bp,20,5,9,7,574290,0.6379877762106253,0.36234994397940784,0.48625766733321096,0.49001758167542175,0.1165644171779141,-0.0037599143422107906
sweep: 4h return < -100 bp,20,15,9,5,574287,0.8843679205693321,0.6442313813617325,0.4904715372312177,0.49115073548401855,0.9141104294478528,-0.0006791982528008278
sweep: 4h return < -100 bp,20,30,9,5,574271,0.9619221587020762,0.8012878709027751,0.49194949233843355,0.491860547383603,1.0,8.894495483052767e-05
sweep: 4h return < -25 bp,5,5,9,8,1520508,0.9368362415718957,0.8888094904946476,0.501052171425288,0.4977625151226802,0.024539877300613498,0.003289656302607802
sweep: 4h return < -25 bp,5,15,9,8,1520472,0.9923175171920299,0.9766006154644628,0.5013750836481204,0.4978331352045696,0.03067484662576687,0.003541948443550824
sweep: 4h return < -25 bp,5,30,9,9,1520407,0.9987542809260941,0.9931549317843367,0.5014218757577222,0.4977843477564011,0.024539877300613498,0.003637528001321111
sweep: 4h return < -25 bp,10,5,9,3,1520508,0.745535702541519,0.6564543009707321,0.4952267367598545,0.4952743498109532,0.06748466257668712,-4.7613051098682746e-05
sweep: 4h return < -25 bp,10,15,9,7,1520472,0.9309477583276772,0.8770367572960395,0.4975538423294346,0.4955060242773811,0.5337423312883436,0.002047818052053507
sweep: 4h return < -25 bp,10,30,9,8,1520407,0.979915904096732,0.9509641457132189,0.4984359952422589,0.4955938455266742,0.5276073619631901,0.0028421497155847186
sweep: 4h return < -25 bp,20,5,9,8,1520508,0.41208069934521885,0.32827055526878707,0.47724586066708596,0.49051793719994763,0.006134969325153374,-0.013272076532861665
sweep: 4h return < -25 bp,20,15,9,7,1520472,0.6997550760553302,0.6074050739856842,0.48451450557109643,0.491703173178177,0.006134969325153374,-0.00718866760708059
sweep: 4h return < -25 bp,20,30,9,6,1520407,0.8488167970813079,0.773138815830245,0.48873229864852336,0.49237956114541714,0.05521472392638037,-0.0036472624968937883
sweep: 4h return < -50 bp,5,5,9,8,1058815,0.9683287448704447,0.8962950842494981,0.5017952469102702,0.49781665094788674,0.03067484662576687,0.00397859596238348
sweep: 4h return < -50 bp,5,15,9,8,1058798,0.9976435542945868,0.9786872715259094,0.501887166763337,0.49789592321395965,0.06134969325153374,0.003991243549377355
sweep: 4h return < -50 bp,5,30,9,8,1058755,0.9996014186473736,0.9938512556288261,0.5019072975952501,0.49785311978514185,0.05521472392638037,0.00405417781010825
sweep: 4h return < -50 bp,10,5,9,6,1058815,0.8242412508322984,0.6707684916803638,0.49700019783104915,0.4952015342167633,0.2883435582822086,0.001798663614285878
sweep: 4h return < -50 bp,10,15,9,8,1058798,0.9662938539740347,0.8847751258294602,0.49873671415223975,0.4954343552289061,0.5460122699386503,0.003302358923333637
sweep: 4h return < -50 bp,10,30,9,8,1058755,0.9928954290652701,0.9546321110734569,0.49914974220769687,0.495529008884155,0.5030674846625767,0.003620733323541847
sweep: 4h return < -50 bp,20,5,9,8,1058815,0.4977470096286887,0.34163211119994424,0.4813766918706168,0.4903851926790202,0.006134969325153374,-0.009008500808403375
sweep: 4h return < -50 bp,20,15,9,7,1058798,0.7842902989994315,0.6222868027630473,0.4883853804345755,0.4915381552139716,0.2392638036809816,-0.0031527747793960725
sweep: 4h return < -50 bp,20,30,9,5,1058755,0.9085133009997591,0.7847380234125255,0.4915051030443505,0.4922012008871146,0.4539877300613497,-0.0006960978427640874
sweep: 4h return > +100 bp,5,5,9,6,599588,0.9860954522105179,0.9053824656767409,0.4961312092195698,0.4977052663090922,0.04294478527607362,-0.0015740570895223516
sweep: 4h return > +100 bp,5,15,9,5,599585,0.9995763736584471,0.9810984082333812,0.49626043571786477,0.4977979987358138,0.1165644171779141,-0.0015375630179490507
sweep: 4h return > +100 bp,5,30,9,5,599584,0.9999899930618562,0.9946107479020554,0.4963090744401937,0.49775662659456005,0.12883435582822086,-0.0014475521543663716
sweep: 4h return > +100 bp,10,5,9,4,599588,0.8796590325356745,0.6884306936914564,0.49618443600025736,0.49494357128786876,0.03067484662576687,0.0012408647123886007
sweep: 4h return > +100 bp,10,15,9,5,599585,0.9855099777345998,0.8941625064615747,0.49554377809902506,0.49520762877321994,0.06134969325153374,0.0003361493258051129
sweep: 4h return > +100 bp,10,30,9,5,599584,0.9981920798420238,0.9590024373847962,0.4956911548425473,0.4953040294664364,0.12883435582822086,0.00038712537611085285
sweep: 4h return > +100 bp,20,5,9,8,599588,0.5573727292741015,0.3576517498556916,0.5010944015692457,0.49003093706128015,0.006134969325153374,0.011063464507965526
sweep: 4h return > +100 bp,20,15,9,5,599585,0.8483601157467248,0.640216104744346,0.49561022758533885,0.491180032004293,0.03680981595092025,0.004430195581045848
sweep: 4h return > +100 bp,20,30,9,4,599584,0.9493482147622352,0.7986559098205094,0.49379381211450823,0.4918947658316569,0.2085889570552147,0.0018990462828513133
sweep: 4h return > +25 bp,5,5,9,8,1611770,0.9278898353983509,0.8884563445111978,0.4947453293674333,0.49766553327736945,0.006134969325153374,-0.0029202039099361365
sweep: 4h return > +25 bp,5,15,9,9,1611746,0.9911977445577653,0.9766483435945302,0.49417457461198766,0.4977325733205765,0.024539877300613498,-0.003557998708588861
sweep: 4h return > +25 bp,5,30,9,9,1611724,0.9986095634240105,0.9931912952498382,0.49404935452269644,0.4976789285896629,0.024539877300613498,-0.0036295740669664567
sweep: 4h return > +25 bp,10,5,9,4,1611770,0.7134336785025158,0.6549916647373222,0.4966152837419844,0.495193084642067,0.006134969325153374,0.001422199099917365
sweep: 4h return > +25 bp,10,15,9,8,1611746,0.9212760571454808,0.8767166242137,0.49408690696622903,0.4954408633091792,0.2822085889570552,-0.0013539563429501578
sweep: 4h return > +25 bp,10,30,9,8,1611724,0.9766479868761649,0.9510037532259795,0.4933544918092604,0.4955166078204218,0.5828220858895705,-0.002162116011161397
sweep: 4h return > +25 bp,20,5,9,8,1611770,0.3629413626013637,0.32607218490224044,0.5068371268725814,0.49038032412204385,0.006134969325153374,0.01645680275053757
sweep: 4h return > +25 bp,20,15,9,7,1611746,0.665131478533218,0.605565157889835,0.5001468615636531,0.4916746686432937,0.006134969325153374,0.00847219292035939
sweep: 4h return > +25 bp,20,30,9,5,1611724,0.8287498355797891,0.7720955417690041,0.4960894750435655,0.4923763602873463,0.018404907975460124,0.00371311475621916
sweep: 4h return > +50 bp,5,5,9,7,1124573,0.9599901473714912,0.8949512813167145,0.49463035812905715,0.4977057058199004,0.024539877300613498,-0.0030753476908432775
sweep: 4h return > +50 bp,5,15,9,8,1124557,0.997201564705035,0.9784269327101388,0.4941612415608655,0.4977783878741503,0.024539877300613498,-0.0036171463132848025
sweep: 4h return > +50 bp,5,30,9,8,1124547,0.9997616818149886,0.9937782484957373,0.4942034174773675,0.4977291119337165,0.024539877300613498,-0.0035256944563489823
sweep: 4h return > +50 bp,10,5,9,4,1124573,0.7875371363175179,0.6676641504085653,0.4957770316435855,0.49513510811356454,0.006134969325153374,0.0006419235300209603
sweep: 4h return > +50 bp,10,15,9,8,1124557,0.9570444183798598,0.8834967955098811,0.4935201152694361,0.4953763431097,0.20245398773006135,-0.001856227840263902
sweep: 4h return > +50 bp,10,30,9,8,1124547,0.9908051864439636,0.9541842058317501,0.4931677016407111,0.495453012772771,0.24539877300613497,-0.002285311132059875
sweep: 4h return > +50 bp,20,5,9,8,1124573,0.43470455008256464,0.3378725024562301,0.5048732674534074,0.49027926349834133,0.006134969325153374,0.014594003955066104
sweep: 4h return > +50 bp,20,15,9,7,1124557,0.7438760329623132,0.618758294756709,0.49771885257965015,0.4915393918538925,0.006134969325153374,0.006179460725757646
sweep: 4h return > +50 bp,20,30,9,5,1124547,0.8873777618898988,0.7823476989485109,0.4935028758617322,0.4922277343604091,0.03680981595092025,0.0012751415013230738
sweep: 5-min move < -1.5 sd,5,5,9,9,267896,0.9116522829754831,0.8777421556101176,0.5337078789425354,0.49777173640872324,0.006134969325153374,0.03593614253381211
sweep: 5-min move < -1.5 sd,5,15,9,9,267894,0.9777822571614145,0.973414250708015,0.533789312795686,0.49781901671833845,0.006134969325153374,0.03597029607734753
sweep: 5-min move < -1.5 sd,5,30,9,9,267885,0.9924109225973832,0.9920884112774384,0.5340755786249862,0.49776166441266045,0.006134969325153374,0.03631391421232577
sweep: 5-min move < -1.5 sd,10,5,9,8,267896,0.7242997282527548,0.6364732511205431,0.5209995671939645,0.4955194371034005,0.006134969325153374,0.025480130090563935
sweep: 5-min move < -1.5 sd,10,15,9,9,267894,0.8909718022800063,0.8659077030199088,0.5232129231277082,0.49569686670934593,0.006134969325153374,0.027516056418362245
sweep: 5-min move < -1.5 sd,10,30,9,9,267885,0.9525468017992795,0.9455283570831943,0.5245528183381372,0.4957480050226163,0.006134969325153374,0.028804813315520872
sweep: 5-min move < -1.5 sd,20,5,9,5,267896,0.42445202615940514,0.3100656695474785,0.482830747915556,0.4908982967417414,0.006134969325153374,-0.008067548826185378
sweep: 5-min move < -1.5 sd,20,15,9,5,267894,0.656364084302,0.5871165414467603,0.4973750928436305,0.49210276079945053,0.006134969325153374,0.005272332044179984
sweep: 5-min move < -1.5 sd,20,30,9,8,267885,0.793807044067417,0.757125733364529,0.5042226340199794,0.49276453583250984,0.006134969325153374,0.011458098187469512
sweep: 5-min move < -2 sd,5,5,9,9,115174,0.9282997898831333,0.8771692513501503,0.5450979138425441,0.4977933851221669,0.006134969325153374,0.047304528720377215
sweep: 5-min move < -2 sd,5,15,9,9,115173,0.9798911203146571,0.973138173522152,0.545419992587765,0.4978440427446344,0.006134969325153374,0.04757594984313057
sweep: 5-min move < -2 sd,5,30,9,9,115171,0.9920987054032699,0.9919725736626958,0.5456764192491398,0.4977894518886748,0.006134969325153374,0.047886967360464994
sweep: 5-min move < -2 sd,10,5,9,9,115174,0.7704690294684564,0.6358443568061376,0.5316651040122755,0.49554566634039376,0.006134969325153374,0.03611943767188175
sweep: 5-min move < -2 sd,10,15,9,9,115173,0.9059501792954946,0.8652868712226693,0.5325855557750124,0.49571747459949594,0.006134969325153374,0.03686808117551649
sweep: 5-min move < -2 sd,10,30,9,9,115171,0.9565776106832449,0.9450942935518374,0.5342349853889515,0.4957707302858142,0.006134969325153374,0.038464255103137335
sweep: 5-min move < -2 sd,20,5,9,5,115174,0.4919860385156372,0.3099170823731523,0.48886237618088857,0.49097867722564337,0.006134969325153374,-0.002116301044754798
sweep: 5-min move < -2 sd,20,15,9,6,115173,0.6994434459465326,0.5866147898702042,0.5013246370864876,0.4921169570896198,0.006134969325153374,0.00920767999686778
sweep: 5-min move < -2 sd,20,30,9,7,115171,0.8165510414948207,0.7565173232588228,0.5084040713024084,0.49277525762946384,0.006134969325153374,0.015628813672944553
sweep: 5-min move < -2.5 sd,5,5,9,9,50986,0.9436708115953399,0.8777131759406768,0.5556568765820662,0.49777062746720924,0.006134969325153374,0.05788624911485696
sweep: 5-min move < -2.5 sd,5,15,9,9,50985,0.9823085221143474,0.9731533459679881,0.5553524789409904,0.4978320150145727,0.006134969325153374,0.057520463926417686
sweep: 5-min move < -2.5 sd,5,30,9,9,50984,0.9920171034049898,0.9919413354844155,0.5557087968374493,0.4977808122750948,0.006134969325153374,0.05792798456235454
sweep: 5-min move < -2.5 sd,10,5,9,9,50986,0.8191268191268192,0.6370387864151938,0.5402368800855617,0.4954892062161017,0.006134969325153374,0.04474767386945999
sweep: 5-min move < -2.5 sd,10,15,9,9,50985,0.9246248896734334,0.8656533880740354,0.5399744483429301,0.49568404005172106,0.006134969325153374,0.044290408291209005
sweep: 5-min move < -2.5 sd,10,30,9,9,50984,0.9623215126314137,0.945118274029518,0.5414566082386344,0.49574746547190474,0.006134969325153374,0.04570914276672966
sweep: 5-min move < -2.5 sd,20,5,9,6,50986,0.570254579688542,0.31140455202053896,0.49600758142372064,0.4909501603853027,0.006134969325153374,0.005057421038417942
sweep: 5-min move < -2.5 sd,20,15,9,6,50985,0.7518878101402373,0.587798079236145,0.5057594176867631,0.4920329853435645,0.012269938650306749,0.013726432343198647
sweep: 5-min move < -2.5 sd,20,30,9,7,50984,0.845579005178095,0.7572066256269734,0.5132377022256086,0.49272420055472216,0.012269938650306749,0.020513501670886447
sweep: 5-min move < -3 sd,5,5,9,9,23148,0.9574909279419388,0.8786603418481859,0.5649288266295402,0.49772678417805233,0.006134969325153374,0.06720204245148792
sweep: 5-min move < -3 sd,5,15,9,9,23148,0.9838430965958183,0.9733125686002483,0.5648517456582276,0.49780308130462303,0.006134969325153374,0.06704866435360457
sweep: 5-min move < -3 sd,5,30,9,9,23148,0.9911439433212372,0.9919619214921218,0.5651079476369872,0.4977555556625421,0.006134969325153374,0.06735239197444515
sweep: 5-min move < -3 sd,10,5,9,9,23148,0.8631415241057543,0.6386540710030193,0.551314896837746,0.4953797355192475,0.006134969325153374,0.055935161318498516
sweep: 5-min move < -3 sd,10,15,9,9,23148,0.9399084154138586,0.8663090495310117,0.5517119967009418,0.49561890102617173,0.006134969325153374,0.05609309567477011
sweep: 5-min move < -3 sd,10,30,9,9,23148,0.9675997926386729,0.945323385458941,0.5533406812812168,0.4957032845045158,0.006134969325153374,0.057637396776701044
sweep: 5-min move < -3 sd,20,5,9,6,23148,0.6484361499913599,0.313306104810893,0.5083930575526352,0.49083731499612326,0.006134969325153374,0.017555742556511933
sweep: 5-min move < -3 sd,20,15,9,6,23148,0.8019699326075687,0.5892986593052663,0.5148208275641695,0.49188133679822754,0.012269938650306749,0.022939490765941928
sweep: 5-min move < -3 sd,20,30,9,9,23148,0.8762744081562122,0.7581524820980173,0.5195722084531259,0.49262111745073206,0.024539877300613498,0.026951091002393845
sweep: 5-min move > +1.5 sd,5,5,9,9,269066,0.905064184995503,0.8769354558135244,0.468005337970563,0.497748379326955,0.006134969325153374,-0.029743041356391997
sweep: 5-min move > +1.5 sd,5,15,9,9,269060,0.9777261577343344,0.9732077818821226,0.4682439484721519,0.4977917751261212,0.006134969325153374,-0.029547826653969322
sweep: 5-min move > +1.5 sd,5,30,9,9,269060,0.9925518471716346,0.9920161862381058,0.4680716654921975,0.497731344149028,0.006134969325153374,-0.0296596786568305
sweep: 5-min move > +1.5 sd,10,5,9,7,269066,0.7031137341767447,0.6348425425051353,0.47857466037988816,0.49554275271085935,0.006134969325153374,-0.016968092330971185
sweep: 5-min move > +1.5 sd,10,15,9,8,269060,0.8860700215565301,0.8651698883819989,0.47562695001354827,0.4957082821606112,0.006134969325153374,-0.020081332147062925
sweep: 5-min move > +1.5 sd,10,30,9,8,269060,0.9510629599345871,0.9452180442449181,0.47395088303503197,0.4957509908086317,0.006134969325153374,-0.021800107773599753
sweep: 5-min move > +1.5 sd,20,5,9,7,269066,0.3954828926731731,0.308016286386438,0.5168473670103568,0.49094274478604766,0.006134969325153374,0.02590462222430917
sweep: 5-min move > +1.5 sd,20,15,9,5,269060,0.6375232290195495,0.5853060567074391,0.4962976779902423,0.49215248274199075,0.006134969325153374,0.004145195248251576
sweep: 5-min move > +1.5 sd,20,30,9,6,269060,0.7826135434475582,0.7558882401697404,0.48871806460170386,0.4928102181996779,0.006134969325153374,-0.004092153597974046
sweep: 5-min move > +2 sd,5,5,9,9,115372,0.9193565163124502,0.8752607629204274,0.4603339731010623,0.49777166812689283,0.006134969325153374,-0.03743769502583055
sweep: 5-min move > +2 sd,5,15,9,9,115370,0.9793360492329028,0.9725826425215764,0.4609179153095763,0.4978137435782984,0.006134969325153374,-0.036895828268722064
sweep: 5-min move > +2 sd,5,30,9,9,115370,0.9927970876311,0.9917744595742825,0.4608166784362737,0.49775388128973563,0.006134969325153374,-0.036937202853461915
sweep: 5-min move > +2 sd,10,5,9,8,115372,0.7464549457407343,0.6324602038463658,0.4732577046583493,0.4956181203672569,0.006134969325153374,-0.022360415708907566
sweep: 5-min move > +2 sd,10,15,9,8,115370,0.8984831411978851,0.8635264283529955,0.47090583590676643,0.49575918607136327,0.006134969325153374,-0.024853350164596832
sweep: 5-min move > +2 sd,10,30,9,9,115370,0.9541995319407125,0.9442559061238184,0.46964252656256955,0.4957956725199946,0.006134969325153374,-0.026153145957425072
sweep: 5-min move > +2 sd,20,5,9,6,115372,0.45925354505425925,0.30609431923528463,0.5172783828609145,0.4911065715159524,0.006134969325153374,0.02617181134496216
sweep: 5-min move > +2 sd,20,15,9,5,115370,0.6776805061974517,0.5830201537752957,0.5000525916486369,0.49223273517789323,0.006134969325153374,0.00781985647074368
sweep: 5-min move > +2 sd,20,30,9,4,115370,0.8030163820750629,0.7538805294984043,0.49242727476839854,0.49287766697911845,0.006134969325153374,-0.00045039221071990765
sweep: 5-min move > +2.5 sd,5,5,9,9,51389,0.9347525735079492,0.8750158561016661,0.4555654635225883,0.4977696262303689,0.006134969325153374,-0.0422041627077806
sweep: 5-min move > +2.5 sd,5,15,9,9,51389,0.981669228823289,0.9722900711208865,0.45654507374121533,0.4978171416393788,0.006134969325153374,-0.041272067898163456
sweep: 5-min move > +2.5 sd,5,30,9,9,51389,0.9930919068283096,0.9916268132086783,0.45641157278115135,0.49775950674761066,0.006134969325153374,-0.041347933966459305
sweep: 5-min move > +2.5 sd,10,5,9,7,51389,0.7958123333787387,0.632889124732952,0.4707040577690478,0.4956219674054123,0.006134969325153374,-0.024917909636364532
sweep: 5-min move > +2.5 sd,10,15,9,8,51389,0.9155266691315262,0.8632343698540551,0.4698358089093582,0.49575983702991366,0.006134969325153374,-0.025924028120555442
sweep: 5-min move > +2.5 sd,10,30,9,9,51389,0.9586098192220125,0.9438657631765727,0.4686752082594595,0.4957986885553622,0.006134969325153374,-0.02712348029590267
sweep: 5-min move > +2.5 sd,20,5,9,7,51389,0.5351728969234661,0.3070162720275969,0.5156763033714965,0.49118001911203185,0.006134969325153374,0.02449628425946465
sweep: 5-min move > +2.5 sd,20,15,9,6,51389,0.727509778357236,0.5835689044037362,0.5045089509227043,0.4922100983355249,0.024539877300613498,0.012298852587179387
sweep: 5-min move > +2.5 sd,20,30,9,6,51389,0.8303527992371909,0.753929059375416,0.4962945949067887,0.49286873243743484,0.05521472392638037,0.0034258624693538353
sweep: 5-min move > +3 sd,5,5,9,9,23845,0.9532816104005033,0.8750471555071149,0.44951096620282416,0.4977414433778633,0.006134969325153374,-0.048230477175039144
sweep: 5-min move > +3 sd,5,15,9,9,23845,0.9860348081358775,0.972074947546447,0.4507864080273861,0.49779886934152145,0.006134969325153374,-0.047012461314135334
sweep: 5-min move > +3 sd,5,30,9,9,23845,0.99379324806039,0.9915072137366087,0.450803769715463,0.49774491339953403,0.006134969325153374,-0.04694114368407104
sweep: 5-min move > +3 sd,10,5,9,8,23845,0.8455441392325435,0.6337132406062235,0.4664510519539072,0.49555580779174035,0.006134969325153374,-0.029104755837833174
sweep: 5-min move > +3 sd,10,15,9,8,23845,0.9356259173830992,0.8630864122052593,0.4654533081048669,0.49571581765650524,0.006134969325153374,-0.03026250955163834
sweep: 5-min move > +3 sd,10,30,9,8,23845,0.9661144894107779,0.9435456768421807,0.46529916345617756,0.4957686589005692,0.006134969325153374,-0.030469495444391648
sweep: 5-min move > +3 sd,20,5,9,6,23845,0.6135038792199623,0.3085947911771295,0.5075152170688942,0.49114969209272163,0.147239263803681,0.016365524976172607
sweep: 5-min move > +3 sd,20,15,9,6,23845,0.7794925560914238,0.5844584279580018,0.5008250989921522,0.4920973470963578,0.19631901840490798,0.008727751895794444
sweep: 5-min move > +3 sd,20,30,9,3,23845,0.8629062696582093,0.7541311745435283,0.4938581113492771,0.4927876178752278,0.09202453987730061,0.0010704934740493055
sweep: EMA9 < EMA21 - 10 bp,5,5,9,9,336192,0.998979749666857,0.9136957054348932,0.5233478494016047,0.49777664747413636,0.006134969325153374,0.025571201927468368
sweep: EMA9 < EMA21 - 10 bp,5,15,9,9,336188,0.9999524075814723,0.9833246606862496,0.5233690698364807,0.49788805013210147,0.006134969325153374,0.025481019704379215
sweep: EMA9 < EMA21 - 10 bp,5,30,9,9,336183,0.9999643051552279,0.9953601009650066,0.5233706173583468,0.49785949747768726,0.006134969325153374,0.025511119880659516
sweep: EMA9 < EMA21 - 10 bp,10,5,9,9,336192,0.9728518227679421,0.7048131744930293,0.518593121902097,0.4947560097248111,0.006134969325153374,0.023837112177285957
sweep: EMA9 < EMA21 - 10 bp,10,15,9,9,336188,0.9984472973455328,0.9024194438634393,0.5188749038217726,0.4950730150983218,0.006134969325153374,0.023801888723450793
sweep: EMA9 < EMA21 - 10 bp,10,30,9,9,336183,0.9998512714801164,0.9627642760537857,0.5189044316871825,0.4952045068345721,0.006134969325153374,0.023699924852610355
sweep: EMA9 < EMA21 - 10 bp,20,5,9,5,336192,0.7747983295259852,0.3747012151070206,0.5012391586171957,0.4896992691901631,0.006134969325153374,0.011539889427032601
sweep: EMA9 < EMA21 - 10 bp,20,15,9,8,336188,0.9496531702499792,0.657507389314746,0.5094720594517533,0.4908281021711256,0.006134969325153374,0.018643957280627732
sweep: EMA9 < EMA21 - 10 bp,20,30,9,9,336183,0.9866887974704254,0.8114617509764344,0.5109664594758901,0.49156581674571376,0.006134969325153374,0.019400642730176387
sweep: EMA9 > EMA21 + 10 bp,5,5,9,9,337631,0.9981370194087629,0.9134988058234118,0.47550734787413157,0.49770914569370234,0.006134969325153374,-0.022201797819570768
sweep: EMA9 > EMA21 + 10 bp,5,15,9,9,337631,0.9999289164798256,0.9832734816022242,0.4755585964884932,0.4978191518623605,0.006134969325153374,-0.022260555373867286
sweep: EMA9 > EMA21 + 10 bp,5,30,9,9,337631,0.9999496491732098,0.9953269891009363,0.475563600748709,0.497786722082835,0.006134969325153374,-0.02222312133412596
sweep: EMA9 > EMA21 + 10 bp,10,5,9,9,337631,0.9599000091816213,0.7043114121706823,0.47440046893697013,0.49472742791916624,0.006134969325153374,-0.02032695898219611
sweep: EMA9 > EMA21 + 10 bp,10,15,9,9,337631,0.9971596210063649,0.9023271931141986,0.4741844991242189,0.49503725171625146,0.006134969325153374,-0.020852752592032564
sweep: EMA9 > EMA21 + 10 bp,10,30,9,9,337631,0.9996771623458747,0.9627714996029431,0.4742253099328978,0.49516209950899653,0.006134969325153374,-0.020936789576098735
sweep: EMA9 > EMA21 + 10 bp,20,5,9,5,337631,0.7213940663031534,0.37348692294832797,0.48540530801982207,0.4896924073746498,0.006134969325153374,-0.004287099354827739
sweep: EMA9 > EMA21 + 10 bp,20,15,9,6,337631,0.9316383862856195,0.6567504887331724,0.4774068277099676,0.4908170686934594,0.006134969325153374,-0.013410240983491806
sweep: EMA9 > EMA21 + 10 bp,20,30,9,7,337631,0.9815093993146364,0.811097806684866,0.4761016001736416,0.49155517271919347,0.006134969325153374,-0.015453572545551852
sweep: MACD hist < 0,5,5,9,8,2266952,0.882449209334825,0.8813580067133985,0.5047266579676433,0.4976630948662713,0.006134969325153374,0.007063563101371961
sweep: MACD hist < 0,5,15,9,7,2266912,0.9742826364675823,0.9744790083756115,0.5048292549419612,0.49772623522187753,0.006134969325153374,0.007103019720083648
sweep: MACD hist < 0,5,30,9,7,2266854,0.9921834401333302,0.9924367219002168,0.5048542044478129,0.4976715297527454,0.006134969325153374,0.0071826746950675036
sweep: MACD hist < 0,10,5,9,8,2266952,0.6446757584633463,0.6423928885936602,0.5003598644403613,0.4952909651776419,0.006134969325153374,0.005068899262719417
sweep: MACD hist < 0,10,15,9,8,2266912,0.8697907108877627,0.8693268405815157,0.5017648138719762,0.4955313415779326,0.006134969325153374,0.0062334722940436404
sweep: MACD hist < 0,10,30,9,8,2266854,0.947309795866871,0.9472671006497473,0.5024478541548721,0.495610412544301,0.006134969325153374,0.006837441610571149
sweep: MACD hist < 0,20,5,9,6,2266952,0.3182436152154964,0.3152345851551446,0.482139166932222,0.49058885505348915,0.006134969325153374,-0.008449688121267174
sweep: MACD hist < 0,20,15,9,6,2266912,0.594709013847913,0.5927324149190409,0.4924167373528525,0.4918123760736095,0.006134969325153374,0.0006043612792430153
sweep: MACD hist < 0,20,30,9,8,2266854,0.762745196646983,0.7616189898915526,0.4960297461855581,0.4925176849829359,0.006134969325153374,0.0035120612026222076
sweep: MACD hist > 0,5,5,9,8,2237998,0.8803479717140051,0.8814532917210149,0.49047853326959423,0.49765025633168125,0.006134969325153374,-0.007171723062087021
sweep: MACD hist > 0,5,15,9,7,2237948,0.9747116554986979,0.9745127421035813,0.490522832844948,0.49771601972049073,0.006134969325153374,-0.007193186875542712
sweep: MACD hist > 0,5,30,9,7,2237871,0.9927024390592666,0.9924458770025645,0.49038857734397134,0.4976609698069791,0.006134969325153374,-0.00727239246300776
sweep: MACD hist > 0,10,5,9,8,2237998,0.6400372118295012,0.642349616227014,0.49009475433345934,0.4952703458639354,0.006134969325153374,-0.005175591530476087
sweep: MACD hist > 0,10,15,9,8,2237948,0.8688749693916034,0.8693448432062206,0.48920320146904867,0.4955226393853819,0.006134969325153374,-0.006319437916333215
sweep: MACD hist > 0,10,30,9,8,2237871,0.9472440547288025,0.9472873028980302,0.48867771376961,0.4956052379794804,0.006134969325153374,-0.006927524209870417
sweep: MACD hist > 0,20,5,9,6,2237998,0.312080261019,0.3151282202724823,0.4992563312147684,0.4905562800254401,0.006134969325153374,0.008700051189328317
sweep: MACD hist > 0,20,15,9,6,2237948,0.5905968324554458,0.5925990129489367,0.49116320799319246,0.4917914207105297,0.006134969325153374,-0.000628212717337262
sweep: MACD hist > 0,20,30,9,8,2237871,0.7603977172946966,0.761538509721237,0.4889479708180909,0.49251343130118314,0.006134969325153374,-0.003565460483092253
sweep: OBV falling,5,5,9,8,239577,0.8973273728279426,0.8682169819717772,0.5130187598107023,0.49792449773064545,0.006134969325153374,0.015094262080056875
sweep: OBV falling,5,15,9,9,239571,0.9748675757917277,0.9712546023937347,0.5145303270429571,0.49794356426579867,0.006134969325153374,0.016586762777158426
sweep: OBV falling,5,30,9,9,239565,0.9924112453822553,0.9915342091516155,0.5145299077665134,0.4978984931437269,0.006134969325153374,0.0166314146227865
sweep: OBV falling,10,5,9,8,239577,0.7104313018361529,0.6181053021958677,0.5055273822808082,0.4957029107044061,0.024539877300613498,0.009824471576402094
sweep: OBV falling,10,15,9,8,239571,0.8882043319099557,0.8565988237865588,0.5095921484288978,0.4958013815803416,0.03067484662576687,0.01379076684855618
sweep: OBV falling,10,30,9,8,239565,0.9520464174649886,0.9416269412923888,0.511502690718655,0.49586408505243196,0.03680981595092025,0.015638605666222993
sweep: OBV falling,20,5,9,5,239577,0.41614595724965253,0.29446583318189257,0.47994177218098383,0.4911675544712112,0.006134969325153374,-0.01122578229022736
sweep: OBV falling,20,15,9,6,239571,0.6604722608329054,0.5692237861011192,0.49258076492238845,0.49233881506179256,0.0736196319018405,0.0002419498605958914
sweep: OBV falling,20,30,9,7,239565,0.7959885626030514,0.7434180165240042,0.4980899542637729,0.49271234217988363,0.06134969325153374,0.0053776120838892605
sweep: OBV rising,5,5,9,9,200989,0.888506336167651,0.8629207318985698,0.48513752189207765,0.49801515337253105,0.03067484662576687,-0.0128776314804534
sweep: OBV rising,5,15,9,9,200989,0.9736055207001378,0.9696069653802082,0.48423643575305314,0.49801662711125144,0.03067484662576687,-0.013780191358198302
sweep: OBV rising,5,30,9,9,200989,0.9904820661827264,0.9909424722783197,0.4837208355214866,0.49796336533025176,0.03067484662576687,-0.01424252980876517
sweep: OBV rising,10,5,9,8,200989,0.6802959365935449,0.60921984567841,0.48833759764582196,0.49603376278000555,0.12883435582822086,-0.007696165134183586
sweep: OBV rising,10,15,9,8,200989,0.8785406166506625,0.8516403619488202,0.48347993902381264,0.4960328511787601,0.03067484662576687,-0.012552912154947471
sweep: OBV rising,10,30,9,8,200989,0.9468677390304943,0.9390538747231623,0.48192215838488583,0.4960397422627125,0.03067484662576687,-0.01411758387782669
sweep: OBV rising,20,5,9,8,200989,0.36952271019807054,0.28579355180877425,0.5143382875419924,0.49168374684903204,0.018404907975460124,0.022654540692960357
sweep: OBV rising,20,15,9,7,200989,0.625317803461881,0.560536262100756,0.49881210495573264,0.4927977053699972,0.03680981595092025,0.006014399585735464
sweep: OBV rising,20,30,9,5,200989,0.7726492494614133,0.7367484186608099,0.4898038079958777,0.49314348442209466,0.03067484662576687,-0.0033396764262169643
sweep: RSI14 < 20,5,5,9,9,22141,0.8360507655480782,0.8557594773636579,0.5542037454473693,0.4977845295536957,0.006134969325153374,0.0564192158936736
sweep: RSI14 < 20,5,15,9,9,22141,0.9087665417099499,0.9660692762017057,0.5533908283422039,0.4978217815194033,0.006134969325153374,0.05556904682280056
sweep: RSI14 < 20,5,30,9,9,22141,0.9515378709182061,0.98948088511948,0.5537018102513623,0.49777879192024765,0.006134969325153374,0.05592301833111468
sweep: RSI14 < 20,10,5,9,9,22141,0.7334357075109526,0.602100412507295,0.5435141752916703,0.4956921767413909,0.006134969325153374,0.047821998550279465
sweep: RSI14 < 20,10,15,9,9,22141,0.8187073754572964,0.843305237249625,0.5441313464965589,0.4958301584600697,0.006134969325153374,0.048301188036489195
sweep: RSI14 < 20,10,30,9,9,22141,0.8722279933155684,0.9332755105238375,0.5499351440686957,0.49587569562563066,0.006134969325153374,0.05405944844306504
sweep: RSI14 < 20,20,5,9,7,22141,0.5557111241588004,0.2854719657576057,0.5106530720699286,0.4914769908127216,0.006134969325153374,0.01917608125720699
sweep: RSI14 < 20,20,15,9,8,22141,0.6782891468316697,0.5537856582038785,0.518947091739265,0.4923048775884899,0.006134969325153374,0.026642214150775112
sweep: RSI14 < 20,20,30,9,8,22141,0.7500112912695903,0.7277610850368119,0.526622631485574,0.4929501486469958,0.006134969325153374,0.033672482838578155
sweep: RSI14 < 25,5,5,9,9,64233,0.8761851384802204,0.8635641270030958,0.5551951098030876,0.497876192957462,0.006134969325153374,0.05731891684562562
sweep: RSI14 < 25,5,15,9,9,64233,0.9435648342752168,0.9687019138922529,0.5548733012513064,0.49791037288247997,0.006134969325153374,0.05696292836882644
sweep: RSI14 < 25,5,30,9,9,64233,0.9726775956284153,0.9904324752834209,0.5545366269658362,0.4978638754134853,0.006134969325153374,0.05667275155235085
sweep: RSI14 < 25,10,5,9,9,64233,0.7483847866361527,0.6146424730785077,0.5434723171572887,0.49575096912863603,0.006134969325153374,0.04772134802865269
sweep: RSI14 < 25,10,15,9,9,64233,0.8557595005682438,0.8515129269624412,0.5452035441183187,0.49586466870434587,0.006134969325153374,0.04933887541397286
sweep: RSI14 < 25,10,30,9,9,64233,0.9107001074214189,0.9377092041243699,0.5497434749322913,0.49590228063243685,0.006134969325153374,0.0538411942998544
sweep: RSI14 < 25,20,5,9,6,64233,0.5259446079118211,0.29472822845467184,0.5057776061136289,0.4914225945089728,0.006134969325153374,0.014355011604656076
sweep: RSI14 < 25,20,15,9,7,64233,0.6863761617859978,0.5663205169787555,0.5179707775050897,0.49235889390509774,0.006134969325153374,0.025611883599991947
sweep: RSI14 < 25,20,30,9,8,64233,0.7779178926719911,0.7387445315068728,0.5266423110525301,0.49296055885488715,0.006134969325153374,0.03368175219764297
sweep: RSI14 < 30,5,5,9,9,169065,0.8854819152397007,0.8684313735163061,0.5448268132744277,0.4978669878181535,0.006134969325153374,0.04695982545627425
sweep: RSI14 < 30,5,15,9,9,169064,0.9571227464155586,0.9703937036489023,0.5459326615012063,0.49789966767164556,0.006134969325153374,0.04803299382956078
sweep: RSI14 < 30,5,30,9,9,169063,0.9814329569450442,0.9910510748941486,0.5460267273520126,0.49784951129553345,0.006134969325153374,0.04817721605647918
sweep: RSI14 < 30,10,5,9,9,169065,0.7303344867358709,0.6221248698619632,0.5317374204083675,0.4957017519536698,0.006134969325153374,0.03603566845469769
sweep: RSI14 < 30,10,15,9,9,169064,0.8674229877442862,0.8565544797021167,0.5371072483711499,0.4958247905691111,0.006134969325153374,0.04128245780203876
sweep: RSI14 < 30,10,30,9,9,169063,0.9269089037814305,0.9405110409139402,0.5402075510161263,0.49586220162821826,0.006134969325153374,0.04434534938790802
sweep: RSI14 < 30,20,5,9,4,169065,0.4737645284358087,0.29994352534999935,0.4909873832623203,0.49125719399437956,0.006134969325153374,-0.0002698107320592835
sweep: RSI14 < 30,20,15,9,6,169064,0.6660909478067477,0.5735288877389718,0.5078410378390853,0.49230926131957375,0.006134969325153374,0.015531776519511542
sweep: RSI14 < 30,20,30,9,8,169063,0.7794076764283137,0.7451823480854332,0.5171415332504908,0.4929059232578128,0.006134969325153374,0.024235609992678042
sweep: RSI14 < 35,5,5,9,9,396050,0.887587425830072,0.8723268076236321,0.533352190051459,0.4978326268654618,0.006134969325153374,0.03551956318599714
sweep: RSI14 < 35,5,15,9,9,396047,0.965476319729729,0.9717054701090704,0.5344307669136091,0.49786974049682947,0.006134969325153374,0.03656102641677966
sweep: RSI14 < 35,5,30,9,9,396040,0.9865266134733865,0.9915108828558303,0.5348154087656236,0.4978163240540737,0.006134969325153374,0.03699908471154989
sweep: RSI14 < 35,10,5,9,7,396050,0.7047897992677692,0.6279452869313707,0.5202073765370363,0.4956362855660583,0.006134969325153374,0.024571090970977982
sweep: RSI14 < 35,10,15,9,9,396047,0.8705709170881234,0.8604956471907435,0.5269397848453513,0.4957777629642785,0.006134969325153374,0.03116202188107281
sweep: RSI14 < 35,10,30,9,9,396040,0.9364028885971114,0.94268144368345,0.5299985349383945,0.4958209022697118,0.006134969325153374,0.034177632668682734
sweep: RSI14 < 35,20,5,9,5,396050,0.421365989142785,0.3038129461323798,0.4766988153470211,0.4911164337454212,0.006134969325153374,-0.014417618398400112
sweep: RSI14 < 35,20,15,9,4,396047,0.6425777748600545,0.5789895426959873,0.49918350057479516,0.49223728720540977,0.006134969325153374,0.00694621336938539
sweep: RSI14 < 35,20,30,9,8,396040,0.773919301080699,0.7501090365509866,0.5097741668769963,0.4928486499238811,0.006134969325153374,0.01692551695311517
sweep: RSI14 > 65,5,5,9,9,415897,0.8808623288939329,0.8723573850966586,0.46673635908751554,0.49772243267230143,0.006134969325153374,-0.03098607358478589
sweep: RSI14 > 65,5,15,9,9,415893,0.9653059801439312,0.9718338469269289,0.46524986361083326,0.49775841545513394,0.006134969325153374,-0.03250855184430068
sweep: RSI14 > 65,5,30,9,9,415884,0.9864216945109694,0.9915604908170291,0.4652466301385013,0.49769786322947934,0.006134969325153374,-0.03245123309097803
sweep: RSI14 > 65,10,5,9,7,415897,0.6802116870282786,0.6271202223938327,0.47832384921851323,0.4955478792954398,0.006134969325153374,-0.017224030076926578
sweep: RSI14 > 65,10,15,9,8,415893,0.8631523011928549,0.860509156882599,0.4701396192892659,0.49571262381588077,0.006134969325153374,-0.025573004526614873
sweep: RSI14 > 65,10,30,9,9,415884,0.9349361841282665,0.9428649744333414,0.46749528193906875,0.49574840687279165,0.006134969325153374,-0.028253124933722895
sweep: RSI14 > 65,20,5,9,6,415897,0.3823831381327588,0.30197127806927315,0.5223123753137894,0.49096493818227377,0.006134969325153374,0.03134743713151561
sweep: RSI14 > 65,20,15,9,5,415893,0.6165768599134873,0.5776621211089173,0.495063314016954,0.4921921387045436,0.006134969325153374,0.0028711753124104344
sweep: RSI14 > 65,20,30,9,7,415884,0.7572808763982264,0.7494798597258313,0.4826223198183576,0.49285006291809635,0.006134969325153374,-0.010227743099738729
sweep: RSI14 > 70,5,5,9,9,179989,0.8802037902316253,0.8683777347560118,0.46041174389321937,0.49773396484004034,0.006134969325153374,-0.03732222094682097
sweep: RSI14 > 70,5,15,9,9,179989,0.9578140886387502,0.9704986418829724,0.45959756660084455,0.49776099901788284,0.006134969325153374,-0.03816343241703829
sweep: RSI14 > 70,5,30,9,9,179986,0.9809540742057715,0.9910847898471302,0.4595157233492665,0.4976990862486132,0.006134969325153374,-0.03818336289934671
sweep: RSI14 > 70,10,5,9,8,179989,0.7087933151470368,0.6211858230865691,0.47267267297517535,0.49563665035291654,0.006134969325153374,-0.022963977377741196
sweep: RSI14 > 70,10,15,9,8,179989,0.8616637683413987,0.8565986253402259,0.4667937002551874,0.49576929107903206,0.006134969325153374,-0.028975590823844655
sweep: RSI14 > 70,10,30,9,9,179986,0.9253441934372674,0.9407298009951179,0.46421446723307885,0.4957898763702551,0.006134969325153374,-0.03157540913717627
sweep: RSI14 > 70,20,5,9,6,179989,0.43477656967925815,0.29740267480806215,0.5143501538521006,0.49113449020720346,0.006134969325153374,0.023215663644897133
sweep: RSI14 > 70,20,15,9,5,179989,0.6432226413836402,0.5719409501274346,0.49391470558350337,0.49230584741148875,0.006134969325153374,0.0016088581720146156
sweep: RSI14 > 70,20,30,9,6,179986,0.7629593412820997,0.7444980855973825,0.4821515302734493,0.49295345278268093,0.006134969325153374,-0.01080192250923162
sweep: RSI14 > 75,5,5,9,9,70751,0.8694859436615737,0.8630086236078796,0.4548311895311511,0.49772985164142564,0.006134969325153374,-0.042898662110274544
sweep: RSI14 > 75,5,15,9,9,70751,0.9412870489463047,0.9686320057119956,0.45404296027229346,0.4977491481856584,0.006134969325153374,-0.04370618791336495
sweep: RSI14 > 75,5,30,9,9,70751,0.9692301168888072,0.9904025360494026,0.4541659005841333,0.49768624579818116,0.006134969325153374,-0.04352034521404785
sweep: RSI14 > 75,10,5,9,9,70751,0.7274667495865783,0.6132396789686765,0.4653317030569557,0.4957307789763607,0.006134969325153374,-0.030399075919404994
sweep: RSI14 > 75,10,15,9,9,70751,0.85022119828695,0.8512395752121809,0.4624568309496431,0.49583046549867893,0.006134969325153374,-0.0333736345490358
sweep: RSI14 > 75,10,30,9,9,70751,0.9068281720399711,0.9377418802555344,0.45888382390288396,0.49583372844460316,0.006134969325153374,-0.0369499045417192
sweep: RSI14 > 75,20,5,9,5,70751,0.4873429350821897,0.2913713284070018,0.5054559690961844,0.4913536055230977,0.006134969325153374,0.014102363573086696
sweep: RSI14 > 75,20,15,9,5,70751,0.664838659524247,0.5642207942917569,0.49385444324068684,0.4924271066897133,0.006134969325153374,0.0014273365509735458
sweep: RSI14 > 75,20,30,9,5,70751,0.7623779169199022,0.7376899382266868,0.48495596879816405,0.493079274545997,0.006134969325153374,-0.008123305747832932
sweep: RSI14 > 80,5,5,9,9,25400,0.840748031496063,0.8554849184755883,0.45774003831308246,0.4977363689231274,0.006134969325153374,-0.03999633061004493
sweep: RSI14 > 80,5,15,9,9,25400,0.9109448818897637,0.9660269283422971,0.45599891661042713,0.4977497268870474,0.006134969325153374,-0.041750810276620254
sweep: RSI14 > 80,5,30,9,9,25400,0.9457874015748031,0.989452675396363,0.4556693784513043,0.49768799785405865,0.006134969325153374,-0.042018619402754365
sweep: RSI14 > 80,10,5,9,8,25400,0.7228740157480315,0.6018577059290863,0.4664727963918776,0.49584331136098647,0.018404907975460124,-0.029370514969108863
sweep: RSI14 > 80,10,15,9,8,25400,0.822244094488189,0.8435720118418035,0.4653924659573692,0.4959127196343764,0.006134969325153374,-0.03052025367700717
sweep: RSI14 > 80,10,30,9,8,25400,0.8731889763779528,0.9334932137621393,0.46199561896004804,0.49590923014015204,0.006134969325153374,-0.033913611180104
sweep: RSI14 > 80,20,5,9,5,25400,0.5241338582677165,0.28288978018488514,0.5005229793967334,0.4916396526284102,0.12883435582822086,0.008883326768323208
sweep: RSI14 > 80,20,15,9,4,25400,0.6658661417322834,0.5530858709167552,0.49593754506680415,0.49254852171265656,0.06134969325153374,0.003389023354147591
sweep: RSI14 > 80,20,30,9,4,25400,0.7417322834645669,0.7278307555477818,0.487680148248119,0.49320332085186447,0.09815950920245399,-0.005523172603745463
sweep: RSI60 < 35,5,5,9,9,23920,0.9399247491638796,0.8709430646944784,0.5360766162089083,0.497825583818121,0.006134969325153374,0.038251032390787365
sweep: RSI60 < 35,5,15,9,9,23920,0.9658862876254181,0.9709635424725783,0.5350250069225356,0.49790043120085015,0.006134969325153374,0.03712457572168548
sweep: RSI60 < 35,5,30,9,9,23920,0.9789297658862877,0.9911835813608889,0.5359682205426705,0.497861141878782,0.006134969325153374,0.03810707866388846
sweep: RSI60 < 35,10,5,9,9,23920,0.8948578595317725,0.6252845722636382,0.5270429756160083,0.49548899331326635,0.006134969325153374,0.03155398230274198
sweep: RSI60 < 35,10,15,9,9,23920,0.9349916387959866,0.8580977507856332,0.5290417657751352,0.49573856961251683,0.006134969325153374,0.03330319616261834
sweep: RSI60 < 35,10,30,9,9,23920,0.9520903010033445,0.9411004424614944,0.5313315791682616,0.4958389872992283,0.006134969325153374,0.03549259186903325
sweep: RSI60 < 35,20,5,9,7,23920,0.7499581939799331,0.3035742272265503,0.5029881374974949,0.4910200568325898,0.04294478527607362,0.011968080664905123
sweep: RSI60 < 35,20,15,9,7,23920,0.8657608695652174,0.5762415103365534,0.5087401062200307,0.49200144351664205,0.12883435582822086,0.016738662703388696
sweep: RSI60 < 35,20,30,9,7,23920,0.9031772575250836,0.7469829002087394,0.5130556415474726,0.49273157569744436,0.12883435582822086,0.020324065850028272
sweep: RSI60 < 40,5,5,9,9,134567,0.9443251317187721,0.8732269286992346,0.5254489287833469,0.4979614493806273,0.006134969325153374,0.027487479402719617
sweep: RSI60 < 40,5,15,9,9,134567,0.9785608655911182,0.9718701070736668,0.5253333559007872,0.49800375992768653,0.006134969325153374,0.027329595973100695
sweep: RSI60 < 40,5,30,9,9,134567,0.9890835048711795,0.991575554544532,0.525506605569428,0.4979596256250065,0.006134969325153374,0.027546979944421457
sweep: RSI60 < 40,10,5,9,9,134567,0.8537754427162677,0.630231170282572,0.5173274754242612,0.49568869920988035,0.006134969325153374,0.021638776214380817
sweep: RSI60 < 40,10,15,9,9,134567,0.9376518760171513,0.8612485209541095,0.5201977700730056,0.49583522080920794,0.006134969325153374,0.02436254926379766
sweep: RSI60 < 40,10,30,9,9,134567,0.965377841521324,0.9428641930716456,0.5221254771905379,0.49589195045378476,0.006134969325153374,0.026233526736753165
sweep: RSI60 < 40,20,5,9,5,134567,0.6264537368002556,0.3074303492812708,0.4881094318487453,0.4911712948524413,0.006134969325153374,-0.0030618630036960415
sweep: RSI60 < 40,20,15,9,7,134567,0.8091731256548782,0.5818466618630787,0.4993266623041801,0.49223745170693667,0.006134969325153374,0.007089210597243434
sweep: RSI60 < 40,20,30,9,7,134567,0.8827201319788656,0.7518255484494254,0.5052727567042898,0.4928351055245217,0.006134969325153374,0.012437651179768139
sweep: RSI60 < 45,5,5,9,9,678411,0.9159167525290716,0.8754417350794307,0.5153514356900991,0.4978703398880449,0.006134969325153374,0.017481095802054203
sweep: RSI60 < 45,5,15,9,9,678398,0.9777932717962022,0.9726453385696954,0.5165265736797962,0.49791124513602936,0.006134969325153374,0.018615328543766796
sweep: RSI60 < 45,5,30,9,9,678364,0.9915856383888296,0.9918358246941124,0.5166985976643,0.4978600143964669,0.006134969325153374,0.018838583267833164
sweep: RSI60 < 45,10,5,9,7,678411,0.7504845882510749,0.6334174463547083,0.5033670277678964,0.49562810772134247,0.006134969325153374,0.007738920046553965
sweep: RSI60 < 45,10,15,9,8,678398,0.9060905250310289,0.8636710710037733,0.5097919286179877,0.4957708086889272,0.006134969325153374,0.014021119929060522
sweep: RSI60 < 45,10,30,9,8,678364,0.9571336332706335,0.9442750865035605,0.5123702380564428,0.49582199801680593,0.006134969325153374,0.01654824003963684
sweep: RSI60 < 45,20,5,9,8,678411,0.45493660922361223,0.3085621684013063,0.4674563656349783,0.49108319355448127,0.006134969325153374,-0.02362682791950299
sweep: RSI60 < 45,20,15,9,5,678398,0.6983407969952742,0.5845594868686671,0.4859595807393634,0.4921920718151116,0.006134969325153374,-0.006232491075748192
sweep: RSI60 < 45,20,30,9,6,678364,0.8222974686156694,0.7546262711934634,0.4962050830616697,0.49278962052089414,0.006134969325153374,0.003415462540775571
sweep: RSI60 > 55,5,5,9,9,732011,0.9050465088639378,0.8760215667427478,0.479659723620646,0.49776558793134307,0.006134969325153374,-0.01810586431069705
sweep: RSI60 > 55,5,15,9,9,732010,0.9763923990109424,0.9729303946194771,0.4779242678338086,0.49780384288631263,0.006134969325153374,-0.01987957505250404
sweep: RSI60 > 55,5,30,9,9,732010,0.9912337263152142,0.9919374975713523,0.4776290323287012,0.4977463476386012,0.006134969325153374,-0.02011731530990002
sweep: RSI60 > 55,10,5,9,7,732011,0.7117215451680371,0.6337369421116936,0.48780933954441646,0.49554871023690833,0.006134969325153374,-0.007739370692491865
sweep: RSI60 > 55,10,15,9,8,732010,0.8940601904345569,0.864346329925773,0.48040773447614377,0.4957019162296177,0.006134969325153374,-0.015294181753473912
sweep: RSI60 > 55,10,30,9,8,732010,0.953183699676234,0.944778210173891,0.4778516546407174,0.4957401399953062,0.006134969325153374,-0.017888485354588812
sweep: RSI60 > 55,20,5,9,8,732011,0.39287251147865265,0.3076693992958111,0.5231655319265972,0.4909573464368668,0.006134969325153374,0.03220818548973042
sweep: RSI60 > 55,20,15,9,5,732010,0.6583953771123345,0.5844615138758552,0.5001558997373917,0.49215704127919724,0.006134969325153374,0.00799885845819448
sweep: RSI60 > 55,20,30,9,6,732010,0.7983210611876886,0.7550118265736361,0.4890380476802101,0.4927825877541728,0.006134969325153374,-0.0037445400739626877
sweep: RSI60 > 60,5,5,9,9,153484,0.935452555315212,0.8716319833138154,0.47881817490783446,0.4978310913400911,0.006134969325153374,-0.019012916432256666
sweep: RSI60 > 60,5,15,9,9,153484,0.9759779520992417,0.9713522250300218,0.47661443368147133,0.49785971746260604,0.006134969325153374,-0.021245283781134716
sweep: RSI60 > 60,5,30,9,9,153484,0.9880508717521045,0.9913484892465595,0.47562590172306884,0.4977995349453816,0.006134969325153374,-0.02217363322231275
sweep: RSI60 > 60,10,5,9,8,153484,0.8220596283651717,0.6275320851199278,0.487702811618505,0.49575200838548295,0.03680981595092025,-0.008049196766977962
sweep: RSI60 > 60,10,15,9,8,153484,0.9290935863021553,0.8600886754372707,0.48267666363906675,0.49584502063314306,0.03067484662576687,-0.013168356994076313
sweep: RSI60 > 60,10,30,9,8,153484,0.9612923822678585,0.9423182854625629,0.48080297418152274,0.49585476350307073,0.03067484662576687,-0.015051789321547993
sweep: RSI60 > 60,20,5,9,8,153484,0.5580386229183498,0.3028294781303384,0.5162935449276063,0.4913105446995195,0.006134969325153374,0.02498300022808675
sweep: RSI60 > 60,20,15,9,7,153484,0.7760418024028564,0.5786200577845425,0.501261387433323,0.49240154523399976,0.006134969325153374,0.008859842199323287
sweep: RSI60 > 60,20,30,9,4,153484,0.8650413072372365,0.7498574915375789,0.493329137801991,0.4930230560145258,0.012269938650306749,0.00030608178746521775
sweep: RSI60 > 65,5,5,9,9,31440,0.9411577608142494,0.867299139409239,0.4761653724380947,0.4978296811381853,0.024539877300613498,-0.021664308700090618
sweep: RSI60 > 65,5,15,9,9,31440,0.9700063613231552,0.9699051663149372,0.47395245451695395,0.4978510896702089,0.024539877300613498,-0.023898635153254966
sweep: RSI60 > 65,5,30,9,9,31440,0.9818066157760814,0.9908384913820709,0.4722987686224447,0.4977861505236134,0.024539877300613498,-0.025487381901168726
sweep: RSI60 > 65,10,5,9,7,31440,0.8736641221374046,0.6206912831703454,0.4858795790145611,0.49581858850915955,0.38650306748466257,-0.009939009494598472
sweep: RSI60 > 65,10,15,9,7,31440,0.9373091603053435,0.8555807539008096,0.4855156474346043,0.49591582569841536,0.3128834355828221,-0.010400178263811066
sweep: RSI60 > 65,10,30,9,8,31440,0.9595419847328245,0.9398458325267822,0.484546087271018,0.49590795056010695,0.24539877300613497,-0.011361863289088947
sweep: RSI60 > 65,20,5,9,8,31440,0.6761132315521629,0.297646354572249,0.512811424979042,0.4913782147149698,0.2392638036809816,0.02143321026407219
sweep: RSI60 > 65,20,15,9,7,31440,0.8392811704834605,0.5718471924500648,0.5088076772368922,0.4925180260974395,0.5644171779141104,0.016289651139452743
sweep: RSI60 > 65,20,30,9,5,31440,0.8979643765903308,0.7439153030545116,0.5064791972318485,0.49321309724087825,0.5398773006134969,0.013266099990970281
sweep: larger trades than usual (size5 > 1.2),5,5,9,5,805728,0.886570902339251,0.8771345066111054,0.4973488021857519,0.497871501894218,0.7116564417177914,-0.0005226997084661344
sweep: larger trades than usual (size5 > 1.2),5,15,9,5,805690,0.9734550509501173,0.9736928959214733,0.4971006741910728,0.49789044907626345,0.6748466257668712,-0.0007897748851906639
sweep: larger trades than usual (size5 > 1.2),5,30,9,6,805661,0.9915771025282346,0.9923632967710556,0.4970146849243499,0.4978406498224113,0.6748466257668712,-0.0008259648980613599
sweep: larger trades than usual (size5 > 1.2),10,5,9,4,805728,0.6716683545811987,0.6359726897266083,0.4961110059326885,0.4954832997145105,0.7484662576687117,0.0006277062181779813
sweep: larger trades than usual (size5 > 1.2),10,15,9,6,805690,0.8748985341756755,0.8658777807520621,0.495083588840146,0.49562605148147,1.0,-0.0005424626413239597
sweep: larger trades than usual (size5 > 1.2),10,30,9,6,805661,0.9478800636992482,0.9459045179260361,0.49486822131835717,0.49565428526368627,1.0,-0.0007860639453290963
sweep: larger trades than usual (size5 > 1.2),20,5,9,7,805728,0.36300215457325546,0.31193264823204664,0.49373035235402585,0.4906543739462859,0.2883435582822086,0.003075978407739932
sweep: larger trades than usual (size5 > 1.2),20,15,9,5,805690,0.6204445878687833,0.5879555166086569,0.49342550120469586,0.4920940943206335,0.39263803680981596,0.0013314068840623583
sweep: larger trades than usual (size5 > 1.2),20,30,9,5,805661,0.774280994115391,0.7576608772620096,0.4931866151518004,0.49260640593830757,1.0,0.0005802092134928327
sweep: more trades than usual (nratio5 > 1.5),5,5,9,6,619785,0.973618270851989,0.8737831606271754,0.4996367453191486,0.49786712061038374,0.012269938650306749,0.0017696247087648498
sweep: more trades than usual (nratio5 > 1.5),5,15,9,6,619783,0.9955145591279528,0.972711290617872,0.4994485465107534,0.4978912741760953,0.018404907975460124,0.0015572723346580775
sweep: more trades than usual (nratio5 > 1.5),5,30,9,6,619783,0.9985898290208024,0.9919740184359347,0.49937289565101556,0.4978355490746189,0.018404907975460124,0.0015373465763966476
sweep: more trades than usual (nratio5 > 1.5),10,5,9,6,619785,0.8664569165113709,0.6283179384981193,0.4973811446499767,0.495658901171859,0.03067484662576687,0.0017222434781176688
sweep: more trades than usual (nratio5 > 1.5),10,15,9,6,619783,0.9665253806574237,0.8622205133587456,0.49725254963450627,0.4957856548586029,0.06134969325153374,0.0014668947759033935
sweep: more trades than usual (nratio5 > 1.5),10,30,9,6,619783,0.9883313998609191,0.94418002905719,0.49727649885765707,0.4958170705407601,0.12883435582822086,0.0014594283168969935
sweep: more trades than usual (nratio5 > 1.5),20,5,9,7,619785,0.575614124252765,0.3026217305123747,0.4942210907123978,0.4910152853470466,0.06134969325153374,0.0032058053653511998
sweep: more trades than usual (nratio5 > 1.5),20,15,9,6,619783,0.8157355074275997,0.5792280165607347,0.4942788153690672,0.4923282366697116,0.20245398773006135,0.0019505786993556096
sweep: more trades than usual (nratio5 > 1.5),20,30,9,6,619783,0.9105154546026594,0.7514466392056004,0.49416320559893384,0.4928615852428526,0.44171779141104295,0.0013016203560812234
sweep: previous window down,5,5,9,7,2240861,0.8832725456866802,0.8812315773040723,0.5058984685021837,0.49767140459331505,0.006134969325153374,0.008227063908868626
sweep: previous window down,5,15,9,8,2240818,0.9742379791665365,0.9744311894326338,0.506698837992009,0.4977348828639676,0.006134969325153374,0.008963955128041379
sweep: previous window down,5,30,9,8,2240744,0.992215085703677,0.9924188078650645,0.5068010934083995,0.4976804010098336,0.006134969325153374,0.009120692398565944
sweep: previous window down,10,5,9,7,2240861,0.6481874600878859,0.6421965223076308,0.49872810574455556,0.495300679776205,0.006134969325153374,0.0034274259683505504
sweep: previous window down,10,15,9,8,2240818,0.8708650144723936,0.8691812604879735,0.502981203843891,0.49554069560554226,0.006134969325153374,0.007440508238348742
sweep: previous window down,10,30,9,8,2240744,0.947393365774939,0.9471806338699057,0.5042593600893455,0.4956210073805974,0.006134969325153374,0.008638352708748076
sweep: previous window down,20,5,9,8,2240861,0.3232471804364483,0.31511788627982473,0.4721893214065135,0.4906034012360101,0.006134969325153374,-0.01841407982949661
sweep: previous window down,20,15,9,6,2240818,0.5983413200001071,0.5925479606830257,0.48952817607353566,0.4918196529681643,0.006134969325153374,-0.0022914768946286634
sweep: previous window down,20,30,9,8,2240744,0.764812490851253,0.7614411248838278,0.4959475720412816,0.49252538191123224,0.006134969325153374,0.003422190130049352
sweep: previous window up,5,5,9,7,2264089,0.8795572965550382,0.8815773260021225,0.4894629470305004,0.49764217980595854,0.006134969325153374,-0.008179232775458123
sweep: previous window up,5,15,9,8,2264042,0.9747509100979576,0.9745596817364449,0.48883777386919625,0.4977075785216261,0.006134969325153374,-0.008869804652429869
sweep: previous window up,5,30,9,8,2263981,0.9926651327904253,0.9924635015882218,0.48862822327350003,0.4976523113880663,0.006134969325153374,-0.009024088114566287
sweep: previous window up,10,5,9,7,2264089,0.6366149917251486,0.6425444665934952,0.49179650272889036,0.4952609685441671,0.006134969325153374,-0.0034644658152767627
sweep: previous window up,10,15,9,8,2264042,0.8678222400467835,0.8694887224865353,0.4881142254601862,0.4955134816054344,0.006134969325153374,-0.007399256145248223
sweep: previous window up,10,30,9,8,2263981,0.9471621007420116,0.9473726492138461,0.48703229151087907,0.4955948115633688,0.006134969325153374,-0.008562520052489753
sweep: previous window up,20,5,9,8,2264089,0.3071990544541314,0.3152449476293139,0.5095979653597975,0.4905422584661934,0.006134969325153374,0.019055706893604085
sweep: previous window up,20,15,9,6,2264042,0.5870491801830532,0.5927831126092995,0.49408699179679993,0.4917844599796517,0.006134969325153374,0.0023025318171482345
sweep: previous window up,20,30,9,8,2263981,0.7583787143089982,0.7617154773221649,0.48908687838073905,0.49250586242924127,0.006134969325153374,-0.003418984048502216
sweep: price < VWAP60 - 15 bp,5,5,9,9,951042,0.9766277409409889,0.8983452706657278,0.5199247525050945,0.4978126644963602,0.006134969325153374,0.02211208800873432
sweep: price < VWAP60 - 15 bp,5,15,9,9,951035,0.9986993118024048,0.979334870113286,0.5200284591226961,0.49789315387525285,0.006134969325153374,0.022135305247443282
sweep: price < VWAP60 - 15 bp,5,30,9,9,951018,0.9998717164133591,0.9940768625080912,0.5200157711419954,0.49784890799182735,0.006134969325153374,0.022166863150168026
sweep: price < VWAP60 - 15 bp,10,5,9,9,951042,0.8455641286084106,0.6741899384541097,0.5120987768605585,0.4951766893450231,0.006134969325153374,0.016922087515535367
sweep: price < VWAP60 - 15 bp,10,15,9,9,951035,0.9722397177811543,0.8868697033004068,0.5158533349446703,0.49541658364287994,0.006134969325153374,0.0204367513017904
sweep: price < VWAP60 - 15 bp,10,30,9,9,951018,0.9945563596062325,0.9557177505068432,0.5162804416663995,0.4955107357058814,0.006134969325153374,0.020769705960518137
sweep: price < VWAP60 - 15 bp,20,5,9,8,951042,0.5182021403891731,0.3443504216709433,0.4788244637884084,0.49031362534187917,0.006134969325153374,-0.01148916155347074
sweep: price < VWAP60 - 15 bp,20,15,9,6,951035,0.7960117135541804,0.6256682279035829,0.4980169956219697,0.4915083690849478,0.006134969325153374,0.006508626537021889
sweep: price < VWAP60 - 15 bp,20,30,9,8,951018,0.9140573574842957,0.7875754465544954,0.5042330929845996,0.49218439220278754,0.006134969325153374,0.012048700781812083
sweep: price < VWAP60 - 30 bp,5,5,9,9,428751,0.9971545255871124,0.9118456685438574,0.5273481948947055,0.4978591081996995,0.006134969325153374,0.02948908669500605
sweep: price < VWAP60 - 30 bp,5,15,9,9,428748,0.9998413986770783,0.9828492047284411,0.5274637589146293,0.49796297885505203,0.006134969325153374,0.029500780059577236
sweep: price < VWAP60 - 30 bp,5,30,9,9,428741,0.9999067035809498,0.9952100313309422,0.5274847358816118,0.49793226753680575,0.006134969325153374,0.02955246834480607
sweep: price < VWAP60 - 30 bp,10,5,9,9,428751,0.9561960205340629,0.7012105390864805,0.5231394381556673,0.4949240502712984,0.006134969325153374,0.028215387884368948
sweep: price < VWAP60 - 30 bp,10,15,9,9,428748,0.9964547939582226,0.9006384506446877,0.5239849478488299,0.4952023654576567,0.006134969325153374,0.02878258239117315
sweep: price < VWAP60 - 30 bp,10,30,9,9,428741,0.9995171910314152,0.9619484251255401,0.5239757574487319,0.49532313266774997,0.006134969325153374,0.02865262478098196
sweep: price < VWAP60 - 30 bp,20,5,9,4,428751,0.7227831538585333,0.370966992738881,0.49914679713801086,0.48992801097184785,0.006134969325153374,0.009218786166163007
sweep: price < VWAP60 - 30 bp,20,15,9,9,428748,0.9280299849795217,0.6539001791677909,0.5126994149527832,0.4910341553564229,0.006134969325153374,0.02166525959636023
sweep: price < VWAP60 - 30 bp,20,30,9,9,428741,0.979621729668961,0.8088371230943475,0.5145812550580673,0.49173830072872493,0.006134969325153374,0.022842954329342358
sweep: price < VWAP60 - 50 bp,5,5,9,9,184486,0.9996476697418775,0.9222703680324464,0.5290578982525279,0.4977858209924184,0.006134969325153374,0.0312720772601095
sweep: price < VWAP60 - 50 bp,5,15,9,9,184485,0.9998644876277204,0.9854814419351092,0.529054340303216,0.4979168128302998,0.006134969325153374,0.03113752747291615
sweep: price < VWAP60 - 50 bp,5,30,9,9,184484,0.9998699074174454,0.9960546087446929,0.5290596853834735,0.49789990140963414,0.006134969325153374,0.03115978397383934
sweep: price < VWAP60 - 50 bp,10,5,9,9,184486,0.9925360189933111,0.7223664782260681,0.5272595585383163,0.4945065901931684,0.006134969325153374,0.032752968345147904
sweep: price < VWAP60 - 50 bp,10,15,9,9,184485,0.999707293275876,0.9109820258301659,0.5272610843830837,0.4948828439195972,0.006134969325153374,0.03237824046348653
sweep: price < VWAP60 - 50 bp,10,30,9,9,184484,0.9998590663688992,0.966519116922484,0.5272432657084494,0.4950403629332644,0.006134969325153374,0.03220290277518495
sweep: price < VWAP60 - 50 bp,20,5,9,8,184486,0.8860889173162191,0.39301506312406814,0.5137160496710677,0.48931190392624585,0.006134969325153374,0.024404145744821804
sweep: price < VWAP60 - 50 bp,20,15,9,9,184485,0.9856356885383636,0.6759785112236361,0.518048821473042,0.4904146030525765,0.006134969325153374,0.027634218420465484
sweep: price < VWAP60 - 50 bp,20,30,9,9,184484,0.9971596452808915,0.824968387495067,0.5183699635149125,0.4912085182090994,0.006134969325153374,0.027161445305813103
sweep: price > VWAP60 + 15 bp,5,5,9,9,1028997,0.9701038972902739,0.8982591660350063,0.4792158018861265,0.49772206128365404,0.006134969325153374,-0.018506259397527536
sweep: price > VWAP60 + 15 bp,5,15,9,9,1028992,0.9979212666376415,0.9793968730501772,0.4788080907352323,0.49780190199460633,0.006134969325153374,-0.01899381125937405
sweep: price > VWAP60 + 15 bp,5,30,9,9,1028978,0.9996792934348451,0.994106598396262,0.47884827401229657,0.49775420725566644,0.006134969325153374,-0.018905933243369866
sweep: price > VWAP60 + 15 bp,10,5,9,8,1028997,0.8175495166652575,0.6735124377440659,0.48272447251932965,0.49508410010326775,0.006134969325153374,-0.012359627583938104
sweep: price > VWAP60 + 15 bp,10,15,9,9,1028992,0.9640551141311108,0.8867917640057494,0.4780518415404624,0.49534270791671225,0.006134969325153374,-0.01729086637624988
sweep: price > VWAP60 + 15 bp,10,30,9,9,1028978,0.992078547840673,0.9558051149110868,0.4775721293425767,0.4954309198094568,0.006134969325153374,-0.017858790466880103
sweep: price > VWAP60 + 15 bp,20,5,9,8,1028997,0.47056988504339664,0.3432100138954053,0.5082408438631977,0.4901739551868213,0.006134969325153374,0.018066888676376403
sweep: price > VWAP60 + 15 bp,20,15,9,4,1028992,0.7651808760417963,0.624718198545204,0.49016204947857456,0.49144546449451937,0.006134969325153374,-0.001283415015944811
sweep: price > VWAP60 + 15 bp,20,30,9,6,1028978,0.8961085659751715,0.787069954273907,0.4839462594614743,0.49214663107940315,0.006134969325153374,-0.008200371617928859
sweep: price > VWAP60 + 30 bp,5,5,9,9,469191,0.9948613677585461,0.9113149233480025,0.47278014802707147,0.49773147434429726,0.006134969325153374,-0.024951326317225797
sweep: price > VWAP60 + 30 bp,5,15,9,9,469191,0.9996547248348754,0.9828239256460685,0.47275850114571255,0.4978327560772712,0.006134969325153374,-0.025074254931558626
sweep: price > VWAP60 + 30 bp,5,30,9,9,469191,0.9997932611665612,0.9952096649498124,0.47278864030311163,0.49779646212621265,0.006134969325153374,-0.025007821823101017
sweep: price > VWAP60 + 30 bp,10,5,9,9,469191,0.934772832385958,0.699500040733042,0.4725551783191409,0.49481879827876457,0.006134969325153374,-0.02226361995962367
sweep: price > VWAP60 + 30 bp,10,15,9,9,469191,0.9934674791289688,0.9001721414663196,0.47165369813933644,0.4951104933339776,0.006134969325153374,-0.023456795194641167
sweep: price > VWAP60 + 30 bp,10,30,9,9,469191,0.9990068010682217,0.9619240904525309,0.4717605693430065,0.4952244454460633,0.006134969325153374,-0.023463876103056835
sweep: price > VWAP60 + 30 bp,20,5,9,5,469191,0.6570266693095136,0.36837030856568115,0.49119218741418447,0.4897875642178529,0.006134969325153374,0.0014046231963315559
sweep: price > VWAP60 + 30 bp,20,15,9,7,469191,0.8999000407083683,0.6517222131938848,0.47824559434806235,0.4909682140909542,0.006134969325153374,-0.01272261974289185
sweep: price > VWAP60 + 30 bp,20,30,9,7,469191,0.9689550737332984,0.8075507791506864,0.4761770034779771,0.49168613881497053,0.006134969325153374,-0.01550913533699344
sweep: price > VWAP60 + 50 bp,5,5,9,9,200443,0.9989972211551413,0.9218024597655319,0.47194049024341767,0.49767691008907033,0.006134969325153374,-0.02573641984565267
sweep: price > VWAP60 + 50 bp,5,15,9,9,200443,0.9995709503449859,0.9854631152558643,0.4719891393058987,0.4978025653497842,0.006134969325153374,-0.02581342604388548
sweep: price > VWAP60 + 50 bp,5,30,9,9,200443,0.9995709503449859,0.9960452358559272,0.4719891393058987,0.4977780616314573,0.006134969325153374,-0.025788922325558628
sweep: price > VWAP60 + 50 bp,10,5,9,9,200443,0.9843346986425069,0.7209231439117995,0.4689669766751466,0.4944606806776698,0.006134969325153374,-0.02549370400252321
sweep: price > VWAP60 + 50 bp,10,15,9,9,200443,0.9989872432561876,0.9107150303269511,0.46894149098313753,0.49482296150889,0.006134969325153374,-0.02588147052575246
sweep: price > VWAP60 + 50 bp,10,30,9,9,200443,0.9994961161028322,0.9666087207338971,0.4688658771198847,0.4949758578632681,0.006134969325153374,-0.026109980743383387
sweep: price > VWAP60 + 50 bp,20,5,9,7,200443,0.8255314478430277,0.390187227940434,0.4751379833647282,0.4892764385056022,0.006134969325153374,-0.014138455140874029
sweep: price > VWAP60 + 50 bp,20,15,9,9,200443,0.9715280653352824,0.6740254963831255,0.47063981964962437,0.4903938509031562,0.006134969325153374,-0.019754031253531812
sweep: price > VWAP60 + 50 bp,20,30,9,8,200443,0.9941928628088783,0.823974701605628,0.4707151792634068,0.4911657112947171,0.006134969325153374,-0.02045053203131031
sweep: range position < 0.05,5,5,9,8,110297,0.9068877666663645,0.8642447909230341,0.5273922271263608,0.4983940333964334,0.006134969325153374,0.028998193729927402
sweep: range position < 0.05,5,15,9,8,110297,0.9757019683218945,0.9701546992386632,0.5281173819622098,0.49834506743943413,0.006134969325153374,0.029772314522775678
sweep: range position < 0.05,5,30,9,8,110296,0.9916406759991296,0.9912935047915651,0.5284902122106095,0.4982899684189082,0.006134969325153374,0.03020024379170133
sweep: range position < 0.05,10,5,9,8,110297,0.7513440982075669,0.6140855953915869,0.5173956113147002,0.49641030288179017,0.006134969325153374,0.020985308432910077
sweep: range position < 0.05,10,15,9,9,110297,0.8984378541574114,0.8535871272106953,0.5213703258460091,0.4963225497244005,0.006134969325153374,0.025047776121608578
sweep: range position < 0.05,10,30,9,9,110296,0.9528904040037717,0.939898869607061,0.5238553297043373,0.4962732560110462,0.006134969325153374,0.02758207369329113
sweep: range position < 0.05,20,5,9,5,110297,0.49432894820348694,0.2925410769135419,0.4826720622243959,0.49182544018688007,0.024539877300613498,-0.009153377962484166
sweep: range position < 0.05,20,15,9,6,110297,0.7069185925274486,0.56698673153354,0.501223000191373,0.493211913774439,0.006134969325153374,0.008011086416933988
sweep: range position < 0.05,20,30,9,8,110296,0.8180169725103358,0.7410496120509632,0.511316832220392,0.4934951085785036,0.006134969325153374,0.017821723641888443
sweep: range position < 0.1,5,5,9,9,248065,0.9104387962832322,0.8696917358744374,0.5235103549706388,0.4982986941955827,0.006134969325153374,0.0252116607750561
sweep: range position < 0.1,5,15,9,9,248064,0.9781628934468525,0.9714489207653616,0.5234634722549013,0.49828094888821683,0.006134969325153374,0.025182523366684473
sweep: range position < 0.1,5,30,9,9,248062,0.9925784682861543,0.9916190153220703,0.5235247437851381,0.49822750554692335,0.006134969325153374,0.02529723823821478
sweep: range position < 0.1,10,5,9,8,248065,0.7493560155604377,0.62372496219553,0.5133495288589426,0.49624740971372394,0.006134969325153374,0.01710211914521864
sweep: range position < 0.1,10,15,9,8,248064,0.9021381578947368,0.8587556668190975,0.5178532735850604,0.4962124465496421,0.006134969325153374,0.02164082703541831
sweep: range position < 0.1,10,30,9,9,248062,0.9561319347582459,0.942191819670746,0.5197446439061048,0.49619397560010314,0.006134969325153374,0.02355066830600161
sweep: range position < 0.1,20,5,9,5,248065,0.4776490032854292,0.30051255067996435,0.4736819196462648,0.49171140113830936,0.006134969325153374,-0.01802948149204453
sweep: range position < 0.1,20,15,9,5,248064,0.7039957430340558,0.5762023012102959,0.49474200130347,0.49295693644529487,0.006134969325153374,0.001785064858175145
sweep: range position < 0.1,20,30,9,8,248062,0.8215929888495618,0.7483115237687517,0.5055478443531898,0.4933296698643589,0.006134969325153374,0.01221817448883089
sweep: range position < 0.15,5,5,9,9,428339,0.908236233450608,0.8731736262279565,0.5190424545447834,0.4981793852204879,0.006134969325153374,0.02086306932429549
sweep: range position < 0.15,5,15,9,9,428336,0.9775339920062754,0.9722825526997702,0.5193274910770304,0.498184410000572,0.006134969325153374,0.021143081076458348
sweep: range position < 0.15,5,30,9,9,428324,0.9921554710919771,0.9918304970104145,0.5191958298869978,0.4981326025903549,0.006134969325153374,0.02106322729664284
sweep: range position < 0.15,10,5,9,8,428339,0.7364727470531518,0.6298074033418243,0.5082841824050158,0.49604912141765206,0.006134969325153374,0.012235060987363766
sweep: range position < 0.15,10,15,9,8,428336,0.8996862276343804,0.8619872349025958,0.5137204009364698,0.4960709798495365,0.006134969325153374,0.017649421086933237
sweep: range position < 0.15,10,30,9,9,428324,0.9560729727962944,0.9436436878054411,0.5155077947126195,0.49607904138313286,0.006134969325153374,0.01942875332948668
sweep: range position < 0.15,20,5,9,7,428339,0.45216055507436864,0.30569896099229116,0.46872423587128403,0.49151268811859294,0.006134969325153374,-0.02278845224730891
sweep: range position < 0.15,20,15,9,5,428336,0.6917209853946434,0.5819144666218647,0.489219267649234,0.4926902972268414,0.006134969325153374,-0.003471029577607365
sweep: range position < 0.15,20,30,9,7,428324,0.8175656745827925,0.7527519295007924,0.4996710688132715,0.4931350615603766,0.006134969325153374,0.006536007252894882
sweep: range position > 0.85,5,5,9,9,571004,0.9025803672128392,0.8790441347781658,0.4779585289689082,0.4978152776397705,0.006134969325153374,-0.01985674867086229
sweep: range position > 0.85,5,15,9,9,571002,0.9790088300916634,0.9741551305176851,0.4760708162987266,0.497835836445914,0.006134969325153374,-0.021765020147187397
sweep: range position > 0.85,5,30,9,9,570999,0.9930998127842605,0.992441285917628,0.4756987481036572,0.4977743350021399,0.006134969325153374,-0.022075586898482713
sweep: range position > 0.85,10,5,9,8,571004,0.7012542819314751,0.6385996150777784,0.4849793168186737,0.4955884427260028,0.006134969325153374,-0.010609125907329098
sweep: range position > 0.85,10,15,9,8,571002,0.8949145537143478,0.8678278543589686,0.47789254226484995,0.495709301118027,0.006134969325153374,-0.017816758853177073
sweep: range position > 0.85,10,30,9,9,570999,0.9567424811602122,0.9468467430117395,0.47544201653318263,0.49572624627047934,0.006134969325153374,-0.02028422973729671
sweep: range position > 0.85,20,5,9,8,571004,0.3859587673641516,0.3111565201312845,0.5228603893902679,0.49087092060586524,0.006134969325153374,0.031989468784402675
sweep: range position > 0.85,20,15,9,5,571002,0.6554898231529837,0.5895085506126092,0.4979637683032633,0.4922291149185961,0.006134969325153374,0.0057346533846671655
sweep: range position > 0.85,20,30,9,6,570999,0.8004549920402663,0.7596218318961364,0.4862362024068788,0.49279289553573724,0.006134969325153374,-0.006556693128858426
sweep: range position > 0.90,5,5,9,9,337835,0.9038080719878047,0.8762121102782128,0.47408531566656137,0.4978787662061263,0.006134969325153374,-0.023793450539564942
sweep: range position > 0.90,5,15,9,9,337835,0.9782734174967069,0.9735162506280453,0.47190260180439186,0.4978808245155006,0.006134969325153374,-0.025978222711108723
sweep: range position > 0.90,5,30,9,9,337835,0.9926798585108115,0.9922838468958473,0.4713922348330698,0.4978155593137936,0.006134969325153374,-0.02642332448072382
sweep: range position > 0.90,10,5,9,8,337835,0.7144493613746355,0.6333731636561942,0.48258349636537234,0.4957223803517348,0.006134969325153374,-0.013138883986362482
sweep: range position > 0.90,10,15,9,9,337835,0.8960498468187132,0.8651969592482673,0.4748539747963952,0.49580376024427025,0.006134969325153374,-0.02094978544787507
sweep: range position > 0.90,10,30,9,9,337835,0.9565261148193644,0.9457249881111852,0.4719119742820382,0.4957979239090567,0.006134969325153374,-0.02388594962701851
sweep: range position > 0.90,20,5,9,8,337835,0.41162401764174816,0.3063636921795204,0.5247776985591528,0.4909844480832532,0.006134969325153374,0.033793250475899594
sweep: range position > 0.90,20,15,9,5,337835,0.6685482558053487,0.5844425642811365,0.49667338057551674,0.4924300243777977,0.006134969325153374,0.004243356197719039
sweep: range position > 0.90,20,30,9,6,337835,0.8042387556055471,0.7558137518614136,0.4839978328715218,0.49294853132201416,0.006134969325153374,-0.008950698450492345
sweep: range position > 0.95,5,5,9,8,151420,0.9007858935411438,0.8719865399298379,0.46979047581298394,0.4979276296211504,0.006134969325153374,-0.02813715380816645
sweep: range position > 0.95,5,15,9,8,151420,0.9748778232730154,0.9725803819270119,0.4668405494938219,0.49790500543280525,0.006134969325153374,-0.031064455938983326
sweep: range position > 0.95,5,30,9,9,151420,0.9908928807290979,0.9920608157166915,0.46628120270644935,0.49783483962153297,0.006134969325153374,-0.031553636915083616
sweep: range position > 0.95,10,5,9,8,151420,0.7214766873596619,0.6254589408161106,0.48029622448316606,0.49583556721285454,0.006134969325153374,-0.015539342729688488
sweep: range position > 0.95,10,15,9,9,151420,0.8936798309338264,0.8611795457834964,0.47089158548867943,0.49588277321314944,0.006134969325153374,-0.02499118772447001
sweep: range position > 0.95,10,30,9,9,151420,0.9535596354510633,0.9440316702521293,0.46710070994587416,0.49585032217955716,0.006134969325153374,-0.028749612233682997
sweep: range position > 0.95,20,5,9,7,151420,0.43344340245674284,0.2993762013526923,0.5216909710373442,0.49102555244997875,0.006134969325153374,0.030665418587365434
sweep: range position > 0.95,20,15,9,5,151420,0.6742702417117951,0.5767110052343235,0.4889045712270753,0.49263421983997147,0.06748466257668712,-0.0037296486128961526
sweep: range position > 0.95,20,30,9,8,151420,0.8039558842953375,0.7499169049548174,0.4754756414162224,0.49310251603519245,0.024539877300613498,-0.017626874618970056
sweep: taker buy share > 0.1 (15 min),5,5,9,9,1095249,0.8751416344593786,0.8809476112076919,0.4868420924586184,0.4973600472948202,0.006134969325153374,-0.01051795483620177
sweep: taker buy share > 0.1 (15 min),5,15,9,9,1095223,0.9741806006630613,0.9752657815294086,0.4859490648041471,0.49744528304826774,0.006134969325153374,-0.011496218244120615
sweep: taker buy share > 0.1 (15 min),5,30,9,9,1095196,0.9922452236859887,0.9929287565554762,0.48589617894286435,0.49740216773855717,0.006134969325153374,-0.011505988795692812
sweep: taker buy share > 0.1 (15 min),10,5,9,7,1095249,0.6201722165461918,0.6379435608277307,0.4886323251171952,0.4944908895967386,0.006134969325153374,-0.0058585644795434155
sweep: taker buy share > 0.1 (15 min),10,15,9,8,1095223,0.8623467549531009,0.8681011231981214,0.48503872327214215,0.4949578066389541,0.006134969325153374,-0.009919083366811965
sweep: taker buy share > 0.1 (15 min),10,30,9,9,1095196,0.9456517372232915,0.9477695856397864,0.4841272089462298,0.49515666858016966,0.006134969325153374,-0.011029459633939864
sweep: taker buy share > 0.1 (15 min),20,5,9,6,1095249,0.2869000565168286,0.31368866721486316,0.5025274731340339,0.48925155363889233,0.006134969325153374,0.013275919495141564
sweep: taker buy share > 0.1 (15 min),20,15,9,4,1095223,0.566875421717769,0.5879877572015061,0.49067822122543064,0.4908862136074455,0.006134969325153374,-0.00020799238201485437
sweep: taker buy share > 0.1 (15 min),20,30,9,7,1095196,0.745952322689272,0.7580474752679753,0.4857761809167438,0.4915722894839023,0.05521472392638037,-0.005796108567158509
sweep: taker buy share > 0.2 (15 min),5,5,9,9,504480,0.850890025372661,0.8725088542979947,0.48584634873551763,0.49738719038715795,0.006134969325153374,-0.011540841651640321
sweep: taker buy share > 0.2 (15 min),5,15,9,9,504475,0.9666643540314188,0.9731639112960461,0.4845025452876269,0.4974559247745751,0.006134969325153374,-0.012953379486948247
sweep: taker buy share > 0.2 (15 min),5,30,9,9,504460,0.9893708123538041,0.9923572408917221,0.48433688982267425,0.49742576727727567,0.006134969325153374,-0.01308887745460141
sweep: taker buy share > 0.2 (15 min),10,5,9,7,504480,0.5767641928322232,0.6225238908256685,0.4886385159618168,0.4944339087937072,0.024539877300613498,-0.0057953928318904
sweep: taker buy share > 0.2 (15 min),10,15,9,8,504475,0.8366321423261807,0.8595400767627949,0.4836502972824365,0.4949052728040821,0.03067484662576687,-0.01125497552164556
sweep: taker buy share > 0.2 (15 min),10,30,9,9,504460,0.9327875351861397,0.9439093571267237,0.4822983552822959,0.4951206425834934,0.03067484662576687,-0.0128222873011975
sweep: taker buy share > 0.2 (15 min),20,5,9,6,504480,0.250180383761497,0.30234179130166594,0.5078290198048819,0.48915356934303994,0.006134969325153374,0.01867545046184199
sweep: taker buy share > 0.2 (15 min),20,15,9,5,504475,0.5200753258337876,0.5731123524907238,0.49021551874030295,0.4908551089747901,0.006134969325153374,-0.0006395902344871751
sweep: taker buy share > 0.2 (15 min),20,30,9,7,504460,0.7076457994687388,0.7458986818634458,0.4830892614228349,0.4913974423200465,0.147239263803681,-0.008308180897211581
sweep: taker buy share > 0.3 (15 min),5,5,9,8,206993,0.817964858715029,0.8640812776512972,0.4845549554075582,0.4975360384342838,0.03067484662576687,-0.01298108302672557
sweep: taker buy share > 0.3 (15 min),5,15,9,9,206993,0.954930843071988,0.9708216105861089,0.48308740436223796,0.4975829176996786,0.03067484662576687,-0.014495513337440646
sweep: taker buy share > 0.3 (15 min),5,30,9,9,206986,0.9847091107611142,0.9916558016478402,0.48312710051526697,0.4975712526105009,0.03067484662576687,-0.01444415209523392
sweep: taker buy share > 0.3 (15 min),10,5,9,7,206993,0.5242930920369288,0.6085591059888701,0.4895590032839758,0.4945826226462988,0.17177914110429449,-0.00502361936232304
sweep: taker buy share > 0.3 (15 min),10,15,9,8,206993,0.8020657703400598,0.85127718442356,0.4836296533646037,0.4949801909432313,0.43558282208588955,-0.01135053757862764
sweep: taker buy share > 0.3 (15 min),10,30,9,9,206986,0.9137236334824578,0.9399139027406397,0.4823666683133662,0.495204487408716,0.4539877300613497,-0.012837819095349756
sweep: taker buy share > 0.3 (15 min),20,5,9,8,206993,0.21018102061422367,0.29225367644667194,0.5151354751358412,0.4894704747981764,0.03067484662576687,0.025665000337664834
sweep: taker buy share > 0.3 (15 min),20,15,9,6,206993,0.46530559004410776,0.5599897977879953,0.4931311735705204,0.4909917593038046,0.15950920245398773,0.0021394142667157667
sweep: taker buy share > 0.3 (15 min),20,30,9,5,206986,0.6598707158938286,0.7348891674363277,0.48403006017871036,0.49129460881470477,0.6012269938650306,-0.007264548635994406
sweep: taker sell share > 0.1 (15 min),5,5,9,9,1214047,0.8487686226315785,0.8658175272571987,0.5077721540295597,0.4977179732101118,0.006134969325153374,0.010054180819447867
sweep: taker sell share > 0.1 (15 min),5,15,9,9,1214022,0.9641934001196024,0.9704866694038836,0.5089497618726853,0.4977091222281948,0.006134969325153374,0.011240639644490458
sweep: taker sell share > 0.1 (15 min),5,30,9,9,1213991,0.9890616981509748,0.9912753033604724,0.5090478594687038,0.49764989056721537,0.006134969325153374,0.01139796890148842
sweep: taker sell share > 0.1 (15 min),10,5,9,8,1214047,0.5968763977012422,0.6149443118008762,0.5007595326339727,0.49562303192162266,0.006134969325153374,0.005136500712350001
sweep: taker sell share > 0.1 (15 min),10,15,9,8,1214022,0.8380128201960096,0.8546591618606806,0.5056427840177327,0.4957068877000151,0.006134969325153374,0.009935896317717574
sweep: taker sell share > 0.1 (15 min),10,30,9,9,1213991,0.9307729628967595,0.9405662837236362,0.5070479096928419,0.4956837434788923,0.006134969325153374,0.011364166213949534
sweep: taker sell share > 0.1 (15 min),20,5,9,6,1214047,0.28848718377459853,0.29090765172013855,0.47593932908651754,0.4910110687017586,0.006134969325153374,-0.015071739615241053
sweep: taker sell share > 0.1 (15 min),20,15,9,6,1214022,0.5488467260066128,0.5658330566937295,0.4935662142940326,0.4924303981979856,0.024539877300613498,0.0011358160960469599
sweep: taker sell share > 0.1 (15 min),20,30,9,7,1213991,0.7222219934085179,0.7407574042238881,0.4998225067535123,0.492903522421699,0.024539877300613498,0.006918984331813316
sweep: taker sell share > 0.2 (15 min),5,5,9,8,564441,0.8060771630693022,0.8481072570499677,0.5092839248581995,0.4978736254898413,0.006134969325153374,0.01141029936835819
sweep: taker sell share > 0.2 (15 min),5,15,9,9,564432,0.950105592879213,0.9659026410232586,0.5114879072102186,0.49781433389254875,0.006134969325153374,0.013673573317669885
sweep: taker sell share > 0.2 (15 min),5,30,9,9,564410,0.9838805123934729,0.9899253337626245,0.5115606825699899,0.4977561246175161,0.006134969325153374,0.013804557952473762
sweep: taker sell share > 0.2 (15 min),10,5,9,8,564441,0.5275396365607743,0.5824115172592963,0.5001125258785972,0.49594991291654983,0.018404907975460124,0.004162612962047396
sweep: taker sell share > 0.2 (15 min),10,15,9,8,564432,0.7933285143294497,0.8369404516783572,0.5077710135452793,0.49595477744720645,0.012269938650306749,0.011816236098072863
sweep: taker sell share > 0.2 (15 min),10,30,9,9,564410,0.9063854290320866,0.9324070070395414,0.5102260886814259,0.4959087123649084,0.006134969325153374,0.014317376316517527
sweep: taker sell share > 0.2 (15 min),20,5,9,7,564441,0.23622663839090358,0.26335741491174697,0.46559404008419175,0.4913728223950408,0.006134969325153374,-0.02577878231084907
sweep: taker sell share > 0.2 (15 min),20,15,9,5,564432,0.47903733310655666,0.5336451787321869,0.4918561832653492,0.49293679730463674,0.20245398773006135,-0.001080614039287553
sweep: taker sell share > 0.2 (15 min),20,30,9,8,564410,0.6619585053418614,0.7152530661595877,0.5012613669558075,0.4932147933835956,0.20245398773006135,0.00804657357221189
sweep: taker sell share > 0.3 (15 min),5,5,9,8,241347,0.7551989459160462,0.832791438816268,0.5097726261706939,0.49814838404824985,0.024539877300613498,0.011624242122444006
sweep: taker sell share > 0.3 (15 min),5,15,9,9,241339,0.9307364329843084,0.9618737483639985,0.5132349381155159,0.49803910609252794,0.018404907975460124,0.015195832022987965
sweep: taker sell share > 0.3 (15 min),5,30,9,9,241331,0.9756848477816774,0.9887389764131899,0.5134134497409035,0.49798641009857136,0.024539877300613498,0.015427039642332163
sweep: taker sell share > 0.3 (15 min),10,5,9,8,241347,0.45397291037386006,0.5551257535339615,0.4987149072584457,0.49639457673970294,0.03680981595092025,0.0023203305187427525
sweep: taker sell share > 0.3 (15 min),10,15,9,8,241339,0.7402036140035386,0.8217566213699834,0.5079970758270546,0.49628001785463194,0.04294478527607362,0.011717057972422618
sweep: taker sell share > 0.3 (15 min),10,30,9,9,241331,0.8757308427015178,0.9253368987987907,0.5119928221457574,0.4962308716504601,0.03067484662576687,0.015761950495297272
sweep: taker sell share > 0.3 (15 min),20,5,9,8,241347,0.18291505591534182,0.2405886279313258,0.4495197752697445,0.4919427788225954,0.006134969325153374,-0.04242300355285089
sweep: taker sell share > 0.3 (15 min),20,15,9,7,241339,0.40695867638467054,0.5069195379584627,0.48632264068146036,0.4934675241538807,0.20245398773006135,-0.007144883472420316
sweep: taker sell share > 0.3 (15 min),20,30,9,6,241331,0.5956176371870999,0.693838568429254,0.4987262393551891,0.4934746444950036,0.5828220858895705,0.0052515948601855045
sweep: two windows down,5,5,9,8,1060713,0.8907640426769541,0.8804388536627104,0.5096488259431862,0.49770731114923067,0.006134969325153374,0.011941514793955499
sweep: two windows down,5,15,9,8,1060689,0.9756846728871517,0.9742001782009667,0.5109853756453436,0.4977668278151146,0.006134969325153374,0.013218547830229022
sweep: two windows down,5,30,9,8,1060663,0.9925895406929439,0.9923476475479149,0.5112697264144747,0.4977125002265997,0.006134969325153374,0.013557226187874971
sweep: two windows down,10,5,9,5,1060713,0.6696052560871791,0.6409754429669376,0.5009190911433216,0.49535606052051523,0.006134969325153374,0.005563030622806331
sweep: two windows down,10,15,9,8,1060689,0.8792039891051948,0.8684362779618864,0.5071816762918235,0.4955807731930205,0.006134969325153374,0.011600903098803017
sweep: two windows down,10,30,9,8,1060663,0.9505497976265789,0.9467988658930122,0.5091883817869634,0.49565657913005345,0.006134969325153374,0.013531802656909897
sweep: two windows down,20,5,9,7,1060713,0.35094790013886884,0.31419965376863773,0.4678778466927771,0.4906741881247537,0.006134969325153374,-0.02279634143197662
sweep: two windows down,20,15,9,5,1060689,0.6185790556892736,0.5914529807527272,0.4889458814825657,0.4918827452176138,0.006134969325153374,-0.0029368637350481452
sweep: two windows down,20,30,9,6,1060663,0.7760325381388811,0.7605194101667001,0.4989373227062121,0.4925716681951592,0.006134969325153374,0.006365654511052921
sweep: two windows up,5,5,9,9,1083950,0.8854559712163845,0.8811802500046442,0.4851366936322243,0.49764553452016896,0.006134969325153374,-0.012508840887944683
sweep: two windows up,5,15,9,9,1083932,0.9759984943704956,0.9744743974360979,0.48372472819899165,0.4977090907884498,0.006134969325153374,-0.013984362589458177
sweep: two windows up,5,30,9,9,1083910,0.9929357603491065,0.9924425181402612,0.4835392509431564,0.49765311058841366,0.006134969325153374,-0.014113859645257243
sweep: two windows up,10,5,9,7,1083950,0.6500613496932516,0.6417333127600582,0.4890884139242117,0.49527198432699127,0.006134969325153374,-0.006183570402779559
sweep: two windows up,10,15,9,8,1083932,0.873266957705834,0.8690976890515497,0.4832677690053475,0.495523016047172,0.006134969325153374,-0.012255247041824513
sweep: two windows up,10,30,9,9,1083910,0.9492494764325451,0.9472083575261974,0.48160945241753356,0.495601077759233,0.006134969325153374,-0.013991625341699454
sweep: two windows up,20,5,9,7,1083950,0.32237557082891277,0.3144890911143798,0.5154295160044126,0.49054503580618297,0.006134969325153374,0.024884480198229586
sweep: two windows up,20,15,9,4,1083932,0.5987036087134617,0.591973377562343,0.49398934225584906,0.49180788082197685,0.006134969325153374,0.0021814614338722116
sweep: two windows up,20,30,9,7,1083910,0.7644103292708804,0.7611136735420453,0.4851247209476328,0.4925299303947747,0.006134969325153374,-0.007405209447141903
taker buying 60 pct+ of last 15 min,5,5,9,9,504480,0.850890025372661,0.8725088542979947,0.48584634873551763,0.49738719038715795,0.006134969325153374,-0.011540841651640321
taker buying 60 pct+ of last 15 min,5,15,9,9,504475,0.9666643540314188,0.9731639112960461,0.4845025452876269,0.4974559247745751,0.006134969325153374,-0.012953379486948247
taker buying 60 pct+ of last 15 min,5,30,9,9,504460,0.9893708123538041,0.9923572408917221,0.48433688982267425,0.49742576727727567,0.006134969325153374,-0.01308887745460141
taker buying 60 pct+ of last 15 min,10,5,9,7,504480,0.5767641928322232,0.6225238908256685,0.4886385159618168,0.4944339087937072,0.024539877300613498,-0.0057953928318904
taker buying 60 pct+ of last 15 min,10,15,9,8,504475,0.8366321423261807,0.8595400767627949,0.4836502972824365,0.4949052728040821,0.03067484662576687,-0.01125497552164556
taker buying 60 pct+ of last 15 min,10,30,9,9,504460,0.9327875351861397,0.9439093571267237,0.4822983552822959,0.4951206425834934,0.03067484662576687,-0.0128222873011975
taker buying 60 pct+ of last 15 min,20,5,9,6,504480,0.250180383761497,0.30234179130166594,0.5078290198048819,0.48915356934303994,0.006134969325153374,0.01867545046184199
taker buying 60 pct+ of last 15 min,20,15,9,5,504475,0.5200753258337876,0.5731123524907238,0.49021551874030295,0.4908551089747901,0.006134969325153374,-0.0006395902344871751
taker buying 60 pct+ of last 15 min,20,30,9,7,504460,0.7076457994687388,0.7458986818634458,0.4830892614228349,0.4913974423200465,0.147239263803681,-0.008308180897211581
taker selling 60 pct+ of last 15 min,5,5,9,8,564441,0.8060771630693022,0.8481072570499677,0.5092839248581995,0.4978736254898413,0.006134969325153374,0.01141029936835819
taker selling 60 pct+ of last 15 min,5,15,9,9,564432,0.950105592879213,0.9659026410232586,0.5114879072102186,0.49781433389254875,0.006134969325153374,0.013673573317669885
taker selling 60 pct+ of last 15 min,5,30,9,9,564410,0.9838805123934729,0.9899253337626245,0.5115606825699899,0.4977561246175161,0.006134969325153374,0.013804557952473762
taker selling 60 pct+ of last 15 min,10,5,9,8,564441,0.5275396365607743,0.5824115172592963,0.5001125258785972,0.49594991291654983,0.018404907975460124,0.004162612962047396
taker selling 60 pct+ of last 15 min,10,15,9,8,564432,0.7933285143294497,0.8369404516783572,0.5077710135452793,0.49595477744720645,0.012269938650306749,0.011816236098072863
taker selling 60 pct+ of last 15 min,10,30,9,9,564410,0.9063854290320866,0.9324070070395414,0.5102260886814259,0.4959087123649084,0.006134969325153374,0.014317376316517527
taker selling 60 pct+ of last 15 min,20,5,9,7,564441,0.23622663839090358,0.26335741491174697,0.46559404008419175,0.4913728223950408,0.006134969325153374,-0.02577878231084907
taker selling 60 pct+ of last 15 min,20,15,9,5,564432,0.47903733310655666,0.5336451787321869,0.4918561832653492,0.49293679730463674,0.20245398773006135,-0.001080614039287553
taker selling 60 pct+ of last 15 min,20,30,9,8,564410,0.6619585053418614,0.7152530661595877,0.5012613669558075,0.4932147933835956,0.20245398773006135,0.00804657357221189
three windows down in a row,5,5,9,9,485253,0.9004313213931702,0.8793751498790551,0.5131071860378272,0.49778700847304647,0.006134969325153374,0.015320177564780768
three windows down in a row,5,15,9,9,485245,0.9777967830683469,0.9738999724889057,0.5144347930154378,0.49783939108817,0.006134969325153374,0.016595401927267828
three windows down in a row,5,30,9,9,485228,0.9931743427831865,0.9922588130644915,0.5145064651561462,0.49778480994137003,0.006134969325153374,0.016721655214776143
three windows down in a row,10,5,9,8,485253,0.6957648896554993,0.6393603352081617,0.505024634966822,0.49547605248925425,0.006134969325153374,0.00954858247756779
three windows down in a row,10,15,9,8,485245,0.8904347288483138,0.8674743309015158,0.5119024376376426,0.4956694928366085,0.006134969325153374,0.016232944801034155
three windows down in a row,10,30,9,9,485228,0.9547573511833612,0.9463065549912988,0.5137129173107344,0.49573647590464004,0.006134969325153374,0.01797644140609439
three windows down in a row,20,5,9,8,485253,0.38451076036624193,0.3129550873763882,0.47020912365308604,0.4908210676299247,0.006134969325153374,-0.020611943976838687
three windows down in a row,20,15,9,5,485245,0.6455419427299611,0.5900780581231274,0.49345978810908797,0.49201714458760626,0.006134969325153374,0.0014426435214817124
three windows down in a row,20,30,9,8,485228,0.7932518321284014,0.7593857462051781,0.5032392803406638,0.4926759764954721,0.006134969325153374,0.010563303845191663
three windows up in a row,5,5,9,9,501328,0.8945301279800849,0.8804874689809108,0.48160600888899235,0.49768427713183455,0.006134969325153374,-0.016078268242842197
three windows up in a row,5,15,9,9,501323,0.9785766860886096,0.9743208433244704,0.4801515431869984,0.49774283543800835,0.006134969325153374,-0.01759129225100997
three windows up in a row,5,30,9,9,501320,0.9934173781217586,0.9924059013296016,0.4800889318832877,0.4976856770283825,0.006134969325153374,-0.017596745145094794
three windows up in a row,10,5,9,8,501328,0.6707165767720933,0.6404485310508193,0.4851694823219498,0.49533705996808286,0.006134969325153374,-0.010167577646133075
three windows up in a row,10,15,9,9,501323,0.8829257783903791,0.8684687207944346,0.4772051569716479,0.49557226546985045,0.006134969325153374,-0.018367108498202556
three windows up in a row,10,30,9,9,501320,0.9533252214154632,0.9469347417629411,0.4757362185781836,0.4956413942647115,0.006134969325153374,-0.019905175686527887
three windows up in a row,20,5,9,8,501328,0.34532082788114765,0.31333453094273706,0.5142034247226838,0.49060828085226027,0.006134969325153374,0.023595143870423496
three windows up in a row,20,15,9,5,501323,0.6179110074742232,0.5908008973892014,0.49051961708007075,0.4918964382990028,0.006134969325153374,-0.0013768212189320672
three windows up in a row,20,30,9,7,501320,0.7762766296975984,0.7602528582873156,0.4809631437293697,0.4926076227431577,0.006134969325153374,-0.011644479013788012
trade count last 5 min 3x average,5,5,9,6,115317,0.99167512162127,0.8688547089863741,0.5027009918175893,0.49780137504118216,0.03067484662576687,0.004899616776407156
trade count last 5 min 3x average,5,15,9,7,115317,0.9988119704813687,0.971515086003685,0.5025274281345874,0.49781860197012245,0.03067484662576687,0.004708826164464941
trade count last 5 min 3x average,5,30,9,7,115317,0.9995490690878188,0.9916217742480584,0.5025643819513722,0.4977597808483508,0.03067484662576687,0.004804601103021389
trade count last 5 min 3x average,10,5,9,6,115317,0.9420813930296487,0.618550594352303,0.5005318950479898,0.4956127810308938,0.03067484662576687,0.0049191140170959935
trade count last 5 min 3x average,10,15,9,6,115317,0.9883104832765334,0.857213288445074,0.5003157796596838,0.49575015261150374,0.05521472392638037,0.004565627048180032
trade count last 5 min 3x average,10,30,9,6,115317,0.996427239695795,0.942011385996772,0.5003491159571535,0.4957807819470473,0.05521472392638037,0.004568334010106201
trade count last 5 min 3x average,20,5,9,7,115317,0.7367690800142217,0.2940271753381982,0.49820272057144893,0.4909214825540539,0.05521472392638037,0.007281238017395053
trade count last 5 min 3x average,20,15,9,7,115317,0.9049749820061223,0.5693384788177672,0.500039344797805,0.4923447553416871,0.024539877300613498,0.007694589456117895
trade count last 5 min 3x average,20,30,9,6,115317,0.9585663865691962,0.7438453379524416,0.5003232269119703,0.4928605638370688,0.024539877300613498,0.00746266307490151
two windows down in a row,5,5,9,8,1060713,0.8907640426769541,0.8804388536627104,0.5096488259431862,0.49770731114923067,0.006134969325153374,0.011941514793955499
two windows down in a row,5,15,9,8,1060689,0.9756846728871517,0.9742001782009667,0.5109853756453436,0.4977668278151146,0.006134969325153374,0.013218547830229022
two windows down in a row,5,30,9,8,1060663,0.9925895406929439,0.9923476475479149,0.5112697264144747,0.4977125002265997,0.006134969325153374,0.013557226187874971
two windows down in a row,10,5,9,5,1060713,0.6696052560871791,0.6409754429669376,0.5009190911433216,0.49535606052051523,0.006134969325153374,0.005563030622806331
two windows down in a row,10,15,9,8,1060689,0.8792039891051948,0.8684362779618864,0.5071816762918235,0.4955807731930205,0.006134969325153374,0.011600903098803017
two windows down in a row,10,30,9,8,1060663,0.9505497976265789,0.9467988658930122,0.5091883817869634,0.49565657913005345,0.006134969325153374,0.013531802656909897
two windows down in a row,20,5,9,7,1060713,0.35094790013886884,0.31419965376863773,0.4678778466927771,0.4906741881247537,0.006134969325153374,-0.02279634143197662
two windows down in a row,20,15,9,5,1060689,0.6185790556892736,0.5914529807527272,0.4889458814825657,0.4918827452176138,0.006134969325153374,-0.0029368637350481452
two windows down in a row,20,30,9,6,1060663,0.7760325381388811,0.7605194101667001,0.4989373227062121,0.4925716681951592,0.006134969325153374,0.006365654511052921
two windows up in a row,5,5,9,9,1083950,0.8854559712163845,0.8811802500046442,0.4851366936322243,0.49764553452016896,0.006134969325153374,-0.012508840887944683
two windows up in a row,5,15,9,9,1083932,0.9759984943704956,0.9744743974360979,0.48372472819899165,0.4977090907884498,0.006134969325153374,-0.013984362589458177
two windows up in a row,5,30,9,9,1083910,0.9929357603491065,0.9924425181402612,0.4835392509431564,0.49765311058841366,0.006134969325153374,-0.014113859645257243
two windows up in a row,10,5,9,7,1083950,0.6500613496932516,0.6417333127600582,0.4890884139242117,0.49527198432699127,0.006134969325153374,-0.006183570402779559
two windows up in a row,10,15,9,8,1083932,0.873266957705834,0.8690976890515497,0.4832677690053475,0.495523016047172,0.006134969325153374,-0.012255247041824513
two windows up in a row,10,30,9,9,1083910,0.9492494764325451,0.9472083575261974,0.48160945241753356,0.495601077759233,0.006134969325153374,-0.013991625341699454
two windows up in a row,20,5,9,7,1083950,0.32237557082891277,0.3144890911143798,0.5154295160044126,0.49054503580618297,0.006134969325153374,0.024884480198229586
two windows up in a row,20,15,9,4,1083932,0.5987036087134617,0.591973377562343,0.49398934225584906,0.49180788082197685,0.006134969325153374,0.0021814614338722116
two windows up in a row,20,30,9,7,1083910,0.7644103292708804,0.7611136735420453,0.4851247209476328,0.4925299303947747,0.006134969325153374,-0.007405209447141903
upper quarter of 4h range,5,5,9,9,1099651,0.8953276994246356,0.8814303227453367,0.4850072596282746,0.49770885379769675,0.006134969325153374,-0.012701594169422126
upper quarter of 4h range,5,15,9,9,1099633,0.9779008087243654,0.9746923296416747,0.4838716956065303,0.49775227568135544,0.006134969325153374,-0.013880580074825122
upper quarter of 4h range,5,30,9,9,1099616,0.9930930433896924,0.9925653405398612,0.48354910012332847,0.4976943659129634,0.006134969325153374,-0.014145265789634931
upper quarter of 4h range,10,5,9,7,1099651,0.6734072901311416,0.6426030187452919,0.49019247089569873,0.4953897450136842,0.006134969325153374,-0.005197274117985484
upper quarter of 4h range,10,15,9,8,1099633,0.8853399270483879,0.869851958847425,0.48473383139839976,0.4955765174558602,0.006134969325153374,-0.010842686057460416
upper quarter of 4h range,10,30,9,8,1099616,0.9542412987806652,0.9477156175516088,0.4828478802656345,0.495624950341816,0.006134969325153374,-0.012777070076181452
upper quarter of 4h range,20,5,9,8,1099651,0.34544960173727846,0.31484915664196833,0.5192525319813508,0.49066536150808043,0.006134969325153374,0.028587170473270362
upper quarter of 4h range,20,15,9,6,1099633,0.6260625135840776,0.5931623966260681,0.5009330482104832,0.4919637733064001,0.006134969325153374,0.008969274904083113
upper quarter of 4h range,20,30,9,6,1099616,0.7851277173122253,0.7623315333072538,0.49178640523304007,0.49259884205953425,0.006134969325153374,-0.0008124368264941784
volume last 5 min 3x the daily average,5,5,9,8,181724,0.9777959983271335,0.870819926738534,0.505180730211079,0.497775062420932,0.006134969325153374,0.007405667790147008
volume last 5 min 3x the daily average,5,15,9,8,181724,0.9953335827958882,0.9718912779903752,0.5051116072152019,0.4978055448350471,0.006134969325153374,0.007306062380154799
volume last 5 min 3x the daily average,5,30,9,8,181724,0.9983986705113249,0.9916728845695714,0.5049793770500012,0.4977438263139141,0.006134969325153374,0.00723555073608706
volume last 5 min 3x the daily average,10,5,9,8,181724,0.9033149171270718,0.6219257669726864,0.5033195560388202,0.49561957379979177,0.006134969325153374,0.007699982239028402
volume last 5 min 3x the daily average,10,15,9,8,181724,0.9718254055600801,0.8589663303191929,0.5031886565756144,0.49577266460457176,0.018404907975460124,0.007415991971042646
volume last 5 min 3x the daily average,10,30,9,8,181724,0.9886531223173604,0.9427079962828124,0.5031811377200877,0.4958216649350082,0.024539877300613498,0.0073594727850794794
volume last 5 min 3x the daily average,20,5,9,8,181724,0.6748530738922762,0.2959949371317092,0.5008576653968939,0.4909981570723273,0.04294478527607362,0.009859508324566613
volume last 5 min 3x the daily average,20,15,9,7,181724,0.8606238031300214,0.5721591284195964,0.5007306335772156,0.49230641342186,0.024539877300613498,0.0084242201553556
volume last 5 min 3x the daily average,20,30,9,7,181724,0.9286225264687108,0.7461233337934516,0.5002824534456061,0.492877478381964,0.024539877300613498,0.007404975063642072
weekend,5,5,9,4,1288183,0.7908239745439894,0.8813053257390563,0.4987554580696266,0.49765707550327803,0.024539877300613498,0.001098382566348588
weekend,5,15,9,6,1288163,0.9377423509291914,0.9744564049641952,0.4992168395283116,0.49772263085004853,0.03067484662576687,0.0014942086782630537
weekend,5,30,9,6,1288133,0.9780131399475054,0.9924254608239916,0.49923771825639596,0.49766806132847463,0.06134969325153374,0.0015696569279213257
weekend,10,5,9,5,1288183,0.5200565447611093,0.6421953018514125,0.4946792913143534,0.4952776996902223,1.0,-0.0005984083758688863
weekend,10,15,9,4,1288163,0.7705989071258839,0.8692064326766777,0.4959886136380384,0.49552650588956876,0.9631901840490797,0.0004621077484696645
weekend,10,30,9,5,1288133,0.885524243226437,0.9472044641732476,0.4968274705620579,0.4956101970672624,0.5644171779141104,0.001217273494795501
weekend,20,5,9,6,1288183,0.23340394959411823,0.31508815265464046,0.4877233561365608,0.4905725863809907,1.0,-0.002849230244429901
weekend,20,15,9,6,1288163,0.4685571624087945,0.5924856601518762,0.4902700325090831,0.49179374812011767,1.0,-0.0015237156110345929
weekend,20,30,9,6,1288133,0.6373720726043041,0.7614060681806585,0.49222162692039684,0.49250860752140774,0.9141104294478528,-0.00028698060101089995
