pattern,horizon,years,pooled,pooled_se,tau,I2,last_year,last_raw,last_shrunk,last_weight_on_own,fires
4h return above +50 bp,1,9,-0.013116299215922089,0.0025649258796714347,0.007435130486164411,0.9414933625424106,2026,-0.0269765335469614,-0.02520754079784423,0.872369203372298,1124579
4h return above +50 bp,3,9,-0.016101963488266965,0.0014944002094509912,0.00375195655017062,0.7071663122900981,2026,-0.0256642177736229,-0.022114738701071425,0.6288031078626191,1124576
4h return above +50 bp,5,9,-0.019616863844016237,0.0013494790013094452,0.002698762398208254,0.44898636877594456,2026,-0.026532109772331,-0.02181526318187479,0.31790616857993687,1124573
4h return above +50 bp,10,9,-0.02761336023761978,0.0020313262693584322,0.004604483344850942,0.5768499778686493,2026,-0.02797614215249,-0.027780318600717745,0.4602168858326196,1124567
4h return above +50 bp,15,9,-0.033074953203487516,0.0025685699610515462,0.006047379504479698,0.6213423191180916,2026,-0.031587405381652,-0.032294562962291606,0.5246152289967866,1124557
4h return above +50 bp,30,9,-0.04134001884372629,0.004272723591555326,0.011053033462574495,0.7501162380598094,2026,-0.0337452217260591,-0.03639588455052291,0.6509896468073155,1124547
4h return below -50 bp,1,9,-0.000448892387978139,0.002461410693958213,0.007085891872508303,0.9295194439396494,2026,-0.0024355662072533,-0.002171313935871184,0.8669875906058255,1058822
4h return below -50 bp,3,9,0.013138180351703638,0.0018005275028800316,0.004762738779000847,0.7847257607833652,2026,0.0187356209106219,0.017224869999279375,0.730099695487524,1058818
4h return below -50 bp,5,9,0.020026597436352676,0.0021816053568286184,0.005761400212063935,0.7822745069143721,2026,0.02504075545206,0.023659160104543372,0.7244611471779213,1058815
4h return below -50 bp,10,9,0.029680058086458364,0.0027762829608243117,0.007226626089116796,0.7610070406680864,2026,0.0337114189635737,0.03243228401091588,0.6827039325804258,1058809
4h return below -50 bp,15,9,0.0360341599569316,0.0031457860277470068,0.008045753869235594,0.7342363374201897,2026,0.0411373616921258,0.03936806901871363,0.6532975247264378,1058798
4h return below -50 bp,30,9,0.0442118097145702,0.00411003201385425,0.010456043611314634,0.724133642216011,2026,0.0426423066221653,0.04319854639426729,0.6455949817533172,1058755
ADX14 above 30 (trending),1,9,0.0009892510688197906,0.001102086301584892,0.002795645797840453,0.7259497506646503,2026,0.0032055970008888,0.002245833651725528,0.5669613956575312,1220270
ADX14 above 30 (trending),3,9,0.002644727167930923,0.0016320419977235963,0.0043451955802035125,0.7904688501280759,2026,0.0034919609374443,0.0032453453696720397,0.708916739810893,1220270
ADX14 above 30 (trending),5,9,0.0031136710505211456,0.0016483804431803278,0.004128019279817338,0.6996412874536198,2026,0.0027338362231028,0.002877575755589268,0.6215735838036912,1220270
ADX14 above 30 (trending),10,9,0.0035760775726251387,0.001895511017196288,0.004434315208054718,0.6102538634145003,2026,0.0019348568135674,0.0027122228007752393,0.5263489186828576,1220269
ADX14 above 30 (trending),15,9,0.004397939093070275,0.002081399518276023,0.004661221721864236,0.5592492261634671,2026,0.0053367866231123,0.004855200490083636,0.4870454279119129,1220261
ADX14 above 30 (trending),30,9,0.005471304055915921,0.0025238876459844784,0.005556638495043217,0.5404610860383077,2026,0.0078681360167667,0.006559767996600112,0.4541260958059945,1220218
ADX14 below 15 (ranging),1,9,-0.00045478173943530305,0.0015107849682317075,0.003927589408127981,0.7570158851007297,2026,-0.002153231671665,-0.001579040078032102,0.6619319870800614,591518
ADX14 below 15 (ranging),3,9,-0.0010931853795425883,0.0012248101474357383,0.0019676156829550205,0.2875971390586262,2026,-0.0066111153096264,-0.0022564764894399975,0.21082020334385435,591516
ADX14 below 15 (ranging),5,9,-0.0009935793351928813,0.0013155474821323397,0.0011023227378930695,0.0779384137517691,2026,-0.0058101823622764,-0.0012456220751612783,0.05232790382582356,591514
ADX14 below 15 (ranging),10,9,-0.001774850915819098,0.0018509328573645836,0.002529283006938305,0.2078058557000428,2026,-0.0090507201784073,-0.002835474470036699,0.145772761430888,591504
ADX14 below 15 (ranging),15,9,-0.0035376384382559316,0.0024046301232396377,0.004506120923133643,0.3925466430619556,2026,-0.0120683285235377,-0.005954474024928652,0.28331067739086585,591495
ADX14 below 15 (ranging),30,9,-0.0016380053039102937,0.003064326000482339,0.006155069196174358,0.4505365580488466,2026,-0.0069594854145076,-0.0035072346064135996,0.3512611648742017,591490
Asia early (0-3 UTC),1,9,-0.0028633321068451344,0.0006289612347996068,0.0,0.0,2026,-0.0054526748971193,-0.0028633321068451344,0.0,750052
Asia early (0-3 UTC),3,9,-0.0037312747741025352,0.000981559766052767,0.0015023820888949498,0.2608281797809096,2026,-0.0041838333184162,-0.0038285940007421397,0.21504229201372269,750052
Asia early (0-3 UTC),5,9,-0.003974434501203017,0.001042221279690974,0.0,0.0,2026,-0.006752408263676,-0.003974434501203017,0.0,750052
Asia early (0-3 UTC),10,9,-0.0052851103099304,0.0015535782089021225,0.001738808854139734,0.13923452198695954,2026,-0.0081704206987708,-0.0055684970831799034,0.09821708414649852,750052
Asia early (0-3 UTC),15,9,-0.0075711773561503775,0.0017473867460652786,0.0,0.0,2026,-0.0071947417706504,-0.0075711773561503775,0.0,750052
Asia early (0-3 UTC),30,9,-0.013040884973521101,0.0024957052610534774,0.0,0.0,2026,-0.0072206731426955,-0.013040884973521101,0.0,750052
EMA9 above EMA21 by 10 bp,1,9,-0.0331190751551824,0.0036687168431244134,0.01049489137337731,0.9208870809441331,2026,-0.0400438223471504,-0.03909842515521806,0.8634755658619709,337631
EMA9 above EMA21 by 10 bp,3,9,-0.04161263086855943,0.0038278122381473923,0.010620330156557127,0.8682236848020053,2026,-0.0376406868898495,-0.03840733069021564,0.8069852433781953,337631
EMA9 above EMA21 by 10 bp,5,9,-0.049119369998681474,0.00394544399859767,0.010618154725803788,0.825243475404408,2026,-0.0438710116804044,-0.04542695667499811,0.7035368204234013,337631
EMA9 above EMA21 by 10 bp,10,9,-0.04987488476119367,0.004598387953986898,0.012125726263133175,0.8036312602818251,2026,-0.0429352563587168,-0.0455425426460218,0.6242902161195809,337631
EMA9 above EMA21 by 10 bp,15,9,-0.05035430482688856,0.004884891043799505,0.012668700260512698,0.779039484705364,2026,-0.0420781377080273,-0.0454855220421551,0.5882895686866424,337631
EMA9 above EMA21 by 10 bp,30,9,-0.046914985964650456,0.004931350181182246,0.01211447254105895,0.7004371303801121,2026,-0.0291684949398119,-0.03805826681008198,0.4990687534889194,337631
EMA9 below EMA21 by 10 bp,1,9,0.016449114902705134,0.005914807801999628,0.01741427124365127,0.9688297162188243,2026,0.0051508982162763,0.005988997365503382,0.9258202269891151,336193
EMA9 below EMA21 by 10 bp,3,9,0.04116625176969882,0.005215685331067665,0.015013077761381713,0.92954399362168,2026,0.035162090058722,0.03592155908663132,0.8735095647872277,336192
EMA9 below EMA21 by 10 bp,5,9,0.051849731574072154,0.005415433390855834,0.015331874093500382,0.9035305115694301,2026,0.0419399305861734,0.043672200276266164,0.8251963190574559,336192
EMA9 below EMA21 by 10 bp,10,9,0.05771104537411685,0.005561066541393209,0.015362612828840388,0.8666655605606376,2026,0.0565571491721884,0.056836813908421394,0.7576344078734273,336192
EMA9 below EMA21 by 10 bp,15,9,0.06013842526968825,0.006331407958951804,0.017464718687025146,0.8648910987993486,2026,0.0730989185267335,0.06976951254552659,0.7431111675169412,336188
EMA9 below EMA21 by 10 bp,30,9,0.06236662928025454,0.006704707933953353,0.01819262084059822,0.8400245852537679,2026,0.0751264488043444,0.07108886725542149,0.6835706381818197,336183
MACD histogram negative,1,9,0.006175349487522633,0.00367773487000243,0.010919843064788094,0.9799793355407899,2026,0.0128039570551485,0.012639411999996485,0.9751765278796026,2266972
MACD histogram negative,3,9,0.016965157258251044,0.0029658220143612356,0.008629510519170581,0.9413101404351841,2026,0.017978741042369,0.017912450704356993,0.934598067717021,2266962
MACD histogram negative,5,9,0.02089313342341136,0.0031803807847194513,0.009200220286539313,0.9304755292829229,2026,0.0190704990942093,0.019208837150166684,0.9240999394442737,2266952
MACD histogram negative,10,9,0.020566277441914613,0.0027235764708357637,0.007589759740889083,0.8642521380692689,2026,0.0158894691497833,0.01664817907150927,0.8377718575716491,2266933
MACD histogram negative,15,9,0.021408075476101598,0.001786325135003271,0.0042176517935767115,0.6216951295857368,2026,0.0164298795089692,0.018666400056771774,0.5507367402631836,2266912
MACD histogram negative,30,9,0.022443227285092345,0.004007799459734358,0.011546524700382504,0.9239078832776035,2026,0.0142883841092538,0.015192779460506525,0.8890971497855041,2266854
MACD histogram positive,1,9,-0.00617534948752263,0.003677734870002444,0.010919843064788133,0.9799793355407898,2026,-0.0128039570551485,-0.012639411999996466,0.9751765278796,2238014
MACD histogram positive,3,9,-0.016965157258251044,0.0029658220143612356,0.008629510519170581,0.9413101404351841,2026,-0.017978741042369,-0.017912450704356993,0.934598067717021,2238006
MACD histogram positive,5,9,-0.02089313342341136,0.0031803807847194513,0.009200220286539313,0.9304755292829229,2026,-0.0190704990942093,-0.019208837150166684,0.9240999394442737,2237998
MACD histogram positive,10,9,-0.020566277441914624,0.002723576470835765,0.007589759740889093,0.86425213806927,2026,-0.0158894691497833,-0.01664817907150927,0.8377718575716494,2237972
MACD histogram positive,15,9,-0.02140807547610159,0.001786325135003278,0.004217651793576729,0.6216951295857368,2026,-0.0164298795089692,-0.01866640005677176,0.5507367402631858,2237948
MACD histogram positive,30,9,-0.022443227285092335,0.004007799459734349,0.011546524700382484,0.9239078832776043,2026,-0.0142883841092538,-0.015192779460506529,0.8890971497855038,2237871
OBV falling over 60 min,1,9,0.015600157965101164,0.0028756065578016674,0.007976194240070934,0.8597236273478599,2026,0.0210645671979369,0.020369630931481163,0.8728249959245636,239577
OBV falling over 60 min,3,9,0.031003341832564868,0.0031126575036433146,0.008223504219639891,0.7800182914441526,2026,0.0326601540711666,0.032324995544573236,0.7977088056301318,239577
OBV falling over 60 min,5,9,0.03826445586587519,0.0034349037405376702,0.008846309181147326,0.7423869188581824,2026,0.0383547172061854,0.03833246376997084,0.7534555088803536,239577
OBV falling over 60 min,10,9,0.04625462493740681,0.004133876910568997,0.010236852862190846,0.6888053555629892,2026,0.045812118767722,0.045933048862607934,0.7267154603243883,239576
OBV falling over 60 min,15,9,0.0520855941750216,0.005248780887121376,0.013372326606626454,0.7278699226166184,2026,0.0512657833917,0.051451474988788326,0.7734945662266502,239571
OBV falling over 60 min,30,9,0.05617072173088087,0.007624630766311732,0.020175261214422285,0.7832392072647882,2026,0.0449813944432805,0.047154431666747564,0.8057937561737826,239565
OBV rising over 60 min,1,9,-0.013560290987949107,0.0026184152728756555,0.006944756526803992,0.7871515034343863,2026,-0.0184699435131937,-0.01752234908617836,0.8069935861768278,200989
OBV rising over 60 min,3,9,-0.028025884169190957,0.0032464012804548155,0.008440482052292017,0.7571837511034383,2026,-0.0303230915568028,-0.029879341800326562,0.8068307812044957,200989
OBV rising over 60 min,5,9,-0.0350984082548253,0.003181619018011027,0.007478438683889191,0.6185835980185798,2026,-0.0319460531110679,-0.03299900910677023,0.6659779917921071,200989
OBV rising over 60 min,10,9,-0.04376023002232967,0.003274902558511711,0.006074933188596955,0.3854993534124502,2026,-0.0382440235640003,-0.04147602189531783,0.41409039786078505,200989
OBV rising over 60 min,15,9,-0.04705229694435815,0.003724354942827369,0.0066105222142616845,0.3535773249230475,2026,-0.0421336891207671,-0.045132716004711936,0.39026915917942434,200989
OBV rising over 60 min,30,9,-0.051633707650710695,0.005242117743570375,0.010320964632202603,0.4344642911618291,2026,-0.0499031488964495,-0.05082985282838755,0.46450594083777463,200989
RSI14 above 70,1,9,-0.030396353335261493,0.005881090331455141,0.017016935565911502,0.9376260837983387,2026,-0.0340386188362714,-0.03352057240327291,0.8577680751568353,179989
RSI14 above 70,3,9,-0.0590886340098408,0.007049929323462001,0.02044354742052341,0.9363303917325552,2026,-0.053196699701998,-0.05377693623607298,0.9015201962957021,179989
RSI14 above 70,5,9,-0.06883332629336426,0.007192626727884285,0.020737595694146103,0.924666807624512,2026,-0.0567218594980337,-0.05796263080804343,0.8975540014287866,179989
RSI14 above 70,10,9,-0.070603541690142,0.00644088669085757,0.018112500959961912,0.8799343362534767,2026,-0.0531732713641309,-0.055588822871038494,0.8614162912147795,179989
RSI14 above 70,15,9,-0.06773436509243885,0.005144296701598902,0.013649496940429615,0.7843419389103626,2026,-0.0481728245590395,-0.052982394915021144,0.7541313094554188,179989
RSI14 above 70,30,9,-0.06376186958846,0.006095724802850473,0.01638522309325129,0.8044464915192945,2026,-0.0405027996654331,-0.04556282564332412,0.7824493414983245,179986
RSI14 below 30,1,9,0.04242651497344219,0.008073044428087445,0.023872244960818655,0.9727505296179271,2026,0.0212494034697069,0.022044628673956214,0.9624488351912841,169066
RSI14 below 30,3,9,0.07084268716819792,0.00974426247499276,0.02876497649511151,0.9688195882810109,2026,0.0475787410653288,0.04842168092082665,0.9637662565168215,169065
RSI14 below 30,5,9,0.07798614684869393,0.009537175057525462,0.027994499831438365,0.9580475649001207,2026,0.0501071970114922,0.05155517824792991,0.9480618443344118,169065
RSI14 below 30,10,9,0.07804564659298063,0.007444381107894121,0.021295721304538,0.9101739058878513,2026,0.0637438385083552,0.06527580669847756,0.8928829011648369,169065
RSI14 below 30,15,9,0.07292234895068803,0.006493608859148003,0.01803593693098565,0.8589487205663371,2026,0.0673838327308491,0.06822292026617749,0.8484995796667018,169064
RSI14 below 30,30,9,0.07187196624120959,0.006817169251088264,0.018840717947565342,0.8496353532716595,2026,0.0650784730922974,0.06619590971586617,0.8355136894856958,169063
RSI60 above 65,1,9,-0.026672486981012898,0.006262535441999639,0.01569635372724206,0.7233516349197555,2026,-0.0487389739858888,-0.03517868578238306,0.38548042556527445,31440
RSI60 above 65,3,9,-0.03573554099419427,0.006559727968910956,0.015043342879973646,0.5924973992307068,2026,-0.0614140672751072,-0.046276803775175596,0.41050886899287264,31440
RSI60 above 65,5,9,-0.0411938712958328,0.006973914472196951,0.015079416632582478,0.5240079747733626,2026,-0.0697048817615489,-0.05249895293757538,0.3965163442851911,31440
RSI60 above 65,10,9,-0.036984457620845755,0.008702685332242806,0.01885921125420361,0.5278748309659909,2026,-0.0840629684253054,-0.0568668959792375,0.42232513345575756,31440
RSI60 above 65,15,9,-0.03272729684637436,0.009654778932687727,0.020732648242180896,0.5177351441354273,2026,-0.081736404041334,-0.05443935756106237,0.44302093952286886,31440
RSI60 above 65,30,9,-0.03063755540930013,0.012662815891252883,0.028678421665414403,0.5766645228585752,2026,-0.0732917855748827,-0.051515012606936826,0.4894580705498839,31440
RSI60 below 35,1,9,0.03911881729294822,0.009600936403499506,0.026635918872476974,0.8625927888659687,2026,0.0291224656884747,0.03134332325427929,0.777833188179303,23920
RSI60 below 35,3,9,0.06354172212113583,0.012291661154232376,0.03392886646261418,0.8531704414080672,2026,0.0470314673660717,0.05001438393554306,0.819329464401122,23920
RSI60 below 35,5,9,0.06954467293351256,0.012197935080502532,0.03235151963559041,0.7863953508031643,2026,0.0618663352879186,0.06379886271449675,0.7483143467014516,23920
RSI60 below 35,10,9,0.06331205918206333,0.010780746124653857,0.025078490378619075,0.6093771033070023,2026,0.0890329352359134,0.07923067032903784,0.6188984820597397,23920
RSI60 below 35,15,9,0.056259969985595945,0.014449065956849088,0.03693625520685765,0.7336424971877185,2026,0.1079316250579046,0.0942703821823794,0.7356143739462608,23920
RSI60 below 35,30,9,0.06127500562911217,0.020061108579523344,0.053804773132874496,0.8059123922017639,2026,0.127328973333226,0.11213776587503659,0.7700182443810518,23920
US afternoon (14-17 UTC),1,9,-0.0030959108111376994,0.00149243636913342,0.004069408932715738,0.8302190676429629,2026,-0.0053086419753086,-0.004826184446378882,0.7819628806509388,751526
US afternoon (14-17 UTC),3,9,0.0017894151313283355,0.0009696788866150847,0.0014512553139666862,0.24951418957906762,2026,0.0008367485524234,0.001606616192144113,0.1918813394234369,751526
US afternoon (14-17 UTC),5,9,0.0019716066238399275,0.0012109428417228652,0.0019009823029041794,0.27466922979268366,2026,0.0055727227954734,0.0027360448609783745,0.21227813841720544,751526
US afternoon (14-17 UTC),10,9,0.0029788921377571693,0.00172708456925768,0.0028696152994015364,0.30788270885324565,2026,0.0092576524932118,0.004536688767849378,0.24810576322424596,751526
US afternoon (14-17 UTC),15,9,0.00341808640922963,0.002474818221632276,0.005211123773588206,0.4958039643433617,2026,0.0105420256760112,0.006329246812367215,0.40864475315112836,751526
US afternoon (14-17 UTC),30,9,0.0032878428086858488,0.0044631928676137755,0.011096984015458037,0.691124156151863,2026,0.0144669291621714,0.009910586418739823,0.5924226185075541,751526
above upper Bollinger band,1,9,-0.028226819986838823,0.0057726355897219665,0.016948350465318885,0.9584839070337104,2026,-0.0463501220976263,-0.04533436363355056,0.943952903402127,227185
above upper Bollinger band,3,9,-0.0414702378198162,0.004287949951342982,0.012181474451106795,0.897147850550425,2026,-0.0490450608296373,-0.04813997271165021,0.8805136282638409,227184
above upper Bollinger band,5,9,-0.04744794990487711,0.004315422957730071,0.012158381527141193,0.8830553577162661,2026,-0.0511054209182688,-0.05055496355781047,0.8494978200940351,227184
above upper Bollinger band,10,9,-0.04864532086885583,0.0039571164886513695,0.0108787095828535,0.8404334758571212,2026,-0.0395163293510658,-0.04124978140654303,0.8101157118944429,227181
above upper Bollinger band,15,9,-0.04814729920965029,0.002958118854236515,0.00743562054043984,0.7031485748851712,2026,-0.0404802601000545,-0.043171177597117666,0.6490278113104557,227180
above upper Bollinger band,30,9,-0.05106582583495669,0.004700881791164922,0.013282638451385222,0.8882312834960522,2026,-0.0397218281780834,-0.04127549920831527,0.8630402546592113,227174
below lower Bollinger band,1,9,0.02991792674532679,0.007842330055310038,0.023253522183571806,0.9773716037281797,2026,0.0130841543347622,0.013577209594557391,0.9707103525122058,234206
below lower Bollinger band,3,9,0.04793576914003076,0.0058071812347097245,0.016944142859315257,0.946403159499757,2026,0.0330679942300302,0.03398940830415494,0.9380260947113902,234205
below lower Bollinger band,5,9,0.049625909913663224,0.006369791101641031,0.018611162145318976,0.9495258430789827,2026,0.0382686431347731,0.03904035967605354,0.9320508572788972,234203
below lower Bollinger band,10,9,0.051259593775874614,0.00475940536094868,0.013577319507508739,0.9044820448990177,2026,0.0416282306039291,0.042650371939143256,0.8938736586954296,234199
below lower Bollinger band,15,9,0.049241505056444874,0.004844228078710134,0.013803067249451509,0.9031229775951687,2026,0.0424465410083108,0.04331913079094084,0.8715828698358372,234198
below lower Bollinger band,30,9,0.052396404266329896,0.0068877226511319485,0.02015994125793713,0.9521031255225405,2026,0.0391300930400308,0.0398853907164195,0.9430664889806445,234192
high volatility (vol60 in top decile),1,9,-0.010964332161079804,0.002366732609365018,0.00634666772570804,0.8358003022411991,2026,-0.0161650686309532,-0.014969102863640029,0.7700391522929282,406011
high volatility (vol60 in top decile),3,9,-0.0013313490470981786,0.00241005471700837,0.005920383462321484,0.7230420676968312,2026,-0.0007307172181738,-0.0009063081539657915,0.7076562923639218,406011
high volatility (vol60 in top decile),5,9,0.0018885787731657833,0.002685993913420264,0.00631578733232297,0.6655952183781111,2026,0.0016580258760544,0.0017403555841675193,0.6429031725706548,406011
high volatility (vol60 in top decile),10,9,0.0066896537085768225,0.0029425570581412324,0.00591783497649712,0.48759935170728275,2026,0.0040596446672155,0.005473518056508395,0.4624074035270014,406011
high volatility (vol60 in top decile),15,9,0.008016399092830936,0.003532035026941762,0.007244573338885529,0.5079310345552972,2026,0.0095319427256282,0.008745083234995406,0.4808071020822585,406011
high volatility (vol60 in top decile),30,9,0.011631370388205267,0.004272272025347424,0.007654918951365692,0.3851272534318789,2026,0.0080943202399711,0.010430040397106558,0.33964177513809357,406011
last 15 min down more than 2 sd,1,9,0.038964691336207426,0.007076571230215795,0.020607296220961073,0.9443831826981275,2026,0.0279707992340811,0.02877374960429166,0.9269639575546442,93759
last 15 min down more than 2 sd,3,9,0.06505551642137791,0.007690137249043562,0.022082343420972306,0.9179792522785182,2026,0.05753557878724,0.05834370806299204,0.8925351093227927,93758
last 15 min down more than 2 sd,5,9,0.07011668484438525,0.007909287797109288,0.022422510999632543,0.8946998351253184,2026,0.0616038977918633,0.06284125269745804,0.8546474969994505,93758
last 15 min down more than 2 sd,10,9,0.06611778833265214,0.006749583805175907,0.01807645607906627,0.7991174841274674,2026,0.0685983959035197,0.06795013866316255,0.7386699742553637,93758
last 15 min down more than 2 sd,15,9,0.06137208504449516,0.008939180743155485,0.02483653708476726,0.8597670600258007,2026,0.0762262155743346,0.07365603582089172,0.8269720500786084,93758
last 15 min down more than 2 sd,30,9,0.055748660907351304,0.010798957356357877,0.030499048930386546,0.8870495970124622,2026,0.0714479495439542,0.06934781691289041,0.8662275291781487,93758
last 15 min up more than 2 sd,1,9,-0.03713944126108139,0.0034714224802628773,0.00898143873072502,0.7494995296591482,2026,-0.0462194814287855,-0.04313900468843555,0.6607419478928532,98307
last 15 min up more than 2 sd,3,9,-0.05311704356501571,0.005763801923656263,0.015795165004502773,0.8381035800668404,2026,-0.063717586352773,-0.06137245827868612,0.7787728306898302,98307
last 15 min up more than 2 sd,5,9,-0.05760450801651017,0.00554971016311947,0.014556272921609405,0.7688879781761936,2026,-0.0652851866386451,-0.06289464169654557,0.6887586293208227,98307
last 15 min up more than 2 sd,10,9,-0.0535419958432144,0.0055999222075780505,0.013821015329968503,0.6830704256994259,2026,-0.063345603145185,-0.0592793867332132,0.5852326305283099,98307
last 15 min up more than 2 sd,15,9,-0.05171575238788762,0.005536838656200254,0.012996716172168353,0.6175150722024856,2026,-0.0588795052999375,-0.05547680917475706,0.5250120757994194,98307
last 15 min up more than 2 sd,30,9,-0.0444362272874732,0.00590575383600762,0.013674265978693393,0.6003304011723952,2026,-0.0452631217588224,-0.044862686873227905,0.5157364095794189,98307
last 5 min down more than 2 sd,1,9,0.04093094653464062,0.007972493190354063,0.023465467249869608,0.962977417316522,2026,0.0226962276547075,0.02348387682095405,0.9568049734447325,115175
last 5 min down more than 2 sd,3,9,0.058284404926353915,0.006519182244087529,0.018733696713641845,0.9183047317344321,2026,0.056583698475251,0.05675076726863723,0.9017650616437171,115174
last 5 min down more than 2 sd,5,9,0.056632307555026726,0.005577402704380033,0.01553348332219058,0.8631096841620067,2026,0.0538673244777385,0.05433132205640717,0.8321879137416841,115174
last 5 min down more than 2 sd,10,9,0.05077456660732163,0.0038685455969328635,0.00958051078957729,0.6843421755026077,2026,0.0502627061366339,0.05045948127682802,0.6155687898115481,115174
last 5 min down more than 2 sd,15,9,0.047502915602505635,0.006056339573489459,0.016804589289397202,0.8590392062237812,2026,0.0630519178537897,0.05975761307237049,0.7881340083318105,115173
last 5 min down more than 2 sd,30,9,0.050763821624842116,0.007106759245079585,0.02016255112311657,0.8956865560920969,2026,0.0563798559366173,0.055597189768332,0.8606372175034126,115171
last 5 min up more than 2 sd,1,9,-0.03867860172556028,0.004698101540299214,0.013224123505804618,0.8833486712290928,2026,-0.0513442303808119,-0.04928175661697179,0.8371597794330617,115372
last 5 min up more than 2 sd,3,9,-0.04881789582508974,0.005452835524977202,0.015231282369925556,0.8686896201057761,2026,-0.0582827319035021,-0.0567668642256685,0.8398421625820836,115372
last 5 min up more than 2 sd,5,9,-0.05297037928326451,0.004921857820884945,0.013252090121782922,0.8072986174174162,2026,-0.0568253291466621,-0.05594747889827006,0.772279723602334,115372
last 5 min up more than 2 sd,10,9,-0.04215910239154585,0.004758227838368155,0.012587972661229532,0.7790880803043656,2026,-0.0461299013312509,-0.045098453287436134,0.740241684487963,115370
last 5 min up more than 2 sd,15,9,-0.038836377573775074,0.004579798497222865,0.01183092243858767,0.7453443659819257,2026,-0.0452895593729207,-0.04314411485562307,0.6675369478074086,115370
last 5 min up more than 2 sd,30,9,-0.04028750472913574,0.004131032180862565,0.009986250608352471,0.6520525340851162,2026,-0.040306306515153,-0.04029853146766609,0.5864729297648509,115370
low volatility (vol60 in bottom decile),1,9,0.03333437096628698,0.007085991440386159,0.019949692386419617,0.9814793508566098,2026,0.0760188503595069,0.07222147452561903,0.9110361450375087,973930
low volatility (vol60 in bottom decile),3,9,0.009211152125949907,0.0026351860900979624,0.006581160503494168,0.8248842433352898,2026,0.0292531409148021,0.021856855854392527,0.630960523013387,973924
low volatility (vol60 in bottom decile),5,9,0.002960946130873481,0.0013914442857890165,0.0020449885153509613,0.25540314619068155,2026,0.016399887746468,0.004703212399597085,0.1296431161440482,973918
low volatility (vol60 in bottom decile),10,9,-0.0005061810431521566,0.00149679566354357,0.0005741104001521069,0.015481412418004482,2026,0.0103711694952551,-0.0004173221545973272,0.008169166585288778,973901
low volatility (vol60 in bottom decile),15,9,-0.0009747939133054785,0.002052013084287382,0.0026766798541708204,0.1957546892360697,2026,0.0126512556300407,0.0008385212841918734,0.13307710292179462,973886
low volatility (vol60 in bottom decile),30,9,-0.002426409029386802,0.0026811743027764447,0.0030245106692062228,0.1429112379354813,2026,0.0160887245170923,-0.0005736781372866224,0.10006575904241861,973850
lower quarter of 4h range,1,9,0.012864838512323928,0.003422332282861702,0.010053956877141902,0.9598383462060702,2026,0.0139245166483504,0.013870183897697385,0.9487271192961007,872592
lower quarter of 4h range,3,9,0.03162524044633809,0.003552901803547478,0.010303671201657502,0.9352165312033995,2026,0.0356566217519019,0.03535535657620203,0.9252699874149599,872590
lower quarter of 4h range,5,9,0.04140168878679293,0.003994245141388864,0.011520457245386532,0.9255251568378194,2026,0.0402486131875855,0.04035456048702595,0.9081176468279432,872588
lower quarter of 4h range,10,9,0.05403059024850282,0.004723127314644012,0.013503954750159941,0.9097258491230487,2026,0.0540171174998507,0.0540186218016444,0.8883448483639544,872583
lower quarter of 4h range,15,9,0.06059089485703893,0.005249462641490235,0.014901927205437046,0.8971444704095233,2026,0.0589628603173381,0.0591830369365296,0.8647592456902289,872572
lower quarter of 4h range,30,9,0.06821273328465827,0.007654843445194218,0.02200379561185595,0.9194609771687251,2026,0.0587849803352159,0.0598081636248358,0.8914711389758656,872537
previous window down,1,9,0.009811120586490835,0.0038330349686480593,0.011386102948756667,0.9808303465866076,2026,0.0168339567149429,0.016669202563749427,0.9765402256040128,2240880
previous window down,3,9,0.025499161347165705,0.003308483465953628,0.009709933220092464,0.9579299149370696,2026,0.0298389406097653,0.02959271453180238,0.9432629949442575,2240870
previous window down,5,9,0.03375080271739516,0.0033967212734578173,0.009908477552399634,0.9464707829176269,2026,0.034124693437696,0.03409973984428814,0.9332596610373738,2240861
previous window down,10,9,0.042356334742802364,0.003447516643542271,0.009917903623952888,0.9218412918277105,2026,0.0381058185469853,0.038573156267194444,0.8900515375828816,2240837
previous window down,15,9,0.047919084370209024,0.003930711131683822,0.011339296014664496,0.9267682567668466,2026,0.0397863429595044,0.04064763719290289,0.8940954605706735,2240818
previous window down,30,9,0.04869398335681405,0.006145514705122727,0.018114835099212002,0.9664077133283762,2026,0.0373417385429586,0.037913586345056795,0.949626896576415,2240744
previous window up,1,9,-0.009811120586490835,0.0038330349686480593,0.011386102948756667,0.9808303465866076,2026,-0.0168339567149429,-0.016669202563749427,0.9765402256040128,2264106
previous window up,3,9,-0.02549916134716571,0.00330848346595359,0.009709933220092346,0.957929914937068,2026,-0.0298389406097653,-0.029592714531802372,0.9432629949442561,2264098
previous window up,5,9,-0.03375080271739516,0.0033967212734578173,0.009908477552399634,0.9464707829176269,2026,-0.034124693437696,-0.03409973984428814,0.9332596610373738,2264089
previous window up,10,9,-0.042356334742802364,0.003447516643542266,0.009917903623952878,0.9218412918277108,2026,-0.0381058185469853,-0.038573156267194444,0.8900515375828814,2264068
previous window up,15,9,-0.04791908437020901,0.003930711131683845,0.011339296014664577,0.9267682567668484,2026,-0.0397863429595044,-0.040647637192902875,0.8940954605706748,2264042
previous window up,30,9,-0.04869398335681404,0.006145514705122708,0.018114835099211947,0.9664077133283762,2026,-0.0373417385429586,-0.0379135863450568,0.9496268965764146,2263981
price 30 bp+ above 60-min VWAP,1,9,-0.033815113102227436,0.0042685513719375396,0.012468559930819148,0.9549629537318707,2026,-0.0465216107487583,-0.04536837412920593,0.9092404019082915,469191
price 30 bp+ above 60-min VWAP,3,9,-0.04386355544222728,0.0036829250606270738,0.010372377656499992,0.8942726618764547,2026,-0.0450890593337132,-0.04484893876025737,0.8040638017357202,469191
price 30 bp+ above 60-min VWAP,5,9,-0.051228820081053755,0.0041101520245310705,0.011461498612077703,0.8805038668552494,2026,-0.0465467816160456,-0.04767769721100596,0.7584565775329677,469191
price 30 bp+ above 60-min VWAP,10,9,-0.05265817861376601,0.004386525478217138,0.011898585781722025,0.8386383433980578,2026,-0.0401329896555862,-0.04417939052178624,0.676938936433573,469191
price 30 bp+ above 60-min VWAP,15,9,-0.05262289466460549,0.004163572745827069,0.010744890292373934,0.762794675979466,2026,-0.0364255771104479,-0.04341090654721527,0.568735414774013,469191
price 30 bp+ above 60-min VWAP,30,9,-0.04988553676346612,0.005346881110500699,0.013980493562327702,0.7815582147310465,2026,-0.0318588562686642,-0.039158056344383206,0.5950890638005278,469191
price 30 bp+ below 60-min VWAP,1,9,0.020223158491927573,0.006145234614138297,0.018169748364120275,0.9751243598747994,2026,0.0061021570222186,0.006830098238894059,0.9484497457041579,428752
price 30 bp+ below 60-min VWAP,3,9,0.04608824474589506,0.00592894241750716,0.017327575785672344,0.9543792389227649,2026,0.0348068663345298,0.03559722646556201,0.9299411736569378,428751
price 30 bp+ below 60-min VWAP,5,9,0.05705396124280234,0.006339948744338773,0.01840517424478681,0.9435497324117552,2026,0.04392233196149,0.04521122150785394,0.9018484668769804,428751
price 30 bp+ below 60-min VWAP,10,9,0.06349852235251902,0.006334758960429387,0.018024138410062628,0.9108603606169728,2026,0.052802407434941,0.05457782372618322,0.8340129752790431,428751
price 30 bp+ below 60-min VWAP,15,9,0.06460702726880296,0.006440235072920443,0.01808512998375676,0.8902414499399637,2026,0.0595998927845377,0.06061502231877757,0.7972633774008107,428748
price 30 bp+ below 60-min VWAP,30,9,0.06543818249502507,0.0077687590099387365,0.021802182640652572,0.8901771748083991,2026,0.0607434252850818,0.061731493157234106,0.7895380255107497,428741
price at 4h high (rangepos >= 0.98),1,9,-0.01281821900181194,0.009670916325325008,0.028132085954017314,0.9472200056159247,2026,-0.0517296464926853,-0.04895567520891253,0.9287106266038838,64692
price at 4h high (rangepos >= 0.98),3,9,-0.04344449073783284,0.006554715268929413,0.01798367362951062,0.8465054154000194,2026,-0.0615973977544404,-0.05819673884000787,0.8126658770784554,64692
price at 4h high (rangepos >= 0.98),5,9,-0.05873926204467285,0.006103932792004862,0.0162004874579145,0.7932939408169205,2026,-0.068054394888936,-0.06567324278304229,0.7443780839518379,64692
price at 4h high (rangepos >= 0.98),10,9,-0.0792095711860532,0.006673707798695732,0.01749335152551416,0.771780292375126,2026,-0.0791198574973471,-0.07914734394944456,0.6936203104132305,64692
price at 4h high (rangepos >= 0.98),15,9,-0.08250282444709264,0.005690459557540362,0.013604102169754616,0.6427846456087078,2026,-0.0815677678325288,-0.08196467914674657,0.5755216229309061,64692
price at 4h high (rangepos >= 0.98),30,9,-0.09423860819629226,0.009093724023952896,0.024570039363901994,0.8178312762383733,2026,-0.0853535696742073,-0.08776300487477265,0.7288210743739193,64692
price at 4h low (rangepos <= 0.02),1,9,0.02856763101224909,0.012453046972884161,0.03625087506451193,0.9593523279697935,2026,0.007276784542929,0.008136158540924983,0.9596364569518486,46704
price at 4h low (rangepos <= 0.02),3,9,0.05981831514291485,0.01114133428992364,0.0320674496549254,0.9355604043055321,2026,0.0331684394480822,0.03469629859835753,0.9426691828595815,46704
price at 4h low (rangepos <= 0.02),5,9,0.08105007444641607,0.0118454772772021,0.03412764755283749,0.9349635178085697,2026,0.0509320204596133,0.05313739362051755,0.9267757086207957,46704
price at 4h low (rangepos <= 0.02),10,9,0.09319668610099534,0.012350781360121276,0.03532998349536553,0.9226757514882145,2026,0.0672999686868422,0.06948863258856992,0.9154848907401842,46704
price at 4h low (rangepos <= 0.02),15,9,0.09385489553312946,0.012693896778145107,0.03616376706381357,0.912061295039971,2026,0.0750664748714979,0.07697473199122745,0.8984344052064754,46704
price at 4h low (rangepos <= 0.02),30,9,0.0976928527931601,0.013208449731941992,0.03734281907458829,0.895631977099187,2026,0.0769174864441105,0.07930717868577915,0.8849747243192195,46704
sweep: 15-min move < -1.5 sd,1,9,0.029400568439532242,0.005289492465983171,0.015543719951446659,0.9604448133882064,2026,0.0181419850482923,0.01870287369154119,0.9501812418349803,243919
sweep: 15-min move < -1.5 sd,3,9,0.05256865194263541,0.005651424575092625,0.016434983674931857,0.9404093341621792,2026,0.0392711585240914,0.04023889079283366,0.9272244596569831,243918
sweep: 15-min move < -1.5 sd,5,9,0.06074943581540097,0.0057619853176685415,0.01661444085808773,0.924601262206027,2026,0.0481848042227711,0.04937724354940591,0.9050955598782319,243917
sweep: 15-min move < -1.5 sd,10,9,0.05953791090951998,0.0042302922301596935,0.011265681858015386,0.7900030425015876,2026,0.0514358669988575,0.05360696654309098,0.7320306371857278,243917
sweep: 15-min move < -1.5 sd,15,9,0.056870260005074155,0.0052164535402823425,0.014209246475898945,0.8261473864491414,2026,0.0547828660922575,0.055224702614980734,0.7883310284607298,243917
sweep: 15-min move < -1.5 sd,30,9,0.053199054506723194,0.006608393741296295,0.018496387584527874,0.8716193436658386,2026,0.0508411234559916,0.05122855058132812,0.835691919313624,243913
sweep: 15-min move < -2 sd,1,9,0.038964691336207426,0.007076571230215795,0.020607296220961073,0.9443831826981275,2026,0.0279707992340811,0.02877374960429166,0.9269639575546442,93759
sweep: 15-min move < -2 sd,3,9,0.06505551642137791,0.007690137249043562,0.022082343420972306,0.9179792522785182,2026,0.05753557878724,0.05834370806299204,0.8925351093227927,93758
sweep: 15-min move < -2 sd,5,9,0.07011668484438525,0.007909287797109288,0.022422510999632543,0.8946998351253184,2026,0.0616038977918633,0.06284125269745804,0.8546474969994505,93758
sweep: 15-min move < -2 sd,10,9,0.06611778833265214,0.006749583805175907,0.01807645607906627,0.7991174841274674,2026,0.0685983959035197,0.06795013866316255,0.7386699742553637,93758
sweep: 15-min move < -2 sd,15,9,0.06137208504449516,0.008939180743155485,0.02483653708476726,0.8597670600258007,2026,0.0762262155743346,0.07365603582089172,0.8269720500786084,93758
sweep: 15-min move < -2 sd,30,9,0.055748660907351304,0.010798957356357877,0.030499048930386546,0.8870495970124622,2026,0.0714479495439542,0.06934781691289041,0.8662275291781487,93758
sweep: 15-min move < -2.5 sd,1,9,0.048760096805021524,0.009732047352248823,0.027970893118849295,0.9207688645579081,2026,0.0341774770835587,0.03543598502036326,0.9136980898602001,34916
sweep: 15-min move < -2.5 sd,3,9,0.07132362209756674,0.008851031901284718,0.024196896960955106,0.837005431112799,2026,0.0713603624059672,0.07135267063831126,0.7906449893640853,34916
sweep: 15-min move < -2.5 sd,5,9,0.07206733641026741,0.009436988109264818,0.025189035705618642,0.7961375353262559,2026,0.0700171983867692,0.07057717454683834,0.7268592876914529,34916
sweep: 15-min move < -2.5 sd,10,9,0.06555249191591826,0.009374760076047511,0.023861213461361868,0.7232364749925411,2026,0.0765058151301296,0.07281221951100317,0.6627876721163306,34916
sweep: 15-min move < -2.5 sd,15,9,0.058120268856381406,0.013420852121596449,0.036846093246811595,0.8410605868903898,2026,0.086874443522977,0.08120579389665628,0.8028582043460238,34916
sweep: 15-min move < -2.5 sd,30,9,0.05402128686275268,0.015329472377212694,0.042527443131815355,0.857908941589021,2026,0.0871004529064746,0.08131554214046523,0.8251192077102778,34916
sweep: 15-min move < -3 sd,1,9,0.04959196719888641,0.010602124137585609,0.02816727350655893,0.7947240183978836,2026,0.0316851913104067,0.03655835256936664,0.7278593707036298,12180
sweep: 15-min move < -3 sd,3,9,0.07895961499964299,0.009618455227043722,0.021274666029320245,0.5560252549559626,2026,0.0800177836095651,0.07944293897884519,0.45675516611457867,12180
sweep: 15-min move < -3 sd,5,9,0.07361207090953964,0.01065539607350476,0.02263670705770501,0.5091510391804591,2026,0.0709130144758137,0.07249543436153148,0.4137136719541244,12180
sweep: 15-min move < -3 sd,10,9,0.06168931995817965,0.01375413352206191,0.03257918107395807,0.6312668443006252,2026,0.0942344841354941,0.0791592912887014,0.5367916178065917,12180
sweep: 15-min move < -3 sd,15,9,0.05466153074144776,0.022490643739431094,0.06162823967252978,0.8424134244777711,2026,0.1072214915526619,0.09582496791385502,0.7831710019773201,12180
sweep: 15-min move < -3 sd,30,9,0.04682964868865581,0.02401947228704593,0.06629734952685887,0.8523886448911306,2026,0.1064297942135156,0.09527010034396215,0.812757271458362,12180
sweep: 15-min move > +1.5 sd,1,9,-0.030579933865640667,0.0029322390337029524,0.008109799178699303,0.8526907439773411,2026,-0.0370555880761201,-0.03586264357600826,0.8157800800757224,248823
sweep: 15-min move > +1.5 sd,3,9,-0.04845898880332075,0.004937393831351969,0.014118774221907741,0.9099995043580269,2026,-0.0468452586426546,-0.04702189626119856,0.8905407961941716,248823
sweep: 15-min move > +1.5 sd,5,9,-0.05488789482429665,0.005471636450611196,0.015598670296456759,0.9041830843376526,2026,-0.0467348138482639,-0.04764250662104275,0.8886687406334909,248823
sweep: 15-min move > +1.5 sd,10,9,-0.052609275432407565,0.0049893610400541,0.013627628825496608,0.8314455311157184,2026,-0.0439723293528974,-0.04564795932843617,0.8059927710427717,248822
sweep: 15-min move > +1.5 sd,15,9,-0.050162505488367065,0.00430993937290656,0.010976047105626845,0.7233940240265654,2026,-0.0425308355553258,-0.04509941765697909,0.6634311855479192,248822
sweep: 15-min move > +1.5 sd,30,9,-0.046842546236498826,0.005400063839490481,0.014381625175430426,0.7898264448574106,2026,-0.0316864000909694,-0.035539321028837945,0.7457849178232535,248822
sweep: 15-min move > +2 sd,1,9,-0.03713944126108139,0.0034714224802628773,0.00898143873072502,0.7494995296591482,2026,-0.0462194814287855,-0.04313900468843555,0.6607419478928532,98307
sweep: 15-min move > +2 sd,3,9,-0.05311704356501571,0.005763801923656263,0.015795165004502773,0.8381035800668404,2026,-0.063717586352773,-0.06137245827868612,0.7787728306898302,98307
sweep: 15-min move > +2 sd,5,9,-0.05760450801651017,0.00554971016311947,0.014556272921609405,0.7688879781761936,2026,-0.0652851866386451,-0.06289464169654557,0.6887586293208227,98307
sweep: 15-min move > +2 sd,10,9,-0.0535419958432144,0.0055999222075780505,0.013821015329968503,0.6830704256994259,2026,-0.063345603145185,-0.0592793867332132,0.5852326305283099,98307
sweep: 15-min move > +2 sd,15,9,-0.05171575238788762,0.005536838656200254,0.012996716172168353,0.6175150722024856,2026,-0.0588795052999375,-0.05547680917475706,0.5250120757994194,98307
sweep: 15-min move > +2 sd,30,9,-0.0444362272874732,0.00590575383600762,0.013674265978693393,0.6003304011723952,2026,-0.0452631217588224,-0.044862686873227905,0.5157364095794189,98307
sweep: 15-min move > +2.5 sd,1,9,-0.03817664887157557,0.0054552196215625565,0.014183527865896753,0.7579968665052729,2026,-0.0446079200428268,-0.04239764945647549,0.6563244609819036,37783
sweep: 15-min move > +2.5 sd,3,9,-0.052957238555174334,0.007600119922051045,0.020087068333616283,0.782575747868363,2026,-0.0687989441526747,-0.06348860504366385,0.6647874134304866,37783
sweep: 15-min move > +2.5 sd,5,9,-0.056393765669529604,0.007447195536324679,0.018483869589724665,0.6903938612812056,2026,-0.0632164492249622,-0.060211470840922654,0.5595606392081869,37783
sweep: 15-min move > +2.5 sd,10,9,-0.0458456632313319,0.008715951412080038,0.021627077468312446,0.6920155084842979,2026,-0.0691540800348184,-0.058754720193641516,0.5538367136277855,37783
sweep: 15-min move > +2.5 sd,15,9,-0.04390694027391463,0.008973794628425385,0.021707314004943783,0.6568802642976589,2026,-0.0525300660436309,-0.04872185370907399,0.558372168485464,37783
sweep: 15-min move > +2.5 sd,30,9,-0.03726205705924034,0.010980080198743844,0.027893808755017246,0.7229879786819309,2026,-0.0446774438324507,-0.041973599969015424,0.6353738589599287,37783
sweep: 15-min move > +3 sd,1,9,-0.038571541879737554,0.009281955038747963,0.024764594292329373,0.7974821504439563,2026,-0.0632340455115613,-0.05592461767282728,0.7036218241321553,14324
sweep: 15-min move > +3 sd,3,9,-0.04882383675607081,0.012427729964716375,0.03308185191667255,0.7949384982968235,2026,-0.0588188770222653,-0.055502187911937007,0.668166508388556,14324
sweep: 15-min move > +3 sd,5,9,-0.05198927106799051,0.0111019456030113,0.026999405009036172,0.6656229387149545,2026,-0.0651458876708894,-0.05852334129826525,0.4966375799713616,14324
sweep: 15-min move > +3 sd,10,9,-0.032580644092323766,0.01382333180639495,0.034834432841605104,0.7159247348869945,2026,-0.0465657571509572,-0.04023618131760098,0.5474061734918348,14324
sweep: 15-min move > +3 sd,15,9,-0.029818584092844557,0.014665299634533903,0.03646509608027226,0.6944521031857627,2026,-0.0362601020826465,-0.03344822499497739,0.5634760172802731,14324
sweep: 15-min move > +3 sd,30,9,-0.023343293953467372,0.018189057698624275,0.04737542396386666,0.7599263114412964,2026,-0.052020349104635,-0.04207694860636827,0.6532628456495516,14324
sweep: 4h return < -100 bp,1,9,-0.0024735644517112107,0.0029002529439960136,0.008319263359345295,0.9246498751490426,2026,-0.0072312992063061,-0.006585550050478288,0.8642738216534318,574290
sweep: 4h return < -100 bp,3,9,0.010789253971587014,0.0022382765043386463,0.005850641566085808,0.7739091242724959,2026,0.0183814393758193,0.015751602697750295,0.6536126901480838,574290
sweep: 4h return < -100 bp,5,9,0.017010459796905818,0.0027418019115367526,0.007142828162690877,0.7729389992074457,2026,0.0225553736453285,0.020698931935853235,0.6651991788829413,574290
sweep: 4h return < -100 bp,10,9,0.02568321842378258,0.0034873079815433815,0.009008293303061965,0.759988163183176,2026,0.0335802825542888,0.030820847988295208,0.6505746286985384,574289
sweep: 4h return < -100 bp,15,9,0.032228892813639616,0.0038633796768653425,0.009602622942826426,0.7076180278754539,2026,0.0411648871068499,0.03732072653583932,0.569811657788162,574287
sweep: 4h return < -100 bp,30,9,0.040992716658109274,0.00448080561771622,0.010332452191340533,0.6079805515328938,2026,0.0447339911193518,0.04261337014429523,0.433182195793173,574271
sweep: 4h return < -25 bp,1,9,0.0006520290651794077,0.0022563483253470176,0.006507972775124502,0.933290633556966,2026,-0.0019133147659736,-0.0015620940166482177,0.8630901850035735,1520520
sweep: 4h return < -25 bp,3,9,0.013525551142164931,0.0016381162828908603,0.004402359457579393,0.8063055074284554,2026,0.017917525855071,0.016862875347693748,0.7598687204919231,1520514
sweep: 4h return < -25 bp,5,9,0.020323706910125812,0.002061273601459797,0.005568425971778907,0.8145586060012848,2026,0.0251150946467802,0.02396304018061862,0.7595572453157361,1520508
sweep: 4h return < -25 bp,10,9,0.029982711259792835,0.002820997353501755,0.007669692427144124,0.8250683193546487,2026,0.0344578771022536,0.03340651467666133,0.765067382393552,1520489
sweep: 4h return < -25 bp,15,9,0.03665711539924777,0.0031241986845235025,0.00836774753228773,0.8000135674011525,2026,0.0411166391835845,0.03996577639275055,0.7419314602881698,1520472
sweep: 4h return < -25 bp,30,9,0.04533560850369524,0.0040150621915009295,0.010626815920762905,0.7815246258397763,2026,0.0432559551885955,0.04387648111491677,0.7016204951970499,1520407
sweep: 4h return < -50 bp,1,9,-0.000448892387978139,0.002461410693958213,0.007085891872508303,0.9295194439396494,2026,-0.0024355662072533,-0.002171313935871184,0.8669875906058255,1058822
sweep: 4h return < -50 bp,3,9,0.013138180351703638,0.0018005275028800316,0.004762738779000847,0.7847257607833652,2026,0.0187356209106219,0.017224869999279375,0.730099695487524,1058818
sweep: 4h return < -50 bp,5,9,0.020026597436352676,0.0021816053568286184,0.005761400212063935,0.7822745069143721,2026,0.02504075545206,0.023659160104543372,0.7244611471779213,1058815
sweep: 4h return < -50 bp,10,9,0.029680058086458364,0.0027762829608243117,0.007226626089116796,0.7610070406680864,2026,0.0337114189635737,0.03243228401091588,0.6827039325804258,1058809
sweep: 4h return < -50 bp,15,9,0.0360341599569316,0.0031457860277470068,0.008045753869235594,0.7342363374201897,2026,0.0411373616921258,0.03936806901871363,0.6532975247264378,1058798
sweep: 4h return < -50 bp,30,9,0.0442118097145702,0.00411003201385425,0.010456043611314634,0.724133642216011,2026,0.0426423066221653,0.04319854639426729,0.6455949817533172,1058755
sweep: 4h return > +100 bp,1,9,-0.013581645140332424,0.0027843267804204363,0.007983437764442027,0.9238067596895444,2026,-0.0283157801073246,-0.026073192110178618,0.8477964263141413,599590
sweep: 4h return > +100 bp,3,9,-0.01323374965915117,0.001527521252438941,0.0033174533213055487,0.536707739378143,2026,-0.0246256593288043,-0.017612463994939515,0.3843705280996726,599588
sweep: 4h return > +100 bp,5,9,-0.016595530322534507,0.001258083303535851,0.0,0.0,2026,-0.0235231996197147,-0.016595530322534507,0.0,599588
sweep: 4h return > +100 bp,10,9,-0.023217089496394578,0.0021041773721508492,0.003649104351921296,0.3417260878319844,2026,-0.0264213261166817,-0.02383597692349698,0.19314660571070436,599587
sweep: 4h return > +100 bp,15,9,-0.02766391230991094,0.002311731420441659,0.0032866601759989093,0.22694550074917302,2026,-0.0292725686214473,-0.02787162382115037,0.12912112410204998,599585
sweep: 4h return > +100 bp,30,9,-0.03382633046530206,0.0035287138973472726,0.006745618781322202,0.41450595240384,2026,-0.0308543017040004,-0.03302234014175439,0.27051902525854044,599584
sweep: 4h return > +25 bp,1,9,-0.011323955467854231,0.0022544263759507314,0.00651821652984959,0.937083408498096,2026,-0.0223844528895981,-0.020825947824040812,0.8590926785540933,1611782
sweep: 4h return > +25 bp,3,9,-0.016041473211972867,0.0017756729547709748,0.004844478962866845,0.830479558004089,2026,-0.0241444155963413,-0.022266498559846342,0.7682425781383205,1611776
sweep: 4h return > +25 bp,5,9,-0.020531613062420132,0.0017775506320079678,0.004596335707118198,0.7464071389785824,2026,-0.0251057427189994,-0.023532854619651922,0.6561339058054272,1611770
sweep: 4h return > +25 bp,10,9,-0.02956851138296039,0.002345914063660184,0.006053249270130861,0.7436516766150731,2026,-0.0288422568873458,-0.029093335230575418,0.654283250918616,1611759
sweep: 4h return > +25 bp,15,9,-0.0354597545555426,0.0028169869219157443,0.007296112554163347,0.7487445158183349,2026,-0.0353506887691782,-0.0353867916135161,0.6689810293278043,1611746
sweep: 4h return > +25 bp,30,9,-0.04466773917620266,0.004282452922664001,0.011473639327708061,0.801638130018082,2026,-0.0387830935614512,-0.0404195813014576,0.7219054727944715,1611724
sweep: 4h return > +50 bp,1,9,-0.013116299215922089,0.0025649258796714347,0.007435130486164411,0.9414933625424106,2026,-0.0269765335469614,-0.02520754079784423,0.872369203372298,1124579
sweep: 4h return > +50 bp,3,9,-0.016101963488266965,0.0014944002094509912,0.00375195655017062,0.7071663122900981,2026,-0.0256642177736229,-0.022114738701071425,0.6288031078626191,1124576
sweep: 4h return > +50 bp,5,9,-0.019616863844016237,0.0013494790013094452,0.002698762398208254,0.44898636877594456,2026,-0.026532109772331,-0.02181526318187479,0.31790616857993687,1124573
sweep: 4h return > +50 bp,10,9,-0.02761336023761978,0.0020313262693584322,0.004604483344850942,0.5768499778686493,2026,-0.02797614215249,-0.027780318600717745,0.4602168858326196,1124567
sweep: 4h return > +50 bp,15,9,-0.033074953203487516,0.0025685699610515462,0.006047379504479698,0.6213423191180916,2026,-0.031587405381652,-0.032294562962291606,0.5246152289967866,1124557
sweep: 4h return > +50 bp,30,9,-0.04134001884372629,0.004272723591555326,0.011053033462574495,0.7501162380598094,2026,-0.0337452217260591,-0.03639588455052291,0.6509896468073155,1124547
sweep: 5-min move < -1.5 sd,1,9,0.029366528915623528,0.00567562459119493,0.01672449970949489,0.9652758355999511,2026,0.0200959646699619,0.020458810710363713,0.9608604146644453,267900
sweep: 5-min move < -1.5 sd,3,9,0.04593040933947079,0.005194024828626697,0.015101670822450177,0.9400320092200776,2026,0.0413082102397351,0.04164596763897251,0.9269271201976725,267897
sweep: 5-min move < -1.5 sd,5,9,0.04753211345560678,0.0046566256470404205,0.013309946434873461,0.9086360781624633,2026,0.0449396217622087,0.04522521593203958,0.8898379614645786,267896
sweep: 5-min move < -1.5 sd,10,9,0.04442372526143004,0.0033554433305768273,0.009003837801914286,0.8015146912615974,2026,0.0431490053550508,0.04345831308019481,0.7573524006363251,267895
sweep: 5-min move < -1.5 sd,15,9,0.04251999107702845,0.003217681615332134,0.008417626341881914,0.7627202774751811,2026,0.0535204748354059,0.050158634629869456,0.6943916031896121,267894
sweep: 5-min move < -1.5 sd,30,9,0.04468715367059378,0.005485592693797972,0.01574755851019752,0.9167014887311052,2026,0.0428210617757082,0.04303043095908088,0.887803390633389,267885
sweep: 5-min move < -2 sd,1,9,0.04093094653464062,0.007972493190354063,0.023465467249869608,0.962977417316522,2026,0.0226962276547075,0.02348387682095405,0.9568049734447325,115175
sweep: 5-min move < -2 sd,3,9,0.058284404926353915,0.006519182244087529,0.018733696713641845,0.9183047317344321,2026,0.056583698475251,0.05675076726863723,0.9017650616437171,115174
sweep: 5-min move < -2 sd,5,9,0.056632307555026726,0.005577402704380033,0.01553348332219058,0.8631096841620067,2026,0.0538673244777385,0.05433132205640717,0.8321879137416841,115174
sweep: 5-min move < -2 sd,10,9,0.05077456660732163,0.0038685455969328635,0.00958051078957729,0.6843421755026077,2026,0.0502627061366339,0.05045948127682802,0.6155687898115481,115174
sweep: 5-min move < -2 sd,15,9,0.047502915602505635,0.006056339573489459,0.016804589289397202,0.8590392062237812,2026,0.0630519178537897,0.05975761307237049,0.7881340083318105,115173
sweep: 5-min move < -2 sd,30,9,0.050763821624842116,0.007106759245079585,0.02016255112311657,0.8956865560920969,2026,0.0563798559366173,0.055597189768332,0.8606372175034126,115171
sweep: 5-min move < -2.5 sd,1,9,0.05001389225663227,0.009360273379087377,0.02724340063719029,0.941776412874533,2026,0.0253178342090443,0.027055569023895467,0.929635134016018,50986
sweep: 5-min move < -2.5 sd,3,9,0.06682086453270693,0.0084873081315646,0.024058030464016514,0.8947290274616468,2026,0.0578432405473766,0.059108154180736054,0.859103741098273,50986
sweep: 5-min move < -2.5 sd,5,9,0.06344478716408551,0.007644739064588392,0.021057057636871268,0.844284979768712,2026,0.053683573088452,0.05554640181511328,0.8091601400986199,50986
sweep: 5-min move < -2.5 sd,10,9,0.05309106615550131,0.007114586964728458,0.019102053443299263,0.8028050062193743,2026,0.0483653508989069,0.049478743498908406,0.764397019382866,50986
sweep: 5-min move < -2.5 sd,15,9,0.04999647317317872,0.008958525196937989,0.02492353873242561,0.8635997851844505,2026,0.0673504947847832,0.06382563617058101,0.7968852008432937,50985
sweep: 5-min move < -2.5 sd,30,9,0.05443430617930097,0.009123458639843806,0.025438515558693104,0.8656238589866372,2026,0.0635471379153984,0.06196050281176007,0.8258900032847741,50984
sweep: 5-min move < -3 sd,1,9,0.05895049516483974,0.010741897857430746,0.030627267402446767,0.9053772465570017,2026,0.0270904851977806,0.03058874654013423,0.8901989878229615,23148
sweep: 5-min move < -3 sd,3,9,0.07605035041010322,0.00968670396536517,0.026408072193970133,0.8286034086729743,2026,0.0558568241914813,0.060083346848055025,0.7906991274918521,23148
sweep: 5-min move < -3 sd,5,9,0.07169321061831826,0.009499829323902075,0.025283462805954084,0.7890064074037821,2026,0.0616790473912095,0.06433874155170348,0.7344067497028542,23148
sweep: 5-min move < -3 sd,10,9,0.05964057837942171,0.011739682671042683,0.03237309320020663,0.8464092882462619,2026,0.0448195569772186,0.04754237969623635,0.8162864322823926,23148
sweep: 5-min move < -3 sd,15,9,0.053630331192753386,0.013359622590877737,0.03739439744696287,0.8730339204183866,2026,0.071895984937828,0.06857661723548901,0.8182727128924107,23148
sweep: 5-min move < -3 sd,30,9,0.05451963214162125,0.013878197397828869,0.03897578577856088,0.8773912713608658,2026,0.0621701504071384,0.06104861859984712,0.8534044664207513,23148
sweep: 5-min move > +1.5 sd,1,9,-0.029202358098498898,0.003906159196153352,0.011228329166197875,0.9206493186389638,2026,-0.0463315077974378,-0.044348516909151814,0.8842329640911003,269069
sweep: 5-min move > +1.5 sd,3,9,-0.04139749332637833,0.005051180879470885,0.01460019068012826,0.9290519298069608,2026,-0.0528158012256269,-0.05182943605527359,0.9136154692046605,269069
sweep: 5-min move > +1.5 sd,5,9,-0.04632454528651753,0.004868274137607714,0.013903621888166904,0.9073954188176646,2026,-0.0516929121536766,-0.05104477993702648,0.8792682704650717,269066
sweep: 5-min move > +1.5 sd,10,9,-0.03906090795829289,0.004211205716168696,0.01175795504900827,0.8670595872590973,2026,-0.0369098503283324,-0.0372391656921765,0.8469053737764569,269061
sweep: 5-min move > +1.5 sd,15,9,-0.0364053004564568,0.0030783464272631953,0.00787470180545216,0.7302430191043462,2026,-0.0355681265757195,-0.03585240127483408,0.6604352982629825,269060
sweep: 5-min move > +1.5 sd,30,9,-0.03865724652968934,0.003562867773975114,0.009476471522504295,0.7874564497267869,2026,-0.0303210762348526,-0.0325378363558481,0.7340793142903381,269060
sweep: 5-min move > +2 sd,1,9,-0.03867860172556028,0.004698101540299214,0.013224123505804618,0.8833486712290928,2026,-0.0513442303808119,-0.04928175661697179,0.8371597794330617,115372
sweep: 5-min move > +2 sd,3,9,-0.04881789582508974,0.005452835524977202,0.015231282369925556,0.8686896201057761,2026,-0.0582827319035021,-0.0567668642256685,0.8398421625820836,115372
sweep: 5-min move > +2 sd,5,9,-0.05297037928326451,0.004921857820884945,0.013252090121782922,0.8072986174174162,2026,-0.0568253291466621,-0.05594747889827006,0.772279723602334,115372
sweep: 5-min move > +2 sd,10,9,-0.04215910239154585,0.004758227838368155,0.012587972661229532,0.7790880803043656,2026,-0.0461299013312509,-0.045098453287436134,0.740241684487963,115370
sweep: 5-min move > +2 sd,15,9,-0.038836377573775074,0.004579798497222865,0.01183092243858767,0.7453443659819257,2026,-0.0452895593729207,-0.04314411485562307,0.6675369478074086,115370
sweep: 5-min move > +2 sd,30,9,-0.04028750472913574,0.004131032180862565,0.009986250608352471,0.6520525340851162,2026,-0.040306306515153,-0.04029853146766609,0.5864729297648509,115370
sweep: 5-min move > +2.5 sd,1,9,-0.045894124858906794,0.0057919838791724585,0.015863403041881472,0.8384701875011035,2026,-0.0682091823172244,-0.06303174274912536,0.767984484119299,51389
sweep: 5-min move > +2.5 sd,3,9,-0.05600823740933394,0.006907676962055251,0.01880533464350184,0.8273489936649616,2026,-0.0787933963003261,-0.07365032455236661,0.7742797505795432,51389
sweep: 5-min move > +2.5 sd,5,9,-0.05544731030669689,0.006292889001105914,0.016372112526741388,0.7554021227128088,2026,-0.0678127087479688,-0.06415613370458359,0.7042897517009493,51389
sweep: 5-min move > +2.5 sd,10,9,-0.04242746455992192,0.006984811651634343,0.018561888723182672,0.7862858680933204,2026,-0.0547155723159653,-0.05161899544860596,0.7480021392360899,51389
sweep: 5-min move > +2.5 sd,15,9,-0.038103481468219055,0.00669552677631215,0.017263288923693172,0.7439101784124346,2026,-0.0512443114921301,-0.04676420559384922,0.6590697931463328,51389
sweep: 5-min move > +2.5 sd,30,9,-0.042815422279421415,0.0065453447040048065,0.016334548341479464,0.6976409882837392,2026,-0.0412632606441355,-0.041846181762142,0.6244456087853768,51389
sweep: 5-min move > +3 sd,1,9,-0.05178502119420865,0.007385610839656575,0.019687970131677515,0.7926722011323694,2026,-0.0807034243763329,-0.0732886415610809,0.7435963953972603,23845
sweep: 5-min move > +3 sd,3,9,-0.058686787113827986,0.008645911961636634,0.02278582333250719,0.7782934496021245,2026,-0.0985972005974733,-0.08579345376427208,0.679187818025288,23845
sweep: 5-min move > +3 sd,5,9,-0.05641133138748815,0.008258884971827857,0.02089878841974468,0.7153396207326057,2026,-0.076840547450221,-0.06966364981229285,0.6486944180388646,23845
sweep: 5-min move > +3 sd,10,9,-0.042037007930657413,0.009548064142461595,0.025044956376152446,0.7662816373152131,2026,-0.0689499596467386,-0.061583425277671425,0.7262829270166796,23845
sweep: 5-min move > +3 sd,15,9,-0.038302338345290565,0.007965470235978534,0.018950945492322527,0.6339147833877493,2026,-0.0672548407339967,-0.05410010345890403,0.5456442037899942,23845
sweep: 5-min move > +3 sd,30,9,-0.043741618035574345,0.010918700452625375,0.028886310894593297,0.7831225739511948,2026,-0.058893916890502,-0.0548380320303626,0.7323254445433278,23845
sweep: EMA9 < EMA21 - 10 bp,1,9,0.016449114902705134,0.005914807801999628,0.01741427124365127,0.9688297162188243,2026,0.0051508982162763,0.005988997365503382,0.9258202269891151,336193
sweep: EMA9 < EMA21 - 10 bp,3,9,0.04116625176969882,0.005215685331067665,0.015013077761381713,0.92954399362168,2026,0.035162090058722,0.03592155908663132,0.8735095647872277,336192
sweep: EMA9 < EMA21 - 10 bp,5,9,0.051849731574072154,0.005415433390855834,0.015331874093500382,0.9035305115694301,2026,0.0419399305861734,0.043672200276266164,0.8251963190574559,336192
sweep: EMA9 < EMA21 - 10 bp,10,9,0.05771104537411685,0.005561066541393209,0.015362612828840388,0.8666655605606376,2026,0.0565571491721884,0.056836813908421394,0.7576344078734273,336192
sweep: EMA9 < EMA21 - 10 bp,15,9,0.06013842526968825,0.006331407958951804,0.017464718687025146,0.8648910987993486,2026,0.0730989185267335,0.06976951254552659,0.7431111675169412,336188
sweep: EMA9 < EMA21 - 10 bp,30,9,0.06236662928025454,0.006704707933953353,0.01819262084059822,0.8400245852537679,2026,0.0751264488043444,0.07108886725542149,0.6835706381818197,336183
sweep: EMA9 > EMA21 + 10 bp,1,9,-0.0331190751551824,0.0036687168431244134,0.01049489137337731,0.9208870809441331,2026,-0.0400438223471504,-0.03909842515521806,0.8634755658619709,337631
sweep: EMA9 > EMA21 + 10 bp,3,9,-0.04161263086855943,0.0038278122381473923,0.010620330156557127,0.8682236848020053,2026,-0.0376406868898495,-0.03840733069021564,0.8069852433781953,337631
sweep: EMA9 > EMA21 + 10 bp,5,9,-0.049119369998681474,0.00394544399859767,0.010618154725803788,0.825243475404408,2026,-0.0438710116804044,-0.04542695667499811,0.7035368204234013,337631
sweep: EMA9 > EMA21 + 10 bp,10,9,-0.04987488476119367,0.004598387953986898,0.012125726263133175,0.8036312602818251,2026,-0.0429352563587168,-0.0455425426460218,0.6242902161195809,337631
sweep: EMA9 > EMA21 + 10 bp,15,9,-0.05035430482688856,0.004884891043799505,0.012668700260512698,0.779039484705364,2026,-0.0420781377080273,-0.0454855220421551,0.5882895686866424,337631
sweep: EMA9 > EMA21 + 10 bp,30,9,-0.046914985964650456,0.004931350181182246,0.01211447254105895,0.7004371303801121,2026,-0.0291684949398119,-0.03805826681008198,0.4990687534889194,337631
sweep: MACD hist < 0,1,9,0.006175349487522633,0.00367773487000243,0.010919843064788094,0.9799793355407899,2026,0.0128039570551485,0.012639411999996485,0.9751765278796026,2266972
sweep: MACD hist < 0,3,9,0.016965157258251044,0.0029658220143612356,0.008629510519170581,0.9413101404351841,2026,0.017978741042369,0.017912450704356993,0.934598067717021,2266962
sweep: MACD hist < 0,5,9,0.02089313342341136,0.0031803807847194513,0.009200220286539313,0.9304755292829229,2026,0.0190704990942093,0.019208837150166684,0.9240999394442737,2266952
sweep: MACD hist < 0,10,9,0.020566277441914613,0.0027235764708357637,0.007589759740889083,0.8642521380692689,2026,0.0158894691497833,0.01664817907150927,0.8377718575716491,2266933
sweep: MACD hist < 0,15,9,0.021408075476101598,0.001786325135003271,0.0042176517935767115,0.6216951295857368,2026,0.0164298795089692,0.018666400056771774,0.5507367402631836,2266912
sweep: MACD hist < 0,30,9,0.022443227285092345,0.004007799459734358,0.011546524700382504,0.9239078832776035,2026,0.0142883841092538,0.015192779460506525,0.8890971497855041,2266854
sweep: MACD hist > 0,1,9,-0.00617534948752263,0.003677734870002444,0.010919843064788133,0.9799793355407898,2026,-0.0128039570551485,-0.012639411999996466,0.9751765278796,2238014
sweep: MACD hist > 0,3,9,-0.016965157258251044,0.0029658220143612356,0.008629510519170581,0.9413101404351841,2026,-0.017978741042369,-0.017912450704356993,0.934598067717021,2238006
sweep: MACD hist > 0,5,9,-0.02089313342341136,0.0031803807847194513,0.009200220286539313,0.9304755292829229,2026,-0.0190704990942093,-0.019208837150166684,0.9240999394442737,2237998
sweep: MACD hist > 0,10,9,-0.020566277441914624,0.002723576470835765,0.007589759740889093,0.86425213806927,2026,-0.0158894691497833,-0.01664817907150927,0.8377718575716494,2237972
sweep: MACD hist > 0,15,9,-0.02140807547610159,0.001786325135003278,0.004217651793576729,0.6216951295857368,2026,-0.0164298795089692,-0.01866640005677176,0.5507367402631858,2237948
sweep: MACD hist > 0,30,9,-0.022443227285092335,0.004007799459734349,0.011546524700382484,0.9239078832776043,2026,-0.0142883841092538,-0.015192779460506529,0.8890971497855038,2237871
sweep: OBV falling,1,9,0.015600157965101164,0.0028756065578016674,0.007976194240070934,0.8597236273478599,2026,0.0210645671979369,0.020369630931481163,0.8728249959245636,239577
sweep: OBV falling,3,9,0.031003341832564868,0.0031126575036433146,0.008223504219639891,0.7800182914441526,2026,0.0326601540711666,0.032324995544573236,0.7977088056301318,239577
sweep: OBV falling,5,9,0.03826445586587519,0.0034349037405376702,0.008846309181147326,0.7423869188581824,2026,0.0383547172061854,0.03833246376997084,0.7534555088803536,239577
sweep: OBV falling,10,9,0.04625462493740681,0.004133876910568997,0.010236852862190846,0.6888053555629892,2026,0.045812118767722,0.045933048862607934,0.7267154603243883,239576
sweep: OBV falling,15,9,0.0520855941750216,0.005248780887121376,0.013372326606626454,0.7278699226166184,2026,0.0512657833917,0.051451474988788326,0.7734945662266502,239571
sweep: OBV falling,30,9,0.05617072173088087,0.007624630766311732,0.020175261214422285,0.7832392072647882,2026,0.0449813944432805,0.047154431666747564,0.8057937561737826,239565
sweep: OBV rising,1,9,-0.013560290987949107,0.0026184152728756555,0.006944756526803992,0.7871515034343863,2026,-0.0184699435131937,-0.01752234908617836,0.8069935861768278,200989
sweep: OBV rising,3,9,-0.028025884169190957,0.0032464012804548155,0.008440482052292017,0.7571837511034383,2026,-0.0303230915568028,-0.029879341800326562,0.8068307812044957,200989
sweep: OBV rising,5,9,-0.0350984082548253,0.003181619018011027,0.007478438683889191,0.6185835980185798,2026,-0.0319460531110679,-0.03299900910677023,0.6659779917921071,200989
sweep: OBV rising,10,9,-0.04376023002232967,0.003274902558511711,0.006074933188596955,0.3854993534124502,2026,-0.0382440235640003,-0.04147602189531783,0.41409039786078505,200989
sweep: OBV rising,15,9,-0.04705229694435815,0.003724354942827369,0.0066105222142616845,0.3535773249230475,2026,-0.0421336891207671,-0.045132716004711936,0.39026915917942434,200989
sweep: OBV rising,30,9,-0.051633707650710695,0.005242117743570375,0.010320964632202603,0.4344642911618291,2026,-0.0499031488964495,-0.05082985282838755,0.46450594083777463,200989
sweep: RSI14 < 20,1,9,0.054454833286137094,0.009897524742920842,0.027585414472970023,0.8724960695121361,2026,0.0381083586284801,0.040655669264005795,0.8441675842116525,22141
sweep: RSI14 < 20,3,9,0.0809698022477731,0.012620216503168559,0.03489951323819522,0.8536007315460024,2026,0.0562412654641549,0.06013731771422046,0.8424471175081188,22141
sweep: RSI14 < 20,5,9,0.07628714414111991,0.01157120742523547,0.030380675693107453,0.7716381785681872,2026,0.0385549950089638,0.04965485810674099,0.7058247846180155,22141
sweep: RSI14 < 20,10,9,0.06891728797529806,0.010794383545621337,0.02704170066506817,0.7014146989845906,2026,0.0434985128282016,0.05227816988625562,0.6545995230987005,22141
sweep: RSI14 < 20,15,9,0.06188988532211834,0.013400469636636431,0.03560307128821981,0.7891746009544838,2026,0.0618039588515041,0.061825068559786464,0.7543282281762247,22141
sweep: RSI14 < 20,30,9,0.06719221383048944,0.012981679401069972,0.03355294379251352,0.7476913609246365,2026,0.0823997702002595,0.07794234369753339,0.7068939680811117,22141
sweep: RSI14 < 25,1,9,0.05413820282031439,0.010018848130971054,0.02937004421593542,0.9568214128025552,2026,0.0359315236753404,0.036860420270571397,0.9489804489970692,64233
sweep: RSI14 < 25,3,9,0.08012291964284605,0.011824594918722587,0.03449321931275647,0.9469499636342906,2026,0.0579151713598523,0.05914941573049608,0.9444228043781937,64233
sweep: RSI14 < 25,5,9,0.08129781334552266,0.011796635393855082,0.03404793049159971,0.9277097982486064,2026,0.0505852968045927,0.05331434908027889,0.9111420169021567,64233
sweep: RSI14 < 25,10,9,0.07986661496794269,0.008792159074570292,0.024200927697420785,0.8429849718576079,2026,0.0637710688911471,0.06653201165534811,0.8284654182574536,64233
sweep: RSI14 < 25,15,9,0.07114689736591061,0.00909443421739004,0.024856572917903722,0.8328653682554923,2026,0.0710312108769387,0.07105138909334371,0.8255784527273391,64233
sweep: RSI14 < 25,30,9,0.07138159343630954,0.00884902451785131,0.023631394354067043,0.795425390604457,2026,0.0780757677056605,0.0764624390315582,0.7589951188619514,64233
sweep: RSI14 < 30,1,9,0.04242651497344219,0.008073044428087445,0.023872244960818655,0.9727505296179271,2026,0.0212494034697069,0.022044628673956214,0.9624488351912841,169066
sweep: RSI14 < 30,3,9,0.07084268716819792,0.00974426247499276,0.02876497649511151,0.9688195882810109,2026,0.0475787410653288,0.04842168092082665,0.9637662565168215,169065
sweep: RSI14 < 30,5,9,0.07798614684869393,0.009537175057525462,0.027994499831438365,0.9580475649001207,2026,0.0501071970114922,0.05155517824792991,0.9480618443344118,169065
sweep: RSI14 < 30,10,9,0.07804564659298063,0.007444381107894121,0.021295721304538,0.9101739058878513,2026,0.0637438385083552,0.06527580669847756,0.8928829011648369,169065
sweep: RSI14 < 30,15,9,0.07292234895068803,0.006493608859148003,0.01803593693098565,0.8589487205663371,2026,0.0673838327308491,0.06822292026617749,0.8484995796667018,169064
sweep: RSI14 < 30,30,9,0.07187196624120959,0.006817169251088264,0.018840717947565342,0.8496353532716595,2026,0.0650784730922974,0.06619590971586617,0.8355136894856958,169063
sweep: RSI14 < 35,1,9,0.031825450822219506,0.006510085326603849,0.019331921914486846,0.9808950115819302,2026,0.0208110171609011,0.021077641735604877,0.9757931653226857,396054
sweep: RSI14 < 35,3,9,0.05860228010995045,0.007440553543798542,0.022034964329650058,0.974976466024154,2026,0.0415816153970322,0.04211860988900574,0.9684504394492905,396052
sweep: RSI14 < 35,5,9,0.06778398145124365,0.008155625335731354,0.02413339071097122,0.9734963238958997,2026,0.0479795254357345,0.04864975055510065,0.9661578627132558,396050
sweep: RSI14 < 35,10,9,0.07067631612002104,0.006909778005210013,0.020210450005982237,0.9508641587998176,2026,0.0572151425698327,0.058005890782484956,0.9412571118183675,396048
sweep: RSI14 < 35,15,9,0.06874029491895513,0.005953846311265217,0.01709845625975278,0.917180510267082,2026,0.0575858636310077,0.05864783091899458,0.904794134225888,396047
sweep: RSI14 < 35,30,9,0.06839208806901428,0.007429736365931333,0.0215339843257752,0.9338023002057889,2026,0.057978052094226,0.05880496370201125,0.920596432565899,396040
sweep: RSI14 > 65,1,9,-0.025897317933022145,0.005899902362733986,0.01741589023093423,0.9707047378093121,2026,-0.0338625178512729,-0.03340137355919913,0.9421051201719178,415898
sweep: RSI14 > 65,3,9,-0.05211455092665453,0.005820750942258517,0.017074551805009962,0.9570319226142904,2026,-0.0488579519692702,-0.049047557558191554,0.9417780354896274,415898
sweep: RSI14 > 65,5,9,-0.06300843660527382,0.0063090730567379365,0.018483696056537723,0.9541543586174378,2026,-0.0507995067323596,-0.0514301537349173,0.9483454316535305,415897
sweep: RSI14 > 65,10,9,-0.06762352612053674,0.0064744854149817906,0.01884494907981635,0.9417591255840182,2026,-0.0476048928648383,-0.04886604166331863,0.9370012536634422,415894
sweep: RSI14 > 65,15,9,-0.06668641906121804,0.0056402100250719294,0.01609530521155895,0.90602634556234,2026,-0.0451032344993811,-0.04758367915876759,0.885075130952993,415893
sweep: RSI14 > 65,30,9,-0.06499533596787022,0.006982661748287422,0.020089306917081176,0.9201247597828794,2026,-0.0379479190198787,-0.04044441057107891,0.9076994466421461,415884
sweep: RSI14 > 70,1,9,-0.030396353335261493,0.005881090331455141,0.017016935565911502,0.9376260837983387,2026,-0.0340386188362714,-0.03352057240327291,0.8577680751568353,179989
sweep: RSI14 > 70,3,9,-0.0590886340098408,0.007049929323462001,0.02044354742052341,0.9363303917325552,2026,-0.053196699701998,-0.05377693623607298,0.9015201962957021,179989
sweep: RSI14 > 70,5,9,-0.06883332629336426,0.007192626727884285,0.020737595694146103,0.924666807624512,2026,-0.0567218594980337,-0.05796263080804343,0.8975540014287866,179989
sweep: RSI14 > 70,10,9,-0.070603541690142,0.00644088669085757,0.018112500959961912,0.8799343362534767,2026,-0.0531732713641309,-0.055588822871038494,0.8614162912147795,179989
sweep: RSI14 > 70,15,9,-0.06773436509243885,0.005144296701598902,0.013649496940429615,0.7843419389103626,2026,-0.0481728245590395,-0.052982394915021144,0.7541313094554188,179989
sweep: RSI14 > 70,30,9,-0.06376186958846,0.006095724802850473,0.01638522309325129,0.8044464915192945,2026,-0.0405027996654331,-0.04556282564332412,0.7824493414983245,179986
sweep: RSI14 > 75,1,9,-0.032078068676780286,0.00655399909704353,0.0181248504721434,0.8688131090772524,2026,-0.0289088160171629,-0.029953216055163264,0.6704585748848276,70751
sweep: RSI14 > 75,3,9,-0.05860325063262471,0.008179035411170085,0.022928220616267307,0.8779103514878934,2026,-0.050093278305503,-0.0518881475066233,0.7890863645466909,70751
sweep: RSI14 > 75,5,9,-0.06892697215924988,0.007156773919636868,0.01926224185258425,0.8105885134803387,2026,-0.0603452742256307,-0.06289147644955292,0.7032985495856995,70751
sweep: RSI14 > 75,10,9,-0.06826692428613375,0.00663359598845606,0.017015620390778315,0.7363025392670022,2026,-0.0670957263370177,-0.0675105601552139,0.6458038382757753,70751
sweep: RSI14 > 75,15,9,-0.06224254246576041,0.00520524299126057,0.011215906063136818,0.519931165339044,2026,-0.0574238140143667,-0.060098017692832885,0.4450395565052572,70751
sweep: RSI14 > 75,30,9,-0.05737543623185578,0.004458609501895329,0.0060662310578230025,0.2060791608126689,2026,-0.0532224763294878,-0.05659957740444692,0.1868206882918555,70751
sweep: RSI14 > 80,1,9,-0.026170849140808843,0.010301737110565909,0.028126879340881556,0.8471188975205608,2026,-0.0102933577610927,-0.016140598639443622,0.6317276615989285,25400
sweep: RSI14 > 80,3,9,-0.054126275603805944,0.011802868105027097,0.03224168730018549,0.8380397529501507,2026,-0.0473353794369594,-0.04935867352069989,0.7020578677644492,25400
sweep: RSI14 > 80,5,9,-0.05941945184087698,0.011020535274111029,0.029156192720785217,0.7831974491406944,2026,-0.0470711037262848,-0.050943310342576424,0.6864190594274066,25400
sweep: RSI14 > 80,10,9,-0.055069093923795116,0.009656252919990994,0.02364176284364339,0.6716250597444832,2026,-0.0666570460437154,-0.061361489085297885,0.5430118364646861,25400
sweep: RSI14 > 80,15,9,-0.048420638593655384,0.009870219442481428,0.02383285731908332,0.6546778025405094,2026,-0.069397932112632,-0.060240566248003447,0.5634629483377083,25400
sweep: RSI14 > 80,30,9,-0.04219533760059456,0.009648150427219981,0.021673166377449732,0.5651209672718429,2026,-0.0690886705788871,-0.055990683945888436,0.5129652898147303,25400
sweep: RSI60 < 35,1,9,0.03911881729294822,0.009600936403499506,0.026635918872476974,0.8625927888659687,2026,0.0291224656884747,0.03134332325427929,0.777833188179303,23920
sweep: RSI60 < 35,3,9,0.06354172212113583,0.012291661154232376,0.03392886646261418,0.8531704414080672,2026,0.0470314673660717,0.05001438393554306,0.819329464401122,23920
sweep: RSI60 < 35,5,9,0.06954467293351256,0.012197935080502532,0.03235151963559041,0.7863953508031643,2026,0.0618663352879186,0.06379886271449675,0.7483143467014516,23920
sweep: RSI60 < 35,10,9,0.06331205918206333,0.010780746124653857,0.025078490378619075,0.6093771033070023,2026,0.0890329352359134,0.07923067032903784,0.6188984820597397,23920
sweep: RSI60 < 35,15,9,0.056259969985595945,0.014449065956849088,0.03693625520685765,0.7336424971877185,2026,0.1079316250579046,0.0942703821823794,0.7356143739462608,23920
sweep: RSI60 < 35,30,9,0.06127500562911217,0.020061108579523344,0.053804773132874496,0.8059123922017639,2026,0.127328973333226,0.11213776587503659,0.7700182443810518,23920
sweep: RSI60 < 40,1,9,0.026924302520269606,0.0065889365182507246,0.019171975710537876,0.9463845821469458,2026,0.0210266431895262,0.02145277809124453,0.9277450802393813,134567
sweep: RSI60 < 40,3,9,0.051288325027635105,0.007211949157441983,0.020691304688168908,0.9197770665675901,2026,0.0502947153382487,0.050389164260383645,0.9049436381872691,134567
sweep: RSI60 < 40,5,9,0.06366502927444227,0.008334594092004306,0.023850719962866147,0.914471915398307,2026,0.0601568052793901,0.06054251275236378,0.8900562012238502,134567
sweep: RSI60 < 40,10,9,0.07106090023982445,0.0076339883985339614,0.02090114127280412,0.839344201334204,2026,0.0794301675020501,0.07787293533126033,0.8139344673794472,134567
sweep: RSI60 < 40,15,9,0.07311105299405576,0.008899409492679847,0.024414076766361804,0.8408640731930139,2026,0.086780742112492,0.08432791712724752,0.8205646840983112,134567
sweep: RSI60 < 40,30,9,0.07647682774179161,0.010373723820515249,0.028197337453432836,0.8255141874449743,2026,0.0867378748493112,0.08465603848226504,0.7971126781475804,134567
sweep: RSI60 < 45,1,9,0.01748593034550113,0.004519976405801909,0.01336384208275332,0.9719510858065282,2026,0.0173307714808923,0.01733627024695319,0.9645604131304155,678414
sweep: RSI60 < 45,3,9,0.040045143804766384,0.004542165271073277,0.013290874912630115,0.95217469723765,2026,0.0383922496265018,0.03847339271328795,0.9509084804985198,678413
sweep: RSI60 < 45,5,9,0.05155487901351591,0.004769405526094101,0.013857943420030274,0.9391832846049947,2026,0.0430822931951819,0.043650012811044234,0.9329933472454385,678411
sweep: RSI60 < 45,10,9,0.06427665907787787,0.0051271891128691835,0.014688213826486765,0.912807091030281,2026,0.0565874677256787,0.057323423324313366,0.9042869965221794,678407
sweep: RSI60 < 45,15,9,0.07152194782868192,0.00555150869227252,0.01576364723600072,0.8971771714533189,2026,0.0624872929190318,0.06352806325424884,0.8848024251479298,678398
sweep: RSI60 < 45,30,9,0.07829119426347671,0.008170423133189674,0.023535975778554458,0.923178815838529,2026,0.0614131097670884,0.06299015354773907,0.9065626326857092,678364
sweep: RSI60 > 55,1,9,-0.02154012585553927,0.0035049282243140604,0.010256898141156271,0.9541460781071792,2026,-0.0275367669652588,-0.02703844388573225,0.9168996325761681,732014
sweep: RSI60 > 55,3,9,-0.04067822586719263,0.003358781207318607,0.009616606118262585,0.9127584308791215,2026,-0.0429906182479242,-0.0427091651703953,0.8782848966835571,732012
sweep: RSI60 > 55,5,9,-0.05141341090374303,0.003651555992568743,0.01034094131889502,0.8933560192022266,2026,-0.050181870276882,-0.05036663712584348,0.8499709673139941,732011
sweep: RSI60 > 55,10,9,-0.0647599895213445,0.00449204641965193,0.012644538679526258,0.8827050618237676,2026,-0.0574375460621972,-0.058662659369231124,0.8326906429706198,732010
sweep: RSI60 > 55,15,9,-0.0704084471149005,0.005170579371484769,0.014559436512644571,0.8827922369505273,2026,-0.0595487219628884,-0.061190200020245875,0.8488471821910393,732010
sweep: RSI60 > 55,30,9,-0.07738155082391579,0.008301011814893105,0.023975404102928602,0.9279821047567619,2026,-0.0612748458148018,-0.0627509633710532,0.9083538467106622,732010
sweep: RSI60 > 60,1,9,-0.024589211650643466,0.003053665183793018,0.007857190735299483,0.7485983265552407,2026,-0.036929309166251,-0.031622389980938644,0.5699451176459296,153484
sweep: RSI60 > 60,3,9,-0.04082052695285429,0.004466107805393323,0.011979931351809006,0.8058250382653032,2026,-0.0532221904430036,-0.049874081997615505,0.7300274718752436,153484
sweep: RSI60 > 60,5,9,-0.04964202975586456,0.00452301303939089,0.011609031013556611,0.7368548886732587,2026,-0.0564604260999431,-0.05416380077673938,0.6631722171448377,153484
sweep: RSI60 > 60,10,9,-0.05935349958260014,0.005124271967290249,0.012513035094299641,0.6688077538539885,2026,-0.0650128629263612,-0.062734900615282,0.5974878846415763,153484
sweep: RSI60 > 60,15,9,-0.06296406407841514,0.0054898580579856,0.012835588271319118,0.6115887290294313,2026,-0.0704426234213516,-0.06707845983148167,0.5501588694288561,153484
sweep: RSI60 > 60,30,9,-0.06731409685837152,0.007328675174951953,0.01783791992162724,0.6623403557774877,2026,-0.081565001902107,-0.07594998227126654,0.6059885590698844,153484
sweep: RSI60 > 65,1,9,-0.026672486981012898,0.006262535441999639,0.01569635372724206,0.7233516349197555,2026,-0.0487389739858888,-0.03517868578238306,0.38548042556527445,31440
sweep: RSI60 > 65,3,9,-0.03573554099419427,0.006559727968910956,0.015043342879973646,0.5924973992307068,2026,-0.0614140672751072,-0.046276803775175596,0.41050886899287264,31440
sweep: RSI60 > 65,5,9,-0.0411938712958328,0.006973914472196951,0.015079416632582478,0.5240079747733626,2026,-0.0697048817615489,-0.05249895293757538,0.3965163442851911,31440
sweep: RSI60 > 65,10,9,-0.036984457620845755,0.008702685332242806,0.01885921125420361,0.5278748309659909,2026,-0.0840629684253054,-0.0568668959792375,0.42232513345575756,31440
sweep: RSI60 > 65,15,9,-0.03272729684637436,0.009654778932687727,0.020732648242180896,0.5177351441354273,2026,-0.081736404041334,-0.05443935756106237,0.44302093952286886,31440
sweep: RSI60 > 65,30,9,-0.03063755540930013,0.012662815891252883,0.028678421665414403,0.5766645228585752,2026,-0.0732917855748827,-0.051515012606936826,0.4894580705498839,31440
sweep: larger trades than usual (size5 > 1.2),1,9,-0.0011353596121135682,0.0013131887154656126,0.0034234631470658906,0.7625671838831303,2026,0.0056893477124716,0.00333563766124918,0.6551192689621328,805741
sweep: larger trades than usual (size5 > 1.2),3,9,-0.0005032361355556485,0.0011464961062203913,0.002306398748914477,0.4535529951253093,2026,-0.0022440096716298,-0.0011696711749502697,0.3828384483013149,805734
sweep: larger trades than usual (size5 > 1.2),5,9,-0.0008086411317450831,0.0012561631868451262,0.002352845238396092,0.39283353761283246,2026,-0.0043707524517751,-0.0020501130356091646,0.3485213662142428,805728
sweep: larger trades than usual (size5 > 1.2),10,9,-0.0012156921498781663,0.0013112872018897648,0.0017108618486873116,0.18976581818675223,2026,-0.0070264161298413,-0.0021265791768624773,0.15675964477495116,805707
sweep: larger trades than usual (size5 > 1.2),15,9,-0.0005203474897408882,0.0012860099097638095,0.0,0.0,2026,-0.0013901028580686,-0.0005203474897408882,0.0,805690
sweep: larger trades than usual (size5 > 1.2),30,9,-0.0004735545877536362,0.0015046920841804328,0.0,0.0,2026,-0.0033161717385629,-0.0004735545877536362,0.0,805661
sweep: more trades than usual (nratio5 > 1.5),1,9,-0.006935191268949816,0.003609991898860165,0.010603017783087285,0.9604514212925559,2026,-0.0126958840212174,-0.012295875312268457,0.9305623948106782,619785
sweep: more trades than usual (nratio5 > 1.5),3,9,0.0026967341126971343,0.0029025719891283474,0.008244824842004611,0.8975452331304619,2026,0.0037775328280622,0.003634248084976973,0.8674269861277275,619785
sweep: more trades than usual (nratio5 > 1.5),5,9,0.005252981151480728,0.0031940344124425993,0.008991154448604797,0.882489714244802,2026,0.0066735190367627,0.006445746946692317,0.8396578560626201,619785
sweep: more trades than usual (nratio5 > 1.5),10,9,0.007894363634928734,0.003337397411431707,0.00909816964099166,0.8278393686132642,2026,0.0114240074495102,0.010665703925960092,0.7851614600834655,619785
sweep: more trades than usual (nratio5 > 1.5),15,9,0.009174259622054039,0.003635079487577784,0.009808293111814855,0.811180779922035,2026,0.0143504421737054,0.013068422420276142,0.7523233115068062,619783
sweep: more trades than usual (nratio5 > 1.5),30,9,0.008540772236822553,0.002813262763801935,0.005873839661125117,0.4891274262128988,2026,0.0151197155559768,0.01082350860722364,0.3469761418608092,619783
sweep: previous window down,1,9,0.009811120586490835,0.0038330349686480593,0.011386102948756667,0.9808303465866076,2026,0.0168339567149429,0.016669202563749427,0.9765402256040128,2240880
sweep: previous window down,3,9,0.025499161347165705,0.003308483465953628,0.009709933220092464,0.9579299149370696,2026,0.0298389406097653,0.02959271453180238,0.9432629949442575,2240870
sweep: previous window down,5,9,0.03375080271739516,0.0033967212734578173,0.009908477552399634,0.9464707829176269,2026,0.034124693437696,0.03409973984428814,0.9332596610373738,2240861
sweep: previous window down,10,9,0.042356334742802364,0.003447516643542271,0.009917903623952888,0.9218412918277105,2026,0.0381058185469853,0.038573156267194444,0.8900515375828816,2240837
sweep: previous window down,15,9,0.047919084370209024,0.003930711131683822,0.011339296014664496,0.9267682567668466,2026,0.0397863429595044,0.04064763719290289,0.8940954605706735,2240818
sweep: previous window down,30,9,0.04869398335681405,0.006145514705122727,0.018114835099212002,0.9664077133283762,2026,0.0373417385429586,0.037913586345056795,0.949626896576415,2240744
sweep: previous window up,1,9,-0.009811120586490835,0.0038330349686480593,0.011386102948756667,0.9808303465866076,2026,-0.0168339567149429,-0.016669202563749427,0.9765402256040128,2264106
sweep: previous window up,3,9,-0.02549916134716571,0.00330848346595359,0.009709933220092346,0.957929914937068,2026,-0.0298389406097653,-0.029592714531802372,0.9432629949442561,2264098
sweep: previous window up,5,9,-0.03375080271739516,0.0033967212734578173,0.009908477552399634,0.9464707829176269,2026,-0.034124693437696,-0.03409973984428814,0.9332596610373738,2264089
sweep: previous window up,10,9,-0.042356334742802364,0.003447516643542266,0.009917903623952878,0.9218412918277108,2026,-0.0381058185469853,-0.038573156267194444,0.8900515375828814,2264068
sweep: previous window up,15,9,-0.04791908437020901,0.003930711131683845,0.011339296014664577,0.9267682567668484,2026,-0.0397863429595044,-0.040647637192902875,0.8940954605706748,2264042
sweep: previous window up,30,9,-0.04869398335681404,0.006145514705122708,0.018114835099211947,0.9664077133283762,2026,-0.0373417385429586,-0.0379135863450568,0.9496268965764146,2263981
sweep: price < VWAP60 - 15 bp,1,9,0.01540522384431273,0.0053320706365847,0.01584693044594114,0.9839252425518362,2026,0.0089306936128983,0.009174676501824122,0.9623165109737203,951046
sweep: price < VWAP60 - 15 bp,3,9,0.03973355090017992,0.00475825609252735,0.014026375974779761,0.9673244009485407,2026,0.0356241142377625,0.03582900656333131,0.9501410187331423,951044
sweep: price < VWAP60 - 15 bp,5,9,0.05017321345788446,0.005209271956951368,0.015316206916987271,0.9626087179421543,2026,0.0434907306439357,0.04388918668213125,0.9403730545533417,951042
sweep: price < VWAP60 - 15 bp,10,9,0.05762194684184157,0.0052963346080333274,0.015391661960199286,0.9420003245186926,2026,0.0482435810643051,0.049160196099621176,0.9022628188045724,951039
sweep: price < VWAP60 - 15 bp,15,9,0.06074081855260731,0.005619314820731931,0.01624037641562073,0.9312800038973698,2026,0.052926367245838,0.05378194975751549,0.8905127848277277,951035
sweep: price < VWAP60 - 15 bp,30,9,0.061941935880887616,0.00788125896778912,0.022950768401299393,0.9450833123825043,2026,0.05360853997757,0.05436744429673303,0.9089321654739937,951018
sweep: price < VWAP60 - 30 bp,1,9,0.020223158491927573,0.006145234614138297,0.018169748364120275,0.9751243598747994,2026,0.0061021570222186,0.006830098238894059,0.9484497457041579,428752
sweep: price < VWAP60 - 30 bp,3,9,0.04608824474589506,0.00592894241750716,0.017327575785672344,0.9543792389227649,2026,0.0348068663345298,0.03559722646556201,0.9299411736569378,428751
sweep: price < VWAP60 - 30 bp,5,9,0.05705396124280234,0.006339948744338773,0.01840517424478681,0.9435497324117552,2026,0.04392233196149,0.04521122150785394,0.9018484668769804,428751
sweep: price < VWAP60 - 30 bp,10,9,0.06349852235251902,0.006334758960429387,0.018024138410062628,0.9108603606169728,2026,0.052802407434941,0.05457782372618322,0.8340129752790431,428751
sweep: price < VWAP60 - 30 bp,15,9,0.06460702726880296,0.006440235072920443,0.01808512998375676,0.8902414499399637,2026,0.0595998927845377,0.06061502231877757,0.7972633774008107,428748
sweep: price < VWAP60 - 30 bp,30,9,0.06543818249502507,0.0077687590099387365,0.021802182640652572,0.8901771748083991,2026,0.0607434252850818,0.061731493157234106,0.7895380255107497,428741
sweep: price < VWAP60 - 50 bp,1,9,0.020173216585339878,0.007421927423979229,0.021667583954633324,0.9580370046127351,2026,0.0011101901467528,0.003040794636784354,0.8987251842591135,184486
sweep: price < VWAP60 - 50 bp,3,9,0.0453067935874418,0.007327144498715159,0.020992146590108635,0.9289434642609473,2026,0.0413740491166948,0.041961001618122204,0.8507524437976223,184486
sweep: price < VWAP60 - 50 bp,5,9,0.05685209314186736,0.007529145002349879,0.021272610119524905,0.9076607067529735,2026,0.0538400779443625,0.05444505168382836,0.7991465182622508,184486
sweep: price < VWAP60 - 50 bp,10,9,0.061232540065131166,0.00794227981502484,0.02190263113648627,0.8718493099585394,2026,0.0551152492995261,0.05678845358741634,0.7264795230434443,184486
sweep: price < VWAP60 - 50 bp,15,9,0.06285627689230557,0.007949559911075706,0.02138037490403407,0.8384097962894923,2026,0.0675517726443111,0.06598350563844751,0.6660060856846147,184485
sweep: price < VWAP60 - 50 bp,30,9,0.06593264156608433,0.007756165066021118,0.019769443911176923,0.7642229485336367,2026,0.0736687281578559,0.06989622947193651,0.5123505093735657,184484
sweep: price > VWAP60 + 15 bp,1,9,-0.02856161713715687,0.004623179230405588,0.01370180016747988,0.9785915647644352,2026,-0.0406183764670168,-0.04006786826653907,0.9543402845311564,1028997
sweep: price > VWAP60 + 15 bp,3,9,-0.03986824895298596,0.003863258049684218,0.011295730211965284,0.9530983515168494,2026,-0.0414553931216588,-0.041320805440261094,0.9152013509205946,1028997
sweep: price > VWAP60 + 15 bp,5,9,-0.047030952100101504,0.004275535281142565,0.012450067928988387,0.9463789464179712,2026,-0.0401117701830636,-0.04082362182972427,0.8971191023453504,1028997
sweep: price > VWAP60 + 15 bp,10,9,-0.05149894817325425,0.00485661398341333,0.014055657836307132,0.9353635658704098,2026,-0.0371836544212783,-0.03891071563723912,0.8793555168420882,1028996
sweep: price > VWAP60 + 15 bp,15,9,-0.05325802639926585,0.005031877990138899,0.01441910655906653,0.917693216967234,2026,-0.0361573908876459,-0.03870415230842508,0.8510721183988369,1028992
sweep: price > VWAP60 + 15 bp,30,9,-0.051697618623251576,0.00715769558350095,0.020723493140697543,0.9354051181502117,2026,-0.0284077948373782,-0.030975678569421534,0.8897422429790601,1028978
sweep: price > VWAP60 + 30 bp,1,9,-0.033815113102227436,0.0042685513719375396,0.012468559930819148,0.9549629537318707,2026,-0.0465216107487583,-0.04536837412920593,0.9092404019082915,469191
sweep: price > VWAP60 + 30 bp,3,9,-0.04386355544222728,0.0036829250606270738,0.010372377656499992,0.8942726618764547,2026,-0.0450890593337132,-0.04484893876025737,0.8040638017357202,469191
sweep: price > VWAP60 + 30 bp,5,9,-0.051228820081053755,0.0041101520245310705,0.011461498612077703,0.8805038668552494,2026,-0.0465467816160456,-0.04767769721100596,0.7584565775329677,469191
sweep: price > VWAP60 + 30 bp,10,9,-0.05265817861376601,0.004386525478217138,0.011898585781722025,0.8386383433980578,2026,-0.0401329896555862,-0.04417939052178624,0.676938936433573,469191
sweep: price > VWAP60 + 30 bp,15,9,-0.05262289466460549,0.004163572745827069,0.010744890292373934,0.762794675979466,2026,-0.0364255771104479,-0.04341090654721527,0.568735414774013,469191
sweep: price > VWAP60 + 30 bp,30,9,-0.04988553676346612,0.005346881110500699,0.013980493562327702,0.7815582147310465,2026,-0.0318588562686642,-0.039158056344383206,0.5950890638005278,469191
sweep: price > VWAP60 + 50 bp,1,9,-0.03498247586932982,0.0046569837273980445,0.013232711843696763,0.9161192167652343,2026,-0.0488003244131413,-0.04573260616358642,0.7779887194574294,200443
sweep: price > VWAP60 + 50 bp,3,9,-0.04443457055595004,0.004250755872386541,0.011285148185815625,0.816939260037446,2026,-0.0530874928976483,-0.04939210713542683,0.5729320550568807,200443
sweep: price > VWAP60 + 50 bp,5,9,-0.050368769617408465,0.004601473273161052,0.011923872045603032,0.7890332374944559,2026,-0.0548662744220954,-0.052604968213354086,0.4972087175127053,200443
sweep: price > VWAP60 + 50 bp,10,9,-0.0514941809394464,0.005019983145414156,0.012309181554921165,0.7202488960697413,2026,-0.0501959427025813,-0.05098379730026263,0.39313557765500434,200443
sweep: price > VWAP60 + 50 bp,15,9,-0.05128371543218848,0.004513190527499802,0.009668482673526994,0.5537015015002383,2026,-0.0459341823285388,-0.050002945252739524,0.23941718924501218,200443
sweep: price > VWAP60 + 50 bp,30,9,-0.05040831584301692,0.005717324379686483,0.012647504133465782,0.5881503825475864,2026,-0.039802235244643,-0.047410174003385805,0.28268141202800057,200443
sweep: range position < 0.05,1,9,0.020846384384155977,0.007641078779842711,0.022231909798941504,0.9511370041632261,2026,0.0074021856203506,0.008073307520101677,0.9500809299578433,110297
sweep: range position < 0.05,3,9,0.0528567507329628,0.00885837865287864,0.025798628258461173,0.9488103590099323,2026,0.0307308709819467,0.03187085501550983,0.9484773466008385,110297
sweep: range position < 0.05,5,9,0.07083592301130175,0.010599580158037483,0.030983373137954535,0.9532115085546927,2026,0.0421633609492927,0.043542405635279204,0.9519036811916528,110297
sweep: range position < 0.05,10,9,0.0846544514491351,0.011457444054319359,0.03329478786024569,0.9425534276832882,2026,0.0599004952950482,0.06134124926664057,0.941797021751834,110297
sweep: range position < 0.05,15,9,0.08828465535082114,0.011448362408957295,0.03300886934828297,0.9278592156264095,2026,0.0669074513224911,0.0686977872146365,0.9162502313318069,110297
sweep: range position < 0.05,30,9,0.09902924608867213,0.012681486156313825,0.03647620464868253,0.9232361943158787,2026,0.0774733611657083,0.07940987792520127,0.9101629663354728,110296
sweep: range position < 0.1,1,9,0.018622977051781616,0.005453706663307744,0.015953590501567593,0.9542982765182084,2026,0.0146984736308055,0.014883818668016835,0.9527723593714603,248065
sweep: range position < 0.1,3,9,0.04659334986725911,0.006813928249620424,0.019912368101188852,0.9517742052016905,2026,0.0379744451382111,0.03840285557814555,0.9502940972893463,248065
sweep: range position < 0.1,5,9,0.0590201451398815,0.007772145746098369,0.02268606524696298,0.9491440888331795,2026,0.0429085838874,0.04378035649457605,0.9458914878878183,248065
sweep: range position < 0.1,10,9,0.07491997115930979,0.008519693146857236,0.024620599958659783,0.9312918424057308,2026,0.0637268821402934,0.06460176031814722,0.921837646750824,248065
sweep: range position < 0.1,15,9,0.08145201609753679,0.009167268374747715,0.02637203673731104,0.922588282377841,2026,0.0721042855528811,0.07302891550136886,0.9010850875439088,248064
sweep: range position < 0.1,30,9,0.09206153250152452,0.011420771161847202,0.032971904628669634,0.9291969089099771,2026,0.0805582687183549,0.08164553016732115,0.9054823509692083,248062
sweep: range position < 0.15,1,9,0.016933025066672203,0.004648595943257111,0.013667879091520568,0.9616674721381178,2026,0.0164421397331698,0.016462126755823293,0.9592837241420795,428339
sweep: range position < 0.15,3,9,0.04048605988240141,0.00542435589657107,0.015866384744647494,0.951864021639155,2026,0.0374613994911468,0.03761629853881288,0.9487879538099735,428339
sweep: range position < 0.15,5,9,0.051470105247752855,0.0058974969178283276,0.017154381352749083,0.9414195108876555,2026,0.0413809397071738,0.041999061432544046,0.9387341081000077,428339
sweep: range position < 0.15,10,9,0.06635649218014662,0.006815620995614018,0.019667509988043456,0.9268896805335413,2026,0.0598768419427954,0.06040415802665166,0.9186196685715217,428339
sweep: range position < 0.15,15,9,0.07317911602390426,0.007366191990672738,0.02111422490833316,0.9150871312335643,2026,0.0663820422165526,0.06708418240385171,0.8966996376382325,428336
sweep: range position < 0.15,30,9,0.08215095992384702,0.009817476033290485,0.028346118279213097,0.9279147608006781,2026,0.0717049766766045,0.0727130517708382,0.9034963899162084,428324
sweep: range position > 0.85,1,9,-0.01855515273044755,0.0036503562944932228,0.010686494803615958,0.954828980806725,2026,-0.0297866104623035,-0.02896284191570635,0.9266552422433394,571005
sweep: range position > 0.85,3,9,-0.03760059237816026,0.003910315423457111,0.011313426847620454,0.9317886759827726,2026,-0.0435920057368073,-0.04304223369875061,0.9082400086344833,571005
sweep: range position > 0.85,5,9,-0.04844571537425482,0.004506250165279935,0.012981609634144254,0.9243606842358061,2026,-0.0493403313715963,-0.04924850183070672,0.8973531200398066,571004
sweep: range position > 0.85,10,9,-0.06217666005148126,0.004817117018239576,0.013614934301202773,0.8905624311257074,2026,-0.056163370326044,-0.057030659950428914,0.8557711894844968,571002
sweep: range position > 0.85,15,9,-0.06976268831040516,0.005119834358444913,0.014291729925269003,0.8684561282745841,2026,-0.0631749384335166,-0.06421472601198155,0.8421634703963503,571002
sweep: range position > 0.85,30,9,-0.07984786234576972,0.00820666810847264,0.0235074769964001,0.9133733474918306,2026,-0.0691274533282387,-0.07019253230949665,0.9006494081040909,570999
sweep: range position > 0.90,1,9,-0.01787558148571336,0.00438636927176757,0.012799215456135552,0.9496251833118746,2026,-0.0319172114300432,-0.03086604438758246,0.9251392433336976,337836
sweep: range position > 0.90,3,9,-0.040088392176025146,0.0048135826971496005,0.013912250468627341,0.930325902611554,2026,-0.0485927770152319,-0.04783884362333548,0.9113476863816592,337836
sweep: range position > 0.90,5,9,-0.05198575057420629,0.005515161812798277,0.015867535892436616,0.9218150726944035,2026,-0.0527747645238861,-0.0526969886707965,0.9014265170835593,337835
sweep: range position > 0.90,10,9,-0.06704775200191646,0.005592784646855988,0.015745624620266106,0.8830374655450857,2026,-0.0580525201039951,-0.05936461517935972,0.85413438027453,337835
sweep: range position > 0.90,15,9,-0.07517399414204631,0.005868736070980412,0.016307265146338908,0.8603462780152639,2026,-0.0652975479836656,-0.06690734614304769,0.8370063347111873,337835
sweep: range position > 0.90,30,9,-0.08648756808793698,0.009104945414586516,0.026018954120701192,0.9095588924148181,2026,-0.0787058882914661,-0.07964605654586823,0.8791818374705527,337835
sweep: range position > 0.95,1,9,-0.014998105233134931,0.005938594937665888,0.017233745759263244,0.9403367729794423,2026,-0.0396280776549585,-0.03773022382028553,0.9229453528339576,151420
sweep: range position > 0.95,3,9,-0.04355946085171336,0.005607056370104471,0.015873402150493557,0.8958286065993819,2026,-0.0609398977120133,-0.058604352310766064,0.8656221693378693,151420
sweep: range position > 0.95,5,9,-0.058607071927623454,0.005850167368776503,0.01639094013545715,0.8765373399046787,2026,-0.0681848845889417,-0.06676332819202067,0.8515781789445267,151420
sweep: range position > 0.95,10,9,-0.07593347396888654,0.005960293394827005,0.016256057220962322,0.8299837283814572,2026,-0.0737304239233968,-0.07416985674519809,0.800534344328252,151420
sweep: range position > 0.95,15,9,-0.0835107110266289,0.005558483417188867,0.014468487883105069,0.7570424126358167,2026,-0.0796931244597064,-0.08073413504471541,0.7273118587463485,151420
sweep: range position > 0.95,30,9,-0.09513429808343246,0.009640724618485705,0.02713114566337166,0.8839431374322564,2026,-0.0837170218741472,-0.08562313542887583,0.8330500620473337,151420
sweep: taker buy share > 0.1 (15 min),1,9,-0.007920315690747795,0.0029212578853525695,0.008549901327951585,0.9555982650427493,2026,-0.0152836912381276,-0.014939832307772944,0.9533014541846893,1095258
sweep: taker buy share > 0.1 (15 min),3,9,-0.01966077064602764,0.002609824817560784,0.007413948364326136,0.9009999079085822,2026,-0.0239867234605219,-0.023517744563292753,0.8915894561637809,1095253
sweep: taker buy share > 0.1 (15 min),5,9,-0.025564744799437496,0.002090922304246377,0.005523640659641328,0.7818086127537949,2026,-0.0255574512442318,-0.02555921482186263,0.7582005508848395,1095249
sweep: taker buy share > 0.1 (15 min),10,9,-0.02948931349225373,0.0016666814939847476,0.0033096699754967427,0.44565520505283546,2026,-0.0300058691722794,-0.029688244897875894,0.38511125385800465,1095236
sweep: taker buy share > 0.1 (15 min),15,9,-0.03191492600070185,0.002339170944486416,0.005557656286869478,0.6381012783838226,2026,-0.0305541085270134,-0.031105686205630645,0.5946718136105276,1095223
sweep: taker buy share > 0.1 (15 min),30,9,-0.03255896334013078,0.0027565219589030343,0.006646322697956561,0.6552147792978668,2026,-0.0261278701015044,-0.028498376592604367,0.631399141150333,1095196
sweep: taker buy share > 0.2 (15 min),1,9,-0.004249401898842032,0.0026995497576044014,0.007517407207587797,0.8938249252590564,2026,-0.0114920407980848,-0.010782933735958842,0.902092721728803,504483
sweep: taker buy share > 0.2 (15 min),3,9,-0.016914630445491137,0.00225972277910475,0.005660347520896968,0.7372183368481229,2026,-0.0223843682978372,-0.021201124248894917,0.7836744500589239,504480
sweep: taker buy share > 0.2 (15 min),5,9,-0.02439724478034721,0.0025841212667806752,0.006419208829154695,0.7278599255629764,2026,-0.0267019979070142,-0.026184936371321674,0.7756542643505282,504480
sweep: taker buy share > 0.2 (15 min),10,9,-0.02944060539854939,0.002626624106572734,0.005786300556528621,0.57640917366726,2026,-0.0308715398918666,-0.030318034081303628,0.613185779539196,504480
sweep: taker buy share > 0.2 (15 min),15,9,-0.03281912932523257,0.00314610137216796,0.007252751090521213,0.6269870413298289,2026,-0.0298314862847497,-0.030844267943085313,0.6610098179025006,504475
sweep: taker buy share > 0.2 (15 min),30,9,-0.03239199868922582,0.0029906617302943453,0.005947425801670038,0.46088331270064004,2026,-0.0230921100540895,-0.02781407223067665,0.49225605145991785,504460
sweep: taker buy share > 0.3 (15 min),1,9,0.0009412091192399957,0.003858255785763364,0.010402134645517555,0.873010216084147,2026,-0.0102483554540797,-0.009206921572432508,0.9069281137060169,206994
sweep: taker buy share > 0.3 (15 min),3,9,-0.011606389881484644,0.004260281144867294,0.011004861902576138,0.8204043209761009,2026,-0.0272949890935964,-0.025530197286930303,0.8875111931405794,206993
sweep: taker buy share > 0.3 (15 min),5,9,-0.021379163277542523,0.004436309312751425,0.011043738890399824,0.7756030446246418,2026,-0.0325225823020163,-0.03104417351120364,0.8673289779765347,206993
sweep: taker buy share > 0.3 (15 min),10,9,-0.02825334871399264,0.003919355467446337,0.008214553015083878,0.5487313952536245,2026,-0.0363187426379541,-0.033598547795341174,0.662732549921523,206993
sweep: taker buy share > 0.3 (15 min),15,9,-0.03015526343373722,0.0046814423265927625,0.010384465380689963,0.6162319804863499,2026,-0.0344509014824089,-0.0332252059923724,0.714665091390669,206993
sweep: taker buy share > 0.3 (15 min),30,9,-0.028638210464514414,0.004393596560377134,0.008357803161987207,0.4369124835022771,2026,-0.0275546982994559,-0.028040540870824977,0.5516039532949402,206986
sweep: taker sell share > 0.1 (15 min),1,9,0.011924195893805436,0.0027773813640466632,0.008139184028190033,0.9561557845353168,2026,0.0194263793640178,0.0189878617796529,0.9415480058430925,1214056
sweep: taker sell share > 0.1 (15 min),3,9,0.020930452419584238,0.0020341297589766103,0.005617194063632701,0.8506894990731,2026,0.0269689487738818,0.025848414988465573,0.8144349653173597,1214052
sweep: taker sell share > 0.1 (15 min),5,9,0.025376620651509887,0.0012579847565134402,0.002485524398396111,0.43693858091985077,2026,0.0278028623050821,0.02630304430715452,0.3818348655751752,1214047
sweep: taker sell share > 0.1 (15 min),10,9,0.029851097045836904,0.0013851783783601435,0.0021494673424494407,0.2691245335187419,2026,0.0309035545912069,0.03007783230674052,0.21543411598983414,1214033
sweep: taker sell share > 0.1 (15 min),15,9,0.03212227998455771,0.0017883832831422951,0.0034617330829195144,0.42107031343796053,2026,0.0325008590489644,0.032258291571426956,0.35926864334775005,1214022
sweep: taker sell share > 0.1 (15 min),30,9,0.03158113620385737,0.002165761505236216,0.004411583863412744,0.4657520330725325,2026,0.0324526029051762,0.031947678834254666,0.4206042868219644,1213991
sweep: taker sell share > 0.2 (15 min),1,9,0.013261820837887336,0.0028779963027678527,0.008246303063820307,0.9211373277701864,2026,0.0212696482991214,0.020695484363894782,0.928299662048646,564445
sweep: taker sell share > 0.2 (15 min),3,9,0.020657634982517832,0.0022512720004979505,0.00586379848267485,0.7728008060453636,2026,0.0291771846338939,0.027446925347754385,0.7969071891188465,564442
sweep: taker sell share > 0.2 (15 min),5,9,0.025437337341626443,0.0017871047827880079,0.0036428487946837938,0.47623147371442526,2026,0.0322629546192839,0.02890724520764503,0.5083654305342855,564441
sweep: taker sell share > 0.2 (15 min),10,9,0.030639829772293466,0.0015895588613685562,0.0,0.0,2026,0.0347946354757823,0.030639829772293466,0.0,564436
sweep: taker sell share > 0.2 (15 min),15,9,0.03278815854541197,0.0018082167138448626,0.0,0.0,2026,0.0352443235199254,0.03278815854541197,0.0,564432
sweep: taker sell share > 0.2 (15 min),30,9,0.03246092390856804,0.0020791348835070135,0.0,0.0,2026,0.0340318101344415,0.03246092390856804,0.0,564410
sweep: taker sell share > 0.3 (15 min),1,9,0.012995907126165955,0.0035124677862189272,0.009562198262920278,0.8763565882918117,2026,0.0221933769422715,0.021436094708627222,0.9176640697077134,241347
sweep: taker sell share > 0.3 (15 min),3,9,0.018640034749858127,0.003196028647335483,0.007777222050610868,0.7300021362047542,2026,0.0304629663812668,0.028408701727975313,0.826247438678056,241347
sweep: taker sell share > 0.3 (15 min),5,9,0.023229307386667702,0.0026403564350266522,0.005027434859624644,0.4394746484733552,2026,0.0338537180951172,0.02934028867346974,0.5751830811606363,241347
sweep: taker sell share > 0.3 (15 min),10,9,0.02702881752554793,0.003443987883851687,0.006853071630904991,0.4785546752428648,2026,0.0362316441212461,0.032402030485460115,0.5838655008912015,241343
sweep: taker sell share > 0.3 (15 min),15,9,0.028686953472245827,0.0032019591331893422,0.004850794559745345,0.266869201111757,2026,0.0357165123529713,0.03128154431141493,0.3690972482332105,241339
sweep: taker sell share > 0.3 (15 min),30,9,0.030570407911187335,0.004037786295322767,0.007246944058112017,0.38137298426069005,2026,0.0398601558450704,0.034869670814215895,0.46279650789528953,241331
sweep: two windows down,1,9,0.011028681485187208,0.004037048405538946,0.011973036690574408,0.9778497233124337,2026,0.0127622759067711,0.012707302012517262,0.9682890683256754,1060719
sweep: two windows down,3,9,0.028088428135423005,0.004476820425517495,0.013227680596124267,0.9708271056228429,2026,0.0252400923459574,0.02537351131534847,0.9531589744844989,1060716
sweep: two windows down,5,9,0.03743239629041101,0.004620026244801015,0.013590286703498324,0.9622256767782592,2026,0.0314465186632242,0.03178586095672511,0.9433095170606772,1060713
sweep: two windows down,10,9,0.046852572111478745,0.004959675077059453,0.01450872622739909,0.9516014423004321,2026,0.0371048092194923,0.037736759895999256,0.9351696708763326,1060700
sweep: two windows down,15,9,0.05248165300101759,0.005728309033598993,0.016786654012792362,0.9549696405055018,2026,0.0429869672504809,0.04356297542536041,0.9393336240910398,1060689
sweep: two windows down,30,9,0.05435001748144998,0.007631268635323955,0.022473989865584208,0.964412740099998,2026,0.0414336861877848,0.04206275748399668,0.9512964415429321,1060663
sweep: two windows up,1,9,-0.01324781153176881,0.0038340220345110905,0.011365195010170344,0.9765583411820242,2026,-0.0184868300457747,-0.018335403435465396,0.9710963780898114,1083956
sweep: two windows up,3,9,-0.02924399636597711,0.0038301353179664172,0.011264250890462723,0.9615059559948712,2026,-0.0290498253655651,-0.02906013008686271,0.9469296585188057,1083954
sweep: two windows up,5,9,-0.03789114584465382,0.004147421743781905,0.012160177461359466,0.9557814722329432,2026,-0.0343314828087201,-0.03455213692544091,0.9380126392601301,1083950
sweep: two windows up,10,9,-0.047917218489392135,0.0045980371464034026,0.013424876007654123,0.9486522421846011,2026,-0.0421160307957554,-0.0425847149506879,0.919208931052758,1083944
sweep: two windows up,15,9,-0.052684496474613464,0.005506047356739969,0.01612350641317818,0.9540051468453217,2026,-0.0421996801958924,-0.042941271169925535,0.9292700077598699,1083932
sweep: two windows up,30,9,-0.05339136175257052,0.007869178241831212,0.023210064055202213,0.9674054359258603,2026,-0.0333459203844045,-0.03429097060432529,0.9528546065629858,1083910
taker buying 60 pct+ of last 15 min,1,9,-0.004249401898842032,0.0026995497576044014,0.007517407207587797,0.8938249252590564,2026,-0.0114920407980848,-0.010782933735958842,0.902092721728803,504483
taker buying 60 pct+ of last 15 min,3,9,-0.016914630445491137,0.00225972277910475,0.005660347520896968,0.7372183368481229,2026,-0.0223843682978372,-0.021201124248894917,0.7836744500589239,504480
taker buying 60 pct+ of last 15 min,5,9,-0.02439724478034721,0.0025841212667806752,0.006419208829154695,0.7278599255629764,2026,-0.0267019979070142,-0.026184936371321674,0.7756542643505282,504480
taker buying 60 pct+ of last 15 min,10,9,-0.02944060539854939,0.002626624106572734,0.005786300556528621,0.57640917366726,2026,-0.0308715398918666,-0.030318034081303628,0.613185779539196,504480
taker buying 60 pct+ of last 15 min,15,9,-0.03281912932523257,0.00314610137216796,0.007252751090521213,0.6269870413298289,2026,-0.0298314862847497,-0.030844267943085313,0.6610098179025006,504475
taker buying 60 pct+ of last 15 min,30,9,-0.03239199868922582,0.0029906617302943453,0.005947425801670038,0.46088331270064004,2026,-0.0230921100540895,-0.02781407223067665,0.49225605145991785,504460
taker selling 60 pct+ of last 15 min,1,9,0.013261820837887336,0.0028779963027678527,0.008246303063820307,0.9211373277701864,2026,0.0212696482991214,0.020695484363894782,0.928299662048646,564445
taker selling 60 pct+ of last 15 min,3,9,0.020657634982517832,0.0022512720004979505,0.00586379848267485,0.7728008060453636,2026,0.0291771846338939,0.027446925347754385,0.7969071891188465,564442
taker selling 60 pct+ of last 15 min,5,9,0.025437337341626443,0.0017871047827880079,0.0036428487946837938,0.47623147371442526,2026,0.0322629546192839,0.02890724520764503,0.5083654305342855,564441
taker selling 60 pct+ of last 15 min,10,9,0.030639829772293466,0.0015895588613685562,0.0,0.0,2026,0.0347946354757823,0.030639829772293466,0.0,564436
taker selling 60 pct+ of last 15 min,15,9,0.03278815854541197,0.0018082167138448626,0.0,0.0,2026,0.0352443235199254,0.03278815854541197,0.0,564432
taker selling 60 pct+ of last 15 min,30,9,0.03246092390856804,0.0020791348835070135,0.0,0.0,2026,0.0340318101344415,0.03246092390856804,0.0,564410
three windows down in a row,1,9,0.011429900972320226,0.003511224139698169,0.010252269022952674,0.9483616058706976,2026,0.0143378133279989,0.014145957016852988,0.9340226637947847,485255
three windows down in a row,3,9,0.030462934135623027,0.003946290107736911,0.011451273717028008,0.9366662601582745,2026,0.0282918977712704,0.028488775593247227,0.9093162025245349,485253
three windows down in a row,5,9,0.04174814154531099,0.004281890616736836,0.01236709963286938,0.9277974077494868,2026,0.0361817573573463,0.036694696520213274,0.9078505641101778,485253
three windows down in a row,10,9,0.05311465756624787,0.005427187563252851,0.015724969000207978,0.933894207893509,2026,0.0403481378632403,0.04143092027464568,0.9151857799467229,485246
three windows down in a row,15,9,0.060939679616321206,0.006406088618122419,0.018614841351525812,0.9391999094003733,2026,0.0487255813133905,0.049730024247376034,0.9177636441861188,485245
three windows down in a row,30,9,0.06158744087965684,0.008339263960226752,0.024330268415396105,0.946906709367275,2026,0.0453829607874281,0.046543630367477544,0.9283735378461125,485228
three windows up in a row,1,9,-0.015421645616955368,0.003161929648711109,0.009196255076528397,0.9406301529451921,2026,-0.0201343742368363,-0.01979416817903943,0.9278112352233292,501329
three windows up in a row,3,9,-0.0322807209939954,0.002717028099234078,0.007592123001562392,0.8692839866837763,2026,-0.0322748239164946,-0.032275832790344204,0.8289196895457525,501329
three windows up in a row,5,9,-0.041714201035067795,0.0032125249003545396,0.009002907620904565,0.8740049548996801,2026,-0.0359463864072633,-0.036868323336654414,0.8401583634559276,501328
three windows up in a row,10,9,-0.05418875140390296,0.004711071166920977,0.013500778131047072,0.9134506047203454,2026,-0.0396594664531982,-0.04133027217376255,0.8850042706001641,501328
three windows up in a row,15,9,-0.05928147813102636,0.006032429155577011,0.01746890698069495,0.932825593255815,2026,-0.0412038742553116,-0.04291212453429425,0.905504607207513,501323
three windows up in a row,30,9,-0.060234085764561025,0.0093175228570141,0.02736005621825313,0.958596338875485,2026,-0.0365597581502935,-0.03788312454539262,0.9441012046187287,501320
trade count last 5 min 3x average,1,9,-0.0041572099823270455,0.004500648866370757,0.012799237455000808,0.9005424478063409,2026,-0.0095751674403469,-0.008923543150682023,0.8797287917607548,115317
trade count last 5 min 3x average,3,9,0.006935389268457795,0.005169853555006807,0.01438464935743939,0.8617431576779544,2026,0.0109026215692403,0.01027555562747033,0.8419386881765694,115317
trade count last 5 min 3x average,5,9,0.010596409435786274,0.005597609270245151,0.015422595641704319,0.8456424274291684,2026,0.0112889753674948,0.011160425253299413,0.8143857381516567,115317
trade count last 5 min 3x average,10,9,0.013229847163118919,0.006051695691688115,0.016222526415468685,0.8036065481427616,2026,0.009920459827974,0.010720719851767712,0.7581848412559214,115317
trade count last 5 min 3x average,15,9,0.014403642372344224,0.006927930822100456,0.018645563170553256,0.8096242747713251,2026,0.0227712146437599,0.0207635731667728,0.7600688214136648,115317
trade count last 5 min 3x average,30,9,0.015212526308926881,0.006312331897689862,0.01537651984256807,0.6685184564985353,2026,0.0338684263919701,0.025240379826661247,0.5375164678786479,115317
two windows down in a row,1,9,0.011028681485187208,0.004037048405538946,0.011973036690574408,0.9778497233124337,2026,0.0127622759067711,0.012707302012517262,0.9682890683256754,1060719
two windows down in a row,3,9,0.028088428135423005,0.004476820425517495,0.013227680596124267,0.9708271056228429,2026,0.0252400923459574,0.02537351131534847,0.9531589744844989,1060716
two windows down in a row,5,9,0.03743239629041101,0.004620026244801015,0.013590286703498324,0.9622256767782592,2026,0.0314465186632242,0.03178586095672511,0.9433095170606772,1060713
two windows down in a row,10,9,0.046852572111478745,0.004959675077059453,0.01450872622739909,0.9516014423004321,2026,0.0371048092194923,0.037736759895999256,0.9351696708763326,1060700
two windows down in a row,15,9,0.05248165300101759,0.005728309033598993,0.016786654012792362,0.9549696405055018,2026,0.0429869672504809,0.04356297542536041,0.9393336240910398,1060689
two windows down in a row,30,9,0.05435001748144998,0.007631268635323955,0.022473989865584208,0.964412740099998,2026,0.0414336861877848,0.04206275748399668,0.9512964415429321,1060663
two windows up in a row,1,9,-0.01324781153176881,0.0038340220345110905,0.011365195010170344,0.9765583411820242,2026,-0.0184868300457747,-0.018335403435465396,0.9710963780898114,1083956
two windows up in a row,3,9,-0.02924399636597711,0.0038301353179664172,0.011264250890462723,0.9615059559948712,2026,-0.0290498253655651,-0.02906013008686271,0.9469296585188057,1083954
two windows up in a row,5,9,-0.03789114584465382,0.004147421743781905,0.012160177461359466,0.9557814722329432,2026,-0.0343314828087201,-0.03455213692544091,0.9380126392601301,1083950
two windows up in a row,10,9,-0.047917218489392135,0.0045980371464034026,0.013424876007654123,0.9486522421846011,2026,-0.0421160307957554,-0.0425847149506879,0.919208931052758,1083944
two windows up in a row,15,9,-0.052684496474613464,0.005506047356739969,0.01612350641317818,0.9540051468453217,2026,-0.0421996801958924,-0.042941271169925535,0.9292700077598699,1083932
two windows up in a row,30,9,-0.05339136175257052,0.007869178241831212,0.023210064055202213,0.9674054359258603,2026,-0.0333459203844045,-0.03429097060432529,0.9528546065629858,1083910
upper quarter of 4h range,1,9,-0.01579769299879422,0.0027808902256965255,0.008132850147700462,0.9516453999146384,2026,-0.0229697954006218,-0.022452915299204682,0.9279318570123305,1099656
upper quarter of 4h range,3,9,-0.03062324992805874,0.002757468193458129,0.007896284866905195,0.9125410378260795,2026,-0.0360492480366169,-0.03543669064136807,0.8871069648397636,1099654
upper quarter of 4h range,5,9,-0.03938542169022852,0.0029903813190017793,0.008447069090524268,0.8888613409666947,2026,-0.0399447618163349,-0.03986135212620214,0.8508784078957764,1099651
upper quarter of 4h range,10,9,-0.05126424184426149,0.003923806190974149,0.011077684385936816,0.8875272610963136,2026,-0.0487802179139291,-0.04914693938613877,0.8523679793372199,1099644
upper quarter of 4h range,15,9,-0.05804378719369864,0.004476896450671831,0.012577706558881088,0.8786149954929877,2026,-0.0527393048530137,-0.053517528167022856,0.8532894891476505,1099633
upper quarter of 4h range,30,9,-0.06652130613322645,0.006910684916601193,0.01978088356213564,0.9115271543762505,2026,-0.0562905994061478,-0.05737604499251655,0.8939031666799917,1099616
volume last 5 min 3x the daily average,1,9,-0.0016705487687481014,0.0037973967009108933,0.010843935736973453,0.906955061017642,2026,-0.0028872347567175,-0.0027525629857732044,0.8893126309697562,181724
volume last 5 min 3x the daily average,3,9,0.007041077801333473,0.004127400027560485,0.01143441870944255,0.8537066684199974,2026,0.0028917884778765,0.0036193992389955743,0.8246420761729706,181724
volume last 5 min 3x the daily average,5,9,0.009779984999130808,0.005130073985752748,0.014409791515442366,0.8789281430537342,2026,0.0005359794105169,0.0019680333623177727,0.8450829634325652,181724
volume last 5 min 3x the daily average,10,9,0.010273548003877416,0.005632664390823097,0.015503991823249965,0.8451499128674985,2026,-0.0006618076034969,0.0013544449093535343,0.8156207639474693,181724
volume last 5 min 3x the daily average,15,9,0.011843392882339984,0.006642787963787481,0.018491261085676582,0.8628804816681247,2026,0.0034256234074397,0.004704177617665924,0.8481124704069697,181724
volume last 5 min 3x the daily average,30,9,0.012061595299266578,0.005963219678156005,0.01551344166390597,0.755678212166672,2026,0.0143995037774407,0.013713703269272865,0.7066606693246451,181724
weekend,1,9,0.013011976378332433,0.003463343548534783,0.0099914689965796,0.9518798715764698,2026,0.0359136732727773,0.03198428471756355,0.8284236939592509,1288191
weekend,3,9,0.0044190675817154185,0.001669846149749282,0.004400642389818109,0.7798201243403787,2026,0.0138259387054034,0.010921384746393318,0.691230599333294,1288187
weekend,5,9,0.0020506168365735165,0.0013706173181306707,0.0031163549859735793,0.5782511425010995,2026,0.010935351848581,0.006509924158896222,0.5019066203208166,1288183
weekend,10,9,0.0004955938702016085,0.001425427769521429,0.0025180707959694213,0.348054035022808,2026,0.0079832828394914,0.002703984631586634,0.2949362307171918,1288173
weekend,15,9,-0.00011858105806544181,0.0015785704554197742,0.002388395120556122,0.25486772234278837,2026,0.0084395064209931,0.001802945211596327,0.22452753309237644,1288163
weekend,30,9,-0.0007801310830030428,0.002263100484517956,0.003626228857340883,0.28622782662354646,2026,0.0095104266971853,0.0013438558095123085,0.20640153215061946,1288133
