year,horizon,pattern,fires_print,diff_print,z_print,fires_vwap,diff_vwap,z_vwap
2018,1,price at 4h high (rangepos >= 0.98),5445,0.04968329305343655,6.828229975882163,5445,0.0,0.0
2018,1,price at 4h low (rangepos <= 0.02),4852,-0.059531776040822604,-7.9992024662653565,4852,0.0,0.0
2018,1,upper quarter of 4h range,112502,-0.004513149573657338,-2.531844808877199,112502,0.0,0.0
2018,1,lower quarter of 4h range,94951,-0.0021174818938295425,-1.0910011052987756,94949,0.0,0.0
2018,1,last 5 min up more than 2 sd,10302,-0.034973919941836185,-6.571784064662556,10302,0.0,0.0
2018,1,last 5 min down more than 2 sd,12191,0.020781653742125816,4.228401757469698,12190,0.0,0.0
2018,1,last 15 min up more than 2 sd,8525,-0.03306877296946237,-5.276977374060083,8525,0.0,0.0
2018,1,last 15 min down more than 2 sd,10843,0.011603787195325288,2.180416835199464,10842,0.0,0.0
2018,1,4h return above +50 bp,143975,-0.001797235263702568,-1.099521511254021,143974,0.0,0.0
2018,1,4h return below -50 bp,145853,-0.00483178924667238,-2.8309640529653985,145850,0.0,0.0
2018,1,previous window up,256188,0.008139146603015401,4.595715046187162,256185,0.0,0.0
2018,1,previous window down,252436,-0.008139146603015401,-4.595715046187158,252432,0.0,0.0
2018,1,two windows up in a row,122496,0.0055922324429609205,3.0306728443714355,122494,0.0,0.0
2018,1,two windows down in a row,118749,-0.006814256017723674,-3.5671083950679057,118747,0.0,0.0
2018,1,three windows up in a row,56082,0.0033497252704636216,1.401435596412281,56082,0.0,0.0
2018,1,three windows down in a row,53198,-0.003938748367133593,-1.5631018429084536,53197,0.0,0.0
2018,1,RSI14 above 70,16722,-0.02242916735129269,-5.076952733904319,16721,0.0,0.0
2018,1,RSI14 below 30,19061,0.010133982584267232,2.4294264721147507,19060,0.0,0.0
2018,1,RSI60 above 65,2865,-0.020212772532049228,-2.1397422525869843,2865,0.0,0.0
2018,1,RSI60 below 35,3434,-0.005179949076748791,-0.5710139692337053,3434,0.0,0.0
2018,1,MACD histogram positive,253864,0.010385775336753111,6.707283449440843,253862,0.0,0.0
2018,1,MACD histogram negative,254760,-0.010385775336753111,-6.707283449440853,254755,0.0,0.0
2018,1,above upper Bollinger band,25268,-0.0012737044398656305,-0.33650939074338926,25267,0.0,0.0
2018,1,below lower Bollinger band,27430,-0.00705200092325331,-1.891075925066705,27429,0.0,0.0
2018,1,EMA9 above EMA21 by 10 bp,59075,-0.012113104182628232,-4.126316193740771,59074,0.0,0.0
2018,1,EMA9 below EMA21 by 10 bp,62559,-2.806706056668329e-05,-0.010417944010881018,62557,0.0,0.0
2018,1,ADX14 above 30 (trending),145867,-0.00035329864932098776,-0.21610145515912305,145864,0.0,0.0
2018,1,ADX14 below 15 (ranging),57119,0.003910707337427266,1.5902589252299804,57118,0.0,0.0
2018,1,taker buying 60 pct+ of last 15 min,104560,0.0054361747385659465,2.931091368324265,104558,0.0,0.0
2018,1,taker selling 60 pct+ of last 15 min,51785,-0.005218663177689931,-2.1262716201811327,51784,0.0,0.0
2018,1,volume last 5 min 3x the daily average,16363,-0.010629642020385688,-2.864155968773531,16362,0.0,0.0
2018,1,trade count last 5 min 3x average,12071,-0.013726175933131857,-3.0319879244444596,12071,0.0,0.0
2018,1,OBV rising over 60 min,16716,-0.0016503970320271844,-0.40926278941017946,16716,0.0,0.0
2018,1,OBV falling over 60 min,25698,-0.002256166944731852,-0.6938649828952482,25697,0.0,0.0
2018,1,price 30 bp+ above 60-min VWAP,77510,-0.008074819887352369,-3.055799872268673,77509,0.0,0.0
2018,1,price 30 bp+ below 60-min VWAP,75267,0.00035976542410609547,0.14556415561222052,75265,0.0,0.0
2018,1,high volatility (vol60 in top decile),14238,-0.011757419810687897,-2.8091304526246073,14237,0.0,0.0
2018,1,low volatility (vol60 in bottom decile),298007,0.002264529201588261,1.251666985152342,298002,0.0,0.0
2018,1,weekend,146250,0.0013211393677939887,0.6175433766529029,146250,0.0,0.0
2018,1,US afternoon (14-17 UTC),85095,0.0010145162829645615,0.5484418338645044,85095,0.0,0.0
2018,1,Asia early (0-3 UTC),84478,-0.003969540259113669,-1.9846068208320546,84473,0.0,0.0
2018,1,sweep: RSI14 < 20,2859,0.005791541815971302,0.5413933477073474,2859,0.0,0.0
2018,1,sweep: RSI14 < 25,7675,0.012390523698073141,1.9357592445396394,7674,0.0,0.0
2018,1,sweep: RSI14 < 30,19061,0.010133982584267232,2.4294264721147507,19060,0.0,0.0
2018,1,sweep: RSI14 < 35,42173,-0.0018432328796212927,-0.6217135589702826,42171,0.0,0.0
2018,1,sweep: RSI14 > 65,40493,-0.009652824545965222,-3.0605757920678935,40492,0.0,0.0
2018,1,sweep: RSI14 > 70,16722,-0.02242916735129269,-5.076952733904319,16721,0.0,0.0
2018,1,sweep: RSI14 > 75,6262,-0.04275783695427399,-5.738434803208901,6262,0.0,0.0
2018,1,sweep: RSI14 > 80,2190,-0.025977101994006824,-2.2006621078858624,2190,0.0,0.0
2018,1,sweep: RSI60 < 35,3434,-0.005179949076748791,-0.5710139692337053,3434,0.0,0.0
2018,1,sweep: RSI60 < 40,17141,0.0012916727343141865,0.3140213112952322,17140,0.0,0.0
2018,1,sweep: RSI60 < 45,73946,-0.005060262115406555,-2.3696896749723346,73944,0.0,0.0
2018,1,sweep: RSI60 > 55,72275,-0.005916027033660343,-2.6506093850588948,72275,0.0,0.0
2018,1,sweep: RSI60 > 60,13725,-0.02112245905036475,-4.348439008957891,13725,0.0,0.0
2018,1,sweep: RSI60 > 65,2865,-0.020212772532049228,-2.1397422525869843,2865,0.0,0.0
2018,1,sweep: range position < 0.05,10867,-0.02755624786070887,-5.180368507339358,10867,0.0,0.0
2018,1,sweep: range position > 0.95,12590,0.019429466393997896,4.009272581381775,12590,0.0,0.0
2018,1,sweep: range position < 0.1,24496,-0.008464703549474484,-2.3175298763021277,24495,0.0,0.0
2018,1,sweep: range position > 0.90,29226,0.001834167810328191,0.5382763296308238,29226,0.0,0.0
2018,1,sweep: range position < 0.15,44117,-0.0024559730897019127,-0.9233705856219123,44116,0.0,0.0
2018,1,sweep: range position > 0.85,52975,-0.0031674950579051453,-1.2264587479479012,52975,0.0,0.0
2018,1,sweep: 5-min move > +1.5 sd,25231,-0.0234279182380977,-6.427743175159932,25230,0.0,0.0
2018,1,sweep: 5-min move < -1.5 sd,27588,0.012368824349453411,3.5513054893164897,27587,0.0,0.0
2018,1,sweep: 15-min move > +1.5 sd,22101,-0.026185019093883266,-6.899226791842028,22100,0.0,0.0
2018,1,sweep: 15-min move < -1.5 sd,25784,0.00662900030955027,1.9895417286781396,25782,0.0,0.0
2018,1,sweep: 5-min move > +2 sd,10302,-0.034973919941836185,-6.571784064662556,10302,0.0,0.0
2018,1,sweep: 5-min move < -2 sd,12191,0.020781653742125816,4.228401757469698,12190,0.0,0.0
2018,1,sweep: 15-min move > +2 sd,8525,-0.03306877296946237,-5.276977374060083,8525,0.0,0.0
2018,1,sweep: 15-min move < -2 sd,10843,0.011603787195325288,2.180416835199464,10842,0.0,0.0
2018,1,sweep: 5-min move > +2.5 sd,4674,-0.03879436321269075,-4.690102039868728,4674,0.0,0.0
2018,1,sweep: 5-min move < -2.5 sd,5773,0.022424408325822043,3.1630771042580865,5772,0.0,0.0
2018,1,sweep: 15-min move > +2.5 sd,3382,-0.029840310892606636,-3.1872309421717477,3382,0.0,0.0
2018,1,sweep: 15-min move < -2.5 sd,4502,0.010023694295502872,1.1711089337816405,4502,0.0,0.0
2018,1,sweep: 5-min move > +3 sd,2358,-0.039197191315817836,-3.625299463075367,2358,0.0,0.0
2018,1,sweep: 5-min move < -3 sd,2872,0.015008214580248702,1.504790276454116,2872,0.0,0.0
2018,1,sweep: 15-min move > +3 sd,1433,-0.011228933943758512,-0.8566448527865393,1433,0.0,0.0
2018,1,sweep: 15-min move < -3 sd,1834,0.0028583999407995053,0.1940234918923846,1834,0.0,0.0
2018,1,sweep: 4h return > +25 bp,191262,-0.0011815307065831115,-0.7408799889650027,191261,0.0,0.0
2018,1,sweep: 4h return < -25 bp,189068,-0.0024188462108943876,-1.5734668964585314,189065,0.0,0.0
2018,1,sweep: 4h return > +50 bp,143975,-0.001797235263702568,-1.099521511254021,143974,0.0,0.0
2018,1,sweep: 4h return < -50 bp,145853,-0.00483178924667238,-2.8309640529653985,145850,0.0,0.0
2018,1,sweep: 4h return > +100 bp,88121,-0.0032049671493413756,-1.6112179732047278,88120,0.0,0.0
2018,1,sweep: 4h return < -100 bp,96967,-0.007259957969038888,-3.9199643296053943,96965,0.0,0.0
2018,1,sweep: taker buy share > 0.1 (15 min),195591,0.006069426103417985,3.5782627717394777,195588,0.0,0.0
2018,1,sweep: taker sell share > 0.1 (15 min),112038,-0.006612897910816762,-3.6075088193323936,112037,0.0,0.0
2018,1,sweep: taker buy share > 0.2 (15 min),104560,0.0054361747385659465,2.931091368324265,104558,0.0,0.0
2018,1,sweep: taker sell share > 0.2 (15 min),51785,-0.005218663177689931,-2.1262716201811327,51784,0.0,0.0
2018,1,sweep: taker buy share > 0.3 (15 min),45807,0.009462966676222262,3.4527467880666345,45806,0.0,0.0
2018,1,sweep: taker sell share > 0.3 (15 min),19974,-0.006770912899959347,-1.7590034069816034,19973,0.0,0.0
2018,1,sweep: price > VWAP60 + 15 bp,138865,0.000462202163534875,0.24006632700264618,138862,0.0,0.0
2018,1,sweep: price < VWAP60 - 15 bp,130765,-0.004849179108404322,-2.602960495859033,130762,0.0,0.0
2018,1,sweep: price > VWAP60 + 30 bp,77510,-0.008074819887352369,-3.055799872268673,77509,0.0,0.0
2018,1,sweep: price < VWAP60 - 30 bp,75267,0.00035976542410609547,0.14556415561222052,75265,0.0,0.0
2018,1,sweep: price > VWAP60 + 50 bp,40768,-0.009105769244190987,-2.597494011722479,40767,0.0,0.0
2018,1,sweep: price < VWAP60 - 50 bp,41587,-0.00040767612948733323,-0.1297482331414606,41586,0.0,0.0
2018,1,sweep: previous window up,256188,0.008139146603015401,4.595715046187162,256185,0.0,0.0
2018,1,sweep: previous window down,252436,-0.008139146603015401,-4.595715046187158,252432,0.0,0.0
2018,1,sweep: two windows up,122496,0.0055922324429609205,3.0306728443714355,122494,0.0,0.0
2018,1,sweep: two windows down,118749,-0.006814256017723674,-3.5671083950679057,118747,0.0,0.0
2018,1,sweep: MACD hist > 0,253864,0.010385775336753111,6.707283449440843,253862,0.0,0.0
2018,1,sweep: MACD hist < 0,254760,-0.010385775336753111,-6.707283449440853,254755,0.0,0.0
2018,1,sweep: OBV rising,16716,-0.0016503970320271844,-0.40926278941017946,16716,0.0,0.0
2018,1,sweep: OBV falling,25698,-0.002256166944731852,-0.6938649828952482,25697,0.0,0.0
2018,1,sweep: EMA9 > EMA21 + 10 bp,59075,-0.012113104182628232,-4.126316193740771,59074,0.0,0.0
2018,1,sweep: EMA9 < EMA21 - 10 bp,62559,-2.806706056668329e-05,-0.010417944010881018,62557,0.0,0.0
2018,1,sweep: larger trades than usual (size5 > 1.2),108782,-0.0008473254640901651,-0.5042809634279012,108779,0.0,0.0
2018,1,sweep: more trades than usual (nratio5 > 1.5),63469,-0.009934868594361268,-4.939602125885254,63467,0.0,0.0
2018,3,price at 4h high (rangepos >= 0.98),5445,-0.024629053367720588,-3.0139175294888427,5445,-0.04454473917393387,-5.306553848911763
2018,3,price at 4h low (rangepos <= 0.02),4852,0.01216937236354132,1.5702389838485284,4852,0.042312561272506044,5.336497238402869
2018,3,upper quarter of 4h range,112500,-0.028892021391838274,-11.847587326753754,112500,-0.027139723511869995,-11.575944206323106
2018,3,lower quarter of 4h range,94951,0.023605877141199882,9.67887834130342,94945,0.02317598285971495,10.199439715824926
2018,3,last 5 min up more than 2 sd,10302,-0.06734155709018064,-10.506361511405288,10302,-0.07847981866766884,-12.760757681309641
2018,3,last 5 min down more than 2 sd,12191,0.04542781422601028,7.897458031832963,12187,0.05537486433782213,10.242889910421766
2018,3,last 15 min up more than 2 sd,8525,-0.07518991004894615,-9.88986247117817,8525,-0.07674134565213103,-11.060844565018602
2018,3,last 15 min down more than 2 sd,10843,0.04950052136014993,7.916776019105302,10839,0.05154174387132249,8.674964004618564
2018,3,4h return above +50 bp,143974,-0.01359338470887278,-6.531713853513119,143971,-0.010448280647539498,-5.346758886282334
2018,3,4h return below -50 bp,145853,0.0073841588644694145,3.2794665592853485,145844,0.0054449910694774895,2.6234605767329704
2018,3,previous window up,256186,-0.018220600877206172,-8.678948711498435,256178,-0.020723923565163838,-10.229502634472544
2018,3,previous window down,252436,0.018220600877206172,8.678948711498489,252425,0.020723923565163838,10.229502634472578
2018,3,two windows up in a row,122496,-0.020133180800097905,-9.120107473650938,122491,-0.021685525916473936,-10.36448932694423
2018,3,two windows down in a row,118749,0.018299154622876457,8.062683041991596,118745,0.016861652596333543,7.898693717116853
2018,3,three windows up in a row,56082,-0.023352364507604306,-8.277839593999776,56080,-0.023897863532747254,-8.757593090200634
2018,3,three windows down in a row,53198,0.023592288707389497,8.226073508962273,53196,0.01963578621831219,7.230849196396393
2018,3,RSI14 above 70,16722,-0.08833579748412745,-16.16364762004489,16720,-0.09229932090767251,-18.15462955676569
2018,3,RSI14 below 30,19061,0.058887884204289254,11.858966305340024,19056,0.062721078950425,13.523678064871232
2018,3,RSI60 above 65,2865,-0.05282171651520623,-4.234814368573967,2865,-0.05972745222596859,-4.585036934786085
2018,3,RSI60 below 35,3434,0.048209302698035694,3.6167284041850243,3434,0.05412954331816,4.5271982890228095
2018,3,MACD histogram positive,253862,-0.011200880371693367,-5.140027503185415,253856,-0.015500578519422104,-7.554193616456125
2018,3,MACD histogram negative,254760,0.011200880371693367,5.140027503185407,254747,0.015500578519422104,7.554193616456122
2018,3,above upper Bollinger band,25268,-0.03683032356656141,-8.925606557230052,25266,-0.05428082946268775,-13.850779258705789
2018,3,below lower Bollinger band,27430,0.02788291519249253,6.902407527323255,27427,0.04153090111953195,10.724019436907865
2018,3,EMA9 above EMA21 by 10 bp,59075,-0.046694351939997436,-12.346061489239414,59072,-0.041532545878024574,-11.865184897674755
2018,3,EMA9 below EMA21 by 10 bp,62559,0.029494760954509647,8.606361849550604,62553,0.02638600489428161,7.921299924695438
2018,3,ADX14 above 30 (trending),145867,0.002500341403845918,1.1860185588093242,145860,0.0006859016424044517,0.3368354689488345
2018,3,ADX14 below 15 (ranging),57119,0.003419202947294031,1.063948991408513,57116,0.0037365750444128265,1.2408570874448408
2018,3,taker buying 60 pct+ of last 15 min,104560,-0.008202001804801573,-3.3234012764236995,104557,-0.009419037528866081,-4.1768050640580014
2018,3,taker selling 60 pct+ of last 15 min,51785,0.008927249850543939,2.649751675412967,51782,0.012912621935769142,4.048080818318945
2018,3,volume last 5 min 3x the daily average,16363,-0.0011420801447409312,-0.243207506696393,16360,-0.005458205619089496,-1.1768434842882345
2018,3,trade count last 5 min 3x average,12071,-0.0015384001369822542,-0.2636938660602744,12069,-0.0022033066300356507,-0.4091996235150411
2018,3,OBV rising over 60 min,16716,-0.029107504802701856,-5.911147116768331,16716,-0.0295361590773226,-5.801116422865939
2018,3,OBV falling over 60 min,25698,0.02009894126159395,4.694014607443234,25695,0.02208786996038603,5.245399618149457
2018,3,price 30 bp+ above 60-min VWAP,77510,-0.04196377563221648,-12.41924002042523,77507,-0.04212842274599343,-12.468734367758612
2018,3,price 30 bp+ below 60-min VWAP,75267,0.03260326784584866,10.077714121664533,75261,0.03287581788769767,9.974976306762699
2018,3,high volatility (vol60 in top decile),14238,-0.006551315517911549,-0.9698836119031756,14235,-0.008347740931371195,-1.2955128726921576
2018,3,low volatility (vol60 in bottom decile),298005,0.0016715327531597879,0.791807519066229,297992,0.002024027188187061,1.0333829758597985
2018,3,weekend,146250,0.003517888035159844,1.5308820799041025,146250,0.004406869110329059,2.127358588876808
2018,3,US afternoon (14-17 UTC),85095,0.0025745626136453037,1.1292869983928282,85095,-0.0012641362612534346,-0.5677815764225101
2018,3,Asia early (0-3 UTC),84478,-0.004462258717251311,-1.8210649397664447,84463,-0.001997043400081555,-0.8588742882963095
2018,3,sweep: RSI14 < 20,2859,0.05295064504499458,4.27078005409596,2859,0.06080451446396595,5.191914489355101
2018,3,sweep: RSI14 < 25,7675,0.061530140220611096,8.523944051858557,7673,0.06686562628594872,9.931175096663464
2018,3,sweep: RSI14 < 30,19061,0.058887884204289254,11.858966305340024,19056,0.062721078950425,13.523678064871232
2018,3,sweep: RSI14 < 35,42173,0.04426517713331912,12.662148735382289,42166,0.04984756689811892,15.462412443803156
2018,3,sweep: RSI14 > 65,40493,-0.0610775205024956,-16.95234581151735,40490,-0.0665025066559708,-19.183299000699147
2018,3,sweep: RSI14 > 70,16722,-0.08833579748412745,-16.16364762004489,16720,-0.09229932090767251,-18.15462955676569
2018,3,sweep: RSI14 > 75,6262,-0.09934603020596827,-11.772584859445805,6262,-0.1065364829959391,-13.084990123703777
2018,3,sweep: RSI14 > 80,2190,-0.08763819306072257,-6.480869863583066,2190,-0.09933917708457624,-7.290089162319618
2018,3,sweep: RSI60 < 35,3434,0.048209302698035694,3.6167284041850243,3434,0.05412954331816,4.5271982890228095
2018,3,sweep: RSI60 < 40,17141,0.04073732363793081,7.7758274335867466,17138,0.04361131229660864,8.605124785405605
2018,3,sweep: RSI60 < 45,73946,0.02343509761798912,8.724219963297676,73940,0.026390364735078442,10.544321922567972
2018,3,sweep: RSI60 > 55,72273,-0.03838261743185695,-13.07382676074024,72273,-0.038027849024102556,-13.695325570362357
2018,3,sweep: RSI60 > 60,13725,-0.0616068703195744,-9.703038633093948,13725,-0.06416980856079113,-10.15574189346554
2018,3,sweep: RSI60 > 65,2865,-0.05282171651520623,-4.234814368573967,2865,-0.05972745222596859,-4.585036934786085
2018,3,sweep: range position < 0.05,10867,0.030205022224583544,5.357544503111293,10867,0.04068436622907612,6.857472394643692
2018,3,sweep: range position > 0.95,12590,-0.03633020242768936,-6.19717667394746,12590,-0.04724045407819849,-8.168213254297575
2018,3,sweep: range position < 0.1,24496,0.032327480128472086,7.589192872147228,24495,0.036177983497372224,8.133714492813775
2018,3,sweep: range position > 0.90,29226,-0.03889484915545344,-9.101425687663733,29226,-0.04110464612656067,-10.170762740629941
2018,3,sweep: range position < 0.15,44117,0.03146141229284638,9.157436802021612,44115,0.03396069037733829,9.855716513602081
2018,3,sweep: range position > 0.85,52975,-0.037424817757524265,-11.537469370376785,52975,-0.0360227153177165,-11.458178658000117
2018,3,sweep: 5-min move > +1.5 sd,25231,-0.057624206469350236,-13.33699339449032,25229,-0.06492401240267048,-15.886681070948706
2018,3,sweep: 5-min move < -1.5 sd,27588,0.04511569206788246,11.350692395484966,27583,0.05167962198987186,13.587842287473794
2018,3,sweep: 15-min move > +1.5 sd,22101,-0.06721989883901969,-14.215289333207311,22098,-0.06901159135459756,-16.142611501094674
2018,3,sweep: 15-min move < -1.5 sd,25784,0.04539653201701532,10.778560153874963,25778,0.0452414242561171,11.39906330117997
2018,3,sweep: 5-min move > +2 sd,10302,-0.06734155709018064,-10.506361511405288,10302,-0.07847981866766884,-12.760757681309641
2018,3,sweep: 5-min move < -2 sd,12191,0.04542781422601028,7.897458031832963,12187,0.05537486433782213,10.242889910421766
2018,3,sweep: 15-min move > +2 sd,8525,-0.07518991004894615,-9.88986247117817,8525,-0.07674134565213103,-11.060844565018602
2018,3,sweep: 15-min move < -2 sd,10843,0.04950052136014993,7.916776019105302,10839,0.05154174387132249,8.674964004618564
2018,3,sweep: 5-min move > +2.5 sd,4674,-0.07039908984775173,-7.320734276358542,4674,-0.07646657155152264,-8.165076070417891
2018,3,sweep: 5-min move < -2.5 sd,5773,0.04247353955646782,5.491513744408614,5771,0.053293268397214155,7.115199920450497
2018,3,sweep: 15-min move > +2.5 sd,3382,-0.06561134988349887,-5.715219762763802,3382,-0.0715035860476893,-6.884413351673858
2018,3,sweep: 15-min move < -2.5 sd,4502,0.05187130721662925,5.234211420550219,4502,0.05678863013982238,6.094357408979486
2018,3,sweep: 5-min move > +3 sd,2358,-0.06372601034728859,-4.933648646180715,2358,-0.08228290986544973,-6.905044367470022
2018,3,sweep: 5-min move < -3 sd,2872,0.04026872167841411,3.7410354983796807,2872,0.05193800345674637,4.907058491277294
2018,3,sweep: 15-min move > +3 sd,1433,-0.06052801982667527,-3.5843059902732244,1433,-0.07266049511553524,-4.409735907826398
2018,3,sweep: 15-min move < -3 sd,1834,0.05575751363932546,3.4491077876686957,1834,0.06701342976687819,4.41257267386624
2018,3,sweep: 4h return > +25 bp,191260,-0.013782893023958465,-6.704216575483643,191257,-0.010904432553398735,-5.641919402175272
2018,3,sweep: 4h return < -25 bp,189068,0.010331680334610627,5.0640164508845364,189059,0.007731408361676295,4.063386643346737
2018,3,sweep: 4h return > +50 bp,143974,-0.01359338470887278,-6.531713853513119,143971,-0.010448280647539498,-5.346758886282334
2018,3,sweep: 4h return < -50 bp,145853,0.0073841588644694145,3.2794665592853485,145844,0.0054449910694774895,2.6234605767329704
2018,3,sweep: 4h return > +100 bp,88121,-0.014234036341919443,-5.629520638939634,88118,-0.011368477111830644,-4.720463446196799
2018,3,sweep: 4h return < -100 bp,96967,0.0037506592702096775,1.4785208601181685,96961,0.0012434199758187825,0.550712416664752
2018,3,sweep: taker buy share > 0.1 (15 min),195591,-0.006973202609908857,-3.359307424665361,195584,-0.010167350239460526,-5.410333562011125
2018,3,sweep: taker sell share > 0.1 (15 min),112038,0.009407971803725879,3.8631299501685366,112035,0.012180510250705101,5.249716311212239
2018,3,sweep: taker buy share > 0.2 (15 min),104560,-0.008202001804801573,-3.3234012764236995,104557,-0.009419037528866081,-4.1768050640580014
2018,3,sweep: taker sell share > 0.2 (15 min),51785,0.008927249850543939,2.649751675412967,51782,0.012912621935769142,4.048080818318945
2018,3,sweep: taker buy share > 0.3 (15 min),45807,-0.003313608377590316,-0.8917443718286624,45806,-0.006319027132808908,-1.8812600580637673
2018,3,sweep: taker sell share > 0.3 (15 min),19974,0.003978886350326838,0.7919579493137414,19971,0.009702873624916952,1.978638092996399
2018,3,sweep: price > VWAP60 + 15 bp,138865,-0.02947319633368123,-12.467105117389602,138858,-0.02956488835616189,-12.659479169326419
2018,3,sweep: price < VWAP60 - 15 bp,130765,0.026940898795351664,11.071094562635588,130756,0.02676528665045036,11.334461498764869
2018,3,sweep: price > VWAP60 + 30 bp,77510,-0.04196377563221648,-12.41924002042523,77507,-0.04212842274599343,-12.468734367758612
2018,3,sweep: price < VWAP60 - 30 bp,75267,0.03260326784584866,10.077714121664533,75261,0.03287581788769767,9.974976306762699
2018,3,sweep: price > VWAP60 + 50 bp,40768,-0.04406840661421041,-9.739724073325439,40765,-0.04252671820609066,-9.45464330674068
2018,3,sweep: price < VWAP60 - 50 bp,41587,0.030262918544036732,7.0344887838167836,41584,0.030493730963952803,7.000487055310611
2018,3,sweep: previous window up,256186,-0.018220600877206172,-8.678948711498435,256178,-0.020723923565163838,-10.229502634472544
2018,3,sweep: previous window down,252436,0.018220600877206172,8.678948711498489,252425,0.020723923565163838,10.229502634472578
2018,3,sweep: two windows up,122496,-0.020133180800097905,-9.120107473650938,122491,-0.021685525916473936,-10.36448932694423
2018,3,sweep: two windows down,118749,0.018299154622876457,8.062683041991596,118745,0.016861652596333543,7.898693717116853
2018,3,sweep: MACD hist > 0,253862,-0.011200880371693367,-5.140027503185415,253856,-0.015500578519422104,-7.554193616456125
2018,3,sweep: MACD hist < 0,254760,0.011200880371693367,5.140027503185407,254747,0.015500578519422104,7.554193616456122
2018,3,sweep: OBV rising,16716,-0.029107504802701856,-5.911147116768331,16716,-0.0295361590773226,-5.801116422865939
2018,3,sweep: OBV falling,25698,0.02009894126159395,4.694014607443234,25695,0.02208786996038603,5.245399618149457
2018,3,sweep: EMA9 > EMA21 + 10 bp,59075,-0.046694351939997436,-12.346061489239414,59072,-0.041532545878024574,-11.865184897674755
2018,3,sweep: EMA9 < EMA21 - 10 bp,62559,0.029494760954509647,8.606361849550604,62553,0.02638600489428161,7.921299924695438
2018,3,sweep: larger trades than usual (size5 > 1.2),108780,-0.003555593694662851,-1.6542376810335777,108771,-0.004035826180294078,-2.0768272045876808
2018,3,sweep: more trades than usual (nratio5 > 1.5),63469,-0.006288544702987953,-2.2620727947535735,63463,-0.0053871204934272665,-2.103554452935163
2018,5,price at 4h high (rangepos >= 0.98),5445,-0.05876652403244903,-6.915836258028695,5445,-0.08291116588368924,-8.910780803415024
2018,5,price at 4h low (rangepos <= 0.02),4852,0.055910668741992686,6.560842136857243,4852,0.07317071809582076,8.506342425689928
2018,5,upper quarter of 4h range,112498,-0.040800763045722,-14.013657797929046,112497,-0.04271620819057759,-15.3392386249763
2018,5,lower quarter of 4h range,94951,0.03841329430721041,13.425733108962886,94941,0.0387016721893359,14.170479796799308
2018,5,last 5 min up more than 2 sd,10302,-0.07186744642290588,-10.264855986367776,10302,-0.07821958425605735,-10.939194822574816
2018,5,last 5 min down more than 2 sd,12191,0.03475534927329005,5.647075405366582,12183,0.047803274056052336,7.991959165164889
2018,5,last 15 min up more than 2 sd,8525,-0.07821913484531784,-8.739156987236369,8525,-0.08610431612554187,-10.487517734999189
2018,5,last 15 min down more than 2 sd,10843,0.05234927165324876,6.765901227810558,10839,0.0604652066321697,8.619946752982587
2018,5,4h return above +50 bp,143973,-0.01970660458311807,-7.541968006225265,143968,-0.01955313522425789,-8.261469743872116
2018,5,4h return below -50 bp,145853,0.012269372339472784,4.541958727796523,145838,0.01172188217424086,4.526841957142028
2018,5,previous window up,256184,-0.031959005836783794,-13.128709630689121,256172,-0.03778744397232919,-15.988230790619838
2018,5,previous window down,252436,0.031959005836783794,13.128709630689086,252417,0.03778744397232919,15.988230790619834
2018,5,two windows up in a row,122496,-0.03308017139449959,-12.902035032531309,122489,-0.037500124992063066,-15.333405700874014
2018,5,two windows down in a row,118749,0.03228027959358515,12.241169874952268,118742,0.03358100053812818,12.83654043954925
2018,5,three windows up in a row,56082,-0.03942814651419507,-12.168405063972472,56078,-0.041567500978982985,-13.431577725226248
2018,5,three windows down in a row,53198,0.03852533344719472,12.056539031480973,53194,0.03666857505074339,11.229748433546048
2018,5,RSI14 above 70,16722,-0.10272646700540655,-16.821908763746332,16720,-0.11344816256022422,-19.1477448094876
2018,5,RSI14 below 30,19061,0.06923796077295341,12.293593066268125,19053,0.0815792402695052,15.094538104359794
2018,5,RSI60 above 65,2865,-0.05790008313215417,-4.191825360689818,2865,-0.06844168448260501,-5.054377384206408
2018,5,RSI60 below 35,3434,0.055667808596978174,3.7124736206097237,3434,0.06826372574009487,4.918664432151675
2018,5,MACD histogram positive,253860,-0.02025623014662098,-8.110708106738626,253850,-0.0281676965555564,-11.561155532168229
2018,5,MACD histogram negative,254760,0.02025623014662098,8.110708106738631,254739,0.0281676965555564,11.561155532168232
2018,5,above upper Bollinger band,25268,-0.04957873951752939,-11.670878614445074,25265,-0.06756741583467141,-15.370335311701446
2018,5,below lower Bollinger band,27430,0.02794162851989468,6.315717599280386,27423,0.04934883258881895,11.47446334905516
2018,5,EMA9 above EMA21 by 10 bp,59075,-0.06103242575637213,-14.801385861827068,59070,-0.06351080433854767,-15.958434690755594
2018,5,EMA9 below EMA21 by 10 bp,62559,0.044856114469247865,11.067941974727427,62550,0.04420285957186604,11.16919114052922
2018,5,ADX14 above 30 (trending),145867,0.004107465240036801,1.524474153214858,145857,0.0017278329467244058,0.7017082742346762
2018,5,ADX14 below 15 (ranging),57119,0.005010353986106608,1.2713968308732402,57114,0.0038448392738238413,1.018576531990208
2018,5,taker buying 60 pct+ of last 15 min,104560,-0.013222945670685105,-4.8100182618062535,104555,-0.016217031790085434,-6.481846339954168
2018,5,taker selling 60 pct+ of last 15 min,51785,0.018355871416776304,4.79619084082364,51780,0.023237254906352645,6.148111860754439
2018,5,volume last 5 min 3x the daily average,16363,-0.0011212678840496482,-0.22299261723139854,16358,-2.6664092709904885e-05,-0.005002118671685069
2018,5,trade count last 5 min 3x average,12071,0.010004711536504951,1.5430505874139315,12069,0.007534326558885196,1.1548780160325476
2018,5,OBV rising over 60 min,16716,-0.04777114862956472,-7.773437365826326,16716,-0.046731063718534915,-8.315156137056682
2018,5,OBV falling over 60 min,25698,0.03197643652383475,6.746115237197436,25693,0.03441047821270882,7.376681579166018
2018,5,price 30 bp+ above 60-min VWAP,77510,-0.05692086454877826,-14.931740119485431,77505,-0.06131360783882528,-16.27391911357193
2018,5,price 30 bp+ below 60-min VWAP,75267,0.046726693057818014,12.143696956993203,75259,0.04912041086351043,12.631711567498217
2018,5,high volatility (vol60 in top decile),14238,-0.005129553062338199,-0.6512945857772878,14233,-0.007273878495278052,-0.8480958246310368
2018,5,low volatility (vol60 in bottom decile),298003,0.0014557556123034887,0.6011456123543848,297982,0.0035084898964868882,1.4951009769363734
2018,5,weekend,146250,0.002127567304419653,0.8641986896231896,146250,0.00408926354865824,1.6658105086097108
2018,5,US afternoon (14-17 UTC),85095,0.0028442965748350924,1.0153169966327713,85095,0.0011093569331634967,0.4345684569583861
2018,5,Asia early (0-3 UTC),84478,-0.005680011902215232,-1.9093523321552426,84453,-0.005331498314131766,-1.8634717557706528
2018,5,sweep: RSI14 < 20,2859,0.0531382759368072,3.8476886815747253,2859,0.07739798723695357,5.837650280157029
2018,5,sweep: RSI14 < 25,7675,0.06387794430090643,7.865701231299444,7671,0.07832816185827496,10.205983131341151
2018,5,sweep: RSI14 < 30,19061,0.06923796077295341,12.293593066268125,19053,0.0815792402695052,15.094538104359794
2018,5,sweep: RSI14 < 35,42173,0.060557333565455784,15.602153872729692,42161,0.06953657947115288,19.117616105720792
2018,5,sweep: RSI14 > 65,40493,-0.08223732219635849,-19.815741857395853,40489,-0.09073646414729047,-23.20987397992157
2018,5,sweep: RSI14 > 70,16722,-0.10272646700540655,-16.821908763746332,16720,-0.11344816256022422,-19.1477448094876
2018,5,sweep: RSI14 > 75,6262,-0.10468515501654335,-11.121079227382522,6262,-0.11326562416139052,-12.82226056223935
2018,5,sweep: RSI14 > 80,2190,-0.08413333300874043,-5.525449614064757,2190,-0.10065384307522729,-6.841241265417495
2018,5,sweep: RSI60 < 35,3434,0.055667808596978174,3.7124736206097237,3434,0.06826372574009487,4.918664432151675
2018,5,sweep: RSI60 < 40,17141,0.053307423159269396,9.123425114692763,17136,0.056543004451426015,9.616155306100001
2018,5,sweep: RSI60 < 45,73946,0.04039732174349303,13.295094614990711,73936,0.04298532466565286,14.527954624213365
2018,5,sweep: RSI60 > 55,72273,-0.05363659073164112,-15.387160301871823,72273,-0.058520706795559096,-17.429514650435813
2018,5,sweep: RSI60 > 60,13725,-0.07607675238502049,-10.25383696273515,13725,-0.08335158861110953,-11.668255250830411
2018,5,sweep: RSI60 > 65,2865,-0.05790008313215417,-4.191825360689818,2865,-0.06844168448260501,-5.054377384206408
2018,5,sweep: range position < 0.05,10867,0.05627284230201235,8.643381661484378,10867,0.06876778897654867,10.436698903873898
2018,5,sweep: range position > 0.95,12590,-0.06500298950313621,-9.66027443761318,12590,-0.08097743625027587,-12.661250428109879
2018,5,sweep: range position < 0.1,24496,0.051670334366673454,10.398942490077651,24495,0.05953145599259024,11.862446251569072
2018,5,sweep: range position > 0.90,29226,-0.058961542896445784,-11.509253108632361,29226,-0.06735923694902285,-13.532191687163666
2018,5,sweep: range position < 0.15,44117,0.04942602783023359,12.01768960009528,44115,0.05197301311762914,12.82749104477499
2018,5,sweep: range position > 0.85,52975,-0.05328421713519166,-13.906851228508621,52975,-0.058227637586126924,-15.411733270163932
2018,5,sweep: 5-min move > +1.5 sd,25229,-0.06359711533249968,-13.979260647935392,25225,-0.0735871305928309,-16.156100686432264
2018,5,sweep: 5-min move < -1.5 sd,27588,0.044981471473276025,10.34804592217716,27579,0.053400144900243696,12.880916315274236
2018,5,sweep: 15-min move > +1.5 sd,22101,-0.07964180206362886,-14.91195688429084,22097,-0.0848235690122176,-17.24979202235575
2018,5,sweep: 15-min move < -1.5 sd,25784,0.05400841926023758,11.18709246318247,25774,0.059535501903295096,13.36931713128628
2018,5,sweep: 5-min move > +2 sd,10302,-0.07186744642290588,-10.264855986367776,10302,-0.07821958425605735,-10.939194822574816
2018,5,sweep: 5-min move < -2 sd,12191,0.03475534927329005,5.647075405366582,12183,0.047803274056052336,7.991959165164889
2018,5,sweep: 15-min move > +2 sd,8525,-0.07821913484531784,-8.739156987236369,8525,-0.08610431612554187,-10.487517734999189
2018,5,sweep: 15-min move < -2 sd,10843,0.05234927165324876,6.765901227810558,10839,0.0604652066321697,8.619946752982587
2018,5,sweep: 5-min move > +2.5 sd,4674,-0.06516545747023533,-6.2977606372571655,4674,-0.07597328875537834,-7.157391088318608
2018,5,sweep: 5-min move < -2.5 sd,5773,0.024086750958111303,2.6900502382997415,5771,0.04108602467868672,4.863048422933423
2018,5,sweep: 15-min move > +2.5 sd,3382,-0.059227071205598336,-4.3206764440754,3382,-0.07501427092721213,-6.021355022441476
2018,5,sweep: 15-min move < -2.5 sd,4502,0.042966474627627815,3.456407694650655,4502,0.054833091951876245,4.749199836466383
2018,5,sweep: 5-min move > +3 sd,2358,-0.058351144113363396,-4.322467515657887,2358,-0.06688347774411868,-4.97698011158386
2018,5,sweep: 5-min move < -3 sd,2872,0.019794930515011133,1.5992050308386652,2872,0.040793889271738215,3.404936993232576
2018,5,sweep: 15-min move > +3 sd,1433,-0.04879493699778498,-2.4793772955652016,1433,-0.06070271472177974,-3.169716623313535
2018,5,sweep: 15-min move < -3 sd,1834,0.04027130050496641,2.0239213570979158,1834,0.06105500081037141,3.342552271547761
2018,5,sweep: 4h return > +25 bp,191258,-0.01990176602494015,-7.904684896409736,191253,-0.01856684465520808,-8.047762841082564
2018,5,sweep: 4h return < -25 bp,189068,0.014946250228454694,6.066997611550497,189053,0.01458917542476601,6.278081380854938
2018,5,sweep: 4h return > +50 bp,143973,-0.01970660458311807,-7.541968006225265,143968,-0.01955313522425789,-8.261469743872116
2018,5,sweep: 4h return < -50 bp,145853,0.012269372339472784,4.541958727796523,145838,0.01172188217424086,4.526841957142028
2018,5,sweep: 4h return > +100 bp,88121,-0.01975719584425195,-6.247046679662123,88116,-0.019833201165201486,-6.935026675588665
2018,5,sweep: 4h return < -100 bp,96967,0.006568881174548236,2.3171197097862812,96957,0.00784334936099762,2.756011740770347
2018,5,sweep: taker buy share > 0.1 (15 min),195591,-0.014964179442751246,-6.001574696718938,195580,-0.017836386147214,-7.901097280897366
2018,5,sweep: taker sell share > 0.1 (15 min),112036,0.01910072461896467,6.534168482707766,112031,0.022928470999047768,8.214636217580134
2018,5,sweep: taker buy share > 0.2 (15 min),104560,-0.013222945670685105,-4.8100182618062535,104555,-0.016217031790085434,-6.481846339954168
2018,5,sweep: taker sell share > 0.2 (15 min),51785,0.018355871416776304,4.79619084082364,51780,0.023237254906352645,6.148111860754439
2018,5,sweep: taker buy share > 0.3 (15 min),45807,-0.00934686736482937,-2.2008593230860836,45806,-0.013593714282659541,-3.436911703056108
2018,5,sweep: taker sell share > 0.3 (15 min),19974,0.011990532744814653,1.9856284525588352,19969,0.01659575924197787,2.934600650297892
2018,5,sweep: price > VWAP60 + 15 bp,138865,-0.045210104403971496,-16.95123847675933,138854,-0.05072130312245715,-19.592143669857176
2018,5,sweep: price < VWAP60 - 15 bp,130765,0.042717862351000335,15.5035718768019,130750,0.045471782575638164,16.255008457170028
2018,5,sweep: price > VWAP60 + 30 bp,77510,-0.05692086454877826,-14.931740119485431,77505,-0.06131360783882528,-16.27391911357193
2018,5,sweep: price < VWAP60 - 30 bp,75267,0.046726693057818014,12.143696956993203,75259,0.04912041086351043,12.631711567498217
2018,5,sweep: price > VWAP60 + 50 bp,40768,-0.05651241656631717,-11.707557794888423,40763,-0.06078440406884883,-12.744205731849723
2018,5,sweep: price < VWAP60 - 50 bp,41587,0.04134567503231196,8.100916687920071,41583,0.04419252370384852,8.786290193862746
2018,5,sweep: previous window up,256184,-0.031959005836783794,-13.128709630689121,256172,-0.03778744397232919,-15.988230790619838
2018,5,sweep: previous window down,252436,0.031959005836783794,13.128709630689086,252417,0.03778744397232919,15.988230790619834
2018,5,sweep: two windows up,122496,-0.03308017139449959,-12.902035032531309,122489,-0.037500124992063066,-15.333405700874014
2018,5,sweep: two windows down,118749,0.03228027959358515,12.241169874952268,118742,0.03358100053812818,12.83654043954925
2018,5,sweep: MACD hist > 0,253860,-0.02025623014662098,-8.110708106738626,253850,-0.0281676965555564,-11.561155532168229
2018,5,sweep: MACD hist < 0,254760,0.02025623014662098,8.110708106738631,254739,0.0281676965555564,11.561155532168232
2018,5,sweep: OBV rising,16716,-0.04777114862956472,-7.773437365826326,16716,-0.046731063718534915,-8.315156137056682
2018,5,sweep: OBV falling,25698,0.03197643652383475,6.746115237197436,25693,0.03441047821270882,7.376681579166018
2018,5,sweep: EMA9 > EMA21 + 10 bp,59075,-0.06103242575637213,-14.801385861827068,59070,-0.06351080433854767,-15.958434690755594
2018,5,sweep: EMA9 < EMA21 - 10 bp,62559,0.044856114469247865,11.067941974727427,62550,0.04420285957186604,11.16919114052922
2018,5,sweep: larger trades than usual (size5 > 1.2),108778,-0.0035994595331187984,-1.465187396812513,108761,-0.0018531470522927806,-0.7637488975736607
2018,5,sweep: more trades than usual (nratio5 > 1.5),63469,-0.0031626183617926573,-0.988886567875791,63461,-0.0028150392079783204,-0.872229526084047
2018,10,price at 4h high (rangepos >= 0.98),5445,-0.07720718413851219,-8.208142088201356,5445,-0.09990848145898223,-9.91233841372696
2018,10,price at 4h low (rangepos <= 0.02),4852,0.06560189964163188,7.065511193910046,4852,0.08725812714156556,8.895573682495295
2018,10,upper quarter of 4h range,112498,-0.05774082488523258,-15.090248783990427,112492,-0.061418500925489394,-16.1031894453284
2018,10,lower quarter of 4h range,94951,0.05535947468336966,14.428416770790617,94936,0.05780642117234536,15.218638858263496
2018,10,last 5 min up more than 2 sd,10302,-0.050444291838177,-7.132200646326683,10302,-0.0601750662657945,-8.238311148980287
2018,10,last 5 min down more than 2 sd,12191,0.023858435382203558,3.453283821071795,12183,0.03814379868817008,5.415077009919747
2018,10,last 15 min up more than 2 sd,8525,-0.0630736602308945,-6.051872967220407,8525,-0.07227703960325721,-6.887150824980903
2018,10,last 15 min down more than 2 sd,10843,0.03184417968996822,3.534840788893592,10839,0.04217624391239905,4.580135850262558
2018,10,4h return above +50 bp,143972,-0.03235828538733693,-9.41954913863725,143962,-0.03257236977998751,-9.631694286919014
2018,10,4h return below -50 bp,145853,0.022370111561168693,6.5756343661104,145825,0.021779202666202035,6.545369182402494
2018,10,previous window up,256184,-0.04555879619924391,-15.797174578727303,256157,-0.05503398730337483,-19.50657759284552
2018,10,previous window down,252431,0.04555879619924391,15.797174578727267,252397,0.05503398730337483,19.506577592845474
2018,10,two windows up in a row,122496,-0.05219444770033743,-16.80768981065812,122480,-0.058673436672609935,-19.036323388688007
2018,10,two windows down in a row,118744,0.05348247640020937,17.07208296148428,118728,0.05840598022777266,19.095957874741494
2018,10,three windows up in a row,56082,-0.06315336042850178,-16.149440008070343,56073,-0.06922214766312351,-17.59389251752996
2018,10,three windows down in a row,53198,0.05873312542261988,15.418343851776756,53189,0.06095696216006735,16.148264671468333
2018,10,RSI14 above 70,16722,-0.0989914323247128,-13.980998136953659,16720,-0.10896456842238345,-15.599377184808217
2018,10,RSI14 below 30,19061,0.06683014691242761,10.78840881402735,19053,0.08079166990893294,12.937997174539241
2018,10,RSI60 above 65,2865,-0.04259057833173302,-2.5438709845595953,2865,-0.05337676296066707,-3.0677955941318418
2018,10,RSI60 below 35,3434,0.03506972111993578,2.096914372217221,3434,0.05029442942244622,3.115757562138532
2018,10,MACD histogram positive,253859,-0.022356789680518907,-7.83181101580667,253838,-0.03434271727441984,-11.968595003375457
2018,10,MACD histogram negative,254756,0.022356789680518907,7.83181101580667,254716,0.03434271727441984,11.96859500337548
2018,10,above upper Bollinger band,25268,-0.05872712217186671,-12.742925152524503,25264,-0.07778013127144906,-17.393407594881044
2018,10,below lower Bollinger band,27429,0.042914542004997,9.557111649027446,27420,0.05938817374004968,13.561337243258468
2018,10,EMA9 above EMA21 by 10 bp,59075,-0.06674795080412377,-13.8276648856404,59065,-0.07238250810018032,-15.451548703472785
2018,10,EMA9 below EMA21 by 10 bp,62559,0.05253409259159936,11.191604074187635,62545,0.056069678695823744,12.020032281785001
2018,10,ADX14 above 30 (trending),145867,0.0025861220293349474,0.7831695291453681,145852,0.0024093797983559817,0.7439752440093469
2018,10,ADX14 below 15 (ranging),57119,0.0055935534865932945,1.1076365043486132,57109,0.003594233826584081,0.7111017086578585
2018,10,taker buying 60 pct+ of last 15 min,104560,-0.01997729144080379,-5.806716914091043,104550,-0.023820367021381406,-6.792769814775883
2018,10,taker selling 60 pct+ of last 15 min,51780,0.023136319023880803,4.987019705007995,51769,0.029104997121666365,6.246158393955098
2018,10,volume last 5 min 3x the daily average,16363,0.0036116915165923524,0.5969552544839423,16357,0.004128428251289673,0.6696934896383951
2018,10,trade count last 5 min 3x average,12071,0.008691418636272541,1.2434871227990671,12069,0.011725175185130943,1.6190512463751443
2018,10,OBV rising over 60 min,16716,-0.051642503417299424,-6.170776289956806,16716,-0.05486439898309914,-6.900066288499173
2018,10,OBV falling over 60 min,25698,0.04311045657085033,6.8470722636539,25688,0.047782095058310214,7.684938189770795
2018,10,price 30 bp+ above 60-min VWAP,77510,-0.06648962654171142,-14.298080955908475,77499,-0.07447884806197097,-16.043799335105792
2018,10,price 30 bp+ below 60-min VWAP,75267,0.05645396795290347,12.063504205536256,75257,0.06272531541229237,13.536987010613219
2018,10,high volatility (vol60 in top decile),14238,0.0009549836000399825,0.09996225943228108,14228,-0.0013247697821177074,-0.13127632823397975
2018,10,low volatility (vol60 in bottom decile),297998,-0.0017177801250706226,-0.5454070618300062,297957,0.001499129904480867,0.4932193315037391
2018,10,weekend,146250,0.0050752912991706145,1.546086818195546,146250,0.007002549155490367,2.165767398449155
2018,10,US afternoon (14-17 UTC),85095,-0.00043339747862414235,-0.11399086747843305,85095,-1.4695021929744811e-05,-0.0039898249872019065
2018,10,Asia early (0-3 UTC),84478,-0.008906672384499714,-2.181076012892433,84428,-0.006336324325864007,-1.589077105688182
2018,10,sweep: RSI14 < 20,2859,0.016423981341556315,1.0767678481394116,2859,0.03551536249754328,2.259936856690105
2018,10,sweep: RSI14 < 25,7675,0.05293129827975518,5.511524777004108,7671,0.06836374674487555,6.9864667971529775
2018,10,sweep: RSI14 < 30,19061,0.06683014691242761,10.78840881402735,19053,0.08079166990893294,12.937997174539241
2018,10,sweep: RSI14 < 35,42172,0.07030528061088637,15.92604146873521,42158,0.08552602054941533,19.384436253614325
2018,10,sweep: RSI14 > 65,40493,-0.09036692066320806,-18.457929452334245,40488,-0.10175349082580276,-20.510862702551552
2018,10,sweep: RSI14 > 70,16722,-0.0989914323247128,-13.980998136953659,16720,-0.10896456842238345,-15.599377184808217
2018,10,sweep: RSI14 > 75,6262,-0.09831238725848401,-9.228724356842768,6262,-0.10668412572939395,-10.053382848066342
2018,10,sweep: RSI14 > 80,2190,-0.05448610920448488,-3.365929932735329,2190,-0.07710457461809644,-4.476405888015213
2018,10,sweep: RSI60 < 35,3434,0.03506972111993578,2.096914372217221,3434,0.05029442942244622,3.115757562138532
2018,10,sweep: RSI60 < 40,17141,0.0546213696414477,7.756828118201392,17136,0.060626951841747934,8.433410057258325
2018,10,sweep: RSI60 < 45,73946,0.05973135478999708,14.517564314474615,73930,0.06513205203244887,16.31122449590163
2018,10,sweep: RSI60 > 55,72273,-0.07658106919533147,-17.0472468041341,72270,-0.08082851090643678,-18.4204912578874
2018,10,sweep: RSI60 > 60,13725,-0.08416447422346734,-9.148462719407357,13725,-0.09002635750737403,-9.946873019442096
2018,10,sweep: RSI60 > 65,2865,-0.04259057833173302,-2.5438709845595953,2865,-0.05337676296066707,-3.0677955941318418
2018,10,sweep: range position < 0.05,10867,0.06702681062863358,8.756907693967939,10867,0.08324213933098712,10.297025890667696
2018,10,sweep: range position > 0.95,12590,-0.08905109680738676,-11.389592470587985,12590,-0.10457423121662046,-13.290172022249772
2018,10,sweep: range position < 0.1,24496,0.07039144999840252,11.158772453787646,24495,0.07848926707244863,11.967217670874978
2018,10,sweep: range position > 0.90,29226,-0.08029759011470033,-13.203996727807311,29226,-0.09063091522204864,-14.751212263828032
2018,10,sweep: range position < 0.15,44117,0.06544660015461468,12.143926931569487,44115,0.06977878264159959,12.943114247949584
2018,10,sweep: range position > 0.85,52975,-0.07606443994329326,-15.508981539407959,52974,-0.08252435981021505,-16.882204920435967
2018,10,sweep: 5-min move > +1.5 sd,25229,-0.05665803113210294,-11.657659121303281,25223,-0.06614839519012627,-13.72831947243772
2018,10,sweep: 5-min move < -1.5 sd,27588,0.036464278635260916,7.673889575096182,27578,0.05186697230992798,10.7315007965733
2018,10,sweep: 15-min move > +1.5 sd,22101,-0.06804469669988056,-9.99042836805379,22097,-0.077344461985561,-11.520602800101608
2018,10,sweep: 15-min move < -1.5 sd,25784,0.04630867754323065,7.931784690927255,25773,0.05556476604560079,9.515003224228957
2018,10,sweep: 5-min move > +2 sd,10302,-0.050444291838177,-7.132200646326683,10302,-0.0601750662657945,-8.238311148980287
2018,10,sweep: 5-min move < -2 sd,12191,0.023858435382203558,3.453283821071795,12183,0.03814379868817008,5.415077009919747
2018,10,sweep: 15-min move > +2 sd,8525,-0.0630736602308945,-6.051872967220407,8525,-0.07227703960325721,-6.887150824980903
2018,10,sweep: 15-min move < -2 sd,10843,0.03184417968996822,3.534840788893592,10839,0.04217624391239905,4.580135850262558
2018,10,sweep: 5-min move > +2.5 sd,4674,-0.03777517816805842,-3.5405824973348157,4674,-0.05609063907976536,-5.1524545194619895
2018,10,sweep: 5-min move < -2.5 sd,5773,-0.0007642539366263801,-0.07918332689800368,5771,0.017731237579871717,1.796233097262885
2018,10,sweep: 15-min move > +2.5 sd,3382,-0.023857850747676212,-1.536961927997351,3382,-0.038455274817067564,-2.448918208148121
2018,10,sweep: 15-min move < -2.5 sd,4502,0.007806075098298337,0.5357309823376899,4502,0.018626947704474706,1.2424316379836626
2018,10,sweep: 5-min move > +3 sd,2358,-0.02196928166790174,-1.5422864504307177,2358,-0.043026389500395,-2.94663613144635
2018,10,sweep: 5-min move < -3 sd,2872,-0.02096308775124789,-1.5964872610300807,2872,0.001541263631622325,0.11476959669871308
2018,10,sweep: 15-min move > +3 sd,1433,-0.009041224661247682,-0.4186072903724332,1433,-0.020143288166416806,-0.8796486858185294
2018,10,sweep: 15-min move < -3 sd,1834,-0.019818451172827767,-0.9227114640183354,1834,-0.007290355678567784,-0.3401492031939438
2018,10,sweep: 4h return > +25 bp,191255,-0.031903604250767825,-9.831990072657213,191245,-0.031909248889871455,-9.94059014809105
2018,10,sweep: 4h return < -25 bp,189068,0.025019968880090948,8.120420109215894,189037,0.024716999821466967,8.078524791938136
2018,10,sweep: 4h return > +50 bp,143972,-0.03235828538733693,-9.41954913863725,143962,-0.03257236977998751,-9.631694286919014
2018,10,sweep: 4h return < -50 bp,145853,0.022370111561168693,6.5756343661104,145825,0.021779202666202035,6.545369182402494
2018,10,sweep: 4h return > +100 bp,88121,-0.028087426204289334,-7.081391332064567,88111,-0.03038464504171262,-7.7724435370463985
2018,10,sweep: 4h return < -100 bp,96967,0.01408131221290465,3.823311553587901,96947,0.014321086404856076,3.9294845767992466
2018,10,sweep: taker buy share > 0.1 (15 min),195591,-0.02199547025708004,-7.156419277077745,195573,-0.02637545341214781,-8.556865798621805
2018,10,sweep: taker sell share > 0.1 (15 min),112031,0.025501003953343926,7.357564182176743,112019,0.031886372865788715,8.959615427813578
2018,10,sweep: taker buy share > 0.2 (15 min),104560,-0.01997729144080379,-5.806716914091043,104550,-0.023820367021381406,-6.792769814775883
2018,10,sweep: taker sell share > 0.2 (15 min),51780,0.023136319023880803,4.987019705007995,51769,0.029104997121666365,6.246158393955098
2018,10,sweep: taker buy share > 0.3 (15 min),45807,-0.01786659398372381,-3.6070310354655453,45806,-0.022524690193644725,-4.510006807764621
2018,10,sweep: taker sell share > 0.3 (15 min),19970,0.007794165232028694,1.0618180251447045,19961,0.01611456745485529,2.2664425859332344
2018,10,sweep: price > VWAP60 + 15 bp,138865,-0.06065885831348794,-17.668601331289725,138844,-0.06858472128046533,-20.283822507088605
2018,10,sweep: price < VWAP60 - 15 bp,130764,0.05909941748845571,16.669276312887746,130738,0.0652277813015184,18.763918945169696
2018,10,sweep: price > VWAP60 + 30 bp,77510,-0.06648962654171142,-14.298080955908475,77499,-0.07447884806197097,-16.043799335105792
2018,10,sweep: price < VWAP60 - 30 bp,75267,0.05645396795290347,12.063504205536256,75257,0.06272531541229237,13.536987010613219
2018,10,sweep: price > VWAP60 + 50 bp,40768,-0.06174981213794556,-10.467792097713772,40758,-0.0683668991629729,-11.702532404660765
2018,10,sweep: price < VWAP60 - 50 bp,41587,0.048634769941697464,8.25959518956882,41583,0.05536858695944169,9.327304070797526
2018,10,sweep: previous window up,256184,-0.04555879619924391,-15.797174578727303,256157,-0.05503398730337483,-19.50657759284552
2018,10,sweep: previous window down,252431,0.04555879619924391,15.797174578727267,252397,0.05503398730337483,19.506577592845474
2018,10,sweep: two windows up,122496,-0.05219444770033743,-16.80768981065812,122480,-0.058673436672609935,-19.036323388688007
2018,10,sweep: two windows down,118744,0.05348247640020937,17.07208296148428,118728,0.05840598022777266,19.095957874741494
2018,10,sweep: MACD hist > 0,253859,-0.022356789680518907,-7.83181101580667,253838,-0.03434271727441984,-11.968595003375457
2018,10,sweep: MACD hist < 0,254756,0.022356789680518907,7.83181101580667,254716,0.03434271727441984,11.96859500337548
2018,10,sweep: OBV rising,16716,-0.051642503417299424,-6.170776289956806,16716,-0.05486439898309914,-6.900066288499173
2018,10,sweep: OBV falling,25698,0.04311045657085033,6.8470722636539,25688,0.047782095058310214,7.684938189770795
2018,10,sweep: EMA9 > EMA21 + 10 bp,59075,-0.06674795080412377,-13.8276648856404,59065,-0.07238250810018032,-15.451548703472785
2018,10,sweep: EMA9 < EMA21 - 10 bp,62559,0.05253409259159936,11.191604074187635,62545,0.056069678695823744,12.020032281785001
2018,10,sweep: larger trades than usual (size5 > 1.2),108773,-0.0018919587916421676,-0.6548072633132423,108747,-0.0006698241418988671,-0.2271354073535034
2018,10,sweep: more trades than usual (nratio5 > 1.5),63469,-0.0010050478770394777,-0.25598693425698577,63459,0.0009891074343844064,0.2576660130630268
2018,15,price at 4h high (rangepos >= 0.98),5445,-0.09234615407884067,-8.87491436091315,5445,-0.10971446536592017,-10.916847495582637
2018,15,price at 4h low (rangepos <= 0.02),4852,0.06556806429520401,6.703396939725696,4852,0.0853464017238873,8.59620665192051
2018,15,upper quarter of 4h range,112493,-0.07027308888941763,-15.561827307583824,112483,-0.07318908695674392,-16.39916792006624
2018,15,lower quarter of 4h range,94951,0.06170611807675758,13.355372282424202,94929,0.06247391341272973,13.708773565377761
2018,15,last 5 min up more than 2 sd,10302,-0.042688195934833806,-5.678354250675345,10302,-0.04838655967311445,-6.157981529396839
2018,15,last 5 min down more than 2 sd,12191,0.004617297614759819,0.6375796061871334,12182,0.014722594717903492,1.9315451019947403
2018,15,last 15 min up more than 2 sd,8525,-0.044290423707148696,-3.768011544127045,8525,-0.045089901078812944,-3.839765618417155
2018,15,last 15 min down more than 2 sd,10843,0.009127324468204856,0.9855132571554577,10839,0.015159974350364758,1.6068188928554157
2018,15,4h return above +50 bp,143967,-0.03928941216136439,-9.42314422836788,143952,-0.040625383395445025,-9.965144352123135
2018,15,4h return below -50 bp,145853,0.027820032928524474,6.768020672020911,145815,0.027656991477215787,6.897009767448393
2018,15,previous window up,256180,-0.05127682309944376,-16.80198775349682,256138,-0.05849309677160697,-19.019416219604768
2018,15,previous window down,252430,0.05127682309944376,16.80198775349685,252381,0.05849309677160697,19.01941621960483
2018,15,two windows up in a row,122496,-0.06045159032172015,-17.553694491259353,122475,-0.06581161387052686,-19.095184936610774
2018,15,two windows down in a row,118743,0.06265785684515562,17.584646230313346,118716,0.06726983909941181,19.056723949556787
2018,15,three windows up in a row,56082,-0.07286433505422002,-16.688403000421022,56070,-0.07793417936503155,-17.97868700940712
2018,15,three windows down in a row,53198,0.07158803432736421,15.935099382961427,53183,0.07413359171297979,16.879155647451952
2018,15,RSI14 above 70,16722,-0.0914414640255426,-12.207332906677584,16720,-0.10128875259372655,-13.35288548697596
2018,15,RSI14 below 30,19061,0.05034627895412447,7.795085133871578,19052,0.060245194552507764,9.101691927419326
2018,15,RSI60 above 65,2865,-0.03411964072078827,-1.7367171083040218,2865,-0.040411270194338766,-2.1474583540480214
2018,15,RSI60 below 35,3434,0.001869926158651447,0.1069604078211659,3434,0.00846526584680396,0.49059596098625985
2018,15,MACD histogram positive,253859,-0.018027316348433353,-5.900283266864275,253822,-0.027283690018876816,-8.870254121821205
2018,15,MACD histogram negative,254751,0.018027316348433353,5.900283266864285,254697,0.027283690018876816,8.870254121821175
2018,15,above upper Bollinger band,25268,-0.05554009356077505,-11.832950173180267,25264,-0.06986710897940362,-14.754989866275913
2018,15,below lower Bollinger band,27429,0.03760127151074344,8.393172261429738,27418,0.04893348220945515,10.750979590262284
2018,15,EMA9 above EMA21 by 10 bp,59075,-0.0628698461208147,-12.308085473878718,59060,-0.06581037421602698,-13.157986502923803
2018,15,EMA9 below EMA21 by 10 bp,62559,0.051116534412569525,9.735479790590198,62541,0.05366953958120424,10.311742453801148
2018,15,ADX14 above 30 (trending),145867,0.0027872309697364317,0.6991595368006032,145847,0.0019441352411619928,0.49233771408897764
2018,15,ADX14 below 15 (ranging),57119,-0.0005446039211712828,-0.09104193180753058,57105,-0.0013378796152810901,-0.2258394993773792
2018,15,taker buying 60 pct+ of last 15 min,104560,-0.02225453889923057,-5.361212837902189,104549,-0.025004191930323882,-6.039186978841339
2018,15,taker selling 60 pct+ of last 15 min,51776,0.020498857133154247,3.830183410897893,51760,0.026726635613659955,5.015664173023278
2018,15,volume last 5 min 3x the daily average,16363,-0.0009767844726392694,-0.13737931819007632,16357,-0.0003872938136534332,-0.05245329835339464
2018,15,trade count last 5 min 3x average,12071,0.0007260421495516312,0.09198235579419481,12069,0.004179851775679255,0.5177206689499977
2018,15,OBV rising over 60 min,16716,-0.060852603669362015,-5.984508680883975,16716,-0.05825868792870681,-5.88897269099347
2018,15,OBV falling over 60 min,25698,0.04570271664971526,6.119261973964372,25685,0.05271030456608439,7.263057548114247
2018,15,price 30 bp+ above 60-min VWAP,77510,-0.06643681387883565,-12.980099211367996,77493,-0.07203063015645511,-14.374583527609243
2018,15,price 30 bp+ below 60-min VWAP,75267,0.057295178337943065,11.498322539675899,75253,0.061037597458306836,12.239663241483845
2018,15,high volatility (vol60 in top decile),14238,0.0016572805615473474,0.15470296000415965,14223,0.001735784818515107,0.16001040870761898
2018,15,low volatility (vol60 in bottom decile),297993,-0.0010914989560656396,-0.28884538011437016,297932,0.0004787598953025496,0.129682774819355
2018,15,weekend,146250,0.005859134467965488,1.4687120952853148,146250,0.006778518460794358,1.755677031956696
2018,15,US afternoon (14-17 UTC),85095,-0.00038353316065831144,-0.08372731601447865,85095,-0.0014257181811628827,-0.31328433128650995
2018,15,Asia early (0-3 UTC),84478,-0.010823951571318158,-2.177063414123938,84403,-0.010920858146806989,-2.2420999705713647
2018,15,sweep: RSI14 < 20,2859,-0.019758263364885564,-1.2569621299082612,2859,-0.0074180894865436,-0.4611517154418812
2018,15,sweep: RSI14 < 25,7675,0.02395956174331848,2.418813337141404,7671,0.03392416010093868,3.312127661809702
2018,15,sweep: RSI14 < 30,19061,0.05034627895412447,7.795085133871578,19052,0.060245194552507764,9.101691927419326
2018,15,sweep: RSI14 < 35,42172,0.06266509499696721,13.478464423152719,42154,0.0721595606547838,14.903107015602632
2018,15,sweep: RSI14 > 65,40493,-0.08624546964417462,-16.238376155917624,40488,-0.09470412686372925,-17.399981744666945
2018,15,sweep: RSI14 > 70,16722,-0.0914414640255426,-12.207332906677584,16720,-0.10128875259372655,-13.35288548697596
2018,15,sweep: RSI14 > 75,6262,-0.08668435791413015,-7.8156531607546755,6262,-0.09159824668978561,-8.122720966883941
2018,15,sweep: RSI14 > 80,2190,-0.043217263848171206,-2.3950442090584754,2190,-0.04974540936623306,-2.6610030861685527
2018,15,sweep: RSI60 < 35,3434,0.001869926158651447,0.1069604078211659,3434,0.00846526584680396,0.49059596098625985
2018,15,sweep: RSI60 < 40,17141,0.04603779188714563,5.57556790071984,17136,0.05360228207949813,6.558184616746996
2018,15,sweep: RSI60 < 45,73946,0.06730799812690613,13.989077765430036,73928,0.07122747482939312,14.948252479535027
2018,15,sweep: RSI60 > 55,72273,-0.08848558764692749,-17.090650653793436,72269,-0.09477848269920863,-18.370784865254425
2018,15,sweep: RSI60 > 60,13725,-0.08468463419028022,-8.433063557453295,13725,-0.08798033275469652,-8.85105392755744
2018,15,sweep: RSI60 > 65,2865,-0.03411964072078827,-1.7367171083040218,2865,-0.040411270194338766,-2.1474583540480214
2018,15,sweep: range position < 0.05,10867,0.07247277475454728,8.765810367924793,10867,0.08403040137237205,10.167466046265028
2018,15,sweep: range position > 0.95,12590,-0.10104022298672971,-11.980842570600784,12590,-0.11365226011728397,-13.710569395901897
2018,15,sweep: range position < 0.1,24496,0.07811285232796561,11.478263984094987,24495,0.08538685022398651,12.406022191519114
2018,15,sweep: range position > 0.90,29226,-0.09445728367440831,-13.471851793247282,29226,-0.1010953751010032,-14.584634247281032
2018,15,sweep: range position < 0.15,44117,0.07240227585447218,12.090673887112697,44115,0.07612939978668015,12.850807660648885
2018,15,sweep: range position > 0.85,52975,-0.08873971109184275,-15.64817176333424,52974,-0.09303246939682885,-16.625265146632877
2018,15,sweep: 5-min move > +1.5 sd,25229,-0.044498549301973334,-8.569594247829677,25223,-0.0537577550420677,-10.078585334344853
2018,15,sweep: 5-min move < -1.5 sd,27588,0.027994805128216838,5.742156402261165,27573,0.034200026032212616,6.891909374330097
2018,15,sweep: 15-min move > +1.5 sd,22101,-0.05264338243449973,-7.225773339337339,22097,-0.05977463027472901,-8.153955838548558
2018,15,sweep: 15-min move < -1.5 sd,25784,0.028830716481670238,4.535537605328883,25773,0.03678214289022763,5.760374317857925
2018,15,sweep: 5-min move > +2 sd,10302,-0.042688195934833806,-5.678354250675345,10302,-0.04838655967311445,-6.157981529396839
2018,15,sweep: 5-min move < -2 sd,12191,0.004617297614759819,0.6375796061871334,12182,0.014722594717903492,1.9315451019947403
2018,15,sweep: 15-min move > +2 sd,8525,-0.044290423707148696,-3.768011544127045,8525,-0.045089901078812944,-3.839765618417155
2018,15,sweep: 15-min move < -2 sd,10843,0.009127324468204856,0.9855132571554577,10839,0.015159974350364758,1.6068188928554157
2018,15,sweep: 5-min move > +2.5 sd,4674,-0.028716022778911166,-2.589259709005305,4674,-0.040758730106601304,-3.5470315682251696
2018,15,sweep: 5-min move < -2.5 sd,5773,-0.01491464160225997,-1.447309064020876,5771,-0.0038566644548799767,-0.3630842533512401
2018,15,sweep: 15-min move > +2.5 sd,3382,-0.015881828425168,-0.8734391780626821,3382,-0.01720688880759591,-0.943501072690791
2018,15,sweep: 15-min move < -2.5 sd,4502,-0.02579532460901407,-1.7577529117720359,4502,-0.022118768713973336,-1.4857525903581723
2018,15,sweep: 5-min move > +3 sd,2358,-0.016233186478846917,-1.1050463466254847,2358,-0.026631905276415624,-1.706194155842472
2018,15,sweep: 5-min move < -3 sd,2872,-0.03492494644000277,-2.56435137624105,2872,-0.027197147395036314,-1.9539793335288582
2018,15,sweep: 15-min move > +3 sd,1433,0.004301281044820526,0.16702152979073961,1433,0.01237536716877996,0.4674496220573599
2018,15,sweep: 15-min move < -3 sd,1834,-0.07300666600687677,-3.398388446197356,1834,-0.06582250490871622,-3.041060018262638
2018,15,sweep: 4h return > +25 bp,191250,-0.038131440429293284,-9.796950924562902,191235,-0.03831766111129353,-10.122996532391648
2018,15,sweep: 4h return < -25 bp,189068,0.032645342264814525,8.77505672270177,189017,0.03228914943303507,8.878506531629261
2018,15,sweep: 4h return > +50 bp,143967,-0.03928941216136439,-9.42314422836788,143952,-0.040625383395445025,-9.965144352123135
2018,15,sweep: 4h return < -50 bp,145853,0.027820032928524474,6.768020672020911,145815,0.027656991477215787,6.897009767448393
2018,15,sweep: 4h return > +100 bp,88119,-0.033351109122595424,-6.82924625222511,88104,-0.035050122845899756,-7.42923574124661
2018,15,sweep: 4h return < -100 bp,96967,0.01958330871163194,4.252765744955798,96937,0.019336726147255012,4.306932719024312
2018,15,sweep: taker buy share > 0.1 (15 min),195591,-0.02101940410667702,-5.907427782174096,195563,-0.025114436456487144,-7.1162246797530875
2018,15,sweep: taker sell share > 0.1 (15 min),112027,0.026280148480371968,6.464987268532003,112010,0.031073507941100587,7.737344062441711
2018,15,sweep: taker buy share > 0.2 (15 min),104560,-0.02225453889923057,-5.361212837902189,104549,-0.025004191930323882,-6.039186978841339
2018,15,sweep: taker sell share > 0.2 (15 min),51776,0.020498857133154247,3.830183410897893,51760,0.026726635613659955,5.015664173023278
2018,15,sweep: taker buy share > 0.3 (15 min),45807,-0.02239759117014478,-3.9872868230037923,45806,-0.025475257560499676,-4.542676782984479
2018,15,sweep: taker sell share > 0.3 (15 min),19966,0.004876486505477118,0.5768278408077594,19957,0.010312048647847516,1.2469822942471869
2018,15,sweep: price > VWAP60 + 15 bp,138865,-0.06506236176572389,-16.30935263999616,138833,-0.07199697502783703,-18.167997606670227
2018,15,sweep: price < VWAP60 - 15 bp,130764,0.06445005479868332,16.003284759603943,130731,0.06925505453274022,17.265723336919514
2018,15,sweep: price > VWAP60 + 30 bp,77510,-0.06643681387883565,-12.980099211367996,77493,-0.07203063015645511,-14.374583527609243
2018,15,sweep: price < VWAP60 - 30 bp,75267,0.057295178337943065,11.498322539675899,75253,0.061037597458306836,12.239663241483845
2018,15,sweep: price > VWAP60 + 50 bp,40768,-0.061045160109435115,-9.850296633457209,40753,-0.06541514908532442,-10.883138950616772
2018,15,sweep: price < VWAP60 - 50 bp,41587,0.04493960882599657,7.240074129559228,41583,0.0481547049959451,7.712655484316898
2018,15,sweep: previous window up,256180,-0.05127682309944376,-16.80198775349682,256138,-0.05849309677160697,-19.019416219604768
2018,15,sweep: previous window down,252430,0.05127682309944376,16.80198775349685,252381,0.05849309677160697,19.01941621960483
2018,15,sweep: two windows up,122496,-0.06045159032172015,-17.553694491259353,122475,-0.06581161387052686,-19.095184936610774
2018,15,sweep: two windows down,118743,0.06265785684515562,17.584646230313346,118716,0.06726983909941181,19.056723949556787
2018,15,sweep: MACD hist > 0,253859,-0.018027316348433353,-5.900283266864275,253822,-0.027283690018876816,-8.870254121821205
2018,15,sweep: MACD hist < 0,254751,0.018027316348433353,5.900283266864285,254697,0.027283690018876816,8.870254121821175
2018,15,sweep: OBV rising,16716,-0.060852603669362015,-5.984508680883975,16716,-0.05825868792870681,-5.88897269099347
2018,15,sweep: OBV falling,25698,0.04570271664971526,6.119261973964372,25685,0.05271030456608439,7.263057548114247
2018,15,sweep: EMA9 > EMA21 + 10 bp,59075,-0.0628698461208147,-12.308085473878718,59060,-0.06581037421602698,-13.157986502923803
2018,15,sweep: EMA9 < EMA21 - 10 bp,62559,0.051116534412569525,9.735479790590198,62541,0.05366953958120424,10.311742453801148
2018,15,sweep: larger trades than usual (size5 > 1.2),108769,-0.0027326353082119947,-0.8166540197614518,108734,-0.0009469734665739082,-0.2858211399307487
2018,15,sweep: more trades than usual (nratio5 > 1.5),63469,-0.0004356466809738446,-0.0954182982536966,63459,0.0012619565583413817,0.2723053112110574
2018,30,price at 4h high (rangepos >= 0.98),5445,-0.11829575967091432,-10.557957464097893,5445,-0.13241193261812645,-11.926870685065685
2018,30,price at 4h low (rangepos <= 0.02),4852,0.07461991305551607,7.041990815242265,4852,0.09294758992665852,8.62547840818008
2018,30,upper quarter of 4h range,112492,-0.09719914260181722,-16.36725899183154,112467,-0.09943633437142779,-16.893293680302293
2018,30,lower quarter of 4h range,94951,0.08301497730100643,14.389429742912316,94909,0.08532015727828196,14.79567403774451
2018,30,last 5 min up more than 2 sd,10302,-0.024289236986424823,-3.1026272467707825,10302,-0.03151819460927058,-3.870752860777421
2018,30,last 5 min down more than 2 sd,12190,0.007485967667827054,1.0536755515840899,12181,0.012054069112543253,1.6377805553165468
2018,30,last 15 min up more than 2 sd,8525,-0.012728890096149081,-1.0153831774805544,8525,-0.016978936244667453,-1.3500644226142964
2018,30,last 15 min down more than 2 sd,10843,-0.009480555778633215,-0.9106278570438754,10839,-0.006847810089099182,-0.6282294832926238
2018,30,4h return above +50 bp,143967,-0.05690888127499377,-10.440287892925276,143937,-0.05814700301636083,-10.633186678256111
2018,30,4h return below -50 bp,145839,0.04184315680713996,7.429862202721299,145766,0.041970102058581205,7.478897659264981
2018,30,previous window up,256180,-0.05695990588360417,-18.21459455918794,256096,-0.06429872021072697,-20.00088568659486
2018,30,previous window down,252415,0.05695990588360417,18.214594559188015,252318,0.06429872021072697,20.000885686595108
2018,30,two windows up in a row,122496,-0.07262598074849608,-17.88286717866104,122447,-0.0775752501160274,-18.645692137675166
2018,30,two windows down in a row,118742,0.07204749196175181,18.467854483694328,118693,0.07729952198363543,19.81646375848917
2018,30,three windows up in a row,56082,-0.09283254590888457,-17.426954043566674,56061,-0.09661661062766314,-17.819149974632847
2018,30,three windows down in a row,53198,0.08298531832656514,16.270776885755605,53164,0.08728151576477722,16.958010295426202
2018,30,RSI14 above 70,16722,-0.08205419154677968,-10.116640566948059,16720,-0.08961992115413592,-10.912287252440606
2018,30,RSI14 below 30,19061,0.05545642020931019,7.589932144001854,19052,0.059950531226927395,8.051494586986204
2018,30,RSI60 above 65,2865,-0.015585829672925544,-0.6542651976867788,2865,-0.015777376670223497,-0.6690003042767311
2018,30,RSI60 below 35,3434,-0.03373184724605183,-1.6773128913353557,3434,-0.03157817329843221,-1.5536142199585417
2018,30,MACD histogram positive,253859,-0.012092572330313578,-3.85753041773621,253779,-0.018499118014442928,-5.882166253465242
2018,30,MACD histogram negative,254736,0.012092572330313578,3.857530417736205,254635,0.018499118014442928,5.882166253465273
2018,30,above upper Bollinger band,25268,-0.059816212390348955,-12.373479808515741,25257,-0.06885072501036599,-13.912668162497168
2018,30,below lower Bollinger band,27427,0.04668592898042967,10.422192208547045,27415,0.05730374034443575,12.632808513266147
2018,30,EMA9 above EMA21 by 10 bp,59075,-0.06472470884822873,-11.03643287823556,59051,-0.06808575434068431,-11.510001641131417
2018,30,EMA9 below EMA21 by 10 bp,62559,0.05453656644593252,8.78740832126085,62538,0.056300734247011874,8.997644670556038
2018,30,ADX14 above 30 (trending),145854,-4.89377766489385e-05,-0.010079590049928791,145812,0.0006293444628381328,0.13064996816720048
2018,30,ADX14 below 15 (ranging),57119,-0.0021934461474414357,-0.3141045395839756,57092,-0.004190773595360575,-0.5985826678117762
2018,30,taker buying 60 pct+ of last 15 min,104560,-0.02679655009642634,-5.535811611603327,104531,-0.028649379831370503,-5.77820477237016
2018,30,taker selling 60 pct+ of last 15 min,51766,0.022954888834234466,3.570608424907186,51741,0.02735139423970767,4.232898497395465
2018,30,volume last 5 min 3x the daily average,16363,0.007648272439182646,0.9548638438785821,16357,0.005814700509838011,0.7063867920214383
2018,30,trade count last 5 min 3x average,12071,0.006146625299816688,0.6945816111165123,12069,0.0012010322593798417,0.13205600195932837
2018,30,OBV rising over 60 min,16716,-0.06612110128651161,-5.03267183915204,16716,-0.06724666216679642,-5.109070554867987
2018,30,OBV falling over 60 min,25698,0.05907970407943153,6.30907702691908,25685,0.06135223888569685,6.492438483344889
2018,30,price 30 bp+ above 60-min VWAP,77510,-0.07288685558079433,-12.528374253657947,77465,-0.0782249606783132,-13.27907424253249
2018,30,price 30 bp+ below 60-min VWAP,75267,0.06487599505089381,10.783530193762541,75250,0.06717395245264923,10.887653015723998
2018,30,high volatility (vol60 in top decile),14238,0.01713406845236176,1.0496999117420895,14208,0.015034345814615158,0.9066141300179927
2018,30,low volatility (vol60 in bottom decile),297978,-3.9911482393462094e-05,-0.00756685825951433,297871,0.0008563209332264066,0.16158148483813625
2018,30,weekend,146250,0.009444042291941401,1.7013611836784561,146250,0.008448552891512473,1.5163467837106208
2018,30,US afternoon (14-17 UTC),85095,0.0028321924804786125,0.4284550663384374,85095,0.0016580491182633939,0.25457758032549166
2018,30,Asia early (0-3 UTC),84478,-0.009557893840524412,-1.37949021114696,84334,-0.00897472175061309,-1.30448418058796
2018,30,sweep: RSI14 < 20,2859,-0.01912045565908682,-1.0860460223263724,2859,-0.011221741976546185,-0.6300796293820561
2018,30,sweep: RSI14 < 25,7675,0.024672830005818547,2.3299511648452778,7671,0.03164348098110903,2.8773513659856973
2018,30,sweep: RSI14 < 30,19061,0.05545642020931019,7.589932144001854,19052,0.059950531226927395,8.051494586986204
2018,30,sweep: RSI14 < 35,42171,0.0666550214379854,12.382912047192107,42149,0.07375479987200284,13.422087079297675
2018,30,sweep: RSI14 > 65,40493,-0.08730890562542204,-15.08617627903722,40485,-0.09378585781756327,-16.036793905394525
2018,30,sweep: RSI14 > 70,16722,-0.08205419154677968,-10.116640566948059,16720,-0.08961992115413592,-10.912287252440606
2018,30,sweep: RSI14 > 75,6262,-0.0651077581426972,-5.443608667206598,6262,-0.07047477239564237,-5.880879705861015
2018,30,sweep: RSI14 > 80,2190,-0.01191309643106514,-0.6717069069277798,2190,-0.03136542438447665,-1.6911215213451483
2018,30,sweep: RSI60 < 35,3434,-0.03373184724605183,-1.6773128913353557,3434,-0.03157817329843221,-1.5536142199585417
2018,30,sweep: RSI60 < 40,17141,0.04077968735673654,4.122461729888793,17136,0.0431030772884361,4.355918457953662
2018,30,sweep: RSI60 < 45,73946,0.0880218173285745,14.741490730770424,73920,0.0911097499425963,15.232986020311806
2018,30,sweep: RSI60 > 55,72273,-0.11724917835567694,-18.408060657921443,72254,-0.12122017571510024,-19.183252630366688
2018,30,sweep: RSI60 > 60,13725,-0.08878068730162358,-7.69354216031008,13711,-0.09198102697202665,-8.15555262114214
2018,30,sweep: RSI60 > 65,2865,-0.015585829672925544,-0.6542651976867788,2865,-0.015777376670223497,-0.6690003042767311
2018,30,sweep: range position < 0.05,10867,0.09282902295737727,11.291989324461388,10867,0.1030726539192851,11.924369137062355
2018,30,sweep: range position > 0.95,12590,-0.13494098546352795,-14.039712430418227,12586,-0.14324244393679464,-14.999323724305853
2018,30,sweep: range position < 0.1,24496,0.09758407768909305,12.980381229847836,24491,0.10270411521886502,13.435961577636569
2018,30,sweep: range position > 0.90,29226,-0.1255772749169241,-15.228935402719525,29212,-0.13211809117229945,-15.976678342079328
2018,30,sweep: range position < 0.15,44117,0.09120440695388765,13.056158879393042,44110,0.09457562470367342,13.42517454028243
2018,30,sweep: range position > 0.85,52975,-0.11652582909857628,-16.30971259238372,52959,-0.12024977617589278,-16.762056567067507
2018,30,sweep: 5-min move > +1.5 sd,25229,-0.028800340845515138,-5.662972208277844,25222,-0.03507659414981562,-6.643413467899217
2018,30,sweep: 5-min move < -1.5 sd,27584,0.021724903657942773,4.399182435264408,27567,0.027006955242176556,5.301279386688965
2018,30,sweep: 15-min move > +1.5 sd,22101,-0.03787687086192937,-4.78546702232083,22097,-0.042292441338779685,-5.3629599235765815
2018,30,sweep: 15-min move < -1.5 sd,25784,0.027613471215976015,3.912273453440643,25772,0.03196612413881439,4.30169164772815
2018,30,sweep: 5-min move > +2 sd,10302,-0.024289236986424823,-3.1026272467707825,10302,-0.03151819460927058,-3.870752860777421
2018,30,sweep: 5-min move < -2 sd,12190,0.007485967667827054,1.0536755515840899,12181,0.012054069112543253,1.6377805553165468
2018,30,sweep: 15-min move > +2 sd,8525,-0.012728890096149081,-1.0153831774805544,8525,-0.016978936244667453,-1.3500644226142964
2018,30,sweep: 15-min move < -2 sd,10843,-0.009480555778633215,-0.9106278570438754,10839,-0.006847810089099182,-0.6282294832926238
2018,30,sweep: 5-min move > +2.5 sd,4674,-0.008874794957642596,-0.7201226467741846,4674,-0.014465394059962555,-1.1505433831148053
2018,30,sweep: 5-min move < -2.5 sd,5773,-0.00799258222690219,-0.7774979307246301,5771,-0.006607991315418338,-0.6394587101378334
2018,30,sweep: 15-min move > +2.5 sd,3382,0.029863371865181954,1.5266187147646904,3382,0.02044417530758147,1.0268787262782342
2018,30,sweep: 15-min move < -2.5 sd,4502,-0.04770005202979272,-2.9077749035211635,4502,-0.05013342115067804,-3.020469321816036
2018,30,sweep: 5-min move > +3 sd,2358,0.013121480414128417,0.8226781967033601,2358,0.003982828681302064,0.23733080179832974
2018,30,sweep: 5-min move < -3 sd,2872,-0.037801530506336944,-2.6938427885240936,2872,-0.0334409477771776,-2.3026876692110783
2018,30,sweep: 15-min move > +3 sd,1433,0.07071244088648387,2.62639673711334,1433,0.05372611740035649,1.8926146130312549
2018,30,sweep: 15-min move < -3 sd,1834,-0.10637054731740742,-4.48075260840901,1834,-0.10492011927828043,-4.315640646245581
2018,30,sweep: 4h return > +25 bp,191249,-0.05772737719527088,-11.379183312938167,191219,-0.058180883015770624,-11.526323219511266
2018,30,sweep: 4h return < -25 bp,189054,0.049636131944502004,9.63572307902472,188950,0.049596896944483104,9.699169038606472
2018,30,sweep: 4h return > +50 bp,143967,-0.05690888127499377,-10.440287892925276,143937,-0.05814700301636083,-10.633186678256111
2018,30,sweep: 4h return < -50 bp,145839,0.04184315680713996,7.429862202721299,145766,0.041970102058581205,7.478897659264981
2018,30,sweep: 4h return > +100 bp,88119,-0.04808931153023205,-7.722483913882822,88089,-0.04901974945980486,-7.797219074658206
2018,30,sweep: 4h return < -100 bp,96958,0.03413402158783896,5.325344860823184,96898,0.03431860049751756,5.364375327393799
2018,30,sweep: taker buy share > 0.1 (15 min),195591,-0.02967003715487887,-7.126452218020244,195535,-0.031282286758184674,-7.367249007992367
2018,30,sweep: taker sell share > 0.1 (15 min),112017,0.027674813165583734,5.695866101552402,111985,0.0307399712324824,6.272349350848906
2018,30,sweep: taker buy share > 0.2 (15 min),104560,-0.02679655009642634,-5.535811611603327,104531,-0.028649379831370503,-5.77820477237016
2018,30,sweep: taker sell share > 0.2 (15 min),51766,0.022954888834234466,3.570608424907186,51741,0.02735139423970767,4.232898497395465
2018,30,sweep: taker buy share > 0.3 (15 min),45807,-0.02264055440070828,-3.2241787501088055,45792,-0.025074645276640162,-3.548303473214618
2018,30,sweep: taker sell share > 0.3 (15 min),19964,0.011175545949288823,1.1647449695594696,19955,0.014506552086936964,1.5179027563905105
2018,30,sweep: price > VWAP60 + 15 bp,138865,-0.07688576909574596,-16.345705664458848,138785,-0.08289841360492911,-17.353880234301784
2018,30,sweep: price < VWAP60 - 15 bp,130764,0.07691714272239164,15.553180407842914,130713,0.08130206451313915,15.985190665667345
2018,30,sweep: price > VWAP60 + 30 bp,77510,-0.07288685558079433,-12.528374253657947,77465,-0.0782249606783132,-13.27907424253249
2018,30,sweep: price < VWAP60 - 30 bp,75267,0.06487599505089381,10.783530193762541,75250,0.06717395245264923,10.887653015723998
2018,30,sweep: price > VWAP60 + 50 bp,40768,-0.06859783084497967,-9.343293552247705,40731,-0.07185923182177506,-9.57461145767499
2018,30,sweep: price < VWAP60 - 50 bp,41587,0.04740152844363954,6.276718471434089,41582,0.048262513887897374,6.267924078465244
2018,30,sweep: previous window up,256180,-0.05695990588360417,-18.21459455918794,256096,-0.06429872021072697,-20.00088568659486
2018,30,sweep: previous window down,252415,0.05695990588360417,18.214594559188015,252318,0.06429872021072697,20.000885686595108
2018,30,sweep: two windows up,122496,-0.07262598074849608,-17.88286717866104,122447,-0.0775752501160274,-18.645692137675166
2018,30,sweep: two windows down,118742,0.07204749196175181,18.467854483694328,118693,0.07729952198363543,19.81646375848917
2018,30,sweep: MACD hist > 0,253859,-0.012092572330313578,-3.85753041773621,253779,-0.018499118014442928,-5.882166253465242
2018,30,sweep: MACD hist < 0,254736,0.012092572330313578,3.857530417736205,254635,0.018499118014442928,5.882166253465273
2018,30,sweep: OBV rising,16716,-0.06612110128651161,-5.03267183915204,16716,-0.06724666216679642,-5.109070554867987
2018,30,sweep: OBV falling,25698,0.05907970407943153,6.30907702691908,25685,0.06135223888569685,6.492438483344889
2018,30,sweep: EMA9 > EMA21 + 10 bp,59075,-0.06472470884822873,-11.03643287823556,59051,-0.06808575434068431,-11.510001641131417
2018,30,sweep: EMA9 < EMA21 - 10 bp,62559,0.05453656644593252,8.78740832126085,62538,0.056300734247011874,8.997644670556038
2018,30,sweep: larger trades than usual (size5 > 1.2),108769,-0.0028539481669718203,-0.8186461034523557,108717,-0.002999413648229754,-0.854999089574893
2018,30,sweep: more trades than usual (nratio5 > 1.5),63469,0.005120860949143435,0.9892179164050203,63455,0.004780288381350251,0.914018211371639
2019,1,price at 4h high (rangepos >= 0.98),5569,-0.0002901089880299468,-0.03789353620673143,5569,0.0,0.0
2019,1,price at 4h low (rangepos <= 0.02),2312,0.07024381141672698,4.480574915596849,2249,0.0,0.0
2019,1,upper quarter of 4h range,116367,-0.011150216362408927,-6.054058753186758,116367,0.0,0.0
2019,1,lower quarter of 4h range,79115,0.014853121194103203,6.70493515089569,79038,0.0,0.0
2019,1,last 5 min up more than 2 sd,11464,-0.053893445153882225,-10.382151080003784,11464,0.0,0.0
2019,1,last 5 min down more than 2 sd,11432,0.07506711639307506,16.14722503773038,11432,0.0,0.0
2019,1,last 15 min up more than 2 sd,9253,-0.03860945426263218,-7.135461085443493,9253,0.0,0.0
2019,1,last 15 min down more than 2 sd,8369,0.06853730163666516,12.611881664028946,8369,0.0,0.0
2019,1,4h return above +50 bp,120870,-0.006213259781927105,-3.4636340232929244,120870,0.0,0.0
2019,1,4h return below -50 bp,111823,0.0032900455130544515,1.8471974393594497,111762,0.0,0.0
2019,1,previous window up,260631,-0.004404228298843127,-2.6519241391616086,260629,0.0,0.0
2019,1,previous window down,254141,0.004404228298843127,2.6519241391616117,254064,0.0,0.0
2019,1,two windows up in a row,124168,-0.003445955068345219,-1.9039466890401233,124167,0.0,0.0
2019,1,two windows down in a row,117695,0.006720648951807906,3.6728005632871894,117619,0.0,0.0
2019,1,three windows up in a row,56297,-0.008894659981739494,-3.916584419026067,56297,0.0,0.0
2019,1,three windows down in a row,51948,0.0072279511634427696,3.013944420324744,51877,0.0,0.0
2019,1,RSI14 above 70,16836,-0.03598555478497778,-7.9421997865037826,16836,0.0,0.0
2019,1,RSI14 below 30,14071,0.0718523774576012,16.223766122033187,14071,0.0,0.0
2019,1,RSI60 above 65,2468,-0.022891293955680625,-2.0471752182849405,2468,0.0,0.0
2019,1,RSI60 below 35,2184,0.05306949742441791,4.622873052632599,2184,0.0,0.0
2019,1,MACD histogram positive,257682,-0.00014923955117818188,-0.09383647469882862,257611,0.0,0.0
2019,1,MACD histogram negative,257090,0.00014923955117818188,0.09383647469882919,257082,0.0,0.0
2019,1,above upper Bollinger band,25694,-0.021346184393926382,-6.225003804080493,25694,0.0,0.0
2019,1,below lower Bollinger band,25892,0.04016992793827101,11.84412865144777,25892,0.0,0.0
2019,1,EMA9 above EMA21 by 10 bp,35945,-0.0242762124263049,-7.058190297435102,35945,0.0,0.0
2019,1,EMA9 below EMA21 by 10 bp,34345,0.026566336397118695,9.023318657546042,34332,0.0,0.0
2019,1,ADX14 above 30 (trending),131213,-0.001173955226118184,-0.7575518919688148,131138,0.0,0.0
2019,1,ADX14 below 15 (ranging),71664,0.005543264754182098,2.5771064734895583,71664,0.0,0.0
2019,1,taker buying 60 pct+ of last 15 min,84223,-0.0010779981400896865,-0.5652823934417586,84223,0.0,0.0
2019,1,taker selling 60 pct+ of last 15 min,38178,0.005798385348145918,2.0921222564058652,38175,0.0,0.0
2019,1,volume last 5 min 3x the daily average,20928,0.0037543597630294023,1.1435690748714595,20928,0.0,0.0
2019,1,trade count last 5 min 3x average,12199,0.0041300413396051505,0.9920908816837075,12199,0.0,0.0
2019,1,OBV rising over 60 min,17583,-0.012945353766076417,-3.094835023065142,17582,0.0,0.0
2019,1,OBV falling over 60 min,24495,0.016216333971458163,5.472680242109931,24485,0.0,0.0
2019,1,price 30 bp+ above 60-min VWAP,50506,-0.021670414403535232,-7.272284865156303,50492,0.0,0.0
2019,1,price 30 bp+ below 60-min VWAP,42886,0.03390259058411149,11.249686508088333,42845,0.0,0.0
2019,1,high volatility (vol60 in top decile),18568,0.0010045290124399697,0.2604626908006533,18567,0.0,0.0
2019,1,low volatility (vol60 in bottom decile),91140,0.0085421731543881,3.907108345310291,91115,0.0,0.0
2019,1,weekend,148365,0.0015375003517474894,0.7977607983128207,148365,0.0,0.0
2019,1,US afternoon (14-17 UTC),86160,0.0015388870794450504,0.8565895212674128,86160,0.0,0.0
2019,1,Asia early (0-3 UTC),85625,-0.004973463396809041,-2.7650099138183664,85620,0.0,0.0
2019,1,sweep: RSI14 < 20,1570,0.10283015910324178,7.9772837108887815,1570,0.0,0.0
2019,1,sweep: RSI14 < 25,4883,0.10262321705064925,14.054987641431941,4883,0.0,0.0
2019,1,sweep: RSI14 < 30,14071,0.0718523774576012,16.223766122033187,14071,0.0,0.0
2019,1,sweep: RSI14 < 35,36582,0.04264428486827443,13.590690574860607,36508,0.0,0.0
2019,1,sweep: RSI14 > 65,41590,-0.021912555289923252,-7.082544988203448,41590,0.0,0.0
2019,1,sweep: RSI14 > 70,16836,-0.03598555478497778,-7.9421997865037826,16836,0.0,0.0
2019,1,sweep: RSI14 > 75,5957,-0.04922405996384788,-7.290350527573234,5957,0.0,0.0
2019,1,sweep: RSI14 > 80,1913,-0.07110899716939656,-5.851054751729522,1913,0.0,0.0
2019,1,sweep: RSI60 < 35,2184,0.05306949742441791,4.622873052632599,2184,0.0,0.0
2019,1,sweep: RSI60 < 40,11042,0.05019432735110685,7.934553232224131,10968,0.0,0.0
2019,1,sweep: RSI60 < 45,63396,0.020356768814824622,7.98008083822721,63320,0.0,0.0
2019,1,sweep: RSI60 > 55,71662,-0.016714359216762065,-7.0199888162006525,71662,0.0,0.0
2019,1,sweep: RSI60 > 60,13143,-0.026020235734914077,-4.94746000015804,13143,0.0,0.0
2019,1,sweep: RSI60 > 65,2468,-0.022891293955680625,-2.0471752182849405,2468,0.0,0.0
2019,1,sweep: range position < 0.05,5932,0.048913220995881246,5.785248559315976,5866,0.0,0.0
2019,1,sweep: range position > 0.95,13490,-0.009496646003649578,-1.8989201512026528,13490,0.0,0.0
2019,1,sweep: range position < 0.1,16105,0.030233381954128835,6.698373294634339,16035,0.0,0.0
2019,1,sweep: range position > 0.90,31358,-0.009974896581210202,-2.9596514591698364,31358,0.0,0.0
2019,1,sweep: range position < 0.15,32087,0.02424838327618528,7.531224380746849,32015,0.0,0.0
2019,1,sweep: range position > 0.85,55495,-0.009721965406204458,-3.9794358288986977,55495,0.0,0.0
2019,1,sweep: 5-min move > +1.5 sd,27981,-0.035554510904976244,-10.750034761666813,27981,0.0,0.0
2019,1,sweep: 5-min move < -1.5 sd,27612,0.04622311862441786,15.22262623314121,27612,0.0,0.0
2019,1,sweep: 15-min move > +1.5 sd,24455,-0.031058454100624244,-8.298264220383386,24455,0.0,0.0
2019,1,sweep: 15-min move < -1.5 sd,23302,0.04196905726150402,12.685587559470717,23301,0.0,0.0
2019,1,sweep: 5-min move > +2 sd,11464,-0.053893445153882225,-10.382151080003784,11464,0.0,0.0
2019,1,sweep: 5-min move < -2 sd,11432,0.07506711639307506,16.14722503773038,11432,0.0,0.0
2019,1,sweep: 15-min move > +2 sd,9253,-0.03860945426263218,-7.135461085443493,9253,0.0,0.0
2019,1,sweep: 15-min move < -2 sd,8369,0.06853730163666516,12.611881664028946,8369,0.0,0.0
2019,1,sweep: 5-min move > +2.5 sd,4913,-0.06510685722493986,-8.797423105856906,4913,0.0,0.0
2019,1,sweep: 5-min move < -2.5 sd,4969,0.08877402375924448,13.14307220232968,4969,0.0,0.0
2019,1,sweep: 15-min move > +2.5 sd,3488,-0.04765773769855486,-5.424564279760851,3488,0.0,0.0
2019,1,sweep: 15-min move < -2.5 sd,2854,0.10166750273898129,10.423931052781121,2854,0.0,0.0
2019,1,sweep: 5-min move > +3 sd,2262,-0.07417098121878318,-6.679152061192918,2262,0.0,0.0
2019,1,sweep: 5-min move < -3 sd,2324,0.10356788041745746,9.793556368477747,2324,0.0,0.0
2019,1,sweep: 15-min move > +3 sd,1295,-0.04022785138940288,-2.895969618165561,1295,0.0,0.0
2019,1,sweep: 15-min move < -3 sd,943,0.09887127408089791,5.580862179861881,943,0.0,0.0
2019,1,sweep: 4h return > +25 bp,181487,-0.006881053828446948,-4.220273144377955,181484,0.0,0.0
2019,1,sweep: 4h return < -25 bp,167489,0.0020898552904289325,1.3441979832332775,167425,0.0,0.0
2019,1,sweep: 4h return > +50 bp,120870,-0.006213259781927105,-3.4636340232929244,120870,0.0,0.0
2019,1,sweep: 4h return < -50 bp,111823,0.0032900455130544515,1.8471974393594497,111762,0.0,0.0
2019,1,sweep: 4h return > +100 bp,63205,-0.004108533560235994,-1.568238496108488,63205,0.0,0.0
2019,1,sweep: 4h return < -100 bp,57684,0.003465940603427864,1.4840032894216801,57632,0.0,0.0
2019,1,sweep: taker buy share > 0.1 (15 min),188695,-0.0026862952375843463,-1.7767849370385413,188691,0.0,0.0
2019,1,sweep: taker sell share > 0.1 (15 min),92736,0.0036498391762078697,1.9913582297489818,92731,0.0,0.0
2019,1,sweep: taker buy share > 0.2 (15 min),84223,-0.0010779981400896865,-0.5652823934417586,84223,0.0,0.0
2019,1,sweep: taker sell share > 0.2 (15 min),38178,0.005798385348145918,2.0921222564058652,38175,0.0,0.0
2019,1,sweep: taker buy share > 0.3 (15 min),30619,0.00204949120975928,0.6621183458468219,30619,0.0,0.0
2019,1,sweep: taker sell share > 0.3 (15 min),14783,0.004547488937403643,1.1471408168538877,14782,0.0,0.0
2019,1,sweep: price > VWAP60 + 15 bp,114388,-0.017290150939309856,-8.340559984330934,114374,0.0,0.0
2019,1,sweep: price < VWAP60 - 15 bp,102570,0.017372099448054956,8.775855651568985,102514,0.0,0.0
2019,1,sweep: price > VWAP60 + 30 bp,50506,-0.021670414403535232,-7.272284865156303,50492,0.0,0.0
2019,1,sweep: price < VWAP60 - 30 bp,42886,0.03390259058411149,11.249686508088333,42845,0.0,0.0
2019,1,sweep: price > VWAP60 + 50 bp,21791,-0.02343703712030304,-5.273524408964083,21777,0.0,0.0
2019,1,sweep: price < VWAP60 - 50 bp,17514,0.03936927394288425,8.35091598446462,17489,0.0,0.0
2019,1,sweep: previous window up,260631,-0.004404228298843127,-2.6519241391616086,260629,0.0,0.0
2019,1,sweep: previous window down,254141,0.004404228298843127,2.6519241391616117,254064,0.0,0.0
2019,1,sweep: two windows up,124168,-0.003445955068345219,-1.9039466890401233,124167,0.0,0.0
2019,1,sweep: two windows down,117695,0.006720648951807906,3.6728005632871894,117619,0.0,0.0
2019,1,sweep: MACD hist > 0,257682,-0.00014923955117818188,-0.09383647469882862,257611,0.0,0.0
2019,1,sweep: MACD hist < 0,257090,0.00014923955117818188,0.09383647469882919,257082,0.0,0.0
2019,1,sweep: OBV rising,17583,-0.012945353766076417,-3.094835023065142,17582,0.0,0.0
2019,1,sweep: OBV falling,24495,0.016216333971458163,5.472680242109931,24485,0.0,0.0
2019,1,sweep: EMA9 > EMA21 + 10 bp,35945,-0.0242762124263049,-7.058190297435102,35945,0.0,0.0
2019,1,sweep: EMA9 < EMA21 - 10 bp,34345,0.026566336397118695,9.023318657546042,34332,0.0,0.0
2019,1,sweep: larger trades than usual (size5 > 1.2),72481,-8.446262549166583e-05,-0.04196492540786,72479,0.0,0.0
2019,1,sweep: more trades than usual (nratio5 > 1.5),59678,0.0031469781709773104,1.435744557796068,59678,0.0,0.0
2019,3,price at 4h high (rangepos >= 0.98),5569,-0.050066906530680355,-5.981402202356214,5569,-0.062354550123681296,-8.006037903139886
2019,3,price at 4h low (rangepos <= 0.02),2312,0.11103927619029041,7.1528267435571875,2249,0.1325619019577049,12.061958210976586
2019,3,upper quarter of 4h range,116367,-0.030954486170163886,-12.298274055911838,116367,-0.030096675811604634,-12.900918701462155
2019,3,lower quarter of 4h range,79115,0.03624814131433712,12.290401068164314,79030,0.03416468813931939,13.220942962334096
2019,3,last 5 min up more than 2 sd,11464,-0.06930343318061927,-10.65226498151534,11464,-0.07182864529990518,-12.347845337526698
2019,3,last 5 min down more than 2 sd,11431,0.08775207892339687,15.368856445731252,11431,0.0839671210104872,15.442577268423939
2019,3,last 15 min up more than 2 sd,9253,-0.06297561789991896,-8.005136821894602,9253,-0.057013404443976456,-8.256223123461481
2019,3,last 15 min down more than 2 sd,8369,0.10967944970235588,15.108371749473655,8369,0.1054249308486136,16.14826876766322
2019,3,4h return above +50 bp,120870,-0.014755518681486113,-5.759041872761166,120868,-0.014232473042166405,-6.115510884918627
2019,3,4h return below -50 bp,111823,0.014174975604053341,6.1769279776799895,111756,0.013828105504472887,6.634904837288697
2019,3,previous window up,260631,-0.027697051243132376,-13.961934065793736,260623,-0.02996879492350568,-16.817050792526366
2019,3,previous window down,254139,0.027697051243132376,13.961934065793663,254056,0.02996879492350568,16.81705079252639
2019,3,two windows up in a row,124168,-0.025205041080743562,-11.679086125633871,124165,-0.024753182249400707,-12.278604771730171
2019,3,two windows down in a row,117695,0.028224166951406948,12.90573096639939,117615,0.028128738759610694,14.059601505273429
2019,3,three windows up in a row,56297,-0.03300298272665103,-12.375084423788302,56297,-0.030086738898750853,-11.609642487347758
2019,3,three windows down in a row,51948,0.03307055930310654,11.565821141614828,51876,0.03142859462786318,11.53215986074561
2019,3,RSI14 above 70,16836,-0.07935892104035597,-13.941852624928151,16836,-0.07653699086607546,-14.55880708500376
2019,3,RSI14 below 30,14071,0.1176493401660198,21.829417321787815,14071,0.11577306076544347,24.333137009955
2019,3,RSI60 above 65,2468,-0.035013508195413545,-2.45883183933038,2468,-0.044955446544775235,-3.7389487580273393
2019,3,RSI60 below 35,2184,0.09290170895150351,5.796821591499124,2184,0.10739283456602655,6.796965054104701
2019,3,MACD histogram positive,257682,-0.021963880656371004,-10.270518938402926,257607,-0.026091338745764248,-13.432018836869188
2019,3,MACD histogram negative,257088,0.021963880656371004,10.270518938402963,257072,0.026091338745764248,13.432018836869172
2019,3,above upper Bollinger band,25694,-0.04529368461800021,-10.691862115776006,25694,-0.05102714815639492,-12.646529079594469
2019,3,below lower Bollinger band,25892,0.06472594782396479,17.20278235905918,25892,0.06668249928180592,18.346620611433607
2019,3,EMA9 above EMA21 by 10 bp,35945,-0.045059466050327734,-10.947144557660659,35945,-0.04244414208246028,-10.409923763415343
2019,3,EMA9 below EMA21 by 10 bp,34345,0.05388698572554129,12.753576685535124,34328,0.05127946835928199,14.220273055917083
2019,3,ADX14 above 30 (trending),131213,-0.0011858820874310894,-0.5406606539805587,131133,0.00042184080347529296,0.2162054415925118
2019,3,ADX14 below 15 (ranging),71664,0.002556320113715649,0.8664894313611693,71662,0.0015655696559244703,0.5696922082608421
2019,3,taker buying 60 pct+ of last 15 min,84223,-0.0131397149037078,-4.80184569771034,84223,-0.014775189886733986,-5.906272381752243
2019,3,taker selling 60 pct+ of last 15 min,38176,0.016234325121115334,4.516449251497601,38173,0.015174599102581787,4.571940415273666
2019,3,volume last 5 min 3x the daily average,20928,0.0026742050042450893,0.6043528187517071,20928,0.005609270565670399,1.4095105676171409
2019,3,trade count last 5 min 3x average,12199,0.0057111206705654505,1.0083589985926382,12199,0.012249590094448037,2.395600802420995
2019,3,OBV rising over 60 min,17583,-0.03524896826241242,-6.4636367031084685,17582,-0.03362328756176408,-6.3578084758244975
2019,3,OBV falling over 60 min,24495,0.03481372961292484,8.694831640926878,24481,0.03443900300490865,9.153459167087263
2019,3,price 30 bp+ above 60-min VWAP,50506,-0.04408627849535263,-11.144780328814882,50492,-0.04196931557928707,-11.062608071569226
2019,3,price 30 bp+ below 60-min VWAP,42886,0.06429469247663788,15.39292526867282,42841,0.06134629898536742,16.206797529820477
2019,3,high volatility (vol60 in top decile),18568,0.004206877240466533,0.7717251853002561,18565,0.005765596208887613,1.1655317402512335
2019,3,low volatility (vol60 in bottom decile),91140,0.005728749874687966,2.0224013650768,91115,0.0041571050252746655,1.6756356841254432
2019,3,weekend,148365,1.437814341409549e-05,0.005966075304729187,148365,0.0023243928109403234,1.012651472789232
2019,3,US afternoon (14-17 UTC),86160,0.005908032111835992,2.4729775806288914,86160,0.0037654541874517777,1.7579532490551908
2019,3,Asia early (0-3 UTC),85625,-0.0071546088458182555,-2.9589534606310974,85610,-0.005660705190284776,-2.4955897654731
2019,3,sweep: RSI14 < 20,1570,0.14839867001603524,9.985083436349962,1570,0.15119046172295514,10.973829943217234
2019,3,sweep: RSI14 < 25,4883,0.14714536455895844,16.28032641548404,4883,0.1391131452681461,16.605310802328813
2019,3,sweep: RSI14 < 30,14071,0.1176493401660198,21.829417321787815,14071,0.11577306076544347,24.333137009955
2019,3,sweep: RSI14 < 35,36582,0.08944687756062636,23.657807161011828,36506,0.08988162736628535,26.655580442494372
2019,3,sweep: RSI14 > 65,41590,-0.06153966012709172,-15.979913330670046,41590,-0.06036896486606941,-16.231445038329777
2019,3,sweep: RSI14 > 70,16836,-0.07935892104035597,-13.941852624928151,16836,-0.07653699086607546,-14.55880708500376
2019,3,sweep: RSI14 > 75,5957,-0.08325671852299338,-9.2008789476351,5957,-0.08437739287551682,-10.014943600111534
2019,3,sweep: RSI14 > 80,1913,-0.09049592148701058,-5.822356903387029,1913,-0.09288312488757122,-6.341412675214815
2019,3,sweep: RSI60 < 35,2184,0.09290170895150351,5.796821591499124,2184,0.10739283456602655,6.796965054104701
2019,3,sweep: RSI60 < 40,11042,0.07429216995538246,9.01650652688998,10965,0.08005481313078222,12.33340631617805
2019,3,sweep: RSI60 < 45,63396,0.048514325268949055,13.923283377764772,63314,0.04913152874460175,16.51283565490591
2019,3,sweep: RSI60 > 55,71662,-0.0444397219172164,-13.087676769565766,71662,-0.042481474570070066,-13.133202826694552
2019,3,sweep: RSI60 > 60,13143,-0.046490428431662845,-6.422218353479114,13143,-0.046951769641861485,-7.413082040489442
2019,3,sweep: RSI60 > 65,2468,-0.035013508195413545,-2.45883183933038,2468,-0.044955446544775235,-3.7389487580273393
2019,3,sweep: range position < 0.05,5932,0.09676071823232058,10.768419170957458,5866,0.11467071711101606,15.300455248944672
2019,3,sweep: range position > 0.95,13490,-0.0496471124359002,-8.220501452231643,13490,-0.05199381134819292,-8.879925031953224
2019,3,sweep: range position < 0.1,16105,0.0728008582667351,13.137602565701073,16035,0.07961203956317564,16.33324897904748
2019,3,sweep: range position > 0.90,31358,-0.03906373707160615,-9.404218112529358,31358,-0.04051142627015453,-10.15786802056137
2019,3,sweep: range position < 0.15,32087,0.0556886823054038,13.78615871392166,32012,0.05535511711103824,15.43879602742521
2019,3,sweep: range position > 0.85,55495,-0.037038258937558466,-11.558801911292962,55495,-0.03693675238819816,-12.27578098595763
2019,3,sweep: 5-min move > +1.5 sd,27981,-0.056935888732259576,-13.33033270374866,27981,-0.05729219887116255,-14.677957769528598
2019,3,sweep: 5-min move < -1.5 sd,27611,0.06516729552871425,17.058734077883376,27611,0.0679425755271929,19.668263245774035
2019,3,sweep: 15-min move > +1.5 sd,24455,-0.05987449145103185,-12.126493550873349,24455,-0.05602161980550996,-12.10518451559219
2019,3,sweep: 15-min move < -1.5 sd,23302,0.07807880361764286,17.346536587589117,23301,0.0761492448691986,19.400808237916614
2019,3,sweep: 5-min move > +2 sd,11464,-0.06930343318061927,-10.65226498151534,11464,-0.07182864529990518,-12.347845337526698
2019,3,sweep: 5-min move < -2 sd,11431,0.08775207892339687,15.368856445731252,11431,0.0839671210104872,15.442577268423939
2019,3,sweep: 15-min move > +2 sd,9253,-0.06297561789991896,-8.005136821894602,9253,-0.057013404443976456,-8.256223123461481
2019,3,sweep: 15-min move < -2 sd,8369,0.10967944970235588,15.108371749473655,8369,0.1054249308486136,16.14826876766322
2019,3,sweep: 5-min move > +2.5 sd,4913,-0.08084778532313586,-8.520677071982416,4913,-0.08061022932566364,-9.311137830688988
2019,3,sweep: 5-min move < -2.5 sd,4969,0.10005651154031969,12.405310119012821,4969,0.10313933873091785,13.108738621199226
2019,3,sweep: 15-min move > +2.5 sd,3488,-0.06457697123033312,-5.539680426875766,3488,-0.059721562560172636,-5.752286417585166
2019,3,sweep: 15-min move < -2.5 sd,2854,0.12528940904060482,9.717196962497395,2854,0.12764030537630855,11.303769064742959
2019,3,sweep: 5-min move > +3 sd,2262,-0.08136900351211962,-5.861436301978184,2262,-0.08424087027360239,-6.862984538627582
2019,3,sweep: 5-min move < -3 sd,2324,0.11347530556815211,9.798690594904821,2324,0.11241515608857622,9.56419870769229
2019,3,sweep: 15-min move > +3 sd,1295,-0.056684642325617984,-2.899641042283547,1295,-0.05335205444597252,-3.2025260049156086
2019,3,sweep: 15-min move < -3 sd,943,0.13180194436458215,5.828262481615397,943,0.1299130602229176,6.0436541243613835
2019,3,sweep: 4h return > +25 bp,181486,-0.016006146369080987,-7.232246980686168,181481,-0.014218415278307861,-7.190718636417658
2019,3,sweep: 4h return < -25 bp,167489,0.012742190464577807,6.539224927712984,167419,0.012521794307531475,6.961829765347191
2019,3,sweep: 4h return > +50 bp,120870,-0.014755518681486113,-5.759041872761166,120868,-0.014232473042166405,-6.115510884918627
2019,3,sweep: 4h return < -50 bp,111823,0.014174975604053341,6.1769279776799895,111756,0.013828105504472887,6.634904837288697
2019,3,sweep: 4h return > +100 bp,63205,-0.007466271045359463,-2.2112454854545605,63205,-0.007306291289761291,-2.339145798095634
2019,3,sweep: 4h return < -100 bp,57684,0.014206690246052922,4.519986828178365,57630,0.014214036210381864,5.142548396388
2019,3,sweep: taker buy share > 0.1 (15 min),188695,-0.015800131490216585,-7.329479265922905,188687,-0.015940503558094288,-8.228104912933706
2019,3,sweep: taker sell share > 0.1 (15 min),92734,0.016202718187298015,6.566145752943927,92728,0.015662902376735954,7.0842580619162465
2019,3,sweep: taker buy share > 0.2 (15 min),84223,-0.0131397149037078,-4.80184569771034,84223,-0.014775189886733986,-5.906272381752243
2019,3,sweep: taker sell share > 0.2 (15 min),38176,0.016234325121115334,4.516449251497601,38173,0.015174599102581787,4.571940415273666
2019,3,sweep: taker buy share > 0.3 (15 min),30619,-0.006533346878905444,-1.5291042237531818,30619,-0.011978055854860503,-2.9783720991620117
2019,3,sweep: taker sell share > 0.3 (15 min),14783,0.008329365450737036,1.4858665889675826,14782,0.008677071470769793,1.7374467854982605
2019,3,sweep: price > VWAP60 + 15 bp,114388,-0.04339786152544067,-15.814345502721677,114373,-0.04278043529552056,-16.772792557616143
2019,3,sweep: price < VWAP60 - 15 bp,102570,0.04776427757150692,18.4924626783048,102509,0.048529037617773996,20.205477900208095
2019,3,sweep: price > VWAP60 + 30 bp,50506,-0.04408627849535263,-11.144780328814882,50492,-0.04196931557928707,-11.062608071569226
2019,3,sweep: price < VWAP60 - 30 bp,42886,0.06429469247663788,15.39292526867282,42841,0.06134629898536742,16.206797529820477
2019,3,sweep: price > VWAP60 + 50 bp,21791,-0.040681126625032205,-7.366301408446062,21777,-0.043910482008209184,-8.20124047254549
2019,3,sweep: price < VWAP60 - 50 bp,17514,0.06579565455493819,9.957584526328226,17485,0.06789780496358311,11.880965425444774
2019,3,sweep: previous window up,260631,-0.027697051243132376,-13.961934065793736,260623,-0.02996879492350568,-16.817050792526366
2019,3,sweep: previous window down,254139,0.027697051243132376,13.961934065793663,254056,0.02996879492350568,16.81705079252639
2019,3,sweep: two windows up,124168,-0.025205041080743562,-11.679086125633871,124165,-0.024753182249400707,-12.278604771730171
2019,3,sweep: two windows down,117695,0.028224166951406948,12.90573096639939,117615,0.028128738759610694,14.059601505273429
2019,3,sweep: MACD hist > 0,257682,-0.021963880656371004,-10.270518938402926,257607,-0.026091338745764248,-13.432018836869188
2019,3,sweep: MACD hist < 0,257088,0.021963880656371004,10.270518938402963,257072,0.026091338745764248,13.432018836869172
2019,3,sweep: OBV rising,17583,-0.03524896826241242,-6.4636367031084685,17582,-0.03362328756176408,-6.3578084758244975
2019,3,sweep: OBV falling,24495,0.03481372961292484,8.694831640926878,24481,0.03443900300490865,9.153459167087263
2019,3,sweep: EMA9 > EMA21 + 10 bp,35945,-0.045059466050327734,-10.947144557660659,35945,-0.04244414208246028,-10.409923763415343
2019,3,sweep: EMA9 < EMA21 - 10 bp,34345,0.05388698572554129,12.753576685535124,34328,0.05127946835928199,14.220273055917083
2019,3,sweep: larger trades than usual (size5 > 1.2),72481,-0.0013133041452476624,-0.5253927126959645,72475,0.0010968096590919796,0.44323261516623413
2019,3,sweep: more trades than usual (nratio5 > 1.5),59678,0.008138765923456082,2.8742180969719233,59678,0.008424212145837107,3.0329647121903003
2019,5,price at 4h high (rangepos >= 0.98),5569,-0.07193062079769491,-8.396939218627292,5569,-0.08709672862740886,-10.884240086366471
2019,5,price at 4h low (rangepos <= 0.02),2312,0.13786426589251466,8.775018397398856,2249,0.1537557088036824,12.336886557701032
2019,5,upper quarter of 4h range,116366,-0.04194953932309281,-13.707560875112028,116366,-0.04042513919621815,-13.76647681204346
2019,5,lower quarter of 4h range,79115,0.04898332814368217,14.362220513187884,79024,0.04872290627250375,15.14509584717156
2019,5,last 5 min up more than 2 sd,11464,-0.06851852061369124,-9.78611696918316,11464,-0.06923827182453307,-10.614003832669924
2019,5,last 5 min down more than 2 sd,11431,0.07521135026975012,11.735286913261318,11431,0.0772635078162055,12.418398024087598
2019,5,last 15 min up more than 2 sd,9253,-0.0718943508200196,-8.0996582364019,9253,-0.07302203465628809,-9.103651299137843
2019,5,last 15 min down more than 2 sd,8369,0.11463785694012207,14.084863065409353,8369,0.12103735184173503,15.641110429826423
2019,5,4h return above +50 bp,120870,-0.021352078400779295,-7.0370060001630526,120866,-0.018046320153788487,-6.197182465252592
2019,5,4h return below -50 bp,111823,0.021049434882182916,7.50805265296801,111750,0.019082637294141724,7.421977184821659
2019,5,previous window up,260630,-0.04084048453071931,-17.50675845662658,260614,-0.04498145411434479,-20.439792356338693
2019,5,previous window down,254138,0.04084048453071931,17.506758456626606,254051,0.04498145411434479,20.439792356338774
2019,5,two windows up in a row,124167,-0.03899073099814904,-15.125396658740524,124161,-0.03983131001698498,-16.44113723999646
2019,5,two windows down in a row,117695,0.04347986089557038,16.738103717627336,117611,0.043349902136110174,17.921755145720446
2019,5,three windows up in a row,56297,-0.04568766084659154,-14.22311481036086,56297,-0.04585638196150649,-14.806326500723438
2019,5,three windows down in a row,51948,0.04898382741172591,14.927714269603307,51874,0.04856626882606141,15.098579100975462
2019,5,RSI14 above 70,16836,-0.08847456277071203,-14.425273809033996,16836,-0.09244349407035535,-15.65310082276204
2019,5,RSI14 below 30,14071,0.12592404087926778,20.416216082522947,14071,0.131342498975193,22.539608789092334
2019,5,RSI60 above 65,2468,-0.04739524393596617,-2.9375550269595054,2468,-0.05301318612692291,-3.5064053671444633
2019,5,RSI60 below 35,2184,0.08456317196348095,4.721534486182728,2184,0.09844004723327071,5.377907228881852
2019,5,MACD histogram positive,257680,-0.032110574116586355,-12.732007990606505,257597,-0.039687615813425725,-16.187137817764384
2019,5,MACD histogram negative,257088,0.032110574116586355,12.732007990606503,257068,0.039687615813425725,16.18713781776439
2019,5,above upper Bollinger band,25694,-0.054760823123139735,-11.78203035325987,25694,-0.06020569050800856,-13.447597556687228
2019,5,below lower Bollinger band,25892,0.06796714051201702,16.66374459692139,25891,0.07336386907619719,18.413646266264234
2019,5,EMA9 above EMA21 by 10 bp,35945,-0.05882119952217524,-12.059304066705044,35944,-0.057075672648393194,-12.14753066976888
2019,5,EMA9 below EMA21 by 10 bp,34345,0.06550630590610629,13.793772458516354,34324,0.06674314170149687,15.564875074364835
2019,5,ADX14 above 30 (trending),131213,-3.227768429325817e-05,-0.012341379845271932,131128,0.0005673857770629454,0.22750556997083526
2019,5,ADX14 below 15 (ranging),71664,0.0008699638981899405,0.24773086036598016,71660,0.0004301941215208993,0.1261628237601832
2019,5,taker buying 60 pct+ of last 15 min,84223,-0.019219802621370907,-6.023022605298109,84223,-0.020443194136171683,-6.752241391005434
2019,5,taker selling 60 pct+ of last 15 min,38175,0.023766442281349387,5.362347834548582,38172,0.025625620349899125,5.904153690251844
2019,5,volume last 5 min 3x the daily average,20928,0.002402759489262385,0.4836225728859353,20928,0.004430415104367924,0.8777154556843799
2019,5,trade count last 5 min 3x average,12199,0.00857257971049874,1.3790137073934297,12199,0.014365816373039908,2.2676904982627866
2019,5,OBV rising over 60 min,17583,-0.04368012303970775,-6.695896491752574,17582,-0.041801928988813464,-6.656275867542563
2019,5,OBV falling over 60 min,24495,0.04540399809500473,9.418732405659966,24477,0.04749862984201103,10.25893661329269
2019,5,price 30 bp+ above 60-min VWAP,50506,-0.05544403007427212,-12.10728946920016,50492,-0.05606968527939393,-12.971116085885514
2019,5,price 30 bp+ below 60-min VWAP,42886,0.07599803221360224,16.129363281629118,42837,0.07827403807093347,17.801332517010845
2019,5,high volatility (vol60 in top decile),18568,0.004198844436155036,0.7070383948518496,18563,0.005878724464709939,1.0335870633689155
2019,5,low volatility (vol60 in bottom decile),91140,0.00624795958015667,1.886443037430502,91115,0.0028896058396095103,0.885780856421063
2019,5,weekend,148365,-0.00045885699549108594,-0.1653631527452252,148365,0.0018339623435164043,0.703405387529408
2019,5,US afternoon (14-17 UTC),86160,0.0033544478299225577,1.142790481016422,86160,0.00551577480349752,1.938658510445941
2019,5,Asia early (0-3 UTC),85625,-0.006855783797655779,-2.279496206071541,85600,-0.007017336436073607,-2.465413130832064
2019,5,sweep: RSI14 < 20,1570,0.1410296166342273,7.914812204448833,1570,0.14366717205061852,8.365743635847434
2019,5,sweep: RSI14 < 25,4883,0.14801963903908488,13.973626451830121,4883,0.14355377485393872,14.964049751298305
2019,5,sweep: RSI14 < 30,14071,0.12592404087926778,20.416216082522947,14071,0.131342498975193,22.539608789092334
2019,5,sweep: RSI14 < 35,36582,0.10234343510029464,24.81578067559852,36504,0.10656706217728229,28.668228898550502
2019,5,sweep: RSI14 > 65,41589,-0.07671631411994456,-17.152966209712805,41589,-0.08016024969241398,-18.92695103436906
2019,5,sweep: RSI14 > 70,16836,-0.08847456277071203,-14.425273809033996,16836,-0.09244349407035535,-15.65310082276204
2019,5,sweep: RSI14 > 75,5957,-0.09137839007390802,-8.892158955218303,5957,-0.09910842820197846,-10.419335031220221
2019,5,sweep: RSI14 > 80,1913,-0.10197050150102449,-5.818029161949435,1913,-0.09874048380913869,-6.122007612855613
2019,5,sweep: RSI60 < 35,2184,0.08456317196348095,4.721534486182728,2184,0.09844004723327071,5.377907228881852
2019,5,sweep: RSI60 < 40,11042,0.09189585357354058,9.961662565544867,10963,0.09149640627065558,10.927789797406856
2019,5,sweep: RSI60 < 45,63396,0.0645437901283909,16.174724948452802,63308,0.06432690716856704,17.246435827928998
2019,5,sweep: RSI60 > 55,71661,-0.05756371076537359,-14.702823252641632,71661,-0.05758419631570527,-15.26943691746092
2019,5,sweep: RSI60 > 60,13143,-0.05756546371519228,-7.039495705768006,13143,-0.05771621323927578,-7.618940966149046
2019,5,sweep: RSI60 > 65,2468,-0.04739524393596617,-2.9375550269595054,2468,-0.05301318612692291,-3.5064053671444633
2019,5,sweep: range position < 0.05,5932,0.12612873870174635,13.257801703991449,5866,0.13352975134580636,15.317147139422996
2019,5,sweep: range position > 0.95,13490,-0.0651141056328815,-9.675826327967254,13490,-0.07500288850482317,-11.764246552264526
2019,5,sweep: range position < 0.1,16105,0.09082922593755227,14.128187403442805,16034,0.09502587999876555,15.963725755457206
2019,5,sweep: range position > 0.90,31357,-0.055777606687607395,-11.162023828581898,31357,-0.05861193012980154,-12.58098267546053
2019,5,sweep: range position < 0.15,32087,0.06963648648272092,14.307116084329987,32010,0.0717082266097715,16.028254432989208
2019,5,sweep: range position > 0.85,55494,-0.05165611491191796,-13.498302643523783,55494,-0.052676722302950896,-14.279612308626376
2019,5,sweep: 5-min move > +1.5 sd,27980,-0.06086224894092568,-12.77582086962071,27980,-0.06459384972937249,-14.69824498685885
2019,5,sweep: 5-min move < -1.5 sd,27611,0.06451747532503982,15.526229560212633,27611,0.07179936340432436,18.106016274878932
2019,5,sweep: 15-min move > +1.5 sd,24455,-0.0698300301653309,-12.124585461217867,24455,-0.0722779522540194,-13.64351908781495
2019,5,sweep: 15-min move < -1.5 sd,23302,0.08667452760394523,17.214740142095344,23301,0.0923611206815882,19.957943975044216
2019,5,sweep: 5-min move > +2 sd,11464,-0.06851852061369124,-9.78611696918316,11464,-0.06923827182453307,-10.614003832669924
2019,5,sweep: 5-min move < -2 sd,11431,0.07521135026975012,11.735286913261318,11431,0.0772635078162055,12.418398024087598
2019,5,sweep: 15-min move > +2 sd,9253,-0.0718943508200196,-8.0996582364019,9253,-0.07302203465628809,-9.103651299137843
2019,5,sweep: 15-min move < -2 sd,8369,0.11463785694012207,14.084863065409353,8369,0.12103735184173503,15.641110429826423
2019,5,sweep: 5-min move > +2.5 sd,4913,-0.0719702152759224,-7.085103099888366,4913,-0.0755869749262012,-7.587689023503242
2019,5,sweep: 5-min move < -2.5 sd,4969,0.08423555923796744,9.197492380941847,4969,0.08350533351985723,9.038172140950522
2019,5,sweep: 15-min move > +2.5 sd,3488,-0.07595230499024574,-5.741219421835263,3488,-0.07846808049198495,-6.361013159100619
2019,5,sweep: 15-min move < -2.5 sd,2854,0.12148809957318096,8.592207466115443,2854,0.13460689613769738,9.449318509822092
2019,5,sweep: 5-min move > +3 sd,2262,-0.08901103874592492,-6.079475244237589,2262,-0.09780986897379051,-6.6468870464410905
2019,5,sweep: 5-min move < -3 sd,2324,0.09736518155760765,7.328825695107056,2324,0.0922603599170102,6.935794201862976
2019,5,sweep: 15-min move > +3 sd,1295,-0.0499227777421567,-2.3378379609438604,1295,-0.05758243112003558,-3.070564075914061
2019,5,sweep: 15-min move < -3 sd,943,0.11594951654618313,4.750689237580437,943,0.11709375367937835,4.772754987039671
2019,5,sweep: 4h return > +25 bp,181485,-0.021698374627971584,-8.409053225266609,181478,-0.019612788344238907,-8.02015984987707
2019,5,sweep: 4h return < -25 bp,167489,0.01862164854903925,7.768597123818701,167413,0.01769844406253368,8.033258765615221
2019,5,sweep: 4h return > +50 bp,120870,-0.021352078400779295,-7.0370060001630526,120866,-0.018046320153788487,-6.197182465252592
2019,5,sweep: 4h return < -50 bp,111823,0.021049434882182916,7.50805265296801,111750,0.019082637294141724,7.421977184821659
2019,5,sweep: 4h return > +100 bp,63205,-0.01186276361827443,-3.1487204926029,63205,-0.008685758485597328,-2.375781863951659
2019,5,sweep: 4h return < -100 bp,57684,0.02072043550796132,5.536110539561067,57628,0.019663119769161352,5.540431249017283
2019,5,sweep: taker buy share > 0.1 (15 min),188695,-0.023199237524555494,-9.25459421455169,188683,-0.023357664040827453,-9.803677622258762
2019,5,sweep: taker sell share > 0.1 (15 min),92733,0.023988058746583163,8.021853147690656,92727,0.02480062225705415,8.75968872916845
2019,5,sweep: taker buy share > 0.2 (15 min),84223,-0.019219802621370907,-6.023022605298109,84223,-0.020443194136171683,-6.752241391005434
2019,5,sweep: taker sell share > 0.2 (15 min),38175,0.023766442281349387,5.362347834548582,38172,0.025625620349899125,5.904153690251844
2019,5,sweep: taker buy share > 0.3 (15 min),30619,-0.012746315915925954,-2.554782118392893,30619,-0.016653078098247676,-3.4398542921008746
2019,5,sweep: taker sell share > 0.3 (15 min),14783,0.017770120873361717,2.6296377346091875,14782,0.01607969892339456,2.409295691362442
2019,5,sweep: price > VWAP60 + 15 bp,114388,-0.05743389043897473,-17.53125517732942,114372,-0.05850622252847881,-19.026538863579923
2019,5,sweep: price < VWAP60 - 15 bp,102570,0.06373576537510267,21.234913488131063,102503,0.06596518714272093,23.94739592539854
2019,5,sweep: price > VWAP60 + 30 bp,50506,-0.05544403007427212,-12.10728946920016,50492,-0.05606968527939393,-12.971116085885514
2019,5,sweep: price < VWAP60 - 30 bp,42886,0.07599803221360224,16.129363281629118,42837,0.07827403807093347,17.801332517010845
2019,5,sweep: price > VWAP60 + 50 bp,21791,-0.04639754173249344,-7.785522697490584,21777,-0.05060554687080776,-8.70288971104095
2019,5,sweep: price < VWAP60 - 50 bp,17514,0.07447784217562115,10.617902224493037,17481,0.0800666449720785,12.300967754689525
2019,5,sweep: previous window up,260630,-0.04084048453071931,-17.50675845662658,260614,-0.04498145411434479,-20.439792356338693
2019,5,sweep: previous window down,254138,0.04084048453071931,17.506758456626606,254051,0.04498145411434479,20.439792356338774
2019,5,sweep: two windows up,124167,-0.03899073099814904,-15.125396658740524,124161,-0.03983131001698498,-16.44113723999646
2019,5,sweep: two windows down,117695,0.04347986089557038,16.738103717627336,117611,0.043349902136110174,17.921755145720446
2019,5,sweep: MACD hist > 0,257680,-0.032110574116586355,-12.732007990606505,257597,-0.039687615813425725,-16.187137817764384
2019,5,sweep: MACD hist < 0,257088,0.032110574116586355,12.732007990606503,257068,0.039687615813425725,16.18713781776439
2019,5,sweep: OBV rising,17583,-0.04368012303970775,-6.695896491752574,17582,-0.041801928988813464,-6.656275867542563
2019,5,sweep: OBV falling,24495,0.04540399809500473,9.418732405659966,24477,0.04749862984201103,10.25893661329269
2019,5,sweep: EMA9 > EMA21 + 10 bp,35945,-0.05882119952217524,-12.059304066705044,35944,-0.057075672648393194,-12.14753066976888
2019,5,sweep: EMA9 < EMA21 - 10 bp,34345,0.06550630590610629,13.793772458516354,34324,0.06674314170149687,15.564875074364835
2019,5,sweep: larger trades than usual (size5 > 1.2),72481,-0.0029483805944306996,-0.9770015158543808,72472,-0.0007733246715466713,-0.2607579492614494
2019,5,sweep: more trades than usual (nratio5 > 1.5),59678,0.010691592691835172,3.1581459612996716,59678,0.01180777666658861,3.5708613918712997
2019,10,price at 4h high (rangepos >= 0.98),5569,-0.09691671427634585,-9.644388387552853,5569,-0.10922650392189265,-11.478151103851417
2019,10,price at 4h low (rangepos <= 0.02),2312,0.14510163834450562,9.309853467198554,2249,0.1621548097507951,12.767585290691663
2019,10,upper quarter of 4h range,116362,-0.06088141128903507,-14.956029325191171,116362,-0.061705720385380414,-15.5868441834824
2019,10,lower quarter of 4h range,79115,0.06442417295494401,14.45308856660299,79010,0.06510155101570536,15.567187045536368
2019,10,last 5 min up more than 2 sd,11464,-0.05733208750631236,-8.105315463619505,11464,-0.05579126252402311,-7.514198674137336
2019,10,last 5 min down more than 2 sd,11431,0.059412977351524954,8.974653601196922,11430,0.056894367735034646,8.206724032059542
2019,10,last 15 min up more than 2 sd,9253,-0.07996932124212941,-7.45927408762787,9253,-0.07875991504148133,-7.6051343258002975
2019,10,last 15 min down more than 2 sd,8369,0.09502410879082046,9.898311357423424,8368,0.09610300397062377,10.477433595309481
2019,10,4h return above +50 bp,120870,-0.029682412961155202,-7.316031055718538,120861,-0.02991044079659827,-7.646976970798123
2019,10,4h return below -50 bp,111823,0.03264199134634488,8.432492237214797,111735,0.03192193574673419,8.524162438937632
2019,10,previous window up,260625,-0.05514506083507231,-20.097670535042738,260595,-0.060519745092672717,-22.238330134759547
2019,10,previous window down,254138,0.05514506083507231,20.097670535042603,254035,0.060519745092672717,22.23833013475957
2019,10,two windows up in a row,124166,-0.059914197127301005,-20.813928458409304,124153,-0.06149211375665231,-20.855052378586613
2019,10,two windows down in a row,117695,0.06009896750667848,19.99192941997099,117596,0.0657367753691987,21.919609817398793
2019,10,three windows up in a row,56297,-0.07099753138709147,-18.229895551535165,56297,-0.06927049382861988,-17.783913630873975
2019,10,three windows down in a row,51948,0.06684833033968224,17.884105296218383,51864,0.07178411883598035,20.069616957731167
2019,10,RSI14 above 70,16836,-0.09836428005373671,-13.934011820039219,16836,-0.10035906693078739,-14.393684823933876
2019,10,RSI14 below 30,14071,0.11224215809688654,16.267699258204615,14071,0.11285870450279845,16.780533875406405
2019,10,RSI60 above 65,2468,-0.05533461200426726,-2.659771337234487,2468,-0.057696931539027496,-2.761462106627299
2019,10,RSI60 below 35,2184,0.06515267115047829,2.731122406937424,2184,0.07816134730336421,3.4175458658010975
2019,10,MACD histogram positive,257675,-0.034718191824046285,-11.807292679966505,257573,-0.04239973237314426,-14.40098059962735
2019,10,MACD histogram negative,257088,0.034718191824046285,11.807292679966544,257057,0.04239973237314426,14.400980599627303
2019,10,above upper Bollinger band,25693,-0.0563820761913022,-11.638498170667672,25693,-0.06278793092685375,-13.153014527760408
2019,10,below lower Bollinger band,25892,0.06324030982994433,14.659333071754752,25890,0.06721518381514469,16.001170974598892
2019,10,EMA9 above EMA21 by 10 bp,35945,-0.06625108755822406,-11.003349000369644,35939,-0.07043996746023556,-11.753642380167054
2019,10,EMA9 below EMA21 by 10 bp,34345,0.06897567493604884,12.273680279863664,34314,0.06992542833083881,12.593300629974244
2019,10,ADX14 above 30 (trending),131213,-0.001473831683433846,-0.44740357902944067,131118,-0.0017159519515924648,-0.543851398150071
2019,10,ADX14 below 15 (ranging),71664,-0.002074006306858278,-0.45482182576528296,71655,-0.000999965388233992,-0.2237133657540804
2019,10,taker buying 60 pct+ of last 15 min,84223,-0.027032258616992433,-6.7816436865112095,84223,-0.028146238041730276,-7.4134966494987955
2019,10,taker selling 60 pct+ of last 15 min,38175,0.03152801064853772,5.546606463377804,38172,0.034674954206765585,6.196400224517043
2019,10,volume last 5 min 3x the daily average,20928,-0.0005958129253573752,-0.09705481057716998,20925,0.0018309217952469092,0.29612434404306526
2019,10,trade count last 5 min 3x average,12199,0.002413069504476506,0.31717803185070986,12199,0.008797344207291613,1.1665934976625592
2019,10,OBV rising over 60 min,17583,-0.061098980322613405,-7.488244012336236,17582,-0.06093849501402365,-7.4134353355760085
2019,10,OBV falling over 60 min,24495,0.058056863868764186,9.083405091947595,24471,0.05606010307591103,8.934683391241244
2019,10,price 30 bp+ above 60-min VWAP,50506,-0.06640265469283502,-12.24266853560937,50490,-0.07141528724963236,-13.333766712420612
2019,10,price 30 bp+ below 60-min VWAP,42886,0.08328704303959361,14.522586503888036,42827,0.08438442838348514,15.258149783822695
2019,10,high volatility (vol60 in top decile),18568,0.014824930821353166,1.8978718116252857,18558,0.012765837074316444,1.7185700721367672
2019,10,low volatility (vol60 in bottom decile),91138,0.003990470218474429,0.9189935549265297,91113,0.004138654933360186,0.9921981383660142
2019,10,weekend,148365,-0.0019201151495215063,-0.5433219809995289,148365,-0.0007291025746130053,-0.21210378993629334
2019,10,US afternoon (14-17 UTC),86160,0.008131631119175475,2.041663391352294,86160,0.009024210358382745,2.3442726043511826
2019,10,Asia early (0-3 UTC),85625,-0.00980820427900403,-2.355920180399373,85575,-0.009260060494863664,-2.3393377430583757
2019,10,sweep: RSI14 < 20,1570,0.11190217345503706,5.573561584716179,1570,0.1134929526127858,5.90085889317424
2019,10,sweep: RSI14 < 25,4883,0.12880252019802008,11.318259255754777,4883,0.12661395066036707,11.50107191613402
2019,10,sweep: RSI14 < 30,14071,0.11224215809688654,16.267699258204615,14071,0.11285870450279845,16.780533875406405
2019,10,sweep: RSI14 < 35,36582,0.10072318366748317,21.792161950766996,36502,0.10501562326980218,23.656206818925217
2019,10,sweep: RSI14 > 65,41587,-0.09286330744617705,-18.78574339569928,41582,-0.09614557595835771,-20.027991546506673
2019,10,sweep: RSI14 > 70,16836,-0.09836428005373671,-13.934011820039219,16836,-0.10035906693078739,-14.393684823933876
2019,10,sweep: RSI14 > 75,5957,-0.09359224033579289,-8.521723902334244,5957,-0.09528000461622377,-8.626376521639974
2019,10,sweep: RSI14 > 80,1913,-0.0867220565293188,-4.628602242183442,1913,-0.07393110414862591,-3.876060492290591
2019,10,sweep: RSI60 < 35,2184,0.06515267115047829,2.731122406937424,2184,0.07816134730336421,3.4175458658010975
2019,10,sweep: RSI60 < 40,11042,0.08984249808829226,8.035358000210886,10957,0.088978418747798,8.804340173185516
2019,10,sweep: RSI60 < 45,63396,0.08123389090712191,16.48164592412071,63293,0.08305310293331464,17.122232813518742
2019,10,sweep: RSI60 > 55,71660,-0.08198070494215026,-16.439219201827406,71660,-0.08357761649600481,-17.00409884358123
2019,10,sweep: RSI60 > 60,13143,-0.07617308188986516,-7.55958140078242,13143,-0.07478934078567417,-7.5370306545783
2019,10,sweep: RSI60 > 65,2468,-0.05533461200426726,-2.659771337234487,2468,-0.057696931539027496,-2.761462106627299
2019,10,sweep: range position < 0.05,5932,0.1363596141350656,13.003124197604764,5866,0.15123449152903556,15.759608446958788
2019,10,sweep: range position > 0.95,13490,-0.09333075425104825,-11.979660316985493,13490,-0.10226720290487873,-13.761078945224313
2019,10,sweep: range position < 0.1,16105,0.1102947292215013,14.38561132218791,16034,0.11918114912877187,16.21098756063626
2019,10,sweep: range position > 0.90,31357,-0.08174877744026143,-13.185321003644178,31357,-0.08797131002949826,-14.992984299167842
2019,10,sweep: range position < 0.15,32087,0.08846504313162462,14.861820277269846,32009,0.0938659053950881,16.18767077648703
2019,10,sweep: range position > 0.85,55492,-0.07363748567744777,-15.525360294876567,55492,-0.07612490804661587,-16.58663876718088
2019,10,sweep: 5-min move > +1.5 sd,27979,-0.055000068762011634,-11.281713217645756,27977,-0.05693537575927865,-11.302896111461596
2019,10,sweep: 5-min move < -1.5 sd,27611,0.05862491080455323,13.023890570133016,27610,0.058992607080163184,12.699773538342468
2019,10,sweep: 15-min move > +1.5 sd,24454,-0.0783879856858436,-11.54041917390863,24453,-0.07853979558862106,-11.883081047697283
2019,10,sweep: 15-min move < -1.5 sd,23302,0.07644369641816151,12.48571291034133,23300,0.0792127971122264,13.229670596038849
2019,10,sweep: 5-min move > +2 sd,11464,-0.05733208750631236,-8.105315463619505,11464,-0.05579126252402311,-7.514198674137336
2019,10,sweep: 5-min move < -2 sd,11431,0.059412977351524954,8.974653601196922,11430,0.056894367735034646,8.206724032059542
2019,10,sweep: 15-min move > +2 sd,9253,-0.07996932124212941,-7.45927408762787,9253,-0.07875991504148133,-7.6051343258002975
2019,10,sweep: 15-min move < -2 sd,8369,0.09502410879082046,9.898311357423424,8368,0.09610300397062377,10.477433595309481
2019,10,sweep: 5-min move > +2.5 sd,4913,-0.052648321651896424,-5.338030018447511,4913,-0.046605966945525046,-4.479215046746249
2019,10,sweep: 5-min move < -2.5 sd,4969,0.06431409357884954,6.639067167316369,4969,0.05768659238087359,5.642632754245058
2019,10,sweep: 15-min move > +2.5 sd,3488,-0.061096431434455756,-3.75946935288259,3488,-0.05622798126189027,-3.5624375712113086
2019,10,sweep: 15-min move < -2.5 sd,2854,0.10567109160244148,6.509053188200878,2854,0.10781081720843977,6.8885341375632
2019,10,sweep: 5-min move > +3 sd,2262,-0.0589459961304753,-3.9558399957420094,2262,-0.04461922200149404,-2.8729291378334807
2019,10,sweep: 5-min move < -3 sd,2324,0.07127730368639418,4.825228047226969,2324,0.06360276536533438,4.348642638876222
2019,10,sweep: 15-min move > +3 sd,1295,-0.01842423748053701,-0.7163587720205191,1295,-0.021072505919633,-0.833569315030655
2019,10,sweep: 15-min move < -3 sd,943,0.07881321256091389,2.751112214653048,943,0.08911158420242049,3.214193288305207
2019,10,sweep: 4h return > +25 bp,181482,-0.031267624922822534,-9.075003991742,181465,-0.031370215943015034,-9.387378961899772
2019,10,sweep: 4h return < -25 bp,167489,0.02836846543445315,8.569257884512442,167398,0.02929732022503989,9.00551883014679
2019,10,sweep: 4h return > +50 bp,120870,-0.029682412961155202,-7.316031055718538,120861,-0.02991044079659827,-7.646976970798123
2019,10,sweep: 4h return < -50 bp,111823,0.03264199134634488,8.432492237214797,111735,0.03192193574673419,8.524162438937632
2019,10,sweep: 4h return > +100 bp,63205,-0.016751191568168622,-3.3144927659424814,63205,-0.019358846061472812,-3.9596928531969056
2019,10,sweep: 4h return < -100 bp,57684,0.027623207450522824,5.620457828744017,57623,0.026069016470008588,5.525815953713047
2019,10,sweep: taker buy share > 0.1 (15 min),188692,-0.028877471611493455,-9.699652976197905,188667,-0.030303264682878084,-10.454162710439313
2019,10,sweep: taker sell share > 0.1 (15 min),92733,0.03197271740255131,8.156252026770305,92726,0.033665534085648596,8.73229463532508
2019,10,sweep: taker buy share > 0.2 (15 min),84223,-0.027032258616992433,-6.7816436865112095,84223,-0.028146238041730276,-7.4134966494987955
2019,10,sweep: taker sell share > 0.2 (15 min),38175,0.03152801064853772,5.546606463377804,38172,0.034674954206765585,6.196400224517043
2019,10,sweep: taker buy share > 0.3 (15 min),30619,-0.02017819821672784,-3.162187129284824,30619,-0.02260760904371517,-3.6825073053388713
2019,10,sweep: taker sell share > 0.3 (15 min),14783,0.026268450724499903,3.0558692853139227,14782,0.03321463980225203,3.9412921518361363
2019,10,sweep: price > VWAP60 + 15 bp,114388,-0.07512431469994202,-18.820272511339777,114367,-0.07803512507654403,-20.07520701784624
2019,10,sweep: price < VWAP60 - 15 bp,102570,0.07523059010815053,20.369512263352632,102491,0.07890519096495896,21.44191720622922
2019,10,sweep: price > VWAP60 + 30 bp,50506,-0.06640265469283502,-12.24266853560937,50490,-0.07141528724963236,-13.333766712420612
2019,10,sweep: price < VWAP60 - 30 bp,42886,0.08328704303959361,14.522586503888036,42827,0.08438442838348514,15.258149783822695
2019,10,sweep: price > VWAP60 + 50 bp,21791,-0.05502668280812867,-7.2435002299893965,21777,-0.06014364150575502,-8.01571390765178
2019,10,sweep: price < VWAP60 - 50 bp,17514,0.08300458640397324,9.707980539150643,17472,0.08169054172229973,9.981857826313599
2019,10,sweep: previous window up,260625,-0.05514506083507231,-20.097670535042738,260595,-0.060519745092672717,-22.238330134759547
2019,10,sweep: previous window down,254138,0.05514506083507231,20.097670535042603,254035,0.060519745092672717,22.23833013475957
2019,10,sweep: two windows up,124166,-0.059914197127301005,-20.813928458409304,124153,-0.06149211375665231,-20.855052378586613
2019,10,sweep: two windows down,117695,0.06009896750667848,19.99192941997099,117596,0.0657367753691987,21.919609817398793
2019,10,sweep: MACD hist > 0,257675,-0.034718191824046285,-11.807292679966505,257573,-0.04239973237314426,-14.40098059962735
2019,10,sweep: MACD hist < 0,257088,0.034718191824046285,11.807292679966544,257057,0.04239973237314426,14.400980599627303
2019,10,sweep: OBV rising,17583,-0.061098980322613405,-7.488244012336236,17582,-0.06093849501402365,-7.4134353355760085
2019,10,sweep: OBV falling,24495,0.058056863868764186,9.083405091947595,24471,0.05606010307591103,8.934683391241244
2019,10,sweep: EMA9 > EMA21 + 10 bp,35945,-0.06625108755822406,-11.003349000369644,35939,-0.07043996746023556,-11.753642380167054
2019,10,sweep: EMA9 < EMA21 - 10 bp,34345,0.06897567493604884,12.273680279863664,34314,0.06992542833083881,12.593300629974244
2019,10,sweep: larger trades than usual (size5 > 1.2),72481,-0.0006911974363525974,-0.18807828771530782,72466,0.0010277429486056366,0.2848555905370043
2019,10,sweep: more trades than usual (nratio5 > 1.5),59678,0.008995950166012068,2.1471224615627955,59669,0.009095231714440266,2.1776964248192656
2019,15,price at 4h high (rangepos >= 0.98),5569,-0.09815024577964981,-9.090540157082543,5569,-0.10782205946146678,-10.267641062364103
2019,15,price at 4h low (rangepos <= 0.02),2312,0.13153022135629666,8.195563732250525,2249,0.14762751505760185,11.633040694115017
2019,15,upper quarter of 4h range,116361,-0.0729116955794541,-14.840410059795822,116361,-0.07352698980740308,-15.128319598270052
2019,15,lower quarter of 4h range,79115,0.07168671027565243,14.28192807363443,78997,0.0735863562510351,15.32632560436025
2019,15,last 5 min up more than 2 sd,11464,-0.04814696168938404,-6.321554909803596,11464,-0.046592375148356235,-6.142942746733398
2019,15,last 5 min down more than 2 sd,11431,0.0459032538265467,6.391367988545759,11428,0.04886425353111956,6.648800141021651
2019,15,last 15 min up more than 2 sd,9253,-0.07093982724535519,-6.136411040595836,9253,-0.06702912121691379,-5.907371875613249
2019,15,last 15 min down more than 2 sd,8369,0.08485588759449736,7.502772574877059,8363,0.08863871488973196,7.9287738924592235
2019,15,4h return above +50 bp,120870,-0.03515546578777584,-7.434189589970066,120859,-0.03514429717462064,-7.462226096518674
2019,15,4h return below -50 bp,111823,0.0389538460126041,8.396529798724371,111720,0.03902502577528877,8.805719620034886
2019,15,previous window up,260620,-0.060650187621010765,-21.053626288647457,260580,-0.06650591500501946,-23.57265187624203
2019,15,previous window down,254138,0.060650187621010765,21.053626288647393,254015,0.06650591500501946,23.572651876241952
2019,15,two windows up in a row,124166,-0.06991060433369728,-22.13178833180526,124153,-0.07399480935157304,-23.962356107962147
2019,15,two windows down in a row,117695,0.06827512798268676,20.705874798803016,117582,0.07211356549963804,21.779491300578904
2019,15,three windows up in a row,56297,-0.08577226475539163,-19.529607763792026,56297,-0.08664930412455601,-19.95014772861128
2019,15,three windows down in a row,51948,0.07942263184047071,18.524012976438243,51858,0.08137165032840715,19.244906305824912
2019,15,RSI14 above 70,16836,-0.08943395837920648,-11.212507198409348,16836,-0.09083736280587879,-11.3368373411575
2019,15,RSI14 below 30,14071,0.09589776599833644,12.466105023015588,14069,0.10353465379525584,13.181897131969505
2019,15,RSI60 above 65,2468,-0.04086270175994633,-1.6965875737376375,2468,-0.04864848483519302,-2.0231601644941892
2019,15,RSI60 below 35,2184,0.057309398627920394,2.3023030011580015,2184,0.06691579185558627,2.684904353382118
2019,15,MACD histogram positive,257670,-0.029093689493566666,-9.28983467576933,257551,-0.03633576601335009,-11.743633068242913
2019,15,MACD histogram negative,257088,0.029093689493566666,9.289834675769297,257044,0.03633576601335009,11.743633068242957
2019,15,above upper Bollinger band,25693,-0.056872202096792945,-11.499396268753841,25690,-0.06334300160260337,-12.781558923567308
2019,15,below lower Bollinger band,25892,0.06355583652611352,14.86735516079594,25888,0.07437486689954087,17.64023715845546
2019,15,EMA9 above EMA21 by 10 bp,35945,-0.0653333464478652,-9.132517429523265,35939,-0.06512807978750712,-9.314489136809126
2019,15,EMA9 below EMA21 by 10 bp,34345,0.06217227636716005,9.394959107695112,34302,0.0675901191654027,10.459498655832572
2019,15,ADX14 above 30 (trending),131213,-0.002575075647266001,-0.6412595207185423,131105,-0.0015099886780370886,-0.38550164517317953
2019,15,ADX14 below 15 (ranging),71664,-0.005921027482897578,-1.172582337450855,71650,-0.005784032091807778,-1.1517210524655774
2019,15,taker buying 60 pct+ of last 15 min,84223,-0.02782572685875251,-6.329854536415519,84218,-0.029527682382217812,-6.677797772054866
2019,15,taker selling 60 pct+ of last 15 min,38175,0.03103473549778457,4.824397403351416,38172,0.036091993569700276,5.697409267627497
2019,15,volume last 5 min 3x the daily average,20928,0.0009834052900870027,0.1432704087624472,20920,0.0028280496851132986,0.4106060991470092
2019,15,trade count last 5 min 3x average,12199,0.002658626447652246,0.32524497383182477,12196,0.006431305763200057,0.7829778850155306
2019,15,OBV rising over 60 min,17583,-0.0639614734356434,-6.879501263635688,17582,-0.06469410320730046,-7.089419072098392
2019,15,OBV falling over 60 min,24495,0.06726044571907597,8.657145975970742,24465,0.06794032409449846,9.082772156352863
2019,15,price 30 bp+ above 60-min VWAP,50506,-0.06444216356293048,-10.017593854915878,50490,-0.06758985480072299,-10.529160657822619
2019,15,price 30 bp+ below 60-min VWAP,42886,0.07886035863524943,12.379923090017975,42813,0.0848160497068483,13.651996708393233
2019,15,high volatility (vol60 in top decile),18568,0.01968628892705282,1.9300735991667475,18553,0.02208836988886731,2.2229450476039037
2019,15,low volatility (vol60 in bottom decile),91138,0.002369593125616354,0.45276762976606527,91113,0.001185092916916597,0.2330028495418419
2019,15,weekend,148365,-0.0025325368418748218,-0.6058136521018628,148365,-0.001475882880158652,-0.3619153779346126
2019,15,US afternoon (14-17 UTC),86160,0.011454800201644688,2.3801543294975924,86160,0.012775766406809441,2.739582790148589
2019,15,Asia early (0-3 UTC),85625,-0.011473246510733337,-2.322178529549263,85550,-0.012396620826135907,-2.5136542637057864
2019,15,sweep: RSI14 < 20,1570,0.09963700120773711,4.907148882068357,1570,0.10405934948725815,4.9869121447476275
2019,15,sweep: RSI14 < 25,4883,0.1127098939905734,9.29173863396648,4883,0.11307342746275972,9.142793090643876
2019,15,sweep: RSI14 < 30,14071,0.09589776599833644,12.466105023015588,14069,0.10353465379525584,13.181897131969505
2019,15,sweep: RSI14 < 35,36582,0.09191850434252535,16.923228643190242,36495,0.10015373797025429,18.88093497223151
2019,15,sweep: RSI14 > 65,41587,-0.08972978254193092,-15.92725711091563,41581,-0.09455897170710154,-17.22576476982242
2019,15,sweep: RSI14 > 70,16836,-0.08943395837920648,-11.212507198409348,16836,-0.09083736280587879,-11.3368373411575
2019,15,sweep: RSI14 > 75,5957,-0.07972321820821404,-6.561275595565356,5957,-0.07756607161873086,-6.488379409657132
2019,15,sweep: RSI14 > 80,1913,-0.05087409927718034,-2.4730754217792255,1913,-0.04777604631219984,-2.3364497336169436
2019,15,sweep: RSI60 < 35,2184,0.057309398627920394,2.3023030011580015,2184,0.06691579185558627,2.684904353382118
2019,15,sweep: RSI60 < 40,11042,0.0878568004776511,7.525158635904573,10950,0.0919480203925257,8.165876757296251
2019,15,sweep: RSI60 < 45,63396,0.09082705547227388,15.456434391100654,63280,0.09415740872020939,16.71223958757669
2019,15,sweep: RSI60 > 55,71660,-0.09156685562668737,-15.894303058666102,71660,-0.0938505549941474,-16.407009499464557
2019,15,sweep: RSI60 > 60,13143,-0.07854647429910727,-6.688495531296692,13143,-0.07672434338560297,-6.562263333039963
2019,15,sweep: RSI60 > 65,2468,-0.04086270175994633,-1.6965875737376375,2468,-0.04864848483519302,-2.0231601644941892
2019,15,sweep: range position < 0.05,5932,0.1313621766514108,11.504921294255817,5866,0.145441183086501,14.109664262918422
2019,15,sweep: range position > 0.95,13490,-0.10177159086306575,-11.494588516698828,13490,-0.10989284400525984,-12.529837069217958
2019,15,sweep: range position < 0.1,16105,0.11686205481404222,13.77261392556367,16034,0.12877098320649505,15.67965383953631
2019,15,sweep: range position > 0.90,31357,-0.09417432137109283,-13.307457131418865,31357,-0.09755742707082571,-14.206360347180576
2019,15,sweep: range position < 0.15,32087,0.09471654489668946,13.636144039940042,32009,0.10089555196977928,14.863311440752959
2019,15,sweep: range position > 0.85,55492,-0.08334623628546778,-14.84235648616851,55492,-0.08524337801150955,-15.29539471954423
2019,15,sweep: 5-min move > +1.5 sd,27979,-0.049488143972486964,-9.682970448678605,27976,-0.05066105083659833,-9.699287790929006
2019,15,sweep: 5-min move < -1.5 sd,27611,0.04861160692535749,9.860798683864978,27607,0.05369653894763393,10.98524384311239
2019,15,sweep: 15-min move > +1.5 sd,24454,-0.06805109710821317,-9.175223519277333,24452,-0.06840973853359456,-9.31917933067943
2019,15,sweep: 15-min move < -1.5 sd,23302,0.0673362003425827,9.377122128671067,23293,0.07434993926159328,10.48814623286982
2019,15,sweep: 5-min move > +2 sd,11464,-0.04814696168938404,-6.321554909803596,11464,-0.046592375148356235,-6.142942746733398
2019,15,sweep: 5-min move < -2 sd,11431,0.0459032538265467,6.391367988545759,11428,0.04886425353111956,6.648800141021651
2019,15,sweep: 15-min move > +2 sd,9253,-0.07093982724535519,-6.136411040595836,9253,-0.06702912121691379,-5.907371875613249
2019,15,sweep: 15-min move < -2 sd,8369,0.08485588759449736,7.502772574877059,8363,0.08863871488973196,7.9287738924592235
2019,15,sweep: 5-min move > +2.5 sd,4913,-0.040703861145029385,-3.5428377805060114,4913,-0.039932290312158,-3.5637378225238043
2019,15,sweep: 5-min move < -2.5 sd,4969,0.041563734712761535,3.9879641247977644,4969,0.046187367119347345,4.430137533129363
2019,15,sweep: 15-min move > +2.5 sd,3488,-0.03854751403368084,-2.1742481055450833,3488,-0.042061621915179925,-2.4104379760829726
2019,15,sweep: 15-min move < -2.5 sd,2854,0.08558958929492688,4.650171922896769,2854,0.09540513050269073,5.222066152389311
2019,15,sweep: 5-min move > +3 sd,2262,-0.0443665544660109,-2.6577333476161087,2262,-0.045304752583733454,-2.7328119740763466
2019,15,sweep: 5-min move < -3 sd,2324,0.04912350174987812,3.312515451426526,2324,0.051234730631546266,3.3243499636174447
2019,15,sweep: 15-min move > +3 sd,1295,0.008815978492079823,0.32882686974523145,1295,0.0072177228576993935,0.2787681264986806
2019,15,sweep: 15-min move < -3 sd,943,0.06253742086014946,2.0990838869355737,943,0.07736101790601257,2.5993304467428002
2019,15,sweep: 4h return > +25 bp,181479,-0.03774903377291433,-9.561418509696631,181455,-0.037816341595840686,-9.623135947593767
2019,15,sweep: 4h return < -25 bp,167489,0.034727952886042635,8.90802374311832,167383,0.03450914957249124,9.125708728596512
2019,15,sweep: 4h return > +50 bp,120870,-0.03515546578777584,-7.434189589970066,120859,-0.03514429717462064,-7.462226096518674
2019,15,sweep: 4h return < -50 bp,111823,0.0389538460126041,8.396529798724371,111720,0.03902502577528877,8.805719620034886
2019,15,sweep: 4h return > +100 bp,63205,-0.02179177875935695,-3.644469925806278,63205,-0.021290418351580576,-3.538341086922692
2019,15,sweep: 4h return < -100 bp,57684,0.03405154875397354,5.854246986938652,57618,0.03478261744774469,6.260081106344404
2019,15,sweep: taker buy share > 0.1 (15 min),188687,-0.028606751849742207,-8.536033378136096,188648,-0.03127266868205092,-9.3905689370096
2019,15,sweep: taker sell share > 0.1 (15 min),92733,0.030962592334935257,7.178659243780546,92718,0.03542825260383309,8.412640942505691
2019,15,sweep: taker buy share > 0.2 (15 min),84223,-0.02782572685875251,-6.329854536415519,84218,-0.029527682382217812,-6.677797772054866
2019,15,sweep: taker sell share > 0.2 (15 min),38175,0.03103473549778457,4.824397403351416,38172,0.036091993569700276,5.697409267627497
2019,15,sweep: taker buy share > 0.3 (15 min),30619,-0.018853754221709373,-2.7237471013764,30617,-0.019706528283528202,-2.8475961209587193
2019,15,sweep: taker sell share > 0.3 (15 min),14783,0.02705598162949474,2.6917424326278376,14782,0.031569302115852405,3.1998303961568206
2019,15,sweep: price > VWAP60 + 15 bp,114388,-0.07615986810794279,-16.137826074454875,114365,-0.08052897477099791,-17.36062474019853
2019,15,sweep: price < VWAP60 - 15 bp,102570,0.07713536983792635,18.3974208435907,102476,0.08300134789104657,20.531871597242628
2019,15,sweep: price > VWAP60 + 30 bp,50506,-0.06444216356293048,-10.017593854915878,50490,-0.06758985480072299,-10.529160657822619
2019,15,sweep: price < VWAP60 - 30 bp,42886,0.07886035863524943,12.379923090017975,42813,0.0848160497068483,13.651996708393233
2019,15,sweep: price > VWAP60 + 50 bp,21791,-0.04891711378353192,-5.552231606621014,21777,-0.049762360873113254,-5.551872388626235
2019,15,sweep: price < VWAP60 - 50 bp,17514,0.07393060518746852,7.820366221813237,17462,0.08170161265571829,8.778880014293573
2019,15,sweep: previous window up,260620,-0.060650187621010765,-21.053626288647457,260580,-0.06650591500501946,-23.57265187624203
2019,15,sweep: previous window down,254138,0.060650187621010765,21.053626288647393,254015,0.06650591500501946,23.572651876241952
2019,15,sweep: two windows up,124166,-0.06991060433369728,-22.13178833180526,124153,-0.07399480935157304,-23.962356107962147
2019,15,sweep: two windows down,117695,0.06827512798268676,20.705874798803016,117582,0.07211356549963804,21.779491300578904
2019,15,sweep: MACD hist > 0,257670,-0.029093689493566666,-9.28983467576933,257551,-0.03633576601335009,-11.743633068242913
2019,15,sweep: MACD hist < 0,257088,0.029093689493566666,9.289834675769297,257044,0.03633576601335009,11.743633068242957
2019,15,sweep: OBV rising,17583,-0.0639614734356434,-6.879501263635688,17582,-0.06469410320730046,-7.089419072098392
2019,15,sweep: OBV falling,24495,0.06726044571907597,8.657145975970742,24465,0.06794032409449846,9.082772156352863
2019,15,sweep: EMA9 > EMA21 + 10 bp,35945,-0.0653333464478652,-9.132517429523265,35939,-0.06512807978750712,-9.314489136809126
2019,15,sweep: EMA9 < EMA21 - 10 bp,34345,0.06217227636716005,9.394959107695112,34302,0.0675901191654027,10.459498655832572
2019,15,sweep: larger trades than usual (size5 > 1.2),72481,0.0008912172963637666,0.22786884399153018,72462,0.0019197907606749443,0.48160714150229494
2019,15,sweep: more trades than usual (nratio5 > 1.5),59678,0.01260606020232169,2.676967337113966,59662,0.014583916284302445,3.0668184727182295
2019,30,price at 4h high (rangepos >= 0.98),5569,-0.1343720341071057,-11.256373591155876,5569,-0.14415666957626316,-12.015144833802536
2019,30,price at 4h low (rangepos <= 0.02),2312,0.16275663282987773,9.85117332676288,2247,0.1687296578280616,11.836150488548808
2019,30,upper quarter of 4h range,116360,-0.09487639801429082,-14.933914895046511,116360,-0.09669501369573091,-15.446410110263306
2019,30,lower quarter of 4h range,79115,0.09480603466411602,14.53934585293618,78960,0.09817929096903699,15.598203963077921
2019,30,last 5 min up more than 2 sd,11464,-0.045962465277622155,-5.694664028505085,11464,-0.0494391848418923,-6.3073192051388585
2019,30,last 5 min down more than 2 sd,11431,0.05355553420563319,7.587096153348252,11417,0.05784641114149858,7.871912853097625
2019,30,last 15 min up more than 2 sd,9253,-0.06076255459034724,-4.862686585069875,9253,-0.06481447309853144,-5.1420442452733806
2019,30,last 15 min down more than 2 sd,8369,0.07267001063842371,6.151621874908888,8352,0.07212211502703925,6.012979839266231
2019,30,4h return above +50 bp,120870,-0.046385095472044946,-7.308931694974215,120840,-0.04758554360132777,-7.600390444606562
2019,30,4h return below -50 bp,111823,0.05300262185382265,8.448046890976885,111676,0.05423418891281895,8.807045270657987
2019,30,previous window up,260614,-0.07070633349881073,-23.84413895788987,260551,-0.07555101757072724,-25.77406054227377
2019,30,previous window down,254129,0.07070633349881073,23.844138957890166,253939,0.07555101757072724,25.77406054227377
2019,30,two windows up in a row,124166,-0.08672427488420353,-22.676394598254806,124151,-0.09030104617851809,-23.79984762440666
2019,30,two windows down in a row,117687,0.08157255697069227,20.50047663053542,117535,0.08556384348529406,21.700500494370136
2019,30,three windows up in a row,56297,-0.1032673832950175,-18.702704336062006,56297,-0.10595197161288322,-19.356822995410315
2019,30,three windows down in a row,51943,0.09457355622065022,17.807466319340243,51837,0.0980311208867442,18.62071051993822
2019,30,RSI14 above 70,16836,-0.09255245236316884,-10.956110325871474,16836,-0.09603924574426326,-11.258687059425133
2019,30,RSI14 below 30,14071,0.09421424152737101,11.051259846406872,14057,0.09780309323051761,11.26146208175001
2019,30,RSI60 above 65,2468,-0.0560652425419485,-1.9011140155376116,2468,-0.05740233210324669,-1.94520719897032
2019,30,RSI60 below 35,2184,0.03847692666589608,1.454887894407443,2181,0.04791874173463784,1.7896334767368043
2019,30,MACD histogram positive,257660,-0.027537430205822,-9.10705635491491,257499,-0.03178111973415021,-10.427037971366321
2019,30,MACD histogram negative,257083,0.027537430205822,9.107056354914967,256991,0.03178111973415021,10.427037971366337
2019,30,above upper Bollinger band,25691,-0.06387207882877882,-13.148090639079216,25687,-0.06893664478790723,-14.410202933852625
2019,30,below lower Bollinger band,25892,0.06684838862935139,14.693687301894325,25879,0.07185187039016472,15.467228378049377
2019,30,EMA9 above EMA21 by 10 bp,35945,-0.05937100083061375,-7.200244669007202,35939,-0.060777697785795004,-7.46420710728328
2019,30,EMA9 below EMA21 by 10 bp,34345,0.0692393807589774,8.859177784910644,34263,0.07258083798751591,9.388545700556179
2019,30,ADX14 above 30 (trending),131213,0.002625386733797197,0.5107839612994163,131068,0.005141496484494024,1.016919741904021
2019,30,ADX14 below 15 (ranging),71664,-0.009422350067170626,-1.4127239647272543,71636,-0.01005912544017884,-1.5099843711277372
2019,30,taker buying 60 pct+ of last 15 min,84223,-0.028308260560566623,-5.616915479620819,84205,-0.03011425798441314,-5.889766791338488
2019,30,taker selling 60 pct+ of last 15 min,38164,0.03556920782508166,4.664141627248491,38160,0.03761719034876243,4.973283601447028
2019,30,volume last 5 min 3x the daily average,20928,0.005350464779134367,0.6203598404956766,20910,0.006216108472189896,0.7035129581037624
2019,30,trade count last 5 min 3x average,12199,0.007401827981890707,0.7237904360696749,12186,0.010037955833149592,0.9838142130756556
2019,30,OBV rising over 60 min,17583,-0.07978942162511904,-6.389658093036195,17582,-0.08059826817177562,-6.4597929726847
2019,30,OBV falling over 60 min,24495,0.08195664904762989,8.242214282369641,24443,0.08421700822758749,8.648250032217096
2019,30,price 30 bp+ above 60-min VWAP,50506,-0.06440614747882284,-8.315587574131289,50490,-0.06765889754543408,-8.76902605793909
2019,30,price 30 bp+ below 60-min VWAP,42886,0.0854732012387932,11.129257687805888,42763,0.0895335566759543,11.831095786511597
2019,30,high volatility (vol60 in top decile),18568,0.03219436617743143,2.5030127483506597,18553,0.033001446637823784,2.65909401302302
2019,30,low volatility (vol60 in bottom decile),91138,-0.004514754733288773,-0.6672887107854207,91113,-0.004365286800104062,-0.6575072221131768
2019,30,weekend,148365,-0.009405413614515412,-1.6529105723629771,148365,-0.008935373400956959,-1.6053051135130383
2019,30,US afternoon (14-17 UTC),86160,0.020214488459043722,2.976721417338969,86160,0.02034449435144048,3.028822469341229
2019,30,Asia early (0-3 UTC),85625,-0.019975169846770724,-2.782457693092574,85475,-0.019979980464783664,-2.851821826854762
2019,30,sweep: RSI14 < 20,1570,0.08741840961220404,4.0055798802719496,1565,0.09329091545840351,4.226879624115612
2019,30,sweep: RSI14 < 25,4883,0.10617482069883355,8.497034747466882,4877,0.1022708563654261,8.0181929006697
2019,30,sweep: RSI14 < 30,14071,0.09421424152737101,11.051259846406872,14057,0.09780309323051761,11.26146208175001
2019,30,sweep: RSI14 < 35,36582,0.09213921624084676,15.460943360780618,36476,0.09607587699714915,16.072987046819073
2019,30,sweep: RSI14 > 65,41587,-0.09486458791606056,-15.448171382114184,41581,-0.09934420235978075,-16.215045284752293
2019,30,sweep: RSI14 > 70,16836,-0.09255245236316884,-10.956110325871474,16836,-0.09603924574426326,-11.258687059425133
2019,30,sweep: RSI14 > 75,5957,-0.07616717706925619,-5.797197559414981,5957,-0.07992076683809657,-5.997739532765841
2019,30,sweep: RSI14 > 80,1913,-0.05223246048986252,-2.3177223003506238,1913,-0.051705288089818335,-2.3314895383887584
2019,30,sweep: RSI60 < 35,2184,0.03847692666589608,1.454887894407443,2181,0.04791874173463784,1.7896334767368043
2019,30,sweep: RSI60 < 40,11042,0.09526600009644748,6.853311173593108,10941,0.10029741006915316,7.4147549219694815
2019,30,sweep: RSI60 < 45,63396,0.10988196200479505,15.028655164311287,63231,0.1140486398682673,15.780078885255785
2019,30,sweep: RSI60 > 55,71660,-0.11059946649575991,-15.581642496902353,71660,-0.11291497322718608,-16.066070764082415
2019,30,sweep: RSI60 > 60,13143,-0.08282425205332439,-5.817021334435242,13143,-0.08406185312511832,-5.8670305386141095
2019,30,sweep: RSI60 > 65,2468,-0.0560652425419485,-1.9011140155376116,2468,-0.05740233210324669,-1.94520719897032
2019,30,sweep: range position < 0.05,5932,0.1596675442002966,13.443548903469765,5864,0.1695230600640908,14.888357625397028
2019,30,sweep: range position > 0.95,13490,-0.13292587722535748,-12.6805538437379,13490,-0.14008468755594816,-13.267639697485142
2019,30,sweep: range position < 0.1,16105,0.14206581024132903,14.627227221805727,16028,0.15031504915108385,15.906832248603363
2019,30,sweep: range position > 0.90,31357,-0.12223987925500396,-14.272906596126688,31357,-0.12711071016720166,-14.98765456779956
2019,30,sweep: range position < 0.15,32087,0.11763627541466193,14.817122224306134,31996,0.12283878153797234,15.745206279112919
2019,30,sweep: range position > 0.85,55492,-0.11259531516029048,-15.268456372898893,55492,-0.11530598789798907,-15.82781103821972
2019,30,sweep: 5-min move > +1.5 sd,27979,-0.04676181963052961,-9.507496333767913,27976,-0.050775731494261234,-10.365653267903918
2019,30,sweep: 5-min move < -1.5 sd,27611,0.05097043113090127,10.805088518684116,27595,0.052714463259044386,10.962671351795798
2019,30,sweep: 15-min move > +1.5 sd,24454,-0.07282075406301891,-9.382563611731612,24452,-0.07586395729339096,-9.793045328894364
2019,30,sweep: 15-min move < -1.5 sd,23302,0.06371628737361634,8.467215897612586,23277,0.06718478471228617,8.913616701452248
2019,30,sweep: 5-min move > +2 sd,11464,-0.045962465277622155,-5.694664028505085,11464,-0.0494391848418923,-6.3073192051388585
2019,30,sweep: 5-min move < -2 sd,11431,0.05355553420563319,7.587096153348252,11417,0.05784641114149858,7.871912853097625
2019,30,sweep: 15-min move > +2 sd,9253,-0.06076255459034724,-4.862686585069875,9253,-0.06481447309853144,-5.1420442452733806
2019,30,sweep: 15-min move < -2 sd,8369,0.07267001063842371,6.151621874908888,8352,0.07212211502703925,6.012979839266231
2019,30,sweep: 5-min move > +2.5 sd,4913,-0.041248208999987546,-3.375734054643263,4913,-0.044034134606667996,-3.6246325738564384
2019,30,sweep: 5-min move < -2.5 sd,4969,0.05340585806832787,4.994662419666429,4964,0.05568875356411507,5.173356510326461
2019,30,sweep: 15-min move > +2.5 sd,3488,-0.03471430406593451,-1.7756795911650505,3488,-0.04158853383722555,-2.1091817567506785
2019,30,sweep: 15-min move < -2.5 sd,2854,0.062031395200411565,3.1979678447952873,2848,0.0620093059385054,3.1507045915944603
2019,30,sweep: 5-min move > +3 sd,2262,-0.04439372707390582,-2.4338731457844225,2262,-0.04624840782419315,-2.553694631126664
2019,30,sweep: 5-min move < -3 sd,2324,0.05943465447890328,3.8997307273300814,2320,0.06119373416558216,4.001130629403827
2019,30,sweep: 15-min move > +3 sd,1295,0.023716374582285038,0.7888381199487527,1295,0.013905128598373895,0.46532485237416665
2019,30,sweep: 15-min move < -3 sd,943,0.03462184121223488,1.0825947784733292,939,0.031083037983796413,0.9838701596081422
2019,30,sweep: 4h return > +25 bp,181473,-0.049976694477573025,-9.118867763402985,181428,-0.052009314747493096,-9.608190075009672
2019,30,sweep: 4h return < -25 bp,167489,0.04823693758278291,9.110108260175375,167337,0.04873365262698787,9.39122479618735
2019,30,sweep: 4h return > +50 bp,120870,-0.046385095472044946,-7.308931694974215,120840,-0.04758554360132777,-7.600390444606562
2019,30,sweep: 4h return < -50 bp,111823,0.05300262185382265,8.448046890976885,111676,0.05423418891281895,8.807045270657987
2019,30,sweep: 4h return > +100 bp,63205,-0.026238433194926858,-3.2345556102290054,63200,-0.028033855339026692,-3.520091192754223
2019,30,sweep: 4h return < -100 bp,57684,0.04806845968153861,5.691666249750945,57588,0.050093863347770884,6.114080497302239
2019,30,sweep: taker buy share > 0.1 (15 min),188687,-0.030149655533812936,-7.849945850081002,188609,-0.032460831133903634,-8.450126481492477
2019,30,sweep: taker sell share > 0.1 (15 min),92720,0.03259884442914107,6.176220701195071,92688,0.035191164797970576,6.796886379940861
2019,30,sweep: taker buy share > 0.2 (15 min),84223,-0.028308260560566623,-5.616915479620819,84205,-0.03011425798441314,-5.889766791338488
2019,30,sweep: taker sell share > 0.2 (15 min),38164,0.03556920782508166,4.664141627248491,38160,0.03761719034876243,4.973283601447028
2019,30,sweep: taker buy share > 0.3 (15 min),30619,-0.013938004504155888,-1.805970204614054,30615,-0.016298040011841985,-2.1015598204301567
2019,30,sweep: taker sell share > 0.3 (15 min),14777,0.037172325105939596,3.26850746012055,14776,0.040995243540268844,3.6174979333968986
2019,30,sweep: price > VWAP60 + 15 bp,114388,-0.08132865932064026,-14.521153655488066,114365,-0.08490231612222021,-15.294636240897253
2019,30,sweep: price < VWAP60 - 15 bp,102570,0.0894477945861673,17.03054422084173,102421,0.0929755765358728,18.22672320430231
2019,30,sweep: price > VWAP60 + 30 bp,50506,-0.06440614747882284,-8.315587574131289,50490,-0.06765889754543408,-8.76902605793909
2019,30,sweep: price < VWAP60 - 30 bp,42886,0.0854732012387932,11.129257687805888,42763,0.0895335566759543,11.831095786511597
2019,30,sweep: price > VWAP60 + 50 bp,21791,-0.04160903111320918,-4.046716060124138,21777,-0.04231688078733936,-4.167792520329759
2019,30,sweep: price < VWAP60 - 50 bp,17514,0.07743569676439055,6.938034170706488,17434,0.08131851824557101,7.376184317192374
2019,30,sweep: previous window up,260614,-0.07070633349881073,-23.84413895788987,260551,-0.07555101757072724,-25.77406054227377
2019,30,sweep: previous window down,254129,0.07070633349881073,23.844138957890166,253939,0.07555101757072724,25.77406054227377
2019,30,sweep: two windows up,124166,-0.08672427488420353,-22.676394598254806,124151,-0.09030104617851809,-23.79984762440666
2019,30,sweep: two windows down,117687,0.08157255697069227,20.50047663053542,117535,0.08556384348529406,21.700500494370136
2019,30,sweep: MACD hist > 0,257660,-0.027537430205822,-9.10705635491491,257499,-0.03178111973415021,-10.427037971366321
2019,30,sweep: MACD hist < 0,257083,0.027537430205822,9.107056354914967,256991,0.03178111973415021,10.427037971366337
2019,30,sweep: OBV rising,17583,-0.07978942162511904,-6.389658093036195,17582,-0.08059826817177562,-6.4597929726847
2019,30,sweep: OBV falling,24495,0.08195664904762989,8.242214282369641,24443,0.08421700822758749,8.648250032217096
2019,30,sweep: EMA9 > EMA21 + 10 bp,35945,-0.05937100083061375,-7.200244669007202,35939,-0.060777697785795004,-7.46420710728328
2019,30,sweep: EMA9 < EMA21 - 10 bp,34345,0.0692393807589774,8.859177784910644,34263,0.07258083798751591,9.388545700556179
2019,30,sweep: larger trades than usual (size5 > 1.2),72481,-0.00012185165687539357,-0.026284739566048054,72457,0.0014605481007454735,0.3134537662742632
2019,30,sweep: more trades than usual (nratio5 > 1.5),59678,0.014733463685994597,2.5368267065909595,59643,0.016235779468091738,2.8078920508898584
2020,1,price at 4h high (rangepos >= 0.98),6800,-0.029664826222088825,-4.2770331102674675,6800,0.0,0.0
2020,1,price at 4h low (rangepos <= 0.02),2358,0.06866452299287995,5.448937151886352,2358,0.0,0.0
2020,1,upper quarter of 4h range,134059,-0.021733511927117644,-12.884531299283553,134057,0.0,0.0
2020,1,lower quarter of 4h range,76039,0.022164240167248772,10.290237466527856,76038,0.0,0.0
2020,1,last 5 min up more than 2 sd,12841,-0.041003649387430285,-8.996581716493447,12841,0.0,0.0
2020,1,last 5 min down more than 2 sd,11898,0.08678561609613855,17.47310726320084,11898,0.0,0.0
2020,1,last 15 min up more than 2 sd,10687,-0.03505764495005781,-7.33925787075218,10687,0.0,0.0
2020,1,last 15 min down more than 2 sd,8527,0.07210581817388173,12.022868059041693,8527,0.0,0.0
2020,1,4h return above +50 bp,140011,-0.007658145486633461,-4.49148124274315,140009,0.0,0.0
2020,1,4h return below -50 bp,114707,0.0038618390279604453,2.140484235469589,114683,0.0,0.0
2020,1,previous window up,261460,-0.017864191869167267,-11.298474895173918,261456,0.0,0.0
2020,1,previous window down,252336,0.017864191869167267,11.298474895173918,252310,0.0,0.0
2020,1,two windows up in a row,124802,-0.020519389935568788,-11.77293905403493,124800,0.0,0.0
2020,1,two windows down in a row,115663,0.02193045323346804,12.740650819126325,115638,0.0,0.0
2020,1,three windows up in a row,55930,-0.02321140847012243,-9.46444992033524,55929,0.0,0.0
2020,1,three windows down in a row,49242,0.021628846834720716,8.396653567407347,49235,0.0,0.0
2020,1,RSI14 above 70,18690,-0.045162048052501624,-11.606538529829404,18690,0.0,0.0
2020,1,RSI14 below 30,14431,0.08926823352123825,18.683462634169583,14431,0.0,0.0
2020,1,RSI60 above 65,3006,-0.04245906406937233,-4.865174784879227,3006,0.0,0.0
2020,1,RSI60 below 35,1762,0.07695885307559547,5.963379033488477,1762,0.0,0.0
2020,1,MACD histogram positive,255229,-0.012015295966170902,-7.427495714344006,255225,0.0,0.0
2020,1,MACD histogram negative,258567,0.012015295966170902,7.427495714343992,258541,0.0,0.0
2020,1,above upper Bollinger band,25285,-0.03488222659081813,-9.883636917207848,25285,0.0,0.0
2020,1,below lower Bollinger band,25535,0.0750435104656762,19.453142383195953,25535,0.0,0.0
2020,1,EMA9 above EMA21 by 10 bp,39762,-0.026948971988244474,-9.309195051796657,39762,0.0,0.0
2020,1,EMA9 below EMA21 by 10 bp,36171,0.03698831174214495,10.37238468874601,36171,0.0,0.0
2020,1,ADX14 above 30 (trending),118430,0.004987634015677478,3.125707329312173,118406,0.0,0.0
2020,1,ADX14 below 15 (ranging),76307,-0.006672050154258646,-3.2478705049210066,76305,0.0,0.0
2020,1,taker buying 60 pct+ of last 15 min,31993,-0.004083005880474944,-1.3781368748339184,31993,0.0,0.0
2020,1,taker selling 60 pct+ of last 15 min,56490,0.013985818522910476,6.15837185083308,56488,0.0,0.0
2020,1,volume last 5 min 3x the daily average,18466,0.014997468536352643,4.698372949886224,18466,0.0,0.0
2020,1,trade count last 5 min 3x average,11029,0.01738062458176559,4.2139563194363205,11029,0.0,0.0
2020,1,OBV rising over 60 min,17390,-0.010550391012205895,-2.804591373554447,17374,0.0,0.0
2020,1,OBV falling over 60 min,20773,0.026575874265458377,7.019082275033278,20773,0.0,0.0
2020,1,price 30 bp+ above 60-min VWAP,55882,-0.035776510775272996,-13.391147217300624,55868,0.0,0.0
2020,1,price 30 bp+ below 60-min VWAP,44289,0.048788228211258,14.125069345330171,44289,0.0,0.0
2020,1,high volatility (vol60 in top decile),48095,-0.0013686155059378091,-0.5161389365882649,48095,0.0,0.0
2020,1,low volatility (vol60 in bottom decile),47763,0.004798329177635452,1.8561369064538245,47763,0.0,0.0
2020,1,weekend,145233,-0.0006193738675520644,-0.3326819988551175,145230,0.0,0.0
2020,1,US afternoon (14-17 UTC),85451,0.0018617311112197887,1.085514243060879,85440,0.0,0.0
2020,1,Asia early (0-3 UTC),85444,-0.0017949122850420274,-0.9862360418213273,85440,0.0,0.0
2020,1,sweep: RSI14 < 20,1454,0.10044726936905657,7.3660789601889824,1454,0.0,0.0
2020,1,sweep: RSI14 < 25,4735,0.10653722885401895,14.07883591469639,4735,0.0,0.0
2020,1,sweep: RSI14 < 30,14431,0.08926823352123825,18.683462634169583,14431,0.0,0.0
2020,1,sweep: RSI14 < 35,37735,0.06475803790263507,20.29872826523725,37735,0.0,0.0
2020,1,sweep: RSI14 > 65,45096,-0.038001153568733625,-12.956847691857927,45073,0.0,0.0
2020,1,sweep: RSI14 > 70,18690,-0.045162048052501624,-11.606538529829404,18690,0.0,0.0
2020,1,sweep: RSI14 > 75,7005,-0.05309855926527535,-8.82611996565552,7005,0.0,0.0
2020,1,sweep: RSI14 > 80,2214,-0.05697455222210146,-4.87248471117784,2214,0.0,0.0
2020,1,sweep: RSI60 < 35,1762,0.07695885307559547,5.963379033488477,1762,0.0,0.0
2020,1,sweep: RSI60 < 40,10450,0.05802387760817529,10.420697655871189,10450,0.0,0.0
2020,1,sweep: RSI60 < 45,64307,0.03361265714608991,14.04094816504912,64307,0.0,0.0
2020,1,sweep: RSI60 > 55,81495,-0.025725148476403337,-12.417532905001138,81495,0.0,0.0
2020,1,sweep: RSI60 > 60,15905,-0.02967356283655137,-7.448365338883805,15905,0.0,0.0
2020,1,sweep: RSI60 > 65,3006,-0.04245906406937233,-4.865174784879227,3006,0.0,0.0
2020,1,sweep: range position < 0.05,6388,0.049554506752315874,6.965533814800934,6388,0.0,0.0
2020,1,sweep: range position > 0.95,16389,-0.02843365094639083,-6.642043186685819,16389,0.0,0.0
2020,1,sweep: range position < 0.1,16398,0.04115685008563075,9.389036636607266,16398,0.0,0.0
2020,1,sweep: range position > 0.90,38455,-0.031003188327352937,-10.853836785504921,38453,0.0,0.0
2020,1,sweep: range position < 0.15,31788,0.033510916332628815,10.89202948784492,31788,0.0,0.0
2020,1,sweep: range position > 0.85,67266,-0.0285208780489552,-13.561709822000706,67264,0.0,0.0
2020,1,sweep: 5-min move > +1.5 sd,30356,-0.030191087603889055,-9.433761241539804,30356,0.0,0.0
2020,1,sweep: 5-min move < -1.5 sd,28564,0.0609644966952132,17.62805585031054,28564,0.0,0.0
2020,1,sweep: 15-min move > +1.5 sd,27323,-0.03204113858807356,-10.102461965407588,27323,0.0,0.0
2020,1,sweep: 15-min move < -1.5 sd,24092,0.0549093738868488,15.390893248372208,24092,0.0,0.0
2020,1,sweep: 5-min move > +2 sd,12841,-0.041003649387430285,-8.996581716493447,12841,0.0,0.0
2020,1,sweep: 5-min move < -2 sd,11898,0.08678561609613855,17.47310726320084,11898,0.0,0.0
2020,1,sweep: 15-min move > +2 sd,10687,-0.03505764495005781,-7.33925787075218,10687,0.0,0.0
2020,1,sweep: 15-min move < -2 sd,8527,0.07210581817388173,12.022868059041693,8527,0.0,0.0
2020,1,sweep: 5-min move > +2.5 sd,5643,-0.04885677087563656,-7.548880487761394,5643,0.0,0.0
2020,1,sweep: 5-min move < -2.5 sd,5247,0.09992897677177526,14.230570965344304,5247,0.0,0.0
2020,1,sweep: 15-min move > +2.5 sd,4038,-0.030093465613059922,-4.050651573394826,4038,0.0,0.0
2020,1,sweep: 15-min move < -2.5 sd,2804,0.07869016388229022,7.826338472142554,2804,0.0,0.0
2020,1,sweep: 5-min move > +3 sd,2541,-0.05443272872157762,-5.335554070960359,2541,0.0,0.0
2020,1,sweep: 5-min move < -3 sd,2335,0.11388168202885995,9.84252075185029,2335,0.0,0.0
2020,1,sweep: 15-min move > +3 sd,1490,-0.03057287987776386,-2.502713280849109,1490,0.0,0.0
2020,1,sweep: 15-min move < -3 sd,857,0.07609803721011288,4.041708240846101,857,0.0,0.0
2020,1,sweep: 4h return > +25 bp,197987,-0.006247292537317706,-4.063475495861497,197985,0.0,0.0
2020,1,sweep: 4h return < -25 bp,165361,0.0038145051416007547,2.423132889155878,165336,0.0,0.0
2020,1,sweep: 4h return > +50 bp,140011,-0.007658145486633461,-4.49148124274315,140009,0.0,0.0
2020,1,sweep: 4h return < -50 bp,114707,0.0038618390279604453,2.140484235469589,114683,0.0,0.0
2020,1,sweep: 4h return > +100 bp,75152,-0.005628676201304195,-2.5946614773013428,75152,0.0,0.0
2020,1,sweep: 4h return < -100 bp,59445,0.0060663593167014085,2.3252110768000414,59421,0.0,0.0
2020,1,sweep: taker buy share > 0.1 (15 min),90917,-0.008021673135462093,-4.040540230335087,90916,0.0,0.0
2020,1,sweep: taker sell share > 0.1 (15 min),157327,0.011578450844544619,7.303723599401196,157325,0.0,0.0
2020,1,sweep: taker buy share > 0.2 (15 min),31993,-0.004083005880474944,-1.3781368748339184,31993,0.0,0.0
2020,1,sweep: taker sell share > 0.2 (15 min),56490,0.013985818522910476,6.15837185083308,56488,0.0,0.0
2020,1,sweep: taker buy share > 0.3 (15 min),9859,0.0013937757897942715,0.291702632652639,9859,0.0,0.0
2020,1,sweep: taker sell share > 0.3 (15 min),15333,0.010055608913495107,2.3219079867812447,15332,0.0,0.0
2020,1,sweep: price > VWAP60 + 15 bp,124455,-0.032157786431456614,-17.24167062930842,124431,0.0,0.0
2020,1,sweep: price < VWAP60 - 15 bp,105263,0.03885938424193697,19.467585632018018,105261,0.0,0.0
2020,1,sweep: price > VWAP60 + 30 bp,55882,-0.035776510775272996,-13.391147217300624,55868,0.0,0.0
2020,1,sweep: price < VWAP60 - 30 bp,44289,0.048788228211258,14.125069345330171,44289,0.0,0.0
2020,1,sweep: price > VWAP60 + 50 bp,22513,-0.04004762872818962,-10.055129686389522,22504,0.0,0.0
2020,1,sweep: price < VWAP60 - 50 bp,17956,0.05215799191757048,9.201113012336954,17956,0.0,0.0
2020,1,sweep: previous window up,261460,-0.017864191869167267,-11.298474895173918,261456,0.0,0.0
2020,1,sweep: previous window down,252336,0.017864191869167267,11.298474895173918,252310,0.0,0.0
2020,1,sweep: two windows up,124802,-0.020519389935568788,-11.77293905403493,124800,0.0,0.0
2020,1,sweep: two windows down,115663,0.02193045323346804,12.740650819126325,115638,0.0,0.0
2020,1,sweep: MACD hist > 0,255229,-0.012015295966170902,-7.427495714344006,255225,0.0,0.0
2020,1,sweep: MACD hist < 0,258567,0.012015295966170902,7.427495714343992,258541,0.0,0.0
2020,1,sweep: OBV rising,17390,-0.010550391012205895,-2.804591373554447,17374,0.0,0.0
2020,1,sweep: OBV falling,20773,0.026575874265458377,7.019082275033278,20773,0.0,0.0
2020,1,sweep: EMA9 > EMA21 + 10 bp,39762,-0.026948971988244474,-9.309195051796657,39762,0.0,0.0
2020,1,sweep: EMA9 < EMA21 - 10 bp,36171,0.03698831174214495,10.37238468874601,36171,0.0,0.0
2020,1,sweep: larger trades than usual (size5 > 1.2),72187,0.003855024645381233,1.9090703454237479,72186,0.0,0.0
2020,1,sweep: more trades than usual (nratio5 > 1.5),63463,0.010505548442549029,5.027611341790602,63463,0.0,0.0
2020,3,price at 4h high (rangepos >= 0.98),6800,-0.04927201134066095,-6.176265577094555,6800,-0.04728324845012527,-6.607706805112735
2020,3,price at 4h low (rangepos <= 0.02),2358,0.10428298046802131,9.6362513438346,2358,0.10635080615902237,9.366328193556143
2020,3,upper quarter of 4h range,134059,-0.036295887679810124,-16.133254247243258,134053,-0.032529272322288416,-15.932625459455888
2020,3,lower quarter of 4h range,76039,0.04537863109611412,15.888261657527172,76036,0.043007923407756665,16.386277814365798
2020,3,last 5 min up more than 2 sd,12841,-0.03752054782478759,-6.637500124403424,12841,-0.038391767037887436,-7.5631348898781345
2020,3,last 5 min down more than 2 sd,11898,0.08934679319486627,14.923571109384051,11897,0.08108130912943545,15.38011572162675
2020,3,last 15 min up more than 2 sd,10687,-0.045804345689401615,-6.954338959448898,10687,-0.03773918825570055,-6.4770727294894
2020,3,last 15 min down more than 2 sd,8527,0.10078429391809074,14.00810102307755,8527,0.0975291082638926,15.60588614216665
2020,3,4h return above +50 bp,140011,-0.011167628716443834,-4.947483556044323,140005,-0.008104313092697324,-3.985053058322728
2020,3,4h return below -50 bp,114707,0.010724520913445557,4.472597392209345,114679,0.010100827777612564,4.497163968006495
2020,3,previous window up,261459,-0.03794043980633527,-19.836695917217696,261445,-0.039084435262512485,-22.43887518619262
2020,3,previous window down,252335,0.03794043980633527,19.836695917217757,252303,0.039084435262512485,22.438875186192544
2020,3,two windows up in a row,124802,-0.041767304400298355,-19.28794478484458,124798,-0.04075218469359637,-20.80993763726023
2020,3,two windows down in a row,115662,0.04519163710172097,20.65305321175801,115635,0.046645463929475106,21.81389181364735
2020,3,three windows up in a row,55930,-0.0442182744580249,-15.116198739695815,55927,-0.04240554792531359,-15.426292224945827
2020,3,three windows down in a row,49241,0.046803315840159176,15.079216935345027,49234,0.047466255615106034,16.01104195778341
2020,3,RSI14 above 70,18690,-0.06930285540063952,-13.815678661015221,18690,-0.06371227919809158,-14.162353930275206
2020,3,RSI14 below 30,14431,0.12277603943080062,20.705337795343087,14431,0.11381727538216485,21.213319886414478
2020,3,RSI60 above 65,3006,-0.04978078279124132,-4.250822278646128,3006,-0.05568267417323841,-5.306040496734944
2020,3,RSI60 below 35,1762,0.11281793912426441,6.8326493434374065,1762,0.12385752753162371,7.857461059885906
2020,3,MACD histogram positive,255227,-0.030001334662110857,-14.241207369931699,255211,-0.03081638497107153,-16.078412832349596
2020,3,MACD histogram negative,258567,0.030001334662110857,14.241207369931669,258537,0.03081638497107153,16.07841283234959
2020,3,above upper Bollinger band,25285,-0.044901667273701096,-10.99384326265951,25283,-0.03867027091733749,-9.769146232266253
2020,3,below lower Bollinger band,25535,0.07638507387392623,18.290902986845126,25535,0.07074256576221605,18.509028324423728
2020,3,EMA9 above EMA21 by 10 bp,39762,-0.04071514268886611,-10.264691817047488,39762,-0.037873545750748916,-10.27353292578493
2020,3,EMA9 below EMA21 by 10 bp,36171,0.06123278530050991,13.604263922973633,36171,0.057320302755300145,13.474108738438312
2020,3,ADX14 above 30 (trending),118430,0.012075509619036362,5.238174889457022,118402,0.01224440265463278,6.084809133857678
2020,3,ADX14 below 15 (ranging),76307,-0.006143477367528738,-2.0225974937252036,76299,-0.0052358908026834405,-1.915951150789645
2020,3,taker buying 60 pct+ of last 15 min,31993,-0.01522360744146839,-3.8529332339181828,31993,-0.012318851106683126,-3.275859872949709
2020,3,taker selling 60 pct+ of last 15 min,56490,0.02308905433944819,7.472826826469574,56484,0.021289756999891774,7.3127110577775705
2020,3,volume last 5 min 3x the daily average,18466,0.020262732131388073,4.375463580624919,18466,0.020067025801067007,4.385035026431036
2020,3,trade count last 5 min 3x average,11029,0.027921162928836618,4.553313355686158,11029,0.029373104130912098,4.942530609551889
2020,3,OBV rising over 60 min,17390,-0.019347467631252224,-3.8342839659747843,17372,-0.022660055416681923,-5.031355937714725
2020,3,OBV falling over 60 min,20773,0.045210853995461764,9.22882989048219,20773,0.046933195930821126,10.132159995868388
2020,3,price 30 bp+ above 60-min VWAP,55882,-0.0516568758139232,-14.296162984093817,55866,-0.04785498562225393,-14.206105594528967
2020,3,price 30 bp+ below 60-min VWAP,44289,0.07462455055244549,16.25330947134263,44289,0.07264381800928404,16.82375925203617
2020,3,high volatility (vol60 in top decile),48095,0.006520670021333275,1.9640132823289065,48095,0.004726936837876949,1.4967652726926317
2020,3,low volatility (vol60 in bottom decile),47763,-0.0004257642995162403,-0.12273578091008584,47763,-0.0007594742928024312,-0.2393811562319673
2020,3,weekend,145233,-0.0013528935070471482,-0.5808839312191718,145224,-0.0011544251443446063,-0.49468549034786546
2020,3,US afternoon (14-17 UTC),85451,0.005180328086975217,2.1186167669978215,85440,0.004671360093382426,2.1022792972915485
2020,3,Asia early (0-3 UTC),85444,-0.004456111064277457,-1.8342465328937732,85432,-0.0050154974613519365,-2.3355689224311194
2020,3,sweep: RSI14 < 20,1454,0.14367275610424413,7.94100922597919,1454,0.13756395169600133,8.551937610302716
2020,3,sweep: RSI14 < 25,4735,0.13747967503234682,14.172296031110353,4735,0.13720733956770226,15.373057677143114
2020,3,sweep: RSI14 < 30,14431,0.12277603943080062,20.705337795343087,14431,0.11381727538216485,21.213319886414478
2020,3,sweep: RSI14 < 35,37735,0.09892587576635159,25.478464182448565,37735,0.0927389766667428,26.6749863143338
2020,3,sweep: RSI14 > 65,45096,-0.06421102668530021,-17.802033099968234,45070,-0.06068129612818873,-18.9577050131295
2020,3,sweep: RSI14 > 70,18690,-0.06930285540063952,-13.815678661015221,18690,-0.06371227919809158,-14.162353930275206
2020,3,sweep: RSI14 > 75,7005,-0.07307592357507942,-8.970941622868844,7005,-0.06402959298326044,-8.799701407071442
2020,3,sweep: RSI14 > 80,2214,-0.07016034212233652,-4.814458088832699,2214,-0.07073181821859809,-5.304205758672747
2020,3,sweep: RSI60 < 35,1762,0.11281793912426441,6.8326493434374065,1762,0.12385752753162371,7.857461059885906
2020,3,sweep: RSI60 < 40,10450,0.09290376925628574,12.434658667276375,10450,0.08911529788747874,12.720185418371566
2020,3,sweep: RSI60 < 45,64307,0.06187181446175172,19.177134965071883,64307,0.059073819155316676,20.104662404758965
2020,3,sweep: RSI60 > 55,81495,-0.04862963909797213,-17.070224334043417,81494,-0.04410163885006141,-17.31560939653981
2020,3,sweep: RSI60 > 60,15905,-0.047477411340834996,-8.779718216012341,15905,-0.041670495849494005,-8.52407354887412
2020,3,sweep: RSI60 > 65,3006,-0.04978078279124132,-4.250822278646128,3006,-0.05568267417323841,-5.306040496734944
2020,3,sweep: range position < 0.05,6388,0.0871824426389679,11.732372493508905,6388,0.09130726945449397,12.660715826791751
2020,3,sweep: range position > 0.95,16389,-0.0562608274242728,-11.035702579782775,16389,-0.05784409680021885,-11.953843304330235
2020,3,sweep: range position < 0.1,16398,0.08112417907638003,14.198247373485568,16398,0.076266928466451,14.579974130895586
2020,3,sweep: range position > 0.90,38455,-0.057284859297711155,-15.403702387532846,38451,-0.05421992043912305,-15.818384812385373
2020,3,sweep: range position < 0.15,31788,0.06638144246088334,15.652859713582423,31787,0.06334857798861987,15.696694868242055
2020,3,sweep: range position > 0.85,67266,-0.05159604948346813,-17.50295425552325,67260,-0.04611103898067942,-17.177115357671592
2020,3,sweep: 5-min move > +1.5 sd,30356,-0.037315143563315945,-9.414270514078758,30356,-0.038930744371958426,-11.07107363478959
2020,3,sweep: 5-min move < -1.5 sd,28564,0.07018088497498565,17.55663641869181,28563,0.06514019688097317,18.73032640781117
2020,3,sweep: 15-min move > +1.5 sd,27323,-0.04976587252179021,-11.517471249638467,27323,-0.04487716667648156,-11.697613782120936
2020,3,sweep: 15-min move < -1.5 sd,24092,0.08094581431675507,19.029689516515035,24091,0.07791992588853675,20.555653013768914
2020,3,sweep: 5-min move > +2 sd,12841,-0.03752054782478759,-6.637500124403424,12841,-0.038391767037887436,-7.5631348898781345
2020,3,sweep: 5-min move < -2 sd,11898,0.08934679319486627,14.923571109384051,11897,0.08108130912943545,15.38011572162675
2020,3,sweep: 15-min move > +2 sd,10687,-0.045804345689401615,-6.954338959448898,10687,-0.03773918825570055,-6.4770727294894
2020,3,sweep: 15-min move < -2 sd,8527,0.10078429391809074,14.00810102307755,8527,0.0975291082638926,15.60588614216665
2020,3,sweep: 5-min move > +2.5 sd,5643,-0.03970362026923957,-4.818672570143738,5643,-0.039267260447818364,-5.305261866437684
2020,3,sweep: 5-min move < -2.5 sd,5247,0.10454835714867161,11.087148395086546,5247,0.09725542195888914,11.69258459120878
2020,3,sweep: 15-min move > +2.5 sd,4038,-0.03165163178556296,-3.353380976621145,4038,-0.0321074461544717,-3.823749639156469
2020,3,sweep: 15-min move < -2.5 sd,2804,0.1057931543420273,8.35063048013361,2804,0.1112452243022275,9.457926547960044
2020,3,sweep: 5-min move > +3 sd,2541,-0.03458486483062645,-2.866625478174187,2541,-0.04012297794464309,-3.4981153797600326
2020,3,sweep: 5-min move < -3 sd,2335,0.11330325602132973,8.090246870041867,2335,0.10893026777207437,9.014602558753413
2020,3,sweep: 15-min move > +3 sd,1490,-0.04633025672047497,-2.8853957276441906,1490,-0.04890742057647596,-3.3593276700937165
2020,3,sweep: 15-min move < -3 sd,857,0.11237610527293818,4.45640944576055,857,0.1038129757722911,4.731475360730304
2020,3,sweep: 4h return > +25 bp,197986,-0.00986016389930583,-4.631915886030362,197980,-0.007924353955237218,-4.144898129444483
2020,3,sweep: 4h return < -25 bp,165361,0.009472685141367121,4.490002151091497,165332,0.00847123691206908,4.446591924192046
2020,3,sweep: 4h return > +50 bp,140011,-0.011167628716443834,-4.947483556044323,140005,-0.008104313092697324,-3.985053058322728
2020,3,sweep: 4h return < -50 bp,114707,0.010724520913445557,4.472597392209345,114679,0.010100827777612564,4.497163968006495
2020,3,sweep: 4h return > +100 bp,75152,-0.010273541465708858,-3.540123327028471,75152,-0.007732006234894895,-2.827138419206351
2020,3,sweep: 4h return < -100 bp,59445,0.013864716852450498,4.4553268040911105,59417,0.01173550015616387,4.072860527087296
2020,3,sweep: taker buy share > 0.1 (15 min),90917,-0.02073193912121224,-7.6256202098286465,90914,-0.019704182236285728,-7.733197431197281
2020,3,sweep: taker sell share > 0.1 (15 min),157327,0.02443113742593711,11.548604384448774,157321,0.02209338689402862,11.330956373358791
2020,3,sweep: taker buy share > 0.2 (15 min),31993,-0.01522360744146839,-3.8529332339181828,31993,-0.012318851106683126,-3.275859872949709
2020,3,sweep: taker sell share > 0.2 (15 min),56490,0.02308905433944819,7.472826826469574,56484,0.021289756999891774,7.3127110577775705
2020,3,sweep: taker buy share > 0.3 (15 min),9859,-0.016658876184140747,-2.352303055278802,9859,-0.01296188637313711,-2.0558218967927124
2020,3,sweep: taker sell share > 0.3 (15 min),15333,0.025174837657909066,4.31811743797256,15330,0.022057256609357534,4.043892359323553
2020,3,sweep: price > VWAP60 + 15 bp,124455,-0.05144409015043894,-21.50231262036097,124425,-0.049407994296231106,-22.508167240749493
2020,3,sweep: price < VWAP60 - 15 bp,105263,0.0653485230407147,23.797251833393084,105259,0.06337742262878482,24.433052344369305
2020,3,sweep: price > VWAP60 + 30 bp,55882,-0.0516568758139232,-14.296162984093817,55866,-0.04785498562225393,-14.206105594528967
2020,3,sweep: price < VWAP60 - 30 bp,44289,0.07462455055244549,16.25330947134263,44289,0.07264381800928404,16.82375925203617
2020,3,sweep: price > VWAP60 + 50 bp,22513,-0.0526613251108381,-10.068712775232171,22502,-0.05011921669211705,-10.32620329566752
2020,3,sweep: price < VWAP60 - 50 bp,17956,0.07211943152650746,10.536598711486434,17956,0.07460771137484967,11.026852065164528
2020,3,sweep: previous window up,261459,-0.03794043980633527,-19.836695917217696,261445,-0.039084435262512485,-22.43887518619262
2020,3,sweep: previous window down,252335,0.03794043980633527,19.836695917217757,252303,0.039084435262512485,22.438875186192544
2020,3,sweep: two windows up,124802,-0.041767304400298355,-19.28794478484458,124798,-0.04075218469359637,-20.80993763726023
2020,3,sweep: two windows down,115662,0.04519163710172097,20.65305321175801,115635,0.046645463929475106,21.81389181364735
2020,3,sweep: MACD hist > 0,255227,-0.030001334662110857,-14.241207369931699,255211,-0.03081638497107153,-16.078412832349596
2020,3,sweep: MACD hist < 0,258567,0.030001334662110857,14.241207369931669,258537,0.03081638497107153,16.07841283234959
2020,3,sweep: OBV rising,17390,-0.019347467631252224,-3.8342839659747843,17372,-0.022660055416681923,-5.031355937714725
2020,3,sweep: OBV falling,20773,0.045210853995461764,9.22882989048219,20773,0.046933195930821126,10.132159995868388
2020,3,sweep: EMA9 > EMA21 + 10 bp,39762,-0.04071514268886611,-10.264691817047488,39762,-0.037873545750748916,-10.27353292578493
2020,3,sweep: EMA9 < EMA21 - 10 bp,36171,0.06123278530050991,13.604263922973633,36171,0.057320302755300145,13.474108738438312
2020,3,sweep: larger trades than usual (size5 > 1.2),72187,0.006704157870843552,2.4391017957068035,72184,0.0048226989881703375,1.8650863068314196
2020,3,sweep: more trades than usual (nratio5 > 1.5),63463,0.0159661674657946,6.194796690992068,63463,0.01443614477373878,5.745705038361896
2020,5,price at 4h high (rangepos >= 0.98),6800,-0.06763591118272666,-7.874383988010316,6800,-0.07083079691940292,-8.7976164782482
2020,5,price at 4h low (rangepos <= 0.02),2358,0.13385685457925267,11.10620204380401,2358,0.14318250875953487,11.969798181367972
2020,5,upper quarter of 4h range,134059,-0.04806076651257524,-17.87592626867709,134049,-0.04534401291099288,-17.555955021689567
2020,5,lower quarter of 4h range,76039,0.05766768420749557,16.772113818477507,76034,0.05929578664627466,19.01842392419327
2020,5,last 5 min up more than 2 sd,12841,-0.042789516294683916,-6.987301926186254,12841,-0.046636278733947045,-7.6781074383018
2020,5,last 5 min down more than 2 sd,11898,0.08468907976283269,12.795099878063645,11897,0.08727684614163966,14.286904278819316
2020,5,last 15 min up more than 2 sd,10687,-0.05295023546147659,-6.924762568439335,10687,-0.05447663095154831,-7.504889548025003
2020,5,last 15 min down more than 2 sd,8527,0.1044120286144028,13.684610003569334,8527,0.10801538280259704,15.037606045349957
2020,5,4h return above +50 bp,140011,-0.01618677454375439,-5.853632782801839,140001,-0.014422578561779476,-5.515295454353956
2020,5,4h return below -50 bp,114707,0.01615636928251829,5.529778112205928,114676,0.015406831004081134,5.5633294816744625
2020,5,previous window up,261458,-0.04787669204472006,-22.22874253276949,261435,-0.053317640811799016,-26.8049419014804
2020,5,previous window down,252334,0.04787669204472006,22.22874253276937,252295,0.053317640811799016,26.804941901480397
2020,5,two windows up in a row,124802,-0.05552227515860375,-21.963628965446365,124793,-0.05768011223351932,-23.914530438843865
2020,5,two windows down in a row,115662,0.059463504932193934,22.667708957915792,115632,0.06111438878653658,24.24576463415908
2020,5,three windows up in a row,55930,-0.060123665299451345,-17.21820524311233,55924,-0.06066969767303887,-18.164345828329278
2020,5,three windows down in a row,49241,0.06547410520414065,17.320847257435602,49234,0.06624925387017638,18.24254956903436
2020,5,RSI14 above 70,18690,-0.08103740583040386,-14.635804245095873,18690,-0.08258998175761234,-14.952498982696094
2020,5,RSI14 below 30,14431,0.1252672439180197,19.877522263027256,14431,0.13014727682095684,21.062728230232995
2020,5,RSI60 above 65,3006,-0.049394228188558265,-3.4243661132088783,3006,-0.05436913757690459,-4.408251707539719
2020,5,RSI60 below 35,1762,0.12567360520407933,6.597807939943876,1762,0.14199760170524278,7.758093281173426
2020,5,MACD histogram positive,255225,-0.03360031463268376,-14.177765943500129,255199,-0.04000999763118912,-18.204930808371962
2020,5,MACD histogram negative,258567,0.03360031463268376,14.177765943500125,258531,0.04000999763118912,18.20493080837201
2020,5,above upper Bollinger band,25285,-0.05314453167836436,-12.386555930829912,25283,-0.05982385653626615,-13.602489854449967
2020,5,below lower Bollinger band,25535,0.08315796754805804,19.45615948702825,25535,0.08392602327038912,20.265307039723215
2020,5,EMA9 above EMA21 by 10 bp,39762,-0.04767477369406259,-10.471674148379835,39762,-0.04892954106284586,-11.52661112932501
2020,5,EMA9 below EMA21 by 10 bp,36171,0.06966918964382296,12.870861026906061,36171,0.07075932846005828,13.951858186553537
2020,5,ADX14 above 30 (trending),118430,0.012566317530034787,4.434831702931021,118398,0.012446382367244047,4.71190942611389
2020,5,ADX14 below 15 (ranging),76307,-0.005487372995162554,-1.4832900838315737,76293,-0.004952034760786428,-1.4229777942824302
2020,5,taker buying 60 pct+ of last 15 min,31993,-0.02193030885325925,-4.75244968702344,31993,-0.022861835577854206,-5.2789269582841944
2020,5,taker selling 60 pct+ of last 15 min,56490,0.02575740913131419,6.813830737442754,56482,0.028472957555851552,7.941614396259804
2020,5,volume last 5 min 3x the daily average,18466,0.02796369991209391,5.44416450819772,18466,0.025995549021529785,5.230904229981396
2020,5,trade count last 5 min 3x average,11029,0.03214228706216049,4.8317884884915685,11029,0.03224958698759861,5.032628516192912
2020,5,OBV rising over 60 min,17390,-0.024693021170104246,-4.202854376247885,17370,-0.024323466314330744,-4.403209399860028
2020,5,OBV falling over 60 min,20773,0.05487363581053761,8.837452404530373,20773,0.0547148736290648,9.33952004351188
2020,5,price 30 bp+ above 60-min VWAP,55882,-0.061669256058853816,-14.96707137351595,55864,-0.06349197789470612,-16.189233498788916
2020,5,price 30 bp+ below 60-min VWAP,44289,0.08635846203455488,16.691967430123196,44289,0.08659896479205431,17.574087870806178
2020,5,high volatility (vol60 in top decile),48095,0.011119697512171234,2.9904794885179244,48095,0.008943495467272689,2.4768321448750377
2020,5,low volatility (vol60 in bottom decile),47763,-0.002523259692948865,-0.6087517872264856,47763,-0.0008843444049467797,-0.22817608025070843
2020,5,weekend,145233,-0.002767641112315422,-0.9716920828755641,145218,-0.0020640499663604484,-0.7490215142459318
2020,5,US afternoon (14-17 UTC),85451,0.005613388605466896,1.9177110348872497,85440,0.005933752653943136,2.1660270758310407
2020,5,Asia early (0-3 UTC),85444,-0.005005507123656994,-1.6817689341645905,85424,-0.005619944407377786,-2.0085844587545267
2020,5,sweep: RSI14 < 20,1454,0.13206692132611064,6.920496599757523,1454,0.14968770917989604,8.406134513747979
2020,5,sweep: RSI14 < 25,4735,0.1385014197079094,13.379601812133888,4735,0.1469820049246474,14.997164709826292
2020,5,sweep: RSI14 < 30,14431,0.1252672439180197,19.877522263027256,14431,0.13014727682095684,21.062728230232995
2020,5,sweep: RSI14 < 35,37735,0.11026995861772443,25.067139422008996,37735,0.11259411545879627,28.147632782628627
2020,5,sweep: RSI14 > 65,45096,-0.07694101673622616,-18.71864381449323,45068,-0.0781732342496973,-20.5356248704597
2020,5,sweep: RSI14 > 70,18690,-0.08103740583040386,-14.635804245095873,18690,-0.08258998175761234,-14.952498982696094
2020,5,sweep: RSI14 > 75,7005,-0.07967849380390662,-9.645960963498029,7005,-0.08103323644589128,-9.663526123310541
2020,5,sweep: RSI14 > 80,2214,-0.0693913844830249,-4.554439877624954,2214,-0.07218824913481581,-4.964466554511122
2020,5,sweep: RSI60 < 35,1762,0.12567360520407933,6.597807939943876,1762,0.14199760170524278,7.758093281173426
2020,5,sweep: RSI60 < 40,10450,0.10576646327525763,12.821873691355156,10450,0.11142623813619978,14.112110114756904
2020,5,sweep: RSI60 < 45,64307,0.07580692199059758,19.579165230112462,64307,0.07679012726611889,21.083291663026408
2020,5,sweep: RSI60 > 55,81495,-0.06357027533222626,-18.262487447746484,81494,-0.061148095432331184,-18.49838483667031
2020,5,sweep: RSI60 > 60,15905,-0.05486910159542646,-8.758771721208355,15905,-0.05525893215493688,-9.364597345911836
2020,5,sweep: RSI60 > 65,3006,-0.049394228188558265,-3.4243661132088783,3006,-0.05436913757690459,-4.408251707539719
2020,5,sweep: range position < 0.05,6388,0.11548982417886311,14.258117966685665,6388,0.1261751162276279,16.534474306148322
2020,5,sweep: range position > 0.95,16389,-0.07434116149086151,-12.388147067571861,16389,-0.07754466503521651,-13.336796681905955
2020,5,sweep: range position < 0.1,16398,0.09706886033144146,15.691186863709396,16398,0.10552180100536901,17.88724426330009
2020,5,sweep: range position > 0.90,38455,-0.07470552490341692,-17.033604586811844,38451,-0.07514865585976721,-17.885587942013718
2020,5,sweep: range position < 0.15,31788,0.07856040686607557,16.015768422840996,31787,0.08193310936512455,17.866807722319276
2020,5,sweep: range position > 0.85,67266,-0.06709041263843946,-19.776064832252136,67256,-0.06522830045307515,-20.315734726270307
2020,5,sweep: 5-min move > +1.5 sd,30356,-0.04344289584779515,-10.099340856733207,30356,-0.05067507432054924,-12.27964373531936
2020,5,sweep: 5-min move < -1.5 sd,28564,0.06723237922905567,15.175195503414553,28563,0.07354730309088953,17.83614023427287
2020,5,sweep: 15-min move > +1.5 sd,27323,-0.0574244238876373,-11.49522920496521,27323,-0.05656285581374376,-12.460208967650358
2020,5,sweep: 15-min move < -1.5 sd,24092,0.08831250745262753,18.833713916393393,24090,0.09150339323010215,20.3288346798027
2020,5,sweep: 5-min move > +2 sd,12841,-0.042789516294683916,-6.987301926186254,12841,-0.046636278733947045,-7.6781074383018
2020,5,sweep: 5-min move < -2 sd,11898,0.08468907976283269,12.795099878063645,11897,0.08727684614163966,14.286904278819316
2020,5,sweep: 15-min move > +2 sd,10687,-0.05295023546147659,-6.924762568439335,10687,-0.05447663095154831,-7.504889548025003
2020,5,sweep: 15-min move < -2 sd,8527,0.1044120286144028,13.684610003569334,8527,0.10801538280259704,15.037606045349957
2020,5,sweep: 5-min move > +2.5 sd,5643,-0.03414409372317906,-3.843242854871143,5643,-0.04505129882549186,-5.077381161038302
2020,5,sweep: 5-min move < -2.5 sd,5247,0.09449675542407365,9.99683729119491,5247,0.1006542376914159,11.09370585988584
2020,5,sweep: 15-min move > +2.5 sd,4038,-0.038353989481661244,-3.3128447942610872,4038,-0.0437151310993642,-4.133815830666131
2020,5,sweep: 15-min move < -2.5 sd,2804,0.11029273188835809,7.775519838963438,2804,0.1271669648869983,9.442734557730034
2020,5,sweep: 5-min move > +3 sd,2541,-0.024673856184476872,-1.8910366900394975,2541,-0.03576463422199183,-2.7886177292404195
2020,5,sweep: 5-min move < -3 sd,2335,0.09844337765218658,6.987766700519926,2335,0.11172870495539422,8.235521170425057
2020,5,sweep: 15-min move > +3 sd,1490,-0.04020317923318034,-2.243162735232974,1490,-0.048575384650860975,-2.939617603066967
2020,5,sweep: 15-min move < -3 sd,857,0.1115972862559017,3.881074889319149,857,0.1295070259943959,4.906978584105562
2020,5,sweep: 4h return > +25 bp,197985,-0.01533671568350714,-6.11639368956911,197975,-0.013335565345876876,-5.634073472324498
2020,5,sweep: 4h return < -25 bp,165361,0.015389164562538693,5.933343583872649,165327,0.013996039335772426,5.820747645563098
2020,5,sweep: 4h return > +50 bp,140011,-0.01618677454375439,-5.853632782801839,140001,-0.014422578561779476,-5.515295454353956
2020,5,sweep: 4h return < -50 bp,114707,0.01615636928251829,5.529778112205928,114676,0.015406831004081134,5.5633294816744625
2020,5,sweep: 4h return > +100 bp,75152,-0.014530499966781407,-4.177260031815602,75152,-0.012764440689803147,-3.7057070115646367
2020,5,sweep: 4h return < -100 bp,59445,0.01900891488648626,4.74383372315272,59414,0.017211229164962094,4.7639391640105515
2020,5,sweep: taker buy share > 0.1 (15 min),90917,-0.029268454554888246,-9.561867211674112,90913,-0.028571380320544237,-9.834528406272222
2020,5,sweep: taker sell share > 0.1 (15 min),157327,0.027446198741166772,10.883039052621289,157317,0.027525186723869333,11.578980502256062
2020,5,sweep: taker buy share > 0.2 (15 min),31993,-0.02193030885325925,-4.75244968702344,31993,-0.022861835577854206,-5.2789269582841944
2020,5,sweep: taker sell share > 0.2 (15 min),56490,0.02575740913131419,6.813830737442754,56482,0.028472957555851552,7.941614396259804
2020,5,sweep: taker buy share > 0.3 (15 min),9859,-0.030637387887161527,-3.863370735099396,9859,-0.030770235906539933,-4.1090634103951675
2020,5,sweep: taker sell share > 0.3 (15 min),15333,0.030027597295129715,4.23468640489972,15328,0.03126826872086108,4.832435109772619
2020,5,sweep: price > VWAP60 + 15 bp,124455,-0.06377589983061938,-22.550679701902148,124421,-0.06560280111811206,-25.284128751714313
2020,5,sweep: price < VWAP60 - 15 bp,105263,0.08022755088114114,25.69911093327358,105257,0.08171160157955937,27.13441275716797
2020,5,sweep: price > VWAP60 + 30 bp,55882,-0.061669256058853816,-14.96707137351595,55864,-0.06349197789470612,-16.189233498788916
2020,5,sweep: price < VWAP60 - 30 bp,44289,0.08635846203455488,16.691967430123196,44289,0.08659896479205431,17.574087870806178
2020,5,sweep: price > VWAP60 + 50 bp,22513,-0.06119841787407504,-10.365200274537182,22500,-0.06369329687157183,-11.510936031764873
2020,5,sweep: price < VWAP60 - 50 bp,17956,0.0858590636876031,10.504454618021025,17956,0.09046275156832506,11.715394902626597
2020,5,sweep: previous window up,261458,-0.04787669204472006,-22.22874253276949,261435,-0.053317640811799016,-26.8049419014804
2020,5,sweep: previous window down,252334,0.04787669204472006,22.22874253276937,252295,0.053317640811799016,26.804941901480397
2020,5,sweep: two windows up,124802,-0.05552227515860375,-21.963628965446365,124793,-0.05768011223351932,-23.914530438843865
2020,5,sweep: two windows down,115662,0.059463504932193934,22.667708957915792,115632,0.06111438878653658,24.24576463415908
2020,5,sweep: MACD hist > 0,255225,-0.03360031463268376,-14.177765943500129,255199,-0.04000999763118912,-18.204930808371962
2020,5,sweep: MACD hist < 0,258567,0.03360031463268376,14.177765943500125,258531,0.04000999763118912,18.20493080837201
2020,5,sweep: OBV rising,17390,-0.024693021170104246,-4.202854376247885,17370,-0.024323466314330744,-4.403209399860028
2020,5,sweep: OBV falling,20773,0.05487363581053761,8.837452404530373,20773,0.0547148736290648,9.33952004351188
2020,5,sweep: EMA9 > EMA21 + 10 bp,39762,-0.04767477369406259,-10.471674148379835,39762,-0.04892954106284586,-11.52661112932501
2020,5,sweep: EMA9 < EMA21 - 10 bp,36171,0.06966918964382296,12.870861026906061,36171,0.07075932846005828,13.951858186553537
2020,5,sweep: larger trades than usual (size5 > 1.2),72187,0.0058119188012660805,1.9599512266398063,72183,0.005864379699067945,1.9667591642084574
2020,5,sweep: more trades than usual (nratio5 > 1.5),63463,0.016911875560737366,5.51588439083697,63463,0.016587131061517435,5.518207127263684
2020,10,price at 4h high (rangepos >= 0.98),6800,-0.09890718946384397,-11.334793150362495,6800,-0.09515565950972754,-11.011861547058961
2020,10,price at 4h low (rangepos <= 0.02),2358,0.14828158048152962,10.686037093502716,2358,0.14915958009392627,11.747155414566201
2020,10,upper quarter of 4h range,134059,-0.06050919218380735,-16.807905564071888,134039,-0.06052331372712877,-17.1094963749001
2020,10,lower quarter of 4h range,76039,0.07409376842388232,16.584753019715887,76032,0.07631731858976204,17.46663603119763
2020,10,last 5 min up more than 2 sd,12840,-0.024939851615743802,-3.915484232692847,12836,-0.030431938908027034,-4.593446557241925
2020,10,last 5 min down more than 2 sd,11898,0.06739943854698893,9.944275691258913,11897,0.06601245790057697,9.7535162066195
2020,10,last 15 min up more than 2 sd,10687,-0.03683010938990272,-4.23306482216889,10687,-0.039479733713342346,-4.570157144382008
2020,10,last 15 min down more than 2 sd,8527,0.09110372183561732,9.994001081578258,8527,0.09661580740214237,10.682475866444282
2020,10,4h return above +50 bp,140011,-0.02371065414258633,-6.450692586584176,139992,-0.023427269841707177,-6.676108197535801
2020,10,4h return below -50 bp,114707,0.02516711261011262,6.254481419398573,114670,0.024756018926046397,6.39587955787821
2020,10,previous window up,261456,-0.05433481831158071,-20.76255782652173,261416,-0.060779469127876184,-23.628864691109637
2020,10,previous window down,252331,0.05433481831158071,20.76255782652177,252269,0.060779469127876184,23.628864691109477
2020,10,two windows up in a row,124802,-0.07003434798871472,-24.375877274986955,124785,-0.07250275276767376,-25.687655455659378
2020,10,two windows down in a row,115659,0.07505536049730732,23.299791221765854,115625,0.07869413737708963,24.884022841656595
2020,10,three windows up in a row,55930,-0.07705697635637526,-18.439030261573276,55922,-0.07946649658644311,-19.251166000096738
2020,10,three windows down in a row,49239,0.08606554469444538,19.967238179743237,49232,0.08730981868753573,20.460484003596854
2020,10,RSI14 above 70,18690,-0.0698082695865902,-11.291006093037787,18690,-0.07633408925214052,-12.32394113023826
2020,10,RSI14 below 30,14431,0.11867416172366785,16.834736942868044,14431,0.11813085604631257,16.496686754683275
2020,10,RSI60 above 65,3006,-0.049245607332461916,-2.971245681336375,3006,-0.04821597760148527,-3.0904996614614064
2020,10,RSI60 below 35,1762,0.1115258941858075,4.636557003897107,1762,0.13319234816020975,5.754719719533653
2020,10,MACD histogram positive,255220,-0.02224203750549769,-8.013810040372652,255177,-0.02996050128414013,-10.729902221552825
2020,10,MACD histogram negative,258567,0.02224203750549769,8.013810040372652,258508,0.02996050128414013,10.729902221552837
2020,10,above upper Bollinger band,25285,-0.056519866989428125,-12.130576655655208,25280,-0.06380396967382462,-14.031612471719331
2020,10,below lower Bollinger band,25535,0.07670081261631889,17.830609675563835,25534,0.07819481357050884,18.558883465352505
2020,10,EMA9 above EMA21 by 10 bp,39762,-0.043414679985012083,-8.522798922023666,39762,-0.04755832493881568,-9.428694674917349
2020,10,EMA9 below EMA21 by 10 bp,36171,0.07413365607819034,12.399543678677311,36171,0.07597655099478384,12.935187315683411
2020,10,ADX14 above 30 (trending),118429,0.01719956211876994,4.705901532577088,118387,0.016012527051925796,4.484349479681349
2020,10,ADX14 below 15 (ranging),76307,-0.008833638804738753,-1.8877167571876325,76278,-0.008194848319718728,-1.8043711683388182
2020,10,taker buying 60 pct+ of last 15 min,31993,-0.024456061063207746,-4.085999600080152,31993,-0.027195648456643073,-4.753218915924945
2020,10,taker selling 60 pct+ of last 15 min,56490,0.028677141416155627,5.759847207510636,56477,0.03234510239797417,6.658091947875511
2020,10,volume last 5 min 3x the daily average,18466,0.02575765401121477,4.210292022532068,18466,0.028199893345730254,4.530476921668893
2020,10,trade count last 5 min 3x average,11029,0.03436116505573228,4.332699033973362,11029,0.03540678974670175,4.309191940218692
2020,10,OBV rising over 60 min,17390,-0.04230621244844457,-5.378100781298767,17370,-0.042079034400631155,-5.522508401910408
2020,10,OBV falling over 60 min,20773,0.06358758158749989,8.044119315263746,20773,0.06381552531296675,8.277805302961722
2020,10,price 30 bp+ above 60-min VWAP,55882,-0.059136887565069574,-12.198191805744642,55859,-0.0629536659331818,-13.179876588988494
2020,10,price 30 bp+ below 60-min VWAP,44289,0.09177990109930634,15.858713965134566,44289,0.09321813282883518,16.426511433005683
2020,10,high volatility (vol60 in top decile),48095,0.0156642248748462,2.8870457365621127,48090,0.015247864977766423,2.9736793397761665
2020,10,low volatility (vol60 in bottom decile),47763,-0.007651445098184939,-1.406726531578412,47763,-0.0067230762204273375,-1.2639807523769784
2020,10,weekend,145233,-0.004512154049671757,-1.1907257207430801,145203,-0.0031692865830920125,-0.8859225492819223
2020,10,US afternoon (14-17 UTC),85451,0.00851402509690824,2.0620262708223653,85440,0.007501335337462778,1.9207533304642084
2020,10,Asia early (0-3 UTC),85444,-0.006638809024979042,-1.6165422261803,85404,-0.006381567296309565,-1.6434284965493775
2020,10,sweep: RSI14 < 20,1454,0.09677374496890778,5.34414073709781,1454,0.10093779098122635,5.391024808502082
2020,10,sweep: RSI14 < 25,4735,0.1151976142397445,10.63298331878958,4735,0.11650267186734431,10.422445220135348
2020,10,sweep: RSI14 < 30,14431,0.11867416172366785,16.834736942868044,14431,0.11813085604631257,16.496686754683275
2020,10,sweep: RSI14 < 35,37735,0.1048559185195499,22.71048750871147,37735,0.1066013603333178,23.01219655374229
2020,10,sweep: RSI14 > 65,45096,-0.07291440353514594,-15.623439453897458,45061,-0.07965816426238298,-17.52553347228799
2020,10,sweep: RSI14 > 70,18690,-0.0698082695865902,-11.291006093037787,18690,-0.07633408925214052,-12.32394113023826
2020,10,sweep: RSI14 > 75,7005,-0.06828510165206925,-7.30923049614466,7005,-0.06854873423538327,-7.550255950561746
2020,10,sweep: RSI14 > 80,2214,-0.05570484005395393,-3.407813389734695,2214,-0.053410987491721906,-3.462193778039763
2020,10,sweep: RSI60 < 35,1762,0.1115258941858075,4.636557003897107,1762,0.13319234816020975,5.754719719533653
2020,10,sweep: RSI60 < 40,10450,0.10803358766368376,10.858314100642525,10450,0.11274890786753244,11.757595262617354
2020,10,sweep: RSI60 < 45,64307,0.09012942065682056,18.236909019910918,64307,0.09174334831248565,19.151330920031086
2020,10,sweep: RSI60 > 55,81495,-0.07526283795149252,-16.7981119227611,81494,-0.07744536383433648,-17.737769268385016
2020,10,sweep: RSI60 > 60,15905,-0.06860379258775318,-9.116666796756741,15905,-0.06981051258976206,-9.496506536043388
2020,10,sweep: RSI60 > 65,3006,-0.049245607332461916,-2.971245681336375,3006,-0.04821597760148527,-3.0904996614614064
2020,10,sweep: range position < 0.05,6388,0.13531495463629528,13.769999984080632,6388,0.14976611605742396,16.086882543073564
2020,10,sweep: range position > 0.95,16389,-0.09222466287628112,-13.73349695808914,16389,-0.09761912024843206,-14.56892100964961
2020,10,sweep: range position < 0.1,16398,0.11591890640459535,14.553713185191395,16398,0.12400939565407187,15.940593209575802
2020,10,sweep: range position > 0.90,38455,-0.08948677543643202,-16.98186312084425,38449,-0.0934639610027535,-18.29278350804302
2020,10,sweep: range position < 0.15,31788,0.0976968901459686,15.69034532317589,31787,0.10207138166865426,16.544537927608562
2020,10,sweep: range position > 0.85,67266,-0.0789740035766538,-18.629814650181235,67250,-0.08077424593338645,-19.26614272831879
2020,10,sweep: 5-min move > +1.5 sd,30355,-0.032404826655612284,-7.648568351177205,30350,-0.03793189271908831,-8.502841919694616
2020,10,sweep: 5-min move < -1.5 sd,28564,0.056656497547075135,12.451893270556688,28563,0.05952247542965683,12.93430605898617
2020,10,sweep: 15-min move > +1.5 sd,27323,-0.03997524222089638,-7.0344684884638875,27323,-0.04470318883480873,-7.987468461583397
2020,10,sweep: 15-min move < -1.5 sd,24092,0.08027577824420373,13.99985366417174,24090,0.082967283499216,14.163044308114577
2020,10,sweep: 5-min move > +2 sd,12840,-0.024939851615743802,-3.915484232692847,12836,-0.030431938908027034,-4.593446557241925
2020,10,sweep: 5-min move < -2 sd,11898,0.06739943854698893,9.944275691258913,11897,0.06601245790057697,9.7535162066195
2020,10,sweep: 15-min move > +2 sd,10687,-0.03683010938990272,-4.23306482216889,10687,-0.039479733713342346,-4.570157144382008
2020,10,sweep: 15-min move < -2 sd,8527,0.09110372183561732,9.994001081578258,8527,0.09661580740214237,10.682475866444282
2020,10,sweep: 5-min move > +2.5 sd,5643,-0.015564515300603321,-1.6797115664884388,5641,-0.021635405574552846,-2.245618058121456
2020,10,sweep: 5-min move < -2.5 sd,5247,0.07169032925259966,7.594332821484701,5247,0.07094619102068178,7.20771470972281
2020,10,sweep: 15-min move > +2.5 sd,4038,-0.024577208157018637,-1.8851663286633251,4038,-0.028045918696477934,-2.268805317949478
2020,10,sweep: 15-min move < -2.5 sd,2804,0.08766019579676032,5.5415502945540975,2804,0.09736804102781471,6.205361814231925
2020,10,sweep: 5-min move > +3 sd,2541,-0.000762496524010392,-0.05639984554430868,2541,-0.01181077483112275,-0.8416357641149699
2020,10,sweep: 5-min move < -3 sd,2335,0.07474146621163602,5.20514162385729,2335,0.07519752998790408,5.130779406778574
2020,10,sweep: 15-min move > +3 sd,1490,-0.0343133301725026,-1.620560968137521,1490,-0.03832617754969714,-1.832325878078943
2020,10,sweep: 15-min move < -3 sd,857,0.10123104726475785,3.4845650990669976,857,0.10008797033757,3.4514538394217436
2020,10,sweep: 4h return > +25 bp,197985,-0.023889425376504847,-6.942260035859477,197964,-0.023846102178824657,-7.183561445234861
2020,10,sweep: 4h return < -25 bp,165361,0.02249072142254005,6.322920380711253,165317,0.021778816088157016,6.238045055778622
2020,10,sweep: 4h return > +50 bp,140011,-0.02371065414258633,-6.450692586584176,139992,-0.023427269841707177,-6.676108197535801
2020,10,sweep: 4h return < -50 bp,114707,0.02516711261011262,6.254481419398573,114670,0.024756018926046397,6.39587955787821
2020,10,sweep: 4h return > +100 bp,75152,-0.022306472162917146,-4.462758349784543,75152,-0.02176281537663788,-4.640436626866199
2020,10,sweep: 4h return < -100 bp,59445,0.027652253329934484,5.289326181731022,59409,0.027644956375998064,5.487283010877024
2020,10,sweep: taker buy share > 0.1 (15 min),90917,-0.03234597833018299,-8.15453041053114,90911,-0.032851819322389064,-8.464521193304083
2020,10,sweep: taker sell share > 0.1 (15 min),157322,0.030813022227055065,9.501491466868075,157302,0.03265234814701723,10.279724693014252
2020,10,sweep: taker buy share > 0.2 (15 min),31993,-0.024456061063207746,-4.085999600080152,31993,-0.027195648456643073,-4.753218915924945
2020,10,sweep: taker sell share > 0.2 (15 min),56490,0.028677141416155627,5.759847207510636,56477,0.03234510239797417,6.658091947875511
2020,10,sweep: taker buy share > 0.3 (15 min),9859,-0.0375146396918688,-3.6856879215375744,9859,-0.03810911549110613,-3.857058323247417
2020,10,sweep: taker sell share > 0.3 (15 min),15333,0.02946022216194988,3.2448680575114195,15325,0.03360890605361766,3.8882458596610254
2020,10,sweep: price > VWAP60 + 15 bp,124455,-0.06598615720864048,-19.780844105883858,124410,-0.06990932140296896,-21.25650375056698
2020,10,sweep: price < VWAP60 - 15 bp,105263,0.08704316011869545,24.35615011301105,105253,0.0897636272968328,25.807905395607477
2020,10,sweep: price > VWAP60 + 30 bp,55882,-0.059136887565069574,-12.198191805744642,55859,-0.0629536659331818,-13.179876588988494
2020,10,sweep: price < VWAP60 - 30 bp,44289,0.09177990109930634,15.858713965134566,44289,0.09321813282883518,16.426511433005683
2020,10,sweep: price > VWAP60 + 50 bp,22513,-0.05725443262630603,-8.533364252858602,22495,-0.05926418605859696,-9.032890183772992
2020,10,sweep: price < VWAP60 - 50 bp,17956,0.089831711059431,9.864857041210874,17956,0.09343689727705284,9.964245789159628
2020,10,sweep: previous window up,261456,-0.05433481831158071,-20.76255782652173,261416,-0.060779469127876184,-23.628864691109637
2020,10,sweep: previous window down,252331,0.05433481831158071,20.76255782652177,252269,0.060779469127876184,23.628864691109477
2020,10,sweep: two windows up,124802,-0.07003434798871472,-24.375877274986955,124785,-0.07250275276767376,-25.687655455659378
2020,10,sweep: two windows down,115659,0.07505536049730732,23.299791221765854,115625,0.07869413737708963,24.884022841656595
2020,10,sweep: MACD hist > 0,255220,-0.02224203750549769,-8.013810040372652,255177,-0.02996050128414013,-10.729902221552825
2020,10,sweep: MACD hist < 0,258567,0.02224203750549769,8.013810040372652,258508,0.02996050128414013,10.729902221552837
2020,10,sweep: OBV rising,17390,-0.04230621244844457,-5.378100781298767,17370,-0.042079034400631155,-5.522508401910408
2020,10,sweep: OBV falling,20773,0.06358758158749989,8.044119315263746,20773,0.06381552531296675,8.277805302961722
2020,10,sweep: EMA9 > EMA21 + 10 bp,39762,-0.043414679985012083,-8.522798922023666,39762,-0.04755832493881568,-9.428694674917349
2020,10,sweep: EMA9 < EMA21 - 10 bp,36171,0.07413365607819034,12.399543678677311,36171,0.07597655099478384,12.935187315683411
2020,10,sweep: larger trades than usual (size5 > 1.2),72187,0.004080367712691935,1.121127560666862,72178,0.0035074591097663532,0.9798529992769784
2020,10,sweep: more trades than usual (nratio5 > 1.5),63463,0.019834953925537135,5.289174777742472,63463,0.0195411733027695,5.2683996921147225
2020,15,price at 4h high (rangepos >= 0.98),6800,-0.10491991652099497,-10.608768194492374,6800,-0.10683374959959513,-11.113579598073777
2020,15,price at 4h low (rangepos <= 0.02),2358,0.14449241507807387,9.607516876273152,2358,0.16170586097998918,11.308252034676805
2020,15,upper quarter of 4h range,134059,-0.06815501701291243,-15.731258115347844,134028,-0.0681853212130426,-15.9065999464201
2020,15,lower quarter of 4h range,76038,0.08457851560819779,15.824861420868375,76025,0.08698132916763857,16.890300012377555
2020,15,last 5 min up more than 2 sd,12840,-0.008785193555155169,-1.3732092858814335,12836,-0.014922186489036815,-2.242832872450808
2020,15,last 5 min down more than 2 sd,11897,0.06627840376403127,10.154234573098066,11895,0.062249034183017415,9.495007133299966
2020,15,last 15 min up more than 2 sd,10687,-0.02222059134131893,-2.3133648652233236,10687,-0.02978673398903453,-3.059388727199394
2020,15,last 15 min down more than 2 sd,8527,0.08413159307035234,7.8152444776392915,8527,0.08251676431166943,7.866034385705456
2020,15,4h return above +50 bp,140011,-0.029638969620045197,-6.438676713893967,139980,-0.029875115320876444,-6.595006305464578
2020,15,4h return below -50 bp,114707,0.03173555477238055,6.627635356799319,114663,0.031623048312034885,6.790883344708277
2020,15,previous window up,261456,-0.06426389785535974,-22.761210920998003,261401,-0.06783692656193896,-24.22392947238093
2020,15,previous window down,252326,0.06426389785535974,22.76121092099791,252239,0.06783692656193896,24.223929472380803
2020,15,two windows up in a row,124802,-0.08021764231754269,-23.548027860540174,124779,-0.08153669947443942,-24.127700031654157
2020,15,two windows down in a row,115654,0.08431478623223326,23.408902032633208,115615,0.08719467324722724,24.017785672344
2020,15,three windows up in a row,55930,-0.08421255629207697,-18.304928364287026,55921,-0.08693375502381856,-18.842858476883478
2020,15,three windows down in a row,49239,0.09544501930603855,19.873862733721065,49230,0.09901277678006987,21.17604067500983
2020,15,RSI14 above 70,18690,-0.06680650026848672,-9.658853781669709,18689,-0.07032556496634162,-10.076996060877311
2020,15,RSI14 below 30,14430,0.11168017340216518,13.977790611394825,14429,0.10983260922488058,14.522431227429815
2020,15,RSI60 above 65,3006,-0.05215321415475105,-2.7962342616432685,3006,-0.051981582776680524,-2.8385002117382396
2020,15,RSI60 below 35,1762,0.10573850269487473,4.045261587183185,1762,0.12071665469698889,4.635241503422825
2020,15,MACD histogram positive,255219,-0.02176506543678347,-7.222458108162781,255164,-0.024694876523654763,-8.206510731916383
2020,15,MACD histogram negative,258563,0.02176506543678347,7.222458108162809,258476,0.024694876523654763,8.206510731916389
2020,15,above upper Bollinger band,25285,-0.052278372152217645,-11.045185710264745,25277,-0.05727173283093423,-11.815811470228015
2020,15,below lower Bollinger band,25534,0.07473260394589043,16.101414043122727,25529,0.07181700646967892,16.050397183474434
2020,15,EMA9 above EMA21 by 10 bp,39762,-0.042973061238778976,-7.391279714654785,39760,-0.04666158086358957,-8.166788752818153
2020,15,EMA9 below EMA21 by 10 bp,36167,0.07651022337457491,11.011938961517357,36167,0.07681444271648186,11.415234730735325
2020,15,ADX14 above 30 (trending),118424,0.019792126790698084,4.375777919425766,118375,0.019351198214353382,4.324231300464307
2020,15,ADX14 below 15 (ranging),76307,-0.014676740413652967,-2.680070529153194,76266,-0.014392942032412759,-2.7006350183875627
2020,15,taker buying 60 pct+ of last 15 min,31993,-0.03176466273719336,-4.554326937565331,31993,-0.03181652657067918,-4.640601499085944
2020,15,taker selling 60 pct+ of last 15 min,56490,0.035810825934271984,6.3365740552771666,56475,0.03606468638368554,6.3761676072634
2020,15,volume last 5 min 3x the daily average,18466,0.03392163622236699,4.999687652087068,18466,0.033705851788426,4.884649582898286
2020,15,trade count last 5 min 3x average,11029,0.041075680083590194,4.533170687618518,11029,0.04060176884065514,4.409167467699253
2020,15,OBV rising over 60 min,17390,-0.04440973725981151,-4.694999991254255,17370,-0.04665520267667733,-4.987744442146602
2020,15,OBV falling over 60 min,20773,0.07755964758054223,8.246604081717228,20773,0.07813980420972111,8.36097947615363
2020,15,price 30 bp+ above 60-min VWAP,55882,-0.05615689876085028,-10.51375638373201,55854,-0.05970308367869176,-11.307007335631287
2020,15,price 30 bp+ below 60-min VWAP,44286,0.09260536085028315,14.002847096443492,44286,0.0933135274457898,14.696922799864081
2020,15,high volatility (vol60 in top decile),48095,0.017751172703604712,2.8106388094146375,48085,0.016660568437590118,2.7132412669657135
2020,15,low volatility (vol60 in bottom decile),47763,-0.011197329754541796,-1.6320028491873677,47763,-0.009485942909020495,-1.4064950483743217
2020,15,weekend,145233,-0.00523436386067988,-1.1751967132643326,145188,-0.005459614897045939,-1.2636049047938536
2020,15,US afternoon (14-17 UTC),85451,0.01102853610550858,2.216792522118072,85440,0.012619374369147396,2.6299223715833375
2020,15,Asia early (0-3 UTC),85444,-0.012125802732249058,-2.4486609477830314,85384,-0.01130267436969784,-2.319389417337926
2020,15,sweep: RSI14 < 20,1454,0.0838179459354691,4.036120072744653,1454,0.09088631085387755,4.665517197330421
2020,15,sweep: RSI14 < 25,4735,0.10351422958065404,8.37557195190743,4735,0.09963678875012172,8.415934258372907
2020,15,sweep: RSI14 < 30,14430,0.11168017340216518,13.977790611394825,14429,0.10983260922488058,14.522431227429815
2020,15,sweep: RSI14 < 35,37734,0.1024044810648751,19.241369973212294,37732,0.10168117260923626,19.874987243285645
2020,15,sweep: RSI14 > 65,45096,-0.06959256815909348,-13.925426521101535,45053,-0.07243807486337256,-14.595040433803959
2020,15,sweep: RSI14 > 70,18690,-0.06680650026848672,-9.658853781669709,18689,-0.07032556496634162,-10.076996060877311
2020,15,sweep: RSI14 > 75,7005,-0.052306644026662796,-4.985232805417212,7005,-0.057488744629994815,-5.526338003527874
2020,15,sweep: RSI14 > 80,2214,-0.04468950533889665,-2.4579017096373996,2214,-0.055405144510279836,-3.0676015961387657
2020,15,sweep: RSI60 < 35,1762,0.10573850269487473,4.045261587183185,1762,0.12071665469698889,4.635241503422825
2020,15,sweep: RSI60 < 40,10450,0.11391155673519893,9.522222090066553,10450,0.11770066782539834,10.286652325208717
2020,15,sweep: RSI60 < 45,64304,0.10024066839598578,17.35585953374512,64302,0.10346488415170219,18.720828473906415
2020,15,sweep: RSI60 > 55,81495,-0.08026549535849181,-15.117740611796986,81494,-0.08252499034897509,-15.899022109648286
2020,15,sweep: RSI60 > 60,15905,-0.07506081876776738,-8.418746673046835,15905,-0.07851873040200624,-9.20753788648987
2020,15,sweep: RSI60 > 65,3006,-0.05215321415475105,-2.7962342616432685,3006,-0.051981582776680524,-2.8385002117382396
2020,15,sweep: range position < 0.05,6388,0.13898621351511453,12.363429403613978,6388,0.15168223752079912,14.157892542465486
2020,15,sweep: range position > 0.95,16389,-0.09903876017438262,-13.315965386423551,16389,-0.10346433878895422,-14.079379379004276
2020,15,sweep: range position < 0.1,16397,0.12697454439171585,14.550412071020478,16393,0.13537599132272293,15.683740942539666
2020,15,sweep: range position > 0.90,38455,-0.09505772929351719,-15.813668362664803,38448,-0.09791162312632756,-16.7780033541678
2020,15,sweep: range position < 0.15,31787,0.1112307495195376,15.29738822811995,31781,0.11623253853553217,16.34683694159676
2020,15,sweep: range position > 0.85,67266,-0.08580882723447791,-17.189830506134932,67242,-0.08714402180541558,-17.76784588003006
2020,15,sweep: 5-min move > +1.5 sd,30354,-0.021787899217519002,-5.007026561052727,30349,-0.028069623003962985,-6.483378015419487
2020,15,sweep: 5-min move < -1.5 sd,28563,0.05500702182597217,11.925844138196506,28560,0.05369358925230849,11.613117507502958
2020,15,sweep: 15-min move > +1.5 sd,27323,-0.0354345617602711,-5.44269051545415,27323,-0.03869514673526259,-5.964682925726479
2020,15,sweep: 15-min move < -1.5 sd,24092,0.07750749679713986,11.447186099885812,24088,0.07656902860031023,11.685699038662635
2020,15,sweep: 5-min move > +2 sd,12840,-0.008785193555155169,-1.3732092858814335,12836,-0.014922186489036815,-2.242832872450808
2020,15,sweep: 5-min move < -2 sd,11897,0.06627840376403127,10.154234573098066,11895,0.062249034183017415,9.495007133299966
2020,15,sweep: 15-min move > +2 sd,10687,-0.02222059134131893,-2.3133648652233236,10687,-0.02978673398903453,-3.059388727199394
2020,15,sweep: 15-min move < -2 sd,8527,0.08413159307035234,7.8152444776392915,8527,0.08251676431166943,7.866034385705456
2020,15,sweep: 5-min move > +2.5 sd,5643,0.00075411125081426,0.07948045460039538,5641,-0.00803179523209463,-0.8131238129638552
2020,15,sweep: 5-min move < -2.5 sd,5246,0.06459156725861415,6.790147751193384,5246,0.06572716630837794,6.854881924194733
2020,15,sweep: 15-min move > +2.5 sd,4038,-0.014332164806913461,-0.9424587407659509,4038,-0.024643738184835506,-1.640233148732518
2020,15,sweep: 15-min move < -2.5 sd,2804,0.07495132030915252,4.118528915442825,2804,0.07691603712697903,4.311181813562275
2020,15,sweep: 5-min move > +3 sd,2541,0.0031456756150375353,0.22719375134482298,2541,-0.006570320463963886,-0.46034609033000845
2020,15,sweep: 5-min move < -3 sd,2335,0.05888110824195569,4.121799269271818,2335,0.059913116052058624,4.421306006745115
2020,15,sweep: 15-min move > +3 sd,1490,-0.01737064332595134,-0.7470487213337608,1490,-0.028642038727381025,-1.2325644958666233
2020,15,sweep: 15-min move < -3 sd,857,0.09766412450522721,2.856726599512688,857,0.10134160006920023,3.1922171806972273
2020,15,sweep: 4h return > +25 bp,197985,-0.030241497976357112,-7.167630824966099,197947,-0.02998469872378562,-7.341374112113703
2020,15,sweep: 4h return < -25 bp,165360,0.02951404419839254,6.958038665965763,165306,0.029119075714327758,7.026317568383046
2020,15,sweep: 4h return > +50 bp,140011,-0.029638969620045197,-6.438676713893967,139980,-0.029875115320876444,-6.595006305464578
2020,15,sweep: 4h return < -50 bp,114707,0.03173555477238055,6.627635356799319,114663,0.031623048312034885,6.790883344708277
2020,15,sweep: 4h return > +100 bp,75152,-0.02481947839691756,-4.1662320034466855,75152,-0.025415618172011933,-4.349024575686737
2020,15,sweep: 4h return < -100 bp,59445,0.0339498696070224,5.282603991849279,59404,0.034447745446418376,5.541231128413919
2020,15,sweep: taker buy share > 0.1 (15 min),90917,-0.03802005009324966,-8.108345256601545,90905,-0.03876633151934894,-8.388614780101193
2020,15,sweep: taker sell share > 0.1 (15 min),157318,0.03694255612305741,9.816258931388672,157287,0.03811164257466382,10.16400546621802
2020,15,sweep: taker buy share > 0.2 (15 min),31993,-0.03176466273719336,-4.554326937565331,31993,-0.03181652657067918,-4.640601499085944
2020,15,sweep: taker sell share > 0.2 (15 min),56490,0.035810825934271984,6.3365740552771666,56475,0.03606468638368554,6.3761676072634
2020,15,sweep: taker buy share > 0.3 (15 min),9859,-0.03411225302118914,-2.837439862746299,9859,-0.035593027894499085,-3.031772570808741
2020,15,sweep: taker sell share > 0.3 (15 min),15333,0.028800251835835122,2.859387362693186,15324,0.031924440335200366,3.2443605251155976
2020,15,sweep: price > VWAP60 + 15 bp,124455,-0.06871930161224143,-17.78045073082334,124396,-0.07053729151625965,-18.7067668740176
2020,15,sweep: price < VWAP60 - 15 bp,105259,0.0907002296973059,21.926333762585983,105244,0.0921695111755817,22.845512774163065
2020,15,sweep: price > VWAP60 + 30 bp,55882,-0.05615689876085028,-10.51375638373201,55854,-0.05970308367869176,-11.307007335631287
2020,15,sweep: price < VWAP60 - 30 bp,44286,0.09260536085028315,14.002847096443492,44286,0.0933135274457898,14.696922799864081
2020,15,sweep: price > VWAP60 + 50 bp,22513,-0.05235952568608915,-7.089642104819824,22490,-0.05415260334691496,-7.522791793882718
2020,15,sweep: price < VWAP60 - 50 bp,17955,0.08842105564194436,8.204515977263789,17955,0.08992621640828291,8.567714839928158
2020,15,sweep: previous window up,261456,-0.06426389785535974,-22.761210920998003,261401,-0.06783692656193896,-24.22392947238093
2020,15,sweep: previous window down,252326,0.06426389785535974,22.76121092099791,252239,0.06783692656193896,24.223929472380803
2020,15,sweep: two windows up,124802,-0.08021764231754269,-23.548027860540174,124779,-0.08153669947443942,-24.127700031654157
2020,15,sweep: two windows down,115654,0.08431478623223326,23.408902032633208,115615,0.08719467324722724,24.017785672344
2020,15,sweep: MACD hist > 0,255219,-0.02176506543678347,-7.222458108162781,255164,-0.024694876523654763,-8.206510731916383
2020,15,sweep: MACD hist < 0,258563,0.02176506543678347,7.222458108162809,258476,0.024694876523654763,8.206510731916389
2020,15,sweep: OBV rising,17390,-0.04440973725981151,-4.694999991254255,17370,-0.04665520267667733,-4.987744442146602
2020,15,sweep: OBV falling,20773,0.07755964758054223,8.246604081717228,20773,0.07813980420972111,8.36097947615363
2020,15,sweep: EMA9 > EMA21 + 10 bp,39762,-0.042973061238778976,-7.391279714654785,39760,-0.04666158086358957,-8.166788752818153
2020,15,sweep: EMA9 < EMA21 - 10 bp,36167,0.07651022337457491,11.011938961517357,36167,0.07681444271648186,11.415234730735325
2020,15,sweep: larger trades than usual (size5 > 1.2),72187,0.0030393226074514335,0.7727931459107993,72178,0.0036669192560259134,0.9331836672900594
2020,15,sweep: more trades than usual (nratio5 > 1.5),63461,0.02537524776581568,5.801130872089538,63461,0.02337756872773533,5.408454253997566
2020,30,price at 4h high (rangepos >= 0.98),6800,-0.12199105313618858,-11.134178863773604,6800,-0.1290606322160998,-11.937956153838918
2020,30,price at 4h low (rangepos <= 0.02),2358,0.13367469461803605,9.134670156296036,2358,0.1405757945841417,9.850038498761476
2020,30,upper quarter of 4h range,134059,-0.07464050155943869,-13.761598153101565,133986,-0.07603792163992817,-14.229390068275524
2020,30,lower quarter of 4h range,76034,0.10077858330983691,15.087771700991519,76006,0.10144645959648618,15.411294105863547
2020,30,last 5 min up more than 2 sd,12840,-0.035173384184351564,-4.878933602781658,12836,-0.03645335489074486,-4.852709544910467
2020,30,last 5 min down more than 2 sd,11896,0.0791327706798497,11.787557825183955,11894,0.07794333387269636,11.386904429848691
2020,30,last 15 min up more than 2 sd,10687,-0.030957978928401242,-2.9375213065037182,10687,-0.03221069575778468,-2.9555576713094283
2020,30,last 15 min down more than 2 sd,8527,0.08860418804827142,7.982030919027391,8527,0.08880930488541139,8.002937840972338
2020,30,4h return above +50 bp,140011,-0.03642450814620207,-6.151897533967529,139933,-0.03681143951302712,-6.232422990615276
2020,30,4h return below -50 bp,114707,0.0401395202322099,6.739166508434253,114633,0.04164010637412818,7.108999032993199
2020,30,previous window up,261455,-0.08089546191634933,-23.488830793238236,261329,-0.08435500694813075,-24.705847963751
2020,30,previous window down,252312,0.08089546191634933,23.488830793238485,252176,0.08435500694813075,24.70584796375102
2020,30,two windows up in a row,124802,-0.08535502650039523,-20.757029780773575,124730,-0.08880942186933954,-21.756071047976484
2020,30,two windows down in a row,115646,0.09206021406217035,20.7729223086443,115596,0.09507453004796906,21.470526036700424
2020,30,three windows up in a row,55930,-0.08878485127179625,-16.27933041817459,55902,-0.0920010410745577,-16.84909871424751
2020,30,three windows down in a row,49231,0.09643677143342988,16.142812556680134,49221,0.099565687845386,16.695138030449804
2020,30,RSI14 above 70,18690,-0.07639738954281033,-9.904178396563605,18689,-0.08039664114417727,-10.275941090075369
2020,30,RSI14 below 30,14429,0.11201008428873882,13.385145375225754,14428,0.10921801220878524,13.112426286797728
2020,30,RSI60 above 65,3006,-0.04106797079456859,-1.784711710778106,3006,-0.04165316914941031,-1.8439583972447886
2020,30,RSI60 below 35,1762,0.12793238874908563,4.391747706274026,1762,0.12915556943584383,4.729641586259703
2020,30,MACD histogram positive,255214,-0.04397869865286952,-13.790409007084016,255120,-0.045282998372558725,-14.06085966006134
2020,30,MACD histogram negative,258553,0.04397869865286952,13.790409007084074,258385,0.045282998372558725,14.060859660061421
2020,30,above upper Bollinger band,25285,-0.06811872747921904,-13.764618323265758,25275,-0.0727971390144172,-14.395209904851852
2020,30,below lower Bollinger band,25532,0.09178649383747017,21.05803165311025,25521,0.08860050857966462,19.964330204770317
2020,30,EMA9 above EMA21 by 10 bp,39762,-0.04057186291705339,-5.836540744716384,39743,-0.04386282084657417,-6.409385383844951
2020,30,EMA9 below EMA21 by 10 bp,36162,0.0852916495174777,11.55779034438194,36162,0.0893712381141114,11.946069443064529
2020,30,ADX14 above 30 (trending),118411,0.022415573771635944,4.411331505637355,118346,0.023230894562795146,4.558111148698243
2020,30,ADX14 below 15 (ranging),76307,-0.012913985216822854,-2.0572153555966985,76238,-0.012452239889083172,-2.013977905062206
2020,30,taker buying 60 pct+ of last 15 min,31993,-0.03923608531180822,-5.153462113722318,31993,-0.03984817470930796,-5.239249657776525
2020,30,taker selling 60 pct+ of last 15 min,56489,0.0350230342593888,5.683102565541895,56463,0.03583583274350399,5.809811773481387
2020,30,volume last 5 min 3x the daily average,18466,0.042559927729667324,5.5948952669839915,18466,0.04455744807376172,5.673012546463356
2020,30,trade count last 5 min 3x average,11029,0.04522536413070066,4.544660517844406,11029,0.04679395626330174,4.535269109925474
2020,30,OBV rising over 60 min,17390,-0.04647861324375513,-3.891630151670516,17370,-0.05250848413446069,-4.397203578127889
2020,30,OBV falling over 60 min,20773,0.0907291076461223,7.573380626184034,20773,0.09307587334231149,7.815369967043652
2020,30,price 30 bp+ above 60-min VWAP,55882,-0.05785906837742444,-8.659221895295863,55833,-0.06066559369955615,-9.178624474427835
2020,30,price 30 bp+ below 60-min VWAP,44279,0.09915150540638773,14.104551242852086,44279,0.10231254944684709,14.385562072743781
2020,30,high volatility (vol60 in top decile),48095,0.016398686652701278,2.0516014296829255,48070,0.01713732329680817,2.14847448447577
2020,30,low volatility (vol60 in bottom decile),47763,-0.01676493104168908,-1.8715306451115152,47763,-0.016973629342277086,-1.9130925870282809
2020,30,weekend,145233,-0.0031231371931160767,-0.5326751299528212,145143,-0.003257613036538265,-0.559621982736181
2020,30,US afternoon (14-17 UTC),85451,0.011598953279954749,1.6658108040682662,85440,0.012721418438981003,1.866186612267174
2020,30,Asia early (0-3 UTC),85444,-0.02615504728650786,-3.6680765573281064,85324,-0.025308312291167978,-3.6256291766654902
2020,30,sweep: RSI14 < 20,1454,0.09945759361329654,4.541515710114642,1454,0.1009210828667968,4.720600651858773
2020,30,sweep: RSI14 < 25,4735,0.10738823895707594,8.014183958038844,4735,0.10598110203005495,7.960098056207699
2020,30,sweep: RSI14 < 30,14429,0.11201008428873882,13.385145375225754,14428,0.10921801220878524,13.112426286797728
2020,30,sweep: RSI14 < 35,37732,0.11058315911713068,19.684290645634558,37728,0.11069007034647882,19.611932498296586
2020,30,sweep: RSI14 > 65,45096,-0.0813849710979066,-14.027059174419522,45037,-0.08508863836748093,-14.765421796767926
2020,30,sweep: RSI14 > 70,18690,-0.07639738954281033,-9.904178396563605,18689,-0.08039664114417727,-10.275941090075369
2020,30,sweep: RSI14 > 75,7005,-0.06490031807691449,-5.793093937196432,7005,-0.06365809642386311,-5.5849729383564215
2020,30,sweep: RSI14 > 80,2214,-0.05560462677468364,-2.9463594027572695,2214,-0.06277873353011837,-3.2203563893789315
2020,30,sweep: RSI60 < 35,1762,0.12793238874908563,4.391747706274026,1762,0.12915556943584383,4.729641586259703
2020,30,sweep: RSI60 < 40,10450,0.13013714406189147,9.147648606239512,10450,0.13159148987247726,9.253093468087897
2020,30,sweep: RSI60 < 45,64302,0.11313176567364575,15.571505002751781,64296,0.11449051148867045,15.89504914259675
2020,30,sweep: RSI60 > 55,81495,-0.09301712417299579,-14.424394081400951,81489,-0.09536706360542824,-15.050134686457753
2020,30,sweep: RSI60 > 60,15905,-0.09013710763029059,-8.016707098606501,15905,-0.09433449119116616,-8.434778516492486
2020,30,sweep: RSI60 > 65,3006,-0.04106797079456859,-1.784711710778106,3006,-0.04165316914941031,-1.8439583972447886
2020,30,sweep: range position < 0.05,6387,0.14993211487006664,12.902076509347083,6387,0.15382277672724487,13.594088904060472
2020,30,sweep: range position > 0.95,16389,-0.12037166871590083,-14.144445767422111,16389,-0.12822879299890366,-15.230087138300629
2020,30,sweep: range position < 0.1,16396,0.14563189608610272,14.290386290493833,16388,0.14894695715176398,14.63735247618182
2020,30,sweep: range position > 0.90,38455,-0.11290449596581553,-15.876019064163014,38445,-0.11677870732931134,-16.721328809548112
2020,30,sweep: range position < 0.15,31786,0.1292371177979854,15.568140459629063,31770,0.1309746144048448,15.697999193507394
2020,30,sweep: range position > 0.85,67266,-0.10041416088871863,-15.982095101774302,67229,-0.10265010103125688,-16.517575774370048
2020,30,sweep: 5-min move > +1.5 sd,30354,-0.04294989451910036,-9.027209968948437,30348,-0.046264878526704856,-9.61928463858396
2020,30,sweep: 5-min move < -1.5 sd,28562,0.07106901996983828,15.758314507592193,28558,0.07157871437479957,15.571116058001621
2020,30,sweep: 15-min move > +1.5 sd,27323,-0.047049241535504105,-6.541608332724776,27321,-0.04889749456096065,-6.677851589738985
2020,30,sweep: 15-min move < -1.5 sd,24089,0.08254530526698711,11.897619586476127,24085,0.08221460053630403,11.596266281578602
2020,30,sweep: 5-min move > +2 sd,12840,-0.035173384184351564,-4.878933602781658,12836,-0.03645335489074486,-4.852709544910467
2020,30,sweep: 5-min move < -2 sd,11896,0.0791327706798497,11.787557825183955,11894,0.07794333387269636,11.386904429848691
2020,30,sweep: 15-min move > +2 sd,10687,-0.030957978928401242,-2.9375213065037182,10687,-0.03221069575778468,-2.9555576713094283
2020,30,sweep: 15-min move < -2 sd,8527,0.08860418804827142,7.982030919027391,8527,0.08880930488541139,8.002937840972338
2020,30,sweep: 5-min move > +2.5 sd,5643,-0.02144644442649607,-1.9557233814944677,5641,-0.022978511363803633,-2.0573425599051824
2020,30,sweep: 5-min move < -2.5 sd,5245,0.08281013449661956,8.42762246185129,5245,0.08154674294477915,8.397492532097338
2020,30,sweep: 15-min move > +2.5 sd,4038,-0.015138951298025338,-0.9085886799071501,4038,-0.011809730860979695,-0.684662304166698
2020,30,sweep: 15-min move < -2.5 sd,2804,0.09165775430451151,4.690931095450212,2804,0.09138356486487598,4.737442809325029
2020,30,sweep: 5-min move > +3 sd,2541,-0.009830566297853616,-0.6205540156856568,2541,-0.015283530203456908,-0.9669091316344387
2020,30,sweep: 5-min move < -3 sd,2335,0.08325804208717502,5.524444361199221,2335,0.07990052966199768,5.442682999020826
2020,30,sweep: 15-min move > +3 sd,1490,-0.012932690974274075,-0.4932883925301997,1490,-0.012848780712236607,-0.47462303494372415
2020,30,sweep: 15-min move < -3 sd,857,0.0930363612459778,2.758836486560542,857,0.09428907818078924,2.876534866984169
2020,30,sweep: 4h return > +25 bp,197985,-0.037289969597324335,-6.85185206036944,197888,-0.037874529612018926,-7.040403240506785
2020,30,sweep: 4h return < -25 bp,165359,0.04008592308689263,7.400671220625335,165275,0.04060420671467274,7.599984930623677
2020,30,sweep: 4h return > +50 bp,140011,-0.03642450814620207,-6.151897533967529,139933,-0.03681143951302712,-6.232422990615276
2020,30,sweep: 4h return < -50 bp,114707,0.0401395202322099,6.739166508434253,114633,0.04164010637412818,7.108999032993199
2020,30,sweep: 4h return > +100 bp,75152,-0.03225147866771522,-4.362638986944901,75147,-0.031681694995267295,-4.26627733950247
2020,30,sweep: 4h return < -100 bp,59445,0.04645004278787612,6.053972568144124,59389,0.04753113160280309,6.251716709890573
2020,30,sweep: taker buy share > 0.1 (15 min),90917,-0.0457294949500443,-8.649061026116582,90895,-0.045678221306479916,-8.512298472442584
2020,30,sweep: taker sell share > 0.1 (15 min),157316,0.03916365578180531,9.134842716354164,157257,0.040008761151901495,9.29754446509216
2020,30,sweep: taker buy share > 0.2 (15 min),31993,-0.03923608531180822,-5.153462113722318,31993,-0.03984817470930796,-5.239249657776525
2020,30,sweep: taker sell share > 0.2 (15 min),56489,0.0350230342593888,5.683102565541895,56463,0.03583583274350399,5.809811773481387
2020,30,sweep: taker buy share > 0.3 (15 min),9859,-0.03582284302346861,-2.761575175816196,9859,-0.03160124905551437,-2.4617254280521386
2020,30,sweep: taker sell share > 0.3 (15 min),15333,0.04096423868989629,3.898363291503113,15319,0.04082916640358347,3.815058493926023
2020,30,sweep: price > VWAP60 + 15 bp,124455,-0.07401694885508803,-14.924691468684442,124348,-0.07635233691776627,-15.622598202563164
2020,30,sweep: price < VWAP60 - 15 bp,105244,0.0950125559704626,18.407822206443367,105222,0.09847101756037574,19.1822126155063
2020,30,sweep: price > VWAP60 + 30 bp,55882,-0.05785906837742444,-8.659221895295863,55833,-0.06066559369955615,-9.178624474427835
2020,30,sweep: price < VWAP60 - 30 bp,44279,0.09915150540638773,14.104551242852086,44279,0.10231254944684709,14.385562072743781
2020,30,sweep: price > VWAP60 + 50 bp,22513,-0.05363579362419951,-5.651455950197135,22475,-0.05691929364070625,-6.081800781892587
2020,30,sweep: price < VWAP60 - 50 bp,17954,0.09595539895240024,8.652910624436505,17954,0.09783308108140643,8.765735430669942
2020,30,sweep: previous window up,261455,-0.08089546191634933,-23.488830793238236,261329,-0.08435500694813075,-24.705847963751
2020,30,sweep: previous window down,252312,0.08089546191634933,23.488830793238485,252176,0.08435500694813075,24.70584796375102
2020,30,sweep: two windows up,124802,-0.08535502650039523,-20.757029780773575,124730,-0.08880942186933954,-21.756071047976484
2020,30,sweep: two windows down,115646,0.09206021406217035,20.7729223086443,115596,0.09507453004796906,21.470526036700424
2020,30,sweep: MACD hist > 0,255214,-0.04397869865286952,-13.790409007084016,255120,-0.045282998372558725,-14.06085966006134
2020,30,sweep: MACD hist < 0,258553,0.04397869865286952,13.790409007084074,258385,0.045282998372558725,14.060859660061421
2020,30,sweep: OBV rising,17390,-0.04647861324375513,-3.891630151670516,17370,-0.05250848413446069,-4.397203578127889
2020,30,sweep: OBV falling,20773,0.0907291076461223,7.573380626184034,20773,0.09307587334231149,7.815369967043652
2020,30,sweep: EMA9 > EMA21 + 10 bp,39762,-0.04057186291705339,-5.836540744716384,39743,-0.04386282084657417,-6.409385383844951
2020,30,sweep: EMA9 < EMA21 - 10 bp,36162,0.0852916495174777,11.55779034438194,36162,0.0893712381141114,11.946069443064529
2020,30,sweep: larger trades than usual (size5 > 1.2),72187,0.003377111090297258,0.6926842306263277,72166,0.002810401245286087,0.5680038373856521
2020,30,sweep: more trades than usual (nratio5 > 1.5),63461,0.019620593309401357,3.621926067614136,63461,0.02182111733516834,3.947013759993152
2021,1,price at 4h high (rangepos >= 0.98),7061,-0.014660526067564572,-2.4156583144225228,7061,0.0,0.0
2021,1,price at 4h low (rangepos <= 0.02),4481,0.054397811036009214,7.521301440568475,4481,0.0,0.0
2021,1,upper quarter of 4h range,138553,-0.018662791516102673,-11.143475716908863,138551,0.0,0.0
2021,1,lower quarter of 4h range,106537,0.020902474567431495,11.240740775095416,106534,0.0,0.0
2021,1,last 5 min up more than 2 sd,13472,-0.029003523066249315,-6.345458822690658,13471,0.0,0.0
2021,1,last 5 min down more than 2 sd,13062,0.048671171643688727,11.271466047705166,13062,0.0,0.0
2021,1,last 15 min up more than 2 sd,11923,-0.0275759505267964,-5.736173834807304,11922,0.0,0.0
2021,1,last 15 min down more than 2 sd,10919,0.05695924100209837,13.616989443694544,10919,0.0,0.0
2021,1,4h return above +50 bp,177361,-0.006470045740074426,-4.415584770718023,177359,0.0,0.0
2021,1,4h return below -50 bp,170961,0.007159387545152163,4.6053572669752025,170876,0.0,0.0
2021,1,previous window up,257354,-0.02474090154670744,-16.502201776098637,257345,0.0,0.0
2021,1,previous window down,258259,0.02474090154670744,16.502201776098584,258181,0.0,0.0
2021,1,two windows up in a row,121498,-0.0328122888998314,-18.34298029029315,121491,0.0,0.0
2021,1,two windows down in a row,122382,0.031645118566098585,17.87842033019904,122320,0.0,0.0
2021,1,three windows up in a row,55758,-0.025323402585661237,-10.764487550281302,55753,0.0,0.0
2021,1,three windows down in a row,56671,0.025932015249110596,11.053174387788516,56624,0.0,0.0
2021,1,RSI14 above 70,18794,-0.0356548880097346,-9.692935543787332,18793,0.0,0.0
2021,1,RSI14 below 30,16914,0.05907963119540416,15.985302980906328,16914,0.0,0.0
2021,1,RSI60 above 65,3457,-0.019934076077661678,-2.584725614467991,3457,0.0,0.0
2021,1,RSI60 below 35,1721,0.06880004581414234,6.696074301348183,1721,0.0,0.0
2021,1,MACD histogram positive,253343,-0.01936026104148275,-13.699763381317632,253338,0.0,0.0
2021,1,MACD histogram negative,262270,0.01936026104148275,13.69976338131757,262188,0.0,0.0
2021,1,above upper Bollinger band,25619,-0.038579294319796675,-10.864723686959378,25618,0.0,0.0
2021,1,below lower Bollinger band,27317,0.05184463961626323,15.97789485779246,27317,0.0,0.0
2021,1,EMA9 above EMA21 by 10 bp,72488,-0.03847964028168899,-19.207093184362336,72486,0.0,0.0
2021,1,EMA9 below EMA21 by 10 bp,70748,0.041780049220893845,19.00108440208032,70748,0.0,0.0
2021,1,ADX14 above 30 (trending),127075,0.0013121425694673783,0.853682696545808,127013,0.0,0.0
2021,1,ADX14 below 15 (ranging),79975,-0.0003167864174220547,-0.16201940639239623,79974,0.0,0.0
2021,1,taker buying 60 pct+ of last 15 min,17394,-0.01181207010942481,-2.9502052987790766,17393,0.0,0.0
2021,1,taker selling 60 pct+ of last 15 min,25996,0.017217268369511207,5.479771728540895,25994,0.0,0.0
2021,1,volume last 5 min 3x the daily average,16491,0.01604469002963055,4.514004321809854,16491,0.0,0.0
2021,1,trade count last 5 min 3x average,9625,0.01589446533766159,3.7615885309386665,9625,0.0,0.0
2021,1,OBV rising over 60 min,17312,-0.014565721099408568,-3.8044731578331827,17311,0.0,0.0
2021,1,OBV falling over 60 min,20603,0.024798916278180427,6.604775553238169,20602,0.0,0.0
2021,1,price 30 bp+ above 60-min VWAP,97377,-0.0392207460083287,-22.336189606423275,97348,0.0,0.0
2021,1,price 30 bp+ below 60-min VWAP,89368,0.04025872230457095,19.177016577940076,89367,0.0,0.0
2021,1,high volatility (vol60 in top decile),114330,-0.006235685407462832,-3.8744176544279147,114327,0.0,0.0
2021,1,low volatility (vol60 in bottom decile),611,0.03727170309369909,1.2335835816047211,583,0.0,0.0
2021,1,weekend,146523,0.0035115278614708534,2.0936775033464725,146521,0.0,0.0
2021,1,US afternoon (14-17 UTC),86160,-0.004518965166461331,-2.810187506354496,86160,0.0,0.0
2021,1,Asia early (0-3 UTC),85785,-0.0014760616608944788,-0.8206405996754956,85700,0.0,0.0
2021,1,sweep: RSI14 < 20,1515,0.08777577523166691,7.249475956112114,1515,0.0,0.0
2021,1,sweep: RSI14 < 25,5733,0.07658702140933255,11.467040854899707,5733,0.0,0.0
2021,1,sweep: RSI14 < 30,16914,0.05907963119540416,15.985302980906328,16914,0.0,0.0
2021,1,sweep: RSI14 < 35,42220,0.050721188654720806,21.655399658854076,42220,0.0,0.0
2021,1,sweep: RSI14 > 65,43608,-0.03745177636191588,-14.073166242783396,43607,0.0,0.0
2021,1,sweep: RSI14 > 70,18794,-0.0356548880097346,-9.692935543787332,18793,0.0,0.0
2021,1,sweep: RSI14 > 75,7208,-0.0238208751945283,-4.190396507061337,7207,0.0,0.0
2021,1,sweep: RSI14 > 80,2390,-0.008460145828604992,-0.8720884809803093,2390,0.0,0.0
2021,1,sweep: RSI60 < 35,1721,0.06880004581414234,6.696074301348183,1721,0.0,0.0
2021,1,sweep: RSI60 < 40,13780,0.04288053305724898,9.146422578370842,13780,0.0,0.0
2021,1,sweep: RSI60 < 45,77398,0.030356381151829037,14.711558591079545,77397,0.0,0.0
2021,1,sweep: RSI60 > 55,84936,-0.02903373857655439,-14.256112027243548,84934,0.0,0.0
2021,1,sweep: RSI60 > 60,18216,-0.01825879375194589,-4.878798059256873,18216,0.0,0.0
2021,1,sweep: RSI60 > 65,3457,-0.019934076077661678,-2.584725614467991,3457,0.0,0.0
2021,1,sweep: range position < 0.05,12123,0.029246804102710744,5.8960391577319005,12123,0.0,0.0
2021,1,sweep: range position > 0.95,18152,-0.015359036599044307,-3.910283927695105,18151,0.0,0.0
2021,1,sweep: range position < 0.1,29396,0.03206873046394737,9.660037974600655,29395,0.0,0.0
2021,1,sweep: range position > 0.90,43077,-0.021066153801297505,-8.405725478968044,43075,0.0,0.0
2021,1,sweep: range position < 0.15,52002,0.027504737476458152,10.652433178677784,52000,0.0,0.0
2021,1,sweep: range position > 0.85,74320,-0.023101612986313913,-11.44911348405755,74318,0.0,0.0
2021,1,sweep: 5-min move > +1.5 sd,31231,-0.02712435123700002,-8.754646427861543,31230,0.0,0.0
2021,1,sweep: 5-min move < -1.5 sd,30831,0.04189308297812472,13.782507368684362,30831,0.0,0.0
2021,1,sweep: 15-min move > +1.5 sd,28982,-0.03249727108470801,-10.391174875326445,28981,0.0,0.0
2021,1,sweep: 15-min move < -1.5 sd,28303,0.04677559842291329,15.83296841074609,28303,0.0,0.0
2021,1,sweep: 5-min move > +2 sd,13472,-0.029003523066249315,-6.345458822690658,13471,0.0,0.0
2021,1,sweep: 5-min move < -2 sd,13062,0.048671171643688727,11.271466047705166,13062,0.0,0.0
2021,1,sweep: 15-min move > +2 sd,11923,-0.0275759505267964,-5.736173834807304,11922,0.0,0.0
2021,1,sweep: 15-min move < -2 sd,10919,0.05695924100209837,13.616989443694544,10919,0.0,0.0
2021,1,sweep: 5-min move > +2.5 sd,6134,-0.022024454842225316,-3.284968663629894,6134,0.0,0.0
2021,1,sweep: 5-min move < -2.5 sd,5600,0.06524796916941333,9.895028100091032,5600,0.0,0.0
2021,1,sweep: 15-min move > +2.5 sd,4986,-0.020623001234764737,-3.05771887160976,4985,0.0,0.0
2021,1,sweep: 15-min move < -2.5 sd,3932,0.07586300982927191,10.418292052204205,3932,0.0,0.0
2021,1,sweep: 5-min move > +3 sd,2827,-0.02017956215244937,-2.0406914508886445,2827,0.0,0.0
2021,1,sweep: 5-min move < -3 sd,2392,0.07849040454900225,7.977346404261925,2392,0.0,0.0
2021,1,sweep: 15-min move > +3 sd,2029,-0.011064842310870071,-1.0919967769958412,2029,0.0,0.0
2021,1,sweep: 15-min move < -3 sd,1168,0.09300342222773123,6.924267289607844,1168,0.0,0.0
2021,1,sweep: 4h return > +25 bp,216847,-0.0058995824943886555,-4.130260976777106,216845,0.0,0.0
2021,1,sweep: 4h return < -25 bp,210538,0.006962790504404237,4.841459205819534,210453,0.0,0.0
2021,1,sweep: 4h return > +50 bp,177361,-0.006470045740074426,-4.415584770718023,177359,0.0,0.0
2021,1,sweep: 4h return < -50 bp,170961,0.007159387545152163,4.6053572669752025,170876,0.0,0.0
2021,1,sweep: 4h return > +100 bp,116240,-0.00728550918309806,-4.368650631748465,116238,0.0,0.0
2021,1,sweep: 4h return < -100 bp,110201,0.0065810575419184,3.692735517013075,110121,0.0,0.0
2021,1,sweep: taker buy share > 0.1 (15 min),75440,-0.01714463743852529,-9.008974904867138,75438,0.0,0.0
2021,1,sweep: taker sell share > 0.1 (15 min),113766,0.018744896379735643,11.902440140778827,113760,0.0,0.0
2021,1,sweep: taker buy share > 0.2 (15 min),17394,-0.01181207010942481,-2.9502052987790766,17393,0.0,0.0
2021,1,sweep: taker sell share > 0.2 (15 min),25996,0.017217268369511207,5.479771728540895,25994,0.0,0.0
2021,1,sweep: taker buy share > 0.3 (15 min),3374,0.00026273475380023115,0.03159256009766306,3374,0.0,0.0
2021,1,sweep: taker sell share > 0.3 (15 min),4258,0.01105499140356242,1.2867475297491495,4257,0.0,0.0
2021,1,sweep: price > VWAP60 + 15 bp,168454,-0.03404603821551183,-21.80786401356704,168391,0.0,0.0
2021,1,sweep: price < VWAP60 - 15 bp,158096,0.03349183725611793,21.462695747628615,158095,0.0,0.0
2021,1,sweep: price > VWAP60 + 30 bp,97377,-0.0392207460083287,-22.336189606423275,97348,0.0,0.0
2021,1,sweep: price < VWAP60 - 30 bp,89368,0.04025872230457095,19.177016577940076,89367,0.0,0.0
2021,1,sweep: price > VWAP60 + 50 bp,48027,-0.040193266014655005,-16.229481515065633,48005,0.0,0.0
2021,1,sweep: price < VWAP60 - 50 bp,42730,0.04445497336579679,14.22557168404206,42730,0.0,0.0
2021,1,sweep: previous window up,257354,-0.02474090154670744,-16.502201776098637,257345,0.0,0.0
2021,1,sweep: previous window down,258259,0.02474090154670744,16.502201776098584,258181,0.0,0.0
2021,1,sweep: two windows up,121498,-0.0328122888998314,-18.34298029029315,121491,0.0,0.0
2021,1,sweep: two windows down,122382,0.031645118566098585,17.87842033019904,122320,0.0,0.0
2021,1,sweep: MACD hist > 0,253343,-0.01936026104148275,-13.699763381317632,253338,0.0,0.0
2021,1,sweep: MACD hist < 0,262270,0.01936026104148275,13.69976338131757,262188,0.0,0.0
2021,1,sweep: OBV rising,17312,-0.014565721099408568,-3.8044731578331827,17311,0.0,0.0
2021,1,sweep: OBV falling,20603,0.024798916278180427,6.604775553238169,20602,0.0,0.0
2021,1,sweep: EMA9 > EMA21 + 10 bp,72488,-0.03847964028168899,-19.207093184362336,72486,0.0,0.0
2021,1,sweep: EMA9 < EMA21 - 10 bp,70748,0.041780049220893845,19.00108440208032,70748,0.0,0.0
2021,1,sweep: larger trades than usual (size5 > 1.2),92428,-0.003539566196372468,-2.0789112773962954,92428,0.0,0.0
2021,1,sweep: more trades than usual (nratio5 > 1.5),63249,0.005397059181564301,2.815115132522761,63248,0.0,0.0
2021,3,price at 4h high (rangepos >= 0.98),7061,-0.04633674574073804,-6.6120146265817406,7061,-0.04290894198760692,-6.385686263507145
2021,3,price at 4h low (rangepos <= 0.02),4481,0.08777245430355629,10.765414197473707,4480,0.0813777876364466,9.74395923013791
2021,3,upper quarter of 4h range,138553,-0.03324220241034859,-14.868280492854554,138547,-0.027395860905352898,-12.990118415177156
2021,3,lower quarter of 4h range,106537,0.0359158946993508,14.030172804801095,106530,0.03303605375701463,14.367462766994818
2021,3,last 5 min up more than 2 sd,13472,-0.04213174007746878,-7.276576679084434,13470,-0.04427017255293303,-8.050192085805472
2021,3,last 5 min down more than 2 sd,13062,0.06161073133653988,11.818739435414066,13062,0.06736198811705352,13.420803306887061
2021,3,last 15 min up more than 2 sd,11923,-0.04383117396068981,-6.779368422807022,11921,-0.044120499277818914,-7.161911609148352
2021,3,last 15 min down more than 2 sd,10918,0.06670646120786,11.41468855112536,10918,0.07467593938503214,13.663781601043958
2021,3,4h return above +50 bp,177359,-0.014274277194386953,-6.798724394704959,177353,-0.009613250949283558,-5.121704997546992
2021,3,4h return below -50 bp,170961,0.017867005270560787,8.55049248285165,170868,0.011812650901911803,6.31369510798334
2021,3,previous window up,257354,-0.03140125843396846,-17.411370823049896,257337,-0.035011440397123506,-20.288513597437476
2021,3,previous window down,258257,0.03140125843396846,17.411370823049918,258175,0.035011440397123506,20.288513597437458
2021,3,two windows up in a row,121498,-0.05155031117583275,-22.267586531184953,121488,-0.049917459856979984,-22.15840693400024
2021,3,two windows down in a row,122381,0.05043149875338715,22.154602949502564,122317,0.050331548046555374,23.95891370799239
2021,3,three windows up in a row,55758,-0.04066403065257579,-13.492416667581585,55750,-0.04112676289543682,-14.534084462497082
2021,3,three windows down in a row,56670,0.04475990147728287,15.641709767917376,56621,0.04293631933099623,15.996734216715069
2021,3,RSI14 above 70,18794,-0.05277033287426969,-10.868557313496007,18791,-0.052603621776344534,-11.315263711876257
2021,3,RSI14 below 30,16913,0.08417433132932489,17.30344719208253,16913,0.0895856581674993,19.0626327119224
2021,3,RSI60 above 65,3457,-0.023663314002961455,-2.1819057453420934,3457,-0.024982843848862346,-2.3253632559714577
2021,3,RSI60 below 35,1721,0.12249280586696121,7.241698788289662,1721,0.11388650128958866,7.399027275577807
2021,3,MACD histogram positive,253343,-0.019583428907718137,-9.287766832531089,253330,-0.022836968064468277,-11.481279892736866
2021,3,MACD histogram negative,262268,0.019583428907718137,9.287766832531103,262182,0.022836968064468277,11.481279892736856
2021,3,above upper Bollinger band,25619,-0.04464019171808653,-10.933036281596431,25616,-0.044146490162013385,-11.206049301575145
2021,3,below lower Bollinger band,27316,0.06406323909765238,16.805889530108583,27316,0.06896961705956262,19.142338143679048
2021,3,EMA9 above EMA21 by 10 bp,72488,-0.05823855019293467,-19.84062631193727,72483,-0.05730636331735989,-20.70390884074628
2021,3,EMA9 below EMA21 by 10 bp,70747,0.057302863289585726,19.780425780256966,70745,0.057333281599940944,20.962347472798196
2021,3,ADX14 above 30 (trending),127075,0.0022118013621969523,0.999161206423348,127009,0.002459442990776106,1.2130277408982293
2021,3,ADX14 below 15 (ranging),79975,0.001747711310277067,0.5835878675040326,79973,0.00035037230367646055,0.1292143432761775
2021,3,taker buying 60 pct+ of last 15 min,17394,-0.02145207011837652,-3.8993601972508074,17391,-0.020337490216818577,-3.8969673961226565
2021,3,taker selling 60 pct+ of last 15 min,25996,0.0226643241803281,5.374243250290808,25993,0.024813615874028583,6.45510247922229
2021,3,volume last 5 min 3x the daily average,16491,0.02775433778063424,5.625520993949053,16491,0.025793599617247087,5.659526212753806
2021,3,trade count last 5 min 3x average,9625,0.030773930452672515,4.908807264063749,9625,0.027887695981796023,4.741340276830408
2021,3,OBV rising over 60 min,17312,-0.03207996401818136,-5.832582195049387,17311,-0.029999932594399148,-5.992261068726355
2021,3,OBV falling over 60 min,20603,0.03689002951298903,7.342631609294998,20602,0.038377196117028556,8.52421411657118
2021,3,price 30 bp+ above 60-min VWAP,97377,-0.05591376430021311,-23.40467339287369,97344,-0.05435635835694491,-23.52298999109622
2021,3,price 30 bp+ below 60-min VWAP,89367,0.058932205703846274,23.02356412182231,89364,0.05820406176861004,24.435643741827853
2021,3,high volatility (vol60 in top decile),114330,-0.00035304186658502434,-0.15573895789065045,114323,-0.0009279012608574,-0.4301566478620301
2021,3,low volatility (vol60 in bottom decile),611,0.007833168607884633,0.20188888310536085,583,0.002513200982291963,0.07930487646699348
2021,3,weekend,146523,0.0010635406349077114,0.5097071563919099,146517,-0.0002798352450884001,-0.1413593748446041
2021,3,US afternoon (14-17 UTC),86160,0.0020143477347242533,0.8792276732405863,86160,-0.0012486282149742345,-0.6071311243727361
2021,3,Asia early (0-3 UTC),85785,-0.006610473095166214,-2.572076896227864,85691,-0.004463115644090465,-1.878975866131732
2021,3,sweep: RSI14 < 20,1515,0.10173442840689412,6.347251023928841,1515,0.11519257689032114,8.062046235629674
2021,3,sweep: RSI14 < 25,5733,0.0939301290343248,11.384121895950127,5733,0.09577558031411842,12.387558455682225
2021,3,sweep: RSI14 < 30,16913,0.08417433132932489,17.30344719208253,16913,0.0895856581674993,19.0626327119224
2021,3,sweep: RSI14 < 35,42218,0.07299748749417118,22.638109554696833,42218,0.07553492286078589,24.865275704537964
2021,3,sweep: RSI14 > 65,43608,-0.0615136861420586,-18.260122304724423,43605,-0.058883541790131444,-18.61584544795672
2021,3,sweep: RSI14 > 70,18794,-0.05277033287426969,-10.868557313496007,18791,-0.052603621776344534,-11.315263711876257
2021,3,sweep: RSI14 > 75,7208,-0.043743466066227754,-5.535833783067882,7206,-0.04462748966267832,-5.95112530606324
2021,3,sweep: RSI14 > 80,2390,-0.023116180368731865,-1.792333342034045,2390,-0.03449044122859751,-2.6337288213956
2021,3,sweep: RSI60 < 35,1721,0.12249280586696121,7.241698788289662,1721,0.11388650128958866,7.399027275577807
2021,3,sweep: RSI60 < 40,13780,0.05844715591995581,9.443723202787153,13780,0.05873807557326788,10.857897373505574
2021,3,sweep: RSI60 < 45,77397,0.04958549036435361,17.598239883343748,77394,0.04833021947524169,19.280280302335548
2021,3,sweep: RSI60 > 55,84936,-0.04896793985145653,-17.329795325289243,84930,-0.04365275536366231,-16.654101431549478
2021,3,sweep: RSI60 > 60,18216,-0.036410810335020694,-7.00719568167719,18216,-0.03550435008123404,-7.082603217413042
2021,3,sweep: RSI60 > 65,3457,-0.023663314002961455,-2.1819057453420934,3457,-0.024982843848862346,-2.3253632559714577
2021,3,sweep: range position < 0.05,12123,0.06419216591989857,11.025315603095441,12122,0.07122052690643921,12.360747591702822
2021,3,sweep: range position > 0.95,18152,-0.04339421184382347,-8.658194868572151,18151,-0.040172739116096146,-8.83155041684222
2021,3,sweep: range position < 0.1,29396,0.054999900879997954,13.36858190488926,29393,0.057692860427188186,14.436540248687564
2021,3,sweep: range position > 0.90,43077,-0.0410412022038798,-11.898445548287922,43073,-0.035778209999104416,-11.491464004033961
2021,3,sweep: range position < 0.15,52002,0.04775665751525743,14.348315790917555,51997,0.046616640841298795,15.505011275102918
2021,3,sweep: range position > 0.85,74320,-0.042168854519008814,-15.457412019004218,74314,-0.03616565232064145,-14.575230709118639
2021,3,sweep: 5-min move > +1.5 sd,31231,-0.04073214827509958,-10.550324278640744,31228,-0.0398955631141078,-11.093181824268175
2021,3,sweep: 5-min move < -1.5 sd,30829,0.05251225748979699,14.517737477670586,30829,0.05704441301185964,16.234325551494315
2021,3,sweep: 15-min move > +1.5 sd,28982,-0.05009573565810388,-11.890731446345603,28979,-0.04802950295687525,-11.998400982944093
2021,3,sweep: 15-min move < -1.5 sd,28302,0.060127074672281455,15.329414827488867,28302,0.06395852910598471,17.438239998471182
2021,3,sweep: 5-min move > +2 sd,13472,-0.04213174007746878,-7.276576679084434,13470,-0.04427017255293303,-8.050192085805472
2021,3,sweep: 5-min move < -2 sd,13062,0.06161073133653988,11.818739435414066,13062,0.06736198811705352,13.420803306887061
2021,3,sweep: 15-min move > +2 sd,11923,-0.04383117396068981,-6.779368422807022,11921,-0.044120499277818914,-7.161911609148352
2021,3,sweep: 15-min move < -2 sd,10918,0.06670646120786,11.41468855112536,10918,0.07467593938503214,13.663781601043958
2021,3,sweep: 5-min move > +2.5 sd,6134,-0.02906203462224538,-3.3991233324911705,6134,-0.036274827253307274,-4.490371008117658
2021,3,sweep: 5-min move < -2.5 sd,5600,0.0752341108469089,9.43475296384093,5600,0.07659188532250938,10.092642079505826
2021,3,sweep: 15-min move > +2.5 sd,4986,-0.030287158805978653,-3.0615114166970563,4985,-0.03367795496799947,-3.701178081779093
2021,3,sweep: 15-min move < -2.5 sd,3932,0.07976386396658752,8.116127258924706,3932,0.08777491327309167,10.083201840512011
2021,3,sweep: 5-min move > +3 sd,2827,-0.020123000603415875,-1.677640335152645,2827,-0.03372855833220434,-2.9290296938040346
2021,3,sweep: 5-min move < -3 sd,2392,0.08232699818649397,6.850870466522936,2392,0.0865022609404803,7.662610092814973
2021,3,sweep: 15-min move > +3 sd,2029,0.00383565355090576,0.2648254215180788,2029,-0.013926978368923093,-1.0073153342478696
2021,3,sweep: 15-min move < -3 sd,1168,0.10678953435979799,5.4440842157401885,1168,0.11921735818190227,6.820107210747533
2021,3,sweep: 4h return > +25 bp,216845,-0.013387198469912043,-6.692202700234156,216839,-0.009043392411601736,-4.9654222081996755
2021,3,sweep: 4h return < -25 bp,210538,0.016731188369742467,8.596948087100197,210445,0.010738320018576164,6.051986237400911
2021,3,sweep: 4h return > +50 bp,177359,-0.014274277194386953,-6.798724394704959,177353,-0.009613250949283558,-5.121704997546992
2021,3,sweep: 4h return < -50 bp,170961,0.017867005270560787,8.55049248285165,170868,0.011812650901911803,6.31369510798334
2021,3,sweep: 4h return > +100 bp,116238,-0.013899419568877414,-5.8273355983209205,116232,-0.009629521348214154,-4.522203473909457
2021,3,sweep: 4h return < -100 bp,110201,0.017628066234613993,7.412094867227371,110118,0.012564059733069788,5.794512230264605
2021,3,sweep: taker buy share > 0.1 (15 min),75439,-0.026154848033754508,-10.486042046786572,75433,-0.02521664453570982,-10.6484517533146
2021,3,sweep: taker sell share > 0.1 (15 min),113766,0.025956381004248796,10.8234574179911,113757,0.026050678692666085,11.867169002247808
2021,3,sweep: taker buy share > 0.2 (15 min),17394,-0.02145207011837652,-3.8993601972508074,17391,-0.020337490216818577,-3.8969673961226565
2021,3,sweep: taker sell share > 0.2 (15 min),25996,0.0226643241803281,5.374243250290808,25993,0.024813615874028583,6.45510247922229
2021,3,sweep: taker buy share > 0.3 (15 min),3374,0.018219537250430795,1.4394308212168427,3374,0.01807213329289309,1.5384806146092944
2021,3,sweep: taker sell share > 0.3 (15 min),4258,0.017505518292537325,1.6882463649020345,4257,0.01836534175263793,1.8926459835373646
2021,3,sweep: price > VWAP60 + 15 bp,168454,-0.051322991152138786,-24.964880534432822,168385,-0.05063491611803028,-26.06058739978684
2021,3,sweep: price < VWAP60 - 15 bp,158094,0.05109739010289721,25.57709807896743,158091,0.0509607108900213,27.279606106146794
2021,3,sweep: price > VWAP60 + 30 bp,97377,-0.05591376430021311,-23.40467339287369,97344,-0.05435635835694491,-23.52298999109622
2021,3,sweep: price < VWAP60 - 30 bp,89367,0.058932205703846274,23.02356412182231,89364,0.05820406176861004,24.435643741827853
2021,3,sweep: price > VWAP60 + 50 bp,48027,-0.05539983479521288,-16.413027411829837,48005,-0.055981997244696824,-17.600351089121173
2021,3,sweep: price < VWAP60 - 50 bp,42730,0.06505787784210221,16.805773284725326,42729,0.06525370750573617,17.235369273647578
2021,3,sweep: previous window up,257354,-0.03140125843396846,-17.411370823049896,257337,-0.035011440397123506,-20.288513597437476
2021,3,sweep: previous window down,258257,0.03140125843396846,17.411370823049918,258175,0.035011440397123506,20.288513597437458
2021,3,sweep: two windows up,121498,-0.05155031117583275,-22.267586531184953,121488,-0.049917459856979984,-22.15840693400024
2021,3,sweep: two windows down,122381,0.05043149875338715,22.154602949502564,122317,0.050331548046555374,23.95891370799239
2021,3,sweep: MACD hist > 0,253343,-0.019583428907718137,-9.287766832531089,253330,-0.022836968064468277,-11.481279892736866
2021,3,sweep: MACD hist < 0,262268,0.019583428907718137,9.287766832531103,262182,0.022836968064468277,11.481279892736856
2021,3,sweep: OBV rising,17312,-0.03207996401818136,-5.832582195049387,17311,-0.029999932594399148,-5.992261068726355
2021,3,sweep: OBV falling,20603,0.03689002951298903,7.342631609294998,20602,0.038377196117028556,8.52421411657118
2021,3,sweep: EMA9 > EMA21 + 10 bp,72488,-0.05823855019293467,-19.84062631193727,72483,-0.05730636331735989,-20.70390884074628
2021,3,sweep: EMA9 < EMA21 - 10 bp,70747,0.057302863289585726,19.780425780256966,70745,0.057333281599940944,20.962347472798196
2021,3,sweep: larger trades than usual (size5 > 1.2),92427,-0.002475817995445273,-1.0080827999347872,92427,0.000253857171523153,0.1179288575525289
2021,3,sweep: more trades than usual (nratio5 > 1.5),63249,0.009299683081938959,3.5030968031020415,63246,0.008155630055576013,3.3605742030884747
2021,5,price at 4h high (rangepos >= 0.98),7061,-0.06465745010915536,-8.500635941391778,7061,-0.06338525577499032,-8.381696594084438
2021,5,price at 4h low (rangepos <= 0.02),4481,0.1082736082564128,13.796946329694135,4480,0.09875099538707888,12.45413894368053
2021,5,upper quarter of 4h range,138553,-0.04053823098506543,-14.82246121057417,138543,-0.037932236056677504,-14.881039408974779
2021,5,lower quarter of 4h range,106537,0.04381547671730979,14.869037291992727,106524,0.04171389905949019,14.621123905253151
2021,5,last 5 min up more than 2 sd,13472,-0.04958386641125284,-7.872964377420525,13470,-0.0545247292127895,-8.789169032783871
2021,5,last 5 min down more than 2 sd,13062,0.05885025462258209,9.810108189956493,13062,0.06494939140049721,11.007857776177739
2021,5,last 15 min up more than 2 sd,11923,-0.046851435506634065,-6.199151397604546,11921,-0.05436192658661132,-7.434549513237008
2021,5,last 15 min down more than 2 sd,10918,0.06445228376076872,9.241510441838495,10918,0.0692723830877871,10.49236162798549
2021,5,4h return above +50 bp,177357,-0.019345458040898433,-7.3957419397893265,177347,-0.017252587139112208,-6.9848643671433575
2021,5,4h return below -50 bp,170961,0.02406415050664812,9.44940046791276,170860,0.020612891893399043,8.898822865626554
2021,5,previous window up,257354,-0.03677296118605283,-17.758538759116128,257333,-0.03896349367487062,-19.801635165291618
2021,5,previous window down,258255,0.03677296118605283,17.758538759116128,258165,0.03896349367487062,19.80163516529167
2021,5,two windows up in a row,121498,-0.05813733531687176,-22.54485748611817,121486,-0.058809145774967986,-23.931424668926354
2021,5,two windows down in a row,122381,0.05516813856879388,20.845112420475903,122313,0.05598036998237621,22.13591256727311
2021,5,three windows up in a row,55758,-0.046825326804312006,-13.416805483878573,55748,-0.047849565412100836,-14.355275823876786
2021,5,three windows down in a row,56670,0.051132414514246605,15.530265278714767,56618,0.05158408680777932,16.572451851719347
2021,5,RSI14 above 70,18794,-0.06535754829135271,-10.899287436387398,18791,-0.07021985469068165,-12.26214249468474
2021,5,RSI14 below 30,16913,0.08829162825121878,15.449536546346431,16913,0.09038885372868272,16.647308765094934
2021,5,RSI60 above 65,3457,-0.012848011525794345,-1.0525703825100006,3457,-0.016635496781096715,-1.4586152126395957
2021,5,RSI60 below 35,1721,0.11349246083379566,5.718292917428908,1721,0.12369731868863937,6.609567326543141
2021,5,MACD histogram positive,253343,-0.021360942971804908,-8.566954394612257,253322,-0.022978325339629346,-9.947787151468644
2021,5,MACD histogram negative,262266,0.021360942971804908,8.566954394612244,262176,0.022978325339629346,9.94778715146869
2021,5,above upper Bollinger band,25619,-0.05424118834395403,-12.259913613077451,25616,-0.0565391957154025,-13.066347684315168
2021,5,below lower Bollinger band,27314,0.06421412174131513,15.664082916773859,27314,0.06588706493894925,15.701621394691626
2021,5,EMA9 above EMA21 by 10 bp,72488,-0.06246357588065943,-18.131806745371318,72481,-0.065658096140711,-20.068836885869846
2021,5,EMA9 below EMA21 by 10 bp,70747,0.06323698309371517,17.60972875276106,70743,0.06524896287219795,20.24159557200402
2021,5,ADX14 above 30 (trending),127075,0.0019438591850787224,0.7153944482918366,127004,0.0008150192143078772,0.3214192663084412
2021,5,ADX14 below 15 (ranging),79975,0.004301959729902993,1.187887329076632,79973,0.0031102992237205807,0.9070214485420964
2021,5,taker buying 60 pct+ of last 15 min,17394,-0.029258954525145875,-4.561128849682543,17389,-0.02787658791903269,-4.595310490628543
2021,5,taker selling 60 pct+ of last 15 min,25996,0.027185064345453813,5.4173296550403665,25993,0.025644451389295275,5.396395884530194
2021,5,volume last 5 min 3x the daily average,16491,0.0329517053662674,5.763992795177413,16491,0.03136474857999527,5.593812536532586
2021,5,trade count last 5 min 3x average,9625,0.030746019380316125,4.3632115409667644,9625,0.029648472368237977,4.38972872158944
2021,5,OBV rising over 60 min,17312,-0.038014338203759324,-5.703131974327694,17311,-0.04187533079342903,-6.691085001204404
2021,5,OBV falling over 60 min,20603,0.042486712475193866,7.1783528431425605,20602,0.04368156396195699,7.542197430918849
2021,5,price 30 bp+ above 60-min VWAP,97377,-0.06345451051192724,-22.24078466311539,97342,-0.06452929865994933,-23.901783953404315
2021,5,price 30 bp+ below 60-min VWAP,89367,0.06505204939917075,21.130272353142292,89361,0.06751264012060926,24.300846936726384
2021,5,high volatility (vol60 in top decile),114330,0.001925864635948682,0.6817594378609986,114319,0.0036242664551080495,1.360207727884697
2021,5,low volatility (vol60 in bottom decile),611,-0.02239153818333678,-0.4703533892433626,583,-0.02619765599707885,-0.6004427891619905
2021,5,weekend,146523,0.0007202603876317326,0.27453365629856585,146513,0.00012527767816544744,0.050233555452251055
2021,5,US afternoon (14-17 UTC),86160,-0.00036565730261950424,-0.12774844610492964,86160,-0.0002807541846084338,-0.10334250202714124
2021,5,Asia early (0-3 UTC),85785,-0.00617887912603754,-1.8754745992404878,85681,-0.005370508306380473,-1.7593892247491991
2021,5,sweep: RSI14 < 20,1515,0.08410846414406042,4.6919217782651375,1515,0.08853266191355902,5.379524799100093
2021,5,sweep: RSI14 < 25,5733,0.08532295119874395,8.433512424295872,5733,0.08744263193245982,9.176307473652843
2021,5,sweep: RSI14 < 30,16913,0.08829162825121878,15.449536546346431,16913,0.09038885372868272,16.647308765094934
2021,5,sweep: RSI14 < 35,42216,0.08105840155883498,22.445745275649294,42216,0.08253828147992093,23.93751393945293
2021,5,sweep: RSI14 > 65,43608,-0.07500119838587677,-18.984361111162265,43605,-0.07757319206888585,-21.09626613164661
2021,5,sweep: RSI14 > 70,18794,-0.06535754829135271,-10.899287436387398,18791,-0.07021985469068165,-12.26214249468474
2021,5,sweep: RSI14 > 75,7208,-0.04971730985962752,-5.239050757252924,7206,-0.057087689617716764,-6.280246610929191
2021,5,sweep: RSI14 > 80,2390,-0.021363564149590508,-1.4165621087073381,2390,-0.032745994603793294,-2.1767639726048946
2021,5,sweep: RSI60 < 35,1721,0.11349246083379566,5.718292917428908,1721,0.12369731868863937,6.609567326543141
2021,5,sweep: RSI60 < 40,13780,0.06713417080840778,9.106256785951045,13780,0.06445181352518603,9.211606980527753
2021,5,sweep: RSI60 < 45,77397,0.05854355465248823,17.827474197829893,77392,0.058749607835799245,19.217412417992126
2021,5,sweep: RSI60 > 55,84936,-0.058227406440784,-16.514381855419757,84929,-0.05749162217571924,-17.505412710133534
2021,5,sweep: RSI60 > 60,18216,-0.04098990703624439,-6.367732567429131,18216,-0.042915801716664925,-7.1327886786652215
2021,5,sweep: RSI60 > 65,3457,-0.012848011525794345,-1.0525703825100006,3457,-0.016635496781096715,-1.4586152126395957
2021,5,sweep: range position < 0.05,12123,0.08480413827253697,13.710854942493789,12122,0.08582165739612163,14.248421432250886
2021,5,sweep: range position > 0.95,18152,-0.06044010496264568,-10.31300310437892,18151,-0.061145210106111125,-10.908305735693032
2021,5,sweep: range position < 0.1,29396,0.06545017418475008,14.025651108408248,29392,0.06753165131778205,14.831858077288283
2021,5,sweep: range position > 0.90,43077,-0.05258939774308069,-12.156940833222412,43073,-0.052251834273441544,-13.366435519642733
2021,5,sweep: range position < 0.15,52002,0.05648688049002348,14.303854056023274,51993,0.05603212442272276,14.919796640989
2021,5,sweep: range position > 0.85,74320,-0.051594528195717915,-15.239806277916408,74312,-0.050934815170248726,-16.413867981591277
2021,5,sweep: 5-min move > +1.5 sd,31231,-0.04787794738579065,-11.176834326809221,31228,-0.05039373915366674,-12.215380145149433
2021,5,sweep: 5-min move < -1.5 sd,30828,0.055117975675678,13.198301627526119,30828,0.05674714273022041,13.57875556556493
2021,5,sweep: 15-min move > +1.5 sd,28982,-0.05794476841738594,-12.061190145208016,28979,-0.06123097632156477,-13.093449357850663
2021,5,sweep: 15-min move < -1.5 sd,28301,0.06570663442603664,14.491085600227798,28301,0.06669430509967839,16.038036966963105
2021,5,sweep: 5-min move > +2 sd,13472,-0.04958386641125284,-7.872964377420525,13470,-0.0545247292127895,-8.789169032783871
2021,5,sweep: 5-min move < -2 sd,13062,0.05885025462258209,9.810108189956493,13062,0.06494939140049721,11.007857776177739
2021,5,sweep: 15-min move > +2 sd,11923,-0.046851435506634065,-6.199151397604546,11921,-0.05436192658661132,-7.434549513237008
2021,5,sweep: 15-min move < -2 sd,10918,0.06445228376076872,9.241510441838495,10918,0.0692723830877871,10.49236162798549
2021,5,sweep: 5-min move > +2.5 sd,6134,-0.030948240653761838,-3.3022160035926533,6134,-0.040902570721392195,-4.4136322272253405
2021,5,sweep: 5-min move < -2.5 sd,5600,0.06838886946812983,7.867002991451996,5600,0.07509246667260627,8.324060506145164
2021,5,sweep: 15-min move > +2.5 sd,4986,-0.030990784002835114,-2.743327035266599,4985,-0.032381890231557964,-2.9520619591114925
2021,5,sweep: 15-min move < -2.5 sd,3932,0.07427156760864356,6.300325660449004,3932,0.0767272400905668,7.25115618273624
2021,5,sweep: 5-min move > +3 sd,2827,-0.026679646690635217,-2.1152372637974084,2827,-0.03502318941554333,-2.6698702817069666
2021,5,sweep: 5-min move < -3 sd,2392,0.08071885064453721,6.130243536672065,2392,0.08446559322164476,6.492787481377054
2021,5,sweep: 15-min move > +3 sd,2029,-0.0031698996122868084,-0.18994753401398867,2029,-0.004537524690205741,-0.2791165484269196
2021,5,sweep: 15-min move < -3 sd,1168,0.10855737700181711,4.95017597337827,1168,0.10253741801077026,5.277332487053829
2021,5,sweep: 4h return > +25 bp,216843,-0.020042216746323505,-7.890749437795901,216833,-0.017717611038248038,-7.4918490460866645
2021,5,sweep: 4h return < -25 bp,210538,0.023740181400497495,9.831455745461765,210437,0.020264172779013212,9.00231555960962
2021,5,sweep: 4h return > +50 bp,177357,-0.019345458040898433,-7.3957419397893265,177347,-0.017252587139112208,-6.9848643671433575
2021,5,sweep: 4h return < -50 bp,170961,0.02406415050664812,9.44940046791276,170860,0.020612891893399043,8.898822865626554
2021,5,sweep: 4h return > +100 bp,116238,-0.0183699258694614,-6.203997042218587,116228,-0.01591810778765268,-5.675326240241249
2021,5,sweep: 4h return < -100 bp,110201,0.02477225571635716,8.36128351850952,110113,0.022178248658916044,8.092663268070227
2021,5,sweep: taker buy share > 0.1 (15 min),75439,-0.03035548420658296,-9.469788195492704,75429,-0.030151946506861316,-9.876453355787305
2021,5,sweep: taker sell share > 0.1 (15 min),113766,0.027876713821353982,9.969226541404451,113753,0.02867668672019369,10.831579546688083
2021,5,sweep: taker buy share > 0.2 (15 min),17394,-0.029258954525145875,-4.561128849682543,17389,-0.02787658791903269,-4.595310490628543
2021,5,sweep: taker sell share > 0.2 (15 min),25996,0.027185064345453813,5.4173296550403665,25993,0.025644451389295275,5.396395884530194
2021,5,sweep: taker buy share > 0.3 (15 min),3374,0.019431525392842874,1.2319216515560873,3374,0.016468082064649947,1.0679120903556498
2021,5,sweep: taker sell share > 0.3 (15 min),4258,0.024340940847677295,2.0196363411872404,4257,0.027851288258215035,2.3586907610710366
2021,5,sweep: price > VWAP60 + 15 bp,168454,-0.05813060383830759,-24.754008498048513,168380,-0.06073940901481911,-27.47544956633134
2021,5,sweep: price < VWAP60 - 15 bp,158092,0.05560883816944434,23.289443144274383,158085,0.059739755893207014,27.84888308759379
2021,5,sweep: price > VWAP60 + 30 bp,97377,-0.06345451051192724,-22.24078466311539,97342,-0.06452929865994933,-23.901783953404315
2021,5,sweep: price < VWAP60 - 30 bp,89367,0.06505204939917075,21.130272353142292,89361,0.06751264012060926,24.300846936726384
2021,5,sweep: price > VWAP60 + 50 bp,48027,-0.06310090138231128,-15.761502214517323,48005,-0.06505317198543376,-17.62359498738362
2021,5,sweep: price < VWAP60 - 50 bp,42730,0.07138074254511229,15.939468842113419,42729,0.07266848262087544,17.455881332969334
2021,5,sweep: previous window up,257354,-0.03677296118605283,-17.758538759116128,257333,-0.03896349367487062,-19.801635165291618
2021,5,sweep: previous window down,258255,0.03677296118605283,17.758538759116128,258165,0.03896349367487062,19.80163516529167
2021,5,sweep: two windows up,121498,-0.05813733531687176,-22.54485748611817,121486,-0.058809145774967986,-23.931424668926354
2021,5,sweep: two windows down,122381,0.05516813856879388,20.845112420475903,122313,0.05598036998237621,22.13591256727311
2021,5,sweep: MACD hist > 0,253343,-0.021360942971804908,-8.566954394612257,253322,-0.022978325339629346,-9.947787151468644
2021,5,sweep: MACD hist < 0,262266,0.021360942971804908,8.566954394612244,262176,0.022978325339629346,9.94778715146869
2021,5,sweep: OBV rising,17312,-0.038014338203759324,-5.703131974327694,17311,-0.04187533079342903,-6.691085001204404
2021,5,sweep: OBV falling,20603,0.042486712475193866,7.1783528431425605,20602,0.04368156396195699,7.542197430918849
2021,5,sweep: EMA9 > EMA21 + 10 bp,72488,-0.06246357588065943,-18.131806745371318,72481,-0.065658096140711,-20.068836885869846
2021,5,sweep: EMA9 < EMA21 - 10 bp,70747,0.06323698309371517,17.60972875276106,70743,0.06524896287219795,20.24159557200402
2021,5,sweep: larger trades than usual (size5 > 1.2),92427,0.000647003977252647,0.2238209065193511,92425,9.517109913315114e-06,0.003390066223270485
2021,5,sweep: more trades than usual (nratio5 > 1.5),63249,0.012767127596015226,4.136805668761554,63244,0.011191402310851695,3.8366645374186352
2021,10,price at 4h high (rangepos >= 0.98),7061,-0.07408422859379826,-8.755677221858798,7061,-0.08310519552175732,-9.739161930215698
2021,10,price at 4h low (rangepos <= 0.02),4481,0.12264897950097253,14.19867361862792,4480,0.13049120212903365,15.893721593311838
2021,10,upper quarter of 4h range,138550,-0.05169211098145671,-14.179586773132112,138530,-0.05262442848007881,-15.134979346872143
2021,10,lower quarter of 4h range,106537,0.05358036906059299,14.178993369961447,106510,0.054941394094579654,15.049983431023492
2021,10,last 5 min up more than 2 sd,13472,-0.0373449990475766,-5.45752644096741,13470,-0.03943870378550829,-5.652631153903662
2021,10,last 5 min down more than 2 sd,13062,0.05566874582886566,8.681748260817319,13062,0.06177852875617612,9.769484563903891
2021,10,last 15 min up more than 2 sd,11923,-0.04176201329339363,-5.145420557072599,11921,-0.04887685126026331,-5.9174514036535
2021,10,last 15 min down more than 2 sd,10918,0.06174672569702572,7.304974990705077,10918,0.06583024894295214,7.9353535881448325
2021,10,4h return above +50 bp,177352,-0.0319255302017078,-9.259326747908215,177332,-0.03196577881515461,-9.566810813955346
2021,10,4h return below -50 bp,170961,0.03823769664364601,11.180754118402747,170840,0.039218047061702344,11.925960914627057
2021,10,previous window up,257354,-0.04242750302221182,-17.358888797364905,257318,-0.044914342679228725,-19.559416185649177
2021,10,previous window down,258250,0.04242750302221182,17.358888797365033,258145,0.044914342679228725,19.55941618564917
2021,10,two windows up in a row,121498,-0.05592776652319048,-19.165708657573592,121481,-0.05692996574311343,-20.129133182474334
2021,10,two windows down in a row,122379,0.05116577189284238,16.833182666296835,122303,0.05355971479402427,18.073571547461853
2021,10,three windows up in a row,55758,-0.05135693884715392,-12.429283968780632,55744,-0.05127599513417885,-12.644789677450019
2021,10,three windows down in a row,56668,0.05658255556987962,13.87057365236478,56612,0.06030836058220729,14.970669007614113
2021,10,RSI14 above 70,18794,-0.06626370336607301,-10.28605892571038,18791,-0.07141215405873685,-11.114885715709823
2021,10,RSI14 below 30,16913,0.08573829304097613,12.947131103769415,16913,0.08740427639848097,13.489126879476979
2021,10,RSI60 above 65,3457,0.005982470369331083,0.3928601272689896,3457,-0.0019917070934039605,-0.13563001699337618
2021,10,RSI60 below 35,1721,0.08453399696587022,3.70770585248748,1721,0.09754209099785965,4.76205183599792
2021,10,MACD histogram positive,253343,-0.01733044531924871,-6.059650459375444,253303,-0.01785816027512377,-6.43223883293179
2021,10,MACD histogram negative,262261,0.01733044531924871,6.059650459375457,262160,0.01785816027512377,6.43223883293179
2021,10,above upper Bollinger band,25619,-0.055025944443741204,-12.11936385728992,25614,-0.05736854702645827,-12.460769621990206
2021,10,below lower Bollinger band,27311,0.06289502347925258,14.134997955644904,27310,0.062263277597003286,14.201831330541058
2021,10,EMA9 above EMA21 by 10 bp,72488,-0.06248213364220878,-15.13366954591867,72476,-0.0635052073545232,-15.70240268185596
2021,10,EMA9 below EMA21 by 10 bp,70747,0.07024100821703133,16.11979989814502,70734,0.07256835743225182,16.827883512902453
2021,10,ADX14 above 30 (trending),127075,0.0006100611307729986,0.16820299917276862,126994,0.0006989510208857963,0.20071887315120307
2021,10,ADX14 below 15 (ranging),79970,0.004713108874483618,1.0042462095528668,79965,0.003492728659836186,0.7825115223587448
2021,10,taker buying 60 pct+ of last 15 min,17394,-0.032750119522405585,-4.063188258614059,17384,-0.03264841715612754,-4.109739383515124
2021,10,taker selling 60 pct+ of last 15 min,25996,0.03220696927708999,5.26193450596831,25993,0.03347097317669229,5.627768276056168
2021,10,volume last 5 min 3x the daily average,16491,0.044737993907759566,5.94722882308474,16491,0.04513981236599457,6.2623543090436105
2021,10,trade count last 5 min 3x average,9625,0.04819793953257595,5.1242612045337745,9625,0.04937894258328068,5.611152085104132
2021,10,OBV rising over 60 min,17312,-0.03949021279982623,-4.597713201428982,17311,-0.04166994661520901,-5.0303632079199225
2021,10,OBV falling over 60 min,20603,0.04758976088195027,6.078937932881792,20602,0.04886972777618914,6.4058481183868645
2021,10,price 30 bp+ above 60-min VWAP,97377,-0.06328240190306145,-17.742388236529443,97337,-0.06453537641184609,-18.79515967933299
2021,10,price 30 bp+ below 60-min VWAP,89367,0.07031867323329039,17.605528909295284,89354,0.07372537975825283,19.569984341114406
2021,10,high volatility (vol60 in top decile),114330,0.0080716791330816,2.176775554169176,114309,0.009655423700032417,2.7058032796773266
2021,10,low volatility (vol60 in bottom decile),611,0.0023788002292234323,0.043269142393252295,583,-0.046142690611451265,-0.8405729831891817
2021,10,weekend,146523,0.00033885057065274893,0.10065542159804133,146503,0.0012865524041170695,0.4022981344388095
2021,10,US afternoon (14-17 UTC),86160,-0.001153504853162568,-0.28525355510286166,86160,-0.0006440986318063668,-0.16820978718717225
2021,10,Asia early (0-3 UTC),85785,-0.008634543098813341,-1.8391366572766434,85656,-0.008157507659596885,-1.8407094868341025
2021,10,sweep: RSI14 < 20,1515,0.059805682604289256,3.087005649271672,1515,0.0534467099842208,2.629057926871952
2021,10,sweep: RSI14 < 25,5733,0.09274816714933926,8.677751692577678,5733,0.08758167422502322,8.11545310076477
2021,10,sweep: RSI14 < 30,16913,0.08573829304097613,12.947131103769415,16913,0.08740427639848097,13.489126879476979
2021,10,sweep: RSI14 < 35,42215,0.07991371268335268,17.620410026782622,42214,0.08488740332660383,18.912699440500703
2021,10,sweep: RSI14 > 65,43608,-0.07842482951930096,-17.595992958089838,43603,-0.07983660791232255,-18.708626542164563
2021,10,sweep: RSI14 > 70,18794,-0.06626370336607301,-10.28605892571038,18791,-0.07141215405873685,-11.114885715709823
2021,10,sweep: RSI14 > 75,7208,-0.046850208065323584,-4.53264159233667,7206,-0.057684327739437824,-5.582601514097935
2021,10,sweep: RSI14 > 80,2390,-0.011503361545999569,-0.7247081924964621,2390,-0.027037902156655635,-1.6156328392738726
2021,10,sweep: RSI60 < 35,1721,0.08453399696587022,3.70770585248748,1721,0.09754209099785965,4.76205183599792
2021,10,sweep: RSI60 < 40,13780,0.07150595614137223,7.598780291760698,13780,0.07937218417147507,8.479101582593021
2021,10,sweep: RSI60 < 45,77397,0.0669017656235637,15.765826316921395,77386,0.06936889405399294,16.824240345243155
2021,10,sweep: RSI60 > 55,84936,-0.06776698110278823,-14.908424876427416,84928,-0.0690441642828083,-16.089401195880296
2021,10,sweep: RSI60 > 60,18216,-0.04073494957420409,-5.2380812442481215,18216,-0.04519019700070698,-5.729585988652621
2021,10,sweep: RSI60 > 65,3457,0.005982470369331083,0.3928601272689896,3457,-0.0019917070934039605,-0.13563001699337618
2021,10,sweep: range position < 0.05,12123,0.1032462110147726,13.957305992138096,12122,0.11488416368497867,16.536250827648026
2021,10,sweep: range position > 0.95,18152,-0.07097699847572636,-10.522039078258146,18151,-0.07879097668756513,-11.781252232087143
2021,10,sweep: range position < 0.1,29396,0.08040749301280614,14.055365885806976,29388,0.08761845153973441,15.728470754553323
2021,10,sweep: range position > 0.90,43077,-0.06608477302491433,-12.682234059772291,43073,-0.06982183591868163,-13.578599895926494
2021,10,sweep: range position < 0.15,52002,0.06760683768992443,13.895838556305458,51986,0.07066886791529975,15.225002014161008
2021,10,sweep: range position > 0.85,74320,-0.06173179687431163,-14.321755738106775,74311,-0.06353703877733602,-15.223160209975404
2021,10,sweep: 5-min move > +1.5 sd,31231,-0.034620421518207434,-7.68220901886856,31227,-0.03661921045571942,-8.072450964804826
2021,10,sweep: 5-min move < -1.5 sd,30827,0.050578786294291855,11.472313618932947,30827,0.05153460246337882,11.872837930409387
2021,10,sweep: 15-min move > +1.5 sd,28982,-0.05690149454979182,-10.291315596080405,28977,-0.059803969853319316,-11.043761960474756
2021,10,sweep: 15-min move < -1.5 sd,28301,0.06534803693367885,11.638822554593123,28301,0.07098283360024193,12.94811058741038
2021,10,sweep: 5-min move > +2 sd,13472,-0.0373449990475766,-5.45752644096741,13470,-0.03943870378550829,-5.652631153903662
2021,10,sweep: 5-min move < -2 sd,13062,0.05566874582886566,8.681748260817319,13062,0.06177852875617612,9.769484563903891
2021,10,sweep: 15-min move > +2 sd,11923,-0.04176201329339363,-5.145420557072599,11921,-0.04887685126026331,-5.9174514036535
2021,10,sweep: 15-min move < -2 sd,10918,0.06174672569702572,7.304974990705077,10918,0.06583024894295214,7.9353535881448325
2021,10,sweep: 5-min move > +2.5 sd,6134,-0.024155333330700857,-2.4440955596140173,6134,-0.023240050969890624,-2.3602890937386363
2021,10,sweep: 5-min move < -2.5 sd,5600,0.06027756084826219,6.424782958381246,5600,0.062581605604979,6.572105700011183
2021,10,sweep: 15-min move > +2.5 sd,4986,-0.017836575078869377,-1.4033276028967168,4985,-0.02806864994153435,-2.1884834583178057
2021,10,sweep: 15-min move < -2.5 sd,3932,0.05934371391311416,4.2646713231929905,3932,0.06304148369170809,4.561250798802446
2021,10,sweep: 5-min move > +3 sd,2827,-0.025064799387067738,-1.862227389794584,2827,-0.023332683090178774,-1.7210063117477943
2021,10,sweep: 5-min move < -3 sd,2392,0.05949036766202248,4.43526103950564,2392,0.05992886144328019,4.110324555172297
2021,10,sweep: 15-min move > +3 sd,2029,0.026709967794776024,1.421679432331343,2029,0.009485436086855592,0.4909268669453384
2021,10,sweep: 15-min move < -3 sd,1168,0.054688060029459584,2.219476387008578,1168,0.06801718991032679,2.814618713792498
2021,10,sweep: 4h return > +25 bp,216838,-0.03415417746026439,-10.219163011824747,216818,-0.03462142146364411,-10.618371618656743
2021,10,sweep: 4h return < -25 bp,210538,0.037493638621128034,11.804651395409955,210417,0.037804550010724525,12.397322192483696
2021,10,sweep: 4h return > +50 bp,177352,-0.0319255302017078,-9.259326747908215,177332,-0.03196577881515461,-9.566810813955346
2021,10,sweep: 4h return < -50 bp,170961,0.03823769664364601,11.180754118402747,170840,0.039218047061702344,11.925960914627057
2021,10,sweep: 4h return > +100 bp,116237,-0.02923607387185878,-7.519507170951768,116217,-0.029225527921831196,-7.870929121374386
2021,10,sweep: 4h return < -100 bp,110201,0.03900302922017118,9.881267218051795,110105,0.04062078963612503,10.628552980709042
2021,10,sweep: taker buy share > 0.1 (15 min),75436,-0.03194188970873968,-7.626181084729717,75419,-0.032814504126889354,-7.960337643837187
2021,10,sweep: taker sell share > 0.1 (15 min),113766,0.030614508155604125,8.496091514365645,113748,0.03169735597322543,9.029142866929272
2021,10,sweep: taker buy share > 0.2 (15 min),17394,-0.032750119522405585,-4.063188258614059,17384,-0.03264841715612754,-4.109739383515124
2021,10,sweep: taker sell share > 0.2 (15 min),25996,0.03220696927708999,5.26193450596831,25993,0.03347097317669229,5.627768276056168
2021,10,sweep: taker buy share > 0.3 (15 min),3374,0.004707034287504297,0.23777850322916894,3370,0.011474937198588497,0.5989304697135204
2021,10,sweep: taker sell share > 0.3 (15 min),4258,0.01671894805993346,1.1229654858764466,4257,0.02875438546558795,2.001306961513213
2021,10,sweep: price > VWAP60 + 15 bp,168454,-0.05780301041405839,-19.561388230448692,168371,-0.061283537312587344,-22.01638319636393
2021,10,sweep: price < VWAP60 - 15 bp,158090,0.05681547555376887,19.012519655800816,158075,0.06117087588820613,21.210157317719467
2021,10,sweep: price > VWAP60 + 30 bp,97377,-0.06328240190306145,-17.742388236529443,97337,-0.06453537641184609,-18.79515967933299
2021,10,sweep: price < VWAP60 - 30 bp,89367,0.07031867323329039,17.605528909295284,89354,0.07372537975825283,19.569984341114406
2021,10,sweep: price > VWAP60 + 50 bp,48027,-0.06571438931006363,-13.478815824071637,48003,-0.0664639177385517,-13.822063115679986
2021,10,sweep: price < VWAP60 - 50 bp,42730,0.07592711083984349,13.111696262629271,42726,0.08111372688686602,14.376494052479874
2021,10,sweep: previous window up,257354,-0.04242750302221182,-17.358888797364905,257318,-0.044914342679228725,-19.559416185649177
2021,10,sweep: previous window down,258250,0.04242750302221182,17.358888797365033,258145,0.044914342679228725,19.55941618564917
2021,10,sweep: two windows up,121498,-0.05592776652319048,-19.165708657573592,121481,-0.05692996574311343,-20.129133182474334
2021,10,sweep: two windows down,122379,0.05116577189284238,16.833182666296835,122303,0.05355971479402427,18.073571547461853
2021,10,sweep: MACD hist > 0,253343,-0.01733044531924871,-6.059650459375444,253303,-0.01785816027512377,-6.43223883293179
2021,10,sweep: MACD hist < 0,262261,0.01733044531924871,6.059650459375457,262160,0.01785816027512377,6.43223883293179
2021,10,sweep: OBV rising,17312,-0.03949021279982623,-4.597713201428982,17311,-0.04166994661520901,-5.0303632079199225
2021,10,sweep: OBV falling,20603,0.04758976088195027,6.078937932881792,20602,0.04886972777618914,6.4058481183868645
2021,10,sweep: EMA9 > EMA21 + 10 bp,72488,-0.06248213364220878,-15.13366954591867,72476,-0.0635052073545232,-15.70240268185596
2021,10,sweep: EMA9 < EMA21 - 10 bp,70747,0.07024100821703133,16.11979989814502,70734,0.07256835743225182,16.827883512902453
2021,10,sweep: larger trades than usual (size5 > 1.2),92426,-0.00018142503847745628,-0.051449098110615,92412,-0.00016807747402058926,-0.04789714138785402
2021,10,sweep: more trades than usual (nratio5 > 1.5),63249,0.019796933395661798,4.803580518337236,63239,0.01876739320350329,4.679027459936924
2021,15,price at 4h high (rangepos >= 0.98),7061,-0.07482600266134765,-8.48263565421773,7061,-0.07182157244764681,-8.272998224535396
2021,15,price at 4h low (rangepos <= 0.02),4481,0.13603731876813335,13.86630243047611,4479,0.13661988254085444,14.402251198326468
2021,15,upper quarter of 4h range,138545,-0.054505948407964466,-12.340324227811017,138516,-0.0565000964510986,-13.29386434940921
2021,15,lower quarter of 4h range,106537,0.057152430585559966,12.60083719433939,106496,0.05910609391565197,13.399614379925078
2021,15,last 5 min up more than 2 sd,13472,-0.03518490683861253,-5.270919905831724,13470,-0.035803962137129164,-5.371386159562393
2021,15,last 5 min down more than 2 sd,13062,0.04195393708443407,6.571736997561411,13061,0.04262615114326401,6.683207762887283
2021,15,last 15 min up more than 2 sd,11923,-0.04808747589025497,-5.2800961704158915,11921,-0.0477363024800338,-5.228643574175547
2021,15,last 15 min down more than 2 sd,10918,0.04994819231426639,5.281224822857837,10918,0.04857670313134388,5.31064149563744
2021,15,4h return above +50 bp,177347,-0.039573792502274885,-9.348745978949712,177317,-0.03946339339689442,-9.43729479775421
2021,15,4h return below -50 bp,170961,0.04525755690769906,10.804000828819946,170820,0.046145696925077584,11.386162913432619
2021,15,previous window up,257351,-0.054279003386914215,-18.25015664762738,257295,-0.056812715466949326,-19.772994725434106
2021,15,previous window down,258248,0.054279003386914215,18.250156647627445,258133,0.056812715466949326,19.77299472543412
2021,15,two windows up in a row,121498,-0.05264992022887205,-15.595415163877535,121470,-0.05456466823607353,-16.57522256836089
2021,15,two windows down in a row,122379,0.04980685243681093,14.93714326680567,122295,0.05207989258668633,15.870614953001477
2021,15,three windows up in a row,55758,-0.048812143320064505,-10.165998054991507,55735,-0.052452766338538626,-11.10196795868853
2021,15,three windows down in a row,56668,0.05767719510556557,12.763697869373761,56608,0.060260443267487696,13.462286783723819
2021,15,RSI14 above 70,18794,-0.06898897855348252,-10.061992524014055,18791,-0.06890985670262106,-10.07657860694324
2021,15,RSI14 below 30,16913,0.07647617313929223,10.003239662945175,16912,0.07488742434280987,10.106516278397834
2021,15,RSI60 above 65,3457,0.011546580563937703,0.6721829847757125,3457,0.012267149205026251,0.7340649989119814
2021,15,RSI60 below 35,1721,0.05280250320393054,2.0494576240629394,1721,0.04215588307235513,1.7003523034677275
2021,15,MACD histogram positive,253341,-0.027479346269487892,-8.473635985183622,253286,-0.027923521651731453,-8.475667974902358
2021,15,MACD histogram negative,262258,0.027479346269487892,8.473635985183625,262142,0.027923521651731453,8.475667974902368
2021,15,above upper Bollinger band,25619,-0.05477583418571835,-11.949160114776378,25610,-0.05374318370965858,-11.561851019240097
2021,15,below lower Bollinger band,27311,0.06060375166121246,13.930118951208458,27306,0.060976683682562594,14.081262774619411
2021,15,EMA9 above EMA21 by 10 bp,72488,-0.06860597403798774,-14.601595766123648,72473,-0.06854983785065671,-14.696115824635323
2021,15,EMA9 below EMA21 by 10 bp,70747,0.07309154348861813,14.475832425559794,70724,0.07409423761858741,15.383098654700158
2021,15,ADX14 above 30 (trending),127075,-0.0015613570897747842,-0.3851106090425665,126984,-0.001216092724778628,-0.3020485471825144
2021,15,ADX14 below 15 (ranging),79965,0.0066931022085357506,1.3218941446691468,79954,0.0065511499926697025,1.323817820308804
2021,15,taker buying 60 pct+ of last 15 min,17389,-0.03497630805765234,-3.9152628357248234,17379,-0.034677519633737,-3.870163267802983
2021,15,taker selling 60 pct+ of last 15 min,25996,0.0343588718290358,4.796416734774172,25993,0.03673517646074137,5.144068699003939
2021,15,volume last 5 min 3x the daily average,16491,0.053606557632865925,6.765626385049228,16491,0.05426438797957284,6.716137178720366
2021,15,trade count last 5 min 3x average,9625,0.05192865317908896,5.189010006605424,9625,0.05463256756371271,5.502959552963339
2021,15,OBV rising over 60 min,17312,-0.032768381039986416,-3.328343077520014,17311,-0.036305251021595375,-3.768000500211791
2021,15,OBV falling over 60 min,20603,0.04576945898853152,4.938652475704455,20602,0.04801535664907669,5.4097045256115655
2021,15,price 30 bp+ above 60-min VWAP,97377,-0.06347906363893457,-14.691811518505688,97330,-0.06449965230472843,-15.333291949382566
2021,15,price 30 bp+ below 60-min VWAP,89367,0.07096969370857509,15.188235221233215,89346,0.07254346371317194,16.52150440075843
2021,15,high volatility (vol60 in top decile),114330,0.00840731903375469,1.946864565876188,114299,0.010276992192153556,2.4191840408041014
2021,15,low volatility (vol60 in bottom decile),611,-0.019860192951026368,-0.2769315105646141,583,-0.04675318107281601,-0.7362823468820114
2021,15,weekend,146523,0.0008540833271012405,0.20646616259776424,146493,0.0006034898724911475,0.14940126067111845
2021,15,US afternoon (14-17 UTC),86160,-0.006667061969814869,-1.3321025328961267,86160,-0.003714558905047627,-0.7657197800992329
2021,15,Asia early (0-3 UTC),85785,-0.0067425664338630065,-1.1911695183727848,85631,-0.007258564867378192,-1.3147148613811728
2021,15,sweep: RSI14 < 20,1515,0.04266115105997881,2.132078818756239,1515,0.035888531401781665,1.7882827861918427
2021,15,sweep: RSI14 < 25,5733,0.06509915816086453,5.569690173246095,5733,0.06529837728495747,5.573949270961901
2021,15,sweep: RSI14 < 30,16913,0.07647617313929223,10.003239662945175,16912,0.07488742434280987,10.106516278397834
2021,15,sweep: RSI14 < 35,42215,0.07631182860734054,14.570501422352455,42210,0.07745969382617485,15.060213555172059
2021,15,sweep: RSI14 > 65,43608,-0.08013308959763349,-16.47874433501063,43603,-0.08122457122378351,-16.652732315896777
2021,15,sweep: RSI14 > 70,18794,-0.06898897855348252,-10.061992524014055,18791,-0.06890985670262106,-10.07657860694324
2021,15,sweep: RSI14 > 75,7208,-0.042987115750664384,-3.9189797372843094,7206,-0.04442017359408934,-4.1552532051273
2021,15,sweep: RSI14 > 80,2390,0.0023059361715260795,0.137176974171346,2390,0.0017327775976400672,0.10321703644527794
2021,15,sweep: RSI60 < 35,1721,0.05280250320393054,2.0494576240629394,1721,0.04215588307235513,1.7003523034677275
2021,15,sweep: RSI60 < 40,13780,0.06722226643968515,5.987291674504363,13779,0.06994215897654704,6.537037490955115
2021,15,sweep: RSI60 < 45,77397,0.06946927552704363,13.983087041014391,77378,0.0708212894369023,14.782362095102911
2021,15,sweep: RSI60 > 55,84936,-0.07131236207840258,-13.042782868770171,84924,-0.07308630661074478,-13.929415966095288
2021,15,sweep: RSI60 > 60,18216,-0.0390769346928711,-4.122975886783705,18216,-0.04060086826313042,-4.478677332056788
2021,15,sweep: RSI60 > 65,3457,0.011546580563937703,0.6721829847757125,3457,0.012267149205026251,0.7340649989119814
2021,15,sweep: range position < 0.05,12123,0.11210005057133499,14.108288770845672,12119,0.11967076202752325,15.494247083099747
2021,15,sweep: range position > 0.95,18152,-0.07849715929394452,-10.387765922059112,18151,-0.07994480544760063,-10.946375486013816
2021,15,sweep: range position < 0.1,29396,0.08673411067858577,13.215951969868055,29383,0.09113970746563504,14.29198750105884
2021,15,sweep: range position > 0.90,43077,-0.07134913748521937,-11.596503574805585,43071,-0.07388249639726574,-12.448774751583114
2021,15,sweep: range position < 0.15,52002,0.0706912313062722,12.627888751500826,51978,0.07359169230501894,13.589668287330467
2021,15,sweep: range position > 0.85,74320,-0.06659302949576867,-12.65756215430258,74306,-0.06919093123217918,-13.689331701358352
2021,15,sweep: 5-min move > +1.5 sd,31231,-0.03221234432974385,-7.393006145046322,31223,-0.031666874980532556,-7.228833390675236
2021,15,sweep: 5-min move < -1.5 sd,30827,0.044081803133610264,9.910274032049582,30824,0.04525339076022228,10.229822516060054
2021,15,sweep: 15-min move > +1.5 sd,28982,-0.062003804372305016,-9.822132534596435,28977,-0.0641691971039724,-10.240882059146143
2021,15,sweep: 15-min move < -1.5 sd,28301,0.06490653386734552,10.21300982551834,28297,0.06456844292829456,10.467675646609933
2021,15,sweep: 5-min move > +2 sd,13472,-0.03518490683861253,-5.270919905831724,13470,-0.035803962137129164,-5.371386159562393
2021,15,sweep: 5-min move < -2 sd,13062,0.04195393708443407,6.571736997561411,13061,0.04262615114326401,6.683207762887283
2021,15,sweep: 15-min move > +2 sd,11923,-0.04808747589025497,-5.2800961704158915,11921,-0.0477363024800338,-5.228643574175547
2021,15,sweep: 15-min move < -2 sd,10918,0.04994819231426639,5.281224822857837,10918,0.04857670313134388,5.31064149563744
2021,15,sweep: 5-min move > +2.5 sd,6134,-0.02329425590782014,-2.378694027144774,6134,-0.01915855441300346,-1.9208109506453022
2021,15,sweep: 5-min move < -2.5 sd,5600,0.04341456796974119,4.408836146603268,5600,0.044524691240407144,4.600185342747982
2021,15,sweep: 15-min move > +2.5 sd,4986,-0.019421803343741995,-1.4671456988906812,4985,-0.02271912368855855,-1.6969381486010156
2021,15,sweep: 15-min move < -2.5 sd,3932,0.04163084725471594,2.684763762464474,3932,0.03686467593648379,2.4010340588944175
2021,15,sweep: 5-min move > +3 sd,2827,-0.023027822577753376,-1.6900641694850427,2827,-0.020335336235051127,-1.4717135375838164
2021,15,sweep: 5-min move < -3 sd,2392,0.033385185450637345,2.3328366820754423,2392,0.03239241479425997,2.223339829437086
2021,15,sweep: 15-min move > +3 sd,2029,0.02660110370920593,1.3197624092456695,2029,0.018036818869579196,0.8873296071027742
2021,15,sweep: 15-min move < -3 sd,1168,0.0297986999228273,1.0707992221287188,1168,0.02793006469197129,1.0394908368742295
2021,15,sweep: 4h return > +25 bp,216833,-0.041288740006062696,-10.129093269805272,216803,-0.041037476372347004,-10.291099532418011
2021,15,sweep: 4h return < -25 bp,210538,0.044127619655000894,11.26367561702744,210397,0.04486498242644743,11.664554721284713
2021,15,sweep: 4h return > +50 bp,177347,-0.039573792502274885,-9.348745978949712,177317,-0.03946339339689442,-9.43729479775421
2021,15,sweep: 4h return < -50 bp,170961,0.04525755690769906,10.804000828819946,170820,0.046145696925077584,11.386162913432619
2021,15,sweep: 4h return > +100 bp,116237,-0.03504565611705801,-7.316684680885256,116207,-0.034285439734831225,-7.367608061162391
2021,15,sweep: 4h return < -100 bp,110201,0.0459910624837252,9.679130995109187,110097,0.046872194395503664,10.304587263539148
2021,15,sweep: taker buy share > 0.1 (15 min),75431,-0.03856802557196154,-8.209009499129026,75408,-0.037492341406698604,-8.107259546628997
2021,15,sweep: taker sell share > 0.1 (15 min),113766,0.03386635759388351,7.835420860023951,113740,0.034018189678802824,7.9476148366596595
2021,15,sweep: taker buy share > 0.2 (15 min),17389,-0.03497630805765234,-3.9152628357248234,17379,-0.034677519633737,-3.870163267802983
2021,15,sweep: taker sell share > 0.2 (15 min),25996,0.0343588718290358,4.796416734774172,25993,0.03673517646074137,5.144068699003939
2021,15,sweep: taker buy share > 0.3 (15 min),3374,-0.014589453828985077,-0.6869024150941412,3370,-0.020136925095408043,-0.91499708483336
2021,15,sweep: taker sell share > 0.3 (15 min),4258,0.024781167205648214,1.5279303304587357,4257,0.029726065552332814,1.8338889903228779
2021,15,sweep: price > VWAP60 + 15 bp,168454,-0.058362123874927674,-16.224443013556716,168360,-0.06059939283844007,-17.375626838714982
2021,15,sweep: price < VWAP60 - 15 bp,158090,0.05728353832987637,15.756467889466865,158066,0.0600975837938606,17.27469000539422
2021,15,sweep: price > VWAP60 + 30 bp,97377,-0.06347906363893457,-14.691811518505688,97330,-0.06449965230472843,-15.333291949382566
2021,15,sweep: price < VWAP60 - 30 bp,89367,0.07096969370857509,15.188235221233215,89346,0.07254346371317194,16.52150440075843
2021,15,sweep: price > VWAP60 + 50 bp,48027,-0.06552065337800855,-11.550866645162186,48000,-0.06493149622330424,-11.73014445556077
2021,15,sweep: price < VWAP60 - 50 bp,42730,0.07518891296472807,11.3039800296442,42722,0.07751370173377392,12.286962649761758
2021,15,sweep: previous window up,257351,-0.054279003386914215,-18.25015664762738,257295,-0.056812715466949326,-19.772994725434106
2021,15,sweep: previous window down,258248,0.054279003386914215,18.250156647627445,258133,0.056812715466949326,19.77299472543412
2021,15,sweep: two windows up,121498,-0.05264992022887205,-15.595415163877535,121470,-0.05456466823607353,-16.57522256836089
2021,15,sweep: two windows down,122379,0.04980685243681093,14.93714326680567,122295,0.05207989258668633,15.870614953001477
2021,15,sweep: MACD hist > 0,253341,-0.027479346269487892,-8.473635985183622,253286,-0.027923521651731453,-8.475667974902358
2021,15,sweep: MACD hist < 0,262258,0.027479346269487892,8.473635985183625,262142,0.027923521651731453,8.475667974902368
2021,15,sweep: OBV rising,17312,-0.032768381039986416,-3.328343077520014,17311,-0.036305251021595375,-3.768000500211791
2021,15,sweep: OBV falling,20603,0.04576945898853152,4.938652475704455,20602,0.04801535664907669,5.4097045256115655
2021,15,sweep: EMA9 > EMA21 + 10 bp,72488,-0.06860597403798774,-14.601595766123648,72473,-0.06854983785065671,-14.696115824635323
2021,15,sweep: EMA9 < EMA21 - 10 bp,70747,0.07309154348861813,14.475832425559794,70724,0.07409423761858741,15.383098654700158
2021,15,sweep: larger trades than usual (size5 > 1.2),92425,0.0034400465611234554,0.8526013089308839,92411,0.0022927488144152686,0.5798677321293773
2021,15,sweep: more trades than usual (nratio5 > 1.5),63249,0.019135203478341023,4.0388805165563175,63229,0.01866125426103593,3.9710733225604167
2021,30,price at 4h high (rangepos >= 0.98),7061,-0.09285750864729508,-7.917919160325316,7061,-0.09551374141692864,-8.347747961033019
2021,30,price at 4h low (rangepos <= 0.02),4481,0.13993357456562383,12.59489281104428,4479,0.13779543544055028,12.289406593191913
2021,30,upper quarter of 4h range,138530,-0.048526796912723436,-7.848574895091348,138486,-0.04989971356233541,-8.18900020289884
2021,30,lower quarter of 4h range,106537,0.05046178267471485,8.255060714378722,106454,0.053452176479576397,8.826264550905755
2021,30,last 5 min up more than 2 sd,13472,-0.049374506218748615,-7.100476295659432,13470,-0.0543607803733262,-7.6362506013963785
2021,30,last 5 min down more than 2 sd,13062,0.06026238258419914,9.296638331685624,13061,0.0605808988614186,9.221242549189123
2021,30,last 15 min up more than 2 sd,11923,-0.049927732006268544,-4.670729569521165,11921,-0.05020066819108282,-4.612033218265079
2021,30,last 15 min down more than 2 sd,10918,0.03756261134202421,3.557999687021448,10918,0.040316068958760276,3.7725954692434573
2021,30,4h return above +50 bp,177337,-0.04972578332629152,-8.350681436423438,177277,-0.05141378193637369,-8.656222329359062
2021,30,4h return below -50 bp,170961,0.05185286206161427,8.980321484502422,170760,0.05309457308680088,9.401489681268986
2021,30,previous window up,257342,-0.043666380574395536,-13.385707140300555,257247,-0.04768242639352127,-14.68793250941287
2021,30,previous window down,258242,0.043666380574395536,13.38570714030049,258076,0.04768242639352127,14.68793250941287
2021,30,two windows up in a row,121495,-0.032135105523060425,-7.463537488505066,121435,-0.03483977681129308,-8.220693272021594
2021,30,two windows down in a row,122376,0.03640991070941957,8.540114100194776,122264,0.03849723957444229,9.215169593939695
2021,30,three windows up in a row,55756,-0.03144638377100567,-5.281136178813835,55719,-0.03439948363223566,-5.7938584856411195
2021,30,three windows down in a row,56668,0.037451971663709394,6.373878507712818,56598,0.04006076123752128,6.967542564328379
2021,30,RSI14 above 70,18794,-0.06437417932609102,-8.018767106132493,18791,-0.06770814447127788,-8.372152286418865
2021,30,RSI14 below 30,16913,0.06671467343063109,8.560129445525234,16912,0.06952573969763709,8.730089577600248
2021,30,RSI60 above 65,3457,0.025943463222181884,1.0915238096896447,3457,0.012464772651251899,0.5258664611352519
2021,30,RSI60 below 35,1721,0.03166342356721663,1.093771408700672,1721,0.03507667704116546,1.1984198296809223
2021,30,MACD histogram positive,253332,-0.038559236982127654,-10.86174659457115,253241,-0.04001142559249471,-11.065601900856487
2021,30,MACD histogram negative,262252,0.038559236982127654,10.861746594571192,262082,0.04001142559249471,11.065601900856478
2021,30,above upper Bollinger band,25619,-0.06230425593294886,-13.541227143335545,25607,-0.06538506288113788,-14.476876354693697
2021,30,below lower Bollinger band,27311,0.06665638713422961,14.993885699194612,27298,0.06599527689556928,14.809516780515626
2021,30,EMA9 above EMA21 by 10 bp,72488,-0.0559652381916515,-9.774260118680616,72466,-0.05876151407250335,-10.477622536505036
2021,30,EMA9 below EMA21 by 10 bp,70747,0.05667320479870569,9.753335056238194,70716,0.06031577565599561,10.446816149954827
2021,30,ADX14 above 30 (trending),127075,-0.0013661673071007074,-0.2633423339231492,126952,-0.0007419214352765158,-0.14404955270781403
2021,30,ADX14 below 15 (ranging),79961,0.01644263519754563,2.635104384142204,79933,0.01566046735481602,2.5691652247512127
2021,30,taker buying 60 pct+ of last 15 min,17389,-0.03379415596912483,-3.174376854224006,17379,-0.03776440085923549,-3.573378556399826
2021,30,taker selling 60 pct+ of last 15 min,25996,0.025185963502593167,2.979688473953395,25993,0.026543144904545568,3.1766007238474177
2021,30,volume last 5 min 3x the daily average,16491,0.03691906298791281,3.926394721176129,16491,0.04144181286534521,4.332555189833085
2021,30,trade count last 5 min 3x average,9625,0.03769819406597885,3.3395064491947757,9625,0.04127485420306032,3.594947714464949
2021,30,OBV rising over 60 min,17312,-0.0199716430705405,-1.4772191567876074,17311,-0.0236733083679303,-1.7590517462287425
2021,30,OBV falling over 60 min,20603,0.03833980315550045,3.261109419850988,20602,0.04095796109234506,3.5229030174168185
2021,30,price 30 bp+ above 60-min VWAP,97377,-0.04538201641313033,-8.145539324332562,97314,-0.04845066777483997,-8.95524037123961
2021,30,price 30 bp+ below 60-min VWAP,89367,0.05404896795715902,9.324290775792152,89329,0.05808735136537424,10.144028443331116
2021,30,high volatility (vol60 in top decile),114330,0.014697038446675637,2.44364780220004,114269,0.01520386102496707,2.5694549136932228
2021,30,low volatility (vol60 in bottom decile),611,-0.01800375004485555,-0.20316481370362646,583,-0.04744584203145813,-0.5582281998497552
2021,30,weekend,146523,0.003659735591300395,0.6354033574023691,146463,0.0029160855392761365,0.5088287774715805
2021,30,US afternoon (14-17 UTC),86160,-0.015756667920056866,-2.2097398952252636,86160,-0.01506451959821059,-2.1673908666017843
2021,30,Asia early (0-3 UTC),85785,-0.014924991966872636,-1.7514716090841167,85556,-0.015511554646940484,-1.8472736833770862
2021,30,sweep: RSI14 < 20,1515,0.04820255569575371,2.205043959397228,1515,0.051348653923094845,2.34993345855566
2021,30,sweep: RSI14 < 25,5733,0.05654098605989033,4.400807604291464,5733,0.057043407188481776,4.327522423526993
2021,30,sweep: RSI14 < 30,16913,0.06671467343063109,8.560129445525234,16912,0.06952573969763709,8.730089577600248
2021,30,sweep: RSI14 < 35,42215,0.06392770240950629,11.710526372689326,42206,0.06627796132442854,12.13400350156994
2021,30,sweep: RSI14 > 65,43608,-0.07157247480537077,-12.40589623268364,43600,-0.07525420313044462,-13.016393028870993
2021,30,sweep: RSI14 > 70,18794,-0.06437417932609102,-8.018767106132493,18791,-0.06770814447127788,-8.372152286418865
2021,30,sweep: RSI14 > 75,7208,-0.03651847775476974,-2.9377227667875974,7206,-0.040387472174717276,-3.2090675111738785
2021,30,sweep: RSI14 > 80,2390,0.003859910375390796,0.2012646261118961,2390,-0.0032077268453675756,-0.16249018781743815
2021,30,sweep: RSI60 < 35,1721,0.03166342356721663,1.093771408700672,1721,0.03507667704116546,1.1984198296809223
2021,30,sweep: RSI60 < 40,13780,0.056328244616500545,4.06419389149708,13779,0.05919223289125464,4.314174103037737
2021,30,sweep: RSI60 < 45,77397,0.05878977877627711,8.907209007167689,77362,0.062345499634971324,9.558350479869787
2021,30,sweep: RSI60 > 55,84936,-0.06263749374485728,-8.86992693021559,84909,-0.06453901748760177,-9.301381434731722
2021,30,sweep: RSI60 > 60,18216,-0.031204600940298366,-2.41996665741746,18216,-0.03484478794215501,-2.7971693744543367
2021,30,sweep: RSI60 > 65,3457,0.025943463222181884,1.0915238096896447,3457,0.012464772651251899,0.5258664611352519
2021,30,sweep: range position < 0.05,12123,0.12358482547183791,12.996646696402378,12116,0.12581411607724224,13.127337656078058
2021,30,sweep: range position > 0.95,18152,-0.096624867346014,-9.656074816127822,18147,-0.10016371385517064,-10.208256248221417
2021,30,sweep: range position < 0.1,29396,0.09193532841092111,11.013335373351282,29376,0.09516048073011524,11.32969103714504
2021,30,sweep: range position > 0.90,43077,-0.07777398415808834,-9.383363672842677,43058,-0.08275234213832561,-10.16330918280737
2021,30,sweep: range position < 0.15,52002,0.07174147258527125,9.700954238960625,51964,0.07491457086119746,10.190304281822334
2021,30,sweep: range position > 0.85,74317,-0.0648598004495502,-8.98233570056938,74288,-0.06712840095723671,-9.440499771158022
2021,30,sweep: 5-min move > +1.5 sd,31231,-0.05257538543120649,-10.964131539819887,31221,-0.05383645276072735,-11.263807887083505
2021,30,sweep: 5-min move < -1.5 sd,30827,0.05718576273633563,12.900699321565375,30822,0.05808714840062118,13.09843592631919
2021,30,sweep: 15-min move > +1.5 sd,28982,-0.060891101768098366,-8.319859819977223,28977,-0.06214974307462273,-8.441135577943069
2021,30,sweep: 15-min move < -1.5 sd,28301,0.04645706773647462,6.907177388194211,28297,0.048822588498802166,7.2252781583061525
2021,30,sweep: 5-min move > +2 sd,13472,-0.049374506218748615,-7.100476295659432,13470,-0.0543607803733262,-7.6362506013963785
2021,30,sweep: 5-min move < -2 sd,13062,0.06026238258419914,9.296638331685624,13061,0.0605808988614186,9.221242549189123
2021,30,sweep: 15-min move > +2 sd,11923,-0.049927732006268544,-4.670729569521165,11921,-0.05020066819108282,-4.612033218265079
2021,30,sweep: 15-min move < -2 sd,10918,0.03756261134202421,3.557999687021448,10918,0.040316068958760276,3.7725954692434573
2021,30,sweep: 5-min move > +2.5 sd,6134,-0.04701037895992666,-4.616070385297023,6134,-0.04997295407639424,-4.780108835078531
2021,30,sweep: 5-min move < -2.5 sd,5600,0.056392659937790746,5.541195897940722,5600,0.057256008235285205,5.727368612123747
2021,30,sweep: 15-min move > +2.5 sd,4986,-0.0186595071262618,-1.1985514398965293,4985,-0.02292164007355041,-1.459423908687549
2021,30,sweep: 15-min move < -2.5 sd,3932,0.021637288534403276,1.281426982077558,3932,0.023931656250435807,1.3980218282008083
2021,30,sweep: 5-min move > +3 sd,2827,-0.04459588349376814,-3.0898106675649943,2827,-0.04338538973624517,-2.8901934090727495
2021,30,sweep: 5-min move < -3 sd,2392,0.038715382837542056,2.6437928889100872,2392,0.03795427356697734,2.6155905538308866
2021,30,sweep: 15-min move > +3 sd,2029,0.012647675485071397,0.5501076262061253,2029,0.004734545695979642,0.1960221321763934
2021,30,sweep: 15-min move < -3 sd,1168,0.03102656535534598,1.0957744117995938,1168,0.03581478880828948,1.2331284673017702
2021,30,sweep: 4h return > +25 bp,216818,-0.05085781901571107,-8.918602186479385,216758,-0.052012929050087864,-9.228455518626642
2021,30,sweep: 4h return < -25 bp,210538,0.05182448610440249,9.466018288926584,210337,0.05309845890537268,9.91210188613392
2021,30,sweep: 4h return > +50 bp,177337,-0.04972578332629152,-8.350681436423438,177277,-0.05141378193637369,-8.656222329359062
2021,30,sweep: 4h return < -50 bp,170961,0.05185286206161427,8.980321484502422,170760,0.05309457308680088,9.401489681268986
2021,30,sweep: 4h return > +100 bp,116236,-0.04381743889189299,-6.394258641743902,116184,-0.044706643801247004,-6.545278724884017
2021,30,sweep: 4h return < -100 bp,110201,0.05347301494020773,8.27087536772955,110058,0.05555855749939853,8.67462195115866
2021,30,sweep: taker buy share > 0.1 (15 min),75424,-0.030168999177527467,-5.2967986003924405,75394,-0.03295476370175565,-5.876331967084543
2021,30,sweep: taker sell share > 0.1 (15 min),113766,0.030396876827871178,6.352174872617796,113727,0.03244035592699668,6.808235572274874
2021,30,sweep: taker buy share > 0.2 (15 min),17389,-0.03379415596912483,-3.174376854224006,17379,-0.03776440085923549,-3.573378556399826
2021,30,sweep: taker sell share > 0.2 (15 min),25996,0.025185963502593167,2.979688473953395,25993,0.026543144904545568,3.1766007238474177
2021,30,sweep: taker buy share > 0.3 (15 min),3374,-0.01796366170250524,-0.7264040979229143,3370,-0.02196255137733716,-0.8902624729850939
2021,30,sweep: taker sell share > 0.3 (15 min),4258,-0.00813778869126075,-0.4148919744749609,4257,-0.00017728010134943073,-0.008824203478663735
2021,30,sweep: price > VWAP60 + 15 bp,168451,-0.04027277422298903,-8.437078425634065,168327,-0.043316378124648336,-9.410523837250496
2021,30,sweep: price < VWAP60 - 15 bp,158090,0.0417200982742329,8.822848091649885,158042,0.04637805117241084,10.09472687215021
2021,30,sweep: price > VWAP60 + 30 bp,97377,-0.04538201641313033,-8.145539324332562,97314,-0.04845066777483997,-8.95524037123961
2021,30,sweep: price < VWAP60 - 30 bp,89367,0.05404896795715902,9.324290775792152,89329,0.05808735136537424,10.144028443331116
2021,30,sweep: price > VWAP60 + 50 bp,48027,-0.05167017349019848,-7.204327638375586,47998,-0.05497692037922536,-7.8999625785300305
2021,30,sweep: price < VWAP60 - 50 bp,42730,0.05830740053617739,7.636934903195419,42721,0.0610965158761006,8.13608269861475
2021,30,sweep: previous window up,257342,-0.043666380574395536,-13.385707140300555,257247,-0.04768242639352127,-14.68793250941287
2021,30,sweep: previous window down,258242,0.043666380574395536,13.38570714030049,258076,0.04768242639352127,14.68793250941287
2021,30,sweep: two windows up,121495,-0.032135105523060425,-7.463537488505066,121435,-0.03483977681129308,-8.220693272021594
2021,30,sweep: two windows down,122376,0.03640991070941957,8.540114100194776,122264,0.03849723957444229,9.215169593939695
2021,30,sweep: MACD hist > 0,253332,-0.038559236982127654,-10.86174659457115,253241,-0.04001142559249471,-11.065601900856487
2021,30,sweep: MACD hist < 0,262252,0.038559236982127654,10.861746594571192,262082,0.04001142559249471,11.065601900856478
2021,30,sweep: OBV rising,17312,-0.0199716430705405,-1.4772191567876074,17311,-0.0236733083679303,-1.7590517462287425
2021,30,sweep: OBV falling,20603,0.03833980315550045,3.261109419850988,20602,0.04095796109234506,3.5229030174168185
2021,30,sweep: EMA9 > EMA21 + 10 bp,72488,-0.0559652381916515,-9.774260118680616,72466,-0.05876151407250335,-10.477622536505036
2021,30,sweep: EMA9 < EMA21 - 10 bp,70747,0.05667320479870569,9.753335056238194,70716,0.06031577565599561,10.446816149954827
2021,30,sweep: larger trades than usual (size5 > 1.2),92425,0.0005606003885316735,0.11936853982669002,92411,0.0017068020696106023,0.35963650391383456
2021,30,sweep: more trades than usual (nratio5 > 1.5),63249,0.014444838323757758,2.4274078325503945,63214,0.015047259452333983,2.5403062681157174
2022,1,price at 4h high (rangepos >= 0.98),3119,-0.06515911362477089,-7.324774644547317,3119,0.0,0.0
2022,1,price at 4h low (rangepos <= 0.02),3802,0.05181581923833101,5.906976025494465,3802,0.0,0.0
2022,1,upper quarter of 4h range,111657,-0.028719514587568218,-16.02848787994221,111657,0.0,0.0
2022,1,lower quarter of 4h range,108806,0.025098714701268843,13.210386312165896,108806,0.0,0.0
2022,1,last 5 min up more than 2 sd,13348,-0.05872605905818784,-13.796087318513363,13348,0.0,0.0
2022,1,last 5 min down more than 2 sd,14222,0.036435527887619945,8.41039263727666,14222,0.0,0.0
2022,1,last 15 min up more than 2 sd,11009,-0.054166092285407696,-11.559462519420974,11009,0.0,0.0
2022,1,last 15 min down more than 2 sd,12293,0.03518150897918365,7.725233355681141,12293,0.0,0.0
2022,1,4h return above +50 bp,128110,-0.015332712654822167,-9.534626981713693,128110,0.0,0.0
2022,1,4h return below -50 bp,136783,0.010320751079200052,5.924918692443205,136783,0.0,0.0
2022,1,previous window up,263007,-0.024021845140844156,-17.380367260467203,263007,0.0,0.0
2022,1,previous window down,262593,0.024021845140844156,17.38036726046718,262593,0.0,0.0
2022,1,two windows up in a row,125326,-0.02294488789358312,-14.228966102861845,125326,0.0,0.0
2022,1,two windows down in a row,124914,0.020540535506223756,13.053903135024935,124914,0.0,0.0
2022,1,three windows up in a row,58124,-0.025575391908131573,-12.629387616335192,58124,0.0,0.0
2022,1,three windows down in a row,58526,0.021148385009279735,10.218684504785868,58526,0.0,0.0
2022,1,RSI14 above 70,17698,-0.061823279393538044,-15.735701574553394,17698,0.0,0.0
2022,1,RSI14 below 30,19561,0.043141134516717194,11.343726989361949,19561,0.0,0.0
2022,1,RSI60 above 65,3592,-0.05002261440395028,-5.259535851838119,3592,0.0,0.0
2022,1,RSI60 below 35,3817,0.0169111201927018,1.8067455274059951,3817,0.0,0.0
2022,1,MACD histogram positive,263565,-0.021098988235455696,-14.850956709770562,263565,0.0,0.0
2022,1,MACD histogram negative,262035,0.021098988235455696,14.850956709770559,262035,0.0,0.0
2022,1,above upper Bollinger band,26680,-0.05654095905626921,-17.934448549519622,26680,0.0,0.0
2022,1,below lower Bollinger band,27832,0.04162786184281447,13.027704288288994,27832,0.0,0.0
2022,1,EMA9 above EMA21 by 10 bp,40120,-0.035779289798068936,-13.193956843186642,40120,0.0,0.0
2022,1,EMA9 below EMA21 by 10 bp,43643,0.01976911972873313,7.274501203766194,43643,0.0,0.0
2022,1,ADX14 above 30 (trending),138989,-0.003984400666868282,-2.650907716028999,138989,0.0,0.0
2022,1,ADX14 below 15 (ranging),74606,0.0026611364137283933,1.332451200931114,74606,0.0,0.0
2022,1,taker buying 60 pct+ of last 15 min,13773,-0.01643321000071929,-3.6509294379130073,13773,0.0,0.0
2022,1,taker selling 60 pct+ of last 15 min,20420,0.019825479724471684,5.608025629296738,20420,0.0,0.0
2022,1,volume last 5 min 3x the daily average,17948,-0.00711089406598181,-2.0201524605937506,17948,0.0,0.0
2022,1,trade count last 5 min 3x average,9429,-0.01361413639856146,-2.751660850750662,9429,0.0,0.0
2022,1,OBV rising over 60 min,18543,-0.026255388412833647,-7.282999081221023,18543,0.0,0.0
2022,1,OBV falling over 60 min,21963,0.016860956733597887,5.06665816234596,21963,0.0,0.0
2022,1,price 30 bp+ above 60-min VWAP,55308,-0.040344738518647116,-16.238070234199963,55308,0.0,0.0
2022,1,price 30 bp+ below 60-min VWAP,58517,0.025179888372385995,10.139824793931382,58517,0.0,0.0
2022,1,high volatility (vol60 in top decile),19539,-0.01576205990085383,-4.145908063402603,19539,0.0,0.0
2022,1,low volatility (vol60 in bottom decile),216173,0.004615639624787116,3.217272539014838,216173,0.0,0.0
2022,1,weekend,151200,0.004298941798941747,2.8900041587686,151200,0.0,0.0
2022,1,US afternoon (14-17 UTC),87600,-0.0024337899543378505,-1.50653253781304,87600,0.0,0.0
2022,1,Asia early (0-3 UTC),87600,-0.00015981735159820154,-0.0982471308114834,87600,0.0,0.0
2022,1,sweep: RSI14 < 20,2514,0.04331883273560011,4.171908283126818,2514,0.0,0.0
2022,1,sweep: RSI14 < 25,7584,0.0443041395720537,7.455476234219426,7584,0.0,0.0
2022,1,sweep: RSI14 < 30,19561,0.043141134516717194,11.343726989361949,19561,0.0,0.0
2022,1,sweep: RSI14 < 35,45789,0.04374331534975551,17.376438449451083,45789,0.0,0.0
2022,1,sweep: RSI14 > 65,43525,-0.05713516529084034,-22.079843078622318,43525,0.0,0.0
2022,1,sweep: RSI14 > 70,17698,-0.061823279393538044,-15.735701574553394,17698,0.0,0.0
2022,1,sweep: RSI14 > 75,6590,-0.05532138503797307,-9.097944015946345,6590,0.0,0.0
2022,1,sweep: RSI14 > 80,2327,-0.05704059647552212,-5.921720857771703,2327,0.0,0.0
2022,1,sweep: RSI60 < 35,3817,0.0169111201927018,1.8067455274059951,3817,0.0,0.0
2022,1,sweep: RSI60 < 40,18423,0.02105523288429656,5.049072606168131,18423,0.0,0.0
2022,1,sweep: RSI60 < 45,82316,0.029550628190277706,14.362951770221702,82316,0.0,0.0
2022,1,sweep: RSI60 > 55,79292,-0.03920883350096799,-19.459152506529776,79292,0.0,0.0
2022,1,sweep: RSI60 > 60,16950,-0.038005583059095294,-9.244913656512763,16950,0.0,0.0
2022,1,sweep: RSI60 > 65,3592,-0.05002261440395028,-5.259535851838119,3592,0.0,0.0
2022,1,sweep: range position < 0.05,11510,0.03835086261336257,6.894504079970746,11510,0.0,0.0
2022,1,sweep: range position > 0.95,10469,-0.04199673822674299,-8.643293949854638,10469,0.0,0.0
2022,1,sweep: range position < 0.1,29854,0.03173288416226716,9.153438565479453,29854,0.0,0.0
2022,1,sweep: range position > 0.90,28903,-0.03709142668432508,-12.65575109589721,28903,0.0,0.0
2022,1,sweep: range position < 0.15,53418,0.0313015610432138,12.205936275221227,53418,0.0,0.0
2022,1,sweep: range position > 0.85,53469,-0.03481937537262936,-15.154410191572268,53469,0.0,0.0
2022,1,sweep: 5-min move > +1.5 sd,30435,-0.045857896325680214,-16.32052078905285,30435,0.0,0.0
2022,1,sweep: 5-min move < -1.5 sd,31516,0.03533344031338276,11.85982233889517,31516,0.0,0.0
2022,1,sweep: 15-min move > +1.5 sd,27635,-0.047371989813631055,-15.036198104918633,27635,0.0,0.0
2022,1,sweep: 15-min move < -1.5 sd,29588,0.035652530052185105,12.14124569647067,29588,0.0,0.0
2022,1,sweep: 5-min move > +2 sd,13348,-0.05872605905818784,-13.796087318513363,13348,0.0,0.0
2022,1,sweep: 5-min move < -2 sd,14222,0.036435527887619945,8.41039263727666,14222,0.0,0.0
2022,1,sweep: 15-min move > +2 sd,11009,-0.054166092285407696,-11.559462519420974,11009,0.0,0.0
2022,1,sweep: 15-min move < -2 sd,12293,0.03518150897918365,7.725233355681141,12293,0.0,0.0
2022,1,sweep: 5-min move > +2.5 sd,6196,-0.06533718969418784,-10.609011290253376,6196,0.0,0.0
2022,1,sweep: 5-min move < -2.5 sd,6743,0.03688523817149747,5.917014323177063,6743,0.0,0.0
2022,1,sweep: 15-min move > +2.5 sd,4221,-0.06158377330257825,-8.191205057024296,4221,0.0,0.0
2022,1,sweep: 15-min move < -2.5 sd,4998,0.03893783820764929,5.396869008033542,4998,0.0,0.0
2022,1,sweep: 5-min move > +3 sd,3003,-0.07034628450365621,-8.118880843691011,3003,0.0,0.0
2022,1,sweep: 5-min move < -3 sd,3280,0.050773939160742465,6.039432056531345,3280,0.0,0.0
2022,1,sweep: 15-min move > +3 sd,1545,-0.0839132259611452,-6.687402807620052,1545,0.0,0.0
2022,1,sweep: 15-min move < -3 sd,1885,0.04301203468557924,3.554281752221805,1885,0.0,0.0
2022,1,sweep: 4h return > +25 bp,181493,-0.01670456765414985,-12.472107324673589,181493,0.0,0.0
2022,1,sweep: 4h return < -25 bp,189086,0.012884164220234251,8.544900548129803,189086,0.0,0.0
2022,1,sweep: 4h return > +50 bp,128110,-0.015332712654822167,-9.534626981713693,128110,0.0,0.0
2022,1,sweep: 4h return < -50 bp,136783,0.010320751079200052,5.924918692443205,136783,0.0,0.0
2022,1,sweep: 4h return > +100 bp,70264,-0.015956817185118266,-8.233123212053934,70264,0.0,0.0
2022,1,sweep: 4h return < -100 bp,78572,0.0072570151946717565,3.4804858884412355,78572,0.0,0.0
2022,1,sweep: taker buy share > 0.1 (15 min),56577,-0.02031989681958224,-9.483541976863167,56577,0.0,0.0
2022,1,sweep: taker sell share > 0.1 (15 min),75423,0.0154021930448488,7.3122114482771385,75423,0.0,0.0
2022,1,sweep: taker buy share > 0.2 (15 min),13773,-0.01643321000071929,-3.6509294379130073,13773,0.0,0.0
2022,1,sweep: taker sell share > 0.2 (15 min),20420,0.019825479724471684,5.608025629296738,20420,0.0,0.0
2022,1,sweep: taker buy share > 0.3 (15 min),3212,-0.019268158046231054,-2.2128303667054925,3212,0.0,0.0
2022,1,sweep: taker sell share > 0.3 (15 min),4993,0.017441871708806456,2.5204893875239005,4993,0.0,0.0
2022,1,sweep: price > VWAP60 + 15 bp,121838,-0.033874180775106344,-19.366063519030742,121838,0.0,0.0
2022,1,sweep: price < VWAP60 - 15 bp,123000,0.026733549004640644,15.286070468267988,123000,0.0,0.0
2022,1,sweep: price > VWAP60 + 30 bp,55308,-0.040344738518647116,-16.238070234199963,55308,0.0,0.0
2022,1,sweep: price < VWAP60 - 30 bp,58517,0.025179888372385995,10.139824793931382,58517,0.0,0.0
2022,1,sweep: price > VWAP60 + 50 bp,22675,-0.04037691083786088,-10.778533907191205,22675,0.0,0.0
2022,1,sweep: price < VWAP60 - 50 bp,25297,0.020654547423006153,5.030353580176913,25297,0.0,0.0
2022,1,sweep: previous window up,263007,-0.024021845140844156,-17.380367260467203,263007,0.0,0.0
2022,1,sweep: previous window down,262593,0.024021845140844156,17.38036726046718,262593,0.0,0.0
2022,1,sweep: two windows up,125326,-0.02294488789358312,-14.228966102861845,125326,0.0,0.0
2022,1,sweep: two windows down,124914,0.020540535506223756,13.053903135024935,124914,0.0,0.0
2022,1,sweep: MACD hist > 0,263565,-0.021098988235455696,-14.850956709770562,263565,0.0,0.0
2022,1,sweep: MACD hist < 0,262035,0.021098988235455696,14.850956709770559,262035,0.0,0.0
2022,1,sweep: OBV rising,18543,-0.026255388412833647,-7.282999081221023,18543,0.0,0.0
2022,1,sweep: OBV falling,21963,0.016860956733597887,5.06665816234596,21963,0.0,0.0
2022,1,sweep: EMA9 > EMA21 + 10 bp,40120,-0.035779289798068936,-13.193956843186642,40120,0.0,0.0
2022,1,sweep: EMA9 < EMA21 - 10 bp,43643,0.01976911972873313,7.274501203766194,43643,0.0,0.0
2022,1,sweep: larger trades than usual (size5 > 1.2),64199,-0.007287916052848231,-4.072907173503754,64199,0.0,0.0
2022,1,sweep: more trades than usual (nratio5 > 1.5),64704,-0.01219895176182173,-6.259549422875595,64704,0.0,0.0
2022,3,price at 4h high (rangepos >= 0.98),3119,-0.08316334987520752,-8.611168509354613,3119,-0.09210619209228565,-9.481148614815666
2022,3,price at 4h low (rangepos <= 0.02),3802,0.07942665079771077,7.4623948541309035,3802,0.07194764056707653,7.656963681363979
2022,3,upper quarter of 4h range,111657,-0.04269124519075812,-16.17818118760908,111657,-0.04170913354616462,-17.63769551679751
2022,3,lower quarter of 4h range,108806,0.03991313247873851,14.996821074647665,108806,0.041005905285462496,16.147681598914062
2022,3,last 5 min up more than 2 sd,13348,-0.06389464297910663,-12.083647707185914,13348,-0.07383185816246346,-14.566768202383342
2022,3,last 5 min down more than 2 sd,14222,0.03902361632942375,7.307053248237012,14222,0.047505370440069805,9.52126336284175
2022,3,last 15 min up more than 2 sd,11009,-0.07646731201747875,-12.310012655462696,11009,-0.0798980418651517,-13.631962779691365
2022,3,last 15 min down more than 2 sd,12293,0.04198687423709746,6.764029434016353,12293,0.046981077963452356,8.268800473452426
2022,3,4h return above +50 bp,128110,-0.021842431848953126,-9.566214359170626,128110,-0.02062084097012229,-9.860204573132933
2022,3,4h return below -50 bp,136783,0.017473984559025046,6.995418776647572,136783,0.0163737649667014,7.097110894732732
2022,3,previous window up,263007,-0.03730957530072082,-18.949535064423507,263007,-0.042175262249336376,-23.54145752471814
2022,3,previous window down,262591,0.03730957530072082,18.949535064423472,262591,0.042175262249336376,23.541457524718147
2022,3,two windows up in a row,125326,-0.032519735039391595,-14.659883586215784,125326,-0.034297510959387656,-16.949044665915128
2022,3,two windows down in a row,124914,0.031053665248132467,14.53334256800884,124914,0.033154165887675835,17.496307570161363
2022,3,three windows up in a row,58124,-0.038703668532102775,-13.516113655251921,58124,-0.038870903057030615,-15.430755394450365
2022,3,three windows down in a row,58526,0.03173002477264453,11.42542107842376,58526,0.03378058175035431,13.28307024969498
2022,3,RSI14 above 70,17698,-0.08094318425226765,-16.522350254332217,17698,-0.08328813871800805,-17.194357961623645
2022,3,RSI14 below 30,19561,0.05350149021232942,11.210618003773092,19561,0.05399286051046309,12.880760155156874
2022,3,RSI60 above 65,3592,-0.053048577883296144,-4.211987599679355,3592,-0.05792111230799585,-5.314133891352088
2022,3,RSI60 below 35,3817,0.015385202439067436,1.1867463047029307,3817,0.02086946944828877,1.8519337622940806
2022,3,MACD histogram positive,263565,-0.028107953728360113,-14.0940654073869,263565,-0.031821407478960284,-17.361669944035725
2022,3,MACD histogram negative,262033,0.028107953728360113,14.094065407386939,262033,0.031821407478960284,17.361669944035654
2022,3,above upper Bollinger band,26680,-0.0640620744069777,-16.337521908824304,26680,-0.06669017450915204,-17.703784567633534
2022,3,below lower Bollinger band,27832,0.05071758475448357,13.45541409732035,27832,0.05611556120588124,15.583852856436
2022,3,EMA9 above EMA21 by 10 bp,40120,-0.04691630136389158,-12.736001687451441,40120,-0.04637025361816988,-13.880848088974894
2022,3,EMA9 below EMA21 by 10 bp,43643,0.025778532989856884,6.693753937664562,43643,0.026723141377881954,7.804682870120838
2022,3,ADX14 above 30 (trending),138989,-0.006009809976675329,-2.763762924888817,138989,-0.0054788711013540325,-2.8615055391360595
2022,3,ADX14 below 15 (ranging),74606,0.0015248354829657806,0.5525662623468763,74606,0.0023428323300174747,0.9030239220482251
2022,3,taker buying 60 pct+ of last 15 min,13773,-0.025918228125410503,-4.211066669181192,13773,-0.027183035109162257,-4.971722943644405
2022,3,taker selling 60 pct+ of last 15 min,20420,0.02717087522324002,5.723664308427671,20420,0.027368561771745348,6.24264635609483
2022,3,volume last 5 min 3x the daily average,17948,-0.014666400155183057,-3.123068556396676,17948,-0.012239038454898377,-2.896007881472019
2022,3,trade count last 5 min 3x average,9429,-0.021871487675437618,-3.675364683219302,9429,-0.019185606198701022,-3.327952784449714
2022,3,OBV rising over 60 min,18543,-0.044699417200755154,-8.356740683237765,18543,-0.04265835486353614,-8.458707803110812
2022,3,OBV falling over 60 min,21963,0.031555666207052635,6.826822427563246,21963,0.03079560364533035,7.192235552057015
2022,3,price 30 bp+ above 60-min VWAP,55308,-0.05143518234640698,-16.407458717778844,55308,-0.05134824015089129,-17.71440259994118
2022,3,price 30 bp+ below 60-min VWAP,58517,0.03314766272667696,9.325561392641166,58517,0.035390669523752694,10.669390047693565
2022,3,high volatility (vol60 in top decile),19539,-0.01825425580132506,-3.9073503322118204,19539,-0.017019025337444316,-3.7041266343888357
2022,3,low volatility (vol60 in bottom decile),216171,0.0032353602393985215,1.8603272335926793,216171,0.002547983869500281,1.573764495664308
2022,3,weekend,151198,0.0004887838884609086,0.2588822881109281,151198,0.0016046018166250842,0.9413266743272517
2022,3,US afternoon (14-17 UTC),87600,-0.0018173520256060671,-0.7368092731852228,87600,-0.0018881250078058298,-0.8797926328871972
2022,3,Asia early (0-3 UTC),87600,0.0020182673318018263,0.838497705713295,87600,0.0022899603636562516,1.0933850026448892
2022,3,sweep: RSI14 < 20,2514,0.04737302840487423,3.5589401506756975,2514,0.05210206651090599,4.170519586336189
2022,3,sweep: RSI14 < 25,7584,0.05345957142972807,7.18912907237297,7584,0.05580437756443346,7.934603921748325
2022,3,sweep: RSI14 < 30,19561,0.05350149021232942,11.210618003773092,19561,0.05399286051046309,12.880760155156874
2022,3,sweep: RSI14 < 35,45789,0.05409294843580714,16.91668149751899,45789,0.05532180517592494,19.012485608077323
2022,3,sweep: RSI14 > 65,43525,-0.07631110435507593,-23.123945841439177,43525,-0.07594246336762533,-24.412417944273084
2022,3,sweep: RSI14 > 70,17698,-0.08094318425226765,-16.522350254332217,17698,-0.08328813871800805,-17.194357961623645
2022,3,sweep: RSI14 > 75,6590,-0.07109178209561628,-9.208386973527583,6590,-0.08310859699105216,-11.036450121716415
2022,3,sweep: RSI14 > 80,2327,-0.0919468273493862,-7.4322373234441175,2327,-0.1007111691783677,-8.502482883032718
2022,3,sweep: RSI60 < 35,3817,0.015385202439067436,1.1867463047029307,3817,0.02086946944828877,1.8519337622940806
2022,3,sweep: RSI60 < 40,18423,0.026120787285421165,4.5848337637304954,18423,0.02985728984373598,6.031850925037707
2022,3,sweep: RSI60 < 45,82316,0.04501642387176852,16.096719214705633,82316,0.04533307382978041,17.681765573100886
2022,3,sweep: RSI60 > 55,79292,-0.05384534654684914,-18.580069290941406,79292,-0.05367039341763541,-20.319606148324826
2022,3,sweep: RSI60 > 60,16950,-0.045749877319521626,-7.487207840993166,16950,-0.051276094568055874,-9.278606289082775
2022,3,sweep: RSI60 > 65,3592,-0.053048577883296144,-4.211987599679355,3592,-0.05792111230799585,-5.314133891352088
2022,3,sweep: range position < 0.05,11510,0.059905154250467885,8.610678396701536,11510,0.06144959837508879,10.123939802807806
2022,3,sweep: range position > 0.95,10469,-0.06630384511847992,-10.494185119439479,10469,-0.0771582448622063,-12.733876359553607
2022,3,sweep: range position < 0.1,29854,0.0478100042441682,10.110000053124718,29854,0.05199187824134255,12.736272288107932
2022,3,sweep: range position > 0.90,28903,-0.05665495585335378,-14.505192413298643,28903,-0.06038710938640823,-16.518868350030154
2022,3,sweep: range position < 0.15,53418,0.043534571150479096,12.574582379277535,53418,0.04557515145900348,14.154848325802204
2022,3,sweep: range position > 0.85,53469,-0.05053777987517449,-15.494240619239163,53469,-0.05060102152504298,-16.819943889942046
2022,3,sweep: 5-min move > +1.5 sd,30435,-0.0515519337786578,-13.727273921443878,30435,-0.05974169751492853,-17.06324184950783
2022,3,sweep: 5-min move < -1.5 sd,31516,0.039748417466493435,11.4072150464297,31516,0.04474282625014636,13.222862545690717
2022,3,sweep: 15-min move > +1.5 sd,27635,-0.06679078421468793,-17.260157828115123,27635,-0.06697650519877113,-19.00920312800793
2022,3,sweep: 15-min move < -1.5 sd,29588,0.04703011074746627,11.409620827803513,29588,0.04769483187748469,12.654463915235885
2022,3,sweep: 5-min move > +2 sd,13348,-0.06389464297910663,-12.083647707185914,13348,-0.07383185816246346,-14.566768202383342
2022,3,sweep: 5-min move < -2 sd,14222,0.03902361632942375,7.307053248237012,14222,0.047505370440069805,9.52126336284175
2022,3,sweep: 15-min move > +2 sd,11009,-0.07646731201747875,-12.310012655462696,11009,-0.0798980418651517,-13.631962779691365
2022,3,sweep: 15-min move < -2 sd,12293,0.04198687423709746,6.764029434016353,12293,0.046981077963452356,8.268800473452426
2022,3,sweep: 5-min move > +2.5 sd,6196,-0.07752841377158148,-10.766490696991994,6196,-0.0875701300921744,-12.42110428299129
2022,3,sweep: 5-min move < -2.5 sd,6743,0.03288687009004915,4.173299539959241,6743,0.04008489226167766,5.303821400533839
2022,3,sweep: 15-min move > +2.5 sd,4221,-0.0913798200019798,-9.304955808785328,4221,-0.09422765703858205,-10.206141921077707
2022,3,sweep: 15-min move < -2.5 sd,4998,0.04081347406423197,4.718031409804639,4998,0.04841719400015099,5.954413379812604
2022,3,sweep: 5-min move > +3 sd,3003,-0.08569491722028583,-8.46982998200287,3003,-0.09768876282333167,-9.526409680634227
2022,3,sweep: 5-min move < -3 sd,3280,0.045922695771074495,4.177892735762641,3280,0.05187143959305612,4.750650432674589
2022,3,sweep: 15-min move > +3 sd,1545,-0.11436637776273734,-7.178029011005132,1545,-0.10195070254542116,-6.84572957252529
2022,3,sweep: 15-min move < -3 sd,1885,0.052652760726799974,3.5854883387826813,1885,0.051786837042040956,3.8395103082151247
2022,3,sweep: 4h return > +25 bp,181493,-0.024620980429283734,-12.166685990799552,181493,-0.022969327648500404,-12.832280060535108
2022,3,sweep: 4h return < -25 bp,189086,0.020837111076059234,9.89178925690724,189086,0.02022408236342732,10.450430299158826
2022,3,sweep: 4h return > +50 bp,128110,-0.021842431848953126,-9.566214359170626,128110,-0.02062084097012229,-9.860204573132933
2022,3,sweep: 4h return < -50 bp,136783,0.017473984559025046,6.995418776647572,136783,0.0163737649667014,7.097110894732732
2022,3,sweep: 4h return > +100 bp,70264,-0.018733023839120178,-6.454262340330065,70264,-0.01661048117130709,-6.61151858071947
2022,3,sweep: 4h return < -100 bp,78572,0.01284591574363042,4.133706529854402,78572,0.012146413777636478,4.347836022906249
2022,3,sweep: taker buy share > 0.1 (15 min),56577,-0.02861455034472471,-9.469174569911923,56577,-0.029204261841694612,-10.881104118264231
2022,3,sweep: taker sell share > 0.1 (15 min),75423,0.023301680493472365,8.364253289034894,75423,0.02299146723734863,9.106613628863867
2022,3,sweep: taker buy share > 0.2 (15 min),13773,-0.025918228125410503,-4.211066669181192,13773,-0.027183035109162257,-4.971722943644405
2022,3,sweep: taker sell share > 0.2 (15 min),20420,0.02717087522324002,5.723664308427671,20420,0.027368561771745348,6.24264635609483
2022,3,sweep: taker buy share > 0.3 (15 min),3212,-0.013885533578065046,-1.2401788119019688,3212,-0.011272878480439619,-1.1380510109568438
2022,3,sweep: taker sell share > 0.3 (15 min),4993,0.018712705600866464,1.6743617697962785,4993,0.023088010347726062,2.2587503832448306
2022,3,sweep: price > VWAP60 + 15 bp,121838,-0.04599074791934393,-20.762523710712863,121838,-0.04682644918166157,-22.648821252617815
2022,3,sweep: price < VWAP60 - 15 bp,123000,0.037284064109301074,15.351912347043713,123000,0.03965765438840585,17.44920334913126
2022,3,sweep: price > VWAP60 + 30 bp,55308,-0.05143518234640698,-16.407458717778844,55308,-0.05134824015089129,-17.71440259994118
2022,3,sweep: price < VWAP60 - 30 bp,58517,0.03314766272667696,9.325561392641166,58517,0.035390669523752694,10.669390047693565
2022,3,sweep: price > VWAP60 + 50 bp,22675,-0.05368331056379799,-10.593246613104759,22675,-0.05310612181035318,-10.870210770876929
2022,3,sweep: price < VWAP60 - 50 bp,25297,0.02399532079703587,4.748767744974075,25297,0.030408827854086606,6.087151285119376
2022,3,sweep: previous window up,263007,-0.03730957530072082,-18.949535064423507,263007,-0.042175262249336376,-23.54145752471814
2022,3,sweep: previous window down,262591,0.03730957530072082,18.949535064423472,262591,0.042175262249336376,23.541457524718147
2022,3,sweep: two windows up,125326,-0.032519735039391595,-14.659883586215784,125326,-0.034297510959387656,-16.949044665915128
2022,3,sweep: two windows down,124914,0.031053665248132467,14.53334256800884,124914,0.033154165887675835,17.496307570161363
2022,3,sweep: MACD hist > 0,263565,-0.028107953728360113,-14.0940654073869,263565,-0.031821407478960284,-17.361669944035725
2022,3,sweep: MACD hist < 0,262033,0.028107953728360113,14.094065407386939,262033,0.031821407478960284,17.361669944035654
2022,3,sweep: OBV rising,18543,-0.044699417200755154,-8.356740683237765,18543,-0.04265835486353614,-8.458707803110812
2022,3,sweep: OBV falling,21963,0.031555666207052635,6.826822427563246,21963,0.03079560364533035,7.192235552057015
2022,3,sweep: EMA9 > EMA21 + 10 bp,40120,-0.04691630136389158,-12.736001687451441,40120,-0.04637025361816988,-13.880848088974894
2022,3,sweep: EMA9 < EMA21 - 10 bp,43643,0.025778532989856884,6.693753937664562,43643,0.026723141377881954,7.804682870120838
2022,3,sweep: larger trades than usual (size5 > 1.2),64199,-0.00360314641778825,-1.2475359384209903,64199,-0.0031101961359636388,-1.1807124247836045
2022,3,sweep: more trades than usual (nratio5 > 1.5),64704,-0.010142276607995326,-3.4963392152908987,64704,-0.012977218729275819,-4.932915361565127
2022,5,price at 4h high (rangepos >= 0.98),3119,-0.08537031051233462,-7.883789613044766,3119,-0.09119317713163977,-8.565381676167977
2022,5,price at 4h low (rangepos <= 0.02),3802,0.0818038750408529,8.368682064673617,3802,0.08201858063036627,8.355567736251805
2022,5,upper quarter of 4h range,111657,-0.05041464104251614,-14.959684321452707,111657,-0.04980884377813227,-15.991430882162046
2022,5,lower quarter of 4h range,108806,0.049829588085071486,14.772514528110971,108806,0.047612019152313834,14.68122251236757
2022,5,last 5 min up more than 2 sd,13348,-0.06978335118870604,-11.642073709089484,13348,-0.0712524636012784,-12.197351301237143
2022,5,last 5 min down more than 2 sd,14222,0.04633419504678388,7.696665194619304,14222,0.04842957339639947,8.393220758323427
2022,5,last 15 min up more than 2 sd,11009,-0.08036161190393931,-11.018203434141984,11009,-0.07786319841187195,-11.429433418542468
2022,5,last 15 min down more than 2 sd,12293,0.04679125094109893,6.175064175485068,12293,0.04800348676548666,6.972330857402317
2022,5,4h return above +50 bp,128110,-0.02575033456910436,-8.47980382278368,128110,-0.02491336957626078,-8.893247504953921
2022,5,4h return below -50 bp,136783,0.021625225588575048,6.945608875095053,136783,0.019837055051762864,6.695920689712183
2022,5,previous window up,263007,-0.04351263206592704,-18.21111340845492,263007,-0.04677929192137015,-20.076528782269683
2022,5,previous window down,262589,0.04351263206592704,18.211113408454956,262589,0.04677929192137015,20.07652878226965
2022,5,two windows up in a row,125326,-0.03903530557404844,-15.180296013716656,125326,-0.03914462516538392,-16.125524325114682
2022,5,two windows down in a row,124914,0.0365695075483185,14.641914584072397,124914,0.03748358887985831,15.709168409368807
2022,5,three windows up in a row,58124,-0.04564235803667088,-13.809097346782659,58124,-0.04688925218498502,-14.937099304019375
2022,5,three windows down in a row,58526,0.04100127790143998,12.24112165447127,58526,0.039810116901021875,13.0920326412328
2022,5,RSI14 above 70,17698,-0.0862514093299297,-15.320294807866455,17698,-0.08617001295607812,-15.386229902758302
2022,5,RSI14 below 30,19561,0.058371418938546416,10.706496866333852,19561,0.057720920978043766,11.21268250937898
2022,5,RSI60 above 65,3592,-0.05668435260520488,-3.893649152418652,3592,-0.051486046177802836,-4.057946706206583
2022,5,RSI60 below 35,3817,0.005348669999216349,0.32833311392901804,3817,0.006887058313558847,0.4927628845108015
2022,5,MACD histogram positive,263565,-0.030042696851939388,-12.457783411783291,263565,-0.032832160169983526,-14.713547952366762
2022,5,MACD histogram negative,262031,0.030042696851939388,12.457783411783288,262031,0.032832160169983526,14.713547952366744
2022,5,above upper Bollinger band,26680,-0.06110888406064352,-14.45633485678054,26680,-0.0655803782600678,-15.45987617085964
2022,5,below lower Bollinger band,27832,0.047283396159352065,11.826970093867345,27832,0.05074394618575023,12.823338205816484
2022,5,EMA9 above EMA21 by 10 bp,40120,-0.05139149574158158,-11.566034432088367,40120,-0.050345526792477224,-12.215606924107085
2022,5,EMA9 below EMA21 by 10 bp,43643,0.030856343912819273,6.651020239355336,43643,0.028987697008101554,6.397697034499875
2022,5,ADX14 above 30 (trending),138989,-0.005447880271237993,-2.081950264297724,138989,-0.0038842899771202033,-1.5628096741637816
2022,5,ADX14 below 15 (ranging),74606,-0.0013831267173520234,-0.3947722040944554,74606,-0.001189522437698598,-0.3709263803611746
2022,5,taker buying 60 pct+ of last 15 min,13773,-0.03752873238343185,-5.265391695045999,13773,-0.035409299236571656,-5.2082175064007075
2022,5,taker selling 60 pct+ of last 15 min,20420,0.03325867815201716,5.473695447491906,20420,0.031008473737266506,5.534360697195109
2022,5,volume last 5 min 3x the daily average,17948,-0.015292240985079197,-2.609322121995037,17948,-0.008790503682768902,-1.5501547774960254
2022,5,trade count last 5 min 3x average,9429,-0.025926353146342673,-3.451568153949825,9429,-0.022046174992225,-3.072735331362761
2022,5,OBV rising over 60 min,18543,-0.0455943819689299,-6.8192411000536275,18543,-0.04976116888164811,-7.822776806359577
2022,5,OBV falling over 60 min,21963,0.03678565736143313,6.772699086990666,21963,0.038011029905244686,7.5079425123603665
2022,5,price 30 bp+ above 60-min VWAP,55308,-0.05436404718428478,-14.232663048173116,55308,-0.05523340240426111,-15.664420176728424
2022,5,price 30 bp+ below 60-min VWAP,58517,0.04047797887898252,9.757557752619771,58517,0.039151828542860645,9.603153802242703
2022,5,high volatility (vol60 in top decile),19539,-0.01901326024294403,-3.068428800417303,19539,-0.020888524255846308,-3.830555157531899
2022,5,low volatility (vol60 in bottom decile),216169,0.0031222059313025796,1.3947382111537316,216169,0.0039040841514091373,1.8664254991594282
2022,5,weekend,151196,-0.001023242132869695,-0.45351540511074634,151196,-0.00115046562926302,-0.5413960149682627
2022,5,US afternoon (14-17 UTC),87600,-0.002648406413586213,-0.8203438445029737,87600,-0.0025958833635018608,-0.8794817477023219
2022,5,Asia early (0-3 UTC),87600,0.0022420119889337564,0.7566271063279567,87600,0.0015959038386581526,0.5835373099908309
2022,5,sweep: RSI14 < 20,2514,0.0475012463383408,3.052549016023984,2514,0.04757350486766915,3.221799059161675
2022,5,sweep: RSI14 < 25,7584,0.05291787629767036,6.0278835527422086,7584,0.05701115728514966,6.887027976676461
2022,5,sweep: RSI14 < 30,19561,0.058371418938546416,10.706496866333852,19561,0.057720920978043766,11.21268250937898
2022,5,sweep: RSI14 < 35,45789,0.060519513861949314,16.505562213186824,45789,0.05865189483469596,17.18605294226841
2022,5,sweep: RSI14 > 65,43525,-0.08008759830865259,-21.457891775340183,43525,-0.0795598227407237,-22.00124830039127
2022,5,sweep: RSI14 > 70,17698,-0.0862514093299297,-15.320294807866455,17698,-0.08617001295607812,-15.386229902758302
2022,5,sweep: RSI14 > 75,6590,-0.08212241262372921,-9.350885532428574,6590,-0.0814558045375835,-9.326765778165091
2022,5,sweep: RSI14 > 80,2327,-0.09782963504176212,-7.446284191777134,2327,-0.1004436184841862,-7.518992789620671
2022,5,sweep: RSI60 < 35,3817,0.005348669999216349,0.32833311392901804,3817,0.006887058313558847,0.4927628845108015
2022,5,sweep: RSI60 < 40,18423,0.031972242562751496,4.535993067216789,18423,0.033170928855881965,4.9623209516815345
2022,5,sweep: RSI60 < 45,82316,0.05502394093361379,15.7996835396291,82316,0.05295187558759018,15.520909220580299
2022,5,sweep: RSI60 > 55,79292,-0.06077279670133384,-16.45047386783447,79292,-0.06069374353705714,-17.52607073871539
2022,5,sweep: RSI60 > 60,16950,-0.050113579464722,-6.916109326151987,16950,-0.0511837460033433,-7.418806958433716
2022,5,sweep: RSI60 > 65,3592,-0.05668435260520488,-3.893649152418652,3592,-0.051486046177802836,-4.057946706206583
2022,5,sweep: range position < 0.05,11510,0.06220490080641905,8.127277927094964,11510,0.06749563647399826,9.256639168176562
2022,5,sweep: range position > 0.95,10469,-0.07583834031472225,-10.652825675151185,10469,-0.08526814786985776,-11.831459342271085
2022,5,sweep: range position < 0.1,29854,0.05583374208907893,9.624693197506978,29854,0.0567845168530709,10.279937526598893
2022,5,sweep: range position > 0.90,28903,-0.06433644217098161,-12.843011375447976,28903,-0.06933142849675272,-14.683827842432137
2022,5,sweep: range position < 0.15,53418,0.051944193794415006,11.87835911175997,53418,0.05199808272675693,12.234597141417542
2022,5,sweep: range position > 0.85,53469,-0.057750973254334814,-13.617233222915111,53469,-0.061151989405684615,-15.542412452024621
2022,5,sweep: 5-min move > +1.5 sd,30435,-0.057244570668084915,-13.952591895785748,30435,-0.05872656585715014,-14.092183501754517
2022,5,sweep: 5-min move < -1.5 sd,31516,0.041384996197342316,10.22570464404757,31516,0.04107699202214582,10.291851205954698
2022,5,sweep: 15-min move > +1.5 sd,27635,-0.07074260217280415,-15.051483802379506,27635,-0.06917799111173045,-16.237936451914305
2022,5,sweep: 15-min move < -1.5 sd,29588,0.051113093563316614,10.59598956056769,29588,0.05091381372029613,11.508864222691013
2022,5,sweep: 5-min move > +2 sd,13348,-0.06978335118870604,-11.642073709089484,13348,-0.0712524636012784,-12.197351301237143
2022,5,sweep: 5-min move < -2 sd,14222,0.04633419504678388,7.696665194619304,14222,0.04842957339639947,8.393220758323427
2022,5,sweep: 15-min move > +2 sd,11009,-0.08036161190393931,-11.018203434141984,11009,-0.07786319841187195,-11.429433418542468
2022,5,sweep: 15-min move < -2 sd,12293,0.04679125094109893,6.175064175485068,12293,0.04800348676548666,6.972330857402317
2022,5,sweep: 5-min move > +2.5 sd,6196,-0.0833546802401241,-10.15785224377313,6196,-0.08321759501515502,-10.108838635620087
2022,5,sweep: 5-min move < -2.5 sd,6743,0.040725572553440004,4.533534433545989,6743,0.04035472380254246,4.4906710584842395
2022,5,sweep: 15-min move > +2.5 sd,4221,-0.09738406732193972,-8.225112634964772,4221,-0.09443679298476282,-8.3636283850116
2022,5,sweep: 15-min move < -2.5 sd,4998,0.03791470141470166,3.364680787905594,4998,0.04626211008262404,4.5460394823792765
2022,5,sweep: 5-min move > +3 sd,3003,-0.08295241545208537,-7.475650610977642,3003,-0.0960812109966423,-8.434816877477678
2022,5,sweep: 5-min move < -3 sd,3280,0.044730453800605585,3.60429910940996,3280,0.0499919332078011,4.038454104515808
2022,5,sweep: 15-min move > +3 sd,1545,-0.11723397384944112,-6.311894129375676,1545,-0.11401754117918278,-6.4704609402027895
2022,5,sweep: 15-min move < -3 sd,1885,0.04013611147545704,2.2231951550179794,1885,0.04406796290907955,2.6037650018001908
2022,5,sweep: 4h return > +25 bp,181493,-0.030403078867586697,-11.445696330891868,181493,-0.028218039148097562,-11.666738941506338
2022,5,sweep: 4h return < -25 bp,189086,0.026164332323835693,9.588064842149857,189086,0.024216867054711433,9.48506507731494
2022,5,sweep: 4h return > +50 bp,128110,-0.02575033456910436,-8.47980382278368,128110,-0.02491336957626078,-8.893247504953921
2022,5,sweep: 4h return < -50 bp,136783,0.021625225588575048,6.945608875095053,136783,0.019837055051762864,6.695920689712183
2022,5,sweep: 4h return > +100 bp,70264,-0.019143463709772712,-5.254695130981198,70264,-0.020475791518547115,-6.05533799952043
2022,5,sweep: 4h return < -100 bp,78572,0.01689781433368548,4.399351521666551,78572,0.01470423786646835,3.964838461273385
2022,5,sweep: taker buy share > 0.1 (15 min),56577,-0.03311643516555174,-9.133167087485871,56577,-0.03373871724178895,-9.664929728985951
2022,5,sweep: taker sell share > 0.1 (15 min),75423,0.024286575548423783,6.99643702949731,75423,0.024664710865905604,7.496004847013388
2022,5,sweep: taker buy share > 0.2 (15 min),13773,-0.03752873238343185,-5.265391695045999,13773,-0.035409299236571656,-5.2082175064007075
2022,5,sweep: taker sell share > 0.2 (15 min),20420,0.03325867815201716,5.473695447491906,20420,0.031008473737266506,5.534360697195109
2022,5,sweep: taker buy share > 0.3 (15 min),3212,-0.022928274289341966,-1.6751672288546438,3212,-0.017583055948078574,-1.3680380517302444
2022,5,sweep: taker sell share > 0.3 (15 min),4993,0.017833342736057634,1.4622685446952577,4993,0.01951511012196383,1.6046403092572554
2022,5,sweep: price > VWAP60 + 15 bp,121838,-0.049067005031223854,-17.703265519172632,121838,-0.051821931481286276,-20.146347152256087
2022,5,sweep: price < VWAP60 - 15 bp,123000,0.04234451765763764,14.949054465885753,123000,0.04301981320094378,15.537070131284242
2022,5,sweep: price > VWAP60 + 30 bp,55308,-0.05436404718428478,-14.232663048173116,55308,-0.05523340240426111,-15.664420176728424
2022,5,sweep: price < VWAP60 - 30 bp,58517,0.04047797887898252,9.757557752619771,58517,0.039151828542860645,9.603153802242703
2022,5,sweep: price > VWAP60 + 50 bp,22675,-0.05525618433034829,-9.360027121682247,22675,-0.06029430383027601,-10.108994156289025
2022,5,sweep: price < VWAP60 - 50 bp,25297,0.02940099416311387,4.880172165055358,25297,0.02815538990215377,4.58250441258959
2022,5,sweep: previous window up,263007,-0.04351263206592704,-18.21111340845492,263007,-0.04677929192137015,-20.076528782269683
2022,5,sweep: previous window down,262589,0.04351263206592704,18.211113408454956,262589,0.04677929192137015,20.07652878226965
2022,5,sweep: two windows up,125326,-0.03903530557404844,-15.180296013716656,125326,-0.03914462516538392,-16.125524325114682
2022,5,sweep: two windows down,124914,0.0365695075483185,14.641914584072397,124914,0.03748358887985831,15.709168409368807
2022,5,sweep: MACD hist > 0,263565,-0.030042696851939388,-12.457783411783291,263565,-0.032832160169983526,-14.713547952366762
2022,5,sweep: MACD hist < 0,262031,0.030042696851939388,12.457783411783288,262031,0.032832160169983526,14.713547952366744
2022,5,sweep: OBV rising,18543,-0.0455943819689299,-6.8192411000536275,18543,-0.04976116888164811,-7.822776806359577
2022,5,sweep: OBV falling,21963,0.03678565736143313,6.772699086990666,21963,0.038011029905244686,7.5079425123603665
2022,5,sweep: EMA9 > EMA21 + 10 bp,40120,-0.05139149574158158,-11.566034432088367,40120,-0.050345526792477224,-12.215606924107085
2022,5,sweep: EMA9 < EMA21 - 10 bp,43643,0.030856343912819273,6.651020239355336,43643,0.028987697008101554,6.397697034499875
2022,5,sweep: larger trades than usual (size5 > 1.2),64199,-0.0035737743599565386,-1.0207137373490776,64199,-0.0033923160030521204,-1.0209645070130955
2022,5,sweep: more trades than usual (nratio5 > 1.5),64704,-0.01092624624783628,-3.2329172726367585,64704,-0.009976883577746898,-2.957190884134599
2022,10,price at 4h high (rangepos >= 0.98),3119,-0.11482761597025049,-9.653766949821833,3119,-0.12124090883690208,-10.513964781868502
2022,10,price at 4h low (rangepos <= 0.02),3802,0.08496674980296737,6.471787088488636,3802,0.08373743301619285,6.722255973657517
2022,10,upper quarter of 4h range,111657,-0.06437126991158482,-14.545460036551722,111657,-0.06454254260472336,-14.94825149283369
2022,10,lower quarter of 4h range,108806,0.06278453918517324,13.856389472558496,108806,0.0629458613751121,14.34494927732341
2022,10,last 5 min up more than 2 sd,13348,-0.06642108075262182,-10.458641821458455,13348,-0.0762777493933528,-11.679128325996091
2022,10,last 5 min down more than 2 sd,14222,0.05224627975126056,8.128918749677029,14222,0.05557695482102365,8.549114984678619
2022,10,last 15 min up more than 2 sd,11009,-0.07894779716383366,-8.118794611130694,11009,-0.0822007978481697,-8.694930511717343
2022,10,last 15 min down more than 2 sd,12293,0.0466136027803814,5.187191776019311,12293,0.05356018999483675,6.042147379664276
2022,10,4h return above +50 bp,128110,-0.03670025155691792,-8.92173800708594,128110,-0.0355873315781185,-8.849515207141442
2022,10,4h return below -50 bp,136783,0.03198121905625012,7.659996277847302,136783,0.030557365182272034,7.627681463221655
2022,10,previous window up,263007,-0.050575395174258075,-15.9725709743959,263007,-0.054159358012627,-17.6365994570002
2022,10,previous window down,262584,0.050575395174258075,15.972570974395875,262584,0.054159358012627,17.636599457000248
2022,10,two windows up in a row,125326,-0.046389483183499336,-14.882425652494673,125326,-0.048120076727195094,-16.127219053809995
2022,10,two windows down in a row,124914,0.04087043412009472,12.659525180606483,124914,0.04389145192550309,14.068986066868503
2022,10,three windows up in a row,58124,-0.05365257947819013,-13.231807819036073,58124,-0.053772694261049914,-13.85973557348933
2022,10,three windows down in a row,58526,0.04545200910071551,10.758875221838142,58526,0.049084734731377755,11.62489454918017
2022,10,RSI14 above 70,17698,-0.08981283043455396,-12.70278643046995,17698,-0.09365269217127908,-13.176580847279073
2022,10,RSI14 below 30,19561,0.06745669504796742,9.43207321828989,19561,0.06862468899596702,9.702575181819618
2022,10,RSI60 above 65,3592,-0.03813817902722261,-1.8456246055135157,3592,-0.04842988674286469,-2.473032799230247
2022,10,RSI60 below 35,3817,-0.004436245537820516,-0.2039662733366582,3817,0.0033133306724192346,0.15360568278942716
2022,10,MACD histogram positive,263565,-0.02928628471313849,-9.206233515952352,263565,-0.032465398032403836,-10.538852646798764
2022,10,MACD histogram negative,262026,0.02928628471313849,9.206233515952325,262026,0.032465398032403836,10.538852646798729
2022,10,above upper Bollinger band,26680,-0.06357687823690195,-13.6722720396506,26680,-0.07157100999560251,-15.731607586128995
2022,10,below lower Bollinger band,27832,0.05169443966397197,12.261584805968974,27832,0.06045662258992146,13.83053433014017
2022,10,EMA9 above EMA21 by 10 bp,40120,-0.04653047275652156,-8.037544128583487,40120,-0.048976653323069275,-8.60020767820256
2022,10,EMA9 below EMA21 by 10 bp,43643,0.031890258736469446,5.321086024201726,43643,0.03255521135454814,5.560704034885676
2022,10,ADX14 above 30 (trending),138989,-0.001823723414441425,-0.5316824655432987,138989,-0.001259183562633992,-0.3821996531066507
2022,10,ADX14 below 15 (ranging),74606,-0.006517840033005984,-1.365792826777981,74606,-0.006460260402803619,-1.3926370416597174
2022,10,taker buying 60 pct+ of last 15 min,13773,-0.02706906765798167,-2.8306879098473936,13773,-0.027894703868027004,-3.070115326249857
2022,10,taker selling 60 pct+ of last 15 min,20420,0.03066960291959292,4.076815050974865,20420,0.033895017086862544,4.648457611474572
2022,10,volume last 5 min 3x the daily average,17948,-0.013571705271148093,-1.7748350717372376,17948,-0.015047331158272614,-1.9708008950359035
2022,10,trade count last 5 min 3x average,9429,-0.01967066001766038,-2.0916751534163565,9429,-0.020278371736981715,-2.1149049191252742
2022,10,OBV rising over 60 min,18543,-0.056316744511543004,-6.140565340762675,18543,-0.05767889902561546,-6.306761324763819
2022,10,OBV falling over 60 min,21963,0.04731235650635851,5.760782247555164,21963,0.05006148355704748,6.482681400503955
2022,10,price 30 bp+ above 60-min VWAP,55308,-0.05230475224390985,-10.860647501977702,55308,-0.056714246152612446,-12.19515727866369
2022,10,price 30 bp+ below 60-min VWAP,58517,0.042891108911907394,7.8143907877324725,58517,0.045620449493405435,8.635708713445297
2022,10,high volatility (vol60 in top decile),19539,-0.01858132016684516,-2.0198371518427707,19539,-0.01964502272508295,-2.248155793239782
2022,10,low volatility (vol60 in bottom decile),216164,0.002113039834761743,0.6711080955737831,216164,0.0020684090099283847,0.6864058862350351
2022,10,weekend,151191,-0.005071754468240097,-1.5729090330248097,151191,-0.004811030068690492,-1.5669656289837204
2022,10,US afternoon (14-17 UTC),87600,-0.004396156979894095,-0.9511515993154511,87600,-0.002775139512311897,-0.6398731502549274
2022,10,Asia early (0-3 UTC),87600,0.0050148341541890185,1.1934042324135044,87600,0.004101596367323879,1.0176355012453426
2022,10,sweep: RSI14 < 20,2514,0.05562052969078968,3.3164818138716887,2514,0.06437331041260097,3.7567738768577708
2022,10,sweep: RSI14 < 25,7584,0.06226930813676268,5.9213730362816595,7584,0.06570933896157455,6.417955206869465
2022,10,sweep: RSI14 < 30,19561,0.06745669504796742,9.43207321828989,19561,0.06862468899596702,9.702575181819618
2022,10,sweep: RSI14 < 35,45789,0.05934929376564341,12.393661341612944,45789,0.06471720994637514,13.778744076281413
2022,10,sweep: RSI14 > 65,43525,-0.08220433483487272,-16.537711977919834,43525,-0.0859976476941211,-17.48405319894552
2022,10,sweep: RSI14 > 70,17698,-0.08981283043455396,-12.70278643046995,17698,-0.09365269217127908,-13.176580847279073
2022,10,sweep: RSI14 > 75,6590,-0.08781446469739507,-8.125873386365132,6590,-0.09283074496752852,-8.481005904542476
2022,10,sweep: RSI14 > 80,2327,-0.10278755233356701,-6.730993375839461,2327,-0.10717640741777162,-6.663796666363042
2022,10,sweep: RSI60 < 35,3817,-0.004436245537820516,-0.2039662733366582,3817,0.0033133306724192346,0.15360568278942716
2022,10,sweep: RSI60 < 40,18423,0.037671581632198636,4.005605847897233,18423,0.04524248627658256,4.950902435383775
2022,10,sweep: RSI60 < 45,82316,0.0684496567312406,14.882751172335936,82316,0.06949315511201959,15.472864132974347
2022,10,sweep: RSI60 > 55,79292,-0.07174440532290727,-15.048267665606806,79292,-0.07202121942722473,-15.488458297567572
2022,10,sweep: RSI60 > 60,16950,-0.05578974846960322,-5.573555992583737,16950,-0.06072392349051997,-6.219444421208571
2022,10,sweep: RSI60 > 65,3592,-0.03813817902722261,-1.8456246055135157,3592,-0.04842988674286469,-2.473032799230247
2022,10,sweep: range position < 0.05,11510,0.07736786623788955,7.809045696305144,11510,0.08706031750353915,9.017383266589972
2022,10,sweep: range position > 0.95,10469,-0.09427651686128119,-11.108902549330987,10469,-0.10531453795189427,-11.962772501301597
2022,10,sweep: range position < 0.1,29854,0.06826729158538936,8.931597774044171,29854,0.07397355705890651,9.933854043656485
2022,10,sweep: range position > 0.90,28903,-0.07571827661320463,-11.800755070709025,28903,-0.08152716711784364,-12.88188726153791
2022,10,sweep: range position < 0.15,53418,0.06617529680780948,10.987235882167317,53418,0.0684905656990002,11.711635842055605
2022,10,sweep: range position > 0.85,53469,-0.07059983984280532,-12.364818986207483,53469,-0.07369948542930693,-13.034412672096568
2022,10,sweep: 5-min move > +1.5 sd,30435,-0.05394927865000382,-12.240774126838748,30435,-0.06173069517594881,-13.871450519867219
2022,10,sweep: 5-min move < -1.5 sd,31516,0.0480457042685099,10.972680031944337,31516,0.05217289610915887,11.720511963078394
2022,10,sweep: 15-min move > +1.5 sd,27635,-0.06908207279311507,-10.66625976280233,27635,-0.07290589200953113,-11.487040647620095
2022,10,sweep: 15-min move < -1.5 sd,29588,0.05281034693271225,8.791277435840241,29588,0.05437122577432457,9.098314477341239
2022,10,sweep: 5-min move > +2 sd,13348,-0.06642108075262182,-10.458641821458455,13348,-0.0762777493933528,-11.679128325996091
2022,10,sweep: 5-min move < -2 sd,14222,0.05224627975126056,8.128918749677029,14222,0.05557695482102365,8.549114984678619
2022,10,sweep: 15-min move > +2 sd,11009,-0.07894779716383366,-8.118794611130694,11009,-0.0822007978481697,-8.694930511717343
2022,10,sweep: 15-min move < -2 sd,12293,0.0466136027803814,5.187191776019311,12293,0.05356018999483675,6.042147379664276
2022,10,sweep: 5-min move > +2.5 sd,6196,-0.08394579646102257,-9.212500592168622,6196,-0.094526261127507,-10.38063525881742
2022,10,sweep: 5-min move < -2.5 sd,6743,0.04880735846772899,5.052879390174995,6743,0.056230476260521245,5.788750874434208
2022,10,sweep: 15-min move > +2.5 sd,4221,-0.10013284665425304,-6.867160126925555,4221,-0.10263820270467516,-7.009254237930756
2022,10,sweep: 15-min move < -2.5 sd,4998,0.04532016516606585,3.4814284926739916,4998,0.054973334050126055,4.079151263233674
2022,10,sweep: 5-min move > +3 sd,3003,-0.09206481402743083,-7.15595982532577,3003,-0.10878567420623503,-8.645819157316492
2022,10,sweep: 5-min move < -3 sd,3280,0.05163203391904958,3.896270244048706,3280,0.06272971432168417,4.7311408341245205
2022,10,sweep: 15-min move > +3 sd,1545,-0.10791892981750772,-5.095648777984607,1545,-0.10691102526425367,-4.914726689395587
2022,10,sweep: 15-min move < -3 sd,1885,0.04811497442411583,2.3024035715701117,1885,0.056460156168573805,2.6051760688646155
2022,10,sweep: 4h return > +25 bp,181493,-0.042083742696369386,-11.876703382035686,181493,-0.04064529037673725,-11.763456207775194
2022,10,sweep: 4h return < -25 bp,189082,0.03834054202326542,10.119098778866581,189082,0.03728018121274529,10.268368223712619
2022,10,sweep: 4h return > +50 bp,128110,-0.03670025155691792,-8.92173800708594,128110,-0.0355873315781185,-8.849515207141442
2022,10,sweep: 4h return < -50 bp,136783,0.03198121905625012,7.659996277847302,136783,0.030557365182272034,7.627681463221655
2022,10,sweep: 4h return > +100 bp,70264,-0.026060851142760355,-5.3813842106085,70264,-0.02568081759191715,-5.494721612096684
2022,10,sweep: 4h return < -100 bp,78572,0.023737387028893664,4.726852765180911,78572,0.02498098299301027,5.115816614926708
2022,10,sweep: taker buy share > 0.1 (15 min),56577,-0.028153639629921456,-5.7217273146601695,56577,-0.03218960243829749,-6.726174541954867
2022,10,sweep: taker sell share > 0.1 (15 min),75423,0.020175511089536524,4.435471111283791,75423,0.02135165040640996,4.889160330114021
2022,10,sweep: taker buy share > 0.2 (15 min),13773,-0.02706906765798167,-2.8306879098473936,13773,-0.027894703868027004,-3.070115326249857
2022,10,sweep: taker sell share > 0.2 (15 min),20420,0.03066960291959292,4.076815050974865,20420,0.033895017086862544,4.648457611474572
2022,10,sweep: taker buy share > 0.3 (15 min),3212,-0.008027578360087939,-0.4679273403856239,3212,-0.008607426870329504,-0.5033002357709315
2022,10,sweep: taker sell share > 0.3 (15 min),4993,0.021607606689919234,1.553946903496074,4993,0.02560835254835392,1.7697111974082802
2022,10,sweep: price > VWAP60 + 15 bp,121838,-0.051120280049521405,-14.649972362479387,121838,-0.055558780051652934,-16.67776879705571
2022,10,sweep: price < VWAP60 - 15 bp,123000,0.04630999008798553,11.93361587485875,123000,0.04917572739652076,13.100680024980207
2022,10,sweep: price > VWAP60 + 30 bp,55308,-0.05230475224390985,-10.860647501977702,55308,-0.056714246152612446,-12.19515727866369
2022,10,sweep: price < VWAP60 - 30 bp,58517,0.042891108911907394,7.8143907877324725,58517,0.045620449493405435,8.635708713445297
2022,10,sweep: price > VWAP60 + 50 bp,22675,-0.056971865154086254,-7.148163222929128,22675,-0.06258972407210017,-7.972019159462387
2022,10,sweep: price < VWAP60 - 50 bp,25297,0.0291507809125513,3.57386431833425,25297,0.03442700600138987,4.37374220887752
2022,10,sweep: previous window up,263007,-0.050575395174258075,-15.9725709743959,263007,-0.054159358012627,-17.6365994570002
2022,10,sweep: previous window down,262584,0.050575395174258075,15.972570974395875,262584,0.054159358012627,17.636599457000248
2022,10,sweep: two windows up,125326,-0.046389483183499336,-14.882425652494673,125326,-0.048120076727195094,-16.127219053809995
2022,10,sweep: two windows down,124914,0.04087043412009472,12.659525180606483,124914,0.04389145192550309,14.068986066868503
2022,10,sweep: MACD hist > 0,263565,-0.02928628471313849,-9.206233515952352,263565,-0.032465398032403836,-10.538852646798764
2022,10,sweep: MACD hist < 0,262026,0.02928628471313849,9.206233515952325,262026,0.032465398032403836,10.538852646798729
2022,10,sweep: OBV rising,18543,-0.056316744511543004,-6.140565340762675,18543,-0.05767889902561546,-6.306761324763819
2022,10,sweep: OBV falling,21963,0.04731235650635851,5.760782247555164,21963,0.05006148355704748,6.482681400503955
2022,10,sweep: EMA9 > EMA21 + 10 bp,40120,-0.04653047275652156,-8.037544128583487,40120,-0.048976653323069275,-8.60020767820256
2022,10,sweep: EMA9 < EMA21 - 10 bp,43643,0.031890258736469446,5.321086024201726,43643,0.03255521135454814,5.560704034885676
2022,10,sweep: larger trades than usual (size5 > 1.2),64199,0.0026262097319103006,0.5875656147447499,64199,0.0025545864982707833,0.5784220557498689
2022,10,sweep: more trades than usual (nratio5 > 1.5),64704,-0.006328405451688668,-1.3883212411696022,64704,-0.004968761242794939,-1.1002266350873626
2022,15,price at 4h high (rangepos >= 0.98),3119,-0.10004012194414619,-7.8056664416134725,3119,-0.10886708834281744,-8.486596475737485
2022,15,price at 4h low (rangepos <= 0.02),3802,0.07072732114142155,5.477570007821547,3802,0.07776176908964683,5.9532019095838065
2022,15,upper quarter of 4h range,111657,-0.06726927526947674,-12.684969059109175,111657,-0.06848801541959093,-13.17760264667686
2022,15,lower quarter of 4h range,108806,0.07016156800284418,13.093441278705889,108806,0.07052276921386536,13.422322768571625
2022,15,last 5 min up more than 2 sd,13348,-0.05551243818626728,-8.2904022183165,13348,-0.06086062262859171,-8.929013491306552
2022,15,last 5 min down more than 2 sd,14222,0.0457730606798496,6.704104502513148,14222,0.05143334854681686,7.378191715224777
2022,15,last 15 min up more than 2 sd,11009,-0.0725902294748692,-7.125732231984066,11009,-0.07410238851734974,-7.150051055992284
2022,15,last 15 min down more than 2 sd,12293,0.03997377602252078,3.985003269837478,12293,0.04426763890717533,4.4569531937452185
2022,15,4h return above +50 bp,128110,-0.04328635346204174,-8.713389451645403,128110,-0.042781751030251336,-8.913601141191451
2022,15,4h return below -50 bp,136783,0.03851453956953205,8.022217677364502,136783,0.03778187067381483,8.090274444899208
2022,15,previous window up,263002,-0.047817986870288376,-13.842622919589303,263002,-0.051737611671119565,-15.101303934771346
2022,15,previous window down,262584,0.047817986870288376,13.842622919589273,262584,0.051737611671119565,15.101303934771385
2022,15,two windows up in a row,125321,-0.04803823629021303,-13.986813573618496,125321,-0.05133648971121796,-15.233558540553275
2022,15,two windows down in a row,124914,0.04077637600596851,11.157586907677898,124914,0.04470664743947139,12.660181863284432
2022,15,three windows up in a row,58120,-0.0526799228497169,-11.71336531754103,58120,-0.054785740180024134,-12.408817810438697
2022,15,three windows down in a row,58526,0.04957993468100347,10.234111874084007,58526,0.05256204048191193,11.060975562844277
2022,15,RSI14 above 70,17698,-0.08019478247165485,-10.846408073936708,17698,-0.08364978900193415,-11.044292315349345
2022,15,RSI14 below 30,19561,0.05591277617363499,7.351885336168368,19561,0.058073480244764164,7.488383484890348
2022,15,RSI60 above 65,3592,-0.026328955491582318,-1.1430136102552941,3592,-0.030091788978826972,-1.303394053518698
2022,15,RSI60 below 35,3817,-0.0175621744842952,-0.7417321798508995,3817,-0.014514172098316902,-0.6203759236973311
2022,15,MACD histogram positive,263564,-0.026343498267160426,-7.553504003119825,263564,-0.028779588308706194,-8.286483272780814
2022,15,MACD histogram negative,262022,0.026343498267160426,7.5535040031198015,262022,0.028779588308706194,8.286483272780822
2022,15,above upper Bollinger band,26680,-0.05442365647160419,-11.024961610624317,26680,-0.05837803594023844,-12.183872151375997
2022,15,below lower Bollinger band,27832,0.04617416687268261,10.39339011945605,27832,0.05268891300365097,11.60345390858905
2022,15,EMA9 above EMA21 by 10 bp,40120,-0.0455920333325886,-6.86734271201578,40120,-0.04661025400191182,-7.256192557589178
2022,15,EMA9 below EMA21 by 10 bp,43643,0.030387638501832792,4.579605549576841,43643,0.031508398389439196,4.766707619246508
2022,15,ADX14 above 30 (trending),138986,0.0028115111081429833,0.7246322191515822,138986,0.0015164704608842117,0.3930787742817333
2022,15,ADX14 below 15 (ranging),74606,-0.007529849178372683,-1.3954946910681225,74606,-0.00518356615244997,-0.9785509218832372
2022,15,taker buying 60 pct+ of last 15 min,13773,-0.016394910576900235,-1.5909712668147038,13773,-0.01718708552502396,-1.6553435629000357
2022,15,taker selling 60 pct+ of last 15 min,20420,0.030114356218853333,3.565218920842747,20420,0.026526946507392735,3.251782485651414
2022,15,volume last 5 min 3x the daily average,17948,-0.010246832875533185,-1.200397852789418,17948,-0.011407322749490634,-1.3539270808836998
2022,15,trade count last 5 min 3x average,9429,-0.021443025794665282,-1.974287641747497,9429,-0.02253508290898898,-2.090105744337014
2022,15,OBV rising over 60 min,18543,-0.05631733910295855,-5.118400541529776,18543,-0.054650787082508145,-5.088909305823409
2022,15,OBV falling over 60 min,21963,0.054725775927596754,5.741522452379645,21963,0.05360481657960875,5.807965725431315
2022,15,price 30 bp+ above 60-min VWAP,55308,-0.051682862536080454,-9.530786214907138,55308,-0.05419912177233022,-10.209746583528736
2022,15,price 30 bp+ below 60-min VWAP,58517,0.04055818323548799,6.649906455794738,58517,0.04265612776611205,7.116836977986598
2022,15,high volatility (vol60 in top decile),19539,-0.020092014394252455,-1.9538719448290407,19539,-0.022340764375660183,-2.20057390420493
2022,15,low volatility (vol60 in bottom decile),216159,0.0024243608336679823,0.6478800924648167,216159,0.002954784866620097,0.8188003887065972
2022,15,weekend,151186,-0.0031581002178106,-0.8584795486224338,151186,-0.003026568613168079,-0.8187891663356931
2022,15,US afternoon (14-17 UTC),87600,-0.007287727207226868,-1.2931376944994633,87600,-0.007675860899371556,-1.4097107634966226
2022,15,Asia early (0-3 UTC),87600,0.0010547829899777428,0.19806202185956517,87600,0.0013515844535970656,0.2567220744717115
2022,15,sweep: RSI14 < 20,2514,0.049421409384335035,2.806304076270415,2514,0.05290003716858416,3.0195407246989765
2022,15,sweep: RSI14 < 25,7584,0.045612127481155784,4.057415281476868,7584,0.049238473791305526,4.3574300498954655
2022,15,sweep: RSI14 < 30,19561,0.05591277617363499,7.351885336168368,19561,0.058073480244764164,7.488383484890348
2022,15,sweep: RSI14 < 35,45789,0.055094246945504466,10.733333344492326,45789,0.0591994888753945,11.435458657102197
2022,15,sweep: RSI14 > 65,43524,-0.07255435923616205,-13.183291020496135,43524,-0.07418598848121172,-13.551377124352904
2022,15,sweep: RSI14 > 70,17698,-0.08019478247165485,-10.846408073936708,17698,-0.08364978900193415,-11.044292315349345
2022,15,sweep: RSI14 > 75,6590,-0.07906968001285447,-6.998972898795996,6590,-0.08994617201314953,-7.672424485264232
2022,15,sweep: RSI14 > 80,2327,-0.0996023662295803,-5.82819303823222,2327,-0.10921713150337004,-6.176717392151255
2022,15,sweep: RSI60 < 35,3817,-0.0175621744842952,-0.7417321798508995,3817,-0.014514172098316902,-0.6203759236973311
2022,15,sweep: RSI60 < 40,18423,0.037329505085459236,3.6567081608806555,18423,0.04097612224864161,4.02592022970853
2022,15,sweep: RSI60 < 45,82316,0.07537514062088913,13.89979787710237,82316,0.07661808073424192,14.481036752074775
2022,15,sweep: RSI60 > 55,79292,-0.0731258891861819,-13.250171684609803,79292,-0.07510649479987042,-13.738100119204104
2022,15,sweep: RSI60 > 60,16950,-0.053409425326121196,-4.60883998863249,16950,-0.056640437687691836,-4.92280370294062
2022,15,sweep: RSI60 > 65,3592,-0.026328955491582318,-1.1430136102552941,3592,-0.030091788978826972,-1.303394053518698
2022,15,sweep: range position < 0.05,11510,0.07175597851643689,6.979011157418259,11510,0.0809621259082342,7.850367736077962
2022,15,sweep: range position > 0.95,10469,-0.09211244644639865,-9.538453019755302,10469,-0.09535157268442318,-9.751471253709154
2022,15,sweep: range position < 0.1,29854,0.06889568301899801,8.09080994667681,29854,0.07569576117860499,8.931791753942083
2022,15,sweep: range position > 0.90,28903,-0.07688514953250553,-10.430618804568226,28903,-0.0816230696326431,-11.025459114696368
2022,15,sweep: range position < 0.15,53418,0.06929398315370294,10.126693942586858,53418,0.07278851585108603,10.738792314510894
2022,15,sweep: range position > 0.85,53469,-0.07168905954646254,-10.85914138431353,53469,-0.07613023568519883,-11.540170259030917
2022,15,sweep: 5-min move > +1.5 sd,30435,-0.046902945660725615,-9.902344121027056,30435,-0.05341055841130993,-11.326979833203207
2022,15,sweep: 5-min move < -1.5 sd,31516,0.04013645778519481,8.613077264334018,31516,0.04541159663958505,9.448829042289377
2022,15,sweep: 15-min move > +1.5 sd,27635,-0.059786467800119925,-8.584318147406695,27635,-0.06101861058969943,-8.779187954147744
2022,15,sweep: 15-min move < -1.5 sd,29588,0.04806634885043981,7.343086236955832,29588,0.05055574279831704,7.809923188254148
2022,15,sweep: 5-min move > +2 sd,13348,-0.05551243818626728,-8.2904022183165,13348,-0.06086062262859171,-8.929013491306552
2022,15,sweep: 5-min move < -2 sd,14222,0.0457730606798496,6.704104502513148,14222,0.05143334854681686,7.378191715224777
2022,15,sweep: 15-min move > +2 sd,11009,-0.0725902294748692,-7.125732231984066,11009,-0.07410238851734974,-7.150051055992284
2022,15,sweep: 15-min move < -2 sd,12293,0.03997377602252078,3.985003269837478,12293,0.04426763890717533,4.4569531937452185
2022,15,sweep: 5-min move > +2.5 sd,6196,-0.06472761953173184,-6.540561585527132,6196,-0.07366625864221144,-7.29154521468032
2022,15,sweep: 5-min move < -2.5 sd,6743,0.047755205525657485,4.899905630013217,6743,0.05319419327483682,5.319157368845775
2022,15,sweep: 15-min move > +2.5 sd,4221,-0.09619179291885449,-6.1590988394264246,4221,-0.10037079988122682,-6.343251391754102
2022,15,sweep: 15-min move < -2.5 sd,4998,0.03561647253352229,2.4848669072126817,4998,0.03630538018183904,2.544010058370903
2022,15,sweep: 5-min move > +3 sd,3003,-0.0710390041214044,-5.234604030842576,3003,-0.08388437393781994,-6.152054342490501
2022,15,sweep: 5-min move < -3 sd,3280,0.04916049352622287,3.670074619800702,3280,0.05303009342341414,3.913689457823722
2022,15,sweep: 15-min move > +3 sd,1545,-0.10602620960220455,-4.402153542558326,1545,-0.10939030814858364,-4.39471352920593
2022,15,sweep: 15-min move < -3 sd,1885,0.032737366382604494,1.4505689833224222,1885,0.027294843565367488,1.2221096916526317
2022,15,sweep: 4h return > +25 bp,181493,-0.04865214009909502,-11.413224964066043,181493,-0.04850409817284035,-11.724356169857131
2022,15,sweep: 4h return < -25 bp,189081,0.046217699785707556,10.587250666330222,189081,0.045810420401044716,10.726756987432912
2022,15,sweep: 4h return > +50 bp,128110,-0.04328635346204174,-8.713389451645403,128110,-0.042781751030251336,-8.913601141191451
2022,15,sweep: 4h return < -50 bp,136783,0.03851453956953205,8.022217677364502,136783,0.03778187067381483,8.090274444899208
2022,15,sweep: 4h return > +100 bp,70264,-0.030190258690164895,-5.202311966711182,70264,-0.03027714120053726,-5.32002773687395
2022,15,sweep: 4h return < -100 bp,78572,0.030225423695291298,5.153861230206797,78572,0.02972758366085615,5.208096461670596
2022,15,sweep: taker buy share > 0.1 (15 min),56577,-0.02186427787217987,-3.912785660489558,56577,-0.023165095247315415,-4.245818583807692
2022,15,sweep: taker sell share > 0.1 (15 min),75423,0.017415468376724696,3.216750467443417,75423,0.018144618955901526,3.4764793370529565
2022,15,sweep: taker buy share > 0.2 (15 min),13773,-0.016394910576900235,-1.5909712668147038,13773,-0.01718708552502396,-1.6553435629000357
2022,15,sweep: taker sell share > 0.2 (15 min),20420,0.030114356218853333,3.565218920842747,20420,0.026526946507392735,3.251782485651414
2022,15,sweep: taker buy share > 0.3 (15 min),3212,0.01731522679906583,0.9637431282275636,3212,0.015630303688599745,0.8281755343879983
2022,15,sweep: taker sell share > 0.3 (15 min),4993,0.029282998683784256,1.8051865558122333,4993,0.02552428070798729,1.633118617773856
2022,15,sweep: price > VWAP60 + 15 bp,121834,-0.05098044599580648,-12.826002724845189,121834,-0.054040232403205546,-13.712655550153144
2022,15,sweep: price < VWAP60 - 15 bp,123000,0.04486552765638441,9.939342870910846,123000,0.0474923972210714,10.790645911020428
2022,15,sweep: price > VWAP60 + 30 bp,55308,-0.051682862536080454,-9.530786214907138,55308,-0.05419912177233022,-10.209746583528736
2022,15,sweep: price < VWAP60 - 30 bp,58517,0.04055818323548799,6.649906455794738,58517,0.04265612776611205,7.116836977986598
2022,15,sweep: price > VWAP60 + 50 bp,22675,-0.05280358796291951,-5.857437351403142,22675,-0.05716713702964665,-6.544880873882614
2022,15,sweep: price < VWAP60 - 50 bp,25297,0.026368027414715667,3.0611297391935204,25297,0.029732553841499088,3.425635880355695
2022,15,sweep: previous window up,263002,-0.047817986870288376,-13.842622919589303,263002,-0.051737611671119565,-15.101303934771346
2022,15,sweep: previous window down,262584,0.047817986870288376,13.842622919589273,262584,0.051737611671119565,15.101303934771385
2022,15,sweep: two windows up,125321,-0.04803823629021303,-13.986813573618496,125321,-0.05133648971121796,-15.233558540553275
2022,15,sweep: two windows down,124914,0.04077637600596851,11.157586907677898,124914,0.04470664743947139,12.660181863284432
2022,15,sweep: MACD hist > 0,263564,-0.026343498267160426,-7.553504003119825,263564,-0.028779588308706194,-8.286483272780814
2022,15,sweep: MACD hist < 0,262022,0.026343498267160426,7.5535040031198015,262022,0.028779588308706194,8.286483272780822
2022,15,sweep: OBV rising,18543,-0.05631733910295855,-5.118400541529776,18543,-0.054650787082508145,-5.088909305823409
2022,15,sweep: OBV falling,21963,0.054725775927596754,5.741522452379645,21963,0.05360481657960875,5.807965725431315
2022,15,sweep: EMA9 > EMA21 + 10 bp,40120,-0.0455920333325886,-6.86734271201578,40120,-0.04661025400191182,-7.256192557589178
2022,15,sweep: EMA9 < EMA21 - 10 bp,43643,0.030387638501832792,4.579605549576841,43643,0.031508398389439196,4.766707619246508
2022,15,sweep: larger trades than usual (size5 > 1.2),64199,0.002378654079510323,0.49110817627418196,64199,0.0016232385890466716,0.34087734744788317
2022,15,sweep: more trades than usual (nratio5 > 1.5),64704,-0.0060402926159929815,-1.194757464575847,64704,-0.006245316279583024,-1.227315668270299
2022,30,price at 4h high (rangepos >= 0.98),3119,-0.09230706349881523,-6.543072739444452,3119,-0.09544622751778442,-6.891526561251899
2022,30,price at 4h low (rangepos <= 0.02),3802,0.05968326588771844,4.125692050873862,3802,0.06745265554132684,4.817804435699837
2022,30,upper quarter of 4h range,111657,-0.07349303506689492,-10.929136418275318,111657,-0.07559047706676258,-11.34285300144586
2022,30,lower quarter of 4h range,108806,0.07505913454892454,11.155871275135551,108806,0.07729968808625065,11.532136438642997
2022,30,last 5 min up more than 2 sd,13348,-0.056968398331803616,-8.027232969049228,13348,-0.058879162469546664,-8.07743319683163
2022,30,last 5 min down more than 2 sd,14222,0.04412627430783089,6.473309626643188,14222,0.05021262127155557,7.27530858770158
2022,30,last 15 min up more than 2 sd,11009,-0.05799371905769252,-5.046354975659578,11009,-0.06078238937006769,-5.342009587897852
2022,30,last 15 min down more than 2 sd,12293,0.05230840740976439,4.90661153206805,12293,0.05681073381125057,5.31496738270855
2022,30,4h return above +50 bp,128110,-0.054942029502213,-8.178156221895911,128110,-0.05655254510379154,-8.516583309964142
2022,30,4h return below -50 bp,136783,0.04971623223340693,7.349591856387684,136783,0.05049413392040364,7.500374409189658
2022,30,previous window up,262987,-0.03685558223281521,-11.291113926437074,262987,-0.04001011694675416,-12.178890317535757
2022,30,previous window down,262584,0.03685558223281521,11.291113926437097,262584,0.04001011694675416,12.178890317535869
2022,30,two windows up in a row,125307,-0.043771944149459674,-11.05507144147844,125307,-0.04550377856618293,-11.390207046905534
2022,30,two windows down in a row,124914,0.03943154758705414,9.260939850815515,124914,0.04132910251518829,9.944130480239066
2022,30,three windows up in a row,58119,-0.04762871819074077,-8.56467318566839,58119,-0.04894466102355899,-8.795455160423801
2022,30,three windows down in a row,58526,0.05010430719051867,8.626796439923957,58526,0.05187345401496052,9.110277393039114
2022,30,RSI14 above 70,17695,-0.06907606327207855,-7.708114177073555,17695,-0.07103433330219677,-7.9908438414974
2022,30,RSI14 below 30,19561,0.05697676153381709,7.0962454468950735,19561,0.06057018541835485,7.547664327216808
2022,30,RSI60 above 65,3592,-0.02001695120631175,-0.7213785747750219,3592,-0.024415736400082377,-0.8619751932785631
2022,30,RSI60 below 35,3817,0.0023095873074926443,0.0777165860126647,3817,0.00477095703270225,0.16015039251908986
2022,30,MACD histogram positive,263549,-0.014090697128630147,-4.525898106408637,263549,-0.016171762761530428,-5.136162324002933
2022,30,MACD histogram negative,262022,0.014090697128630147,4.525898106408633,262022,0.016171762761530428,5.136162324002942
2022,30,above upper Bollinger band,26676,-0.051700977784385205,-11.67676982574,26676,-0.05445415271934506,-12.153363390534793
2022,30,below lower Bollinger band,27832,0.03877685194259306,8.749726550711435,27832,0.04599978336876959,10.165569727215837
2022,30,EMA9 above EMA21 by 10 bp,40120,-0.04035415362683992,-5.113257389106589,40120,-0.042582180464627306,-5.448113885287488
2022,30,EMA9 below EMA21 by 10 bp,43643,0.038001387179576906,4.886572298706682,43643,0.040568592013701166,5.20968893167624
2022,30,ADX14 above 30 (trending),138986,0.007822342829955309,1.6211636725708136,138986,0.006960574474190129,1.4379602856715623
2022,30,ADX14 below 15 (ranging),74605,-0.005308987321934633,-0.8075223605969646,74605,-0.0037564123126151983,-0.5829657544477422
2022,30,taker buying 60 pct+ of last 15 min,13773,-0.011052872738112673,-0.9851489130827162,13773,-0.009771991922068679,-0.8812463030274262
2022,30,taker selling 60 pct+ of last 15 min,20420,0.029156716924380266,2.9583201146111557,20420,0.02817582394477669,2.8189744719102823
2022,30,volume last 5 min 3x the daily average,17948,-0.005712654589545285,-0.5662196457861853,17948,-0.007181541091468402,-0.7030187254925302
2022,30,trade count last 5 min 3x average,9429,-0.01757048836569236,-1.3268433425058603,9429,-0.02007514073617428,-1.506721497697486
2022,30,OBV rising over 60 min,18543,-0.0549744479031945,-3.9582232855797495,18543,-0.05639502197398116,-4.061279260313061
2022,30,OBV falling over 60 min,21963,0.06283735253294709,5.045019477366709,21963,0.06145368719633287,4.9227871406168395
2022,30,price 30 bp+ above 60-min VWAP,55308,-0.04811887098439016,-6.92909235157119,55308,-0.0506500946160347,-7.374032263721126
2022,30,price 30 bp+ below 60-min VWAP,58517,0.04029432638136232,5.428126152500943,58517,0.04269829071442088,5.827773752700253
2022,30,high volatility (vol60 in top decile),19539,-0.021949399385270574,-1.4941698255594664,19539,-0.023827238708622245,-1.6646844645253402
2022,30,low volatility (vol60 in bottom decile),216153,0.0024044418402339174,0.46153041363117236,216153,0.0034142811048615274,0.6613259135150028
2022,30,weekend,151171,-0.005563785343246641,-1.087409652828028,151171,-0.0054807368977125015,-1.0799800077706372
2022,30,US afternoon (14-17 UTC),87600,-0.01968410689167105,-2.5054600261801707,87600,-0.019622456706725744,-2.546180430975974
2022,30,Asia early (0-3 UTC),87600,-0.0016291131231359612,-0.21278858815881038,87600,-0.0009784153417967678,-0.12936897205559028
2022,30,sweep: RSI14 < 20,2514,0.05923879597315429,3.3766697661180998,2514,0.05852546003841386,3.1927402036319092
2022,30,sweep: RSI14 < 25,7584,0.0562679924546271,5.056910238257818,7584,0.059833331573844406,5.343988187559315
2022,30,sweep: RSI14 < 30,19561,0.05697676153381709,7.0962454468950735,19561,0.06057018541835485,7.547664327216808
2022,30,sweep: RSI14 < 35,45789,0.05051567241145266,8.735405571847132,45789,0.0543415444760042,9.503837813653828
2022,30,sweep: RSI14 > 65,43515,-0.06291399930533481,-10.411193237903904,43515,-0.0643991159941596,-10.70273805717722
2022,30,sweep: RSI14 > 70,17695,-0.06907606327207855,-7.708114177073555,17695,-0.07103433330219677,-7.9908438414974
2022,30,sweep: RSI14 > 75,6590,-0.06898707736424281,-5.213005490070395,6590,-0.07105177588301836,-5.316102929761387
2022,30,sweep: RSI14 > 80,2327,-0.07597213354103255,-3.7792884659292594,2327,-0.08322416484012496,-4.08360186685081
2022,30,sweep: RSI60 < 35,3817,0.0023095873074926443,0.0777165860126647,3817,0.00477095703270225,0.16015039251908986
2022,30,sweep: RSI60 < 40,18423,0.05145662094959691,3.8323781678719406,18423,0.054020431076854114,3.9729346086732775
2022,30,sweep: RSI60 < 45,82316,0.0824797599889402,11.910630638072904,82316,0.08515965930659969,12.313374143481601
2022,30,sweep: RSI60 > 55,79292,-0.07465410197563394,-10.979473315812093,79292,-0.07606820927072844,-11.301739347918632
2022,30,sweep: RSI60 > 60,16950,-0.046607936866993604,-3.277478914828687,16950,-0.0493847304249162,-3.494067570060241
2022,30,sweep: RSI60 > 65,3592,-0.02001695120631175,-0.7213785747750219,3592,-0.024415736400082377,-0.8619751932785631
2022,30,sweep: range position < 0.05,11510,0.06774478810623519,5.51864469258082,11510,0.0752937328253297,6.177132477495191
2022,30,sweep: range position > 0.95,10469,-0.07780018918574766,-6.825265049447081,10469,-0.08434020781116541,-7.391138377528516
2022,30,sweep: range position < 0.1,29854,0.07180999383845216,7.052575323881525,29854,0.07616240690961695,7.423455983633102
2022,30,sweep: range position > 0.90,28903,-0.06769640894393514,-7.364253170679383,28903,-0.0753675283843252,-8.194925513938198
2022,30,sweep: range position < 0.15,53418,0.07517506234304011,8.81484027675409,53418,0.07818772390286371,9.173555301445557
2022,30,sweep: range position > 0.85,53469,-0.07189405854253689,-8.418074087389616,53469,-0.07548398848704024,-8.877204474624856
2022,30,sweep: 5-min move > +1.5 sd,30435,-0.04740890607752041,-9.832116684742912,30435,-0.04986401049312422,-10.097421530633387
2022,30,sweep: 5-min move < -1.5 sd,31516,0.04092796784404984,8.546005689515846,31516,0.04479949670499617,9.11944292876942
2022,30,sweep: 15-min move > +1.5 sd,27635,-0.05087928810549708,-6.778266337113322,27635,-0.05124724648040435,-6.832965827288327
2022,30,sweep: 15-min move < -1.5 sd,29588,0.046681024672211135,6.527052808477003,29588,0.049207084073320695,6.876320847067278
2022,30,sweep: 5-min move > +2 sd,13348,-0.056968398331803616,-8.027232969049228,13348,-0.058879162469546664,-8.07743319683163
2022,30,sweep: 5-min move < -2 sd,14222,0.04412627430783089,6.473309626643188,14222,0.05021262127155557,7.27530858770158
2022,30,sweep: 15-min move > +2 sd,11009,-0.05799371905769252,-5.046354975659578,11009,-0.06078238937006769,-5.342009587897852
2022,30,sweep: 15-min move < -2 sd,12293,0.05230840740976439,4.90661153206805,12293,0.05681073381125057,5.31496738270855
2022,30,sweep: 5-min move > +2.5 sd,6196,-0.07436459530196488,-7.217562730628562,6196,-0.07411463286356085,-7.076234496644394
2022,30,sweep: 5-min move < -2.5 sd,6743,0.05443488426334342,5.602481312619495,6743,0.06053079276141404,6.083998150130051
2022,30,sweep: 15-min move > +2.5 sd,4221,-0.07065910633708933,-4.040718798393559,4221,-0.07654351150893562,-4.351907922990336
2022,30,sweep: 15-min move < -2.5 sd,4998,0.059281858671128895,3.946846210263498,4998,0.0615903127929428,4.0191978077244315
2022,30,sweep: 5-min move > +3 sd,3003,-0.09277868939386669,-6.573193007174396,3003,-0.09168783432037209,-6.348259401323451
2022,30,sweep: 5-min move < -3 sd,3280,0.05616158705283958,4.2313496398045025,3280,0.06238359972300267,4.510388626290573
2022,30,sweep: 15-min move > +3 sd,1545,-0.06934737927786555,-2.528209228785424,1545,-0.07315645063536402,-2.609468174873405
2022,30,sweep: 15-min move < -3 sd,1885,0.05678787856869827,2.47840475496714,1885,0.05793863496329843,2.4626841065484597
2022,30,sweep: 4h return > +25 bp,181493,-0.05993850532108724,-10.198156586107164,181493,-0.06091023957095698,-10.455361082134917
2022,30,sweep: 4h return < -25 bp,189076,0.057835204458073386,9.715573757182414,189076,0.058869351323012575,9.907864442396297
2022,30,sweep: 4h return > +50 bp,128110,-0.054942029502213,-8.178156221895911,128110,-0.05655254510379154,-8.516583309964142
2022,30,sweep: 4h return < -50 bp,136783,0.04971623223340693,7.349591856387684,136783,0.05049413392040364,7.500374409189658
2022,30,sweep: 4h return > +100 bp,70264,-0.03791363501792211,-4.834414379820052,70264,-0.04057476499296059,-5.286285938442234
2022,30,sweep: 4h return < -100 bp,78572,0.03803439807837028,4.615723633783706,78572,0.03810514080125327,4.6787804300946725
2022,30,sweep: taker buy share > 0.1 (15 min),56577,-0.01482976548939502,-2.4301242946013835,56577,-0.016833383976400662,-2.7815437243949406
2022,30,sweep: taker sell share > 0.1 (15 min),75423,0.015788322312828174,2.561108669535959,75423,0.016739692002206763,2.752400249531837
2022,30,sweep: taker buy share > 0.2 (15 min),13773,-0.011052872738112673,-0.9851489130827162,13773,-0.009771991922068679,-0.8812463030274262
2022,30,sweep: taker sell share > 0.2 (15 min),20420,0.029156716924380266,2.9583201146111557,20420,0.02817582394477669,2.8189744719102823
2022,30,sweep: taker buy share > 0.3 (15 min),3212,0.007882165426101984,0.4077622731791268,3212,0.012980263400675707,0.6916807595305029
2022,30,sweep: taker sell share > 0.3 (15 min),4993,0.02021621806090923,1.158389831981905,4993,0.024144485789589165,1.3452787490874136
2022,30,sweep: price > VWAP60 + 15 bp,121823,-0.048041267953621125,-9.26928697994577,121823,-0.05002415520289705,-9.733018509313853
2022,30,sweep: price < VWAP60 - 15 bp,123000,0.04114842302321342,7.38396082268812,123000,0.04375452161314447,7.943664853532625
2022,30,sweep: price > VWAP60 + 30 bp,55308,-0.04811887098439016,-6.92909235157119,55308,-0.0506500946160347,-7.374032263721126
2022,30,sweep: price < VWAP60 - 30 bp,58517,0.04029432638136232,5.428126152500943,58517,0.04269829071442088,5.827773752700253
2022,30,sweep: price > VWAP60 + 50 bp,22675,-0.054969051754991394,-5.151874174923168,22675,-0.05699970616934236,-5.365042392897862
2022,30,sweep: price < VWAP60 - 50 bp,25297,0.036604043367916284,3.458869586109974,25297,0.03901963396193925,3.689264696974603
2022,30,sweep: previous window up,262987,-0.03685558223281521,-11.291113926437074,262987,-0.04001011694675416,-12.178890317535757
2022,30,sweep: previous window down,262584,0.03685558223281521,11.291113926437097,262584,0.04001011694675416,12.178890317535869
2022,30,sweep: two windows up,125307,-0.043771944149459674,-11.05507144147844,125307,-0.04550377856618293,-11.390207046905534
2022,30,sweep: two windows down,124914,0.03943154758705414,9.260939850815515,124914,0.04132910251518829,9.944130480239066
2022,30,sweep: MACD hist > 0,263549,-0.014090697128630147,-4.525898106408637,263549,-0.016171762761530428,-5.136162324002933
2022,30,sweep: MACD hist < 0,262022,0.014090697128630147,4.525898106408633,262022,0.016171762761530428,5.136162324002942
2022,30,sweep: OBV rising,18543,-0.0549744479031945,-3.9582232855797495,18543,-0.05639502197398116,-4.061279260313061
2022,30,sweep: OBV falling,21963,0.06283735253294709,5.045019477366709,21963,0.06145368719633287,4.9227871406168395
2022,30,sweep: EMA9 > EMA21 + 10 bp,40120,-0.04035415362683992,-5.113257389106589,40120,-0.042582180464627306,-5.448113885287488
2022,30,sweep: EMA9 < EMA21 - 10 bp,43643,0.038001387179576906,4.886572298706682,43643,0.040568592013701166,5.20968893167624
2022,30,sweep: larger trades than usual (size5 > 1.2),64199,0.006987903957459074,1.2132664871807333,64199,0.00600305421976588,1.0345218107224778
2022,30,sweep: more trades than usual (nratio5 > 1.5),64704,0.0012788039173454724,0.20127660950323872,64704,0.0025573088065746763,0.40217740705736343
2023,1,price at 4h high (rangepos >= 0.98),6717,0.0030602530376965253,0.36212801660267685,6717,0.0,0.0
2023,1,price at 4h low (rangepos <= 0.02),4355,0.04708054974619991,5.95184266624308,4355,0.0,0.0
2023,1,upper quarter of 4h range,118748,-0.01725447152995907,-8.439125361526488,118748,0.0,0.0
2023,1,lower quarter of 4h range,96265,0.015637579646321398,6.75016674711889,96265,0.0,0.0
2023,1,last 5 min up more than 2 sd,15287,-0.03690195130349688,-7.686403785822277,15287,0.0,0.0
2023,1,last 5 min down more than 2 sd,14319,0.03358140519973252,7.301926355277972,14319,0.0,0.0
2023,1,last 15 min up more than 2 sd,13497,-0.04672750343886278,-8.861698667394121,13497,0.0,0.0
2023,1,last 15 min down more than 2 sd,11493,0.03851614575153617,7.712874520613705,11493,0.0,0.0
2023,1,4h return above +50 bp,93952,-0.026311802285854613,-10.660452388286181,93952,0.0,0.0
2023,1,4h return below -50 bp,81533,-0.0042184361744644905,-1.5457745152962337,81497,0.0,0.0
2023,1,previous window up,263508,-0.0035527438299340908,-2.088639740289881,263495,0.0,0.0
2023,1,previous window down,260513,0.0035527438299340908,2.0886397402899224,260453,0.0,0.0
2023,1,two windows up in a row,126322,-0.01251198719952562,-7.28449923906522,126312,0.0,0.0
2023,1,two windows down in a row,123333,0.0077530057728840696,4.090725668320494,123288,0.0,0.0
2023,1,three windows up in a row,58072,-0.016584628118473388,-7.59317192418099,58069,0.0,0.0
2023,1,three windows down in a row,55970,0.011909712242199944,4.612648879692265,55940,0.0,0.0
2023,1,RSI14 above 70,27167,-0.009649276134235607,-1.7780288843514302,27167,0.0,0.0
2023,1,RSI14 below 30,23881,0.03912666222227934,10.120420268195375,23881,0.0,0.0
2023,1,RSI60 above 65,5175,-0.04029557493822089,-3.8235356037401234,5175,0.0,0.0
2023,1,RSI60 below 35,3326,0.06223534717062584,5.562993835732977,3326,0.0,0.0
2023,1,MACD histogram positive,261083,0.0001423476085773423,0.07959759597775902,261074,0.0,0.0
2023,1,MACD histogram negative,262938,-0.0001423476085773423,-0.07959759597775945,262874,0.0,0.0
2023,1,above upper Bollinger band,27203,-0.019752012582622713,-5.745917456907004,27203,0.0,0.0
2023,1,below lower Bollinger band,27080,0.017875352024067315,4.672754834590849,27080,0.0,0.0
2023,1,EMA9 above EMA21 by 10 bp,18311,-0.05272374584100914,-12.882480262559996,18311,0.0,0.0
2023,1,EMA9 below EMA21 by 10 bp,16512,0.015836607208905673,3.9154346545131506,16512,0.0,0.0
2023,1,ADX14 above 30 (trending),164519,0.006534716817035324,3.107144808592207,164519,0.0,0.0
2023,1,ADX14 below 15 (ranging),61891,-0.0072936476420524254,-2.8401890732070707,61891,0.0,0.0
2023,1,taker buying 60 pct+ of last 15 min,34207,0.01496340811697272,3.534151480929452,34198,0.0,0.0
2023,1,taker selling 60 pct+ of last 15 min,70767,0.022734105328409582,9.533013704236232,70767,0.0,0.0
2023,1,volume last 5 min 3x the daily average,21530,-0.01336493110136261,-3.7132879629226316,21530,0.0,0.0
2023,1,trade count last 5 min 3x average,12752,-0.015668784629633392,-3.7032053285259927,12752,0.0,0.0
2023,1,OBV rising over 60 min,23185,-0.022852406174762363,-5.601520056303859,23180,0.0,0.0
2023,1,OBV falling over 60 min,23116,0.01687049650031347,4.497946033719231,23115,0.0,0.0
2023,1,price 30 bp+ above 60-min VWAP,25244,-0.054920034610647206,-15.201948563604038,25231,0.0,0.0
2023,1,price 30 bp+ below 60-min VWAP,21168,0.020273672825728672,5.38727121611339,21168,0.0,0.0
2023,1,high volatility (vol60 in top decile),14907,-0.015776275228542636,-4.418763328753823,14907,0.0,0.0
2023,1,low volatility (vol60 in bottom decile),165362,0.04512025312603485,13.677712962568574,165334,0.0,0.0
2023,1,weekend,150300,0.029222910271301306,6.764537077619787,150300,0.0,0.0
2023,1,US afternoon (14-17 UTC),87300,-0.012262798663914776,-5.750412745239569,87300,0.0,0.0
2023,1,Asia early (0-3 UTC),87360,-0.0016572689847338395,-0.7857475680655921,87360,0.0,0.0
2023,1,sweep: RSI14 < 20,4145,0.0438700641809352,5.438712536297391,4145,0.0,0.0
2023,1,sweep: RSI14 < 25,10153,0.04593248061982347,8.468470772626462,10153,0.0,0.0
2023,1,sweep: RSI14 < 30,23881,0.03912666222227934,10.120420268195375,23881,0.0,0.0
2023,1,sweep: RSI14 < 35,51894,0.028998447725102183,9.910438226653667,51894,0.0,0.0
2023,1,sweep: RSI14 > 65,56684,-0.0069205967371862576,-1.9238594159403666,56684,0.0,0.0
2023,1,sweep: RSI14 > 70,27167,-0.009649276134235607,-1.7780288843514302,27167,0.0,0.0
2023,1,sweep: RSI14 > 75,12281,-0.007260118684758177,-0.7985950526762017,12281,0.0,0.0
2023,1,sweep: RSI14 > 80,5138,-0.005911749330975047,-0.3994365853781023,5138,0.0,0.0
2023,1,sweep: RSI60 < 35,3326,0.06223534717062584,5.562993835732977,3326,0.0,0.0
2023,1,sweep: RSI60 < 40,16366,0.035432663403435094,6.825208985795602,16366,0.0,0.0
2023,1,sweep: RSI60 < 45,81807,0.018163851518999574,7.331604533573743,81807,0.0,0.0
2023,1,sweep: RSI60 > 55,90569,-0.02076520429024109,-8.348968165758132,90569,0.0,0.0
2023,1,sweep: RSI60 > 60,22092,-0.026865748015133584,-5.530199757064265,22092,0.0,0.0
2023,1,sweep: RSI60 > 65,5175,-0.04029557493822089,-3.8235356037401234,5175,0.0,0.0
2023,1,sweep: range position < 0.05,10347,0.03397834182887771,6.5856697619248274,10347,0.0,0.0
2023,1,sweep: range position > 0.95,15385,-0.009443986743386201,-1.7274823847051768,15385,0.0,0.0
2023,1,sweep: range position < 0.1,24348,0.019900503347128895,5.252930581927351,24348,0.0,0.0
2023,1,sweep: range position > 0.90,34937,-0.016719603369397373,-4.685923662415562,34937,0.0,0.0
2023,1,sweep: range position < 0.15,43688,0.017579550537833666,5.864696667468206,43688,0.0,0.0
2023,1,sweep: range position > 0.85,59846,-0.01798130128582065,-6.6046475396083455,59846,0.0,0.0
2023,1,sweep: 5-min move > +1.5 sd,33723,-0.024304399532015908,-7.071649867952468,33723,0.0,0.0
2023,1,sweep: 5-min move < -1.5 sd,32623,0.021302669653065265,6.5429433665801415,32623,0.0,0.0
2023,1,sweep: 15-min move > +1.5 sd,32362,-0.028406051319083248,-8.323768079833727,32362,0.0,0.0
2023,1,sweep: 15-min move < -1.5 sd,29751,0.02722722707426939,8.270052433144583,29751,0.0,0.0
2023,1,sweep: 5-min move > +2 sd,15287,-0.03690195130349688,-7.686403785822277,15287,0.0,0.0
2023,1,sweep: 5-min move < -2 sd,14319,0.03358140519973252,7.301926355277972,14319,0.0,0.0
2023,1,sweep: 15-min move > +2 sd,13497,-0.04672750343886278,-8.861698667394121,13497,0.0,0.0
2023,1,sweep: 15-min move < -2 sd,11493,0.03851614575153617,7.712874520613705,11493,0.0,0.0
2023,1,sweep: 5-min move > +2.5 sd,7190,-0.048316653542795684,-7.495977871304197,7190,0.0,0.0
2023,1,sweep: 5-min move < -2.5 sd,6506,0.048852399789805157,7.448011699352317,6506,0.0,0.0
2023,1,sweep: 15-min move > +2.5 sd,5291,-0.05885765674094867,-7.795221877056158,5291,0.0,0.0
2023,1,sweep: 15-min move < -2.5 sd,4261,0.05740216848409485,7.4627847846218325,4261,0.0,0.0
2023,1,sweep: 5-min move > +3 sd,3498,-0.06690534632237605,-7.225740742770894,3498,0.0,0.0
2023,1,sweep: 5-min move < -3 sd,3002,0.06349002882002919,7.042517245209707,3002,0.0,0.0
2023,1,sweep: 15-min move > +3 sd,1946,-0.06653363852312988,-5.982894793281713,1946,0.0,0.0
2023,1,sweep: 15-min move < -3 sd,1519,0.0566605641021779,4.5210914319510165,1519,0.0,0.0
2023,1,sweep: 4h return > +25 bp,156703,-0.022201729944247184,-10.157159855139229,156703,0.0,0.0
2023,1,sweep: 4h return < -25 bp,144355,-0.0037815358723838344,-1.5999753050225831,144288,0.0,0.0
2023,1,sweep: 4h return > +50 bp,93952,-0.026311802285854613,-10.660452388286181,93952,0.0,0.0
2023,1,sweep: 4h return < -50 bp,81533,-0.0042184361744644905,-1.5457745152962337,81497,0.0,0.0
2023,1,sweep: 4h return > +100 bp,42281,-0.027490355974056857,-9.196804708919359,42281,0.0,0.0
2023,1,sweep: 4h return < -100 bp,33860,-0.00867260681020754,-2.6031369175209877,33860,0.0,0.0
2023,1,sweep: taker buy share > 0.1 (15 min),87339,0.004539085402835541,1.7014665366446882,87326,0.0,0.0
2023,1,sweep: taker sell share > 0.1 (15 min),148899,0.020328040606674702,10.592086694240562,148899,0.0,0.0
2023,1,sweep: taker buy share > 0.2 (15 min),34207,0.01496340811697272,3.534151480929452,34198,0.0,0.0
2023,1,sweep: taker sell share > 0.2 (15 min),70767,0.022734105328409582,9.533013704236232,70767,0.0,0.0
2023,1,sweep: taker buy share > 0.3 (15 min),11361,0.03897050353734577,5.357310830329636,11355,0.0,0.0
2023,1,sweep: taker sell share > 0.3 (15 min),28799,0.028991387965420556,8.280536832080587,28799,0.0,0.0
2023,1,sweep: price > VWAP60 + 15 bp,77557,-0.04993186098397867,-19.57242394768128,77503,0.0,0.0
2023,1,sweep: price < VWAP60 - 15 bp,69101,0.011148583535763201,4.052537764208434,69101,0.0,0.0
2023,1,sweep: price > VWAP60 + 30 bp,25244,-0.054920034610647206,-15.201948563604038,25231,0.0,0.0
2023,1,sweep: price < VWAP60 - 30 bp,21168,0.020273672825728672,5.38727121611339,21168,0.0,0.0
2023,1,sweep: price > VWAP60 + 50 bp,8154,-0.0556749675101475,-10.731254281246184,8141,0.0,0.0
2023,1,sweep: price < VWAP60 - 50 bp,6615,0.024306136265796585,3.753251170382785,6615,0.0,0.0
2023,1,sweep: previous window up,263508,-0.0035527438299340908,-2.088639740289881,263495,0.0,0.0
2023,1,sweep: previous window down,260513,0.0035527438299340908,2.0886397402899224,260453,0.0,0.0
2023,1,sweep: two windows up,126322,-0.01251198719952562,-7.28449923906522,126312,0.0,0.0
2023,1,sweep: two windows down,123333,0.0077530057728840696,4.090725668320494,123288,0.0,0.0
2023,1,sweep: MACD hist > 0,261083,0.0001423476085773423,0.07959759597775902,261074,0.0,0.0
2023,1,sweep: MACD hist < 0,262938,-0.0001423476085773423,-0.07959759597775945,262874,0.0,0.0
2023,1,sweep: OBV rising,23185,-0.022852406174762363,-5.601520056303859,23180,0.0,0.0
2023,1,sweep: OBV falling,23116,0.01687049650031347,4.497946033719231,23115,0.0,0.0
2023,1,sweep: EMA9 > EMA21 + 10 bp,18311,-0.05272374584100914,-12.882480262559996,18311,0.0,0.0
2023,1,sweep: EMA9 < EMA21 - 10 bp,16512,0.015836607208905673,3.9154346545131506,16512,0.0,0.0
2023,1,sweep: larger trades than usual (size5 > 1.2),74649,-0.0055328784928480035,-2.420750526469288,74649,0.0,0.0
2023,1,sweep: more trades than usual (nratio5 > 1.5),65623,-0.01968850140297984,-8.150781913396719,65623,0.0,0.0
2023,3,price at 4h high (rangepos >= 0.98),6717,-0.03912886894247336,-4.182137307234235,6717,-0.055954131347391245,-7.429134402623707
2023,3,price at 4h low (rangepos <= 0.02),4355,0.05581484091690225,6.227458085214798,4355,0.054149871997985766,6.500394592928574
2023,3,upper quarter of 4h range,118748,-0.031121871653841393,-12.007995040705225,118748,-0.03170533709745238,-13.898429117262921
2023,3,lower quarter of 4h range,96265,0.035434895338295025,12.867291146014779,96265,0.03671894914384566,14.40010028894694
2023,3,last 5 min up more than 2 sd,15287,-0.046854797226611566,-8.286278232997981,15287,-0.060053187499158334,-10.634164692306642
2023,3,last 5 min down more than 2 sd,14319,0.06507835113814009,11.51994230389547,14319,0.07949039197830199,14.542498242855103
2023,3,last 15 min up more than 2 sd,13497,-0.048432743558382674,-7.407218595385732,13497,-0.061339695366558145,-10.557862741474718
2023,3,last 15 min down more than 2 sd,11493,0.0644208763141223,9.911402182828237,11493,0.06824889972825443,11.329646983852296
2023,3,4h return above +50 bp,93952,-0.018232185245806665,-6.193541662377183,93952,-0.011093021317474139,-4.356583989042123
2023,3,4h return below -50 bp,81531,0.01912251002452925,6.0545043448156655,81493,0.02273917068135639,7.955187603400106
2023,3,previous window up,263506,-0.020085516814951465,-9.024032858692307,263491,-0.02709213537827948,-13.253331039270886
2023,3,previous window down,260513,0.020085516814951465,9.024032858692312,260453,0.02709213537827948,13.253331039270822
2023,3,two windows up in a row,126320,-0.02846712146868685,-12.741859029395657,126310,-0.030111608820276914,-15.296801400656058
2023,3,two windows down in a row,123333,0.029120922593063647,12.897014476874444,123288,0.03447957283090575,16.506823780434914
2023,3,three windows up in a row,58072,-0.03303850268573594,-10.936584920703625,58069,-0.03134289979857657,-11.613608648321817
2023,3,three windows down in a row,55970,0.03654002048173055,12.225736347239451,55940,0.0396051232378718,13.686434653237574
2023,3,RSI14 above 70,27167,-0.03670347133298146,-6.568513626334067,27167,-0.05593191349010723,-12.106546979546517
2023,3,RSI14 below 30,23881,0.06407953602368655,11.800519509015,23881,0.06403507943812076,9.829244813473371
2023,3,RSI60 above 65,5175,-0.03857988757392544,-3.1340735727210305,5175,-0.056294332896932364,-5.6988945188044235
2023,3,RSI60 below 35,3326,0.07617422675286856,6.704283023922558,3326,0.07224134339607075,5.212992230478821
2023,3,MACD histogram positive,261081,-0.007906367644145318,-3.1937303273622657,261070,-0.014285366650125475,-6.431712372565374
2023,3,MACD histogram negative,262938,0.007906367644145318,3.1937303273622724,262874,0.014285366650125475,6.431712372565352
2023,3,above upper Bollinger band,27202,-0.03963458973383854,-9.522632807871902,27202,-0.05634908268808492,-13.983986383194367
2023,3,below lower Bollinger band,27080,0.04920760248748002,11.402228710992322,27080,0.06401067852073378,14.750397308692884
2023,3,EMA9 above EMA21 by 10 bp,18311,-0.041282827739211825,-7.456933976010075,18311,-0.03855936389431375,-8.187560643275866
2023,3,EMA9 below EMA21 by 10 bp,16512,0.0538755661022845,10.121311810014614,16512,0.0607062409232883,12.093025371658861
2023,3,ADX14 above 30 (trending),164519,0.005823846971067859,2.8217793759521235,164519,0.0013081869203603325,0.7174059472236437
2023,3,ADX14 below 15 (ranging),61891,-0.003850959018015687,-1.2601366205269673,61891,0.0004072789690154899,0.14753208148209612
2023,3,taker buying 60 pct+ of last 15 min,34207,-0.012530374483904705,-2.892024183892972,34198,-0.024584279557513578,-6.64946436852319
2023,3,taker selling 60 pct+ of last 15 min,70767,0.021904154107543317,6.84050024417076,70767,0.017691773625647333,5.383622126658101
2023,3,volume last 5 min 3x the daily average,21530,0.00975908606011755,2.1749251988138507,21530,0.013993744102220429,3.453352627260393
2023,3,trade count last 5 min 3x average,12752,0.010999217350158741,1.9665498195705324,12752,0.014242927834101748,2.763141587764015
2023,3,OBV rising over 60 min,23185,-0.03220289338061283,-6.399243934069565,23180,-0.035510441684450444,-7.9775762100390235
2023,3,OBV falling over 60 min,23116,0.037490118076033085,7.623574892824078,23115,0.04325861103212353,9.280429695467605
2023,3,price 30 bp+ above 60-min VWAP,25244,-0.04912975388974106,-10.58266726760957,25231,-0.05109043245980682,-11.942478532256054
2023,3,price 30 bp+ below 60-min VWAP,21168,0.06267005810645476,13.57674078787345,21168,0.07035179459152985,15.714589372180185
2023,3,high volatility (vol60 in top decile),14907,0.007131344871366019,1.3802145821768725,14907,0.008485543535880935,1.8122479460802998
2023,3,low volatility (vol60 in bottom decile),165362,0.010814037739261262,4.211844012075743,165334,-0.0046054837790746594,-2.245607181697897
2023,3,weekend,150298,0.011216013539170122,4.083936105537837,150298,0.00015383681893932355,0.06752385530096543
2023,3,US afternoon (14-17 UTC),87300,-0.0022723620382349985,-0.8956952464883008,87300,0.0016105738832559169,0.7083568155526271
2023,3,Asia early (0-3 UTC),87360,-0.001287811412753026,-0.5036831145309474,87360,-0.000904564543348807,-0.3932643728655723
2023,3,sweep: RSI14 < 20,4145,0.05143742517585903,3.6201052714666084,4145,0.05032369209077059,2.77956284934298
2023,3,sweep: RSI14 < 25,10153,0.06523707301023995,7.333575248951661,10153,0.06143700965144361,5.594357524312539
2023,3,sweep: RSI14 < 30,23881,0.06407953602368655,11.800519509015,23881,0.06403507943812076,9.829244813473371
2023,3,sweep: RSI14 < 35,51894,0.05063000722466182,13.723438742698914,51894,0.0550215859468316,13.659212868411895
2023,3,sweep: RSI14 > 65,56684,-0.035256227301523,-8.879752776901757,56684,-0.051063011391308255,-15.153905622797529
2023,3,sweep: RSI14 > 70,27167,-0.03670347133298146,-6.568513626334067,27167,-0.05593191349010723,-12.106546979546517
2023,3,sweep: RSI14 > 75,12281,-0.041053199027645815,-4.706583568734725,12281,-0.0643799406328815,-9.646316869879948
2023,3,sweep: RSI14 > 80,5138,-0.04381626125715998,-2.8606712482391052,5138,-0.07172945993741925,-6.189461045580659
2023,3,sweep: RSI60 < 35,3326,0.07617422675286856,6.704283023922558,3326,0.07224134339607075,5.212992230478821
2023,3,sweep: RSI60 < 40,16366,0.06191051605745346,10.703920509561195,16366,0.06489184298911371,10.669114831000451
2023,3,sweep: RSI60 < 45,81807,0.044231791787600505,14.82836096001625,81807,0.047451189608586075,16.974589436098952
2023,3,sweep: RSI60 > 55,90569,-0.03516873120208658,-11.731971148927645,90569,-0.04192254419398772,-16.54451741526621
2023,3,sweep: RSI60 > 60,22092,-0.03565341574441194,-6.509737317349638,22092,-0.04604365203150651,-9.805977313507986
2023,3,sweep: RSI60 > 65,5175,-0.03857988757392544,-3.1340735727210305,5175,-0.056294332896932364,-5.6988945188044235
2023,3,sweep: range position < 0.05,10347,0.06153813792096863,10.000015254781953,10347,0.06523035365485258,10.901509717644453
2023,3,sweep: range position > 0.95,15385,-0.037972778488745695,-6.0787887140171755,15385,-0.051380999664256854,-9.739610880571144
2023,3,sweep: range position < 0.1,24348,0.04986839201209681,10.664031627643487,24348,0.05465265910212774,12.897788625949211
2023,3,sweep: range position > 0.90,34937,-0.03982954477076772,-9.471834827120945,34937,-0.04816812764002798,-13.329535846503708
2023,3,sweep: range position < 0.15,43688,0.045562216702202396,12.524327900528142,43688,0.050207647754195395,14.992475777037521
2023,3,sweep: range position > 0.85,59846,-0.03481135055641471,-10.560651766368482,59846,-0.038586901256836614,-13.24445690551583
2023,3,sweep: 5-min move > +1.5 sd,33723,-0.039275878744668535,-9.554605883111378,33723,-0.0500176402576929,-12.396328143937161
2023,3,sweep: 5-min move < -1.5 sd,32623,0.048948265271459346,12.08130334768653,32623,0.060612217530010615,16.14352226364086
2023,3,sweep: 15-min move > +1.5 sd,32362,-0.03705933793693028,-8.262036557040034,32362,-0.04588355026971941,-11.448790859102212
2023,3,sweep: 15-min move < -1.5 sd,29751,0.051368801999566616,12.741913319895552,29751,0.05471216052023198,13.78039770623841
2023,3,sweep: 5-min move > +2 sd,15287,-0.046854797226611566,-8.286278232997981,15287,-0.060053187499158334,-10.634164692306642
2023,3,sweep: 5-min move < -2 sd,14319,0.06507835113814009,11.51994230389547,14319,0.07949039197830199,14.542498242855103
2023,3,sweep: 15-min move > +2 sd,13497,-0.048432743558382674,-7.407218595385732,13497,-0.061339695366558145,-10.557862741474718
2023,3,sweep: 15-min move < -2 sd,11493,0.0644208763141223,9.911402182828237,11493,0.06824889972825443,11.329646983852296
2023,3,sweep: 5-min move > +2.5 sd,7190,-0.05404705716792274,-6.654431429184527,7190,-0.06947966132205075,-8.95893014769532
2023,3,sweep: 5-min move < -2.5 sd,6506,0.0856803593640254,10.981386612956792,6506,0.09938251279694316,12.879201768218216
2023,3,sweep: 15-min move > +2.5 sd,5291,-0.060999622993577474,-6.163527985192393,5291,-0.08333815919041493,-9.416766648047274
2023,3,sweep: 15-min move < -2.5 sd,4261,0.07375406973537102,7.429212966701485,4261,0.07995033798479884,8.258710538845556
2023,3,sweep: 5-min move > +3 sd,3498,-0.06632469269978003,-6.1169346060341345,3498,-0.08643044441451453,-8.259667455657539
2023,3,sweep: 5-min move < -3 sd,3002,0.10587386581251146,9.092145028791132,3002,0.11654760857023899,10.435312626104736
2023,3,sweep: 15-min move > +3 sd,1946,-0.06736465439660655,-4.202244698437644,1946,-0.08135647800913198,-5.706192142800075
2023,3,sweep: 15-min move < -3 sd,1519,0.08113078674902585,4.741540916134109,1519,0.09634836503174937,5.850553568606535
2023,3,sweep: 4h return > +25 bp,156703,-0.01928249027143869,-7.922382683647118,156703,-0.013178039429466049,-6.1088779715765416
2023,3,sweep: 4h return < -25 bp,144353,0.017375903589279096,7.04193963221827,144284,0.02065738492802871,9.448512835034805
2023,3,sweep: 4h return > +50 bp,93952,-0.018232185245806665,-6.193541662377183,93952,-0.011093021317474139,-4.356583989042123
2023,3,sweep: 4h return < -50 bp,81531,0.01912251002452925,6.0545043448156655,81493,0.02273917068135639,7.955187603400106
2023,3,sweep: 4h return > +100 bp,42281,-0.010344692538375,-2.6051997354152223,42281,-0.005901805065719412,-1.7276632867379418
2023,3,sweep: 4h return < -100 bp,33860,0.009828187470255045,2.5622463562931554,33860,0.01746882110492548,4.814940886823482
2023,3,sweep: taker buy share > 0.1 (15 min),87339,-0.01659887648303693,-5.704486334874933,87324,-0.023125372177179193,-9.288812690029923
2023,3,sweep: taker sell share > 0.1 (15 min),148899,0.021367213626972692,9.312211957911458,148899,0.020561468123727777,9.016138798244398
2023,3,sweep: taker buy share > 0.2 (15 min),34207,-0.012530374483904705,-2.892024183892972,34198,-0.024584279557513578,-6.64946436852319
2023,3,sweep: taker sell share > 0.2 (15 min),70767,0.021904154107543317,6.84050024417076,70767,0.017691773625647333,5.383622126658101
2023,3,sweep: taker buy share > 0.3 (15 min),11361,0.004055304745825716,0.4983317138795614,11355,-0.015012217886636814,-2.11918328158262
2023,3,sweep: taker sell share > 0.3 (15 min),28799,0.022088320565306407,4.64989603340232,28799,0.0132889185197686,2.511060631211465
2023,3,sweep: price > VWAP60 + 15 bp,77557,-0.047696689389675084,-16.554657277770268,77501,-0.04665009032742823,-18.057432310041975
2023,3,sweep: price < VWAP60 - 15 bp,69101,0.047132170449944666,15.579701260382455,69101,0.055870252394648434,21.749452347968074
2023,3,sweep: price > VWAP60 + 30 bp,25244,-0.04912975388974106,-10.58266726760957,25231,-0.05109043245980682,-11.942478532256054
2023,3,sweep: price < VWAP60 - 30 bp,21168,0.06267005810645476,13.57674078787345,21168,0.07035179459152985,15.714589372180185
2023,3,sweep: price > VWAP60 + 50 bp,8154,-0.04871061170202656,-6.447475651726659,8141,-0.053098841184829326,-7.892268310762955
2023,3,sweep: price < VWAP60 - 50 bp,6615,0.06648607821313979,8.32427172365322,6615,0.07303284664847615,9.161347790071073
2023,3,sweep: previous window up,263506,-0.020085516814951465,-9.024032858692307,263491,-0.02709213537827948,-13.253331039270886
2023,3,sweep: previous window down,260513,0.020085516814951465,9.024032858692312,260453,0.02709213537827948,13.253331039270822
2023,3,sweep: two windows up,126320,-0.02846712146868685,-12.741859029395657,126310,-0.030111608820276914,-15.296801400656058
2023,3,sweep: two windows down,123333,0.029120922593063647,12.897014476874444,123288,0.03447957283090575,16.506823780434914
2023,3,sweep: MACD hist > 0,261081,-0.007906367644145318,-3.1937303273622657,261070,-0.014285366650125475,-6.431712372565374
2023,3,sweep: MACD hist < 0,262938,0.007906367644145318,3.1937303273622724,262874,0.014285366650125475,6.431712372565352
2023,3,sweep: OBV rising,23185,-0.03220289338061283,-6.399243934069565,23180,-0.035510441684450444,-7.9775762100390235
2023,3,sweep: OBV falling,23116,0.037490118076033085,7.623574892824078,23115,0.04325861103212353,9.280429695467605
2023,3,sweep: EMA9 > EMA21 + 10 bp,18311,-0.041282827739211825,-7.456933976010075,18311,-0.03855936389431375,-8.187560643275866
2023,3,sweep: EMA9 < EMA21 - 10 bp,16512,0.0538755661022845,10.121311810014614,16512,0.0607062409232883,12.093025371658861
2023,3,sweep: larger trades than usual (size5 > 1.2),74649,0.0008531919502773322,0.2982102213927843,74649,0.0007409763550145776,0.292269518895707
2023,3,sweep: more trades than usual (nratio5 > 1.5),65623,0.002834581261497715,1.0395821964189291,65623,0.007627122154140187,3.1299249709512336
2023,5,price at 4h high (rangepos >= 0.98),6717,-0.053208742868205705,-5.471950438593439,6717,-0.07052073324975311,-7.696277621597721
2023,5,price at 4h low (rangepos <= 0.02),4355,0.08138569059555767,8.513125343559533,4355,0.07880623663411845,8.3117904738367
2023,5,upper quarter of 4h range,118748,-0.04097820261324314,-13.252358807068903,118748,-0.04156975417945946,-14.58661063542821
2023,5,lower quarter of 4h range,96265,0.04684712209131664,13.909204192738041,96265,0.046809694883461206,14.576601164823611
2023,5,last 5 min up more than 2 sd,15287,-0.05095550996665016,-8.267598772028224,15286,-0.061126683241890856,-9.940169846946766
2023,5,last 5 min down more than 2 sd,14319,0.07014734294084479,11.237604912701673,14319,0.07936792783028035,12.84255163153297
2023,5,last 15 min up more than 2 sd,13497,-0.04984414834893769,-6.829156897101394,13497,-0.05695070204619118,-8.494825887245506
2023,5,last 15 min down more than 2 sd,11493,0.07182051931547162,9.710187117627301,11493,0.07849454583030724,11.171729064071428
2023,5,4h return above +50 bp,93952,-0.01791182636620481,-5.141120751133613,93952,-0.015426160806109812,-4.725090618945949
2023,5,4h return below -50 bp,81529,0.032458734330997496,8.725206487648936,81491,0.03381838359298256,9.707365274669955
2023,5,previous window up,263504,-0.0275746475407202,-10.886349929816749,263487,-0.03362473177184533,-14.180369597887545
2023,5,previous window down,260513,0.0275746475407202,10.88634992981676,260453,0.03362473177184533,14.180369597887534
2023,5,two windows up in a row,126318,-0.03556361425057997,-14.096805789323483,126308,-0.0369442648026751,-14.962390511997338
2023,5,two windows down in a row,123333,0.038493212448701464,14.708860493163407,123288,0.041504471357135864,16.729141977580976
2023,5,three windows up in a row,58072,-0.04352553825546168,-12.77274670754085,58069,-0.04331570221799402,-13.328680397521179
2023,5,three windows down in a row,55970,0.04628098862081731,13.530641948598628,55940,0.046079012464514846,14.21857566586428
2023,5,RSI14 above 70,27167,-0.05035578430563015,-8.816065037623376,27167,-0.06310916965008645,-12.227265885670702
2023,5,RSI14 below 30,23881,0.07073553511136854,11.279973299723652,23881,0.07126536892020974,10.408496998890978
2023,5,RSI60 above 65,5175,-0.0523216392685108,-3.7917385268857244,5175,-0.05920792651778739,-4.7167164641271295
2023,5,RSI60 below 35,3326,0.08607881145884633,5.654532240793485,3326,0.08563404599778501,5.626166796451645
2023,5,MACD histogram positive,261081,-0.007551003614043483,-2.623962535376439,261068,-0.014075095673191207,-5.222927838432928
2023,5,MACD histogram negative,262936,0.007551003614043483,2.6239625353764446,262872,0.014075095673191207,5.222927838432929
2023,5,above upper Bollinger band,27202,-0.051017794467588196,-11.402132372342196,27201,-0.06536395978779325,-14.799268479213458
2023,5,below lower Bollinger band,27080,0.05201548719954752,10.742095344581923,27080,0.0635541852761487,13.377783135563055
2023,5,EMA9 above EMA21 by 10 bp,18311,-0.04291929754374013,-6.215197903931761,18311,-0.04164881314520047,-6.590492060116477
2023,5,EMA9 below EMA21 by 10 bp,16512,0.07728508603306228,11.536498976117787,16512,0.07793467198966575,12.757358350567664
2023,5,ADX14 above 30 (trending),164519,0.006550384110430629,2.770796546671952,164519,0.004419497932173999,1.9310621108473496
2023,5,ADX14 below 15 (ranging),61891,-0.0038048643350792055,-1.031878427164047,61890,-0.0010087114669429242,-0.2871102402835604
2023,5,taker buying 60 pct+ of last 15 min,34207,-0.02341977485484875,-4.521333500494008,34198,-0.03055957011772692,-6.5224589012618495
2023,5,taker selling 60 pct+ of last 15 min,70767,0.026067253091180742,7.122118731121879,70767,0.027018885535634807,7.278421133697798
2023,5,volume last 5 min 3x the daily average,21530,0.01981141399520403,4.240506518371335,21530,0.019605313813337077,4.129406756820617
2023,5,trade count last 5 min 3x average,12752,0.020442054992855452,3.2704508764509423,12752,0.022199909161338627,3.658742820620645
2023,5,OBV rising over 60 min,23185,-0.03997032560850877,-6.644449141747193,23180,-0.04178433595430203,-7.500437646079288
2023,5,OBV falling over 60 min,23116,0.04612048925178924,7.768695218972644,23115,0.04864972794888439,8.28990065720345
2023,5,price 30 bp+ above 60-min VWAP,25244,-0.05660912160489057,-9.969146765300708,25231,-0.05715030959253109,-10.796569590656874
2023,5,price 30 bp+ below 60-min VWAP,21168,0.08367069938137994,14.269618251423482,21168,0.08475048270408503,16.082236117959155
2023,5,high volatility (vol60 in top decile),14907,0.015288770459740086,2.3573506444085854,14907,0.014580994195043329,2.4867442520571106
2023,5,low volatility (vol60 in bottom decile),165362,0.0003723519123123298,0.13681886494112705,165334,-0.005005511440014709,-2.017108400999281
2023,5,weekend,150296,0.005867312684466608,2.125512871232327,150296,0.00044009182447779516,0.17048835718814634
2023,5,US afternoon (14-17 UTC),87300,-0.0019117608544275688,-0.6497642736931631,87300,0.00021372098167538045,0.07489080208033179
2023,5,Asia early (0-3 UTC),87360,-0.002875899270180171,-0.9623802236509102,87360,0.0008025804383287038,0.28042877118450965
2023,5,sweep: RSI14 < 20,4145,0.051895602547502806,3.091254030771867,4145,0.05733896601693367,3.0076475391839836
2023,5,sweep: RSI14 < 25,10153,0.06500206823457799,6.250343788103747,10153,0.06680872855840359,5.732572481596328
2023,5,sweep: RSI14 < 30,23881,0.07073553511136854,11.279973299723652,23881,0.07126536892020974,10.408496998890978
2023,5,sweep: RSI14 < 35,51894,0.05972566679838892,13.858374682034569,51894,0.0633088701625078,14.578798772091917
2023,5,sweep: RSI14 > 65,56684,-0.048038170417096904,-11.43126933483227,56683,-0.05757810312205319,-15.065755069008066
2023,5,sweep: RSI14 > 70,27167,-0.05035578430563015,-8.816065037623376,27167,-0.06310916965008645,-12.227265885670702
2023,5,sweep: RSI14 > 75,12281,-0.05929290601195214,-6.726513822730181,12281,-0.07173328546752855,-9.062238926602761
2023,5,sweep: RSI14 > 80,5138,-0.05905096892971018,-3.8307790852591905,5138,-0.08035139641239136,-5.762529405227829
2023,5,sweep: RSI60 < 35,3326,0.08607881145884633,5.654532240793485,3326,0.08563404599778501,5.626166796451645
2023,5,sweep: RSI60 < 40,16366,0.08127206531241249,10.87183972741628,16366,0.08083419091300448,10.929878346027298
2023,5,sweep: RSI60 < 45,81807,0.057758338460928926,16.326401008087604,81807,0.05886379373768913,17.716026852914897
2023,5,sweep: RSI60 > 55,90569,-0.04859964077895723,-13.881361729032982,90569,-0.04976191869645308,-15.373581007315408
2023,5,sweep: RSI60 > 60,22092,-0.04883780993780501,-7.667492055392623,22092,-0.0538940226118545,-9.290144930730785
2023,5,sweep: RSI60 > 65,5175,-0.0523216392685108,-3.7917385268857244,5175,-0.05920792651778739,-4.7167164641271295
2023,5,sweep: range position < 0.05,10347,0.07861147739126761,10.770242715666985,10347,0.08092125067879496,11.206262768111259
2023,5,sweep: range position > 0.95,15385,-0.054955057895442694,-8.287286946965269,15385,-0.06521225152556881,-10.06411386040476
2023,5,sweep: range position < 0.1,24348,0.06451019531723168,11.570483184687937,24348,0.0678325233449637,12.578301353797109
2023,5,sweep: range position > 0.90,34937,-0.05238060874714867,-10.834571944051,34937,-0.05973854929775785,-13.2644648898805
2023,5,sweep: range position < 0.15,43688,0.05968904720756374,13.267057624235536,43688,0.06368300419365841,14.603243203766736
2023,5,sweep: range position > 0.85,59846,-0.04765494889360339,-11.903880203188303,59846,-0.05034425475050619,-13.680543707597813
2023,5,sweep: 5-min move > +1.5 sd,33723,-0.044551139140719564,-10.129870928932002,33721,-0.053829572986994645,-12.198739049094932
2023,5,sweep: 5-min move < -1.5 sd,32623,0.05200995218634252,11.707019516003704,32623,0.0645254801819084,14.62511781816375
2023,5,sweep: 15-min move > +1.5 sd,32362,-0.04440445589763814,-8.814573646649622,32360,-0.0519410544772988,-11.008200100038064
2023,5,sweep: 15-min move < -1.5 sd,29751,0.06259832925496778,13.291541732458242,29751,0.06770742944131325,15.485803062736332
2023,5,sweep: 5-min move > +2 sd,15287,-0.05095550996665016,-8.267598772028224,15286,-0.061126683241890856,-9.940169846946766
2023,5,sweep: 5-min move < -2 sd,14319,0.07014734294084479,11.237604912701673,14319,0.07936792783028035,12.84255163153297
2023,5,sweep: 15-min move > +2 sd,13497,-0.04984414834893769,-6.829156897101394,13497,-0.05695070204619118,-8.494825887245506
2023,5,sweep: 15-min move < -2 sd,11493,0.07182051931547162,9.710187117627301,11493,0.07849454583030724,11.171729064071428
2023,5,sweep: 5-min move > +2.5 sd,7190,-0.059704687057053174,-7.026589243610266,7190,-0.0696778773399867,-8.116127413782838
2023,5,sweep: 5-min move < -2.5 sd,6506,0.08833921713753223,9.93456871266502,6506,0.0968572522774811,10.696995216091123
2023,5,sweep: 15-min move > +2.5 sd,5291,-0.064456695126837,-5.655450205856093,5291,-0.07324360547638725,-7.126742088051862
2023,5,sweep: 15-min move < -2.5 sd,4261,0.08208009737871347,7.231913346596057,4261,0.09217085125336144,8.220033711832155
2023,5,sweep: 5-min move > +3 sd,3498,-0.06943718192529114,-5.567037823814143,3498,-0.07867006693428757,-6.5257046075974205
2023,5,sweep: 5-min move < -3 sd,3002,0.1044944730473214,8.537146065421362,3002,0.11079190906208547,8.996004332053248
2023,5,sweep: 15-min move > +3 sd,1946,-0.07143429611881175,-4.080287618017627,1946,-0.08102514249641052,-4.837675416768575
2023,5,sweep: 15-min move < -3 sd,1519,0.0732003961090032,3.7371094070856405,1519,0.09065650704663053,4.473584498549269
2023,5,sweep: 4h return > +25 bp,156703,-0.023320336212015236,-8.12394901410258,156703,-0.020264816303347366,-7.4371089663539385
2023,5,sweep: 4h return < -25 bp,144351,0.029538790127435877,10.46505262755664,144280,0.03072067158684183,11.239186515769001
2023,5,sweep: 4h return > +50 bp,93952,-0.01791182636620481,-5.141120751133613,93952,-0.015426160806109812,-4.725090618945949
2023,5,sweep: 4h return < -50 bp,81529,0.032458734330997496,8.725206487648936,81491,0.03381838359298256,9.707365274669955
2023,5,sweep: 4h return > +100 bp,42281,-0.012762446576161046,-2.5742838771524985,42281,-0.010917406679500308,-2.3789792292011906
2023,5,sweep: 4h return < -100 bp,33860,0.022644236037244636,4.536666898086415,33860,0.024275466965722248,5.3664972433197295
2023,5,sweep: taker buy share > 0.1 (15 min),87339,-0.022735865147879175,-7.023308872536361,87322,-0.028027177160202033,-9.369183544566708
2023,5,sweep: taker sell share > 0.1 (15 min),148899,0.02633945656386033,9.342160025059338,148899,0.027552224949825843,10.05992898527989
2023,5,sweep: taker buy share > 0.2 (15 min),34207,-0.02341977485484875,-4.521333500494008,34198,-0.03055957011772692,-6.5224589012618495
2023,5,sweep: taker sell share > 0.2 (15 min),70767,0.026067253091180742,7.122118731121879,70767,0.027018885535634807,7.278421133697798
2023,5,sweep: taker buy share > 0.3 (15 min),11361,-0.01755284369321275,-1.9007955115086566,11355,-0.027758008169082526,-3.2708218663677497
2023,5,sweep: taker sell share > 0.3 (15 min),28799,0.02115585471673731,3.861240109169059,28799,0.020501970255698665,3.4952373852568814
2023,5,sweep: price > VWAP60 + 15 bp,77557,-0.0521209874567265,-15.489259805722435,77499,-0.050462955592870895,-15.877925277896376
2023,5,sweep: price < VWAP60 - 15 bp,69101,0.060192108004602174,17.53817743297613,69101,0.06420162074553454,20.044411929619713
2023,5,sweep: price > VWAP60 + 30 bp,25244,-0.05660912160489057,-9.969146765300708,25231,-0.05715030959253109,-10.796569590656874
2023,5,sweep: price < VWAP60 - 30 bp,21168,0.08367069938137994,14.269618251423482,21168,0.08475048270408503,16.082236117959155
2023,5,sweep: price > VWAP60 + 50 bp,8154,-0.05476370550666482,-5.8594598623550755,8141,-0.056598304001795996,-6.137051120240637
2023,5,sweep: price < VWAP60 - 50 bp,6615,0.08935526455752507,9.212113187483707,6615,0.08843311530597087,10.012958376593764
2023,5,sweep: previous window up,263504,-0.0275746475407202,-10.886349929816749,263487,-0.03362473177184533,-14.180369597887545
2023,5,sweep: previous window down,260513,0.0275746475407202,10.88634992981676,260453,0.03362473177184533,14.180369597887534
2023,5,sweep: two windows up,126318,-0.03556361425057997,-14.096805789323483,126308,-0.0369442648026751,-14.962390511997338
2023,5,sweep: two windows down,123333,0.038493212448701464,14.708860493163407,123288,0.041504471357135864,16.729141977580976
2023,5,sweep: MACD hist > 0,261081,-0.007551003614043483,-2.623962535376439,261068,-0.014075095673191207,-5.222927838432928
2023,5,sweep: MACD hist < 0,262936,0.007551003614043483,2.6239625353764446,262872,0.014075095673191207,5.222927838432929
2023,5,sweep: OBV rising,23185,-0.03997032560850877,-6.644449141747193,23180,-0.04178433595430203,-7.500437646079288
2023,5,sweep: OBV falling,23116,0.04612048925178924,7.768695218972644,23115,0.04864972794888439,8.28990065720345
2023,5,sweep: EMA9 > EMA21 + 10 bp,18311,-0.04291929754374013,-6.215197903931761,18311,-0.04164881314520047,-6.590492060116477
2023,5,sweep: EMA9 < EMA21 - 10 bp,16512,0.07728508603306228,11.536498976117787,16512,0.07793467198966575,12.757358350567664
2023,5,sweep: larger trades than usual (size5 > 1.2),74649,0.0036028121855784523,1.0867355831258048,74649,0.0021032141834280704,0.67017653732032
2023,5,sweep: more trades than usual (nratio5 > 1.5),65623,0.01026103942431933,3.4956304525242525,65623,0.014573966544245698,5.035797237651105
2023,10,price at 4h high (rangepos >= 0.98),6717,-0.06720994983318579,-6.232656584267961,6717,-0.07972015020837558,-7.964936955215098
2023,10,price at 4h low (rangepos <= 0.02),4355,0.09112182530839075,7.835660931368753,4355,0.10750007913493287,9.507679299687368
2023,10,upper quarter of 4h range,118748,-0.05052930299188774,-12.704330016839199,118748,-0.05255182105515499,-13.65564270058069
2023,10,lower quarter of 4h range,96265,0.057005990872959655,13.041956441910235,96262,0.06024861977823359,14.161649392707622
2023,10,last 5 min up more than 2 sd,15287,-0.034636544866167907,-5.4164309391028445,15286,-0.0446079024500351,-6.9481238974245265
2023,10,last 5 min down more than 2 sd,14319,0.0520349390574919,8.319694353502225,14319,0.0667423824842619,10.915943281695347
2023,10,last 15 min up more than 2 sd,13497,-0.04046358456484178,-4.9103178147931805,13497,-0.04829108040270669,-6.039016328892722
2023,10,last 15 min down more than 2 sd,11493,0.07239041050620065,8.72914374069953,11493,0.08463691249914196,10.32990090831981
2023,10,4h return above +50 bp,93952,-0.020568017107681913,-4.480650475463443,93952,-0.020728428135994348,-4.683092404741274
2023,10,4h return below -50 bp,81524,0.04283025894363124,8.508357995647309,81481,0.04322748328203596,8.98585989135579
2023,10,previous window up,263501,-0.03544937251807062,-12.156877609305292,263481,-0.04090260075519736,-14.596989831052593
2023,10,previous window down,260511,0.03544937251807062,12.156877609305278,260449,0.04090260075519736,14.596989831052623
2023,10,two windows up in a row,126315,-0.046110990439998334,-15.038886229840566,126304,-0.049028488473248866,-16.28029437529601
2023,10,two windows down in a row,123333,0.04401807939212399,13.364530624946681,123288,0.049089122379708305,15.373193990363474
2023,10,three windows up in a row,58072,-0.054868080513279294,-13.241292189316129,58069,-0.05759024974290661,-13.85246447955602
2023,10,three windows down in a row,55970,0.053508753958230015,12.222126687130936,55940,0.058015025393706565,13.761584507297353
2023,10,RSI14 above 70,27167,-0.053392531788161,-8.894372894620119,27167,-0.062473474216606595,-10.60994555349612
2023,10,RSI14 below 30,23881,0.06539318322065968,9.95086976061089,23881,0.07333739331316147,10.734647497752848
2023,10,RSI60 above 65,5175,-0.04872395963178855,-3.110039684180361,5175,-0.052530619924878674,-3.549278024024391
2023,10,RSI60 below 35,3326,0.07172567077999914,4.2576352191009015,3326,0.08323387017511785,5.011328129751363
2023,10,MACD histogram positive,261078,-0.007235692150598716,-2.184800929378542,261061,-0.010560438401943095,-3.3355338817567217
2023,10,MACD histogram negative,262934,0.007235692150598716,2.18480092937854,262869,0.010560438401943095,3.3355338817567035
2023,10,above upper Bollinger band,27202,-0.041099412250304,-8.520706069199173,27201,-0.05569683574107104,-11.453763187722807
2023,10,below lower Bollinger band,27080,0.04558019945392311,10.102895472720492,27080,0.05757915339311226,12.684949747143822
2023,10,EMA9 above EMA21 by 10 bp,18311,-0.04492184848675429,-5.136434283514038,18311,-0.04465745879432731,-5.2733276636948885
2023,10,EMA9 below EMA21 by 10 bp,16512,0.08339870260052695,9.609957039698925,16512,0.09185353088020243,11.157980099142168
2023,10,ADX14 above 30 (trending),164519,0.006739878742850758,1.9894498322491208,164519,0.007220345567906961,2.1901085289598106
2023,10,ADX14 below 15 (ranging),61891,0.002976082014465753,0.6228989388692724,61885,0.00028345379594196807,0.06084817185570189
2023,10,taker buying 60 pct+ of last 15 min,34207,-0.030954354243112936,-4.900868264373193,34198,-0.03485414975414264,-5.740554130160395
2023,10,taker selling 60 pct+ of last 15 min,70767,0.02760766848214191,6.189606803819323,70767,0.0306540996761252,6.937147762109463
2023,10,volume last 5 min 3x the daily average,21530,0.018461339794998533,2.974721113349746,21530,0.020047333412716917,3.402010552682165
2023,10,trade count last 5 min 3x average,12752,0.0194774089020896,2.493267855640449,12752,0.023198274605049862,3.082325947089056
2023,10,OBV rising over 60 min,23185,-0.046157149712503676,-5.978056162590068,23180,-0.0476664304664659,-6.411722025885769
2023,10,OBV falling over 60 min,23116,0.050911951800715394,6.392336420905177,23115,0.05619990270282971,7.384303702244687
2023,10,price 30 bp+ above 60-min VWAP,25244,-0.055157753737692716,-8.142105654101139,25231,-0.058673880486925956,-8.877461160322316
2023,10,price 30 bp+ below 60-min VWAP,21168,0.08741006852193278,11.134195150908825,21168,0.09695370550854854,12.784384702071925
2023,10,high volatility (vol60 in top decile),14907,0.020813332015966246,2.41542688966591,14907,0.020514188688236734,2.4516417593039677
2023,10,low volatility (vol60 in bottom decile),165362,-0.003517234121585444,-1.0058136366575867,165334,-0.005638318307006784,-1.7126376347428063
2023,10,weekend,150291,0.0026414219687210805,0.7801042444321212,150291,0.00035856580846749253,0.10871089915401022
2023,10,US afternoon (14-17 UTC),87300,-0.0003577586142679001,-0.08531091789989295,87300,-0.0007203671439686143,-0.17841144974478154
2023,10,Asia early (0-3 UTC),87360,-0.0046604657579472075,-1.125830785336783,87360,-0.0054078985776652155,-1.347562379982645
2023,10,sweep: RSI14 < 20,4145,0.05212654615523671,2.807490091450136,4145,0.06593791510693858,3.3648222543093893
2023,10,sweep: RSI14 < 25,10153,0.06076110316721184,5.775362390759417,10153,0.07081008209650452,6.364859270137738
2023,10,sweep: RSI14 < 30,23881,0.06539318322065968,9.95086976061089,23881,0.07333739331316147,10.734647497752848
2023,10,sweep: RSI14 < 35,51894,0.059221166519878965,13.367453862523519,51894,0.06706991897149928,15.140117761395269
2023,10,sweep: RSI14 > 65,56684,-0.05103191066057211,-11.830764405479675,56683,-0.059915375068867294,-14.410131708134202
2023,10,sweep: RSI14 > 70,27167,-0.053392531788161,-8.894372894620119,27167,-0.062473474216606595,-10.60994555349612
2023,10,sweep: RSI14 > 75,12281,-0.05814421788462254,-6.884219882430441,12281,-0.06694700716624763,-8.279964586523418
2023,10,sweep: RSI14 > 80,5138,-0.05582417226709885,-3.7659184955713823,5138,-0.06339042789111055,-4.560339877548765
2023,10,sweep: RSI60 < 35,3326,0.07172567077999914,4.2576352191009015,3326,0.08323387017511785,5.011328129751363
2023,10,sweep: RSI60 < 40,16366,0.0856680959465399,8.754188912126365,16366,0.09091880757943926,9.755301915409111
2023,10,sweep: RSI60 < 45,81804,0.06621969753117923,15.026525562284498,81804,0.07161361039186132,16.938134842862162
2023,10,sweep: RSI60 > 55,90569,-0.05957746387440993,-13.526462137353116,90569,-0.06320136450998493,-14.999867822368905
2023,10,sweep: RSI60 > 60,22092,-0.05883794784969404,-7.510690327514032,22092,-0.0627807367515168,-8.26383683974947
2023,10,sweep: RSI60 > 65,5175,-0.04872395963178855,-3.110039684180361,5175,-0.052530619924878674,-3.549278024024391
2023,10,sweep: range position < 0.05,10347,0.08678160163207316,9.742899749051663,10347,0.09831651049995838,11.354253592515345
2023,10,sweep: range position > 0.95,15385,-0.06906872922492618,-8.693834034316955,15385,-0.0782079257366804,-10.378901931483345
2023,10,sweep: range position < 0.1,24348,0.0765038653371155,10.453008071415068,24348,0.08451260719708342,12.196358311455006
2023,10,sweep: range position > 0.90,34937,-0.06257967789491165,-10.82049566650964,34937,-0.06825876816634441,-12.256325297704734
2023,10,sweep: range position < 0.15,43688,0.0726130886494441,12.42143266959858,43688,0.07696668879281326,13.803226312983023
2023,10,sweep: range position > 0.85,59846,-0.05798963329511858,-11.731795774694175,59846,-0.061808920935814415,-12.772468540169688
2023,10,sweep: 5-min move > +1.5 sd,33723,-0.030642323717604003,-6.680211859529929,33720,-0.039656078109018666,-8.492882684717868
2023,10,sweep: 5-min move < -1.5 sd,32623,0.04129950412090888,9.45975128842592,32623,0.05161370170884583,12.049837677250679
2023,10,sweep: 15-min move > +1.5 sd,32362,-0.04199295970285499,-7.526384632793242,32360,-0.04958442228431176,-9.010019433799162
2023,10,sweep: 15-min move < -1.5 sd,29751,0.060531286662648176,10.901076561519853,29751,0.0696671363281397,12.923023874190074
2023,10,sweep: 5-min move > +2 sd,15287,-0.034636544866167907,-5.4164309391028445,15286,-0.0446079024500351,-6.9481238974245265
2023,10,sweep: 5-min move < -2 sd,14319,0.0520349390574919,8.319694353502225,14319,0.0667423824842619,10.915943281695347
2023,10,sweep: 15-min move > +2 sd,13497,-0.04046358456484178,-4.9103178147931805,13497,-0.04829108040270669,-6.039016328892722
2023,10,sweep: 15-min move < -2 sd,11493,0.07239041050620065,8.72914374069953,11493,0.08463691249914196,10.32990090831981
2023,10,sweep: 5-min move > +2.5 sd,7190,-0.033280663090052565,-3.6617438071928325,7190,-0.045138921374146046,-4.926313235468004
2023,10,sweep: 5-min move < -2.5 sd,6506,0.06547001587905033,7.319236283751349,6506,0.08042818303659405,9.067142751291588
2023,10,sweep: 15-min move > +2.5 sd,5291,-0.042979455351424056,-3.4573174957000106,5291,-0.04575528260017858,-3.8271241897785107
2023,10,sweep: 15-min move < -2.5 sd,4261,0.08113466321791252,6.083986507485357,4261,0.09432848556996887,7.1496978890467675
2023,10,sweep: 5-min move > +3 sd,3498,-0.045076355705776394,-3.5895848002198347,3498,-0.053715256488417074,-4.169253956493728
2023,10,sweep: 5-min move < -3 sd,3002,0.07950523020033318,6.269376828312775,3002,0.09931475643794441,7.750482710994307
2023,10,sweep: 15-min move > +3 sd,1946,-0.048783204451564866,-2.5926554099869223,1946,-0.04804346068090526,-2.6597078767041116
2023,10,sweep: 15-min move < -3 sd,1519,0.07103116602699244,3.196113390763575,1519,0.08922640569628404,3.959584853991476
2023,10,sweep: 4h return > +25 bp,156703,-0.030588083357401652,-7.856116238292727,156703,-0.03031295816102364,-8.06884931626755
2023,10,sweep: 4h return < -25 bp,144346,0.04186854491497316,11.198826481842207,144270,0.04329419707011056,11.894047582512437
2023,10,sweep: 4h return > +50 bp,93952,-0.020568017107681913,-4.480650475463443,93952,-0.020728428135994348,-4.683092404741274
2023,10,sweep: 4h return < -50 bp,81524,0.04283025894363124,8.508357995647309,81481,0.04322748328203596,8.98585989135579
2023,10,sweep: 4h return > +100 bp,42281,-0.012559531804294422,-1.8522114880147502,42281,-0.014728328954996261,-2.2821943211057403
2023,10,sweep: 4h return < -100 bp,33859,0.03247811340694373,4.740794187758633,33859,0.03134670978593024,4.754583207230811
2023,10,sweep: taker buy share > 0.1 (15 min),87338,-0.02874611046238451,-6.980241132986094,87320,-0.0314771087549629,-7.761752717818072
2023,10,sweep: taker sell share > 0.1 (15 min),148899,0.027869143196511847,8.307373172144441,148899,0.03132089295179813,9.38372978107725
2023,10,sweep: taker buy share > 0.2 (15 min),34207,-0.030954354243112936,-4.900868264373193,34198,-0.03485414975414264,-5.740554130160395
2023,10,sweep: taker sell share > 0.2 (15 min),70767,0.02760766848214191,6.189606803819323,70767,0.0306540996761252,6.937147762109463
2023,10,sweep: taker buy share > 0.3 (15 min),11361,-0.03047774480407439,-2.8478194431313653,11355,-0.03880024946355215,-3.7029965669289915
2023,10,sweep: taker sell share > 0.3 (15 min),28799,0.020624790681012528,3.048319405705683,28799,0.022705645090555726,3.4194020904694216
2023,10,sweep: price > VWAP60 + 15 bp,77557,-0.05040370744959133,-12.086619431956386,77499,-0.05402984668435157,-13.304174727771963
2023,10,sweep: price < VWAP60 - 15 bp,69101,0.06326782152152854,14.804651347435382,69101,0.07096946789515057,17.197279012992244
2023,10,sweep: price > VWAP60 + 30 bp,25244,-0.055157753737692716,-8.142105654101139,25231,-0.058673880486925956,-8.877461160322316
2023,10,sweep: price < VWAP60 - 30 bp,21168,0.08741006852193278,11.134195150908825,21168,0.09695370550854854,12.784384702071925
2023,10,sweep: price > VWAP60 + 50 bp,8154,-0.051171468563001865,-4.4200624395042505,8141,-0.05921460183393534,-5.154096952356314
2023,10,sweep: price < VWAP60 - 50 bp,6615,0.09702756018359482,7.510895859817469,6615,0.10270439297848677,8.364897593081652
2023,10,sweep: previous window up,263501,-0.03544937251807062,-12.156877609305292,263481,-0.04090260075519736,-14.596989831052593
2023,10,sweep: previous window down,260511,0.03544937251807062,12.156877609305278,260449,0.04090260075519736,14.596989831052623
2023,10,sweep: two windows up,126315,-0.046110990439998334,-15.038886229840566,126304,-0.049028488473248866,-16.28029437529601
2023,10,sweep: two windows down,123333,0.04401807939212399,13.364530624946681,123288,0.049089122379708305,15.373193990363474
2023,10,sweep: MACD hist > 0,261078,-0.007235692150598716,-2.184800929378542,261061,-0.010560438401943095,-3.3355338817567217
2023,10,sweep: MACD hist < 0,262934,0.007235692150598716,2.18480092937854,262869,0.010560438401943095,3.3355338817567035
2023,10,sweep: OBV rising,23185,-0.046157149712503676,-5.978056162590068,23180,-0.0476664304664659,-6.411722025885769
2023,10,sweep: OBV falling,23116,0.050911951800715394,6.392336420905177,23115,0.05619990270282971,7.384303702244687
2023,10,sweep: EMA9 > EMA21 + 10 bp,18311,-0.04492184848675429,-5.136434283514038,18311,-0.04465745879432731,-5.2733276636948885
2023,10,sweep: EMA9 < EMA21 - 10 bp,16512,0.08339870260052695,9.609957039698925,16512,0.09185353088020243,11.157980099142168
2023,10,sweep: larger trades than usual (size5 > 1.2),74644,0.0020194196493611427,0.5217530597842371,74644,0.0004931231922464807,0.12744190344894865
2023,10,sweep: more trades than usual (nratio5 > 1.5),65623,0.013847278447082889,3.590357521298768,65623,0.01597152736486429,4.413898898205293
2023,15,price at 4h high (rangepos >= 0.98),6717,-0.07490418488126754,-6.679635878597924,6717,-0.08343246762820777,-7.600971952595449
2023,15,price at 4h low (rangepos <= 0.02),4355,0.10053082861962648,8.397765345856287,4355,0.11955999401291972,10.042933158498526
2023,15,upper quarter of 4h range,118748,-0.05795196197173064,-12.339671143782553,118748,-0.060567710631657,-13.2317734263434
2023,15,lower quarter of 4h range,96265,0.06627117032147045,12.910038236112657,96260,0.06864308692788346,13.542367960554216
2023,15,last 5 min up more than 2 sd,15287,-0.0420328626212893,-6.845491753590959,15286,-0.04727937023128731,-7.370483657095585
2023,15,last 5 min down more than 2 sd,14319,0.06518067335232092,10.392277710072538,14319,0.06781975605204071,10.605702028588183
2023,15,last 15 min up more than 2 sd,13497,-0.06434538183423555,-7.170390953344011,13497,-0.06913964363950226,-7.610831804279538
2023,15,last 15 min down more than 2 sd,11493,0.08001234683310854,8.574299353777498,11493,0.08731081694520282,9.44216787448419
2023,15,4h return above +50 bp,93952,-0.024747810736425346,-4.408558826073933,93952,-0.02464194772215983,-4.479754678553402
2023,15,4h return below -50 bp,81519,0.050087527922949016,8.57167626728627,81471,0.05022105022759371,8.926018267131244
2023,15,previous window up,263496,-0.047404304843536915,-14.850205753905843,263471,-0.052912231975855484,-17.09368969976371
2023,15,previous window down,260511,0.047404304843536915,14.850205753905772,260449,0.052912231975855484,17.093689699763715
2023,15,two windows up in a row,126311,-0.05690397223829574,-15.882384136877054,126298,-0.06138822370681296,-17.454577749053442
2023,15,two windows down in a row,123333,0.056774739018549514,15.567453849500863,123288,0.059571850293938744,16.71420508293867
2023,15,three windows up in a row,58072,-0.06293464713900604,-13.391422087981532,58067,-0.06692497176945272,-14.334228908793138
2023,15,three windows down in a row,55970,0.06817461273042497,14.515649771451146,55940,0.07056645130106265,15.54323045031786
2023,15,RSI14 above 70,27167,-0.06042071140093114,-9.57209364352728,27167,-0.06915276614076499,-10.915576167100058
2023,15,RSI14 below 30,23881,0.07563710711367799,10.56579759403281,23881,0.079627417385216,11.170542774406552
2023,15,RSI60 above 65,5175,-0.05560246359381138,-3.2210749860396954,5175,-0.0624391504524367,-3.9114559955461394
2023,15,RSI60 below 35,3326,0.07429321685673496,3.8334175997734072,3326,0.0855476330612126,4.427717564304163
2023,15,MACD histogram positive,261073,-0.015704275004423063,-4.495281216619091,261051,-0.01996103717480452,-5.712581374638068
2023,15,MACD histogram negative,262934,0.015704275004423063,4.495281216619094,262869,0.01996103717480452,5.712581374638076
2023,15,above upper Bollinger band,27201,-0.047054019923431,-9.860832415939091,27200,-0.05505880931854146,-11.330105900942437
2023,15,below lower Bollinger band,27080,0.04787582956044312,10.797804278892583,27080,0.05492476409549413,12.629248554257833
2023,15,EMA9 above EMA21 by 10 bp,18311,-0.05133500258388313,-5.30540655456152,18311,-0.05515026010385232,-5.642430263999712
2023,15,EMA9 below EMA21 by 10 bp,16512,0.09380475695487434,9.425658920704443,16512,0.09892408494352328,10.19520342336635
2023,15,ADX14 above 30 (trending),164519,0.0077589220517197965,2.0431991596481938,164519,0.008610180915849974,2.2499437263276536
2023,15,ADX14 below 15 (ranging),61891,0.003691228433125082,0.6929690066074722,61881,0.0034438641419590743,0.6727100458617312
2023,15,taker buying 60 pct+ of last 15 min,34207,-0.044403041445016445,-6.642145692016725,34198,-0.04690529035946006,-7.036378475703968
2023,15,taker selling 60 pct+ of last 15 min,70767,0.0342950009020081,6.880669259174459,70767,0.03810198475971188,7.750561865138742
2023,15,volume last 5 min 3x the daily average,21530,0.017644815175033024,2.5213945168075007,21530,0.020874616915907418,2.967666634818762
2023,15,trade count last 5 min 3x average,12752,0.019546632191428714,2.2589265728877717,12752,0.01972732038370384,2.208681947177085
2023,15,OBV rising over 60 min,23185,-0.05570699135297008,-6.017435268350583,23180,-0.05794051723208066,-6.336345282516794
2023,15,OBV falling over 60 min,23116,0.05780788494739719,6.190983425150174,23115,0.061599025439256994,6.629977007955173
2023,15,price 30 bp+ above 60-min VWAP,25244,-0.0572518299831698,-7.265392020568843,25231,-0.06341038958300305,-8.118177646137886
2023,15,price 30 bp+ below 60-min VWAP,21168,0.09509436457210918,10.499963400063255,21168,0.09978813120521152,11.463796569536646
2023,15,high volatility (vol60 in top decile),14907,0.02510637450918929,2.4379466062510513,14907,0.020640299008510943,1.9523109430829118
2023,15,low volatility (vol60 in bottom decile),165362,-0.007235847984167654,-1.7637464332006942,165334,-0.007998006158631499,-2.01354910435405
2023,15,weekend,150286,-0.0017206113263557032,-0.43263357084400417,150286,-0.0021374685308389596,-0.5441842519814196
2023,15,US afternoon (14-17 UTC),87300,0.0027862083754803812,0.5341742667782121,87300,0.0021243806491636485,0.4173519211599215
2023,15,Asia early (0-3 UTC),87360,-0.005762867656542658,-1.1612248161110614,87360,-0.006973324915875767,-1.43880255959641
2023,15,sweep: RSI14 < 20,4145,0.06613481942008748,3.5775119276781826,4145,0.07707328359985033,4.15963799422973
2023,15,sweep: RSI14 < 25,10153,0.07637757837896897,6.847534854749877,10153,0.08247962302026435,7.4195598260979105
2023,15,sweep: RSI14 < 30,23881,0.07563710711367799,10.56579759403281,23881,0.079627417385216,11.170542774406552
2023,15,sweep: RSI14 < 35,51894,0.06524358822397808,13.704859777171599,51894,0.07142263676656546,15.315867093512628
2023,15,sweep: RSI14 > 65,56684,-0.061570110046270665,-12.905278163366491,56683,-0.06924894723602765,-14.695851023990212
2023,15,sweep: RSI14 > 70,27167,-0.06042071140093114,-9.57209364352728,27167,-0.06915276614076499,-10.915576167100058
2023,15,sweep: RSI14 > 75,12281,-0.06533228248580303,-7.535480232821524,12281,-0.0718533867659642,-8.359626843701614
2023,15,sweep: RSI14 > 80,5138,-0.0647183333394713,-4.698481226463165,5138,-0.0720038717090909,-5.226802488129139
2023,15,sweep: RSI60 < 35,3326,0.07429321685673496,3.8334175997734072,3326,0.0855476330612126,4.427717564304163
2023,15,sweep: RSI60 < 40,16366,0.09792863978887523,8.734094771901876,16366,0.1046601333344479,9.381511039176177
2023,15,sweep: RSI60 < 45,81803,0.07771420686941233,15.06441723033096,81803,0.08067997353886158,15.8541723796267
2023,15,sweep: RSI60 > 55,90569,-0.06927897778141145,-13.708520035549236,90569,-0.07353991358793172,-14.772812946679812
2023,15,sweep: RSI60 > 60,22092,-0.07016919765467733,-7.456819349345483,22092,-0.07894942824503465,-8.35931045361547
2023,15,sweep: RSI60 > 65,5175,-0.05560246359381138,-3.2210749860396954,5175,-0.0624391504524367,-3.9114559955461394
2023,15,sweep: range position < 0.05,10347,0.09955043914943651,10.508800257823978,10347,0.11117862297827741,11.81543108379712
2023,15,sweep: range position > 0.95,15385,-0.0773559044872788,-8.67951723271812,15385,-0.08621066218947088,-9.717413769104606
2023,15,sweep: range position < 0.1,24348,0.08815732388631481,10.690368277433567,24348,0.09631533996748332,11.946276482257964
2023,15,sweep: range position > 0.90,34937,-0.0738623733598851,-10.774208189337882,34937,-0.07994920691615426,-11.786340769658475
2023,15,sweep: range position < 0.15,43688,0.0851332878077789,12.36568254874468,43688,0.08935377832655861,13.351689759854429
2023,15,sweep: range position > 0.85,59846,-0.06846421746711229,-11.609824926420655,59846,-0.073587811976081,-12.613188671898914
2023,15,sweep: 5-min move > +1.5 sd,33723,-0.03834621218335077,-8.509969961201891,33719,-0.04261732041712951,-9.051211785126227
2023,15,sweep: 5-min move < -1.5 sd,32623,0.04796014277063532,10.959969481859186,32623,0.05532644383194418,12.76600237651321
2023,15,sweep: 15-min move > +1.5 sd,32362,-0.058864524228408766,-9.441417692758396,32360,-0.06426734703299741,-10.158147633799741
2023,15,sweep: 15-min move < -1.5 sd,29751,0.06806262074111241,11.338781386364513,29751,0.07089895490176895,11.810192583572443
2023,15,sweep: 5-min move > +2 sd,15287,-0.0420328626212893,-6.845491753590959,15286,-0.04727937023128731,-7.370483657095585
2023,15,sweep: 5-min move < -2 sd,14319,0.06518067335232092,10.392277710072538,14319,0.06781975605204071,10.605702028588183
2023,15,sweep: 15-min move > +2 sd,13497,-0.06434538183423555,-7.170390953344011,13497,-0.06913964363950226,-7.610831804279538
2023,15,sweep: 15-min move < -2 sd,11493,0.08001234683310854,8.574299353777498,11493,0.08731081694520282,9.44216787448419
2023,15,sweep: 5-min move > +2.5 sd,7190,-0.04793946656836584,-5.624678770095423,7190,-0.05302955595348485,-5.899007469932477
2023,15,sweep: 5-min move < -2.5 sd,6506,0.07869128935890368,9.01547707162702,6506,0.08293230803027152,9.188134002553205
2023,15,sweep: 15-min move > +2.5 sd,5291,-0.06402502844100944,-4.690009451609991,5291,-0.06591886216627596,-4.852531748203747
2023,15,sweep: 15-min move < -2.5 sd,4261,0.08932658351478462,6.1713047714876295,4261,0.0997594233666308,6.713722083879621
2023,15,sweep: 5-min move > +3 sd,3498,-0.04723181521483849,-3.9222600166555286,3498,-0.05374778877991043,-4.325683144701102
2023,15,sweep: 5-min move < -3 sd,3002,0.0933882844845918,7.348487010207515,3002,0.09636449626663424,7.371656243565665
2023,15,sweep: 15-min move > +3 sd,1946,-0.06772094257381367,-3.1931157477773016,1946,-0.06882016359818288,-3.372235855025761
2023,15,sweep: 15-min move < -3 sd,1519,0.09428600740898285,3.7251096022000016,1519,0.1038323946682912,4.02255379420855
2023,15,sweep: 4h return > +25 bp,156703,-0.03634313223770047,-7.741517790811099,156703,-0.03667804739677738,-7.9262345984831
2023,15,sweep: 4h return < -25 bp,144341,0.04897015782286396,11.33791622124076,144260,0.048591886986027455,11.536264752891247
2023,15,sweep: 4h return > +50 bp,93952,-0.024747810736425346,-4.408558826073933,93952,-0.02464194772215983,-4.479754678553402
2023,15,sweep: 4h return < -50 bp,81519,0.050087527922949016,8.57167626728627,81471,0.05022105022759371,8.926018267131244
2023,15,sweep: 4h return > +100 bp,42281,-0.017083120865268364,-2.0720728027312667,42281,-0.018045405560323524,-2.2252912898889523
2023,15,sweep: 4h return < -100 bp,33857,0.041288075443624894,4.909223821113891,33857,0.04294683327724358,5.310041238031907
2023,15,sweep: taker buy share > 0.1 (15 min),87338,-0.038504919969614415,-8.421927070264921,87320,-0.04116582684379294,-9.06758740668072
2023,15,sweep: taker sell share > 0.1 (15 min),148899,0.03404938337590602,8.746862325668774,148899,0.037016518576581614,9.761330082917867
2023,15,sweep: taker buy share > 0.2 (15 min),34207,-0.044403041445016445,-6.642145692016725,34198,-0.04690529035946006,-7.036378475703968
2023,15,sweep: taker sell share > 0.2 (15 min),70767,0.0342950009020081,6.880669259174459,70767,0.03810198475971188,7.750561865138742
2023,15,sweep: taker buy share > 0.3 (15 min),11361,-0.04544370566018702,-3.9955920319521074,11355,-0.052045154153274875,-4.620168215624152
2023,15,sweep: taker sell share > 0.3 (15 min),28799,0.027833857365998416,3.820255828530678,28799,0.03149589635101657,4.4065514495407525
2023,15,sweep: price > VWAP60 + 15 bp,77557,-0.05468177157910181,-11.087143696472483,77499,-0.06002270052748537,-12.314765791489034
2023,15,sweep: price < VWAP60 - 15 bp,69101,0.0708707798387555,14.555322193545537,69101,0.07476281552332309,15.94167683235487
2023,15,sweep: price > VWAP60 + 30 bp,25244,-0.0572518299831698,-7.265392020568843,25231,-0.06341038958300305,-8.118177646137886
2023,15,sweep: price < VWAP60 - 30 bp,21168,0.09509436457210918,10.499963400063255,21168,0.09978813120521152,11.463796569536646
2023,15,sweep: price > VWAP60 + 50 bp,8154,-0.0562554807258972,-4.1491168317384615,8141,-0.06216257299328726,-4.500011896449494
2023,15,sweep: price < VWAP60 - 50 bp,6615,0.10773959149172851,7.325534961918324,6615,0.11560221373194368,8.24111937133837
2023,15,sweep: previous window up,263496,-0.047404304843536915,-14.850205753905843,263471,-0.052912231975855484,-17.09368969976371
2023,15,sweep: previous window down,260511,0.047404304843536915,14.850205753905772,260449,0.052912231975855484,17.093689699763715
2023,15,sweep: two windows up,126311,-0.05690397223829574,-15.882384136877054,126298,-0.06138822370681296,-17.454577749053442
2023,15,sweep: two windows down,123333,0.056774739018549514,15.567453849500863,123288,0.059571850293938744,16.71420508293867
2023,15,sweep: MACD hist > 0,261073,-0.015704275004423063,-4.495281216619091,261051,-0.01996103717480452,-5.712581374638068
2023,15,sweep: MACD hist < 0,262934,0.015704275004423063,4.495281216619094,262869,0.01996103717480452,5.712581374638076
2023,15,sweep: OBV rising,23185,-0.05570699135297008,-6.017435268350583,23180,-0.05794051723208066,-6.336345282516794
2023,15,sweep: OBV falling,23116,0.05780788494739719,6.190983425150174,23115,0.061599025439256994,6.629977007955173
2023,15,sweep: EMA9 > EMA21 + 10 bp,18311,-0.05133500258388313,-5.30540655456152,18311,-0.05515026010385232,-5.642430263999712
2023,15,sweep: EMA9 < EMA21 - 10 bp,16512,0.09380475695487434,9.425658920704443,16512,0.09892408494352328,10.19520342336635
2023,15,sweep: larger trades than usual (size5 > 1.2),74643,-0.0010050917826612826,-0.23585442299682255,74643,-0.0008381530309931051,-0.19567873531797894
2023,15,sweep: more trades than usual (nratio5 > 1.5),65623,0.01401414551892144,3.20126418551407,65623,0.013509708870821702,3.0825670564392
2023,30,price at 4h high (rangepos >= 0.98),6717,-0.07954921378822605,-7.0598346417176225,6717,-0.08961994809955348,-7.673097988956803
2023,30,price at 4h low (rangepos <= 0.02),4355,0.11010504734419746,7.136975961318236,4355,0.11577730624765936,7.5476225653967
2023,30,upper quarter of 4h range,118748,-0.06434004073607502,-10.253352812764408,118748,-0.06648596611640661,-10.623559016026316
2023,30,lower quarter of 4h range,96261,0.07175754186865774,11.088997743380775,96244,0.07475496493538464,11.786836445938954
2023,30,last 5 min up more than 2 sd,15287,-0.05334320363610384,-8.174725810886567,15286,-0.05996830484500404,-9.033625119954753
2023,30,last 5 min down more than 2 sd,14319,0.07328286183538513,11.441093239391353,14319,0.07747239734858313,12.212968870419578
2023,30,last 15 min up more than 2 sd,13497,-0.06964696593083303,-7.302468503792727,13497,-0.0769146636702544,-8.033396028080967
2023,30,last 15 min down more than 2 sd,11493,0.09307262553175488,8.681045927829167,11493,0.09571263315828171,8.89681667472476
2023,30,4h return above +50 bp,93952,-0.03666729476340452,-4.853577331056202,93952,-0.038262316504814375,-5.200040207648751
2023,30,4h return below -50 bp,81504,0.062174507553274194,8.557212112262139,81441,0.06398147621575495,8.900817561412506
2023,30,previous window up,263482,-0.05421388188780002,-16.159152581666273,263452,-0.05838801713300418,-17.19187495817111
2023,30,previous window down,260510,0.05421388188780002,16.159152581666326,260438,0.05838801713300418,17.191874958171198
2023,30,two windows up in a row,126311,-0.05919843722263979,-13.795171958719832,126296,-0.06267084319395966,-14.377337641531096
2023,30,two windows down in a row,123332,0.06033675099660302,14.005627408158594,123286,0.06371852737073314,14.783778569666959
2023,30,three windows up in a row,58072,-0.06239303522086642,-11.28866467154218,58066,-0.06421462349539309,-11.660914251985242
2023,30,three windows down in a row,55969,0.07067991231057397,12.644084987545012,55939,0.0739911282518993,13.282799956519638
2023,30,RSI14 above 70,27167,-0.06215721778669453,-8.427388809971859,27167,-0.06895728191109463,-9.24375139307162
2023,30,RSI14 below 30,23881,0.08757289540279067,11.075151353774013,23881,0.09039216382083015,11.581534917228371
2023,30,RSI60 above 65,5175,-0.08235783117852868,-4.205110156584371,5175,-0.09106198469545773,-4.6361365670503885
2023,30,RSI60 below 35,3326,0.08553622354332391,3.488213388618175,3326,0.0966155421057423,3.8411470518686253
2023,30,MACD histogram positive,261058,-0.02162148930472113,-6.500555518610149,261033,-0.024569373586234233,-7.318225433859659
2023,30,MACD histogram negative,262934,0.02162148930472113,6.500555518610131,262857,0.024569373586234233,7.318225433859653
2023,30,above upper Bollinger band,27201,-0.05142755648789116,-11.608079533735568,27200,-0.058008151462682955,-12.367034739778362
2023,30,below lower Bollinger band,27080,0.057666425539850574,13.139617540977328,27080,0.06373667023676044,14.67175470723454
2023,30,EMA9 above EMA21 by 10 bp,18311,-0.0651524613429808,-5.914511258211901,18311,-0.07013943972652892,-6.2815162388712995
2023,30,EMA9 below EMA21 by 10 bp,16512,0.10762400305384934,9.292889339071717,16512,0.111507430655572,9.755963406393834
2023,30,ADX14 above 30 (trending),164508,0.0087475283169004,1.8456147232773705,164508,0.010148239503872447,2.1262676252138326
2023,30,ADX14 below 15 (ranging),61891,0.003970994053570043,0.6092957586003904,61870,0.003211011032592026,0.49333308353694466
2023,30,taker buying 60 pct+ of last 15 min,34207,-0.04546947823097419,-6.398825932145509,34198,-0.04815296122879692,-6.808243534174383
2023,30,taker selling 60 pct+ of last 15 min,70767,0.04175599544800923,7.657470296638981,70767,0.04438469703850734,8.218685969532544
2023,30,volume last 5 min 3x the daily average,21530,0.008111259600365961,0.9538877041465778,21530,0.008572022173316873,1.0171556221244198
2023,30,trade count last 5 min 3x average,12752,0.009306626435472087,0.8926745626430888,12752,0.009750816225539083,0.9219627791037459
2023,30,OBV rising over 60 min,23185,-0.05858315745886672,-5.198387747790443,23180,-0.061265731737722706,-5.498357090010966
2023,30,OBV falling over 60 min,23116,0.06076726649835951,5.058049541517594,23115,0.0650623720125435,5.4715589647070075
2023,30,price 30 bp+ above 60-min VWAP,25244,-0.06163636915907306,-6.392072953782922,25231,-0.06501263029274007,-6.645662890702371
2023,30,price 30 bp+ below 60-min VWAP,21168,0.10301122435089782,9.349111934568773,21168,0.10451620087725422,9.607015602609511
2023,30,high volatility (vol60 in top decile),14907,0.030064734046018282,2.0602908273581986,14907,0.03063639276599639,2.1557381350942633
2023,30,low volatility (vol60 in bottom decile),165362,-0.005623513297190574,-1.0065732029371606,165334,-0.005951145022710769,-1.0844847599330738
2023,30,weekend,150271,-0.0021353960757053425,-0.38725384141992003,150271,-0.0020923721002351625,-0.3962676132465509
2023,30,US afternoon (14-17 UTC),87300,0.002781141240472018,0.3793156665002076,87300,0.003522229329789517,0.4877992211501153
2023,30,Asia early (0-3 UTC),87360,-0.013448492798723621,-1.9935228485619492,87360,-0.013299259513652018,-1.9981273003717306
2023,30,sweep: RSI14 < 20,4145,0.07506385235650304,4.032842809686471,4145,0.08345869618418811,4.419938910222309
2023,30,sweep: RSI14 < 25,10153,0.08312342622766322,7.0008887213869775,10153,0.08722432383582834,7.409682690145584
2023,30,sweep: RSI14 < 30,23881,0.08757289540279067,11.075151353774013,23881,0.09039216382083015,11.581534917228371
2023,30,sweep: RSI14 < 35,51894,0.08089640103604828,14.398059936056587,51894,0.08461979108643214,15.25971275484955
2023,30,sweep: RSI14 > 65,56684,-0.0669822318306606,-11.567342322282656,56683,-0.07365243550895623,-12.4335137139538
2023,30,sweep: RSI14 > 70,27167,-0.06215721778669453,-8.427388809971859,27167,-0.06895728191109463,-9.24375139307162
2023,30,sweep: RSI14 > 75,12281,-0.06488002201031429,-6.447181752301258,12281,-0.07133567201984031,-7.064166337749606
2023,30,sweep: RSI14 > 80,5138,-0.06334767287231186,-4.104199191524619,5138,-0.07034399851616213,-4.515525873253156
2023,30,sweep: RSI60 < 35,3326,0.08553622354332391,3.488213388618175,3326,0.0966155421057423,3.8411470518686253
2023,30,sweep: RSI60 < 40,16366,0.106396051528166,7.9656164912953225,16366,0.11151242058423327,8.307009898528676
2023,30,sweep: RSI60 < 45,81789,0.09227668032299619,13.989550969639632,81789,0.09643161637273845,14.891869921328885
2023,30,sweep: RSI60 > 55,90569,-0.07502076227128585,-11.709483992479557,90569,-0.0785408891366477,-12.260679299467546
2023,30,sweep: RSI60 > 60,22092,-0.07720177394342559,-6.617165142970132,22092,-0.08275780488907786,-7.081458917100108
2023,30,sweep: RSI60 > 65,5175,-0.08235783117852868,-4.205110156584371,5175,-0.09106198469545773,-4.6361365670503885
2023,30,sweep: range position < 0.05,10347,0.10673027822817371,8.761981782692613,10347,0.11459885169888284,9.443170616282245
2023,30,sweep: range position > 0.95,15385,-0.08304987007919323,-8.621246774490483,15385,-0.09261151082996649,-9.445540370516182
2023,30,sweep: range position < 0.1,24348,0.09940908089201206,9.716937337383854,24348,0.1072142161076125,10.527603237684872
2023,30,sweep: range position > 0.90,34937,-0.07654220123135796,-9.39489973299102,34937,-0.08209538570683739,-10.080304467298948
2023,30,sweep: range position < 0.15,43688,0.09158238229320415,10.786029757650786,43686,0.09778016263154082,11.667166083493719
2023,30,sweep: range position > 0.85,59846,-0.07314536250891485,-9.749065289535329,59846,-0.07640921783345139,-10.26000026665271
2023,30,sweep: 5-min move > +1.5 sd,33723,-0.04634070152137304,-9.651502285847778,33719,-0.0507166897457727,-10.36218101723327
2023,30,sweep: 5-min move < -1.5 sd,32623,0.05742963955924385,12.179125344758907,32623,0.061360513458532995,13.160842456196995
2023,30,sweep: 15-min move > +1.5 sd,32362,-0.062153275571651734,-8.972524265097041,32360,-0.0688678708043553,-9.869991345684621
2023,30,sweep: 15-min move < -1.5 sd,29751,0.08187984531027537,12.085312538862407,29751,0.08457349208356124,12.542072846730115
2023,30,sweep: 5-min move > +2 sd,15287,-0.05334320363610384,-8.174725810886567,15286,-0.05996830484500404,-9.033625119954753
2023,30,sweep: 5-min move < -2 sd,14319,0.07328286183538513,11.441093239391353,14319,0.07747239734858313,12.212968870419578
2023,30,sweep: 15-min move > +2 sd,13497,-0.06964696593083303,-7.302468503792727,13497,-0.0769146636702544,-8.033396028080967
2023,30,sweep: 15-min move < -2 sd,11493,0.09307262553175488,8.681045927829167,11493,0.09571263315828171,8.89681667472476
2023,30,sweep: 5-min move > +2.5 sd,7190,-0.06368142734067855,-7.086678835133885,7190,-0.06972153979208484,-7.651503779386991
2023,30,sweep: 5-min move < -2.5 sd,6506,0.08516116162390286,9.389113718214672,6506,0.08846833222590744,9.75616271301787
2023,30,sweep: 15-min move > +2.5 sd,5291,-0.08527444536821815,-5.508732118642835,5291,-0.08825532087242971,-5.806992835648968
2023,30,sweep: 15-min move < -2.5 sd,4261,0.09394387843182062,5.558208218600923,4261,0.09643020320914619,5.6618785111877274
2023,30,sweep: 5-min move > +3 sd,3498,-0.0700097639792665,-5.665774148330774,3498,-0.0735798237280792,-5.9554956391896
2023,30,sweep: 5-min move < -3 sd,3002,0.10234234522935048,7.371864822089423,3002,0.10725165985445584,7.785651741501613
2023,30,sweep: 15-min move > +3 sd,1946,-0.10404225245786525,-4.432329342852471,1946,-0.11086363566837226,-4.827435570608929
2023,30,sweep: 15-min move < -3 sd,1519,0.08262046676792978,2.96424864172841,1519,0.0917479682945973,3.225787058929599
2023,30,sweep: 4h return > +25 bp,156703,-0.0472712691682769,-7.398889666346903,156703,-0.0497163567894523,-7.965931270063114
2023,30,sweep: 4h return < -25 bp,144326,0.05864170971883392,10.538041743199962,144230,0.060582325894197986,11.040840394087159
2023,30,sweep: 4h return > +50 bp,93952,-0.03666729476340452,-4.853577331056202,93952,-0.038262316504814375,-5.200040207648751
2023,30,sweep: 4h return < -50 bp,81504,0.062174507553274194,8.557212112262139,81441,0.06398147621575495,8.900817561412506
2023,30,sweep: 4h return > +100 bp,42281,-0.02725261459040318,-2.466142615668179,42281,-0.029411313815458584,-2.715042702489609
2023,30,sweep: 4h return < -100 bp,33850,0.052383335786324814,4.929726376241415,33850,0.05507131965352474,5.275370985872169
2023,30,sweep: taker buy share > 0.1 (15 min),87338,-0.04436434178357995,-8.614600849007486,87320,-0.04771279711387755,-9.390431035331355
2023,30,sweep: taker sell share > 0.1 (15 min),148897,0.03877318468411328,8.889694479216406,148897,0.041607784117783875,9.552980602643466
2023,30,sweep: taker buy share > 0.2 (15 min),34207,-0.04546947823097419,-6.398825932145509,34198,-0.04815296122879692,-6.808243534174383
2023,30,sweep: taker sell share > 0.2 (15 min),70767,0.04175599544800923,7.657470296638981,70767,0.04438469703850734,8.218685969532544
2023,30,sweep: taker buy share > 0.3 (15 min),11361,-0.04499020422609007,-3.760720217452563,11355,-0.049539714393187884,-4.173862282837468
2023,30,sweep: taker sell share > 0.3 (15 min),28799,0.04162736988001059,5.0823593864887675,28799,0.04470218056765196,5.469641307837268
2023,30,sweep: price > VWAP60 + 15 bp,77557,-0.05501881679694953,-8.220274898778596,77499,-0.05889571165089885,-8.835195957559286
2023,30,sweep: price < VWAP60 - 15 bp,69099,0.07831801158370538,12.48067094436769,69099,0.08140462904867635,13.259258135654843
2023,30,sweep: price > VWAP60 + 30 bp,25244,-0.06163636915907306,-6.392072953782922,25231,-0.06501263029274007,-6.645662890702371
2023,30,sweep: price < VWAP60 - 30 bp,21168,0.10301122435089782,9.349111934568773,21168,0.10451620087725422,9.607015602609511
2023,30,sweep: price > VWAP60 + 50 bp,8154,-0.07772338076912366,-4.76864805896511,8141,-0.08350670613855299,-5.068892807757722
2023,30,sweep: price < VWAP60 - 50 bp,6615,0.12310804890026616,6.707462058730563,6615,0.12926857350644094,7.053781950598799
2023,30,sweep: previous window up,263482,-0.05421388188780002,-16.159152581666273,263452,-0.05838801713300418,-17.19187495817111
2023,30,sweep: previous window down,260510,0.05421388188780002,16.159152581666326,260438,0.05838801713300418,17.191874958171198
2023,30,sweep: two windows up,126311,-0.05919843722263979,-13.795171958719832,126296,-0.06267084319395966,-14.377337641531096
2023,30,sweep: two windows down,123332,0.06033675099660302,14.005627408158594,123286,0.06371852737073314,14.783778569666959
2023,30,sweep: MACD hist > 0,261058,-0.02162148930472113,-6.500555518610149,261033,-0.024569373586234233,-7.318225433859659
2023,30,sweep: MACD hist < 0,262934,0.02162148930472113,6.500555518610131,262857,0.024569373586234233,7.318225433859653
2023,30,sweep: OBV rising,23185,-0.05858315745886672,-5.198387747790443,23180,-0.061265731737722706,-5.498357090010966
2023,30,sweep: OBV falling,23116,0.06076726649835951,5.058049541517594,23115,0.0650623720125435,5.4715589647070075
2023,30,sweep: EMA9 > EMA21 + 10 bp,18311,-0.0651524613429808,-5.914511258211901,18311,-0.07013943972652892,-6.2815162388712995
2023,30,sweep: EMA9 < EMA21 - 10 bp,16512,0.10762400305384934,9.292889339071717,16512,0.111507430655572,9.755963406393834
2023,30,sweep: larger trades than usual (size5 > 1.2),74639,-0.005068931582383751,-1.0248122790894425,74639,-0.005531999931648213,-1.115962971340229
2023,30,sweep: more trades than usual (nratio5 > 1.5),65623,0.011204543334945471,1.9394952568921462,65623,0.011647585040667874,2.0234445533173826
2024,1,price at 4h high (rangepos >= 0.98),11000,-0.008800656749652913,-1.740587711494675,11000,0.0,0.0
2024,1,price at 4h low (rangepos <= 0.02),7307,0.019146642446618012,3.3986020708253983,7307,0.0,0.0
2024,1,upper quarter of 4h range,139027,-0.01294579671132201,-7.429573536602908,139027,0.0,0.0
2024,1,lower quarter of 4h range,106928,0.006497111697014835,3.3864858559546693,106928,0.0,0.0
2024,1,last 5 min up more than 2 sd,14478,-0.022471411676172615,-5.223009379834268,14478,0.0,0.0
2024,1,last 5 min down more than 2 sd,13985,0.030126326882188637,7.119725420894277,13985,0.0,0.0
2024,1,last 15 min up more than 2 sd,12846,-0.02628334799938492,-5.4593819845787115,12846,0.0,0.0
2024,1,last 15 min down more than 2 sd,11299,0.02641364914398925,5.654027838089673,11299,0.0,0.0
2024,1,4h return above +50 bp,134521,-0.01327362099106133,-6.673335140082045,134521,0.0,0.0
2024,1,4h return below -50 bp,117806,-0.004706463176423981,-2.297193164657678,117806,0.0,0.0
2024,1,previous window up,265890,-0.003628408348159473,-2.372440016123467,265890,0.0,0.0
2024,1,previous window down,261150,0.003628408348159473,2.372440016123446,261150,0.0,0.0
2024,1,two windows up in a row,129200,-0.008214410447998088,-4.798656355092024,129200,0.0,0.0
2024,1,two windows down in a row,124456,0.004817649278327729,2.7863983554615004,124456,0.0,0.0
2024,1,three windows up in a row,62146,-0.013252862783944441,-5.666213567564761,62146,0.0,0.0
2024,1,three windows down in a row,58193,0.005629799958985049,2.4913043264519685,58193,0.0,0.0
2024,1,RSI14 above 70,23089,-0.017457474141245877,-4.55403456409603,23089,0.0,0.0
2024,1,RSI14 below 30,19954,0.02591327703386681,6.899357567496145,19954,0.0,0.0
2024,1,RSI60 above 65,4101,-0.015912883619244533,-1.911399873534058,4101,0.0,0.0
2024,1,RSI60 below 35,2325,0.040181985120647634,3.8695534528827005,2325,0.0,0.0
2024,1,MACD histogram positive,261262,0.0014775526272146067,1.0164295265675298,261262,0.0,0.0
2024,1,MACD histogram negative,265778,-0.0014775526272146067,-1.0164295265675294,265778,0.0,0.0
2024,1,above upper Bollinger band,26829,-0.021334450736328003,-6.392709277574336,26829,0.0,0.0
2024,1,below lower Bollinger band,27080,0.018575542173359105,5.569318593280093,27080,0.0,0.0
2024,1,EMA9 above EMA21 by 10 bp,33742,-0.028796736281521296,-9.029532861480394,33742,0.0,0.0
2024,1,EMA9 below EMA21 by 10 bp,32196,0.0060700080113194055,1.8680246931230755,32196,0.0,0.0
2024,1,ADX14 above 30 (trending),140641,-0.0012978450744484116,-0.7727422763953387,140641,0.0,0.0
2024,1,ADX14 below 15 (ranging),65086,0.002497517751679945,1.1391658669782672,65086,0.0,0.0
2024,1,taker buying 60 pct+ of last 15 min,62431,-0.010511149104342588,-4.389523853889767,62431,0.0,0.0
2024,1,taker selling 60 pct+ of last 15 min,86307,0.014699999775076966,7.109331856353969,86307,0.0,0.0
2024,1,volume last 5 min 3x the daily average,25235,-0.002443653939297019,-0.7512140647642677,25235,0.0,0.0
2024,1,trade count last 5 min 3x average,17452,-0.006568956450671015,-1.745211883690997,17452,0.0,0.0
2024,1,OBV rising over 60 min,29977,-0.009649783270605061,-3.115615017896178,29977,0.0,0.0
2024,1,OBV falling over 60 min,30879,0.014246018646116854,4.905675127171675,30879,0.0,0.0
2024,1,price 30 bp+ above 60-min VWAP,49802,-0.028766192271921343,-10.58632132792829,49802,0.0,0.0
2024,1,price 30 bp+ below 60-min VWAP,42542,0.007382580659535121,2.4997432971884845,42542,0.0,0.0
2024,1,high volatility (vol60 in top decile),104670,-0.011188940367228506,-5.526245807347355,104670,0.0,0.0
2024,1,low volatility (vol60 in bottom decile),9033,0.09650799571517965,9.920823102094383,9033,0.0,0.0
2024,1,weekend,149760,0.01997047693612586,6.470849991732087,149760,0.0,0.0
2024,1,US afternoon (14-17 UTC),87840,-0.0008105646630236496,-0.4147737167240715,87840,0.0,0.0
2024,1,Asia early (0-3 UTC),87840,-0.0037340619307832945,-2.1129821463437235,87840,0.0,0.0
2024,1,sweep: RSI14 < 20,2311,0.04049888581129979,4.025037578456312,2311,0.0,0.0
2024,1,sweep: RSI14 < 25,7353,0.03660496812695224,6.486863706446536,7353,0.0,0.0
2024,1,sweep: RSI14 < 30,19954,0.02591327703386681,6.899357567496145,19954,0.0,0.0
2024,1,sweep: RSI14 < 35,47800,0.02016093472963998,8.130033832785063,47800,0.0,0.0
2024,1,sweep: RSI14 > 65,52989,-0.017557004119370445,-6.767525358103517,52989,0.0,0.0
2024,1,sweep: RSI14 > 70,23089,-0.017457474141245877,-4.55403456409603,23089,0.0,0.0
2024,1,sweep: RSI14 > 75,8991,-0.020216958965996235,-3.098010045903554,8991,0.0,0.0
2024,1,sweep: RSI14 > 80,3022,-0.011658374105846026,-0.9873271356274365,3022,0.0,0.0
2024,1,sweep: RSI60 < 35,2325,0.040181985120647634,3.8695534528827005,2325,0.0,0.0
2024,1,sweep: RSI60 < 40,14879,0.012945794789244292,3.4016884391540123,14879,0.0,0.0
2024,1,sweep: RSI60 < 45,79863,0.009414103491635295,4.263189787695415,79863,0.0,0.0
2024,1,sweep: RSI60 > 55,91860,-0.017819427347780303,-8.810861793948325,91860,0.0,0.0
2024,1,sweep: RSI60 > 60,19912,-0.016753307872301504,-4.027601181740046,19912,0.0,0.0
2024,1,sweep: RSI60 > 65,4101,-0.015912883619244533,-1.911399873534058,4101,0.0,0.0
2024,1,sweep: range position < 0.05,16192,0.01188909761637591,3.0834013412706422,16192,0.0,0.0
2024,1,sweep: range position > 0.95,23969,-0.007832548501124137,-2.248775848812436,23969,0.0,0.0
2024,1,sweep: range position < 0.1,34220,0.007740784788202615,2.6765206210885237,34220,0.0,0.0
2024,1,sweep: range position > 0.90,49156,-0.01158424764383259,-4.679037291532616,49156,0.0,0.0
2024,1,sweep: range position < 0.15,56015,0.005515788473693939,2.207005933100662,56015,0.0,0.0
2024,1,sweep: range position > 0.85,77858,-0.013503176214826329,-6.670030480902042,77858,0.0,0.0
2024,1,sweep: 5-min move > +1.5 sd,34123,-0.01402596456257954,-4.671576675191267,34123,0.0,0.0
2024,1,sweep: 5-min move < -1.5 sd,33282,0.014245683020292055,4.953702667538908,33282,0.0,0.0
2024,1,sweep: 15-min move > +1.5 sd,32593,-0.021547717132277877,-7.106804880751697,32593,0.0,0.0
2024,1,sweep: 15-min move < -1.5 sd,30311,0.018345470988563872,6.281450281213461,30311,0.0,0.0
2024,1,sweep: 5-min move > +2 sd,14478,-0.022471411676172615,-5.223009379834268,14478,0.0,0.0
2024,1,sweep: 5-min move < -2 sd,13985,0.030126326882188637,7.119725420894277,13985,0.0,0.0
2024,1,sweep: 15-min move > +2 sd,12846,-0.02628334799938492,-5.4593819845787115,12846,0.0,0.0
2024,1,sweep: 15-min move < -2 sd,11299,0.02641364914398925,5.654027838089673,11299,0.0,0.0
2024,1,sweep: 5-min move > +2.5 sd,6189,-0.031119337490724763,-4.8133794891929655,6189,0.0,0.0
2024,1,sweep: 5-min move < -2.5 sd,5910,0.04048490487432577,6.3109704694024105,5910,0.0,0.0
2024,1,sweep: 15-min move > +2.5 sd,4899,-0.021537019092264853,-2.7573827529403356,4899,0.0,0.0
2024,1,sweep: 15-min move < -2.5 sd,4090,0.02633735501367429,3.3716550998088004,4090,0.0,0.0
2024,1,sweep: 5-min move > +3 sd,2665,-0.03513267782829105,-3.5205075565311263,2665,0.0,0.0
2024,1,sweep: 5-min move < -3 sd,2516,0.05438146726875959,5.559712004848461,2516,0.0,0.0
2024,1,sweep: 15-min move > +3 sd,1856,-0.009593156710396955,-0.7842983627499792,1856,0.0,0.0
2024,1,sweep: 15-min move < -3 sd,1413,0.03135514020446961,2.3684972237718926,1413,0.0,0.0
2024,1,sweep: 4h return > +25 bp,196291,-0.010867620925238852,-6.251099281557888,196291,0.0,0.0
2024,1,sweep: 4h return < -25 bp,174252,-0.0035079598670654244,-1.938382345230546,174252,0.0,0.0
2024,1,sweep: 4h return > +50 bp,134521,-0.01327362099106133,-6.673335140082045,134521,0.0,0.0
2024,1,sweep: 4h return < -50 bp,117806,-0.004706463176423981,-2.297193164657678,117806,0.0,0.0
2024,1,sweep: 4h return > +100 bp,65442,-0.015176930932365773,-6.113573187055598,65442,0.0,0.0
2024,1,sweep: 4h return < -100 bp,56906,-0.006368749348991343,-2.443115814562653,56906,0.0,0.0
2024,1,sweep: taker buy share > 0.1 (15 min),136834,-0.011802342008578659,-7.199477110663885,136834,0.0,0.0
2024,1,sweep: taker sell share > 0.1 (15 min),173817,0.014907934654817323,9.786300794819017,173817,0.0,0.0
2024,1,sweep: taker buy share > 0.2 (15 min),62431,-0.010511149104342588,-4.389523853889767,62431,0.0,0.0
2024,1,sweep: taker sell share > 0.2 (15 min),86307,0.014699999775076966,7.109331856353969,86307,0.0,0.0
2024,1,sweep: taker buy share > 0.3 (15 min),22363,-0.009597477708827129,-2.624143818860284,22363,0.0,0.0
2024,1,sweep: taker sell share > 0.3 (15 min),35269,0.016996560490687318,5.572879395877076,35269,0.0,0.0
2024,1,sweep: price > VWAP60 + 15 bp,122156,-0.02291933482292219,-11.082587409431602,122156,0.0,0.0
2024,1,sweep: price < VWAP60 - 15 bp,107863,0.005767919256405074,2.888188798786682,107863,0.0,0.0
2024,1,sweep: price > VWAP60 + 30 bp,49802,-0.028766192271921343,-10.58632132792829,49802,0.0,0.0
2024,1,sweep: price < VWAP60 - 30 bp,42542,0.007382580659535121,2.4997432971884845,42542,0.0,0.0
2024,1,sweep: price > VWAP60 + 50 bp,17961,-0.024300218467048884,-6.065037789883768,17961,0.0,0.0
2024,1,sweep: price < VWAP60 - 50 bp,15122,0.0051541673539761135,1.0603842869284321,15122,0.0,0.0
2024,1,sweep: previous window up,265890,-0.003628408348159473,-2.372440016123467,265890,0.0,0.0
2024,1,sweep: previous window down,261150,0.003628408348159473,2.372440016123446,261150,0.0,0.0
2024,1,sweep: two windows up,129200,-0.008214410447998088,-4.798656355092024,129200,0.0,0.0
2024,1,sweep: two windows down,124456,0.004817649278327729,2.7863983554615004,124456,0.0,0.0
2024,1,sweep: MACD hist > 0,261262,0.0014775526272146067,1.0164295265675298,261262,0.0,0.0
2024,1,sweep: MACD hist < 0,265778,-0.0014775526272146067,-1.0164295265675294,265778,0.0,0.0
2024,1,sweep: OBV rising,29977,-0.009649783270605061,-3.115615017896178,29977,0.0,0.0
2024,1,sweep: OBV falling,30879,0.014246018646116854,4.905675127171675,30879,0.0,0.0
2024,1,sweep: EMA9 > EMA21 + 10 bp,33742,-0.028796736281521296,-9.029532861480394,33742,0.0,0.0
2024,1,sweep: EMA9 < EMA21 - 10 bp,32196,0.0060700080113194055,1.8680246931230755,32196,0.0,0.0
2024,1,sweep: larger trades than usual (size5 > 1.2),116235,-0.0026574660688941654,-1.4792078760171403,116235,0.0,0.0
2024,1,sweep: more trades than usual (nratio5 > 1.5),84411,-0.008813679414486963,-4.1998376384826415,84411,0.0,0.0
2024,3,price at 4h high (rangepos >= 0.98),11000,-0.02129755102601677,-3.41202926887296,11000,-0.019802797116068638,-3.2868954031106057
2024,3,price at 4h low (rangepos <= 0.02),7307,0.04594028709228337,6.494201618567857,7307,0.04251956125495315,6.072167510912778
2024,3,upper quarter of 4h range,139027,-0.021985519697143352,-9.606432142316404,139027,-0.02148696036970882,-9.908601488658388
2024,3,lower quarter of 4h range,106928,0.022165304377415707,8.543318896814537,106928,0.021864697154535928,9.079688595143345
2024,3,last 5 min up more than 2 sd,14478,-0.03155574569386427,-5.42543266296376,14478,-0.03500353911241527,-6.2924343282657365
2024,3,last 5 min down more than 2 sd,13985,0.04616193617947573,8.909031828319403,13985,0.04421931161626569,9.050658826339943
2024,3,last 15 min up more than 2 sd,12846,-0.030865878310925632,-4.576433228822275,12846,-0.03449854996913493,-5.626339559016008
2024,3,last 15 min down more than 2 sd,11299,0.05487564026096836,8.93474094103027,11299,0.054481804482630625,9.28515134171106
2024,3,4h return above +50 bp,134521,-0.014210068072270932,-5.924468931890434,134521,-0.011067951518238417,-5.155903356901028
2024,3,4h return below -50 bp,117804,0.010138808372298969,4.146576612691079,117804,0.009835444684884842,4.555767378435359
2024,3,previous window up,265888,-0.016674534471213087,-7.772659148019635,265888,-0.019431077517171547,-9.520810355815573
2024,3,previous window down,261150,0.016674534471213087,7.772659148019619,261150,0.019431077517171547,9.520810355815566
2024,3,two windows up in a row,129200,-0.016823743128824953,-7.606329997161472,129200,-0.017202371931746174,-8.126263003482526
2024,3,two windows down in a row,124456,0.01649318735624794,7.355953262751862,124456,0.018611754325034813,8.763702799481152
2024,3,three windows up in a row,62146,-0.02297872688572744,-7.335707124267821,62146,-0.021618722953576197,-7.500335318574107
2024,3,three windows down in a row,58193,0.01950945303462004,6.6082296678703685,58193,0.022142949714908267,7.855505744969584
2024,3,RSI14 above 70,23089,-0.03919171611079464,-8.043677061764237,23089,-0.041130883051134826,-8.781622539153972
2024,3,RSI14 below 30,19954,0.050191575346538064,9.764744314565029,19954,0.0503196999389941,10.22551527846387
2024,3,RSI60 above 65,4101,-0.016781119290647017,-1.4269255371835994,4101,-0.012727800099410158,-1.2066492047903288
2024,3,RSI60 below 35,2325,0.044864916118302345,3.1816013566379753,2325,0.033307791874509385,2.4808151050853255
2024,3,MACD histogram positive,261260,-0.009811422086571542,-4.695408910827573,261260,-0.012852243213883952,-6.504875592507749
2024,3,MACD histogram negative,265778,0.009811422086571542,4.695408910827571,265778,0.012852243213883952,6.504875592507764
2024,3,above upper Bollinger band,26829,-0.03005841258603631,-7.672018197036842,26829,-0.03850109510685823,-10.033691447193833
2024,3,below lower Bollinger band,27080,0.03211406700555752,7.823329201984953,27080,0.04073580866169424,10.583824580435078
2024,3,EMA9 above EMA21 by 10 bp,33742,-0.018794037157576438,-4.190128405244867,33742,-0.015796955841765215,-3.772585423042021
2024,3,EMA9 below EMA21 by 10 bp,32196,0.031179535779007783,7.487128073365252,32196,0.026906457561614916,6.854519089603231
2024,3,ADX14 above 30 (trending),140641,0.002941691933770807,1.3209640375789296,140641,0.0032324300466723965,1.5662653523488295
2024,3,ADX14 below 15 (ranging),65086,-0.0022632477294977082,-0.6939962534716431,65086,-0.0013705885338125556,-0.4765474491259685
2024,3,taker buying 60 pct+ of last 15 min,62429,-0.025628543636275758,-8.161594034108665,62429,-0.02791676362545953,-9.340846876644022
2024,3,taker selling 60 pct+ of last 15 min,86307,0.02431899617828559,9.050847854491831,86307,0.024023867341200877,9.65910071971207
2024,3,volume last 5 min 3x the daily average,25235,0.013231753939439428,2.8340368998749437,25235,0.011904449136560191,2.804893122169862
2024,3,trade count last 5 min 3x average,17452,0.00587079083190889,1.152361869919909,17452,0.0090643329789728,1.8912106399016868
2024,3,OBV rising over 60 min,29977,-0.013292466842621475,-3.1920772048695647,29977,-0.013088244842490993,-3.3205150049056384
2024,3,OBV falling over 60 min,30879,0.027006179107725514,6.417686018138802,30879,0.02733029146549415,6.942503716521817
2024,3,price 30 bp+ above 60-min VWAP,49802,-0.024705268008704817,-6.9059010239805625,49802,-0.023374820783947037,-7.005495157032229
2024,3,price 30 bp+ below 60-min VWAP,42542,0.03188970611195718,8.393277695095604,42542,0.033135803323816826,8.919392730541913
2024,3,high volatility (vol60 in top decile),104670,0.002391183734885116,0.9552823188517923,104670,0.004039349715798557,1.7180797355664994
2024,3,low volatility (vol60 in bottom decile),9033,0.02918683377095066,3.8467891164379324,9033,-0.009953496649206806,-1.4037211894068318
2024,3,weekend,149760,0.0034611422006003423,1.6170838910193464,149760,-0.0005905277337376891,-0.29616931872111124
2024,3,US afternoon (14-17 UTC),87840,0.003151165504924225,1.1373972197926452,87840,0.0049339620637884885,2.0640241776967247
2024,3,Asia early (0-3 UTC),87840,-0.005168512940514458,-2.2234041008142764,87840,-0.006418505568657362,-2.886109504312407
2024,3,sweep: RSI14 < 20,2311,0.07645593066371881,5.494958042782318,2311,0.06525260477971884,4.900844079677046
2024,3,sweep: RSI14 < 25,7353,0.06797141932167294,8.742589061711598,7353,0.058928535704881546,7.876585815977296
2024,3,sweep: RSI14 < 30,19954,0.050191575346538064,9.764744314565029,19954,0.0503196999389941,10.22551527846387
2024,3,sweep: RSI14 < 35,47800,0.04378400484129785,12.546198576787571,47800,0.04696680937403752,14.218115271334826
2024,3,sweep: RSI14 > 65,52989,-0.0342668370266031,-10.453830811134768,52989,-0.03710306952995435,-11.635344743351245
2024,3,sweep: RSI14 > 70,23089,-0.03919171611079464,-8.043677061764237,23089,-0.041130883051134826,-8.781622539153972
2024,3,sweep: RSI14 > 75,8991,-0.040020015180784574,-4.954416966507867,8991,-0.04223460625507369,-5.526527965261916
2024,3,sweep: RSI14 > 80,3022,-0.034560081634762874,-2.5806293553429374,3022,-0.041708357109894456,-3.3500606310888084
2024,3,sweep: RSI60 < 35,2325,0.044864916118302345,3.1816013566379753,2325,0.033307791874509385,2.4808151050853255
2024,3,sweep: RSI60 < 40,14879,0.03972277864348894,6.6721622856885165,14879,0.0384907939646455,6.981503694289224
2024,3,sweep: RSI60 < 45,79863,0.03132621227594079,10.459493098051201,79863,0.03163501859880202,10.891277948465783
2024,3,sweep: RSI60 > 55,91860,-0.02756450447037706,-9.827387613744737,91860,-0.027131462452530786,-10.105432094416027
2024,3,sweep: RSI60 > 60,19912,-0.0205224046051955,-3.8056820914271143,19912,-0.020032675704018177,-3.9205157895491247
2024,3,sweep: RSI60 > 65,4101,-0.016781119290647017,-1.4269255371835994,4101,-0.012727800099410158,-1.2066492047903288
2024,3,sweep: range position < 0.05,16192,0.038028230217087455,7.52249088131297,16192,0.03558062118308314,7.213382188603607
2024,3,sweep: range position > 0.95,23969,-0.024795118754708634,-5.187089820976608,23969,-0.024847744380612824,-5.532806295546315
2024,3,sweep: range position < 0.1,34220,0.03160376975744594,7.879141433301422,34220,0.032807794230553244,8.375472967100894
2024,3,sweep: range position > 0.90,49156,-0.022125224302036117,-6.621221181430866,49156,-0.020446621938551457,-6.420298823270821
2024,3,sweep: range position < 0.15,56015,0.02600664507587913,7.493661529466805,56015,0.026592927058906424,8.402735931950168
2024,3,sweep: range position > 0.85,77858,-0.022313113405730278,-7.961254151198797,77858,-0.021992697820901574,-8.48696828753509
2024,3,sweep: 5-min move > +1.5 sd,34123,-0.018230223387815436,-4.790389058206385,34123,-0.026366246824438944,-7.21909533832368
2024,3,sweep: 5-min move < -1.5 sd,33282,0.02692593608471805,7.656521960452789,33282,0.030993015295775694,9.063029602865258
2024,3,sweep: 15-min move > +1.5 sd,32593,-0.029328410170762043,-6.651223960596068,32593,-0.030749274052742137,-7.609546268166071
2024,3,sweep: 15-min move < -1.5 sd,30311,0.04188869948436147,11.319618485465337,30311,0.04281225960862145,11.797728012725116
2024,3,sweep: 5-min move > +2 sd,14478,-0.03155574569386427,-5.42543266296376,14478,-0.03500353911241527,-6.2924343282657365
2024,3,sweep: 5-min move < -2 sd,13985,0.04616193617947573,8.909031828319403,13985,0.04421931161626569,9.050658826339943
2024,3,sweep: 15-min move > +2 sd,12846,-0.030865878310925632,-4.576433228822275,12846,-0.03449854996913493,-5.626339559016008
2024,3,sweep: 15-min move < -2 sd,11299,0.05487564026096836,8.93474094103027,11299,0.054481804482630625,9.28515134171106
2024,3,sweep: 5-min move > +2.5 sd,6189,-0.04133980219918615,-4.8858076813186075,6189,-0.04292433342160573,-5.293152576272772
2024,3,sweep: 5-min move < -2.5 sd,5910,0.05491877167350456,7.05094627520715,5910,0.054199831416068434,7.268491689815965
2024,3,sweep: 15-min move > +2.5 sd,4899,-0.0358381210948599,-3.411183330020538,4899,-0.034611900092950676,-3.5970733521872007
2024,3,sweep: 15-min move < -2.5 sd,4090,0.0587114927329514,5.590576718158457,4090,0.052914234597004395,5.2741296390131005
2024,3,sweep: 5-min move > +3 sd,2665,-0.04740916042072779,-3.8436116202062944,2665,-0.04217840737653744,-3.5569344292647056
2024,3,sweep: 5-min move < -3 sd,2516,0.06448747500404162,5.43684405936867,2516,0.06472598120360551,5.693454648515394
2024,3,sweep: 15-min move > +3 sd,1856,-0.00784068501572982,-0.4690653765091121,1856,-0.01898376789314027,-1.207985368118022
2024,3,sweep: 15-min move < -3 sd,1413,0.07452962090592452,4.238549372694039,1413,0.062169393932508754,3.386390833437787
2024,3,sweep: 4h return > +25 bp,196291,-0.01281476764789985,-6.2763843825684225,196291,-0.010049299462787209,-5.560155276780266
2024,3,sweep: 4h return < -25 bp,174250,0.01197607420156932,5.763507593892561,174250,0.01244236954936001,6.604979385505027
2024,3,sweep: 4h return > +50 bp,134521,-0.014210068072270932,-5.924468931890434,134521,-0.011067951518238417,-5.155903356901028
2024,3,sweep: 4h return < -50 bp,117804,0.010138808372298969,4.146576612691079,117804,0.009835444684884842,4.555767378435359
2024,3,sweep: 4h return > +100 bp,65442,-0.011214037753390083,-3.602081199172612,65442,-0.0096686580362082,-3.2203328722683087
2024,3,sweep: 4h return < -100 bp,56906,0.009364399463239748,2.7178117538516506,56906,0.010171666547929004,3.3044241002157735
2024,3,sweep: taker buy share > 0.1 (15 min),136832,-0.027122826349315954,-11.570194586377387,136832,-0.025829545878927884,-11.798504058267994
2024,3,sweep: taker sell share > 0.1 (15 min),173817,0.026159377908552994,12.15747797057766,173817,0.02447340368137013,12.088540401358648
2024,3,sweep: taker buy share > 0.2 (15 min),62429,-0.025628543636275758,-8.161594034108665,62429,-0.02791676362545953,-9.340846876644022
2024,3,sweep: taker sell share > 0.2 (15 min),86307,0.02431899617828559,9.050847854491831,86307,0.024023867341200877,9.65910071971207
2024,3,sweep: taker buy share > 0.3 (15 min),22363,-0.02894959114349427,-6.17243127619575,22363,-0.03292540472114508,-7.500985619561377
2024,3,sweep: taker sell share > 0.3 (15 min),35269,0.024946405571957486,6.236991839583344,35269,0.024747166008964983,6.602483118190719
2024,3,sweep: price > VWAP60 + 15 bp,122156,-0.022916100481556123,-9.343591766473248,122156,-0.022370480475132626,-9.266691470352953
2024,3,sweep: price < VWAP60 - 15 bp,107863,0.026500870267972487,10.514327758007626,107863,0.030686618726078252,12.75575755144021
2024,3,sweep: price > VWAP60 + 30 bp,49802,-0.024705268008704817,-6.9059010239805625,49802,-0.023374820783947037,-7.005495157032229
2024,3,sweep: price < VWAP60 - 30 bp,42542,0.03188970611195718,8.393277695095604,42542,0.033135803323816826,8.919392730541913
2024,3,sweep: price > VWAP60 + 50 bp,17961,-0.01854682140945535,-3.5167771231934943,17961,-0.018960783650878277,-3.8789773401106498
2024,3,sweep: price < VWAP60 - 50 bp,15122,0.023674686859846528,4.174662294337969,15122,0.02221982390707633,3.876742845603437
2024,3,sweep: previous window up,265888,-0.016674534471213087,-7.772659148019635,265888,-0.019431077517171547,-9.520810355815573
2024,3,sweep: previous window down,261150,0.016674534471213087,7.772659148019619,261150,0.019431077517171547,9.520810355815566
2024,3,sweep: two windows up,129200,-0.016823743128824953,-7.606329997161472,129200,-0.017202371931746174,-8.126263003482526
2024,3,sweep: two windows down,124456,0.01649318735624794,7.355953262751862,124456,0.018611754325034813,8.763702799481152
2024,3,sweep: MACD hist > 0,261260,-0.009811422086571542,-4.695408910827573,261260,-0.012852243213883952,-6.504875592507749
2024,3,sweep: MACD hist < 0,265778,0.009811422086571542,4.695408910827571,265778,0.012852243213883952,6.504875592507764
2024,3,sweep: OBV rising,29977,-0.013292466842621475,-3.1920772048695647,29977,-0.013088244842490993,-3.3205150049056384
2024,3,sweep: OBV falling,30879,0.027006179107725514,6.417686018138802,30879,0.02733029146549415,6.942503716521817
2024,3,sweep: EMA9 > EMA21 + 10 bp,33742,-0.018794037157576438,-4.190128405244867,33742,-0.015796955841765215,-3.772585423042021
2024,3,sweep: EMA9 < EMA21 - 10 bp,32196,0.031179535779007783,7.487128073365252,32196,0.026906457561614916,6.854519089603231
2024,3,sweep: larger trades than usual (size5 > 1.2),116235,0.0035442252018437204,1.498265873061024,116235,0.0035926108805659496,1.6002473180710493
2024,3,sweep: more trades than usual (nratio5 > 1.5),84411,0.006374109066838551,2.347507625317378,84411,0.0066031228886164195,2.474688395627513
2024,5,price at 4h high (rangepos >= 0.98),11000,-0.030248105311891538,-4.339458126928695,11000,-0.035253648970226814,-5.192214080138984
2024,5,price at 4h low (rangepos <= 0.02),7307,0.06283137415613316,8.270836191274297,7307,0.05705239127234163,7.749698379879685
2024,5,upper quarter of 4h range,139027,-0.03094787218687478,-10.61665126387086,139027,-0.029980060289769128,-10.945240180945913
2024,5,lower quarter of 4h range,106928,0.03153468997243419,9.868833676490699,106928,0.03224975516688111,10.87338686955182
2024,5,last 5 min up more than 2 sd,14478,-0.03437404240467329,-5.195324333053246,14478,-0.03767350357041477,-5.873912317165261
2024,5,last 5 min down more than 2 sd,13985,0.048360594027117454,8.438956738712951,13985,0.04989661562860126,8.405793362993899
2024,5,last 15 min up more than 2 sd,12846,-0.03812343387334427,-4.925182747094637,12846,-0.03776817015764261,-5.15481393447227
2024,5,last 15 min down more than 2 sd,11299,0.06915039848534033,9.560511772923542,11299,0.06620841323861604,9.819785874814828
2024,5,4h return above +50 bp,134521,-0.019199249906910576,-6.612488132501392,134521,-0.01877715980253586,-6.996302956533796
2024,5,4h return below -50 bp,117803,0.020126590342700756,6.825890823466337,117803,0.019163187257591974,6.99189843815868
2024,5,previous window up,265886,-0.024349411852076897,-9.535746801755028,265886,-0.027282785662321063,-11.073583119805779
2024,5,previous window down,261150,0.024349411852076897,9.535746801755037,261150,0.027282785662321063,11.073583119805795
2024,5,two windows up in a row,129200,-0.022565772003006856,-8.383740679218713,129200,-0.024283520673468784,-9.531101064465577
2024,5,two windows down in a row,124456,0.02290228364517527,8.51698110422471,124456,0.024021464858853314,9.377426858282536
2024,5,three windows up in a row,62146,-0.028769167428995546,-7.858759049420658,62146,-0.02921439846925844,-8.262745073452962
2024,5,three windows down in a row,58193,0.02834684999386261,8.28991959795081,58193,0.030443346012118067,9.326430618426741
2024,5,RSI14 above 70,23089,-0.04589316532288357,-7.983384346238371,23089,-0.04677319390671564,-8.41216302184913
2024,5,RSI14 below 30,19954,0.06605729580431441,11.372873730245498,19954,0.06379441549796472,11.985003711748833
2024,5,RSI60 above 65,4101,-0.021891402452181186,-1.5808246629258607,4101,-0.011261911603645869,-0.8557709682444674
2024,5,RSI60 below 35,2325,0.0685468004578782,4.0549382655793105,2325,0.05773684942758972,3.4530208002888427
2024,5,MACD histogram positive,261258,-0.014485200541603405,-5.745198336613546,261258,-0.018366773004911185,-7.489865776833199
2024,5,MACD histogram negative,265778,0.014485200541603405,5.74519833661354,265778,0.018366773004911185,7.489865776833196
2024,5,above upper Bollinger band,26829,-0.02892059983376205,-6.760992383339608,26829,-0.035111434792977736,-7.998229032393987
2024,5,below lower Bollinger band,27080,0.034105961738222335,8.214096024107178,27080,0.04222951737921321,10.1854815855492
2024,5,EMA9 above EMA21 by 10 bp,33742,-0.026064802757486627,-4.8810404073934395,33742,-0.02213167911111974,-4.338223368319676
2024,5,EMA9 below EMA21 by 10 bp,32196,0.04137393113730814,7.956133889951196,32196,0.039959236821827115,8.04803806849385
2024,5,ADX14 above 30 (trending),140641,0.0047062182417766385,1.7503533609661466,140641,0.0040479500803710655,1.5565750698836485
2024,5,ADX14 below 15 (ranging),65086,-0.004316273335868703,-1.112940111497658,65086,-0.003538708160683579,-0.9676285767616223
2024,5,taker buying 60 pct+ of last 15 min,62429,-0.03442671041067247,-9.06812910766541,62429,-0.03402776171952754,-9.305405270356296
2024,5,taker selling 60 pct+ of last 15 min,86307,0.028357443354048606,8.503399605288172,86307,0.029598030969737454,9.312565436147617
2024,5,volume last 5 min 3x the daily average,25235,0.01883911799786331,3.418860259283843,25235,0.01793677528999227,3.322851514298118
2024,5,trade count last 5 min 3x average,17452,0.012546254624454911,2.0514802046119063,17452,0.013218978015149374,2.202530830603583
2024,5,OBV rising over 60 min,29977,-0.02413595776260491,-4.6385944386244296,29977,-0.021009432973961184,-4.307434723909255
2024,5,OBV falling over 60 min,30879,0.03241174395116164,6.5439977246314065,30879,0.0335658006627384,6.955913012233775
2024,5,price 30 bp+ above 60-min VWAP,49802,-0.02852089759423726,-6.797283369166895,49802,-0.025864701423367886,-6.434372806196802
2024,5,price 30 bp+ below 60-min VWAP,42542,0.04089696054299197,8.933501449992809,42542,0.040372402312718936,9.32557651192563
2024,5,high volatility (vol60 in top decile),104670,0.004344180555530097,1.4143633177872355,104670,0.006109220866885701,2.0916020173583987
2024,5,low volatility (vol60 in bottom decile),9033,0.0038507017918067987,0.46232055297680796,9033,-0.009263584353323029,-1.1504792776993522
2024,5,weekend,149760,-0.0009503167550011238,-0.38440425941737916,149760,-0.0014745022500700644,-0.6304036717390031
2024,5,US afternoon (14-17 UTC),87840,0.007641142758938679,2.235231890899023,87840,0.006336507634226329,1.9733599417652496
2024,5,Asia early (0-3 UTC),87840,-0.004285104852382093,-1.419240232251149,87840,-0.005576078754171876,-1.9699375669628474
2024,5,sweep: RSI14 < 20,2311,0.08332575186866642,5.638246860443755,2311,0.08287366449125366,5.837042434465842
2024,5,sweep: RSI14 < 25,7353,0.08214274304624725,9.066068737523437,7353,0.08095899486397162,9.785032696638927
2024,5,sweep: RSI14 < 30,19954,0.06605729580431441,11.372873730245498,19954,0.06379441549796472,11.985003711748833
2024,5,sweep: RSI14 < 35,47800,0.05290327323989291,13.29588805848599,47800,0.054955965476570445,14.17739689027158
2024,5,sweep: RSI14 > 65,52989,-0.04124477871411475,-10.629253222452341,52989,-0.04366045390448359,-11.26602668053649
2024,5,sweep: RSI14 > 70,23089,-0.04589316532288357,-7.983384346238371,23089,-0.04677319390671564,-8.41216302184913
2024,5,sweep: RSI14 > 75,8991,-0.052576752580291486,-6.1536668271815245,8991,-0.0545552043328405,-6.440570931649448
2024,5,sweep: RSI14 > 80,3022,-0.04275986715456909,-2.8741537346516974,3022,-0.04380143884334564,-3.0758944211307835
2024,5,sweep: RSI60 < 35,2325,0.0685468004578782,4.0549382655793105,2325,0.05773684942758972,3.4530208002888427
2024,5,sweep: RSI60 < 40,14879,0.055742701658180516,7.56534534388174,14879,0.05429420313164235,7.7837262648597125
2024,5,sweep: RSI60 < 45,79863,0.04299117241373085,12.434407843642498,79863,0.04438259360923752,13.438440216669889
2024,5,sweep: RSI60 > 55,91860,-0.036848628496577496,-10.909694065978776,91860,-0.03653683280831471,-11.324780535347927
2024,5,sweep: RSI60 > 60,19912,-0.030044190716195907,-4.5704105597926,19912,-0.030435520236002045,-4.9081899947000425
2024,5,sweep: RSI60 > 65,4101,-0.021891402452181186,-1.5808246629258607,4101,-0.011261911603645869,-0.8557709682444674
2024,5,sweep: range position < 0.05,16192,0.0543815361878226,9.146615390471222,16192,0.05328165426104259,9.336746479299881
2024,5,sweep: range position > 0.95,23969,-0.03656417345174873,-6.758155930159696,23969,-0.040030323742588025,-7.543504708132925
2024,5,sweep: range position < 0.1,34220,0.045753051616520435,9.92821308104408,34220,0.04693522018221041,10.518686265504547
2024,5,sweep: range position > 0.90,49156,-0.032166993413139555,-7.7321548181955215,49156,-0.03302053810192673,-8.335553389875733
2024,5,sweep: range position < 0.15,56015,0.03870677484364121,9.7984875929109,56015,0.04003995492564727,10.602062655446971
2024,5,sweep: range position > 0.85,77858,-0.031357309206404727,-8.942018020580084,77858,-0.03142186334965791,-9.603124047489942
2024,5,sweep: 5-min move > +1.5 sd,34123,-0.021436550276579258,-4.977058317189113,34123,-0.02611469922963444,-6.1248933713651486
2024,5,sweep: 5-min move < -1.5 sd,33282,0.03099957674089071,8.115991516921396,33282,0.0360548849736102,9.486272774298456
2024,5,sweep: 15-min move > +1.5 sd,32593,-0.03385861682025659,-6.767885922074167,32593,-0.03478271816655143,-7.220590834766369
2024,5,sweep: 15-min move < -1.5 sd,30311,0.05440962975099317,12.499403400239807,30311,0.05279314723075479,12.793113494853321
2024,5,sweep: 5-min move > +2 sd,14478,-0.03437404240467329,-5.195324333053246,14478,-0.03767350357041477,-5.873912317165261
2024,5,sweep: 5-min move < -2 sd,13985,0.048360594027117454,8.438956738712951,13985,0.04989661562860126,8.405793362993899
2024,5,sweep: 15-min move > +2 sd,12846,-0.03812343387334427,-4.925182747094637,12846,-0.03776817015764261,-5.15481393447227
2024,5,sweep: 15-min move < -2 sd,11299,0.06915039848534033,9.560511772923542,11299,0.06620841323861604,9.819785874814828
2024,5,sweep: 5-min move > +2.5 sd,6189,-0.043164753464479344,-4.51149123405779,6189,-0.04497522935070891,-4.8698981678359665
2024,5,sweep: 5-min move < -2.5 sd,5910,0.06015856735265557,7.388730865080562,5910,0.05803136632427974,7.072390399734826
2024,5,sweep: 15-min move > +2.5 sd,4899,-0.04287853784840834,-3.5677657098645432,4899,-0.03540461878991613,-3.2237556775540157
2024,5,sweep: 15-min move < -2.5 sd,4090,0.06984858408480366,5.503983709076751,4090,0.06621112791526751,5.462323055623773
2024,5,sweep: 5-min move > +3 sd,2665,-0.04700061712103687,-3.5587657618670554,2665,-0.045713360579389906,-3.5329058586064934
2024,5,sweep: 5-min move < -3 sd,2516,0.07326019446714671,5.843966721150194,2516,0.06456301571869427,5.083605813895475
2024,5,sweep: 15-min move > +3 sd,1856,-0.03246897861619863,-1.6236540604650596,1856,-0.02036976074541269,-1.079103936741986
2024,5,sweep: 15-min move < -3 sd,1413,0.08595768481247901,3.9564842899269177,1413,0.0907899581311592,4.33849137536627
2024,5,sweep: 4h return > +25 bp,196291,-0.017495258253790336,-6.900135703239477,196291,-0.016574688779703417,-7.11609261235441
2024,5,sweep: 4h return < -25 bp,174248,0.020860218252922613,8.175391328531331,174248,0.02091309689835069,8.876712516278394
2024,5,sweep: 4h return > +50 bp,134521,-0.019199249906910576,-6.612488132501392,134521,-0.01877715980253586,-6.996302956533796
2024,5,sweep: 4h return < -50 bp,117803,0.020126590342700756,6.825890823466337,117803,0.019163187257591974,6.99189843815868
2024,5,sweep: 4h return > +100 bp,65442,-0.016672253340450527,-4.125330203899236,65442,-0.01660569831123082,-4.488044216503318
2024,5,sweep: 4h return < -100 bp,56906,0.01922389688706827,4.556473105491161,56906,0.019083677118708064,4.702537019193312
2024,5,sweep: taker buy share > 0.1 (15 min),136830,-0.0323057278092852,-11.510156665852984,136830,-0.03339900338543911,-12.615836926609456
2024,5,sweep: taker sell share > 0.1 (15 min),173817,0.030347483248832574,11.754618340927818,173817,0.03143438790717962,12.903432189714774
2024,5,sweep: taker buy share > 0.2 (15 min),62429,-0.03442671041067247,-9.06812910766541,62429,-0.03402776171952754,-9.305405270356296
2024,5,sweep: taker sell share > 0.2 (15 min),86307,0.028357443354048606,8.503399605288172,86307,0.029598030969737454,9.312565436147617
2024,5,sweep: taker buy share > 0.3 (15 min),22363,-0.03868703730803663,-6.79126651018438,22363,-0.03907737100488423,-7.126856239763362
2024,5,sweep: taker sell share > 0.3 (15 min),35269,0.02857979240058317,5.799210932860064,35269,0.030590520546101896,6.397075498679531
2024,5,sweep: price > VWAP60 + 15 bp,122156,-0.027120063303275488,-9.074600928386548,122156,-0.02798905952248476,-9.865080537427644
2024,5,sweep: price < VWAP60 - 15 bp,107863,0.03549189401214614,11.740854525048682,107863,0.03752184775763817,13.169314613463493
2024,5,sweep: price > VWAP60 + 30 bp,49802,-0.02852089759423726,-6.797283369166895,49802,-0.025864701423367886,-6.434372806196802
2024,5,sweep: price < VWAP60 - 30 bp,42542,0.04089696054299197,8.933501449992809,42542,0.040372402312718936,9.32557651192563
2024,5,sweep: price > VWAP60 + 50 bp,17961,-0.02177236828966428,-3.430328156121376,17961,-0.018774858499624847,-3.012149357019171
2024,5,sweep: price < VWAP60 - 50 bp,15122,0.03748320826709495,5.425712436831994,15122,0.035738086879846365,5.48255183867769
2024,5,sweep: previous window up,265886,-0.024349411852076897,-9.535746801755028,265886,-0.027282785662321063,-11.073583119805779
2024,5,sweep: previous window down,261150,0.024349411852076897,9.535746801755037,261150,0.027282785662321063,11.073583119805795
2024,5,sweep: two windows up,129200,-0.022565772003006856,-8.383740679218713,129200,-0.024283520673468784,-9.531101064465577
2024,5,sweep: two windows down,124456,0.02290228364517527,8.51698110422471,124456,0.024021464858853314,9.377426858282536
2024,5,sweep: MACD hist > 0,261258,-0.014485200541603405,-5.745198336613546,261258,-0.018366773004911185,-7.489865776833199
2024,5,sweep: MACD hist < 0,265778,0.014485200541603405,5.74519833661354,265778,0.018366773004911185,7.489865776833196
2024,5,sweep: OBV rising,29977,-0.02413595776260491,-4.6385944386244296,29977,-0.021009432973961184,-4.307434723909255
2024,5,sweep: OBV falling,30879,0.03241174395116164,6.5439977246314065,30879,0.0335658006627384,6.955913012233775
2024,5,sweep: EMA9 > EMA21 + 10 bp,33742,-0.026064802757486627,-4.8810404073934395,33742,-0.02213167911111974,-4.338223368319676
2024,5,sweep: EMA9 < EMA21 - 10 bp,32196,0.04137393113730814,7.956133889951196,32196,0.039959236821827115,8.04803806849385
2024,5,sweep: larger trades than usual (size5 > 1.2),116235,0.0018650057770654982,0.6706309332531156,116235,0.0010688431484227046,0.4004570117887721
2024,5,sweep: more trades than usual (nratio5 > 1.5),84411,0.00957597689798928,2.846843186693683,84411,0.011171500067927553,3.532334670837902
2024,10,price at 4h high (rangepos >= 0.98),11000,-0.056320988996256593,-6.511566981828847,11000,-0.059780835929342524,-7.08756123924546
2024,10,price at 4h low (rangepos <= 0.02),7307,0.08653202801052562,10.345596057367047,7307,0.08618254574060613,10.213423238970968
2024,10,upper quarter of 4h range,139027,-0.039214635353919614,-10.341700904301728,139027,-0.03975962437013103,-10.828714542394454
2024,10,lower quarter of 4h range,106928,0.04143314699422118,10.250328467291881,106928,0.04339618471517903,11.022452310653994
2024,10,last 5 min up more than 2 sd,14477,-0.026633746697344918,-3.969579963502686,14477,-0.0345235426345718,-5.140328419206537
2024,10,last 5 min down more than 2 sd,13985,0.05279136066695933,9.460512658545722,13985,0.050863173117410176,8.990076633410276
2024,10,last 15 min up more than 2 sd,12846,-0.04475506844206778,-4.856531050143807,12846,-0.049593299194790996,-5.487929911322041
2024,10,last 15 min down more than 2 sd,11299,0.07550834217118685,8.477424415129844,11299,0.07223772570406717,8.373982635634949
2024,10,4h return above +50 bp,134521,-0.027112922731694966,-7.313374704868663,134521,-0.026766679778118974,-7.3245107568800085
2024,10,4h return below -50 bp,117803,0.02760233262973516,7.110631293254672,117803,0.028127200594464552,7.326912818919001
2024,10,previous window up,265881,-0.03574526187872917,-11.637331353676878,265881,-0.039644372047342114,-12.979516227984973
2024,10,previous window down,261150,0.03574526187872917,11.637331353676842,261150,0.039644372047342114,12.979516227984982
2024,10,two windows up in a row,129200,-0.02829607591281369,-8.775808189897235,129200,-0.031117024382827374,-9.725455810612841
2024,10,two windows down in a row,124456,0.033950881783943676,9.827092545927444,124456,0.03788781991672646,11.186822946535084
2024,10,three windows up in a row,62146,-0.03722191150235904,-8.909709089789775,62146,-0.03818679356847188,-9.244330339635061
2024,10,three windows down in a row,58193,0.03878076941855502,9.501681270862424,58193,0.04287145343155074,10.591947454800142
2024,10,RSI14 above 70,23089,-0.055233789607103345,-8.10131293356752,23089,-0.05863807688986822,-8.88784021195875
2024,10,RSI14 below 30,19954,0.06905705407810803,10.684554052516368,19954,0.07034763000474054,11.068263639864764
2024,10,RSI60 above 65,4101,-0.025685863421276378,-1.4661200058883328,4101,-0.02042845605296062,-1.1922768385805822
2024,10,RSI60 below 35,2325,0.07756915301140066,3.729176899521429,2325,0.06970204266770352,3.4838010900463905
2024,10,MACD histogram positive,261253,-0.023032724994684783,-7.623060117344152,261253,-0.02669326098441399,-9.018795614535506
2024,10,MACD histogram negative,265778,0.023032724994684783,7.623060117344144,265778,0.02669326098441399,9.018795614535508
2024,10,above upper Bollinger band,26827,-0.03531614403816996,-7.442197764728177,26827,-0.04273475253870379,-8.99136488974993
2024,10,below lower Bollinger band,27080,0.0461463981224961,10.29182836482838,27080,0.04771119556422587,10.612960586340135
2024,10,EMA9 above EMA21 by 10 bp,33742,-0.029458066387550386,-4.504411552808504,33742,-0.029696809352919185,-4.49707877855682
2024,10,EMA9 below EMA21 by 10 bp,32196,0.04763437618839661,7.592785566217573,32196,0.04756606467884439,7.819331170372418
2024,10,ADX14 above 30 (trending),140641,0.0037897337063669267,1.0560210084255681,140641,0.0034480322656061935,0.9887489999764701
2024,10,ADX14 below 15 (ranging),65086,-0.004443215373897247,-0.8846389550009229,65086,-0.004160897639197636,-0.8476872209087241
2024,10,taker buying 60 pct+ of last 15 min,62429,-0.0438982072341072,-9.627433050101313,62429,-0.0465655880961548,-10.34693094901702
2024,10,taker selling 60 pct+ of last 15 min,86307,0.036890165688136634,9.01131681441426,86307,0.0392360910917573,9.749583566586942
2024,10,volume last 5 min 3x the daily average,25235,0.018739209780856747,2.9905652438774672,25235,0.019678613252186894,3.0885626315793653
2024,10,trade count last 5 min 3x average,17452,0.01815477707463864,2.595199604895341,17452,0.021469168795996363,3.033984631709847
2024,10,OBV rising over 60 min,29977,-0.03466219865066478,-5.407062887698897,29977,-0.03246279717114964,-5.1896558673662065
2024,10,OBV falling over 60 min,30878,0.041847217977337925,6.515319818212129,30878,0.04403124808544179,7.01409074450162
2024,10,price 30 bp+ above 60-min VWAP,49802,-0.03222537166076134,-6.1665843330939465,49802,-0.03298121186978842,-6.34829112105043
2024,10,price 30 bp+ below 60-min VWAP,42542,0.050388218923321015,8.8136848554429,42542,0.0518571994923242,9.529926995289497
2024,10,high volatility (vol60 in top decile),104670,0.006177906764028407,1.5125226649777783,104670,0.0052784306965175665,1.3425231329267497
2024,10,low volatility (vol60 in bottom decile),9033,-0.009841729788008124,-0.8160887938031313,9033,-0.011410975533016399,-1.0781904482012128
2024,10,weekend,149760,-0.0017901333116391305,-0.594426881783903,149760,-0.002397717244877806,-0.8329222093037036
2024,10,US afternoon (14-17 UTC),87840,0.007974683967179486,1.704459070547629,87840,0.008313945273296985,1.8365680272857077
2024,10,Asia early (0-3 UTC),87840,-0.003733006292008345,-0.9247739219818526,87840,-0.004104129925771527,-1.0369618350027179
2024,10,sweep: RSI14 < 20,2311,0.09674639439276644,5.794721873265774,2311,0.08361434313668126,4.989454015131906
2024,10,sweep: RSI14 < 25,7353,0.08487322742545833,8.305020862282968,7353,0.08232128469459032,8.200007435473324
2024,10,sweep: RSI14 < 30,19954,0.06905705407810803,10.684554052516368,19954,0.07034763000474054,11.068263639864764
2024,10,sweep: RSI14 < 35,47800,0.06026983017222087,12.935943260672515,47800,0.06441652250774249,13.837695955361504
2024,10,sweep: RSI14 > 65,52988,-0.04983416154649867,-10.547897106795679,52988,-0.053527010556441545,-11.361840473753485
2024,10,sweep: RSI14 > 70,23089,-0.055233789607103345,-8.10131293356752,23089,-0.05863807688986822,-8.88784021195875
2024,10,sweep: RSI14 > 75,8991,-0.05411335781770504,-5.485145081823397,8991,-0.060443833146713255,-6.1586077116382905
2024,10,sweep: RSI14 > 80,3022,-0.03771786804491295,-2.2782947188855918,3022,-0.04736072231313537,-2.81398377104233
2024,10,sweep: RSI60 < 35,2325,0.07756915301140066,3.729176899521429,2325,0.06970204266770352,3.4838010900463905
2024,10,sweep: RSI60 < 40,14879,0.07543018559200776,8.06100971403441,14879,0.0752264003024482,8.149092222927086
2024,10,sweep: RSI60 < 45,79863,0.056367359445337606,12.821587109375836,79863,0.05914365239628622,13.995755124967967
2024,10,sweep: RSI60 > 55,91860,-0.05033676236743384,-11.807494246163149,91860,-0.05116473317220477,-12.558524389280155
2024,10,sweep: RSI60 > 60,19912,-0.040661569710676304,-4.757164200871014,19912,-0.04176999644826351,-4.933297912296842
2024,10,sweep: RSI60 > 65,4101,-0.025685863421276378,-1.4661200058883328,4101,-0.02042845605296062,-1.1922768385805822
2024,10,sweep: range position < 0.05,16192,0.07140400226034416,10.21930568382206,16192,0.07468536323531072,10.700476053127092
2024,10,sweep: range position > 0.95,23969,-0.05679602494149766,-8.59844056011509,23969,-0.05836337280880305,-8.983394228707706
2024,10,sweep: range position < 0.1,34220,0.062223344974677075,10.730414866291184,34220,0.06496170815997088,11.204736315569365
2024,10,sweep: range position > 0.90,49156,-0.0499430898723473,-9.538591902462592,49156,-0.05147557441865619,-10.097993523602392
2024,10,sweep: range position < 0.15,56015,0.0545734619946705,10.904786590011362,56015,0.056251894569566196,11.52692013237627
2024,10,sweep: range position > 0.85,77858,-0.04570997238773561,-10.153683309589386,77858,-0.04623074498516405,-10.549182329490446
2024,10,sweep: 5-min move > +1.5 sd,34120,-0.02170498033903112,-4.692085578466829,34120,-0.027640586179266957,-5.888498026415136
2024,10,sweep: 5-min move < -1.5 sd,33282,0.03701816343732478,9.061853568738192,33282,0.03789384128618278,9.1999551000936
2024,10,sweep: 15-min move > +1.5 sd,32593,-0.04081155041500972,-6.703175254511998,32593,-0.04443940304257016,-7.362356346174786
2024,10,sweep: 15-min move < -1.5 sd,30311,0.058838791883883634,10.762321026622555,30311,0.05965421476057098,10.929868637810078
2024,10,sweep: 5-min move > +2 sd,14477,-0.026633746697344918,-3.969579963502686,14477,-0.0345235426345718,-5.140328419206537
2024,10,sweep: 5-min move < -2 sd,13985,0.05279136066695933,9.460512658545722,13985,0.050863173117410176,8.990076633410276
2024,10,sweep: 15-min move > +2 sd,12846,-0.04475506844206778,-4.856531050143807,12846,-0.049593299194790996,-5.487929911322041
2024,10,sweep: 15-min move < -2 sd,11299,0.07550834217118685,8.477424415129844,11299,0.07223772570406717,8.373982635634949
2024,10,sweep: 5-min move > +2.5 sd,6189,-0.032806526673317626,-3.4703725567745596,6189,-0.04439813043469276,-4.622874054327533
2024,10,sweep: 5-min move < -2.5 sd,5910,0.06242564533152983,7.53749679150268,5910,0.050961601842385074,6.116690886506995
2024,10,sweep: 15-min move > +2.5 sd,4899,-0.03734361265403768,-2.6408852939470284,4899,-0.041945711827350796,-2.935493734511493
2024,10,sweep: 15-min move < -2.5 sd,4090,0.07540659322276067,5.0304295337216125,4090,0.06884937895610521,4.796479146860547
2024,10,sweep: 5-min move > +3 sd,2665,-0.023612652317328287,-1.7202011388790726,2665,-0.04137408384941499,-2.93320607874391
2024,10,sweep: 5-min move < -3 sd,2516,0.09081502001387087,6.923815542336565,2516,0.07637986395093099,5.7123140111814905
2024,10,sweep: 15-min move > +3 sd,1856,-0.0023488906817595856,-0.10840782097111856,1856,-0.014444088218541262,-0.6362325291912847
2024,10,sweep: 15-min move < -3 sd,1413,0.10407952175095647,4.205939561533779,1413,0.09022774113665122,3.739859602691476
2024,10,sweep: 4h return > +25 bp,196291,-0.02650090992483728,-8.058878802440438,196291,-0.026406189310977046,-8.181862683302603
2024,10,sweep: 4h return < -25 bp,174243,0.027623538123990876,8.074477148333637,174243,0.028688213871863766,8.542907286173834
2024,10,sweep: 4h return > +50 bp,134521,-0.027112922731694966,-7.313374704868663,134521,-0.026766679778118974,-7.3245107568800085
2024,10,sweep: 4h return < -50 bp,117803,0.02760233262973516,7.110631293254672,117803,0.028127200594464552,7.326912818919001
2024,10,sweep: 4h return > +100 bp,65442,-0.026566652334167717,-5.2404756938618435,65442,-0.02436435931759312,-4.894484661635105
2024,10,sweep: 4h return < -100 bp,56906,0.02638773806232997,4.783650038428204,56906,0.02627598953097976,4.83418822123289
2024,10,sweep: taker buy share > 0.1 (15 min),136827,-0.038371593137080884,-11.143867797051135,136827,-0.03989698221177751,-11.744357233437173
2024,10,sweep: taker sell share > 0.1 (15 min),173817,0.03586836952349909,11.774998860918933,173817,0.03706189021718209,12.38736729073612
2024,10,sweep: taker buy share > 0.2 (15 min),62429,-0.0438982072341072,-9.627433050101313,62429,-0.0465655880961548,-10.34693094901702
2024,10,sweep: taker sell share > 0.2 (15 min),86307,0.036890165688136634,9.01131681441426,86307,0.0392360910917573,9.749583566586942
2024,10,sweep: taker buy share > 0.3 (15 min),22363,-0.04179216683598641,-6.210677270451159,22363,-0.04456625896849348,-6.607335430262976
2024,10,sweep: taker sell share > 0.3 (15 min),35269,0.03916714100266161,6.528231364637664,35269,0.0412328110941208,7.024142791868185
2024,10,sweep: price > VWAP60 + 15 bp,122155,-0.032800364287912886,-8.898085516169537,122155,-0.03591742865027481,-9.929639464975224
2024,10,sweep: price < VWAP60 - 15 bp,107863,0.046076621023695696,11.950649422717882,107863,0.04885831043782268,13.153396000665012
2024,10,sweep: price > VWAP60 + 30 bp,49802,-0.03222537166076134,-6.1665843330939465,49802,-0.03298121186978842,-6.34829112105043
2024,10,sweep: price < VWAP60 - 30 bp,42542,0.050388218923321015,8.8136848554429,42542,0.0518571994923242,9.529926995289497
2024,10,sweep: price > VWAP60 + 50 bp,17961,-0.021320916870950724,-2.7544835657958346,17961,-0.02431244740041505,-3.1076875749671466
2024,10,sweep: price < VWAP60 - 50 bp,15122,0.04304910697191511,4.989606054650669,15122,0.04584974097654926,5.600496960695233
2024,10,sweep: previous window up,265881,-0.03574526187872917,-11.637331353676878,265881,-0.039644372047342114,-12.979516227984973
2024,10,sweep: previous window down,261150,0.03574526187872917,11.637331353676842,261150,0.039644372047342114,12.979516227984982
2024,10,sweep: two windows up,129200,-0.02829607591281369,-8.775808189897235,129200,-0.031117024382827374,-9.725455810612841
2024,10,sweep: two windows down,124456,0.033950881783943676,9.827092545927444,124456,0.03788781991672646,11.186822946535084
2024,10,sweep: MACD hist > 0,261253,-0.023032724994684783,-7.623060117344152,261253,-0.02669326098441399,-9.018795614535506
2024,10,sweep: MACD hist < 0,265778,0.023032724994684783,7.623060117344144,265778,0.02669326098441399,9.018795614535508
2024,10,sweep: OBV rising,29977,-0.03466219865066478,-5.407062887698897,29977,-0.03246279717114964,-5.1896558673662065
2024,10,sweep: OBV falling,30878,0.041847217977337925,6.515319818212129,30878,0.04403124808544179,7.01409074450162
2024,10,sweep: EMA9 > EMA21 + 10 bp,33742,-0.029458066387550386,-4.504411552808504,33742,-0.029696809352919185,-4.49707877855682
2024,10,sweep: EMA9 < EMA21 - 10 bp,32196,0.04763437618839661,7.592785566217573,32196,0.04756606467884439,7.819331170372418
2024,10,sweep: larger trades than usual (size5 > 1.2),116235,3.515398149589455e-05,0.010439510788730589,116235,0.0007137196716072713,0.21617828208029927
2024,10,sweep: more trades than usual (nratio5 > 1.5),84411,0.00930952616573777,2.2351782552904376,84411,0.009192011622252472,2.244522591408704
2024,15,price at 4h high (rangepos >= 0.98),11000,-0.06459234788380991,-7.325780500292055,11000,-0.07004267438250994,-7.818846715491363
2024,15,price at 4h low (rangepos <= 0.02),7307,0.09346906916319275,9.845601366331946,7307,0.08947092479744034,9.457146342672035
2024,15,upper quarter of 4h range,139027,-0.047026835049243876,-10.638541842188062,139027,-0.04763571556579327,-10.97148706908925
2024,15,lower quarter of 4h range,106923,0.04687544713900149,9.936222152148792,106923,0.049140541208982313,10.493874573761587
2024,15,last 5 min up more than 2 sd,14477,-0.035142864540490926,-5.189698852566609,14477,-0.04136900414894207,-6.0978196557489355
2024,15,last 5 min down more than 2 sd,13985,0.052791842129600086,8.62723674476183,13985,0.05273253798851674,8.474225495311451
2024,15,last 15 min up more than 2 sd,12846,-0.047318010770821595,-4.78665835144269,12846,-0.052755611711279626,-5.219320285896839
2024,15,last 15 min down more than 2 sd,11299,0.08024958390247272,8.251335573578405,11299,0.08046550512285011,8.1815590600489
2024,15,4h return above +50 bp,134521,-0.033762446830515436,-7.890137817500961,134521,-0.03223199222229017,-7.715783113852553
2024,15,4h return below -50 bp,117802,0.03547195927708974,7.666567749510481,117802,0.03490693102813375,7.678438530962901
2024,15,previous window up,265881,-0.037538087951791865,-10.965041323160538,265881,-0.04205656073889097,-12.324708739573099
2024,15,previous window down,261145,0.037538087951791865,10.96504132316056,261145,0.04205656073889097,12.324708739573119
2024,15,two windows up in a row,129200,-0.031181792352581783,-8.564752072009085,129200,-0.03398375694344585,-9.570533641510002
2024,15,two windows down in a row,124452,0.03646998064577833,9.676544118784758,124452,0.040239131688660223,10.753789844177422
2024,15,three windows up in a row,62146,-0.04275260617351617,-9.052815949773635,62146,-0.044638285940951816,-9.810616378169216
2024,15,three windows down in a row,58193,0.04346177029122522,9.450657304183194,58193,0.047816745123756055,10.581269083991701
2024,15,RSI14 above 70,23089,-0.054869736542487335,-7.640152921684385,23089,-0.059493364914463,-8.274166479078517
2024,15,RSI14 below 30,19954,0.06875457488390158,9.166067800236643,19954,0.07307689533079942,9.731831382478234
2024,15,RSI60 above 65,4101,-0.02169055184109947,-1.0907177678568731,4101,-0.02532048982580759,-1.2911137880334205
2024,15,RSI60 below 35,2325,0.07764576048462457,3.363576089879751,2325,0.08269903147912616,3.666978317565884
2024,15,MACD histogram positive,261250,-0.022145086166744266,-6.6071038923627015,261250,-0.026590571849690936,-7.932693327181827
2024,15,MACD histogram negative,265776,0.022145086166744266,6.607103892362709,265776,0.026590571849690936,7.932693327181855
2024,15,above upper Bollinger band,26827,-0.03916936120370157,-8.231876898120149,26827,-0.04446982380432574,-9.481876182115172
2024,15,below lower Bollinger band,27080,0.041376829111133384,8.97780083121489,27080,0.04433995621896447,9.258608736598902
2024,15,EMA9 above EMA21 by 10 bp,33742,-0.028523284559038686,-3.8065196779606723,33742,-0.028614612755275937,-3.809965215267317
2024,15,EMA9 below EMA21 by 10 bp,32196,0.051738540554557066,7.121707873653936,32196,0.05344722964462356,7.579938735063167
2024,15,ADX14 above 30 (trending),140641,0.0022648018578139695,0.5363075603352847,140641,0.0019269440620406364,0.4632291344941933
2024,15,ADX14 below 15 (ranging),65086,-0.005267298812128729,-0.926365651915114,65086,-0.005188199108247082,-0.9410332579136796
2024,15,taker buying 60 pct+ of last 15 min,62429,-0.04572701602625928,-8.993914019787946,62429,-0.0480943557028472,-9.517802281692429
2024,15,taker selling 60 pct+ of last 15 min,86307,0.038969915094945184,8.443907528342146,86307,0.04143446608328949,9.069386255383234
2024,15,volume last 5 min 3x the daily average,25235,0.013849222518858562,1.9522802841780031,25235,0.01333168738577828,1.89071816320669
2024,15,trade count last 5 min 3x average,17452,0.01206888842208731,1.4530275869273221,17452,0.015105023873374535,1.853473207494437
2024,15,OBV rising over 60 min,29977,-0.04061466488595955,-5.492504146056755,29977,-0.04252514808356156,-5.805353135247033
2024,15,OBV falling over 60 min,30873,0.04979307957998069,6.331408848269388,30873,0.048804091495696866,6.409900297956809
2024,15,price 30 bp+ above 60-min VWAP,49802,-0.03286587531756763,-5.233568088483153,49802,-0.03566146423096994,-5.864253099974863
2024,15,price 30 bp+ below 60-min VWAP,42542,0.05146359105013876,7.927704876775742,42542,0.05388647038066119,8.381590759910393
2024,15,high volatility (vol60 in top decile),104670,0.00835842890284011,1.725789058981801,104670,0.009185538157176154,1.974884760313782
2024,15,low volatility (vol60 in bottom decile),9033,-0.0048690594537101894,-0.31365463299831836,9033,-0.006929386148689376,-0.4808307582631196
2024,15,weekend,149760,-0.004879853306986703,-1.3277651675434987,149760,-0.002800666640375482,-0.7773602992884179
2024,15,US afternoon (14-17 UTC),87840,0.00882957588735711,1.5543074517232007,87840,0.008656542630028907,1.5712460966676831
2024,15,Asia early (0-3 UTC),87840,-0.008206033745638608,-1.6563371749471636,87840,-0.006288891963794174,-1.2900278282979736
2024,15,sweep: RSI14 < 20,2311,0.09596423102866503,5.007745450245991,2311,0.0962653468725041,5.081484682477869
2024,15,sweep: RSI14 < 25,7353,0.08224034884877518,6.988741830424799,7353,0.08433738778249678,7.195828366013527
2024,15,sweep: RSI14 < 30,19954,0.06875457488390158,9.166067800236643,19954,0.07307689533079942,9.731831382478234
2024,15,sweep: RSI14 < 35,47800,0.06228092284513104,11.543327065743407,47800,0.06583162918197227,12.33134129731513
2024,15,sweep: RSI14 > 65,52988,-0.05176707164346006,-9.979051716378066,52988,-0.056448399218183176,-10.86991891580514
2024,15,sweep: RSI14 > 70,23089,-0.054869736542487335,-7.640152921684385,23089,-0.059493364914463,-8.274166479078517
2024,15,sweep: RSI14 > 75,8991,-0.05420192875544999,-5.061167253561466,8991,-0.06012032883040097,-5.531465715980434
2024,15,sweep: RSI14 > 80,3022,-0.04502937218978692,-2.621845225036735,3022,-0.052715409374593625,-2.990994309421956
2024,15,sweep: RSI60 < 35,2325,0.07764576048462457,3.363576089879751,2325,0.08269903147912616,3.666978317565884
2024,15,sweep: RSI60 < 40,14879,0.08155351214616113,7.211807029497556,14879,0.08283027667219589,7.462889916326068
2024,15,sweep: RSI60 < 45,79863,0.061247731547425854,12.101514247091636,79863,0.06359336839672441,12.766785491493058
2024,15,sweep: RSI60 > 55,91860,-0.05534725659405587,-11.62408609725689,91860,-0.05686950373222288,-11.930669605026019
2024,15,sweep: RSI60 > 60,19912,-0.04706766972864834,-4.724864356607989,19912,-0.051088114688304764,-5.153542844854784
2024,15,sweep: RSI60 > 65,4101,-0.02169055184109947,-1.0907177678568731,4101,-0.02532048982580759,-1.2911137880334205
2024,15,sweep: range position < 0.05,16192,0.07576080978349276,9.129578601161406,16192,0.07511436076609812,9.23914480010347
2024,15,sweep: range position > 0.95,23969,-0.07075690598202838,-9.75749459397866,23969,-0.07586266811657494,-10.556582163312743
2024,15,sweep: range position < 0.1,34220,0.06465280385216987,9.416022446820467,34220,0.06853613033893313,10.09894550378816
2024,15,sweep: range position > 0.90,49156,-0.060484039198661355,-10.123500765875487,49156,-0.06396752804133315,-10.71536032374209
2024,15,sweep: range position < 0.15,56013,0.059287843644356464,10.236635676043457,56013,0.06245989451421602,10.85979243568005
2024,15,sweep: range position > 0.85,77858,-0.056470364885498725,-10.87984544271977,77858,-0.05758041608230935,-11.231410207696017
2024,15,sweep: 5-min move > +1.5 sd,34120,-0.029134987483779795,-6.006586229029471,34120,-0.032449544072686576,-6.62461213282478
2024,15,sweep: 5-min move < -1.5 sd,33282,0.03737992087386166,8.457885142160386,33282,0.04036186858550583,9.050393650208619
2024,15,sweep: 15-min move > +1.5 sd,32593,-0.03939183950036251,-5.916704704463877,32593,-0.045155216872102166,-6.743406251375934
2024,15,sweep: 15-min move < -1.5 sd,30311,0.06276506755948563,10.051444870361403,30311,0.06283812555852308,10.120506930126481
2024,15,sweep: 5-min move > +2 sd,14477,-0.035142864540490926,-5.189698852566609,14477,-0.04136900414894207,-6.0978196557489355
2024,15,sweep: 5-min move < -2 sd,13985,0.052791842129600086,8.62723674476183,13985,0.05273253798851674,8.474225495311451
2024,15,sweep: 15-min move > +2 sd,12846,-0.047318010770821595,-4.78665835144269,12846,-0.052755611711279626,-5.219320285896839
2024,15,sweep: 15-min move < -2 sd,11299,0.08024958390247272,8.251335573578405,11299,0.08046550512285011,8.1815590600489
2024,15,sweep: 5-min move > +2.5 sd,6189,-0.037413177076575155,-3.8107098734734657,6189,-0.04201472854980587,-4.3034716002388675
2024,15,sweep: 5-min move < -2.5 sd,5910,0.0638430682067741,7.207965737025075,5910,0.06311952147888678,6.975703175880932
2024,15,sweep: 15-min move > +2.5 sd,4899,-0.04621455530117752,-3.028352777891094,4899,-0.0483844093316772,-3.087991687317657
2024,15,sweep: 15-min move < -2.5 sd,4090,0.08951988327854954,5.65032032112096,4090,0.08514021341155853,5.296598220427631
2024,15,sweep: 5-min move > +3 sd,2665,-0.04148226255465631,-2.7881465154039913,2665,-0.04193522663462457,-2.8028765067274883
2024,15,sweep: 5-min move < -3 sd,2516,0.08197444270720511,5.896945639229643,2516,0.0794801364913863,5.7549039789347844
2024,15,sweep: 15-min move > +3 sd,1856,-0.027248846925100767,-1.1222963609041334,1856,-0.04046542318316626,-1.610722225167461
2024,15,sweep: 15-min move < -3 sd,1413,0.12371943929765505,4.858344054700676,1413,0.10982770821124443,4.236848544153504
2024,15,sweep: 4h return > +25 bp,196291,-0.03354536806940578,-8.526668234905138,196291,-0.03291340134182119,-8.520956476780693
2024,15,sweep: 4h return < -25 bp,174238,0.03537517369109433,8.781961435132402,174238,0.03479417396588402,8.70887134722935
2024,15,sweep: 4h return > +50 bp,134521,-0.033762446830515436,-7.890137817500961,134521,-0.03223199222229017,-7.715783113852553
2024,15,sweep: 4h return < -50 bp,117802,0.03547195927708974,7.666567749510481,117802,0.03490693102813375,7.678438530962901
2024,15,sweep: 4h return > +100 bp,65442,-0.03102613614564098,-5.253112523488507,65442,-0.030160421801168624,-5.26118744602567
2024,15,sweep: 4h return < -100 bp,56906,0.03490676238356405,5.279443492919975,56906,0.03451394841923516,5.283156579214796
2024,15,sweep: taker buy share > 0.1 (15 min),136825,-0.03844074919287371,-9.722212408475976,136825,-0.04039509132042424,-10.196622619551585
2024,15,sweep: taker sell share > 0.1 (15 min),173816,0.03708523347704362,10.908859404435805,173816,0.03964431868449314,11.554254418179
2024,15,sweep: taker buy share > 0.2 (15 min),62429,-0.04572701602625928,-8.993914019787946,62429,-0.0480943557028472,-9.517802281692429
2024,15,sweep: taker sell share > 0.2 (15 min),86307,0.038969915094945184,8.443907528342146,86307,0.04143446608328949,9.069386255383234
2024,15,sweep: taker buy share > 0.3 (15 min),22363,-0.04369599860704121,-5.989195797192159,22363,-0.04370980607257552,-6.0439940904003215
2024,15,sweep: taker sell share > 0.3 (15 min),35269,0.03649347266743752,5.43399509104641,35269,0.04015734355788825,6.0420040182657
2024,15,sweep: price > VWAP60 + 15 bp,122155,-0.035675969030271704,-8.004867709113494,122155,-0.039239187490903604,-8.97427697534879
2024,15,sweep: price < VWAP60 - 15 bp,107863,0.05064215519810611,11.21492632454623,107863,0.05276760583616369,11.970031436316196
2024,15,sweep: price > VWAP60 + 30 bp,49802,-0.03286587531756763,-5.233568088483153,49802,-0.03566146423096994,-5.864253099974863
2024,15,sweep: price < VWAP60 - 30 bp,42542,0.05146359105013876,7.927704876775742,42542,0.05388647038066119,8.381590759910393
2024,15,sweep: price > VWAP60 + 50 bp,17961,-0.02238905147641085,-2.341596664754527,17961,-0.024903066613914893,-2.6253136568499835
2024,15,sweep: price < VWAP60 - 50 bp,15122,0.051160238127243685,5.14757734295289,15122,0.05276245364358223,5.479814653268497
2024,15,sweep: previous window up,265881,-0.037538087951791865,-10.965041323160538,265881,-0.04205656073889097,-12.324708739573099
2024,15,sweep: previous window down,261145,0.037538087951791865,10.96504132316056,261145,0.04205656073889097,12.324708739573119
2024,15,sweep: two windows up,129200,-0.031181792352581783,-8.564752072009085,129200,-0.03398375694344585,-9.570533641510002
2024,15,sweep: two windows down,124452,0.03646998064577833,9.676544118784758,124452,0.040239131688660223,10.753789844177422
2024,15,sweep: MACD hist > 0,261250,-0.022145086166744266,-6.6071038923627015,261250,-0.026590571849690936,-7.932693327181827
2024,15,sweep: MACD hist < 0,265776,0.022145086166744266,6.607103892362709,265776,0.026590571849690936,7.932693327181855
2024,15,sweep: OBV rising,29977,-0.04061466488595955,-5.492504146056755,29977,-0.04252514808356156,-5.805353135247033
2024,15,sweep: OBV falling,30873,0.04979307957998069,6.331408848269388,30873,0.048804091495696866,6.409900297956809
2024,15,sweep: EMA9 > EMA21 + 10 bp,33742,-0.028523284559038686,-3.8065196779606723,33742,-0.028614612755275937,-3.809965215267317
2024,15,sweep: EMA9 < EMA21 - 10 bp,32196,0.051738540554557066,7.121707873653936,32196,0.05344722964462356,7.579938735063167
2024,15,sweep: larger trades than usual (size5 > 1.2),116234,0.0010549860689227364,0.301800316188896,116234,-0.00040367971598043173,-0.11630928588377305
2024,15,sweep: more trades than usual (nratio5 > 1.5),84411,0.007450563761053575,1.6080971979843448,84411,0.009669537948342466,2.070216157686521
2024,30,price at 4h high (rangepos >= 0.98),11000,-0.06408027542048517,-6.5839588398388305,11000,-0.07066853895468395,-7.242947855637677
2024,30,price at 4h low (rangepos <= 0.02),7307,0.08847698818845928,8.240366193235158,7307,0.0909788629015279,8.459657423747398
2024,30,upper quarter of 4h range,139027,-0.05413610055783191,-9.408526304038704,139027,-0.05528383795616343,-9.677226614060606
2024,30,lower quarter of 4h range,106911,0.049500125053127064,7.970664773791392,106911,0.052356238126473775,8.545595367696823
2024,30,last 5 min up more than 2 sd,14477,-0.031083753036995287,-4.398115459929193,14477,-0.03590963073583542,-4.89097413020429
2024,30,last 5 min down more than 2 sd,13985,0.0478325847024732,7.329156373844203,13985,0.0507746592633217,7.7130281143658665
2024,30,last 15 min up more than 2 sd,12846,-0.03413195393557039,-3.324449772315502,12846,-0.03779841078578905,-3.6067700983092124
2024,30,last 15 min down more than 2 sd,11299,0.06146583643540082,5.767492884544002,11299,0.06508741353481795,6.2087483252458675
2024,30,4h return above +50 bp,134521,-0.03882872229852441,-6.60281095393318,134521,-0.03974193559245248,-6.8670775529765695
2024,30,4h return below -50 bp,117802,0.041428833436391366,6.487034839979823,117802,0.04229739309456321,6.700096551676315
2024,30,previous window up,265880,-0.02763647714439854,-8.11531721945298,265880,-0.03109012754511392,-9.101616868057738
2024,30,previous window down,261131,0.02763647714439854,8.115317219452914,261131,0.03109012754511392,9.101616868057782
2024,30,two windows up in a row,129199,-0.03043783539179462,-7.057892546395118,129199,-0.033027006186288455,-7.724581390216726
2024,30,two windows down in a row,124451,0.03315509811301087,8.011793880286765,124451,0.03568472057575767,8.699161500828653
2024,30,three windows up in a row,62146,-0.04210122424377871,-7.523954293461924,62146,-0.04503393260320043,-8.181328792402336
2024,30,three windows down in a row,58193,0.04374020274489654,7.9057373009236285,58193,0.04615912145704271,8.313168230365676
2024,30,RSI14 above 70,23089,-0.04058869980811053,-5.431224739682296,23089,-0.04497835578699505,-5.852680553264212
2024,30,RSI14 below 30,19954,0.05846339391467792,7.408489157138499,19954,0.06107170974315046,7.7876306289545285
2024,30,RSI60 above 65,4101,-0.023850820370394488,-1.019934279811691,4101,-0.025321527661091137,-1.1128744575790472
2024,30,RSI60 below 35,2325,0.1041792057586598,3.53404693381845,2325,0.10245496384750186,3.530942505766664
2024,30,MACD histogram positive,261248,-0.010682046538107448,-3.2627105997289507,261248,-0.012761917204690165,-3.802559927828041
2024,30,MACD histogram negative,265763,0.010682046538107448,3.2627105997289547,265763,0.012761917204690165,3.802559927828034
2024,30,above upper Bollinger band,26827,-0.0343877890256995,-7.047152683818608,26827,-0.03858623080346418,-7.813987860053591
2024,30,below lower Bollinger band,27078,0.03832709262190259,8.17103215155,27078,0.040627999584398666,8.66958254395749
2024,30,EMA9 above EMA21 by 10 bp,33742,-0.028142039890156678,-3.2132162624623364,33742,-0.027853009793262162,-3.1955031696660177
2024,30,EMA9 below EMA21 by 10 bp,32196,0.048102866670220235,5.705046812461282,32196,0.04949629866963301,5.93567855348802
2024,30,ADX14 above 30 (trending),140641,-0.0014079123078682976,-0.27248387809697655,140641,-0.0019361531355371886,-0.37923113031073374
2024,30,ADX14 below 15 (ranging),65086,0.0004246686335183103,0.06355267406680146,65086,0.0004289983407218534,0.06545194889953929
2024,30,taker buying 60 pct+ of last 15 min,62428,-0.04071211777831196,-6.710228416869436,62428,-0.04207063193025562,-6.8793204609321945
2024,30,taker selling 60 pct+ of last 15 min,86307,0.029302733323340546,5.575687528393581,86307,0.03156574123141709,6.0001471092269965
2024,30,volume last 5 min 3x the daily average,25235,0.0049354055204314795,0.5568791696242534,25235,0.006978792071595907,0.7938888786714203
2024,30,trade count last 5 min 3x average,17452,0.004905588666621052,0.4895733736025429,17452,0.007991163847734573,0.8118745097731043
2024,30,OBV rising over 60 min,29977,-0.051841306464218695,-5.210052297813633,29977,-0.053959533192248166,-5.437841221662868
2024,30,OBV falling over 60 min,30867,0.05379509063070542,5.327935593975929,30867,0.05521003840953398,5.478992009055885
2024,30,price 30 bp+ above 60-min VWAP,49802,-0.026698765002660663,-3.4195006657039024,49802,-0.02886772717888486,-3.7209596829453213
2024,30,price 30 bp+ below 60-min VWAP,42542,0.04954734381044923,6.247276766655985,42542,0.05095783841414803,6.493787589626072
2024,30,high volatility (vol60 in top decile),104670,0.011348220156431887,1.7553381548035893,104670,0.011424485211348645,1.7779163593861225
2024,30,low volatility (vol60 in bottom decile),9033,-0.001281163319322376,-0.06676250393239053,9033,0.0026649500084536815,0.14138669623256014
2024,30,weekend,149760,-0.007285589877934373,-1.3728253707358102,149760,-0.007131038679880297,-1.3497495552354508
2024,30,US afternoon (14-17 UTC),87840,0.011305528475016868,1.4603278674886968,87840,0.010777289760901088,1.408838655127106
2024,30,Asia early (0-3 UTC),87840,-0.013694746664583257,-1.914992988375281,87840,-0.013266690701228046,-1.8788986526083433
2024,30,sweep: RSI14 < 20,2311,0.08615385256102748,4.19998889506278,2311,0.09745775727936523,4.920566602732165
2024,30,sweep: RSI14 < 25,7353,0.0724474242385017,5.873848294288176,7353,0.0776923565967671,6.369098066113492
2024,30,sweep: RSI14 < 30,19954,0.05846339391467792,7.408489157138499,19954,0.06107170974315046,7.7876306289545285
2024,30,sweep: RSI14 < 35,47796,0.05185121245467417,9.034590553963808,47796,0.05332796187894828,9.286602000240263
2024,30,sweep: RSI14 > 65,52988,-0.04226358887204118,-7.66340817451234,52988,-0.04584725742565393,-8.269501452048674
2024,30,sweep: RSI14 > 70,23089,-0.04058869980811053,-5.431224739682296,23089,-0.04497835578699505,-5.852680553264212
2024,30,sweep: RSI14 > 75,8991,-0.04697346708165678,-4.234596375567612,8991,-0.04821428659611654,-4.243806984066636
2024,30,sweep: RSI14 > 80,3022,-0.04737777477378924,-2.496835836826787,3022,-0.04271454620123216,-2.205069695385571
2024,30,sweep: RSI60 < 35,2325,0.1041792057586598,3.53404693381845,2325,0.10245496384750186,3.530942505766664
2024,30,sweep: RSI60 < 40,14879,0.08133754654488068,6.299681878095416,14879,0.08507616951493868,6.594821225881054
2024,30,sweep: RSI60 < 45,79858,0.06149013869408859,9.782097017103546,79858,0.06367888393251758,10.222276703409412
2024,30,sweep: RSI60 > 55,91860,-0.057054955909774496,-9.691801172700417,91860,-0.05897525065766396,-10.138239663211081
2024,30,sweep: RSI60 > 60,19912,-0.059100709936314555,-4.836090648656482,19912,-0.06128887083288698,-5.033509606894425
2024,30,sweep: RSI60 > 65,4101,-0.023850820370394488,-1.019934279811691,4101,-0.025321527661091137,-1.1128744575790472
2024,30,sweep: range position < 0.05,16192,0.07639696254423078,8.00438935433376,16192,0.07907697224724142,8.265215808137285
2024,30,sweep: range position > 0.95,23969,-0.06950293628384052,-8.177480985406469,23969,-0.0738698066026996,-8.871179043945382
2024,30,sweep: range position < 0.1,34219,0.06447413020869663,8.072848496016304,34219,0.0684160395642287,8.468419200466542
2024,30,sweep: range position > 0.90,49156,-0.06569938300079675,-9.048546423166226,49156,-0.06807342227537566,-9.49238171202104
2024,30,sweep: range position < 0.15,56004,0.059245306605372194,8.239586985951927,56004,0.06362494903831101,8.838846744881574
2024,30,sweep: range position > 0.85,77858,-0.0624380972383467,-9.349470693922877,77858,-0.06445306570110781,-9.752837519561632
2024,30,sweep: 5-min move > +1.5 sd,34120,-0.0252559763414944,-5.09478641689084,34120,-0.02885569316452219,-5.569539425261051
2024,30,sweep: 5-min move < -1.5 sd,33278,0.03466991085728832,7.620166502061574,33278,0.03804186487424599,8.483994735026984
2024,30,sweep: 15-min move > +1.5 sd,32593,-0.026348771746005806,-3.879714082105579,32593,-0.029059159809916912,-4.161208098119202
2024,30,sweep: 15-min move < -1.5 sd,30310,0.04571522622528701,6.671596337277966,30310,0.04659439517734787,6.7919996790041095
2024,30,sweep: 5-min move > +2 sd,14477,-0.031083753036995287,-4.398115459929193,14477,-0.03590963073583542,-4.89097413020429
2024,30,sweep: 5-min move < -2 sd,13985,0.0478325847024732,7.329156373844203,13985,0.0507746592633217,7.7130281143658665
2024,30,sweep: 15-min move > +2 sd,12846,-0.03413195393557039,-3.324449772315502,12846,-0.03779841078578905,-3.6067700983092124
2024,30,sweep: 15-min move < -2 sd,11299,0.06146583643540082,5.767492884544002,11299,0.06508741353481795,6.2087483252458675
2024,30,sweep: 5-min move > +2.5 sd,6189,-0.04415106073677627,-4.474438631032783,6189,-0.04398372361999947,-4.281023284696694
2024,30,sweep: 5-min move < -2.5 sd,5910,0.060416996629072184,6.565454391607691,5910,0.062303195923277044,6.619022543705812
2024,30,sweep: 15-min move > +2.5 sd,4899,-0.04813757889760506,-3.1874070105631698,4899,-0.04483713088851782,-2.9126496108282622
2024,30,sweep: 15-min move < -2.5 sd,4090,0.07626721925940483,4.465464353758957,4090,0.08267773284757407,4.854795072369746
2024,30,sweep: 5-min move > +3 sd,2665,-0.05762893025199711,-3.929181048765601,2665,-0.05460798270285544,-3.6764443904504316
2024,30,sweep: 5-min move < -3 sd,2516,0.0840863346317332,5.933846403732335,2516,0.09087931670998972,6.4276631836550235
2024,30,sweep: 15-min move > +3 sd,1856,-0.041989779741547606,-1.661737412203106,1856,-0.04414876055476563,-1.7134923993309545
2024,30,sweep: 15-min move < -3 sd,1413,0.10742565714660224,3.9329504736574292,1413,0.10955831237092672,4.040690901091595
2024,30,sweep: 4h return > +25 bp,196291,-0.04113282742464813,-7.786195156471718,196291,-0.04161387098881808,-7.99685200167118
2024,30,sweep: 4h return < -25 bp,174223,0.040282034785197096,7.536915692838643,174223,0.04116228596275151,7.763083836834874
2024,30,sweep: 4h return > +50 bp,134521,-0.03882872229852441,-6.60281095393318,134521,-0.03974193559245248,-6.8670775529765695
2024,30,sweep: 4h return < -50 bp,117802,0.041428833436391366,6.487034839979823,117802,0.04229739309456321,6.700096551676315
2024,30,sweep: 4h return > +100 bp,65442,-0.03183801893069932,-4.000198564312468,65442,-0.03338648934471655,-4.22365887932756
2024,30,sweep: 4h return < -100 bp,56906,0.04344253674762644,5.004743143952803,56906,0.043289190926156684,5.038067651806446
2024,30,sweep: taker buy share > 0.1 (15 min),136822,-0.03474552488059934,-7.565942990901818,136822,-0.03572756182912923,-7.766232726331303
2024,30,sweep: taker sell share > 0.1 (15 min),173813,0.027112969931016195,6.6684508757524865,173813,0.028303304890058834,6.959608236694474
2024,30,sweep: taker buy share > 0.2 (15 min),62428,-0.04071211777831196,-6.710228416869436,62428,-0.04207063193025562,-6.8793204609321945
2024,30,sweep: taker sell share > 0.2 (15 min),86307,0.029302733323340546,5.575687528393581,86307,0.03156574123141709,6.0001471092269965
2024,30,sweep: taker buy share > 0.3 (15 min),22362,-0.03817374064179502,-4.506413904350285,22362,-0.037982976312895045,-4.426786662178379
2024,30,sweep: taker sell share > 0.3 (15 min),35269,0.02822835152443448,3.678906109899656,35269,0.030389902677216973,3.9684167135479154
2024,30,sweep: price > VWAP60 + 15 bp,122155,-0.03193711373680791,-5.9258863412688285,122155,-0.034702820727592065,-6.4988974442617655
2024,30,sweep: price < VWAP60 - 15 bp,107863,0.04538076359028348,8.360067585418012,107863,0.04758867261422556,8.822271165030475
2024,30,sweep: price > VWAP60 + 30 bp,49802,-0.026698765002660663,-3.4195006657039024,49802,-0.02886772717888486,-3.7209596829453213
2024,30,sweep: price < VWAP60 - 30 bp,42542,0.04954734381044923,6.247276766655985,42542,0.05095783841414803,6.493787589626072
2024,30,sweep: price > VWAP60 + 50 bp,17961,-0.014447381521459024,-1.2255698752487125,17961,-0.01686435913069051,-1.434230563402126
2024,30,sweep: price < VWAP60 - 50 bp,15122,0.05542979847821028,4.845865189473466,15122,0.056999600026894415,5.015238952804463
2024,30,sweep: previous window up,265880,-0.02763647714439854,-8.11531721945298,265880,-0.03109012754511392,-9.101616868057738
2024,30,sweep: previous window down,261131,0.02763647714439854,8.115317219452914,261131,0.03109012754511392,9.101616868057782
2024,30,sweep: two windows up,129199,-0.03043783539179462,-7.057892546395118,129199,-0.033027006186288455,-7.724581390216726
2024,30,sweep: two windows down,124451,0.03315509811301087,8.011793880286765,124451,0.03568472057575767,8.699161500828653
2024,30,sweep: MACD hist > 0,261248,-0.010682046538107448,-3.2627105997289507,261248,-0.012761917204690165,-3.802559927828041
2024,30,sweep: MACD hist < 0,265763,0.010682046538107448,3.2627105997289547,265763,0.012761917204690165,3.802559927828034
2024,30,sweep: OBV rising,29977,-0.051841306464218695,-5.210052297813633,29977,-0.053959533192248166,-5.437841221662868
2024,30,sweep: OBV falling,30867,0.05379509063070542,5.327935593975929,30867,0.05521003840953398,5.478992009055885
2024,30,sweep: EMA9 > EMA21 + 10 bp,33742,-0.028142039890156678,-3.2132162624623364,33742,-0.027853009793262162,-3.1955031696660177
2024,30,sweep: EMA9 < EMA21 - 10 bp,32196,0.048102866670220235,5.705046812461282,32196,0.04949629866963301,5.93567855348802
2024,30,sweep: larger trades than usual (size5 > 1.2),116230,0.004597538617408192,1.1298475847770812,116230,0.004591369373855514,1.1282079695283738
2024,30,sweep: more trades than usual (nratio5 > 1.5),84411,0.000758171788763029,0.12849680891030602,84411,0.0016654856539380924,0.28357305015783946
2025,1,price at 4h high (rangepos >= 0.98),13609,0.00021117629318767595,0.043900223009692305,13609,0.0,0.0
2025,1,price at 4h low (rangepos <= 0.02),11596,0.007003776147290641,1.4584707364324758,11596,0.0,0.0
2025,1,upper quarter of 4h range,143024,-0.004366274454328911,-2.3708554237759714,143024,0.0,0.0
2025,1,lower quarter of 4h range,123083,-0.0011034360070687477,-0.543827157854608,123083,0.0,0.0
2025,1,last 5 min up more than 2 sd,14524,-0.02047855944686422,-4.147835518509507,14524,0.0,0.0
2025,1,last 5 min down more than 2 sd,14258,0.014367703438815771,3.128220072607825,14258,0.0,0.0
2025,1,last 15 min up more than 2 sd,12652,-0.027493732083180344,-5.500558813653607,12652,0.0,0.0
2025,1,last 15 min down more than 2 sd,11742,0.014020334235441356,2.939620207566776,11742,0.0,0.0
2025,1,4h return above +50 bp,112740,-0.015980286477352834,-7.815686614950437,112740,0.0,0.0
2025,1,4h return below -50 bp,104668,-0.013603885236206481,-5.919919866439222,104668,0.0,0.0
2025,1,previous window up,262152,-0.001232998885395964,-0.7982909414550663,262152,0.0,0.0
2025,1,previous window down,263448,0.001232998885395964,0.7982909414550534,263448,0.0,0.0
2025,1,two windows up in a row,127188,-0.005851016534509812,-3.41653695258293,127188,0.0,0.0
2025,1,two windows down in a row,128480,-0.00020602886235443485,-0.11679849070102297,128480,0.0,0.0
2025,1,three windows up in a row,60361,-0.009091370339532001,-3.9177450376137894,60361,0.0,0.0
2025,1,three windows down in a row,61500,-0.0010045564191906164,-0.44956834163803,61500,0.0,0.0
2025,1,RSI14 above 70,25502,-0.010357096352146877,-2.209440234974608,25502,0.0,0.0
2025,1,RSI14 below 30,24369,0.022651230086275786,6.795169960176975,24369,0.0,0.0
2025,1,RSI60 above 65,4412,0.008961794384655386,0.935191852622257,4412,0.0,0.0
2025,1,RSI60 below 35,2928,0.01489320701143737,1.5983263575594728,2928,0.0,0.0
2025,1,MACD histogram positive,259552,-0.0020774842005292227,-1.313059903023534,259552,0.0,0.0
2025,1,MACD histogram negative,266048,0.0020774842005292227,1.313059903023535,266048,0.0,0.0
2025,1,above upper Bollinger band,26590,-0.013894144479028259,-3.85623660797924,26590,0.0,0.0
2025,1,below lower Bollinger band,27008,0.017921759142940807,5.151596052840505,27008,0.0,0.0
2025,1,EMA9 above EMA21 by 10 bp,22110,-0.040548316037639365,-10.191733246721883,22110,0.0,0.0
2025,1,EMA9 below EMA21 by 10 bp,23508,-0.005010063926223385,-1.3756682115177665,23508,0.0,0.0
2025,1,ADX14 above 30 (trending),147193,0.0011821636594799845,0.6255592152933965,147193,0.0,0.0
2025,1,ADX14 below 15 (ranging),63544,-0.002796218026341335,-1.2837141156625884,63544,0.0,0.0
2025,1,taker buying 60 pct+ of last 15 min,84818,-0.0039903972522968845,-1.8314880740142014,84818,0.0,0.0
2025,1,taker selling 60 pct+ of last 15 min,136047,0.009572554693197288,5.246298504185667,136047,0.0,0.0
2025,1,volume last 5 min 3x the daily average,26551,-0.013827739855008514,-4.00496812291545,26551,0.0,0.0
2025,1,trade count last 5 min 3x average,18213,-0.01616708067480166,-4.148741168013404,18213,0.0,0.0
2025,1,OBV rising over 60 min,33054,-0.005595853552928243,-1.850301204889485,33054,0.0,0.0
2025,1,OBV falling over 60 min,40118,0.007338039650925943,2.704503390208419,40118,0.0,0.0
2025,1,price 30 bp+ above 60-min VWAP,34285,-0.03007001040774776,-9.949403898569736,34285,0.0,0.0
2025,1,price 30 bp+ below 60-min VWAP,32163,-0.000520914569693498,-0.16876693772695436,32163,0.0,0.0
2025,1,high volatility (vol60 in top decile),32663,-0.022727150329354906,-7.154416311990658,32663,0.0,0.0
2025,1,low volatility (vol60 in bottom decile),108339,0.04296047865669883,12.703502589722437,108339,0.0,0.0
2025,1,weekend,149760,0.0287636463552412,8.69918531376758,149760,0.0,0.0
2025,1,US afternoon (14-17 UTC),87600,-0.0077397260273972535,-3.9540020187792564,87600,0.0,0.0
2025,1,Asia early (0-3 UTC),87600,-0.004136986301369827,-1.9404003780729293,87600,0.0,0.0
2025,1,sweep: RSI14 < 20,3214,0.03616266743088459,4.218266421383071,3214,0.0,0.0
2025,1,sweep: RSI14 < 25,9181,0.028585941408684756,5.30796354442039,9181,0.0,0.0
2025,1,sweep: RSI14 < 30,24369,0.022651230086275786,6.795169960176975,24369,0.0,0.0
2025,1,sweep: RSI14 < 35,55054,0.016570607121532466,7.535172902291171,55054,0.0,0.0
2025,1,sweep: RSI14 > 65,56885,-0.010227358351379556,-3.258467367663961,56885,0.0,0.0
2025,1,sweep: RSI14 > 70,25502,-0.010357096352146877,-2.209440234974608,25502,0.0,0.0
2025,1,sweep: RSI14 > 75,10223,-0.0037709745294352004,-0.4943057813516443,10223,0.0,0.0
2025,1,sweep: RSI14 > 80,3807,0.017717912548303127,1.5310802094082634,3807,0.0,0.0
2025,1,sweep: RSI60 < 35,2928,0.01489320701143737,1.5983263575594728,2928,0.0,0.0
2025,1,sweep: RSI60 < 40,19253,0.0024866672485952535,0.6971085432363711,19253,0.0,0.0
2025,1,sweep: RSI60 < 45,92861,0.003718742458859614,1.7172825609500966,92861,0.0,0.0
2025,1,sweep: RSI60 > 55,97816,-0.01109356733610245,-4.74592072477315,97816,0.0,0.0
2025,1,sweep: RSI60 > 60,20447,-0.010386890206475319,-2.2090738041173523,20447,0.0,0.0
2025,1,sweep: RSI60 > 65,4412,0.008961794384655386,0.935191852622257,4412,0.0,0.0
2025,1,sweep: range position < 0.05,24598,8.586905996010863e-05,0.02426613723189131,24598,0.0,0.0
2025,1,sweep: range position > 0.95,28357,-0.0026916602368047826,-0.77903738409733,28357,0.0,0.0
2025,1,sweep: range position < 0.1,47181,-0.00024018434811989842,-0.0861481465118424,47181,0.0,0.0
2025,1,sweep: range position > 0.90,55218,-0.00344129965777884,-1.3658589304989408,55218,0.0,0.0
2025,1,sweep: range position < 0.15,72208,-0.0008199659661097813,-0.33873632236625695,72208,0.0,0.0
2025,1,sweep: range position > 0.85,84173,-0.006484452228179061,-2.974932349078495,84173,0.0,0.0
2025,1,sweep: 5-min move > +1.5 sd,34352,-0.016268717325314208,-4.635645506646739,34352,0.0,0.0
2025,1,sweep: 5-min move < -1.5 sd,34055,0.01187490536921787,3.7156216454922637,34055,0.0,0.0
2025,1,sweep: 15-min move > +1.5 sd,32692,-0.01908753187488338,-5.717537341230779,32692,0.0,0.0
2025,1,sweep: 15-min move < -1.5 sd,31772,0.015121538784130584,5.42863630129909,31772,0.0,0.0
2025,1,sweep: 5-min move > +2 sd,14524,-0.02047855944686422,-4.147835518509507,14524,0.0,0.0
2025,1,sweep: 5-min move < -2 sd,14258,0.014367703438815771,3.128220072607825,14258,0.0,0.0
2025,1,sweep: 15-min move > +2 sd,12652,-0.027493732083180344,-5.500558813653607,12652,0.0,0.0
2025,1,sweep: 15-min move < -2 sd,11742,0.014020334235441356,2.939620207566776,11742,0.0,0.0
2025,1,sweep: 5-min move > +2.5 sd,6119,-0.02682473221441478,-3.8071769516801104,6119,0.0,0.0
2025,1,sweep: 5-min move < -2.5 sd,5872,0.02195122227422086,3.1239618373869087,5872,0.0,0.0
2025,1,sweep: 15-min move > +2.5 sd,4593,-0.029950553587868856,-3.7267721692495686,4593,0.0,0.0
2025,1,sweep: 15-min move < -2.5 sd,4300,0.0180795774427972,2.2493789599501914,4300,0.0,0.0
2025,1,sweep: 5-min move > +3 sd,2677,-0.026237725341134055,-2.6361059183734783,2677,0.0,0.0
2025,1,sweep: 5-min move < -3 sd,2444,0.025720736160549595,2.5525279089116513,2444,0.0,0.0
2025,1,sweep: 15-min move > +3 sd,1738,-0.034326782861001603,-2.6122145803205377,1738,0.0,0.0
2025,1,sweep: 15-min move < -3 sd,1463,0.019671394711648804,1.5155080001476022,1463,0.0,0.0
2025,1,sweep: 4h return > +25 bp,176332,-0.011019337568760834,-5.828604544487435,176332,0.0,0.0
2025,1,sweep: 4h return < -25 bp,165834,-0.009384342523171885,-4.424519974619688,165834,0.0,0.0
2025,1,sweep: 4h return > +50 bp,112740,-0.015980286477352834,-7.815686614950437,112740,0.0,0.0
2025,1,sweep: 4h return < -50 bp,104668,-0.013603885236206481,-5.919919866439222,104668,0.0,0.0
2025,1,sweep: 4h return > +100 bp,46552,-0.017303103265711384,-6.74865557496706,46552,0.0,0.0
2025,1,sweep: 4h return < -100 bp,48529,-0.01743918675496514,-6.440470603312398,48529,0.0,0.0
2025,1,sweep: taker buy share > 0.1 (15 min),147056,-0.006438397762382642,-3.8207167788376637,147056,0.0,0.0
2025,1,sweep: taker sell share > 0.1 (15 min),214434,0.009963841798629747,6.41704685585999,214434,0.0,0.0
2025,1,sweep: taker buy share > 0.2 (15 min),84818,-0.0039903972522968845,-1.8314880740142014,84818,0.0,0.0
2025,1,sweep: taker sell share > 0.2 (15 min),136047,0.009572554693197288,5.246298504185667,136047,0.0,0.0
2025,1,sweep: taker buy share > 0.3 (15 min),42265,-0.002392264643112707,-0.7948455962270069,42265,0.0,0.0
2025,1,sweep: taker sell share > 0.3 (15 min),74682,0.01156517542006541,5.318826303799258,74682,0.0,0.0
2025,1,sweep: price > VWAP60 + 15 bp,97597,-0.027190722711646576,-12.109556059723612,97597,0.0,0.0
2025,1,sweep: price < VWAP60 - 15 bp,91942,0.0008356865700235305,0.3854433607096889,91942,0.0,0.0
2025,1,sweep: price > VWAP60 + 30 bp,34285,-0.03007001040774776,-9.949403898569736,34285,0.0,0.0
2025,1,sweep: price < VWAP60 - 30 bp,32163,-0.000520914569693498,-0.16876693772695436,32163,0.0,0.0
2025,1,sweep: price > VWAP60 + 50 bp,11005,-0.03610882748738781,-7.098788107968286,11005,0.0,0.0
2025,1,sweep: price < VWAP60 - 50 bp,10575,-0.006153884287790179,-1.1142356560904154,10575,0.0,0.0
2025,1,sweep: previous window up,262152,-0.001232998885395964,-0.7982909414550663,262152,0.0,0.0
2025,1,sweep: previous window down,263448,0.001232998885395964,0.7982909414550534,263448,0.0,0.0
2025,1,sweep: two windows up,127188,-0.005851016534509812,-3.41653695258293,127188,0.0,0.0
2025,1,sweep: two windows down,128480,-0.00020602886235443485,-0.11679849070102297,128480,0.0,0.0
2025,1,sweep: MACD hist > 0,259552,-0.0020774842005292227,-1.313059903023534,259552,0.0,0.0
2025,1,sweep: MACD hist < 0,266048,0.0020774842005292227,1.313059903023535,266048,0.0,0.0
2025,1,sweep: OBV rising,33054,-0.005595853552928243,-1.850301204889485,33054,0.0,0.0
2025,1,sweep: OBV falling,40118,0.007338039650925943,2.704503390208419,40118,0.0,0.0
2025,1,sweep: EMA9 > EMA21 + 10 bp,22110,-0.040548316037639365,-10.191733246721883,22110,0.0,0.0
2025,1,sweep: EMA9 < EMA21 - 10 bp,23508,-0.005010063926223385,-1.3756682115177665,23508,0.0,0.0
2025,1,sweep: larger trades than usual (size5 > 1.2),126386,0.0011614918166474864,0.6530366839177043,126386,0.0,0.0
2025,1,sweep: more trades than usual (nratio5 > 1.5),93864,-0.01851054137902597,-8.6255979044736,93864,0.0,0.0
2025,3,price at 4h high (rangepos >= 0.98),13609,-0.021727083398775826,-3.7212510683441593,13609,-0.023601933375004713,-4.289991318778165
2025,3,price at 4h low (rangepos <= 0.02),11596,0.020296975354534563,3.464902314995425,11596,0.018780174843966213,3.2133870706516823
2025,3,upper quarter of 4h range,143024,-0.01476310385890156,-6.2108561765107,143024,-0.0140726943355991,-6.321129111246563
2025,3,lower quarter of 4h range,123083,0.010545796741319169,3.7969878706334814,123083,0.011669406266266447,4.7606949005246175
2025,3,last 5 min up more than 2 sd,14524,-0.02365832416673258,-4.028495477769186,14524,-0.028503301012555937,-5.289100345145093
2025,3,last 5 min down more than 2 sd,14258,0.034289321142209395,6.259712455543665,14258,0.03658685262872641,7.499597561090035
2025,3,last 15 min up more than 2 sd,12652,-0.03262363665308221,-4.804153403399595,12652,-0.036381175419198164,-5.891611176885701
2025,3,last 15 min down more than 2 sd,11742,0.04135634946763733,5.991862231750793,11742,0.04041442549352531,6.270701707758252
2025,3,4h return above +50 bp,112740,-0.012649122148421899,-4.843371823348887,112740,-0.007980514137808647,-3.424714920737481
2025,3,4h return below -50 bp,104668,0.002954732847823771,1.0237665623141727,104668,0.004827703817332385,1.89226986111384
2025,3,previous window up,262152,-0.010191640155371717,-5.246476516884733,262152,-0.015227598871141113,-8.037843877698032
2025,3,previous window down,263446,0.010191640155371717,5.246476516884762,263446,0.015227598871141113,8.037843877698059
2025,3,two windows up in a row,127188,-0.017747896419575748,-8.055020665171021,127188,-0.019201953571339747,-9.22493536347854
2025,3,two windows down in a row,128480,0.0086147498454886,3.665278083005884,128480,0.01175922537448948,5.439628254240005
2025,3,three windows up in a row,60361,-0.022354636716053866,-8.061663783301483,60361,-0.021225658600361352,-7.902310393340289
2025,3,three windows down in a row,61500,0.009868345370144915,3.340429092290466,61500,0.013023649791936598,4.7241750871522665
2025,3,RSI14 above 70,25502,-0.03182398751222376,-5.848852759339912,25502,-0.035750116449761504,-7.665916498533585
2025,3,RSI14 below 30,24369,0.039481218941591956,8.408815353635458,24369,0.03693054909785903,7.713870012801124
2025,3,RSI60 above 65,4412,-0.002626453525018446,-0.23302167343467858,4412,-0.0058908524552511166,-0.5752149729908116
2025,3,RSI60 below 35,2928,0.02085066761555665,1.6818596249963633,2928,0.022147795718097663,1.9376865870253623
2025,3,MACD histogram positive,259552,-0.005882256306472544,-2.7984083992052846,259552,-0.010027685001506303,-5.284329981743841
2025,3,MACD histogram negative,266046,0.005882256306472544,2.798408399205282,266046,0.010027685001506303,5.284329981743841
2025,3,above upper Bollinger band,26590,-0.018747531620222302,-4.4942763885219765,26590,-0.02648679967893458,-6.295831593419559
2025,3,below lower Bollinger band,27008,0.032963800185480396,8.07960769112069,27008,0.038769138508508716,9.802528912488569
2025,3,EMA9 above EMA21 by 10 bp,22110,-0.036524926940059654,-6.876411863120945,22110,-0.033893912646113356,-7.151746406437697
2025,3,EMA9 below EMA21 by 10 bp,23508,0.022240585823098846,4.397933127504966,23508,0.020345273415283027,4.440310057703218
2025,3,ADX14 above 30 (trending),147193,0.0021966941561987197,0.9844065684067548,147193,-0.0007007946700741119,-0.365634783925754
2025,3,ADX14 below 15 (ranging),63544,-0.002164221612467543,-0.712014746662313,63544,0.0003916344891746748,0.14435717988242133
2025,3,taker buying 60 pct+ of last 15 min,84818,-0.013006012919562215,-4.594032066968029,84818,-0.015181189248916482,-6.120224546270264
2025,3,taker selling 60 pct+ of last 15 min,136046,0.013843306397780641,6.002502747360761,136046,0.015463243864890508,7.232603762774936
2025,3,volume last 5 min 3x the daily average,26551,0.00267089064978443,0.5420910185632014,26551,0.0032468600530562997,0.7294873733935667
2025,3,trade count last 5 min 3x average,18213,-0.005349945127520295,-0.9961533522503845,18213,-0.004589268175440919,-0.9878115350362273
2025,3,OBV rising over 60 min,33054,-0.0189369632977181,-4.591278135547746,33054,-0.015295603744618969,-4.245873132508765
2025,3,OBV falling over 60 min,40118,0.015825390980269805,4.28069582513432,40118,0.017729389411066776,5.446169944998896
2025,3,price 30 bp+ above 60-min VWAP,34285,-0.029940893387979173,-7.3426952022417415,34285,-0.030407006987646035,-8.315107768996139
2025,3,price 30 bp+ below 60-min VWAP,32163,0.022203942263993803,5.044548230728447,32163,0.022880403593722842,5.82229333815204
2025,3,high volatility (vol60 in top decile),32663,-0.009367978947667832,-2.339365840888263,32663,-0.007580581640501072,-1.9940458654088349
2025,3,low volatility (vol60 in bottom decile),108337,0.009613134652684874,3.0479424584543544,108337,-0.002958653026536029,-1.1400887292003767
2025,3,weekend,149760,0.009973249720976796,3.710404827380578,149760,0.00197767464471299,0.8909344040841162
2025,3,US afternoon (14-17 UTC),87600,-0.00028768437903459176,-0.10657595035386752,87600,0.0021050236337895045,0.8615386659239642
2025,3,Asia early (0-3 UTC),87600,-0.0020000144493059757,-0.6925152332503011,87600,-0.0029908706553381514,-1.1815775447535048
2025,3,sweep: RSI14 < 20,3214,0.058509922142786164,4.202886632093126,3214,0.03770330563189095,2.5155628873680596
2025,3,sweep: RSI14 < 25,9181,0.03907798837595511,5.138553008014529,9181,0.029143530256856898,3.7809300567383257
2025,3,sweep: RSI14 < 30,24369,0.039481218941591956,8.408815353635458,24369,0.03693054909785903,7.713870012801124
2025,3,sweep: RSI14 < 35,55054,0.03195828062958339,9.76990026437509,55054,0.03273382761099386,10.027859705221097
2025,3,sweep: RSI14 > 65,56885,-0.02575569557468277,-7.124184555294532,56885,-0.032022643691628494,-9.953264169298931
2025,3,sweep: RSI14 > 70,25502,-0.03182398751222376,-5.848852759339912,25502,-0.035750116449761504,-7.665916498533585
2025,3,sweep: RSI14 > 75,10223,-0.025183349838499625,-2.9790665727060506,10223,-0.03434596108051663,-4.66903334817254
2025,3,sweep: RSI14 > 80,3807,0.0009848457244537867,0.07744642911561984,3807,-0.02041748887683814,-1.9232253731690763
2025,3,sweep: RSI60 < 35,2928,0.02085066761555665,1.6818596249963633,2928,0.022147795718097663,1.9376865870253623
2025,3,sweep: RSI60 < 40,19253,0.02129603770473365,4.087646056563331,19253,0.019524199986008683,4.089635630171197
2025,3,sweep: RSI60 < 45,92861,0.01842406662730961,6.180399825932433,92861,0.019007954044159225,6.959418695951247
2025,3,sweep: RSI60 > 55,97816,-0.02643976098032169,-9.702516737061638,97816,-0.02482189651285921,-9.555149318313847
2025,3,sweep: RSI60 > 60,20447,-0.023885463524197126,-4.366392852548215,20447,-0.022190550671828513,-4.306928340390714
2025,3,sweep: RSI60 > 65,4412,-0.002626453525018446,-0.23302167343467858,4412,-0.0058908524552511166,-0.5752149729908116
2025,3,sweep: range position < 0.05,24598,0.01212794088220015,2.7058488348064165,24598,0.013293678680528165,3.070117198297951
2025,3,sweep: range position > 0.95,28357,-0.018965175209731122,-4.473513065711865,28357,-0.0194006744613327,-4.62027604529021
2025,3,sweep: range position < 0.1,47181,0.013177739526325949,3.575084662937712,47181,0.014442446888230986,4.088728109217948
2025,3,sweep: range position > 0.90,55218,-0.01809755105996569,-5.44125029713089,55218,-0.018306786240433526,-5.558950637280685
2025,3,sweep: range position < 0.15,72208,0.011568458389495606,3.6955714253768717,72208,0.014358504497915203,5.001367480646792
2025,3,sweep: range position > 0.85,84173,-0.019433325982290584,-7.0581947891324015,84173,-0.017699554998845457,-6.473737301372655
2025,3,sweep: 5-min move > +1.5 sd,34352,-0.018788921742283082,-4.824146397925658,34352,-0.025540144507228635,-6.969962955962746
2025,3,sweep: 5-min move < -1.5 sd,34055,0.023771565908411785,6.256595231432939,34055,0.030285247106798252,8.754386936928052
2025,3,sweep: 15-min move > +1.5 sd,32692,-0.029243146470306236,-6.760615656398729,32692,-0.032282078821955884,-8.203165808569048
2025,3,sweep: 15-min move < -1.5 sd,31772,0.029313577679240477,7.198334285865071,31772,0.033580952451685464,8.64915672459377
2025,3,sweep: 5-min move > +2 sd,14524,-0.02365832416673258,-4.028495477769186,14524,-0.028503301012555937,-5.289100345145093
2025,3,sweep: 5-min move < -2 sd,14258,0.034289321142209395,6.259712455543665,14258,0.03658685262872641,7.499597561090035
2025,3,sweep: 15-min move > +2 sd,12652,-0.03262363665308221,-4.804153403399595,12652,-0.036381175419198164,-5.891611176885701
2025,3,sweep: 15-min move < -2 sd,11742,0.04135634946763733,5.991862231750793,11742,0.04041442549352531,6.270701707758252
2025,3,sweep: 5-min move > +2.5 sd,6119,-0.03469436075131077,-4.1218163290593495,6119,-0.038951769772298805,-5.0483373117297425
2025,3,sweep: 5-min move < -2.5 sd,5872,0.048804098420294206,5.758477990430785,5872,0.05011233859014852,6.471616602719709
2025,3,sweep: 15-min move > +2.5 sd,4593,-0.03151929818902299,-3.1177229928704846,4593,-0.042677306623094324,-4.52500976533941
2025,3,sweep: 15-min move < -2.5 sd,4300,0.04193058436334274,3.704282298691847,4300,0.037339745948998304,3.773595110690183
2025,3,sweep: 5-min move > +3 sd,2677,-0.03532326094119059,-3.0265953538533834,2677,-0.04091386764490601,-3.528175226479012
2025,3,sweep: 5-min move < -3 sd,2444,0.06539445967871049,5.192477280587298,2444,0.05901920071890282,5.1574842936361
2025,3,sweep: 15-min move > +3 sd,1738,-0.03516829595939536,-2.2432738984187037,1738,-0.05444021204551486,-3.690802315900071
2025,3,sweep: 15-min move < -3 sd,1463,0.037944413586787795,1.7733418978601634,1463,0.04060784953363361,2.2552329253228502
2025,3,sweep: 4h return > +25 bp,176332,-0.011113380102672488,-4.718705620731231,176332,-0.0063824794715441335,-2.96009871315928
2025,3,sweep: 4h return < -25 bp,165834,0.0042596245874017,1.7263059710731417,165834,0.00515344885750757,2.32559575882952
2025,3,sweep: 4h return > +50 bp,112740,-0.012649122148421899,-4.843371823348887,112740,-0.007980514137808647,-3.424714920737481
2025,3,sweep: 4h return < -50 bp,104668,0.002954732847823771,1.0237665623141727,104668,0.004827703817332385,1.89226986111384
2025,3,sweep: 4h return > +100 bp,46552,-0.009446190508453078,-2.7009390841973175,46552,-0.006037119787205614,-1.948856794800047
2025,3,sweep: 4h return < -100 bp,48529,-0.003221206329949655,-0.8442532628949538,48529,0.0005676851160651974,0.16299444909640987
2025,3,sweep: taker buy share > 0.1 (15 min),147056,-0.01189034723946042,-5.301038662886805,147056,-0.013877062449553001,-6.722256880723942
2025,3,sweep: taker sell share > 0.1 (15 min),214432,0.014769201370601281,7.054890622808306,214432,0.015309074613046147,7.828679429942236
2025,3,sweep: taker buy share > 0.2 (15 min),84818,-0.013006012919562215,-4.594032066968029,84818,-0.015181189248916482,-6.120224546270264
2025,3,sweep: taker sell share > 0.2 (15 min),136046,0.013843306397780641,6.002502747360761,136046,0.015463243864890508,7.232603762774936
2025,3,sweep: taker buy share > 0.3 (15 min),42265,-0.013305982163073438,-3.560333200025644,42265,-0.016232504845320295,-4.979854716194437
2025,3,sweep: taker sell share > 0.3 (15 min),74682,0.014196411563397016,5.086470762331617,74682,0.01630903950122642,6.185818336846979
2025,3,sweep: price > VWAP60 + 15 bp,97597,-0.02507476280675025,-9.650055867932366,97597,-0.023461416608296426,-10.123220414599771
2025,3,sweep: price < VWAP60 - 15 bp,91942,0.019875187327043298,7.231222112029804,91942,0.0259549089880875,10.644376997717696
2025,3,sweep: price > VWAP60 + 30 bp,34285,-0.029940893387979173,-7.3426952022417415,34285,-0.030407006987646035,-8.315107768996139
2025,3,sweep: price < VWAP60 - 30 bp,32163,0.022203942263993803,5.044548230728447,32163,0.022880403593722842,5.82229333815204
2025,3,sweep: price > VWAP60 + 50 bp,11005,-0.033565664466009115,-4.799227760238602,11005,-0.033173117701176036,-5.332739050951017
2025,3,sweep: price < VWAP60 - 50 bp,10575,0.01945155608717586,2.3561742354839703,10575,0.016468360436646734,2.401134476234819
2025,3,sweep: previous window up,262152,-0.010191640155371717,-5.246476516884733,262152,-0.015227598871141113,-8.037843877698032
2025,3,sweep: previous window down,263446,0.010191640155371717,5.246476516884762,263446,0.015227598871141113,8.037843877698059
2025,3,sweep: two windows up,127188,-0.017747896419575748,-8.055020665171021,127188,-0.019201953571339747,-9.22493536347854
2025,3,sweep: two windows down,128480,0.0086147498454886,3.665278083005884,128480,0.01175922537448948,5.439628254240005
2025,3,sweep: MACD hist > 0,259552,-0.005882256306472544,-2.7984083992052846,259552,-0.010027685001506303,-5.284329981743841
2025,3,sweep: MACD hist < 0,266046,0.005882256306472544,2.798408399205282,266046,0.010027685001506303,5.284329981743841
2025,3,sweep: OBV rising,33054,-0.0189369632977181,-4.591278135547746,33054,-0.015295603744618969,-4.245873132508765
2025,3,sweep: OBV falling,40118,0.015825390980269805,4.28069582513432,40118,0.017729389411066776,5.446169944998896
2025,3,sweep: EMA9 > EMA21 + 10 bp,22110,-0.036524926940059654,-6.876411863120945,22110,-0.033893912646113356,-7.151746406437697
2025,3,sweep: EMA9 < EMA21 - 10 bp,23508,0.022240585823098846,4.397933127504966,23508,0.020345273415283027,4.440310057703218
2025,3,sweep: larger trades than usual (size5 > 1.2),126384,-0.001820955337321406,-0.8161912793509829,126384,-0.003251474522167064,-1.5663194523735204
2025,3,sweep: more trades than usual (nratio5 > 1.5),93864,-0.006014617284783974,-2.1679066829253117,93864,-0.00311836359464418,-1.2290358080116666
2025,5,price at 4h high (rangepos >= 0.98),13609,-0.036334857282799116,-5.654747409797605,13609,-0.04167377040217496,-6.691666811617278
2025,5,price at 4h low (rangepos <= 0.02),11596,0.027372167109817824,4.165637070369969,11596,0.030472251266034256,4.864847345119355
2025,5,upper quarter of 4h range,143024,-0.02125111189035883,-7.517842422833004,143024,-0.02105015203371874,-7.876567190119832
2025,5,lower quarter of 4h range,123083,0.015446959841095842,4.605801066299994,123083,0.01776328072608563,5.780607116685283
2025,5,last 5 min up more than 2 sd,14524,-0.03327901442336423,-5.380284981652267,14524,-0.034290884089330176,-5.786802796695035
2025,5,last 5 min down more than 2 sd,14258,0.03871014342097434,6.7002191678960905,14258,0.0437975489815664,8.41657744291634
2025,5,last 15 min up more than 2 sd,12652,-0.03809502273496551,-5.027833041923532,12652,-0.041438547759571065,-5.747032680445146
2025,5,last 15 min down more than 2 sd,11742,0.04603221673605434,5.900867711366526,11742,0.05049514255566129,6.784800313501169
2025,5,4h return above +50 bp,112740,-0.012642876676970949,-4.156146110195037,112740,-0.012294567691090996,-4.314551468212163
2025,5,4h return below -50 bp,104668,0.008192216532505847,2.265535041601878,104668,0.00838977858407608,2.5046609384278966
2025,5,previous window up,262152,-0.01653473084396495,-7.353422442241568,262152,-0.019745146924717794,-9.327738921601044
2025,5,previous window down,263444,0.01653473084396495,7.353422442241585,263444,0.019745146924717794,9.327738921601048
2025,5,two windows up in a row,127188,-0.02367620585665764,-9.456286352878678,127188,-0.024179113252542184,-9.807248609280586
2025,5,two windows down in a row,128478,0.016849714942310468,6.0592786507924785,128478,0.017665594247801453,6.902834359395311
2025,5,three windows up in a row,60361,-0.029290893856858624,-9.18416388136285,60361,-0.028279435250136875,-9.224516920437138
2025,5,three windows down in a row,61500,0.019883551987281645,5.623723119652978,61500,0.019177263577090042,5.901404925182324
2025,5,RSI14 above 70,25502,-0.04268397745129493,-7.479182817771459,25502,-0.04855519097159949,-8.75788993518574
2025,5,RSI14 below 30,24369,0.048476560290508286,9.369532094562198,24369,0.050151996310422664,9.861878637449207
2025,5,RSI60 above 65,4412,-0.015105271011075672,-1.0813709065116228,4412,-0.015027098004231743,-1.1611956889219754
2025,5,RSI60 below 35,2928,0.03386599026323994,2.282658255544806,2928,0.03302601666163363,2.2811814601375184
2025,5,MACD histogram positive,259552,-0.009196093725538812,-3.843621336532852,259552,-0.012828510101385138,-5.6455698688043165
2025,5,MACD histogram negative,266044,0.009196093725538812,3.84362133653287,266044,0.012828510101385138,5.6455698688043086
2025,5,above upper Bollinger band,26590,-0.0235092180102483,-5.489151380073245,26590,-0.026515196151280007,-5.862918233496808
2025,5,below lower Bollinger band,27008,0.031444001652134845,7.818535207194241,27008,0.04008315008836144,10.250898930815556
2025,5,EMA9 above EMA21 by 10 bp,22110,-0.04279596987209067,-6.856724141567746,22110,-0.04087261118871366,-6.805607739817212
2025,5,EMA9 below EMA21 by 10 bp,23508,0.03178914202596911,4.9994255399068415,23508,0.028069903784365857,4.588247599851724
2025,5,ADX14 above 30 (trending),147193,0.0010476898490468511,0.3778629977490793,147193,0.0005488192806497039,0.21517158284921223
2025,5,ADX14 below 15 (ranging),63544,9.269309915754809e-05,0.0238273424264068,63544,0.0004100990701389473,0.11340709871072775
2025,5,taker buying 60 pct+ of last 15 min,84818,-0.02223251694242817,-6.803906483691576,84818,-0.022555534531555732,-7.233627373754125
2025,5,taker selling 60 pct+ of last 15 min,136046,0.01889499424165303,6.84866095484044,136046,0.019234339511276066,7.300819059810404
2025,5,volume last 5 min 3x the daily average,26551,0.0011902633846095356,0.21647715438348403,26551,0.0013526592825930384,0.2533366821904843
2025,5,trade count last 5 min 3x average,18213,-0.0053306537339875,-0.8749896111823189,18213,-0.006430198561158507,-1.138227171298353
2025,5,OBV rising over 60 min,33054,-0.024927785700175675,-4.879006935272482,33054,-0.022843997556940276,-4.739830561210008
2025,5,OBV falling over 60 min,40118,0.019843555632553744,4.397910621841073,40118,0.02031030179770521,4.946646385731477
2025,5,price 30 bp+ above 60-min VWAP,34285,-0.03570799030249444,-7.219695337335026,34285,-0.03769873877429669,-8.152477182456007
2025,5,price 30 bp+ below 60-min VWAP,32163,0.031037427937137207,6.073196140705856,32163,0.02938393185671856,5.980955178131533
2025,5,high volatility (vol60 in top decile),32663,-0.003386075799296673,-0.6339695886547125,32663,-0.004517582397771003,-0.9270416423143193
2025,5,low volatility (vol60 in bottom decile),108335,0.0026157371545497687,0.7736109805849574,108335,-0.0012967368449258165,-0.4230548850279685
2025,5,weekend,149760,0.00582750477442745,2.001651084041755,149760,0.0036843814423330734,1.421251386850954
2025,5,US afternoon (14-17 UTC),87600,-0.0012990868413927381,-0.3950195379567717,87600,-0.00023743654213226328,-0.07666187138867023
2025,5,Asia early (0-3 UTC),87600,-0.0012305935864554418,-0.35846435930387566,87600,-0.00168949354680209,-0.5128876410785708
2025,5,sweep: RSI14 < 20,3214,0.060627903194780286,3.860422779644429,3214,0.0646055789384502,3.835844600548695
2025,5,sweep: RSI14 < 25,9181,0.04760244830655297,5.577014373206908,9181,0.04714499825114643,5.6633945225910765
2025,5,sweep: RSI14 < 30,24369,0.048476560290508286,9.369532094562198,24369,0.050151996310422664,9.861878637449207
2025,5,sweep: RSI14 < 35,55054,0.034946457415949594,9.599136482671218,55054,0.03785235870252901,10.776377603621917
2025,5,sweep: RSI14 > 65,56885,-0.03616720186030847,-9.518177034789085,56885,-0.04042131037364066,-11.2374128715535
2025,5,sweep: RSI14 > 70,25502,-0.04268397745129493,-7.479182817771459,25502,-0.04855519097159949,-8.75788993518574
2025,5,sweep: RSI14 > 75,10223,-0.040440289683101094,-4.411626406001627,10223,-0.04189411392824388,-4.847557521680187
2025,5,sweep: RSI14 > 80,3807,-0.012094561783901892,-0.8622001179911857,3807,-0.017116263497667483,-1.2872792868872487
2025,5,sweep: RSI60 < 35,2928,0.03386599026323994,2.282658255544806,2928,0.03302601666163363,2.2811814601375184
2025,5,sweep: RSI60 < 40,19253,0.029410189204141013,4.743193458586422,19253,0.02942205006023141,4.937638523186935
2025,5,sweep: RSI60 < 45,92861,0.026378520200970867,7.320314323757022,92861,0.02744180591672518,8.190869710748506
2025,5,sweep: RSI60 > 55,97816,-0.033973720976596844,-10.820282785454255,97816,-0.03420078143093813,-11.377153038981893
2025,5,sweep: RSI60 > 60,20447,-0.03532847309831921,-5.436418803595985,20447,-0.03645541676383529,-5.872473171477464
2025,5,sweep: RSI60 > 65,4412,-0.015105271011075672,-1.0813709065116228,4412,-0.015027098004231743,-1.1611956889219754
2025,5,sweep: range position < 0.05,24598,0.021414480373895317,3.852541217481695,24598,0.023122911470720875,4.5468626978947775
2025,5,sweep: range position > 0.95,28357,-0.030030074120923178,-6.053200953511221,28357,-0.033420206995931345,-6.976940468464267
2025,5,sweep: range position < 0.1,47181,0.01928677842804072,4.273552874655729,47181,0.02264089387686946,5.274390724548165
2025,5,sweep: range position > 0.90,55218,-0.025204906317649878,-6.333397370879607,55218,-0.026473477076592034,-7.009823734126614
2025,5,sweep: range position < 0.15,72208,0.01868702968896102,4.885569784452818,72208,0.022144042697792965,6.1880084385326395
2025,5,sweep: range position > 0.85,84173,-0.026792567150553892,-8.216057836232304,84173,-0.02692438786382001,-8.609274450083166
2025,5,sweep: 5-min move > +1.5 sd,34352,-0.026750580525738255,-6.182964555720206,34352,-0.030449641433309194,-7.360784754231763
2025,5,sweep: 5-min move < -1.5 sd,34055,0.02717752007302593,6.719257854464616,34055,0.03075939624559787,7.820817173287943
2025,5,sweep: 15-min move > +1.5 sd,32692,-0.03396180857384551,-7.099347305032646,32692,-0.03708153211813603,-8.110523920771682
2025,5,sweep: 15-min move < -1.5 sd,31772,0.03583044725518719,7.900322452116556,31772,0.03843888115928634,8.629504871128814
2025,5,sweep: 5-min move > +2 sd,14524,-0.03327901442336423,-5.380284981652267,14524,-0.034290884089330176,-5.786802796695035
2025,5,sweep: 5-min move < -2 sd,14258,0.03871014342097434,6.7002191678960905,14258,0.0437975489815664,8.41657744291634
2025,5,sweep: 15-min move > +2 sd,12652,-0.03809502273496551,-5.027833041923532,12652,-0.041438547759571065,-5.747032680445146
2025,5,sweep: 15-min move < -2 sd,11742,0.04603221673605434,5.900867711366526,11742,0.05049514255566129,6.784800313501169
2025,5,sweep: 5-min move > +2.5 sd,6119,-0.0435253568511173,-4.859966563233311,6119,-0.04364967984980378,-5.129060974049158
2025,5,sweep: 5-min move < -2.5 sd,5872,0.05704358918065017,6.178538346779384,5872,0.058785979351396234,7.108765303224732
2025,5,sweep: 15-min move > +2.5 sd,4593,-0.03877724246501124,-3.2949879990005995,4593,-0.04021851487642408,-3.7427671264073483
2025,5,sweep: 15-min move < -2.5 sd,4300,0.04475961699749392,3.4622712779375995,4300,0.05045330314500607,4.01736259661082
2025,5,sweep: 5-min move > +3 sd,2677,-0.03414658631121992,-2.4582204046252163,2677,-0.03999594492044245,-2.9703221071820978
2025,5,sweep: 5-min move < -3 sd,2444,0.06598063934953613,5.066209740292873,2444,0.07226902026127213,5.789510374185404
2025,5,sweep: 15-min move > +3 sd,1738,-0.04481999511976953,-2.555949952689199,1738,-0.05525578328416825,-3.3030760051266417
2025,5,sweep: 15-min move < -3 sd,1463,0.03550786045094689,1.479770259803616,1463,0.04357995212245047,1.87306394824211
2025,5,sweep: 4h return > +25 bp,176332,-0.012147969897845778,-4.3245668995378965,176332,-0.012245247057879438,-4.635248482592317
2025,5,sweep: 4h return < -25 bp,165834,0.008566516005101776,2.7869525999071874,165834,0.009491794317880442,3.3118935916820402
2025,5,sweep: 4h return > +50 bp,112740,-0.012642876676970949,-4.156146110195037,112740,-0.012294567691090996,-4.314551468212163
2025,5,sweep: 4h return < -50 bp,104668,0.008192216532505847,2.265535041601878,104668,0.00838977858407608,2.5046609384278966
2025,5,sweep: 4h return > +100 bp,46552,-0.011698299112398891,-2.7651119590981925,46552,-0.01055023686338663,-2.66102607849413
2025,5,sweep: 4h return < -100 bp,48529,0.0005122591513854191,0.10227529531342788,48529,-0.00012884569552223946,-0.02856870179099607
2025,5,sweep: taker buy share > 0.1 (15 min),147056,-0.020408607173624582,-7.615225009924811,147056,-0.020323053145506198,-8.048219738009768
2025,5,sweep: taker sell share > 0.1 (15 min),214430,0.02081537858148036,8.414928354277466,214430,0.020396506143081528,8.866409445798064
2025,5,sweep: taker buy share > 0.2 (15 min),84818,-0.02223251694242817,-6.803906483691576,84818,-0.022555534531555732,-7.233627373754125
2025,5,sweep: taker sell share > 0.2 (15 min),136046,0.01889499424165303,6.84866095484044,136046,0.019234339511276066,7.300819059810404
2025,5,sweep: taker buy share > 0.3 (15 min),42265,-0.025156351748327643,-5.807656264739685,42265,-0.025299525587588023,-6.088666066185663
2025,5,sweep: taker sell share > 0.3 (15 min),74682,0.018877474503702862,5.59677570701684,74682,0.02082288290765416,6.55718889433925
2025,5,sweep: price > VWAP60 + 15 bp,97597,-0.029786452664739838,-9.828972809208853,97597,-0.030455762400173392,-11.043285501897788
2025,5,sweep: price < VWAP60 - 15 bp,91942,0.027591666591184116,8.26231404333902,91942,0.030120120990943133,9.80238222433622
2025,5,sweep: price > VWAP60 + 30 bp,34285,-0.03570799030249444,-7.219695337335026,34285,-0.03769873877429669,-8.152477182456007
2025,5,sweep: price < VWAP60 - 30 bp,32163,0.031037427937137207,6.073196140705856,32163,0.02938393185671856,5.980955178131533
2025,5,sweep: price > VWAP60 + 50 bp,11005,-0.03686620705627003,-4.2583113499960445,11005,-0.03623121782099348,-4.515269729110734
2025,5,sweep: price < VWAP60 - 50 bp,10575,0.03094826654983246,3.4485722619149533,10575,0.027436810754481733,2.9855386780015176
2025,5,sweep: previous window up,262152,-0.01653473084396495,-7.353422442241568,262152,-0.019745146924717794,-9.327738921601044
2025,5,sweep: previous window down,263444,0.01653473084396495,7.353422442241585,263444,0.019745146924717794,9.327738921601048
2025,5,sweep: two windows up,127188,-0.02367620585665764,-9.456286352878678,127188,-0.024179113252542184,-9.807248609280586
2025,5,sweep: two windows down,128478,0.016849714942310468,6.0592786507924785,128478,0.017665594247801453,6.902834359395311
2025,5,sweep: MACD hist > 0,259552,-0.009196093725538812,-3.843621336532852,259552,-0.012828510101385138,-5.6455698688043165
2025,5,sweep: MACD hist < 0,266044,0.009196093725538812,3.84362133653287,266044,0.012828510101385138,5.6455698688043086
2025,5,sweep: OBV rising,33054,-0.024927785700175675,-4.879006935272482,33054,-0.022843997556940276,-4.739830561210008
2025,5,sweep: OBV falling,40118,0.019843555632553744,4.397910621841073,40118,0.02031030179770521,4.946646385731477
2025,5,sweep: EMA9 > EMA21 + 10 bp,22110,-0.04279596987209067,-6.856724141567746,22110,-0.04087261118871366,-6.805607739817212
2025,5,sweep: EMA9 < EMA21 - 10 bp,23508,0.03178914202596911,4.9994255399068415,23508,0.028069903784365857,4.588247599851724
2025,5,sweep: larger trades than usual (size5 > 1.2),126382,-0.004071036530334138,-1.581607590546634,126382,-0.006111950321987969,-2.4884488941565017
2025,5,sweep: more trades than usual (nratio5 > 1.5),93864,-0.005960141076815639,-1.7413494208058284,93864,-0.005223117094395158,-1.657655127565258
2025,10,price at 4h high (rangepos >= 0.98),13609,-0.0542992358930417,-6.7733863122174105,13609,-0.06038857857549823,-7.480973462804476
2025,10,price at 4h low (rangepos <= 0.02),11596,0.03673820589569621,4.90358263212878,11596,0.040459462212184216,5.442156074651818
2025,10,upper quarter of 4h range,143024,-0.02803643083209617,-7.334058805308129,143024,-0.03067353888959895,-8.21858630967353
2025,10,lower quarter of 4h range,123083,0.024034662726613587,5.6137645799219955,123083,0.02637718383210197,6.275245434045265
2025,10,last 5 min up more than 2 sd,14524,-0.0363908027550745,-5.775502188433189,14524,-0.04327583859245038,-6.8086057230563855
2025,10,last 5 min down more than 2 sd,14258,0.0425097111063274,6.593291488008257,14258,0.047168484132344035,7.185557129454923
2025,10,last 15 min up more than 2 sd,12652,-0.040638260194066855,-4.342890321077776,12652,-0.04592160421028052,-5.026598416421185
2025,10,last 15 min down more than 2 sd,11742,0.053210463749317705,5.931533751657686,11742,0.06368790993043011,7.062630405365554
2025,10,4h return above +50 bp,112740,-0.01687860618284115,-4.107545047790128,112740,-0.01853544778448646,-4.676501235539597
2025,10,4h return below -50 bp,104668,0.013540457397606287,2.987659422866624,104668,0.013814356183963206,3.0831178007373787
2025,10,previous window up,262150,-0.02340031866424569,-7.845750078984108,262150,-0.027493603006718492,-9.417841652523183
2025,10,previous window down,263441,0.02340031866424569,7.845750078984122,263441,0.027493603006718492,9.417841652523196
2025,10,two windows up in a row,127186,-0.02962153878622925,-9.089023341232302,127186,-0.0325362320808783,-10.123517574638779
2025,10,two windows down in a row,128475,0.025390617666863236,7.39822117184755,128475,0.02891060306632187,8.678311307804101
2025,10,three windows up in a row,60361,-0.038982593598892834,-9.242395731714229,60361,-0.03944542967256309,-9.717797767738764
2025,10,three windows down in a row,61497,0.031139624122900833,6.915267774839326,61497,0.03404706637324645,7.775623174048051
2025,10,RSI14 above 70,25502,-0.05152588070285763,-7.813306318305172,25502,-0.058505823356588105,-8.83514709145606
2025,10,RSI14 below 30,24369,0.05402621672799107,8.782475119355851,24369,0.057814161502349914,9.528708393940617
2025,10,RSI60 above 65,4412,-0.010353708686339835,-0.5612584092981271,4412,-0.026271824477634043,-1.4994249638843145
2025,10,RSI60 below 35,2928,0.04857948973671811,2.667511689109263,2928,0.053238441059864805,2.8403022217168092
2025,10,MACD histogram positive,259550,-0.012587224351903181,-4.3048409499380975,259550,-0.016813475253763643,-5.945753083103565
2025,10,MACD histogram negative,266041,0.012587224351903181,4.304840949938102,266041,0.016813475253763643,5.945753083103575
2025,10,above upper Bollinger band,26590,-0.031159032128290853,-6.748224044965949,26590,-0.038835229494057544,-8.219661101214566
2025,10,below lower Bollinger band,27008,0.030289875348562534,7.02677750438374,27008,0.0373717749098576,8.847335807731293
2025,10,EMA9 above EMA21 by 10 bp,22110,-0.03887693282353338,-4.577333062920055,22110,-0.04185991159399011,-5.100396108030386
2025,10,EMA9 below EMA21 by 10 bp,23508,0.0344538191413713,4.489327175015611,23508,0.03875404223737444,5.018403002867496
2025,10,ADX14 above 30 (trending),147193,0.003030272838880299,0.8417346524730189,147193,0.00276316939318072,0.799102085755078
2025,10,ADX14 below 15 (ranging),63544,-7.986314297037111e-05,-0.015493963039469132,63544,0.00018817332447862434,0.037134261014057854
2025,10,taker buying 60 pct+ of last 15 min,84818,-0.02952523382415162,-7.083476077820845,84818,-0.03243050778256129,-7.834701866559832
2025,10,taker selling 60 pct+ of last 15 min,136046,0.029848727032421918,8.236898296135763,136046,0.03059983409058198,8.652177727868462
2025,10,volume last 5 min 3x the daily average,26551,-0.004647513788033797,-0.6573899417164774,26551,-0.00337042285211564,-0.48715931777029736
2025,10,trade count last 5 min 3x average,18213,-0.002436033789860681,-0.30573295243678805,18213,-0.0032472481589583824,-0.41818370386496734
2025,10,OBV rising over 60 min,33054,-0.032631944416888214,-4.934952466472771,33054,-0.0330945114257713,-5.242088375327631
2025,10,OBV falling over 60 min,40118,0.022424249218297942,3.8367501142746794,40118,0.02397457345949572,4.164911162083629
2025,10,price 30 bp+ above 60-min VWAP,34285,-0.03330612423395807,-4.947525508665862,34285,-0.040160413692120644,-6.351646610370785
2025,10,price 30 bp+ below 60-min VWAP,32163,0.03670707248133642,5.873479639858998,32163,0.0417475235924365,6.709863592483583
2025,10,high volatility (vol60 in top decile),32663,-0.0005509389148150023,-0.07418049971839626,32663,0.00018234593183064085,0.024981703727883057
2025,10,low volatility (vol60 in bottom decile),108330,-0.002353671623377962,-0.5518434600732927,108330,-0.003273218182111237,-0.7849309700971316
2025,10,weekend,149760,0.003049099125824406,0.8060829919568016,149760,0.0023960574840512505,0.6647582430322155
2025,10,US afternoon (14-17 UTC),87600,0.00027514631485359153,0.059325604102126804,87600,0.001176986873096142,0.26388990136271057
2025,10,Asia early (0-3 UTC),87600,-0.003094728239708966,-0.6792355124285556,87600,-0.0026997387323559052,-0.6135116899183365
2025,10,sweep: RSI14 < 20,3214,0.09106177442754348,5.69441567995211,3214,0.09441717794911691,5.764545106856641
2025,10,sweep: RSI14 < 25,9181,0.0601341990930106,6.276482701955175,9181,0.062230338974349875,6.456649590514183
2025,10,sweep: RSI14 < 30,24369,0.05402621672799107,8.782475119355851,24369,0.057814161502349914,9.528708393940617
2025,10,sweep: RSI14 < 35,55054,0.04424348286908042,10.212089522774736,55054,0.04859417781784009,11.156557731716038
2025,10,sweep: RSI14 > 65,56885,-0.04386265003263984,-9.858931480814373,56885,-0.050083776758984455,-11.502078159223954
2025,10,sweep: RSI14 > 70,25502,-0.05152588070285763,-7.813306318305172,25502,-0.058505823356588105,-8.83514709145606
2025,10,sweep: RSI14 > 75,10223,-0.04379108959870609,-4.425628335748361,10223,-0.053022230659181324,-5.209581598873641
2025,10,sweep: RSI14 > 80,3807,-0.028765288202551087,-1.841231477185074,3807,-0.03828119107209893,-2.3516460379380177
2025,10,sweep: RSI60 < 35,2928,0.04857948973671811,2.667511689109263,2928,0.053238441059864805,2.8403022217168092
2025,10,sweep: RSI60 < 40,19253,0.042471478728285605,5.37716920069586,19253,0.04453606182560582,5.660615085049548
2025,10,sweep: RSI60 < 45,92861,0.03343926053864554,7.212943191733143,92861,0.036652246072025885,7.97612711221598
2025,10,sweep: RSI60 > 55,97816,-0.042674506935999834,-10.026825656395998,97816,-0.04550956473030621,-11.029721213577993
2025,10,sweep: RSI60 > 60,20447,-0.04729580700447206,-5.082433331906531,20447,-0.0523370519831205,-5.852128571420732
2025,10,sweep: RSI60 > 65,4412,-0.010353708686339835,-0.5612584092981271,4412,-0.026271824477634043,-1.4994249638843145
2025,10,sweep: range position < 0.05,24598,0.028548475100188597,4.239145158864612,24598,0.033161087198313344,5.008521022481755
2025,10,sweep: range position > 0.95,28357,-0.046461243367679095,-6.91597555044206,28357,-0.05372403232329093,-8.005769095310953
2025,10,sweep: range position < 0.1,47181,0.02913399908620118,5.001589257167274,47181,0.03328400155956823,5.772061060522194
2025,10,sweep: range position > 0.90,55218,-0.04029212963419754,-7.525559957208011,55218,-0.044247833412678905,-8.368828103948463
2025,10,sweep: range position < 0.15,72208,0.02626040424192083,5.221113295405499,72208,0.030251638840528228,5.991292391612504
2025,10,sweep: range position > 0.85,84173,-0.038951950846145444,-8.569505421272948,84173,-0.04210641913649993,-9.328727254870307
2025,10,sweep: 5-min move > +1.5 sd,34352,-0.03017464105497608,-6.748586577532773,34352,-0.038354659685623516,-8.64463403792852
2025,10,sweep: 5-min move < -1.5 sd,34055,0.028203501341715342,6.467035203106777,34055,0.03232323209815208,7.2752498612558965
2025,10,sweep: 15-min move > +1.5 sd,32692,-0.03650965889705576,-6.065654128507623,32692,-0.04194115228239975,-7.1335101403547725
2025,10,sweep: 15-min move < -1.5 sd,31772,0.04375909292575875,8.0716367405011,31772,0.047611057506390164,8.701051528087214
2025,10,sweep: 5-min move > +2 sd,14524,-0.0363908027550745,-5.775502188433189,14524,-0.04327583859245038,-6.8086057230563855
2025,10,sweep: 5-min move < -2 sd,14258,0.0425097111063274,6.593291488008257,14258,0.047168484132344035,7.185557129454923
2025,10,sweep: 15-min move > +2 sd,12652,-0.040638260194066855,-4.342890321077776,12652,-0.04592160421028052,-5.026598416421185
2025,10,sweep: 15-min move < -2 sd,11742,0.053210463749317705,5.931533751657686,11742,0.06368790993043011,7.062630405365554
2025,10,sweep: 5-min move > +2.5 sd,6119,-0.046993212872871504,-5.009083644009032,6119,-0.05323164654451734,-5.578490993706948
2025,10,sweep: 5-min move < -2.5 sd,5872,0.05595914194315221,5.591911830207898,5872,0.06407766787704439,6.2906469310286095
2025,10,sweep: 15-min move > +2.5 sd,4593,-0.04448236660520272,-3.0513907828289812,4593,-0.05053227756228462,-3.4982507850111784
2025,10,sweep: 15-min move < -2.5 sd,4300,0.05616478775212508,3.710568955217337,4300,0.06913108613664115,4.5340852007067145
2025,10,sweep: 5-min move > +3 sd,2677,-0.042590099486300326,-2.9481343305035392,2677,-0.05181481218430406,-3.5801325632355443
2025,10,sweep: 5-min move < -3 sd,2444,0.08620816278189664,5.8845972377026285,2444,0.09537790974354982,6.412338561354769
2025,10,sweep: 15-min move > +3 sd,1738,-0.05735857583199189,-2.5344584515144266,1738,-0.06548140969201743,-2.891492163495544
2025,10,sweep: 15-min move < -3 sd,1463,0.04230686116047189,1.572773076953637,1463,0.05106820890219321,1.8224207855486134
2025,10,sweep: 4h return > +25 bp,176332,-0.016446574570759764,-4.415568599826131,176332,-0.017818266947896455,-4.970898946826943
2025,10,sweep: 4h return < -25 bp,165834,0.01450038784983848,3.7843292882234834,165834,0.015845296591878888,4.1682996093186615
2025,10,sweep: 4h return > +50 bp,112740,-0.01687860618284115,-4.107545047790128,112740,-0.01853544778448646,-4.676501235539597
2025,10,sweep: 4h return < -50 bp,104668,0.013540457397606287,2.987659422866624,104668,0.013814356183963206,3.0831178007373787
2025,10,sweep: 4h return > +100 bp,46552,-0.012380165770686347,-2.0593279528337836,46552,-0.014763251928243182,-2.5924813671072675
2025,10,sweep: 4h return < -100 bp,48529,0.007156416005845212,1.1688292034339596,48529,0.006701127621613845,1.0820864737396234
2025,10,sweep: taker buy share > 0.1 (15 min),147056,-0.026405072228156135,-7.813425204883159,147056,-0.029401726749670676,-8.836640261348023
2025,10,sweep: taker sell share > 0.1 (15 min),214426,0.030948228052030347,9.649213546062308,214426,0.03245784129579388,10.368166858879578
2025,10,sweep: taker buy share > 0.2 (15 min),84818,-0.02952523382415162,-7.083476077820845,84818,-0.03243050778256129,-7.834701866559832
2025,10,sweep: taker sell share > 0.2 (15 min),136046,0.029848727032421918,8.236898296135763,136046,0.03059983409058198,8.652177727868462
2025,10,sweep: taker buy share > 0.3 (15 min),42265,-0.033198155964074993,-5.837697211488647,42265,-0.035318337599788696,-6.2441364038051494
2025,10,sweep: taker sell share > 0.3 (15 min),74682,0.030145938176683595,6.9788482153983376,74682,0.031768026171558106,7.4251452522638415
2025,10,sweep: price > VWAP60 + 15 bp,97597,-0.031195358469642442,-7.880484812808528,97597,-0.03540831131122352,-9.445637289591156
2025,10,sweep: price < VWAP60 - 15 bp,91942,0.035509288816731766,8.150942386510255,91942,0.03911014366086518,9.313104422077881
2025,10,sweep: price > VWAP60 + 30 bp,34285,-0.03330612423395807,-4.947525508665862,34285,-0.040160413692120644,-6.351646610370785
2025,10,sweep: price < VWAP60 - 30 bp,32163,0.03670707248133642,5.873479639858998,32163,0.0417475235924365,6.709863592483583
2025,10,sweep: price > VWAP60 + 50 bp,11005,-0.032927589737016816,-2.6471803261074665,11005,-0.03850705210339106,-3.181744681621358
2025,10,sweep: price < VWAP60 - 50 bp,10575,0.032094059296319366,2.978489370431539,10575,0.03891245518833708,3.5698901617577237
2025,10,sweep: previous window up,262150,-0.02340031866424569,-7.845750078984108,262150,-0.027493603006718492,-9.417841652523183
2025,10,sweep: previous window down,263441,0.02340031866424569,7.845750078984122,263441,0.027493603006718492,9.417841652523196
2025,10,sweep: two windows up,127186,-0.02962153878622925,-9.089023341232302,127186,-0.0325362320808783,-10.123517574638779
2025,10,sweep: two windows down,128475,0.025390617666863236,7.39822117184755,128475,0.02891060306632187,8.678311307804101
2025,10,sweep: MACD hist > 0,259550,-0.012587224351903181,-4.3048409499380975,259550,-0.016813475253763643,-5.945753083103565
2025,10,sweep: MACD hist < 0,266041,0.012587224351903181,4.304840949938102,266041,0.016813475253763643,5.945753083103575
2025,10,sweep: OBV rising,33054,-0.032631944416888214,-4.934952466472771,33054,-0.0330945114257713,-5.242088375327631
2025,10,sweep: OBV falling,40118,0.022424249218297942,3.8367501142746794,40118,0.02397457345949572,4.164911162083629
2025,10,sweep: EMA9 > EMA21 + 10 bp,22110,-0.03887693282353338,-4.577333062920055,22110,-0.04185991159399011,-5.100396108030386
2025,10,sweep: EMA9 < EMA21 - 10 bp,23508,0.0344538191413713,4.489327175015611,23508,0.03875404223737444,5.018403002867496
2025,10,sweep: larger trades than usual (size5 > 1.2),126377,-0.007214323423116564,-2.368823977857892,126377,-0.009302398475211304,-3.1531502305960166
2025,10,sweep: more trades than usual (nratio5 > 1.5),93864,-0.005647105967725774,-1.3259830782566044,93864,-0.005087021620669541,-1.2507524169228628
2025,15,price at 4h high (rangepos >= 0.98),13609,-0.05892398263830373,-6.740504065405674,13609,-0.06264220447068786,-7.177255357129597
2025,15,price at 4h low (rangepos <= 0.02),11596,0.03462788346601581,3.889449776078452,11596,0.03951812924258513,4.394440811821132
2025,15,upper quarter of 4h range,143024,-0.03202126273860745,-7.079108716042885,143024,-0.03426940049190286,-7.708363947544136
2025,15,lower quarter of 4h range,123083,0.028403680452753044,5.528754105175659,123083,0.030180230347619852,5.971411699823417
2025,15,last 5 min up more than 2 sd,14524,-0.03886444153125512,-5.7785311573861975,14524,-0.04241732850905594,-6.128818780529819
2025,15,last 5 min down more than 2 sd,14258,0.04180666602006938,6.171137711460795,14258,0.0480635409256947,7.039876541630956
2025,15,last 15 min up more than 2 sd,12652,-0.039638367248423734,-3.9712149027779944,12652,-0.04566481835609615,-4.528740143265828
2025,15,last 15 min down more than 2 sd,11742,0.05059443078883841,5.224033286134079,11742,0.054991288116354675,5.640434392738885
2025,15,4h return above +50 bp,112740,-0.01846082352975892,-3.8602434261581178,112740,-0.019509220562064444,-4.127906382750895
2025,15,4h return below -50 bp,104668,0.015764304623486325,2.829482123950627,104668,0.014823565177954967,2.755254762568714
2025,15,previous window up,262148,-0.027200574383634046,-8.176545691910574,262148,-0.03083905695608452,-9.429535124438212
2025,15,previous window down,263438,0.027200574383634046,8.17654569191054,263438,0.03083905695608452,9.429535124438228
2025,15,two windows up in a row,127184,-0.03193499385088089,-8.64494060036021,127184,-0.034850009613415056,-9.540154686542401
2025,15,two windows down in a row,128474,0.029754946848694563,7.637204524348377,128474,0.03183729227828597,8.414772867758733
2025,15,three windows up in a row,60361,-0.041327554596059635,-8.72072840831259,60361,-0.043225784750336504,-9.129261186380191
2025,15,three windows down in a row,61496,0.03367112426602997,6.604218106473289,61496,0.03442106522612193,6.8590609128468865
2025,15,RSI14 above 70,25502,-0.05088476466829578,-7.402120358109209,25502,-0.05495643887344137,-7.981064909423224
2025,15,RSI14 below 30,24369,0.05653631911501128,8.671047030918725,24369,0.0583031722732783,8.862031217430387
2025,15,RSI60 above 65,4412,-0.002814844125140825,-0.13883876569907938,4412,-0.008402540041224538,-0.42307479049047647
2025,15,RSI60 below 35,2928,0.053386770203428635,2.4603786266916328,2928,0.05110894434578589,2.3658839845454973
2025,15,MACD histogram positive,259545,-0.015015729586363269,-4.676896919766859,259545,-0.018725739606840375,-5.856740724128467
2025,15,MACD histogram negative,266041,0.015015729586363269,4.676896919766866,266041,0.018725739606840375,5.856740724128475
2025,15,above upper Bollinger band,26590,-0.032275600831818185,-6.839418147873494,26590,-0.039431970370554514,-8.149105530056632
2025,15,below lower Bollinger band,27008,0.028632093031586592,6.591374896143779,27008,0.03454117155517311,7.805767891750136
2025,15,EMA9 above EMA21 by 10 bp,22110,-0.03831617592237341,-4.188047810720889,22110,-0.03927102294572238,-4.286170068032922
2025,15,EMA9 below EMA21 by 10 bp,23508,0.033515173250672936,3.921468246233162,23508,0.03337944433341705,4.037464314418886
2025,15,ADX14 above 30 (trending),147193,0.004448809343139237,1.0579269731963037,147193,0.004434500047311718,1.0829103742307553
2025,15,ADX14 below 15 (ranging),63544,0.0010217358045133684,0.17136198075647624,63544,0.0010571713669006444,0.18288454672127846
2025,15,taker buying 60 pct+ of last 15 min,84818,-0.03817159810495324,-8.22752062996517,84818,-0.03790938972702723,-8.358137868982197
2025,15,taker selling 60 pct+ of last 15 min,136046,0.031851650011395616,7.7326607746848195,136046,0.03382608117462088,8.29977261196636
2025,15,volume last 5 min 3x the daily average,26551,-0.006319904847337243,-0.8252165092683825,26551,-0.007060328705502494,-0.9212548138505833
2025,15,trade count last 5 min 3x average,18213,0.0006092956751749812,0.06690007621558734,18213,-0.00017065088020429275,-0.01874540114394961
2025,15,OBV rising over 60 min,33054,-0.03555715340461146,-4.780392365730089,33054,-0.03535858426008248,-4.737520767643883
2025,15,OBV falling over 60 min,40118,0.02338389904716126,3.3364370772867096,40118,0.021684779560418532,3.1903204835581893
2025,15,price 30 bp+ above 60-min VWAP,34285,-0.037345346293394976,-5.121940504516322,34285,-0.03861512998362071,-5.408313866204882
2025,15,price 30 bp+ below 60-min VWAP,32163,0.0372701399890244,5.253372652509469,32163,0.03770196403235693,5.354914140171351
2025,15,high volatility (vol60 in top decile),32663,-0.004055020327938752,-0.4735897535025407,32663,-0.005226901006995355,-0.6123404540410243
2025,15,low volatility (vol60 in bottom decile),108325,-0.002116547298959104,-0.4291921793818173,108325,-0.0029932703354962342,-0.6217946331412166
2025,15,weekend,149760,0.0031757973340522105,0.7120758388993023,149760,0.00411713932726232,0.9433922618838427
2025,15,US afternoon (14-17 UTC),87600,0.001111904767415406,0.1971636902841768,87600,0.001098210078106121,0.20028500785313735
2025,15,Asia early (0-3 UTC),87600,-0.004792236275269701,-0.8632860438589396,87600,-0.004230585433737166,-0.7694579772790392
2025,15,sweep: RSI14 < 20,3214,0.08379947206593891,5.403935992001537,3214,0.09049993416894248,5.7525546653945545
2025,15,sweep: RSI14 < 25,9181,0.06431577565603536,6.8081980882627615,9181,0.06255901227422528,6.554497941833969
2025,15,sweep: RSI14 < 30,24369,0.05653631911501128,8.671047030918725,24369,0.0583031722732783,8.862031217430387
2025,15,sweep: RSI14 < 35,55054,0.04567075720683583,9.2097214594804,55054,0.05043697032835498,10.267875427389516
2025,15,sweep: RSI14 > 65,56885,-0.04370319247601423,-9.015271136035816,56885,-0.047800647616851044,-10.037496272198343
2025,15,sweep: RSI14 > 70,25502,-0.05088476466829578,-7.402120358109209,25502,-0.05495643887344137,-7.981064909423224
2025,15,sweep: RSI14 > 75,10223,-0.04528672188539379,-4.395176471447927,10223,-0.04805166851232773,-4.530870892428347
2025,15,sweep: RSI14 > 80,3807,-0.02310409165521965,-1.4467394962265052,3807,-0.030650727031993008,-1.8724811783637298
2025,15,sweep: RSI60 < 35,2928,0.053386770203428635,2.4603786266916328,2928,0.05110894434578589,2.3658839845454973
2025,15,sweep: RSI60 < 40,19253,0.04531988823177019,4.637820066418678,19253,0.04771466480589315,4.896614994511539
2025,15,sweep: RSI60 < 45,92861,0.03975009178087502,7.174100162970989,92861,0.04145910026528704,7.589925724235947
2025,15,sweep: RSI60 > 55,97816,-0.04549962192829399,-9.292664779159663,97816,-0.04793289553534302,-10.025239943407689
2025,15,sweep: RSI60 > 60,20447,-0.04927966005828349,-4.747119464412642,20447,-0.05072648703237409,-4.936711852106423
2025,15,sweep: RSI60 > 65,4412,-0.002814844125140825,-0.13883876569907938,4412,-0.008402540041224538,-0.42307479049047647
2025,15,sweep: range position < 0.05,24598,0.029579562005900728,3.7376953707461595,24598,0.03410422773848404,4.323456991997357
2025,15,sweep: range position > 0.95,28357,-0.05378207804994212,-7.0295259087542386,28357,-0.05517765051829571,-7.3418275027254545
2025,15,sweep: range position < 0.1,47181,0.032736929010574456,4.703598855680673,47181,0.03552940612978128,5.180106048667952
2025,15,sweep: range position > 0.90,55218,-0.046216641716730844,-7.708147276655134,55218,-0.04901055062344639,-8.39185365859007
2025,15,sweep: range position < 0.15,72208,0.031327433510740854,5.184447215873085,72208,0.03362431657214904,5.632787616396441
2025,15,sweep: range position > 0.85,84173,-0.04395357520830667,-8.561186628918,84173,-0.04511960977104423,-9.011423079430871
2025,15,sweep: 5-min move > +1.5 sd,34352,-0.03128022903221628,-6.67615411556086,34352,-0.03528830165885155,-7.4271683340384955
2025,15,sweep: 5-min move < -1.5 sd,34055,0.02879089351211167,6.232468297570711,34055,0.033415185292644756,7.310283664779205
2025,15,sweep: 15-min move > +1.5 sd,32692,-0.0334880362163944,-5.288122760524535,32692,-0.0386381450159759,-6.058854703420094
2025,15,sweep: 15-min move < -1.5 sd,31772,0.040217186316530984,6.527982305513612,31772,0.044069263069491715,7.168842667411408
2025,15,sweep: 5-min move > +2 sd,14524,-0.03886444153125512,-5.7785311573861975,14524,-0.04241732850905594,-6.128818780529819
2025,15,sweep: 5-min move < -2 sd,14258,0.04180666602006938,6.171137711460795,14258,0.0480635409256947,7.039876541630956
2025,15,sweep: 15-min move > +2 sd,12652,-0.039638367248423734,-3.9712149027779944,12652,-0.04566481835609615,-4.528740143265828
2025,15,sweep: 15-min move < -2 sd,11742,0.05059443078883841,5.224033286134079,11742,0.054991288116354675,5.640434392738885
2025,15,sweep: 5-min move > +2.5 sd,6119,-0.05115761840104238,-5.146194518268185,6119,-0.060290190093216955,-5.844108049034066
2025,15,sweep: 5-min move < -2.5 sd,5872,0.0568174507349824,5.518615262112003,5872,0.06693342769564975,6.523881106643216
2025,15,sweep: 15-min move > +2.5 sd,4593,-0.04714916251707579,-3.033310941274443,4593,-0.05097603794583344,-3.3081928411235304
2025,15,sweep: 15-min move < -2.5 sd,4300,0.050785636666530076,3.145274442259556,4300,0.05442939371138411,3.4289332256116785
2025,15,sweep: 5-min move > +3 sd,2677,-0.04102479797664599,-2.7866795325366023,2677,-0.056668105222598686,-3.7054087428337423
2025,15,sweep: 5-min move < -3 sd,2444,0.08099914209046366,5.44249253867362,2444,0.08811360896958742,5.676384277764652
2025,15,sweep: 15-min move > +3 sd,1738,-0.054003850307406565,-2.2073636683637496,1738,-0.05676427428091696,-2.3375232684589036
2025,15,sweep: 15-min move < -3 sd,1463,0.03133944485376955,1.1492109381399958,1463,0.029409064648382166,1.0746160329695709
2025,15,sweep: 4h return > +25 bp,176332,-0.017706396512019162,-4.185247927625248,176332,-0.0184305994654701,-4.43645191333134
2025,15,sweep: 4h return < -25 bp,165834,0.01720129709454754,3.780237796675886,165834,0.01721737024664588,3.869721484476845
2025,15,sweep: 4h return > +50 bp,112740,-0.01846082352975892,-3.8602434261581178,112740,-0.019509220562064444,-4.127906382750895
2025,15,sweep: 4h return < -50 bp,104668,0.015764304623486325,2.829482123950627,104668,0.014823565177954967,2.755254762568714
2025,15,sweep: 4h return > +100 bp,46552,-0.014921865549715807,-2.1166169501072685,46552,-0.017470941582588884,-2.5509869203712485
2025,15,sweep: 4h return < -100 bp,48529,0.00899093613760571,1.1394732987405531,48529,0.00769903186116766,1.0054219249920897
2025,15,sweep: taker buy share > 0.1 (15 min),147056,-0.03228356331098359,-8.519359416255105,147056,-0.03414866129295163,-9.308286635907967
2025,15,sweep: taker sell share > 0.1 (15 min),214424,0.033716128134388845,9.460560959167482,214424,0.035078339191585595,9.895526467665423
2025,15,sweep: taker buy share > 0.2 (15 min),84818,-0.03817159810495324,-8.22752062996517,84818,-0.03790938972702723,-8.358137868982197
2025,15,sweep: taker sell share > 0.2 (15 min),136046,0.031851650011395616,7.7326607746848195,136046,0.03382608117462088,8.29977261196636
2025,15,sweep: taker buy share > 0.3 (15 min),42265,-0.04081169164226456,-6.718085192398326,42265,-0.03990325871517553,-6.63089694120798
2025,15,sweep: taker sell share > 0.3 (15 min),74682,0.03165868070047417,6.35816894753183,74682,0.032866388777524846,6.593822405421468
2025,15,sweep: price > VWAP60 + 15 bp,97597,-0.03204796597850773,-7.356863896771747,97597,-0.03612155208602691,-8.40536614738607
2025,15,sweep: price < VWAP60 - 15 bp,91942,0.03682909808230067,7.546324019605505,91942,0.03926186243841284,8.250528802247276
2025,15,sweep: price > VWAP60 + 30 bp,34285,-0.037345346293394976,-5.121940504516322,34285,-0.03861512998362071,-5.408313866204882
2025,15,sweep: price < VWAP60 - 30 bp,32163,0.0372701399890244,5.253372652509469,32163,0.03770196403235693,5.354914140171351
2025,15,sweep: price > VWAP60 + 50 bp,11005,-0.04105109760539788,-3.0591297125742134,11005,-0.04398560474314023,-3.273254226989939
2025,15,sweep: price < VWAP60 - 50 bp,10575,0.03988842011146104,3.131889463400038,10575,0.03721794645227183,3.0238737574198615
2025,15,sweep: previous window up,262148,-0.027200574383634046,-8.176545691910574,262148,-0.03083905695608452,-9.429535124438212
2025,15,sweep: previous window down,263438,0.027200574383634046,8.17654569191054,263438,0.03083905695608452,9.429535124438228
2025,15,sweep: two windows up,127184,-0.03193499385088089,-8.64494060036021,127184,-0.034850009613415056,-9.540154686542401
2025,15,sweep: two windows down,128474,0.029754946848694563,7.637204524348377,128474,0.03183729227828597,8.414772867758733
2025,15,sweep: MACD hist > 0,259545,-0.015015729586363269,-4.676896919766859,259545,-0.018725739606840375,-5.856740724128467
2025,15,sweep: MACD hist < 0,266041,0.015015729586363269,4.676896919766866,266041,0.018725739606840375,5.856740724128475
2025,15,sweep: OBV rising,33054,-0.03555715340461146,-4.780392365730089,33054,-0.03535858426008248,-4.737520767643883
2025,15,sweep: OBV falling,40118,0.02338389904716126,3.3364370772867096,40118,0.021684779560418532,3.1903204835581893
2025,15,sweep: EMA9 > EMA21 + 10 bp,22110,-0.03831617592237341,-4.188047810720889,22110,-0.03927102294572238,-4.286170068032922
2025,15,sweep: EMA9 < EMA21 - 10 bp,23508,0.033515173250672936,3.921468246233162,23508,0.03337944433341705,4.037464314418886
2025,15,sweep: larger trades than usual (size5 > 1.2),126372,-0.006703471715774567,-1.9902096661468742,126372,-0.007215321239207539,-2.1229026000958067
2025,15,sweep: more trades than usual (nratio5 > 1.5),93864,-0.004430549133728978,-0.9239592690950363,93864,-0.0040960927371657685,-0.8680466555592565
2025,30,price at 4h high (rangepos >= 0.98),13609,-0.0607026311402486,-5.728231436715393,13609,-0.06560138385426939,-6.234910545556061
2025,30,price at 4h low (rangepos <= 0.02),11596,0.0388849948526474,3.3805625143417735,11596,0.044543022856118,3.9604303078648813
2025,30,upper quarter of 4h range,143024,-0.03488366394279213,-5.519373873119022,143024,-0.0372978301957147,-5.9514955049177365
2025,30,lower quarter of 4h range,123083,0.029338009383911845,4.271053606795615,123083,0.031181881428274993,4.607937176187512
2025,30,last 5 min up more than 2 sd,14524,-0.024790561282834245,-3.5423821787312915,14524,-0.030493001882451576,-4.255163781332622
2025,30,last 5 min down more than 2 sd,14258,0.0341313932574695,4.831383611943784,14258,0.0397075573104676,5.467499782264758
2025,30,last 15 min up more than 2 sd,12652,-0.035653361323965294,-3.266143975709249,12652,-0.037869769858880686,-3.454093288656366
2025,30,last 15 min down more than 2 sd,11742,0.035772729677033155,3.455216543330889,11742,0.0372734605812548,3.613301672497693
2025,30,4h return above +50 bp,112740,-0.015918798096270226,-2.437675386274939,112740,-0.01709098900852324,-2.6328143146170477
2025,30,4h return below -50 bp,104668,0.01457859009492024,2.0663188161366075,104668,0.015909978742616293,2.2682578954275106
2025,30,previous window up,262139,-0.0294836150634874,-7.881717203954954,262139,-0.031966931807301535,-8.526382550516999
2025,30,previous window down,263432,0.0294836150634874,7.8817172039549215,263432,0.031966931807301535,8.526382550516958
2025,30,two windows up in a row,127184,-0.036186884799107866,-7.758338180946195,127184,-0.03820307555584612,-8.221412821244439
2025,30,two windows down in a row,128470,0.03224253295726526,6.715689027098791,128470,0.03474800721443416,7.240523232772501
2025,30,three windows up in a row,60361,-0.03624699334984072,-6.21387708670406,60361,-0.03720388603156677,-6.339079821428758
2025,30,three windows down in a row,61493,0.031898418060238354,5.035882107007191,61493,0.034980998967347354,5.5276937723878765
2025,30,RSI14 above 70,25502,-0.0466055962686685,-5.610837698133029,25502,-0.04914616128515792,-5.898699840081069
2025,30,RSI14 below 30,24369,0.0521958255973633,7.069694739895402,24369,0.05373847686510269,7.2751246026681295
2025,30,RSI60 above 65,4412,0.010023856236028639,0.395733506759317,4412,0.006587108048981216,0.25860770961258506
2025,30,RSI60 below 35,2928,0.07862460360549317,3.2095235768640435,2928,0.07563789389447206,3.059680664654985
2025,30,MACD histogram positive,259533,-0.018988032556104095,-5.577449980887748,259533,-0.02058233818633709,-5.947739342985672
2025,30,MACD histogram negative,266038,0.018988032556104095,5.577449980887756,266038,0.02058233818633709,5.947739342985679
2025,30,above upper Bollinger band,26590,-0.02844634356168002,-6.563403694952429,26590,-0.033602321320245154,-7.470879065286213
2025,30,below lower Bollinger band,27008,0.025410223962934797,5.684593974816706,27008,0.031422092862065765,6.857902257286017
2025,30,EMA9 above EMA21 by 10 bp,22110,-0.029690164284810583,-2.8016473619471176,22110,-0.028847664274315565,-2.746199525578879
2025,30,EMA9 below EMA21 by 10 bp,23508,0.034745731590613116,3.7339527860611437,23508,0.034677442651439794,3.770277861173977
2025,30,ADX14 above 30 (trending),147187,0.0025138360769293433,0.4736155435168942,147187,0.0026037892754805503,0.49709288849258326
2025,30,ADX14 below 15 (ranging),63544,-0.0005858385301231728,-0.07857107600372185,63544,-0.0005627151952075637,-0.07484436745774636
2025,30,taker buying 60 pct+ of last 15 min,84817,-0.037218542356679984,-6.791091285207692,84817,-0.03874023752828992,-7.076841318685854
2025,30,taker selling 60 pct+ of last 15 min,136046,0.032579383595363665,6.756434616059453,136046,0.03325945673020664,6.936747990426654
2025,30,volume last 5 min 3x the daily average,26551,-0.007954870292336214,-0.8756770752933764,26551,-0.007604953088566624,-0.8288921835542538
2025,30,trade count last 5 min 3x average,18213,0.00976829728559947,0.8398461656205164,18213,0.010570771066126583,0.9056478284676018
2025,30,OBV rising over 60 min,33054,-0.03807953184287127,-3.6783401927716715,33054,-0.03921861690427053,-3.8109607142652826
2025,30,OBV falling over 60 min,40118,0.01634933308324371,1.7339324993066154,40118,0.016561493103946612,1.7767679228158164
2025,30,price 30 bp+ above 60-min VWAP,34285,-0.03362321561910597,-3.7181593283680363,34285,-0.03498787681098037,-3.9203921984154344
2025,30,price 30 bp+ below 60-min VWAP,32163,0.03390744599087059,3.7290326222819297,32163,0.03669998284778242,4.088545499641306
2025,30,high volatility (vol60 in top decile),32663,-0.007123342483199402,-0.6371974225393581,32663,-0.005571341763578375,-0.5105140508505253
2025,30,low volatility (vol60 in bottom decile),108310,-0.009867783310532563,-1.3811681564351685,108310,-0.009074396448941369,-1.275581605005745
2025,30,weekend,149760,0.0022276424480860424,0.3622778107716535,149760,0.00234602968518538,0.38414524283908413
2025,30,US afternoon (14-17 UTC),87600,0.002046688987111911,0.25907665260556234,87600,0.0031426209710575526,0.40189094613156057
2025,30,Asia early (0-3 UTC),87600,-0.006706832270925889,-0.8509543569664404,87600,-0.006583513760095638,-0.8378103992729053
2025,30,sweep: RSI14 < 20,3214,0.09183021193109331,5.568623232526794,3214,0.09196512825579273,5.605377069418896
2025,30,sweep: RSI14 < 25,9181,0.06290786008711347,5.818529269893866,9181,0.06701929085036884,6.245983115980298
2025,30,sweep: RSI14 < 30,24369,0.0521958255973633,7.069694739895402,24369,0.05373847686510269,7.2751246026681295
2025,30,sweep: RSI14 < 35,55054,0.04075865898902381,6.964784820648869,55054,0.04291970737775924,7.255861464853687
2025,30,sweep: RSI14 > 65,56885,-0.039453927928911114,-6.427685353881341,56885,-0.04262126871438093,-6.940759569955211
2025,30,sweep: RSI14 > 70,25502,-0.0466055962686685,-5.610837698133029,25502,-0.04914616128515792,-5.898699840081069
2025,30,sweep: RSI14 > 75,10223,-0.0397731583461195,-3.22231970563107,10223,-0.045903195556161014,-3.7135101750633646
2025,30,sweep: RSI14 > 80,3807,-0.010951893794594714,-0.5666238428762566,3807,-0.016324408302757665,-0.8414254786397178
2025,30,sweep: RSI60 < 35,2928,0.07862460360549317,3.2095235768640435,2928,0.07563789389447206,3.059680664654985
2025,30,sweep: RSI60 < 40,19253,0.04521251843669827,3.6100714258216087,19253,0.047561703607763794,3.847980163565662
2025,30,sweep: RSI60 < 45,92861,0.037460556300639936,5.359005214308019,92861,0.03981942639811026,5.766604169923696
2025,30,sweep: RSI60 > 55,97816,-0.04467682461902167,-6.562972346484756,97816,-0.047219804044307534,-6.963437756271027
2025,30,sweep: RSI60 > 60,20447,-0.04452002561372126,-3.311187495920437,20447,-0.0484839108823536,-3.599647430656257
2025,30,sweep: RSI60 > 65,4412,0.010023856236028639,0.395733506759317,4412,0.006587108048981216,0.25860770961258506
2025,30,sweep: range position < 0.05,24598,0.03859846694264335,3.8352752789570586,24598,0.04362908949847877,4.363194870694344
2025,30,sweep: range position > 0.95,28357,-0.0566326142315729,-5.9032503593523415,28357,-0.06089602712517905,-6.293766552279134
2025,30,sweep: range position < 0.1,47181,0.03676040382191642,4.276262646882868,47181,0.03920551113024062,4.6085785680245515
2025,30,sweep: range position > 0.90,55218,-0.050721095023322504,-6.20978098851769,55218,-0.05368396932465702,-6.597693901781162
2025,30,sweep: range position < 0.15,72208,0.03238720785194987,4.216082636328483,72208,0.034556976304331355,4.562704048508911
2025,30,sweep: range position > 0.85,84173,-0.04704885581454027,-6.571803465730158,84173,-0.050323948459941814,-7.083695815153663
2025,30,sweep: 5-min move > +1.5 sd,34352,-0.026667670358555662,-5.73898693060704,34352,-0.03048947152747028,-6.47931982085576
2025,30,sweep: 5-min move < -1.5 sd,34055,0.024896239778293583,5.299429414522972,34055,0.0286691903442991,6.112446143861448
2025,30,sweep: 15-min move > +1.5 sd,32692,-0.031631393362137106,-4.338723927847063,32692,-0.03301582467490999,-4.509215101118798
2025,30,sweep: 15-min move < -1.5 sd,31772,0.03320247028843715,4.78386367593949,31772,0.033910842898071114,4.944125504153364
2025,30,sweep: 5-min move > +2 sd,14524,-0.024790561282834245,-3.5423821787312915,14524,-0.030493001882451576,-4.255163781332622
2025,30,sweep: 5-min move < -2 sd,14258,0.0341313932574695,4.831383611943784,14258,0.0397075573104676,5.467499782264758
2025,30,sweep: 15-min move > +2 sd,12652,-0.035653361323965294,-3.266143975709249,12652,-0.037869769858880686,-3.454093288656366
2025,30,sweep: 15-min move < -2 sd,11742,0.035772729677033155,3.455216543330889,11742,0.0372734605812548,3.613301672497693
2025,30,sweep: 5-min move > +2.5 sd,6119,-0.036738332815334396,-3.43556418990244,6119,-0.04521678519199568,-4.118014724838532
2025,30,sweep: 5-min move < -2.5 sd,5872,0.040615125922842776,4.000677295285248,5872,0.046576551938602995,4.417937634516029
2025,30,sweep: 15-min move > +2.5 sd,4593,-0.04195629814547236,-2.4247705375261406,4593,-0.04414284796158352,-2.5445074730476773
2025,30,sweep: 15-min move < -2.5 sd,4300,0.046212080998978666,2.8064704466840387,4300,0.04783336641437186,2.903533675950952
2025,30,sweep: 5-min move > +3 sd,2677,-0.02367282905603968,-1.4946584428784406,2677,-0.04087217074628019,-2.5006391419531884
2025,30,sweep: 5-min move < -3 sd,2444,0.042724712146378185,2.8135698954293034,2444,0.04522740668660086,2.952976193891844
2025,30,sweep: 15-min move > +3 sd,1738,-0.035562275239745644,-1.3237442502259114,1738,-0.040311114973643314,-1.502681013907084
2025,30,sweep: 15-min move < -3 sd,1463,0.027052217603441897,1.0551861004785408,1463,0.03846565051597928,1.4762979799616573
2025,30,sweep: 4h return > +25 bp,176332,-0.01850732384428705,-3.2966051340616134,176332,-0.019970917839141733,-3.55050946125154
2025,30,sweep: 4h return < -25 bp,165834,0.017569026800285492,2.9799872895851878,165834,0.019170974998761636,3.273766579670719
2025,30,sweep: 4h return > +50 bp,112740,-0.015918798096270226,-2.437675386274939,112740,-0.01709098900852324,-2.6328143146170477
2025,30,sweep: 4h return < -50 bp,104668,0.01457859009492024,2.0663188161366075,104668,0.015909978742616293,2.2682578954275106
2025,30,sweep: 4h return > +100 bp,46552,-0.014789554654143111,-1.6943919356876282,46552,-0.015408797125958384,-1.7773256040554057
2025,30,sweep: 4h return < -100 bp,48529,0.0050149835571418055,0.5010226748517976,48529,0.005596316351906494,0.5636800677346522
2025,30,sweep: taker buy share > 0.1 (15 min),147052,-0.03551997689457237,-7.808663527589378,147052,-0.036922406912810124,-8.19139364466447
2025,30,sweep: taker sell share > 0.1 (15 min),214423,0.035039527878825805,8.049142835775724,214423,0.03484627155107273,8.0215580356575
2025,30,sweep: taker buy share > 0.2 (15 min),84817,-0.037218542356679984,-6.791091285207692,84817,-0.03874023752828992,-7.076841318685854
2025,30,sweep: taker sell share > 0.2 (15 min),136046,0.032579383595363665,6.756434616059453,136046,0.03325945673020664,6.936747990426654
2025,30,sweep: taker buy share > 0.3 (15 min),42265,-0.0405009018171954,-5.538991855601515,42265,-0.03988808989829851,-5.455005224284014
2025,30,sweep: taker sell share > 0.3 (15 min),74682,0.03042278539128307,5.210014142220665,74682,0.029942851446690455,5.163794238356041
2025,30,sweep: price > VWAP60 + 15 bp,97597,-0.027893780347385377,-4.950081194417221,97597,-0.029700003093286076,-5.31440628893958
2025,30,sweep: price < VWAP60 - 15 bp,91942,0.03526864580896444,5.7081406927653715,91942,0.0380097619472165,6.192663628728698
2025,30,sweep: price > VWAP60 + 30 bp,34285,-0.03362321561910597,-3.7181593283680363,34285,-0.03498787681098037,-3.9203921984154344
2025,30,sweep: price < VWAP60 - 30 bp,32163,0.03390744599087059,3.7290326222819297,32163,0.03669998284778242,4.088545499641306
2025,30,sweep: price > VWAP60 + 50 bp,11005,-0.04494967447042436,-2.7192709456456035,11005,-0.04672239045440357,-2.816933654224185
2025,30,sweep: price < VWAP60 - 50 bp,10575,0.04657092463909884,3.2748521818207816,10575,0.05329808377680356,3.7132643204487596
2025,30,sweep: previous window up,262139,-0.0294836150634874,-7.881717203954954,262139,-0.031966931807301535,-8.526382550516999
2025,30,sweep: previous window down,263432,0.0294836150634874,7.8817172039549215,263432,0.031966931807301535,8.526382550516958
2025,30,sweep: two windows up,127184,-0.036186884799107866,-7.758338180946195,127184,-0.03820307555584612,-8.221412821244439
2025,30,sweep: two windows down,128470,0.03224253295726526,6.715689027098791,128470,0.03474800721443416,7.240523232772501
2025,30,sweep: MACD hist > 0,259533,-0.018988032556104095,-5.577449980887748,259533,-0.02058233818633709,-5.947739342985672
2025,30,sweep: MACD hist < 0,266038,0.018988032556104095,5.577449980887756,266038,0.02058233818633709,5.947739342985679
2025,30,sweep: OBV rising,33054,-0.03807953184287127,-3.6783401927716715,33054,-0.03921861690427053,-3.8109607142652826
2025,30,sweep: OBV falling,40118,0.01634933308324371,1.7339324993066154,40118,0.016561493103946612,1.7767679228158164
2025,30,sweep: EMA9 > EMA21 + 10 bp,22110,-0.029690164284810583,-2.8016473619471176,22110,-0.028847664274315565,-2.746199525578879
2025,30,sweep: EMA9 < EMA21 - 10 bp,23508,0.034745731590613116,3.7339527860611437,23508,0.034677442651439794,3.770277861173977
2025,30,sweep: larger trades than usual (size5 > 1.2),126364,-0.005125441409810139,-1.2372052274277778,126364,-0.0063208620616820865,-1.5381049396996647
2025,30,sweep: more trades than usual (nratio5 > 1.5),93864,-0.0061812699516835545,-0.938742538905318,93864,-0.005172312140404534,-0.7882630781670552
2026,1,price at 4h high (rangepos >= 0.98),5372,-0.0517296464926853,-6.636901674208087,5372,0.0,0.0
2026,1,price at 4h low (rangepos <= 0.02),5641,0.007276784542929016,0.9787679740115411,5641,0.0,0.0
2026,1,upper quarter of 4h range,85719,-0.022969795400621884,-10.13446280736465,85719,0.0,0.0
2026,1,lower quarter of 4h range,80868,0.013924516648350482,5.957580357133563,80868,0.0,0.0
2026,1,last 5 min up more than 2 sd,9656,-0.05134423038081193,-8.803352423256797,9656,0.0,0.0
2026,1,last 5 min down more than 2 sd,9808,0.02269622765470758,4.5521788008825705,9808,0.0,0.0
2026,1,last 15 min up more than 2 sd,7915,-0.046219481428785514,-7.181745558358201,7915,0.0,0.0
2026,1,last 15 min down more than 2 sd,8274,0.02797079923408119,4.835558814884754,8274,0.0,0.0
2026,1,4h return above +50 bp,73039,-0.026976533546961445,-9.485712784665903,73039,0.0,0.0
2026,1,4h return below -50 bp,74688,-0.0024355662072533812,-0.8775376919016648,74688,0.0,0.0
2026,1,previous window up,173916,-0.01683395671494292,-9.538811200185062,173916,0.0,0.0
2026,1,previous window down,176004,0.01683395671494292,9.538811200184973,176004,0.0,0.0
2026,1,two windows up in a row,82956,-0.018486830045774783,-9.428456246992042,82956,0.0,0.0
2026,1,two windows down in a row,85047,0.012762275906771148,5.890088625563302,85047,0.0,0.0
2026,1,three windows up in a row,38559,-0.02013437423683634,-7.84914109692979,38559,0.0,0.0
2026,1,three windows down in a row,40007,0.014337813327998994,5.261920069075844,40007,0.0,0.0
2026,1,RSI14 above 70,15491,-0.034038618836271406,-4.912210518664575,15491,0.0,0.0
2026,1,RSI14 below 30,16824,0.02124940346970694,4.506408937339971,16824,0.0,0.0
2026,1,RSI60 above 65,2364,-0.04873897398588889,-2.459296601279776,2364,0.0,0.0
2026,1,RSI60 below 35,2423,0.029122465688474763,2.0458043708827205,2423,0.0,0.0
2026,1,MACD histogram positive,172434,-0.012803957055148585,-7.349167875761452,172434,0.0,0.0
2026,1,MACD histogram negative,177486,0.012803957055148585,7.3491678757615615,177486,0.0,0.0
2026,1,above upper Bollinger band,18017,-0.046350122097626345,-11.223338199597702,18017,0.0,0.0
2026,1,below lower Bollinger band,19032,0.013084154334762288,3.239251527325844,19032,0.0,0.0
2026,1,EMA9 above EMA21 by 10 bp,16078,-0.04004382234715048,-9.595716575487483,16078,0.0,0.0
2026,1,EMA9 below EMA21 by 10 bp,16511,0.005150898216276345,1.0449565818935789,16511,0.0,0.0
2026,1,ADX14 above 30 (trending),106343,0.003205597000888849,1.3120192707043155,106343,0.0,0.0
2026,1,ADX14 below 15 (ranging),41326,-0.0021532316716650346,-0.7671306284628566,41326,0.0,0.0
2026,1,taker buying 60 pct+ of last 15 min,71084,-0.011492040798084857,-4.6403120161889575,71084,0.0,0.0
2026,1,taker selling 60 pct+ of last 15 min,78455,0.02126964829912148,9.280780726271345,78455,0.0,0.0
2026,1,volume last 5 min 3x the daily average,18212,-0.0028872347567175938,-0.7546982795342206,18212,0.0,0.0
2026,1,trade count last 5 min 3x average,12547,-0.009575167440346921,-2.0232793397061655,12547,0.0,0.0
2026,1,OBV rising over 60 min,27229,-0.018469943513193754,-5.4382317800703595,27229,0.0,0.0
2026,1,OBV falling over 60 min,31932,0.021064567197936923,6.918620768313413,31932,0.0,0.0
2026,1,price 30 bp+ above 60-min VWAP,23277,-0.04652161074875838,-11.809500440857393,23277,0.0,0.0
2026,1,price 30 bp+ below 60-min VWAP,22552,0.006102157022218613,1.44054298631311,22552,0.0,0.0
2026,1,high volatility (vol60 in top decile),39001,-0.01616506863095324,-4.660808337451549,39001,0.0,0.0
2026,1,low volatility (vol60 in bottom decile),37502,0.07601885035950695,12.193997486049925,37502,0.0,0.0
2026,1,weekend,100800,0.03591367327277739,7.898199173062731,100800,0.0,0.0
2026,1,US afternoon (14-17 UTC),58320,-0.00530864197530867,-2.4704721008540664,58320,0.0,0.0
2026,1,Asia early (0-3 UTC),58320,-0.005452674897119314,-2.5277155782689675,58320,0.0,0.0
2026,1,sweep: RSI14 < 20,2559,0.038108358628480166,3.2153345259474007,2559,0.0,0.0
2026,1,sweep: RSI14 < 25,6936,0.03593152367534047,5.276322709435007,6936,0.0,0.0
2026,1,sweep: RSI14 < 30,16824,0.02124940346970694,4.506408937339971,16824,0.0,0.0
2026,1,sweep: RSI14 < 35,36807,0.02081101716090117,6.834836955179623,36807,0.0,0.0
2026,1,sweep: RSI14 > 65,35028,-0.03386251785127292,-7.843378472831977,35028,0.0,0.0
2026,1,sweep: RSI14 > 70,15491,-0.034038618836271406,-4.912210518664575,15491,0.0,0.0
2026,1,sweep: RSI14 > 75,6234,-0.028908816017162997,-2.275028490923991,6234,0.0,0.0
2026,1,sweep: RSI14 > 80,2399,-0.010293357761092747,-0.4793093651205164,2399,0.0,0.0
2026,1,sweep: RSI60 < 35,2423,0.029122465688474763,2.0458043708827205,2423,0.0,0.0
2026,1,sweep: RSI60 < 40,13233,0.021026643189526295,3.929919852489136,13233,0.0,0.0
2026,1,sweep: RSI60 < 45,62520,0.01733077148089235,6.7656098901614925,62520,0.0,0.0
2026,1,sweep: RSI60 > 55,62109,-0.027536766965258808,-8.917771371778947,62109,0.0,0.0
2026,1,sweep: RSI60 > 60,13094,-0.03692930916625109,-5.410762421364087,13094,0.0,0.0
2026,1,sweep: RSI60 > 65,2364,-0.04873897398588889,-2.459296601279776,2364,0.0,0.0
2026,1,sweep: range position < 0.05,12340,0.007402185620350665,1.45254721213758,12340,0.0,0.0
2026,1,sweep: range position > 0.95,12619,-0.039628077654958516,-7.9581459417947755,12619,0.0,0.0
2026,1,sweep: range position < 0.1,26067,0.014698473630805564,4.138188286246076,26067,0.0,0.0
2026,1,sweep: range position > 0.90,27506,-0.031917211430043224,-8.766334461424679,27506,0.0,0.0
2026,1,sweep: range position < 0.15,43016,0.01644213973316988,5.839110855070123,43016,0.0,0.0
2026,1,sweep: range position > 0.85,45603,-0.02978661046230352,-9.907415141412265,45603,0.0,0.0
2026,1,sweep: 5-min move > +1.5 sd,21637,-0.04633150779743789,-11.403868268989262,21637,0.0,0.0
2026,1,sweep: 5-min move < -1.5 sd,21829,0.020095964669961996,5.953574108949617,21829,0.0,0.0
2026,1,sweep: 15-min move > +1.5 sd,20680,-0.037055588076120194,-9.615278406145826,20680,0.0,0.0
2026,1,sweep: 15-min move < -1.5 sd,21016,0.01814198504829234,5.097258033858777,21016,0.0,0.0
2026,1,sweep: 5-min move > +2 sd,9656,-0.05134423038081193,-8.803352423256797,9656,0.0,0.0
2026,1,sweep: 5-min move < -2 sd,9808,0.02269622765470758,4.5521788008825705,9808,0.0,0.0
2026,1,sweep: 15-min move > +2 sd,7915,-0.046219481428785514,-7.181745558358201,7915,0.0,0.0
2026,1,sweep: 15-min move < -2 sd,8274,0.02797079923408119,4.835558814884754,8274,0.0,0.0
2026,1,sweep: 5-min move > +2.5 sd,4331,-0.06820918231722445,-7.822835415712185,4331,0.0,0.0
2026,1,sweep: 5-min move < -2.5 sd,4366,0.02531783420904432,3.377874939569075,4366,0.0,0.0
2026,1,sweep: 15-min move > +2.5 sd,2885,-0.04460792004282682,-4.346229861960035,2885,0.0,0.0
2026,1,sweep: 15-min move < -2.5 sd,3175,0.03417747708355878,3.9758026737981345,3175,0.0,0.0
2026,1,sweep: 5-min move > +3 sd,2014,-0.08070342437633299,-6.980677842873212,2014,0.0,0.0
2026,1,sweep: 5-min move < -3 sd,1983,0.027090485197780678,2.518540328162013,1983,0.0,0.0
2026,1,sweep: 15-min move > +3 sd,992,-0.06323404551156131,-3.9342892871707935,992,0.0,0.0
2026,1,sweep: 15-min move < -3 sd,1098,0.0316851913104067,1.839664251944791,1098,0.0,0.0
2026,1,sweep: 4h return > +25 bp,113380,-0.022384452889598117,-8.479513384167317,113380,0.0,0.0
2026,1,sweep: 4h return < -25 bp,114537,-0.0019133147659736727,-0.738161674575966,114537,0.0,0.0
2026,1,sweep: 4h return > +50 bp,73039,-0.026976533546961445,-9.485712784665903,73039,0.0,0.0
2026,1,sweep: 4h return < -50 bp,74688,-0.0024355662072533812,-0.8775376919016648,74688,0.0,0.0
2026,1,sweep: 4h return > +100 bp,32333,-0.028315780107324662,-8.370896128660062,32333,0.0,0.0
2026,1,sweep: 4h return < -100 bp,32126,-0.007231299206306163,-2.1934378210911727,32126,0.0,0.0
2026,1,sweep: taker buy share > 0.1 (15 min),116809,-0.015283691238127672,-8.076637704458678,116809,0.0,0.0
2026,1,sweep: taker sell share > 0.1 (15 min),125616,0.01942637936401781,9.579273328447687,125616,0.0,0.0
2026,1,sweep: taker buy share > 0.2 (15 min),71084,-0.011492040798084857,-4.6403120161889575,71084,0.0,0.0
2026,1,sweep: taker sell share > 0.2 (15 min),78455,0.02126964829912148,9.280780726271345,78455,0.0,0.0
2026,1,sweep: taker buy share > 0.3 (15 min),38134,-0.01024835545407976,-3.075451506588905,38134,0.0,0.0
2026,1,sweep: taker sell share > 0.3 (15 min),43256,0.022193376942271525,7.748413885637911,43256,0.0,0.0
2026,1,sweep: price > VWAP60 + 15 bp,63687,-0.04061837646701688,-13.55282901041923,63687,0.0,0.0
2026,1,sweep: price < VWAP60 - 15 bp,62446,0.008930693612898333,2.8478915954410926,62446,0.0,0.0
2026,1,sweep: price > VWAP60 + 30 bp,23277,-0.04652161074875838,-11.809500440857393,23277,0.0,0.0
2026,1,sweep: price < VWAP60 - 30 bp,22552,0.006102157022218613,1.44054298631311,22552,0.0,0.0
2026,1,sweep: price > VWAP60 + 50 bp,7549,-0.04880032441314136,-6.9035580774287615,7549,0.0,0.0
2026,1,sweep: price < VWAP60 - 50 bp,7090,0.001110190146752843,0.15263340951351623,7090,0.0,0.0
2026,1,sweep: previous window up,173916,-0.01683395671494292,-9.538811200185062,173916,0.0,0.0
2026,1,sweep: previous window down,176004,0.01683395671494292,9.538811200184973,176004,0.0,0.0
2026,1,sweep: two windows up,82956,-0.018486830045774783,-9.428456246992042,82956,0.0,0.0
2026,1,sweep: two windows down,85047,0.012762275906771148,5.890088625563302,85047,0.0,0.0
2026,1,sweep: MACD hist > 0,172434,-0.012803957055148585,-7.349167875761452,172434,0.0,0.0
2026,1,sweep: MACD hist < 0,177486,0.012803957055148585,7.3491678757615615,177486,0.0,0.0
2026,1,sweep: OBV rising,27229,-0.018469943513193754,-5.4382317800703595,27229,0.0,0.0
2026,1,sweep: OBV falling,31932,0.021064567197936923,6.918620768313413,31932,0.0,0.0
2026,1,sweep: EMA9 > EMA21 + 10 bp,16078,-0.04004382234715048,-9.595716575487483,16078,0.0,0.0
2026,1,sweep: EMA9 < EMA21 - 10 bp,16511,0.005150898216276345,1.0449565818935789,16511,0.0,0.0
2026,1,sweep: larger trades than usual (size5 > 1.2),78394,0.0056893477124716485,2.2904591019896117,78394,0.0,0.0
2026,1,sweep: more trades than usual (nratio5 > 1.5),61324,-0.012695884021217463,-4.383377142317154,61324,0.0,0.0
2026,3,price at 4h high (rangepos >= 0.98),5372,-0.0615973977544404,-7.133973957939459,5372,-0.06314101344599549,-7.765530601608538
2026,3,price at 4h low (rangepos <= 0.02),5641,0.03316843944808223,4.194171705052601,5641,0.034398737138646884,4.450792767509987
2026,3,upper quarter of 4h range,85719,-0.036049248036616965,-12.797579093007817,85719,-0.03346120141303571,-12.053694023362006
2026,3,lower quarter of 4h range,80866,0.03565662175190193,12.176848772750002,80866,0.03672743692431174,13.33009866260122
2026,3,last 5 min up more than 2 sd,9656,-0.058282731903502194,-8.762502800172761,9656,-0.05863921496294994,-9.160757262154897
2026,3,last 5 min down more than 2 sd,9808,0.05658369847525102,9.15127401862067,9808,0.06132654975889912,9.985761127183958
2026,3,last 15 min up more than 2 sd,7915,-0.06371758635277308,-7.568700387768655,7915,-0.05968130903544494,-7.333920584318659
2026,3,last 15 min down more than 2 sd,8274,0.05753557878724003,7.508802481868506,8274,0.060079417582302896,8.554590106608655
2026,3,4h return above +50 bp,73039,-0.025664217773622988,-8.902775162985725,73039,-0.02015007242201272,-7.8138083876271
2026,3,4h return below -50 bp,74688,0.018735620910621975,6.469947019120776,74688,0.020416919512763365,7.351859312631257
2026,3,previous window up,173915,-0.02983894060976533,-12.529979252770145,173915,-0.033575431937305555,-14.727555680603878
2026,3,previous window down,176003,0.02983894060976533,12.529979252770204,176003,0.033575431937305555,14.727555680603945
2026,3,two windows up in a row,82956,-0.029049825365565163,-10.893667851374282,82956,-0.032426411270420674,-12.67560563313599
2026,3,two windows down in a row,85046,0.02524009234595742,8.607493693947658,85046,0.028051931238173067,10.286853863622365
2026,3,three windows up in a row,38559,-0.03227482391649461,-9.357435860223985,38559,-0.035236899317471315,-11.064593960090884
2026,3,three windows down in a row,40007,0.028291897771270447,7.8234966355172295,40007,0.030146603190303933,8.83127471121656
2026,3,RSI14 above 70,15491,-0.05319669970199803,-7.873042118974593,15491,-0.06128862804006241,-9.875896253229804
2026,3,RSI14 below 30,16824,0.04757874106532883,8.530572504495401,16824,0.04871011972901823,9.357389291371893
2026,3,RSI60 above 65,2364,-0.06141406727510729,-3.4067960927469643,2364,-0.05514132476237826,-3.2819698954509615
2026,3,RSI60 below 35,2423,0.04703146736607178,2.9519214639713915,2423,0.045762435427756376,3.0577159655188275
2026,3,MACD histogram positive,172434,-0.017978741042369017,-7.8757199385341465,172434,-0.020715072391843392,-10.000703396056768
2026,3,MACD histogram negative,177484,0.017978741042369017,7.875719938534145,177484,0.020715072391843392,10.000703396056753
2026,3,above upper Bollinger band,18017,-0.04904506082963739,-10.92960012767068,18017,-0.05738219503631259,-12.776381712371936
2026,3,below lower Bollinger band,19032,0.03306799423003026,7.592613219787948,19032,0.041862406436226296,10.203719219917454
2026,3,EMA9 above EMA21 by 10 bp,16078,-0.03764068688984956,-7.246979986857717,16078,-0.0347484530318245,-6.78756828719473
2026,3,EMA9 below EMA21 by 10 bp,16511,0.03516209005872206,6.1547431952240155,16511,0.03782949826001364,6.845229457234321
2026,3,ADX14 above 30 (trending),106343,0.003491960937444305,1.2541487461505472,106343,0.0018796506937817092,0.7782365863088467
2026,3,ADX14 below 15 (ranging),41324,-0.006611115309626492,-1.7366111746956414,41324,-0.004180513572780653,-1.247015941354318
2026,3,taker buying 60 pct+ of last 15 min,71083,-0.022384368297837298,-7.5268919668774315,71083,-0.022958855076063378,-8.249582161151142
2026,3,taker selling 60 pct+ of last 15 min,78455,0.029177184633893904,9.856459551034876,78455,0.028054675491982706,10.70630050633326
2026,3,volume last 5 min 3x the daily average,18212,0.0028917884778765224,0.5484316112897742,18212,0.005686256129350753,1.145821677786627
2026,3,trade count last 5 min 3x average,12547,0.010902621569240378,1.7492790713582904,12547,0.015228220016229144,2.566621738390579
2026,3,OBV rising over 60 min,27229,-0.03032309155680285,-7.342238606692828,27229,-0.026836955069054647,-6.9900894304940575
2026,3,OBV falling over 60 min,31932,0.032660154071166625,7.886694410045084,31932,0.031002643556807097,7.755591532772973
2026,3,price 30 bp+ above 60-min VWAP,23277,-0.04508905933371321,-8.806042373381233,23277,-0.03818821753845447,-7.825902580091548
2026,3,price 30 bp+ below 60-min VWAP,22552,0.03480686633452984,7.3185227649147855,22552,0.04022281547260109,8.069428160426845
2026,3,high volatility (vol60 in top decile),39001,-0.0007307172181738597,-0.19202767123401152,39001,0.004059579162797866,1.0371016568429745
2026,3,low volatility (vol60 in bottom decile),37502,0.02925314091480219,5.812121726648247,37502,0.004627593510489636,1.2469821747499341
2026,3,weekend,100800,0.01382593870540344,4.700812181664211,100800,0.004631525577793949,2.0699427408469715
2026,3,US afternoon (14-17 UTC),58320,0.0008367485524234386,0.28095059083444,58320,0.0024897250118972036,0.9216182974809045
2026,3,Asia early (0-3 UTC),58320,-0.004183833318416208,-1.4575812993843755,58320,-0.0028806514974845654,-1.057712660304125
2026,3,sweep: RSI14 < 20,2559,0.05624126546415498,3.726437675729981,2559,0.03476674341831304,2.2503552386545294
2026,3,sweep: RSI14 < 25,6936,0.05791517135985236,6.921393393844609,6936,0.05506304139748014,6.464753370789222
2026,3,sweep: RSI14 < 30,16824,0.04757874106532883,8.530572504495401,16824,0.04871011972901823,9.357389291371893
2026,3,sweep: RSI14 < 35,36807,0.04158161539703226,10.455168787472562,36807,0.04279314753042546,11.369651751177551
2026,3,sweep: RSI14 > 65,35028,-0.04885795196927023,-11.508448981712197,35028,-0.053447390574766995,-13.854523456150362
2026,3,sweep: RSI14 > 70,15491,-0.05319669970199803,-7.873042118974593,15491,-0.06128862804006241,-9.875896253229804
2026,3,sweep: RSI14 > 75,6234,-0.050093278305503086,-4.225898321372082,6234,-0.06217608025206672,-5.805075481055895
2026,3,sweep: RSI14 > 80,2399,-0.04733537943695948,-2.253661033922381,2399,-0.053271108584931504,-3.268985253853041
2026,3,sweep: RSI60 < 35,2423,0.04703146736607178,2.9519214639713915,2423,0.045762435427756376,3.0577159655188275
2026,3,sweep: RSI60 < 40,13233,0.0502947153382487,7.499885793404751,13233,0.0493412639783648,7.674546434969308
2026,3,sweep: RSI60 < 45,62520,0.038392249626501895,12.7132361158247,62520,0.0383112790096356,12.57638207209432
2026,3,sweep: RSI60 > 55,62109,-0.04299061824792422,-12.008737001404674,62109,-0.042573182549968336,-12.624939609164729
2026,3,sweep: RSI60 > 60,13094,-0.053222190443003636,-7.305471153592823,13094,-0.05129051366211557,-7.997335070187923
2026,3,sweep: RSI60 > 65,2364,-0.06141406727510729,-3.4067960927469643,2364,-0.05514132476237826,-3.2819698954509615
2026,3,sweep: range position < 0.05,12340,0.030730870981946712,5.1108440055855455,12340,0.037414119493776266,6.62771993555929
2026,3,sweep: range position > 0.95,12619,-0.06093989771201336,-9.74388330586424,12619,-0.06228871790335577,-10.76021620990161
2026,3,sweep: range position < 0.1,26067,0.03797444513821113,8.338607998621956,26067,0.040264462788551836,9.19979522539035
2026,3,sweep: range position > 0.90,27506,-0.04859277701523196,-11.19879621631125,27506,-0.04880741585533532,-11.462347188377011
2026,3,sweep: range position < 0.15,43016,0.03746139949114685,10.162593008068509,43016,0.039577275291191094,11.46047914807051
2026,3,sweep: range position > 0.85,45603,-0.04359200573680738,-12.122335835243502,45603,-0.04199392227601678,-12.007130888820363
2026,3,sweep: 5-min move > +1.5 sd,21637,-0.0528158012256269,-11.76438090560328,21637,-0.0570578561516929,-12.831783718443985
2026,3,sweep: 5-min move < -1.5 sd,21829,0.04130821023973513,9.742178038976897,21829,0.047689094716929004,12.021672198067849
2026,3,sweep: 15-min move > +1.5 sd,20680,-0.0468452586426546,-9.463884146146285,20680,-0.04595324550072083,-9.865073332916312
2026,3,sweep: 15-min move < -1.5 sd,21016,0.039271158524091465,8.529118666490863,21016,0.04218691603651348,9.857232127957484
2026,3,sweep: 5-min move > +2 sd,9656,-0.058282731903502194,-8.762502800172761,9656,-0.05863921496294994,-9.160757262154897
2026,3,sweep: 5-min move < -2 sd,9808,0.05658369847525102,9.15127401862067,9808,0.06132654975889912,9.985761127183958
2026,3,sweep: 15-min move > +2 sd,7915,-0.06371758635277308,-7.568700387768655,7915,-0.05968130903544494,-7.333920584318659
2026,3,sweep: 15-min move < -2 sd,8274,0.05753557878724003,7.508802481868506,8274,0.060079417582302896,8.554590106608655
2026,3,sweep: 5-min move > +2.5 sd,4331,-0.07879339630032617,-7.760191605821365,4331,-0.07482104256001582,-7.98296582651686
2026,3,sweep: 5-min move < -2.5 sd,4366,0.05784324054737666,5.936980454282621,4366,0.06668478926351956,7.061144450374821
2026,3,sweep: 15-min move > +2.5 sd,2885,-0.06879894415267473,-4.823324175179745,2885,-0.06297894314697178,-4.645290301611411
2026,3,sweep: 15-min move < -2.5 sd,3175,0.07136036240596721,5.731211736498431,3175,0.07031879586962236,5.979408970187579
2026,3,sweep: 5-min move > +3 sd,2014,-0.09859720059747334,-6.296067523089787,2014,-0.08889074822909976,-6.411595722154521
2026,3,sweep: 5-min move < -3 sd,1983,0.0558568241914813,4.111115246857938,1983,0.0651489273349169,4.767735451815908
2026,3,sweep: 15-min move > +3 sd,992,-0.05881887702226535,-2.522952990174113,992,-0.06724725161245948,-3.012422493546789
2026,3,sweep: 15-min move < -3 sd,1098,0.08001778360956513,3.448797524705758,1098,0.08189447242846015,3.8999071619332044
2026,3,sweep: 4h return > +25 bp,113380,-0.024144415596341395,-9.074067066314184,113380,-0.019673904781715323,-8.28075346426956
2026,3,sweep: 4h return < -25 bp,114535,0.017917525855071004,7.239981488407368,114535,0.02064185069866692,9.375370764782042
2026,3,sweep: 4h return > +50 bp,73039,-0.025664217773622988,-8.902775162985725,73039,-0.02015007242201272,-7.8138083876271
2026,3,sweep: 4h return < -50 bp,74688,0.018735620910621975,6.469947019120776,74688,0.020416919512763365,7.351859312631257
2026,3,sweep: 4h return > +100 bp,32333,-0.02462565932880434,-5.865410135466922,32333,-0.017388303813605788,-4.636412020233402
2026,3,sweep: 4h return < -100 bp,32126,0.018381439375819375,4.3157400233458585,32126,0.018985302735046228,4.808899505454806
2026,3,sweep: taker buy share > 0.1 (15 min),116807,-0.023986723460521997,-9.278292757989824,116807,-0.02271080909100953,-9.474631124467976
2026,3,sweep: taker sell share > 0.1 (15 min),125616,0.026968948773881896,10.058303174360057,125616,0.025041651637237317,10.302571996708629
2026,3,sweep: taker buy share > 0.2 (15 min),71083,-0.022384368297837298,-7.5268919668774315,71083,-0.022958855076063378,-8.249582161151142
2026,3,sweep: taker sell share > 0.2 (15 min),78455,0.029177184633893904,9.856459551034876,78455,0.028054675491982706,10.70630050633326
2026,3,sweep: taker buy share > 0.3 (15 min),38133,-0.027294989093596456,-6.966755872878224,38133,-0.02653571243556585,-7.548813963113118
2026,3,sweep: taker sell share > 0.3 (15 min),43256,0.030462966381266887,8.541559053156016,43256,0.02768561265097308,8.512770527958551
2026,3,sweep: price > VWAP60 + 15 bp,63687,-0.04145539312165886,-12.0567591743804,63687,-0.03663442882336054,-11.616937647215263
2026,3,sweep: price < VWAP60 - 15 bp,62446,0.03562411423776257,11.087175761837925,62446,0.038676024756843064,12.753274917173085
2026,3,sweep: price > VWAP60 + 30 bp,23277,-0.04508905933371321,-8.806042373381233,23277,-0.03818821753845447,-7.825902580091548
2026,3,sweep: price < VWAP60 - 30 bp,22552,0.03480686633452984,7.3185227649147855,22552,0.04022281547260109,8.069428160426845
2026,3,sweep: price > VWAP60 + 50 bp,7549,-0.0530874928976483,-5.448638851169853,7549,-0.04146124204976215,-4.426842398502201
2026,3,sweep: price < VWAP60 - 50 bp,7090,0.041374049116694844,4.705645035016029,7090,0.04485478150927269,4.842529486438134
2026,3,sweep: previous window up,173915,-0.02983894060976533,-12.529979252770145,173915,-0.033575431937305555,-14.727555680603878
2026,3,sweep: previous window down,176003,0.02983894060976533,12.529979252770204,176003,0.033575431937305555,14.727555680603945
2026,3,sweep: two windows up,82956,-0.029049825365565163,-10.893667851374282,82956,-0.032426411270420674,-12.67560563313599
2026,3,sweep: two windows down,85046,0.02524009234595742,8.607493693947658,85046,0.028051931238173067,10.286853863622365
2026,3,sweep: MACD hist > 0,172434,-0.017978741042369017,-7.8757199385341465,172434,-0.020715072391843392,-10.000703396056768
2026,3,sweep: MACD hist < 0,177484,0.017978741042369017,7.875719938534145,177484,0.020715072391843392,10.000703396056753
2026,3,sweep: OBV rising,27229,-0.03032309155680285,-7.342238606692828,27229,-0.026836955069054647,-6.9900894304940575
2026,3,sweep: OBV falling,31932,0.032660154071166625,7.886694410045084,31932,0.031002643556807097,7.755591532772973
2026,3,sweep: EMA9 > EMA21 + 10 bp,16078,-0.03764068688984956,-7.246979986857717,16078,-0.0347484530318245,-6.78756828719473
2026,3,sweep: EMA9 < EMA21 - 10 bp,16511,0.03516209005872206,6.1547431952240155,16511,0.03782949826001364,6.845229457234321
2026,3,sweep: larger trades than usual (size5 > 1.2),78392,-0.002244009671629854,-0.7662997309781437,78392,-0.0024668232082102892,-0.9823084070572173
2026,3,sweep: more trades than usual (nratio5 > 1.5),61324,0.0037775328280622578,1.171967891268306,61324,0.006178360374793024,2.050518382133595
2026,5,price at 4h high (rangepos >= 0.98),5372,-0.068054394888936,-7.168459577886166,5372,-0.0685720938388934,-7.4907111603208145
2026,5,price at 4h low (rangepos <= 0.02),5641,0.050932020459613314,5.309385802091098,5641,0.05590948589246514,6.0344303221881725
2026,5,upper quarter of 4h range,85719,-0.039944761816334995,-11.295807303816405,85719,-0.040039462799246694,-12.11267945460077
2026,5,lower quarter of 4h range,80864,0.04024861318758555,10.983385002080336,80864,0.042698215089295,12.939602362807923
2026,5,last 5 min up more than 2 sd,9656,-0.05682532914666216,-7.89667100104128,9656,-0.06427483861334948,-9.389588482608346
2026,5,last 5 min down more than 2 sd,9808,0.053867324477738565,7.72245939529243,9808,0.06532825068847237,9.64285934464179
2026,5,last 15 min up more than 2 sd,7915,-0.06528518663864513,-6.671896909233696,7915,-0.07191666381458178,-7.740377543601987
2026,5,last 15 min down more than 2 sd,8274,0.061603897791863316,6.6620241245523175,8274,0.06843504096088715,8.030483272245217
2026,5,4h return above +50 bp,73039,-0.026532109772331003,-6.711731145085484,73039,-0.024027830695728003,-7.068315906505045
2026,5,4h return below -50 bp,74688,0.025040755452060026,7.047506892807599,74688,0.02761044974518534,8.333489763632409
2026,5,previous window up,173914,-0.034124693437696085,-12.878606445888236,173914,-0.03917649976544174,-15.112756849436945
2026,5,previous window down,176002,0.034124693437696085,12.878606445888286,176002,0.03917649976544174,15.112756849436932
2026,5,two windows up in a row,82955,-0.034331482808720115,-10.982606435893667,82955,-0.037047057113736404,-12.528306388661244
2026,5,two windows down in a row,85045,0.03144651866322423,9.4387826174712,85045,0.034226463453039035,11.216697623457755
2026,5,three windows up in a row,38558,-0.03594638640726333,-9.153940039689475,38558,-0.038449478330069786,-10.609117167558583
2026,5,three windows down in a row,40007,0.0361817573573463,9.182958901744366,40007,0.037905568494478514,10.086958924339958
2026,5,RSI14 above 70,15491,-0.05672185949803371,-8.096081108343865,15491,-0.06442590709731999,-9.857002746761836
2026,5,RSI14 below 30,16824,0.050107197011492244,7.6472003570815135,16824,0.05945724105108019,9.716675675323815
2026,5,RSI60 above 65,2364,-0.06970488176154893,-3.74693746349523,2364,-0.07132515811630463,-4.160356740773835
2026,5,RSI60 below 35,2423,0.06186633528791863,3.297406662447351,2423,0.062396335245553936,3.803130716277002
2026,5,MACD histogram positive,172434,-0.01907049909420938,-7.232729828651601,172434,-0.02374587197755007,-9.197842010003297
2026,5,MACD histogram negative,177482,0.01907049909420938,7.232729828651604,177482,0.02374587197755007,9.197842010003326
2026,5,above upper Bollinger band,18017,-0.05110542091826881,-9.986215676717928,18017,-0.05763847827098434,-11.602498570647626
2026,5,below lower Bollinger band,19032,0.038268643134773184,7.615481814657301,19032,0.051422423849386,10.6907103232858
2026,5,EMA9 above EMA21 by 10 bp,16078,-0.04387101168040447,-6.364827454509687,16078,-0.04356242514239589,-6.98420792828959
2026,5,EMA9 below EMA21 by 10 bp,16511,0.04193993058617346,5.943411735107126,16511,0.04876165384965514,7.586247564923492
2026,5,ADX14 above 30 (trending),106343,0.002733836223102859,0.8487627841530718,106343,0.0010283077922413897,0.33869578615697254
2026,5,ADX14 below 15 (ranging),41322,-0.005810182362276484,-1.2385644777927232,41322,-0.003920695171205024,-0.9019021142313025
2026,5,taker buying 60 pct+ of last 15 min,71083,-0.02670199790701422,-7.73459246976271,71083,-0.027653807626999927,-8.492400908057679
2026,5,taker selling 60 pct+ of last 15 min,78455,0.03226295461928397,9.005955378231432,78455,0.03251025433698229,9.88951224797981
2026,5,volume last 5 min 3x the daily average,18212,0.0005359794105169735,0.0868741347810501,18212,0.00103517215518667,0.179513618412589
2026,5,trade count last 5 min 3x average,12547,0.011288975367494847,1.5332270112145903,12547,0.013434981004890878,1.996115426836978
2026,5,OBV rising over 60 min,27229,-0.03194605311106796,-6.03182411900698,27229,-0.03290953261299123,-6.7094305292298175
2026,5,OBV falling over 60 min,31932,0.038354717206185496,7.5794523285836455,31932,0.037464379593695085,7.805969708435324
2026,5,price 30 bp+ above 60-min VWAP,23277,-0.04654678161604564,-7.196411766642589,23277,-0.046663459567424126,-7.72010855916969
2026,5,price 30 bp+ below 60-min VWAP,22552,0.043922331961490035,7.233753383056365,22552,0.0500594769977219,9.109356460287282
2026,5,high volatility (vol60 in top decile),39001,0.0016580258760544586,0.3522439923660606,39001,0.006180436850328541,1.3266904344423764
2026,5,low volatility (vol60 in bottom decile),37502,0.016399887746468,3.09510971486822,37502,0.005937588117364889,1.435280501024273
2026,5,weekend,100800,0.01093535184858102,3.5224263071864956,100800,0.004278080626428427,1.6225355656072373
2026,5,US afternoon (14-17 UTC),58320,0.005572722795473439,1.5217928963722813,58320,0.0044787745022798475,1.3181549039399252
2026,5,Asia early (0-3 UTC),58320,-0.006752408263676013,-1.8072537787629106,58320,-0.005706433968970415,-1.6412501406733961
2026,5,sweep: RSI14 < 20,2559,0.038554995008963866,1.9657515854218393,2559,0.047396180518030906,2.638934393312097
2026,5,sweep: RSI14 < 25,6936,0.05058529680459278,4.757495589629033,6936,0.05608293225877026,5.9434354527733415
2026,5,sweep: RSI14 < 30,16824,0.050107197011492244,7.6472003570815135,16824,0.05945724105108019,9.716675675323815
2026,5,sweep: RSI14 < 35,36807,0.04797952543573453,10.622647223279385,36807,0.055198335425726885,12.850357174912672
2026,5,sweep: RSI14 > 65,35028,-0.05079950673235961,-11.776048529213616,35028,-0.05856088737404169,-14.794540246972073
2026,5,sweep: RSI14 > 70,15491,-0.05672185949803371,-8.096081108343865,15491,-0.06442590709731999,-9.857002746761836
2026,5,sweep: RSI14 > 75,6234,-0.06034527422563074,-4.823324265469969,6234,-0.07138134612381275,-6.355046911388935
2026,5,sweep: RSI14 > 80,2399,-0.04707110372628487,-2.388599886130358,2399,-0.07047337575826434,-4.068598659624309
2026,5,sweep: RSI60 < 35,2423,0.06186633528791863,3.297406662447351,2423,0.062396335245553936,3.803130716277002
2026,5,sweep: RSI60 < 40,13233,0.0601568052793901,7.176399659233636,13233,0.06297538614377962,8.235756078409667
2026,5,sweep: RSI60 < 45,62518,0.04308229319518192,11.600596997708085,62518,0.046149761360394836,13.230741135472552
2026,5,sweep: RSI60 > 55,62109,-0.050181870276882035,-11.550510014820349,62109,-0.05214025874821798,-13.282021350784435
2026,5,sweep: RSI60 > 60,13094,-0.05646042609994317,-6.824288656370451,13094,-0.05926113208734296,-8.096757575550901
2026,5,sweep: RSI60 > 65,2364,-0.06970488176154893,-3.74693746349523,2364,-0.07132515811630463,-4.160356740773835
2026,5,sweep: range position < 0.05,12340,0.042163360949292794,6.054065415754781,12340,0.051880484640442925,7.85952962080812
2026,5,sweep: range position > 0.95,12619,-0.06818488458894173,-9.964319165794786,12619,-0.0690844488262971,-10.45776116201655
2026,5,sweep: range position < 0.1,26067,0.04290858388740004,7.908113023596559,26067,0.050545271527565216,9.540521985521636
2026,5,sweep: range position > 0.90,27506,-0.052774764523886186,-10.057775295487016,27506,-0.055726911078169294,-11.175086931317304
2026,5,sweep: range position < 0.15,43016,0.04138093970717388,9.44250464203532,43016,0.047878696980786506,11.669735576317871
2026,5,sweep: range position > 0.85,45603,-0.04934033137159638,-11.23782664692858,45603,-0.049021519794193114,-11.827522446842439
2026,5,sweep: 5-min move > +1.5 sd,21637,-0.05169291215367666,-10.033513519514361,21637,-0.05685334911851386,-11.556534005360698
2026,5,sweep: 5-min move < -1.5 sd,21829,0.04493962176220878,9.596051892621848,21829,0.05512700031030965,12.484713037822372
2026,5,sweep: 15-min move > +1.5 sd,20680,-0.046734813848263945,-8.464753771789791,20680,-0.054394756908985264,-10.276051756069048
2026,5,sweep: 15-min move < -1.5 sd,21016,0.04818480422277116,8.956293562359173,21016,0.05549522621169889,10.743409526718517
2026,5,sweep: 5-min move > +2 sd,9656,-0.05682532914666216,-7.89667100104128,9656,-0.06427483861334948,-9.389588482608346
2026,5,sweep: 5-min move < -2 sd,9808,0.053867324477738565,7.72245939529243,9808,0.06532825068847237,9.64285934464179
2026,5,sweep: 15-min move > +2 sd,7915,-0.06528518663864513,-6.671896909233696,7915,-0.07191666381458178,-7.740377543601987
2026,5,sweep: 15-min move < -2 sd,8274,0.061603897791863316,6.6620241245523175,8274,0.06843504096088715,8.030483272245217
2026,5,sweep: 5-min move > +2.5 sd,4331,-0.06781270874796885,-6.392178116475654,4331,-0.07626307757518119,-7.711360116748224
2026,5,sweep: 5-min move < -2.5 sd,4366,0.05368357308845206,5.249602551042018,4366,0.06456180348893759,6.64475397786204
2026,5,sweep: 15-min move > +2.5 sd,2885,-0.06321644922496228,-3.8549408595165273,2885,-0.06954250342495583,-4.451966973348109
2026,5,sweep: 15-min move < -2.5 sd,3175,0.07001719838676929,4.534455461285139,3175,0.08409511403903164,6.0319922527391565
2026,5,sweep: 5-min move > +3 sd,2014,-0.07684054745022106,-4.996281465540176,2014,-0.08946413284426791,-6.405190984043667
2026,5,sweep: 5-min move < -3 sd,1983,0.06167904739120955,4.056588135833567,1983,0.0711530733482853,4.584704373382993
2026,5,sweep: 15-min move > +3 sd,992,-0.06514588767088947,-2.3966918967085724,992,-0.07592145724681337,-3.0578684928640563
2026,5,sweep: 15-min move < -3 sd,1098,0.07091301447581377,2.631526513145982,1098,0.0878004543076158,3.4538115955760293
2026,5,sweep: 4h return > +25 bp,113380,-0.025105742718999458,-7.545063429835451,113380,-0.02322347536806041,-8.036448916140715
2026,5,sweep: 4h return < -25 bp,114533,0.025115094646780245,8.016351958521556,114533,0.026449651393437412,9.344805844568732
2026,5,sweep: 4h return > +50 bp,73039,-0.026532109772331003,-6.711731145085484,73039,-0.024027830695728003,-7.068315906505045
2026,5,sweep: 4h return < -50 bp,74688,0.025040755452060026,7.047506892807599,74688,0.02761044974518534,8.333489763632409
2026,5,sweep: 4h return > +100 bp,32333,-0.023523199619714774,-4.177753999601632,32333,-0.02302205636294985,-4.485679947891489
2026,5,sweep: 4h return < -100 bp,32126,0.022555373645328503,4.451049443717705,32126,0.026922808036076384,5.429088711444681
2026,5,sweep: taker buy share > 0.1 (15 min),116805,-0.025557451244231866,-8.19325586310835,116805,-0.027653571389383902,-9.372045521976442
2026,5,sweep: taker sell share > 0.1 (15 min),125616,0.027802862305082165,8.79137925715308,125616,0.030010997857839672,9.897107576270846
2026,5,sweep: taker buy share > 0.2 (15 min),71083,-0.02670199790701422,-7.73459246976271,71083,-0.027653807626999927,-8.492400908057679
2026,5,sweep: taker sell share > 0.2 (15 min),78455,0.03226295461928397,9.005955378231432,78455,0.03251025433698229,9.88951224797981
2026,5,sweep: taker buy share > 0.3 (15 min),38133,-0.03252258230201638,-7.529615203451456,38133,-0.033772049767237466,-8.058995400645376
2026,5,sweep: taker sell share > 0.3 (15 min),43256,0.033853718095117225,7.835416203836809,43256,0.03494769788037422,8.732284764759385
2026,5,sweep: price > VWAP60 + 15 bp,63687,-0.040111770183063666,-9.513882578966255,63687,-0.04118500787134366,-10.60663964068509
2026,5,sweep: price < VWAP60 - 15 bp,62446,0.04349073064393577,11.276499011168594,62446,0.04940496842655012,14.159764177992711
2026,5,sweep: price > VWAP60 + 30 bp,23277,-0.04654678161604564,-7.196411766642589,23277,-0.046663459567424126,-7.72010855916969
2026,5,sweep: price < VWAP60 - 30 bp,22552,0.043922331961490035,7.233753383056365,22552,0.0500594769977219,9.109356460287282
2026,5,sweep: price > VWAP60 + 50 bp,7549,-0.05486627442209546,-4.575764472578648,7549,-0.05307854987953714,-4.701656881017202
2026,5,sweep: price < VWAP60 - 50 bp,7090,0.05384007794436252,5.048454227484508,7090,0.05939464560132435,5.875127518987767
2026,5,sweep: previous window up,173914,-0.034124693437696085,-12.878606445888236,173914,-0.03917649976544174,-15.112756849436945
2026,5,sweep: previous window down,176002,0.034124693437696085,12.878606445888286,176002,0.03917649976544174,15.112756849436932
2026,5,sweep: two windows up,82955,-0.034331482808720115,-10.982606435893667,82955,-0.037047057113736404,-12.528306388661244
2026,5,sweep: two windows down,85045,0.03144651866322423,9.4387826174712,85045,0.034226463453039035,11.216697623457755
2026,5,sweep: MACD hist > 0,172434,-0.01907049909420938,-7.232729828651601,172434,-0.02374587197755007,-9.197842010003297
2026,5,sweep: MACD hist < 0,177482,0.01907049909420938,7.232729828651604,177482,0.02374587197755007,9.197842010003326
2026,5,sweep: OBV rising,27229,-0.03194605311106796,-6.03182411900698,27229,-0.03290953261299123,-6.7094305292298175
2026,5,sweep: OBV falling,31932,0.038354717206185496,7.5794523285836455,31932,0.037464379593695085,7.805969708435324
2026,5,sweep: EMA9 > EMA21 + 10 bp,16078,-0.04387101168040447,-6.364827454509687,16078,-0.04356242514239589,-6.98420792828959
2026,5,sweep: EMA9 < EMA21 - 10 bp,16511,0.04193993058617346,5.943411735107126,16511,0.04876165384965514,7.586247564923492
2026,5,sweep: larger trades than usual (size5 > 1.2),78390,-0.004370752451775151,-1.3587121640181261,78390,-0.0065578148007350845,-2.0686827856603553
2026,5,sweep: more trades than usual (nratio5 > 1.5),61324,0.006673519036762721,1.6985048074007307,61324,0.00900452861723694,2.5560627206514117
2026,10,price at 4h high (rangepos >= 0.98),5372,-0.07911985749734712,-6.805239089762506,5372,-0.08471426192276521,-7.725656087818597
2026,10,price at 4h low (rangepos <= 0.02),5641,0.06729996868684224,6.269455721743075,5641,0.07731407935523776,7.475020045311667
2026,10,upper quarter of 4h range,85719,-0.04878021791392917,-10.580788411819887,85719,-0.04977860691832253,-10.92672836784244
2026,10,lower quarter of 4h range,80859,0.05401711749985072,11.282928669238247,80859,0.053507268065200064,11.737514974531047
2026,10,last 5 min up more than 2 sd,9656,-0.046129901331250944,-6.18626861594814,9656,-0.051441534838928826,-6.866498640600947
2026,10,last 5 min down more than 2 sd,9808,0.05026270613663392,6.638747940846351,9808,0.049551777242283324,6.331504264323011
2026,10,last 15 min up more than 2 sd,7915,-0.063345603145185,-5.444255546426816,7915,-0.06515253432088625,-5.466016639619216
2026,10,last 15 min down more than 2 sd,8274,0.06859839590351974,6.380155114522823,8274,0.07110502257947693,6.491649931893327
2026,10,4h return above +50 bp,73039,-0.027976142152490058,-5.610202624775167,73039,-0.029077667812589802,-5.921440620430564
2026,10,4h return below -50 bp,74687,0.033711418963573714,6.842665431934689,74687,0.03399033359953341,7.253577133366571
2026,10,previous window up,173910,-0.03810581854698536,-10.931617030379345,173910,-0.04257183722679797,-12.756238071739567
2026,10,previous window down,176001,0.03810581854698536,10.93161703037935,176001,0.04257183722679797,12.756238071739519
2026,10,two windows up in a row,82955,-0.04211603079575549,-10.581874141714964,82955,-0.04401794797325753,-11.218268903487779
2026,10,two windows down in a row,85045,0.037104809219492385,9.71308100391169,85045,0.038315784288549815,10.687384132573246
2026,10,three windows up in a row,38558,-0.03965946645319823,-8.149292275472561,38558,-0.04224003143136673,-8.81349613107626
2026,10,three windows down in a row,40007,0.04034813786324032,8.428571853220777,40007,0.041459602773990745,9.1454738470995
2026,10,RSI14 above 70,15491,-0.05317327136413097,-7.319230244838522,15491,-0.0572375059179131,-7.760862915195333
2026,10,RSI14 below 30,16824,0.06374383850835524,8.641989012782489,16824,0.06640844674085766,8.95637004384658
2026,10,RSI60 above 65,2364,-0.08406296842530547,-3.811210392120568,2364,-0.08640542996930817,-3.9806073148433847
2026,10,RSI60 below 35,2423,0.08903293523591349,4.524167448689722,2423,0.08884062759476835,4.62926108840629
2026,10,MACD histogram positive,172429,-0.015889469149783397,-4.757525732200133,172429,-0.0190406752095324,-5.6425297576209665
2026,10,MACD histogram negative,177482,0.015889469149783397,4.757525732200133,177482,0.0190406752095324,5.642529757620956
2026,10,above upper Bollinger band,18017,-0.03951632935106586,-7.502883890669756,18017,-0.04458202340986395,-8.703732748029898
2026,10,below lower Bollinger band,19032,0.04162823060392917,8.898163616585716,19032,0.04891144597926744,10.00939133358152
2026,10,EMA9 above EMA21 by 10 bp,16078,-0.04293525635871681,-4.564290864071142,16078,-0.04370448380673736,-4.734050536967573
2026,10,EMA9 below EMA21 by 10 bp,16511,0.05655714917218846,6.509037706702742,16511,0.060655530513423705,7.075876159177211
2026,10,ADX14 above 30 (trending),106343,0.0019348568135674205,0.45997038526951334,106343,0.002049265947750234,0.49517187006535107
2026,10,ADX14 below 15 (ranging),41317,-0.009050720178407357,-1.4782136028549628,41317,-0.008523433669711644,-1.4005448380860193
2026,10,taker buying 60 pct+ of last 15 min,71083,-0.03087153989186664,-6.717414168606356,71083,-0.03127585623946605,-7.0302275446585565
2026,10,taker selling 60 pct+ of last 15 min,78455,0.034794635475782376,7.589091844809927,78455,0.0356617375660121,8.064737231192531
2026,10,volume last 5 min 3x the daily average,18212,-0.0006618076034969889,-0.08977932852455384,18212,-0.002251547794801023,-0.31960549489295215
2026,10,trade count last 5 min 3x average,12547,0.00992045982797407,1.0828270599766472,12547,0.005370640269349414,0.6037115212030827
2026,10,OBV rising over 60 min,27229,-0.03824402356400031,-5.292420504801628,27229,-0.03743656599976819,-5.248663154466075
2026,10,OBV falling over 60 min,31932,0.045812118767722065,7.297743335569502,31932,0.045683204253776144,7.280200794619679
2026,10,price 30 bp+ above 60-min VWAP,23277,-0.04013298965558626,-4.882459003154639,23277,-0.039591397032762266,-5.049712040202159
2026,10,price 30 bp+ below 60-min VWAP,22552,0.05280240743494102,6.566720679195547,22552,0.0569405222325457,7.366509015923682
2026,10,high volatility (vol60 in top decile),39001,0.0040596446672155895,0.6362252804220953,39001,0.004109972806736417,0.6510755649900419
2026,10,low volatility (vol60 in bottom decile),37502,0.010371169495255184,1.6394659119816426,37502,0.005974660219968064,1.0089867252335902
2026,10,weekend,100800,0.007983282839491457,2.0505173275883744,100800,0.0060596000807442985,1.6261443919050445
2026,10,US afternoon (14-17 UTC),58320,0.009257652493211865,1.8531784602652006,58320,0.007488115647017957,1.5078697871303954
2026,10,Asia early (0-3 UTC),58320,-0.008170420698770886,-1.55072608688011,58320,-0.006997555577487158,-1.3673073646872351
2026,10,sweep: RSI14 < 20,2559,0.04349851282820166,2.2144546147392004,2559,0.04098838137835559,2.117845768394096
2026,10,sweep: RSI14 < 25,6936,0.06377106889114714,5.79099287667952,6936,0.060446889886503485,5.414829339959752
2026,10,sweep: RSI14 < 30,16824,0.06374383850835524,8.641989012782489,16824,0.06640844674085766,8.95637004384658
2026,10,sweep: RSI14 < 35,36807,0.05721514256983279,11.332128444669305,36807,0.06165876851921398,12.504264404961479
2026,10,sweep: RSI14 > 65,35028,-0.04760489286483838,-9.742283339424247,35028,-0.05295922423219246,-10.682475627613556
2026,10,sweep: RSI14 > 70,15491,-0.05317327136413097,-7.319230244838522,15491,-0.0572375059179131,-7.760862915195333
2026,10,sweep: RSI14 > 75,6234,-0.06709572633701771,-5.324458619707885,6234,-0.06906289673925342,-5.7299861150727125
2026,10,sweep: RSI14 > 80,2399,-0.06665704604371542,-3.0733949941698238,2399,-0.07273370636093729,-3.6894388942283274
2026,10,sweep: RSI60 < 35,2423,0.08903293523591349,4.524167448689722,2423,0.08884062759476835,4.62926108840629
2026,10,sweep: RSI60 < 40,13233,0.07943016750205018,7.948354568660364,13233,0.07993247354323751,8.354644934919376
2026,10,sweep: RSI60 < 45,62517,0.05658746772567874,11.841833328358357,62517,0.056366691600664154,12.3194445325235
2026,10,sweep: RSI60 > 55,62109,-0.05743754606219725,-10.133853342480165,62109,-0.059661209001844406,-10.79538881063674
2026,10,sweep: RSI60 > 60,13094,-0.06501286292636121,-6.330116485210285,13094,-0.06482979027092095,-6.355167289245254
2026,10,sweep: RSI60 > 65,2364,-0.08406296842530547,-3.811210392120568,2364,-0.08640542996930817,-3.9806073148433847
2026,10,sweep: range position < 0.05,12340,0.059900495295048206,7.2370273457533365,12340,0.06660610714335496,8.843101172768058
2026,10,sweep: range position > 0.95,12619,-0.07373042392339685,-9.08630752771012,12619,-0.07808707321448699,-9.875653125058765
2026,10,sweep: range position < 0.1,26067,0.06372688214029343,8.88899058638122,26067,0.06648492675372719,9.857919908838657
2026,10,sweep: range position > 0.90,27506,-0.05805252010399514,-8.921704093537407,27506,-0.06198046016525721,-9.643568247290116
2026,10,sweep: range position < 0.15,43016,0.05987684194279541,10.228634256701092,43016,0.06049419395767325,10.895902371554458
2026,10,sweep: range position > 0.85,45603,-0.05616337032604407,-10.04824999199776,45603,-0.057173648599389504,-10.622119353790678
2026,10,sweep: 5-min move > +1.5 sd,21637,-0.03690985032833244,-7.383256551817271,21637,-0.04189887282910193,-8.15691941797849
2026,10,sweep: 5-min move < -1.5 sd,21829,0.04314900535505084,8.466504233882803,21829,0.04485169684339524,8.379467232942877
2026,10,sweep: 15-min move > +1.5 sd,20680,-0.04397232935289741,-6.576817533007506,20680,-0.04787203272179413,-7.089957554181683
2026,10,sweep: 15-min move < -1.5 sd,21016,0.05143586699885755,7.546240447137619,21016,0.05570510720243854,8.11101450510215
2026,10,sweep: 5-min move > +2 sd,9656,-0.046129901331250944,-6.18626861594814,9656,-0.051441534838928826,-6.866498640600947
2026,10,sweep: 5-min move < -2 sd,9808,0.05026270613663392,6.638747940846351,9808,0.049551777242283324,6.331504264323011
2026,10,sweep: 15-min move > +2 sd,7915,-0.063345603145185,-5.444255546426816,7915,-0.06515253432088625,-5.466016639619216
2026,10,sweep: 15-min move < -2 sd,8274,0.06859839590351974,6.380155114522823,8274,0.07110502257947693,6.491649931893327
2026,10,sweep: 5-min move > +2.5 sd,4331,-0.0547155723159653,-5.078573876541308,4331,-0.05711240820163743,-5.308004389441515
2026,10,sweep: 5-min move < -2.5 sd,4366,0.04836535089890692,4.560614770519268,4366,0.049239750834897456,4.674347811133356
2026,10,sweep: 15-min move > +2.5 sd,2885,-0.06915408003481849,-3.5625742776355307,2885,-0.06466983564559631,-3.213437692342374
2026,10,sweep: 15-min move < -2.5 sd,3175,0.07650581513012966,4.495079841731464,3175,0.08445649906965913,4.884006613815474
2026,10,sweep: 5-min move > +3 sd,2014,-0.06894995964673867,-4.484517372596936,2014,-0.06631424476874997,-4.355934026372221
2026,10,sweep: 5-min move < -3 sd,1983,0.04481955697721868,2.918327551183126,1983,0.056107992468645396,3.625768801688554
2026,10,sweep: 15-min move > +3 sd,992,-0.04656575715095723,-1.4701391990374133,992,-0.03278740968996502,-1.0313634348207061
2026,10,sweep: 15-min move < -3 sd,1098,0.09423448413549412,3.1137543830576924,1098,0.09487092830471944,3.1113886017367096
2026,10,sweep: 4h return > +25 bp,113380,-0.02884225688734582,-6.554859292276965,113380,-0.029469411494727094,-6.703261580867193
2026,10,sweep: 4h return < -25 bp,114528,0.034457877102253676,8.107533545109916,114528,0.03407707261973453,8.400323569153201
2026,10,sweep: 4h return > +50 bp,73039,-0.027976142152490058,-5.610202624775167,73039,-0.029077667812589802,-5.921440620430564
2026,10,sweep: 4h return < -50 bp,74687,0.033711418963573714,6.842665431934689,74687,0.03399033359953341,7.253577133366571
2026,10,sweep: 4h return > +100 bp,32333,-0.026421326116681798,-3.5425382952478137,32333,-0.027051287729552453,-3.6447813899588373
2026,10,sweep: 4h return < -100 bp,32126,0.0335802825542888,5.08643116656162,32126,0.033284915772769486,5.321766337386903
2026,10,sweep: taker buy share > 0.1 (15 min),116802,-0.03000586917227943,-7.174908283991093,116802,-0.03051857728183771,-7.400724412409672
2026,10,sweep: taker sell share > 0.1 (15 min),125616,0.030903554591206972,7.533904563246591,125616,0.03261363517205951,8.095631474227861
2026,10,sweep: taker buy share > 0.2 (15 min),71083,-0.03087153989186664,-6.717414168606356,71083,-0.03127585623946605,-7.0302275446585565
2026,10,sweep: taker sell share > 0.2 (15 min),78455,0.034794635475782376,7.589091844809927,78455,0.0356617375660121,8.064737231192531
2026,10,sweep: taker buy share > 0.3 (15 min),38133,-0.03631874263795415,-6.197675078899946,38133,-0.037343151064413715,-6.6325241324183954
2026,10,sweep: taker sell share > 0.3 (15 min),43256,0.03623164412124613,6.262421817898646,43256,0.03848557678411607,6.825162876928586
2026,10,sweep: price > VWAP60 + 15 bp,63687,-0.037183654421278356,-7.1421572259009825,63687,-0.0395177186291667,-7.707521910137497
2026,10,sweep: price < VWAP60 - 15 bp,62446,0.04824358106430515,9.523369755356024,62446,0.05264145777132073,10.91423186019625
2026,10,sweep: price > VWAP60 + 30 bp,23277,-0.04013298965558626,-4.882459003154639,23277,-0.039591397032762266,-5.049712040202159
2026,10,sweep: price < VWAP60 - 30 bp,22552,0.05280240743494102,6.566720679195547,22552,0.0569405222325457,7.366509015923682
2026,10,sweep: price > VWAP60 + 50 bp,7549,-0.05019594270258132,-3.2821979715100102,7549,-0.05225528148129893,-3.4593454382277447
2026,10,sweep: price < VWAP60 - 50 bp,7090,0.05511524929952616,4.101023454941265,7090,0.060657481286448434,4.701949789798174
2026,10,sweep: previous window up,173910,-0.03810581854698536,-10.931617030379345,173910,-0.04257183722679797,-12.756238071739567
2026,10,sweep: previous window down,176001,0.03810581854698536,10.93161703037935,176001,0.04257183722679797,12.756238071739519
2026,10,sweep: two windows up,82955,-0.04211603079575549,-10.581874141714964,82955,-0.04401794797325753,-11.218268903487779
2026,10,sweep: two windows down,85045,0.037104809219492385,9.71308100391169,85045,0.038315784288549815,10.687384132573246
2026,10,sweep: MACD hist > 0,172429,-0.015889469149783397,-4.757525732200133,172429,-0.0190406752095324,-5.6425297576209665
2026,10,sweep: MACD hist < 0,177482,0.015889469149783397,4.757525732200133,177482,0.0190406752095324,5.642529757620956
2026,10,sweep: OBV rising,27229,-0.03824402356400031,-5.292420504801628,27229,-0.03743656599976819,-5.248663154466075
2026,10,sweep: OBV falling,31932,0.045812118767722065,7.297743335569502,31932,0.045683204253776144,7.280200794619679
2026,10,sweep: EMA9 > EMA21 + 10 bp,16078,-0.04293525635871681,-4.564290864071142,16078,-0.04370448380673736,-4.734050536967573
2026,10,sweep: EMA9 < EMA21 - 10 bp,16511,0.05655714917218846,6.509037706702742,16511,0.060655530513423705,7.075876159177211
2026,10,sweep: larger trades than usual (size5 > 1.2),78385,-0.007026416129841395,-1.770762714845722,78385,-0.006521183066567904,-1.6684696875014084
2026,10,sweep: more trades than usual (nratio5 > 1.5),61324,0.011424007449510276,2.400423325559005,61324,0.009128614598062412,2.017719223671781
2026,15,price at 4h high (rangepos >= 0.98),5372,-0.08156776783252889,-6.981548015523378,5372,-0.0804690647124035,-7.036033046790028
2026,15,price at 4h low (rangepos <= 0.02),5641,0.07506647487149798,6.17365331631082,5641,0.085499217323178,6.988148863855185
2026,15,upper quarter of 4h range,85719,-0.0527393048530137,-10.112313525861394,85719,-0.054347664146800756,-10.55346251515914
2026,15,lower quarter of 4h range,80854,0.05896286031733816,10.005295515446557,80854,0.060141334621483744,10.62782532044788
2026,15,last 5 min up more than 2 sd,9656,-0.04528955937292073,-5.424321830001036,9656,-0.057083934214266885,-6.838524019935475
2026,15,last 5 min down more than 2 sd,9808,0.06305191785378972,7.236687305436389,9808,0.0695878536334365,8.087793233944385
2026,15,last 15 min up more than 2 sd,7915,-0.05887950529993757,-4.762926501556305,7915,-0.062024660898774286,-5.026196665126809
2026,15,last 15 min down more than 2 sd,8274,0.07622621557433468,6.709661344321271,8274,0.07620025351389864,6.654851400401785
2026,15,4h return above +50 bp,73039,-0.031587405381652,-5.487121093614757,73039,-0.031195814281779533,-5.5962666874135705
2026,15,4h return below -50 bp,74682,0.041137361692125896,7.018539163060819,74682,0.0404255281043292,6.917618054713783
2026,15,previous window up,173908,-0.03978634295950445,-10.194890985147358,173908,-0.04424887102223468,-11.245759275111897
2026,15,previous window down,175998,0.03978634295950445,10.194890985147417,175998,0.04424887102223468,11.245759275111922
2026,15,two windows up in a row,82954,-0.042199680195892486,-9.486779797901937,82954,-0.04450700377473654,-9.94783616071114
2026,15,two windows down in a row,85045,0.042986967250480956,10.076473695800782,85045,0.045809193008891025,10.770871301604505
2026,15,three windows up in a row,38557,-0.041203874255311634,-7.301504138809637,38557,-0.04088317325271418,-7.310160522287393
2026,15,three windows down in a row,40007,0.0487255813133905,8.744423572590785,40007,0.05099725692947732,9.117952668217455
2026,15,RSI14 above 70,15491,-0.048172824559039595,-6.180979991305277,15491,-0.052480499243578616,-6.749847835578357
2026,15,RSI14 below 30,16824,0.06738383273084914,8.841702511492981,16824,0.07248362804784486,9.536862930896843
2026,15,RSI60 above 65,2364,-0.08173640404133409,-3.5160370323896517,2364,-0.0809709875379972,-3.3215964381490726
2026,15,RSI60 below 35,2423,0.1079316250579046,4.874185317555553,2423,0.11284269290209042,5.206870899468192
2026,15,MACD histogram positive,172427,-0.016429879508969236,-4.313057316518987,172427,-0.019744052880314278,-5.1544962732463695
2026,15,MACD histogram negative,177479,0.016429879508969236,4.313057316518995,177479,0.019744052880314278,5.154496273246366
2026,15,above upper Bollinger band,18017,-0.040480260100054566,-7.403232307281955,18017,-0.04819995396940108,-8.820900029098057
2026,15,below lower Bollinger band,19032,0.042446541008310856,8.011421177747435,19032,0.04952658367915147,9.261504098896038
2026,15,EMA9 above EMA21 by 10 bp,16078,-0.042078137708027374,-3.970306988589155,16078,-0.044984279527713056,-4.362519914839683
2026,15,EMA9 below EMA21 by 10 bp,16511,0.0730989185267335,7.1187483152384665,16511,0.07624971870664832,7.637703414900044
2026,15,ADX14 above 30 (trending),106343,0.005336786623112377,1.1156432964689778,106343,0.003929966178104094,0.8162455979053105
2026,15,ADX14 below 15 (ranging),41313,-0.012068328523537786,-1.683876694314674,41313,-0.01330526008413091,-1.885136662965748
2026,15,taker buying 60 pct+ of last 15 min,71083,-0.029831486284749797,-5.7435778698871065,71083,-0.03246251864477828,-6.342656005121816
2026,15,taker selling 60 pct+ of last 15 min,78455,0.03524432351992546,6.669683108599598,78455,0.0359583355697628,6.870410258149307
2026,15,volume last 5 min 3x the daily average,18212,0.003425623407439793,0.4377626978087603,18212,0.0033759072362773423,0.43093776580087817
2026,15,trade count last 5 min 3x average,12547,0.022771214643759974,2.1736709782149575,12547,0.02212901606458756,2.1404243786418777
2026,15,OBV rising over 60 min,27229,-0.04213368912076715,-5.09925526048276,27229,-0.045670811531217825,-5.584475509781035
2026,15,OBV falling over 60 min,31932,0.051265783391700015,7.0845120607384215,31932,0.05391133920183455,7.520559158175692
2026,15,price 30 bp+ above 60-min VWAP,23277,-0.03642557711044797,-3.8930294922851427,23277,-0.04006826325859536,-4.446894092730103
2026,15,price 30 bp+ below 60-min VWAP,22552,0.059599892784537756,6.535196460672925,22552,0.06455784475616405,7.084079007096172
2026,15,high volatility (vol60 in top decile),39001,0.009531942725628295,1.2661631691600608,39001,0.008959205985344165,1.237817741139307
2026,15,low volatility (vol60 in bottom decile),37502,0.01265125563004077,1.8518194144896587,37502,0.00965408791595812,1.4462782099175588
2026,15,weekend,100800,0.00843950642099317,1.901351815153951,100800,0.006084397328656788,1.3890633426865462
2026,15,US afternoon (14-17 UTC),58320,0.010542025676011257,1.6816724809002501,58320,0.010638064583308127,1.7583236554651511
2026,15,Asia early (0-3 UTC),58320,-0.007194741770650492,-1.1385874475082105,58320,-0.008847688052409708,-1.4406157147102716
2026,15,sweep: RSI14 < 20,2559,0.06180395885150419,3.041805086748664,2559,0.06765486935154252,3.316735292121736
2026,15,sweep: RSI14 < 25,6936,0.07103121087693876,6.217088866707354,6936,0.07490544887106149,6.4993029826107005
2026,15,sweep: RSI14 < 30,16824,0.06738383273084914,8.841702511492981,16824,0.07248362804784486,9.536862930896843
2026,15,sweep: RSI14 < 35,36807,0.05758586363100776,10.382501859374612,36807,0.06300293665838241,11.383179538994048
2026,15,sweep: RSI14 > 65,35028,-0.04510323449938114,-7.776631700649227,35028,-0.05183475690916939,-8.940706099874994
2026,15,sweep: RSI14 > 70,15491,-0.048172824559039595,-6.180979991305277,15491,-0.052480499243578616,-6.749847835578357
2026,15,sweep: RSI14 > 75,6234,-0.05742381401436675,-4.584858785932826,6234,-0.06736964873050871,-5.411291592217584
2026,15,sweep: RSI14 > 80,2399,-0.06939793211263207,-3.308205984797397,2399,-0.07535414045770789,-3.818175484471516
2026,15,sweep: RSI60 < 35,2423,0.1079316250579046,4.874185317555553,2423,0.11284269290209042,5.206870899468192
2026,15,sweep: RSI60 < 40,13233,0.08678074211249209,7.601258514838101,13233,0.08862346957889655,7.991109917388563
2026,15,sweep: RSI60 < 45,62512,0.06248729291903188,10.98592138692007,62512,0.06554667932283698,11.707846264208307
2026,15,sweep: RSI60 > 55,62109,-0.05954872196288846,-9.69247099085974,62109,-0.06142903225020713,-10.04622675465639
2026,15,sweep: RSI60 > 60,13094,-0.0704426234213516,-6.06923875410662,13094,-0.07358323398779087,-6.35645851535168
2026,15,sweep: RSI60 > 65,2364,-0.08173640404133409,-3.5160370323896517,2364,-0.0809709875379972,-3.3215964381490726
2026,15,sweep: range position < 0.05,12340,0.06690745132249115,6.7043870521882045,12340,0.07506898104786008,7.647409171017721
2026,15,sweep: range position > 0.95,12619,-0.07969312445970644,-8.995491920453798,12619,-0.08296053234669332,-9.664540668369455
2026,15,sweep: range position < 0.1,26067,0.07210428555288112,8.252193856489699,26067,0.07607486939199071,9.013948684397207
2026,15,sweep: range position > 0.90,27506,-0.06529754798366566,-9.073915905413244,27506,-0.06698332996238676,-9.433378719716265
2026,15,sweep: range position < 0.15,43016,0.06638204221655264,9.262922713723873,43016,0.0682508617880972,9.818672067129356
2026,15,sweep: range position > 0.85,45603,-0.06317493843351668,-10.210675276370324,45603,-0.06480433345065306,-10.523931477368398
2026,15,sweep: 5-min move > +1.5 sd,21637,-0.035568126575719505,-6.299132490190372,21637,-0.04382976207096145,-7.833972295949597
2026,15,sweep: 5-min move < -1.5 sd,21829,0.05352047483540595,9.584068372497008,21829,0.058228569359382865,10.518578349607559
2026,15,sweep: 15-min move > +1.5 sd,20680,-0.04253083555532583,-5.440251249164058,20680,-0.04623249194955481,-5.850127655216289
2026,15,sweep: 15-min move < -1.5 sd,21016,0.054782866092257576,7.440453595657589,21016,0.06005211112396225,8.166176485217424
2026,15,sweep: 5-min move > +2 sd,9656,-0.04528955937292073,-5.424321830001036,9656,-0.057083934214266885,-6.838524019935475
2026,15,sweep: 5-min move < -2 sd,9808,0.06305191785378972,7.236687305436389,9808,0.0695878536334365,8.087793233944385
2026,15,sweep: 15-min move > +2 sd,7915,-0.05887950529993757,-4.762926501556305,7915,-0.062024660898774286,-5.026196665126809
2026,15,sweep: 15-min move < -2 sd,8274,0.07622621557433468,6.709661344321271,8274,0.07620025351389864,6.654851400401785
2026,15,sweep: 5-min move > +2.5 sd,4331,-0.0512443114921301,-4.127195924200209,4331,-0.052305575321920095,-4.238960906052343
2026,15,sweep: 5-min move < -2.5 sd,4366,0.06735049478478328,5.352518566729177,4366,0.08276786974418682,6.765715385858736
2026,15,sweep: 15-min move > +2.5 sd,2885,-0.052530066043630974,-2.7210437362284847,2885,-0.05743256079423459,-2.9797737865064913
2026,15,sweep: 15-min move < -2.5 sd,3175,0.08687444352297702,4.758068167544866,3175,0.09420734860446967,5.126219994340031
2026,15,sweep: 5-min move > +3 sd,2014,-0.06725484073399673,-3.889102620058645,2014,-0.06292046472982843,-3.6765274667505357
2026,15,sweep: 5-min move < -3 sd,1983,0.07189598493782806,4.079782970785955,1983,0.08288551375192049,4.727224887956068
2026,15,sweep: 15-min move > +3 sd,992,-0.03626010208264652,-1.129757736170019,992,-0.039965632070903145,-1.2392010545846157
2026,15,sweep: 15-min move < -3 sd,1098,0.10722149155266192,3.3065241529107716,1098,0.11395508257965548,3.4942441189084468
2026,15,sweep: 4h return > +25 bp,113380,-0.035350688769178296,-6.8878996965081285,113380,-0.03465608425714789,-6.97221184160488
2026,15,sweep: 4h return < -25 bp,114523,0.04111663918358455,8.33150389567004,114523,0.04187755512594804,8.512200048773243
2026,15,sweep: 4h return > +50 bp,73039,-0.031587405381652,-5.487121093614757,73039,-0.031195814281779533,-5.5962666874135705
2026,15,sweep: 4h return < -50 bp,74682,0.041137361692125896,7.018539163060819,74682,0.0404255281043292,6.917618054713783
2026,15,sweep: 4h return > +100 bp,32333,-0.029272568621447392,-3.429460468831488,32333,-0.02712899462700724,-3.2596918235513828
2026,15,sweep: 4h return < -100 bp,32126,0.04116488710684996,4.9337075088026054,32126,0.04136484184717837,5.03405929558982
2026,15,sweep: taker buy share > 0.1 (15 min),116801,-0.030554108527013457,-6.659064276107979,116801,-0.0328623736134695,-7.161007369263312
2026,15,sweep: taker sell share > 0.1 (15 min),125616,0.03250085904896444,7.030284972559591,125616,0.0341571183859824,7.320161519820433
2026,15,sweep: taker buy share > 0.2 (15 min),71083,-0.029831486284749797,-5.7435778698871065,71083,-0.03246251864477828,-6.342656005121816
2026,15,sweep: taker sell share > 0.2 (15 min),78455,0.03524432351992546,6.669683108599598,78455,0.0359583355697628,6.870410258149307
2026,15,sweep: taker buy share > 0.3 (15 min),38133,-0.034450901482408924,-5.250374458184145,38133,-0.03939951656556134,-6.064040645032165
2026,15,sweep: taker sell share > 0.3 (15 min),43256,0.0357165123529713,5.631775774443207,43256,0.0377104487178076,5.949825499461451
2026,15,sweep: price > VWAP60 + 15 bp,63687,-0.03615739088764597,-5.994513029121975,63687,-0.03841331030769407,-6.495666548979559
2026,15,sweep: price < VWAP60 - 15 bp,62446,0.052926367245838046,9.29425041777636,62446,0.05682603110770029,9.913812580345429
2026,15,sweep: price > VWAP60 + 30 bp,23277,-0.03642557711044797,-3.8930294922851427,23277,-0.04006826325859536,-4.446894092730103
2026,15,sweep: price < VWAP60 - 30 bp,22552,0.059599892784537756,6.535196460672925,22552,0.06455784475616405,7.084079007096172
2026,15,sweep: price > VWAP60 + 50 bp,7549,-0.04593418232853885,-2.66552081053851,7549,-0.05019273221503706,-3.030972807528295
2026,15,sweep: price < VWAP60 - 50 bp,7090,0.06755177264431117,4.461606412209947,7090,0.07192688134329761,4.790298245985964
2026,15,sweep: previous window up,173908,-0.03978634295950445,-10.194890985147358,173908,-0.04424887102223468,-11.245759275111897
2026,15,sweep: previous window down,175998,0.03978634295950445,10.194890985147417,175998,0.04424887102223468,11.245759275111922
2026,15,sweep: two windows up,82954,-0.042199680195892486,-9.486779797901937,82954,-0.04450700377473654,-9.94783616071114
2026,15,sweep: two windows down,85045,0.042986967250480956,10.076473695800782,85045,0.045809193008891025,10.770871301604505
2026,15,sweep: MACD hist > 0,172427,-0.016429879508969236,-4.313057316518987,172427,-0.019744052880314278,-5.1544962732463695
2026,15,sweep: MACD hist < 0,177479,0.016429879508969236,4.313057316518995,177479,0.019744052880314278,5.154496273246366
2026,15,sweep: OBV rising,27229,-0.04213368912076715,-5.09925526048276,27229,-0.045670811531217825,-5.584475509781035
2026,15,sweep: OBV falling,31932,0.051265783391700015,7.0845120607384215,31932,0.05391133920183455,7.520559158175692
2026,15,sweep: EMA9 > EMA21 + 10 bp,16078,-0.042078137708027374,-3.970306988589155,16078,-0.044984279527713056,-4.362519914839683
2026,15,sweep: EMA9 < EMA21 - 10 bp,16511,0.0730989185267335,7.1187483152384665,16511,0.07624971870664832,7.637703414900044
2026,15,sweep: larger trades than usual (size5 > 1.2),78380,-0.0013901028580686758,-0.32960832251314665,78380,-0.0019584379701115817,-0.46842562573572544
2026,15,sweep: more trades than usual (nratio5 > 1.5),61324,0.014350442173705458,2.5499492702130895,61324,0.014185948667598092,2.5791366201769224
2026,30,price at 4h high (rangepos >= 0.98),5372,-0.08535356967420732,-5.695060340084486,5372,-0.08901852591413467,-5.903874854290192
2026,30,price at 4h low (rangepos <= 0.02),5641,0.0769174864441105,5.713296661429112,5641,0.08315974662629927,6.0983287260975
2026,30,upper quarter of 4h range,85719,-0.056290599406147834,-8.260079243312173,85719,-0.05677269184512895,-8.355743323378872
2026,30,lower quarter of 4h range,80839,0.05878498033521595,7.656843952512512,80839,0.06059061358869583,7.934953213899286
2026,30,last 5 min up more than 2 sd,9656,-0.040306306515153045,-4.806650619725238,9656,-0.04988039512238779,-5.919423242051999
2026,30,last 5 min down more than 2 sd,9808,0.056379855936617373,6.948885205423857,9808,0.06121788627609709,7.391590769102555
2026,30,last 15 min up more than 2 sd,7915,-0.04526312175882247,-3.4159654374266535,7915,-0.05290214866736892,-3.9232710876514405
2026,30,last 15 min down more than 2 sd,8274,0.07144794954395428,5.961232897492694,8274,0.07404079537046332,6.0374687743418844
2026,30,4h return above +50 bp,73039,-0.03374522172605915,-4.169641215927975,73039,-0.03353152678282478,-4.197304792597737
2026,30,4h return below -50 bp,74668,0.04264230662216534,5.504317086372098,74668,0.04409864802735247,5.728730627157055
2026,30,previous window up,173902,-0.03734173854295869,-8.950293936597285,173902,-0.041824657458177705,-10.148174371831912
2026,30,previous window down,175989,0.03734173854295869,8.950293936597285,175989,0.041824657458177705,10.148174371831908
2026,30,two windows up in a row,82950,-0.03334592038440454,-6.458922249604915,82950,-0.036150973971241396,-7.021760446637912
2026,30,two windows down in a row,85045,0.04143368618778487,8.147999264339727,85045,0.044831377679753315,8.92635142338809
2026,30,three windows up in a row,38557,-0.03655975815029355,-5.491542893181881,38557,-0.03829672595705591,-5.783290120758731
2026,30,three windows down in a row,40007,0.04538296078742815,6.715379365571613,40007,0.04813674684288233,7.096429863884587
2026,30,RSI14 above 70,15491,-0.04050279966543313,-4.687924391191942,15491,-0.04882618774012626,-5.490942682632294
2026,30,RSI14 below 30,16824,0.06507847309229742,7.784878018455448,16824,0.0723793180580099,8.609558076979939
2026,30,RSI60 above 65,2364,-0.0732917855748827,-2.50231567034858,2364,-0.07658380115295377,-2.580363215430971
2026,30,RSI60 below 35,2423,0.12732897333322607,4.330222855327736,2423,0.1365870603530454,4.705352207091069
2026,30,MACD histogram positive,172418,-0.014288384109253871,-3.5037659104784704,172418,-0.017447615159901675,-4.232649637970355
2026,30,MACD histogram negative,177473,0.014288384109253871,3.503765910478488,177473,0.017447615159901675,4.232649637970334
2026,30,above upper Bollinger band,18017,-0.03972182817808345,-7.506957092239364,18017,-0.049256494575255216,-9.241334891418482
2026,30,below lower Bollinger band,19032,0.039130093040030844,7.89966711903854,19032,0.047141294424985714,9.363321733987958
2026,30,EMA9 above EMA21 by 10 bp,16078,-0.029168494939811995,-2.403259342885824,16078,-0.034264065759589624,-2.781767508305381
2026,30,EMA9 below EMA21 by 10 bp,16511,0.07512644880434444,6.06947189017957,16511,0.07619991095983403,6.102857453984987
2026,30,ADX14 above 30 (trending),106343,0.007868136016766725,1.2915219111835305,106343,0.006951614637287551,1.134113205623144
2026,30,ADX14 below 15 (ranging),41313,-0.006959485414507638,-0.8320018837421223,41313,-0.0068573046730864284,-0.8105535519732956
2026,30,taker buying 60 pct+ of last 15 min,71070,-0.023092110054089565,-3.823030297997026,71070,-0.02453779368811182,-4.100035997219497
2026,30,taker selling 60 pct+ of last 15 min,78455,0.034031810134441565,5.537326709755457,78455,0.0349021063987241,5.662498349813609
2026,30,volume last 5 min 3x the daily average,18212,0.014399503777440703,1.440653972240262,18212,0.014925569009934136,1.5085088795844392
2026,30,trade count last 5 min 3x average,12547,0.03386842639197013,2.3745685761508764,12547,0.03373900573796995,2.401785285268518
2026,30,OBV rising over 60 min,27229,-0.049903148896449534,-4.5032490760766315,27229,-0.05093409844328933,-4.556962444606144
2026,30,OBV falling over 60 min,31932,0.04498139444328059,4.541445459737971,31932,0.04589981379328634,4.665193073973117
2026,30,price 30 bp+ above 60-min VWAP,23277,-0.03185885626866425,-2.7626057279049903,23277,-0.03537217142477567,-3.0587737873252085
2026,30,price 30 bp+ below 60-min VWAP,22552,0.06074342528508181,5.396336332957394,22552,0.06404121520748562,5.69555713158338
2026,30,high volatility (vol60 in top decile),39001,0.008094320239971198,0.7583340227534573,39001,0.0076458443116134145,0.7051933446607364
2026,30,low volatility (vol60 in bottom decile),37502,0.016088724517092312,1.7737967443581002,37502,0.014962381973152361,1.7064407667449963
2026,30,weekend,100800,0.009510426697185326,1.3375217128359216,100800,0.00911360130035993,1.3093688464298274
2026,30,US afternoon (14-17 UTC),58320,0.014466929162171405,1.5717453086841122,58320,0.014418928761955496,1.5756918086968956
2026,30,Asia early (0-3 UTC),58320,-0.007220673142695588,-0.7972667559563974,58320,-0.0081534618722372,-0.9127590005017002
2026,30,sweep: RSI14 < 20,2559,0.08239977020025951,3.81381946623452,2559,0.08527053095099785,3.8492524079956447
2026,30,sweep: RSI14 < 25,6936,0.07807576770566055,5.8631835177802865,6936,0.08554695866444828,6.533097050491898
2026,30,sweep: RSI14 < 30,16824,0.06507847309229742,7.784878018455448,16824,0.0723793180580099,8.609558076979939
2026,30,sweep: RSI14 < 35,36807,0.05797805209422602,9.167562172769259,36807,0.0644212707566938,9.98823999638225
2026,30,sweep: RSI14 > 65,35028,-0.037947919019878706,-5.92368415506841,35028,-0.04540305286878127,-6.895988191515122
2026,30,sweep: RSI14 > 70,15491,-0.04050279966543313,-4.687924391191942,15491,-0.04882618774012626,-5.490942682632294
2026,30,sweep: RSI14 > 75,6234,-0.053222476329487844,-4.20528517949137,6234,-0.06551844143968083,-4.959301086951994
2026,30,sweep: RSI14 > 80,2399,-0.06908867057888718,-3.271511895392908,2399,-0.07820735852843347,-3.7323238682880246
2026,30,sweep: RSI60 < 35,2423,0.12732897333322607,4.330222855327736,2423,0.1365870603530454,4.705352207091069
2026,30,sweep: RSI60 < 40,13233,0.08673787484931128,6.097237039144142,13233,0.0881133142309743,6.244958786716251
2026,30,sweep: RSI60 < 45,62499,0.06141310976708847,8.1276967457764,62499,0.06447426608330248,8.50973632152194
2026,30,sweep: RSI60 > 55,62109,-0.06127484581480186,-8.046123618244781,62109,-0.06440497334718986,-8.459814423920479
2026,30,sweep: RSI60 > 60,13094,-0.08156500190210708,-5.670709983930254,13094,-0.08596861625331093,-5.9742740944116495
2026,30,sweep: RSI60 > 65,2364,-0.0732917855748827,-2.50231567034858,2364,-0.07658380115295377,-2.580363215430971
2026,30,sweep: range position < 0.05,12340,0.07747336116570835,6.760434867847758,12340,0.08422784538034411,7.451822099110392
2026,30,sweep: range position > 0.95,12619,-0.0837170218741472,-6.892679057085155,12619,-0.08770895063670914,-7.375799115976677
2026,30,sweep: range position < 0.1,26067,0.08055826871835498,7.562225590158344,26067,0.08428801029580119,8.007714220929103
2026,30,sweep: range position > 0.90,27506,-0.07870588829146619,-8.160008856347062,27506,-0.08146221678139853,-8.627174730865207
2026,30,sweep: range position < 0.15,43014,0.07170497667660453,7.740110033699039,43014,0.07485710630227121,8.1590858372792
2026,30,sweep: range position > 0.85,45603,-0.06912745332823872,-8.85395259575232,45603,-0.07002980334662162,-8.99950873520781
2026,30,sweep: 5-min move > +1.5 sd,21637,-0.030321076234852695,-5.316102947992511,21637,-0.03704685275177072,-6.468634019503805
2026,30,sweep: 5-min move < -1.5 sd,21829,0.042821061775708213,7.649142195974009,21829,0.047047131096983885,8.294635440753536
2026,30,sweep: 15-min move > +1.5 sd,20680,-0.03168640009096946,-3.7737322000052846,20680,-0.03958227800696712,-4.636191064892401
2026,30,sweep: 15-min move < -1.5 sd,21016,0.05084112345599168,6.199003214453383,21016,0.05673382499688567,6.898314085940959
2026,30,sweep: 5-min move > +2 sd,9656,-0.040306306515153045,-4.806650619725238,9656,-0.04988039512238779,-5.919423242051999
2026,30,sweep: 5-min move < -2 sd,9808,0.056379855936617373,6.948885205423857,9808,0.06121788627609709,7.391590769102555
2026,30,sweep: 15-min move > +2 sd,7915,-0.04526312175882247,-3.4159654374266535,7915,-0.05290214866736892,-3.9232710876514405
2026,30,sweep: 15-min move < -2 sd,8274,0.07144794954395428,5.961232897492694,8274,0.07404079537046332,6.0374687743418844
2026,30,sweep: 5-min move > +2.5 sd,4331,-0.041263260644135547,-3.257371546280694,4331,-0.05236930225912473,-4.053939516787385
2026,30,sweep: 5-min move < -2.5 sd,4366,0.0635471379153984,5.4406837368891905,4366,0.07502780445605112,6.359836018160857
2026,30,sweep: 15-min move > +2.5 sd,2885,-0.0446774438324507,-2.114322684384525,2885,-0.05329972817934886,-2.5100315311730643
2026,30,sweep: 15-min move < -2.5 sd,3175,0.08710045290647461,4.448754427195724,3175,0.08975857978296786,4.539297169373798
2026,30,sweep: 5-min move > +3 sd,2014,-0.05889391689050205,-3.3723052211985634,2014,-0.06427232171934533,-3.600890460071667
2026,30,sweep: 5-min move < -3 sd,1983,0.06217015040713847,3.8486119576300375,1983,0.07597846379139384,4.694524816380781
2026,30,sweep: 15-min move > +3 sd,992,-0.052020349104635044,-1.5071759023915368,992,-0.05594942544607373,-1.6438881109830048
2026,30,sweep: 15-min move < -3 sd,1098,0.10642979421351562,3.3446063302881273,1098,0.10380363388690983,3.230864855329687
2026,30,sweep: 4h return > +25 bp,113380,-0.038783093561451265,-5.446094842134131,113380,-0.03914893749986026,-5.594318348811199
2026,30,sweep: 4h return < -25 bp,114508,0.043255955188595596,6.24179337490351,114508,0.0438672589168464,6.443232198575272
2026,30,sweep: 4h return > +50 bp,73039,-0.03374522172605915,-4.169641215927975,73039,-0.03353152678282478,-4.197304792597737
2026,30,sweep: 4h return < -50 bp,74668,0.04264230662216534,5.504317086372098,74668,0.04409864802735247,5.728730627157055
2026,30,sweep: 4h return > +100 bp,32333,-0.030854301704000442,-2.7853889600715704,32333,-0.031239498236399155,-2.7650726216821773
2026,30,sweep: 4h return < -100 bp,32126,0.044733991119351835,3.7848423998335607,32126,0.045031242383842096,3.8344651523658464
2026,30,sweep: taker buy share > 0.1 (15 min),116788,-0.026127870101504413,-5.145130641723177,116788,-0.028295422156166705,-5.54692958719909
2026,30,sweep: taker sell share > 0.1 (15 min),125616,0.03245260290517621,6.267642326475036,125616,0.033550004372344566,6.4991840803893215
2026,30,sweep: taker buy share > 0.2 (15 min),71070,-0.023092110054089565,-3.823030297997026,71070,-0.02453779368811182,-4.100035997219497
2026,30,sweep: taker sell share > 0.2 (15 min),78455,0.034031810134441565,5.537326709755457,78455,0.0349021063987241,5.662498349813609
2026,30,sweep: taker buy share > 0.3 (15 min),38127,-0.02755469829945595,-3.656674633815664,38127,-0.030105043614315652,-3.9432617704855786
2026,30,sweep: taker sell share > 0.3 (15 min),43256,0.03986015584507041,5.1051640999914865,43256,0.04038629489473533,5.173016911238514
2026,30,sweep: price > VWAP60 + 15 bp,63687,-0.028407794837378264,-3.8940550752763845,63687,-0.031992020137578125,-4.398606997723005
2026,30,sweep: price < VWAP60 - 15 bp,62446,0.053608539977570036,7.379381793104605,62446,0.05579443708124798,7.728944903606543
2026,30,sweep: price > VWAP60 + 30 bp,23277,-0.03185885626866425,-2.7626057279049903,23277,-0.03537217142477567,-3.0587737873252085
2026,30,sweep: price < VWAP60 - 30 bp,22552,0.06074342528508181,5.396336332957394,22552,0.06404121520748562,5.69555713158338
2026,30,sweep: price > VWAP60 + 50 bp,7549,-0.03980223524464305,-1.9755827059257562,7549,-0.04212239380020405,-2.093800159517595
2026,30,sweep: price < VWAP60 - 50 bp,7090,0.07366872815785597,3.819604685947776,7090,0.07392937479972145,3.8960916744247687
2026,30,sweep: previous window up,173902,-0.03734173854295869,-8.950293936597285,173902,-0.041824657458177705,-10.148174371831912
2026,30,sweep: previous window down,175989,0.03734173854295869,8.950293936597285,175989,0.041824657458177705,10.148174371831908
2026,30,sweep: two windows up,82950,-0.03334592038440454,-6.458922249604915,82950,-0.036150973971241396,-7.021760446637912
2026,30,sweep: two windows down,85045,0.04143368618778487,8.147999264339727,85045,0.044831377679753315,8.92635142338809
2026,30,sweep: MACD hist > 0,172418,-0.014288384109253871,-3.5037659104784704,172418,-0.017447615159901675,-4.232649637970355
2026,30,sweep: MACD hist < 0,177473,0.014288384109253871,3.503765910478488,177473,0.017447615159901675,4.232649637970334
2026,30,sweep: OBV rising,27229,-0.049903148896449534,-4.5032490760766315,27229,-0.05093409844328933,-4.556962444606144
2026,30,sweep: OBV falling,31932,0.04498139444328059,4.541445459737971,31932,0.04589981379328634,4.665193073973117
2026,30,sweep: EMA9 > EMA21 + 10 bp,16078,-0.029168494939811995,-2.403259342885824,16078,-0.034264065759589624,-2.781767508305381
2026,30,sweep: EMA9 < EMA21 - 10 bp,16511,0.07512644880434444,6.06947189017957,16511,0.07619991095983403,6.102857453984987
2026,30,sweep: larger trades than usual (size5 > 1.2),78367,-0.0033161717385629674,-0.62722676778731,78367,-0.001573846392578515,-0.2962489155421609
2026,30,sweep: more trades than usual (nratio5 > 1.5),61324,0.015119715555976854,1.8763196041688144,61324,0.015040837025454945,1.8778759996644496
