pattern,horizon,2018-19,2020-21,2022-23,2024-26,slope_per_year,sign_flips,pooled
4h return above +50 bp,1,-0.0028702511665864698,-0.0048298029321146895,-0.015825907650984825,-0.013437637145488561,-0.0021600344684584456,0,-0.008991296982140583
4h return above +50 bp,3,-0.010450803330756724,-0.008817270987524195,-0.015860533491680776,-0.01257273122708551,-0.0008116417416642165,0,-0.01166238426829898
4h return above +50 bp,5,-0.015137022127285099,-0.012287294966924135,-0.01745426935110152,-0.014288138988069864,-0.00025492298635112657,0,-0.014548588183108105
4h return above +50 bp,10,-0.022976946149076166,-0.01931408558159196,-0.023153897118180604,-0.01819503585109549,0.0005131697292926815,0,-0.020616208015536385
4h return above +50 bp,15,-0.027589669774254547,-0.024020766551304,-0.027478642424534874,-0.021363897115235994,0.0008063683932968392,0,-0.024787330784726908
4h return above +50 bp,30,-0.03837786199235918,-0.029920450892663777,-0.036702421085373096,-0.022634852780103458,0.0020508862024748577,0,-0.031176313184671473
4h return below -50 bp,1,-0.0008330555869732313,0.004068454109070748,0.0034532139074604546,-0.005767679688560516,-0.0009324054065404213,4,-1.1781647141611503e-05
4h return below -50 bp,3,0.007796304658252705,0.010492234339151918,0.014129329894915,0.007658322069833214,0.00024967662209324877,0,0.009790722967749781
4h return below -50 bp,5,0.012103764085014082,0.01466540885938223,0.020258951978591695,0.013456662877166634,0.0005252017776374424,0,0.014856068662304898
4h return below -50 bp,10,0.02011948023710216,0.023145525773782073,0.028329426581555572,0.018980580609078264,0.00020829577963583974,0,0.022309015835426826
4h return below -50 bp,15,0.024463721562516503,0.028002189350593846,0.03364602946301786,0.02349831179286673,0.00023816715030721712,0,0.02704067179429703
4h return below -50 bp,30,0.034897911782056486,0.03326119629687751,0.042649181619935,0.02529481639366141,-0.0009137179605425015,0,0.03335931186268321
ADX14 above 30 (trending),1,-0.0005468806760060652,0.002363206766107128,0.0010879840620269395,0.0005803167571873493,0.00015043841056387868,4,0.0008093362653354422
ADX14 above 30 (trending),3,0.0005203553453384971,0.005345135242520164,0.00014137989994486276,0.002015840970688391,-3.261508870414811e-05,2,0.0018798672128109409
ADX14 above 30 (trending),5,0.0015308202882802259,0.00542280927385697,0.0006008421803186985,0.002026136786188673,-0.00018634520765027266,2,0.002242539277937342
ADX14 above 30 (trending),10,0.00045095745855442386,0.006622409905040175,0.0018920747150966396,0.0021693491724251624,-0.00014833634395130103,2,0.002606103060318525
ADX14 above 30 (trending),15,0.00013789485134730394,0.006737728930839271,0.003832381254823868,0.002790661180919258,2.721039347962549e-05,2,0.003241499109829741
ADX14 above 30 (trending),30,0.0009080168729328758,0.007787376191298905,0.005887892482135482,0.0017850898978535885,-0.0001320773500485871,3,0.003813944765386323
ADX14 below 15 (ranging),1,0.0041949587626837195,-0.0029108684752249567,-0.0016684644003602434,-0.0005424785987189604,-0.0005599184062234567,4,-0.0003966318027351001
ADX14 below 15 (ranging),3,0.002570690103140086,-0.0017985036708608945,-0.0008247496713026481,-0.0028886958816109333,-0.000769158503277844,4,-0.0009357884535395403
ADX14 below 15 (ranging),5,0.0023893897396711134,-0.0004213701773311231,-0.002170128674131016,-0.0026642455428458603,-0.0007583476817946045,4,-0.0008573756620134073
ADX14 below 15 (ranging),10,0.0012088404229441251,-0.0016349657912593945,-0.001866764522873956,-0.0034583243393319406,-0.0006791267579283683,3,-0.00159317444404062
ADX14 below 15 (ranging),15,-0.003050591441472804,-0.003208494230002637,-0.002055418753836563,-0.004019735534318396,-0.00015491232975843524,3,-0.0031411026931238042
ADX14 below 15 (ranging),30,-0.005376879875859345,0.0017393002616477955,-0.0009019587477303989,-0.001542094478554664,0.0003061622726326996,3,-0.0013623825778370559
Asia early (0-3 UTC),1,-0.003731034856085764,-0.0013631859737233713,-0.000756226841325166,-0.00359485512206249,-0.000103660263641354,0,-0.0024541231470764885
Asia early (0-3 UTC),3,-0.0048503888953951215,-0.004614644002864324,0.0003062744486279618,-0.0031128930126218595,0.0002847568137708743,1,-0.003052202611736772
Asia early (0-3 UTC),5,-0.005229308530485394,-0.0046629480984644416,-0.00026113062393039584,-0.003129999510113234,0.00024111589480735676,1,-0.0032868509228160935
Asia early (0-3 UTC),10,-0.0078045497110818185,-0.006368009657971289,0.0001532858793506358,-0.0038340602259304157,0.0004571730558435565,1,-0.004382891141135846
Asia early (0-3 UTC),15,-0.009297276834439613,-0.007860518736738044,-0.0019576675696928235,-0.005561993135030661,0.0006032757604239254,1,-0.006093082182808424
Asia early (0-3 UTC),30,-0.01234063050220478,-0.017114147054991837,-0.006275214000729813,-0.00788396934340439,0.0010504092515684323,0,-0.010626576119625886
EMA9 above EMA21 by 10 bp,1,-0.015198337004662003,-0.030162969402262683,-0.03863673203095957,-0.03312254222504331,-0.003012770246779924,0,-0.028048451265243215
EMA9 above EMA21 by 10 bp,3,-0.041513853592864976,-0.045627843538051806,-0.04223988252960603,-0.02703355530122616,0.001539508592617935,0,-0.039922323526112684
EMA9 above EMA21 by 10 bp,5,-0.054235014165014986,-0.05024714986013911,-0.04557299969213456,-0.033401020257002784,0.0023491509244612818,0,-0.046971590137924735
EMA9 above EMA21 by 10 bp,10,-0.05999001908110592,-0.048865125224938966,-0.04309568750037566,-0.03353733638266491,0.0030098785622425664,0,-0.047732070342846544
EMA9 above EMA21 by 10 bp,15,-0.05753600944775457,-0.052119363413489654,-0.04444000624277634,-0.032778991792257406,0.0028201995958372097,0,-0.048194440218103776
EMA9 above EMA21 by 10 bp,30,-0.05645708197085758,-0.04431903726978679,-0.04529679169357025,-0.027318603923909057,0.003421174316739483,0,-0.044282450006362675
EMA9 below EMA21 by 10 bp,1,0.008771622059603917,0.03548475212156281,0.01736176712788314,0.0021050493200739416,-0.0024514953282635883,2,0.01737220202198196
EMA9 below EMA21 by 10 bp,3,0.034523666850983355,0.05197143060843174,0.0314719612832229,0.027627873537262766,-0.0018191743903300725,0,0.03804524066249554
EMA9 below EMA21 by 10 bp,5,0.04706422438575486,0.058012367423493916,0.04107327350078834,0.03634107802453462,-0.0020227263322651775,0,0.04717069893704789
EMA9 below EMA21 by 10 bp,10,0.0525588132402478,0.06341493114185154,0.04338633043885319,0.042974640194814,-0.0015221877620146128,0,0.052311402993751074
EMA9 below EMA21 by 10 bp,15,0.049505777653088744,0.06578963073066821,0.045153024588394215,0.04800431786865798,6.585071862605989e-05,0,0.05358297282066452
EMA9 below EMA21 by 10 bp,30,0.053779551281141674,0.05917664874342836,0.053891821858993626,0.04730669863285028,-0.00020307420061796742,0,0.05412553806574985
MACD histogram negative,1,-0.0025425485793001156,0.00775317444021078,0.00524548026523166,0.0016891415525096657,0.00043068613111168206,3,0.002950455722335562
MACD histogram negative,3,0.008304871860722698,0.01224392576697875,0.009008304071075111,0.005128807671458391,-0.0006159195874732068,0,0.00837901113354999
MACD histogram negative,5,0.013105534100735693,0.013571259092220673,0.009403920373108176,0.006745357870794503,-0.0010533632007358172,0,0.010365309098237385
MACD histogram negative,10,0.014282955624299761,0.009772976162246882,0.009135942568242253,0.008568833485482855,-0.0008496033375982403,0,0.010266986866354556
MACD histogram negative,15,0.01179327651769939,0.01216642132331335,0.010512643411800783,0.008920373902129219,-0.0005066172880804796,0,0.010683541020446342
MACD histogram negative,30,0.009927769955190926,0.02038595289318472,0.008922148461023243,0.007262886707544513,-0.0008413137680250357,0,0.011263821825906201
MACD histogram positive,1,0.0025440595573315845,-0.007940154227751668,-0.005248729645933001,-0.0017282824802866193,-0.0004369031635356411,3,-0.0029886321130138485
MACD histogram positive,3,-0.00830980727399254,-0.012539208126402222,-0.009013884403000152,-0.005247638373430032,0.000603919025553958,0,-0.00848742131939544
MACD histogram positive,5,-0.013113424988062323,-0.013898553559757108,-0.009409674078349053,-0.006901623842667225,0.0010387456813091475,0,-0.010499409825597461
MACD histogram positive,10,-0.014291611385683306,-0.010008670761794953,-0.009141462691057521,-0.00876745759008019,0.0008299893745623965,0,-0.010399849210761265
MACD histogram positive,15,-0.011800423552804959,-0.012459744612296235,-0.010519035513860646,-0.00912721397659715,0.0004873603266628807,0,-0.010821809685364486
MACD histogram positive,30,-0.009933592477886284,-0.020877376277731233,-0.008928084008610039,-0.007431310066239142,0.0008319528609801263,0,-0.011409701256838671
OBV falling over 60 min,1,0.006440502499027294,0.024658176086340737,0.016140959325230273,0.012603824650029545,0.0004545986084764461,1,0.01405995654218501
OBV falling over 60 min,3,0.02595163842526208,0.039415823983636994,0.03310829678655469,0.022532241532444028,-0.0008121941593422365,0,0.028154496133435913
OBV falling over 60 min,5,0.03664776687998182,0.046746405384692886,0.03978025615357356,0.02711092358728563,-0.0016292692238881834,0,0.03488396237229219
OBV falling over 60 min,10,0.04794114473360372,0.05338388286389219,0.04704327135827069,0.032807167318018485,-0.002353546138157922,0,0.042210242938602635
OBV falling over 60 min,15,0.05347902546913662,0.05924478890813612,0.053884382965312,0.03693387277913021,-0.0026397542150207198,0,0.04744307198690631
OBV falling over 60 min,30,0.06681238677109515,0.06203744000600239,0.05912180505770285,0.03375861338098917,-0.00502154691473399,0,0.050340668755525154
OBV rising over 60 min,1,-0.00718752102671197,-0.012130620637633396,-0.023391212437145665,-0.01008126668250118,-0.0007591394484892457,0,-0.012704601865784291
OBV rising over 60 min,3,-0.031172418508590153,-0.024833907692766534,-0.03626364156582264,-0.019098158960058988,0.001036391932287833,0,-0.025712741046396023
OBV rising over 60 min,5,-0.044143913283799165,-0.030283137447297683,-0.04077211510068584,-0.025002062016025218,0.0020695393368729514,0,-0.03245452464515474
OBV rising over 60 min,10,-0.05459320798387825,-0.039522330444738796,-0.04865421876732391,-0.032695132165863276,0.0025737059821899387,0,-0.04092414123034632
OBV rising over 60 min,15,-0.060351611641991654,-0.03729999700807127,-0.05372578605798382,-0.03664554441811258,0.0025498001721249047,0,-0.04435009310802656
OBV rising over 60 min,30,-0.07067167596431793,-0.03213200051930142,-0.05467737718636279,-0.043189002841353116,0.0025197783605376525,0,-0.048355031805790455
RSI14 above 70,1,-0.028272472420140936,-0.0389245339627323,-0.029106381673952377,-0.017800281029587983,0.0018393604387868668,0,-0.026970260867464554
RSI14 above 70,3,-0.08108277372222013,-0.058792254108355875,-0.05192744623770572,-0.03784277635781693,0.0058745110147195795,0,-0.05377834336311756
RSI14 above 70,5,-0.09244162540895987,-0.07051143286301731,-0.06178914660510294,-0.045078117275989156,0.006651688260613952,0,-0.0633709426055431
RSI14 above 70,10,-0.09544099166707005,-0.0655538646257677,-0.0648901983567389,-0.05082425357310041,0.006002801051093503,0,-0.0657165072684571
RSI14 above 70,15,-0.08746869865266055,-0.06542817797926774,-0.0652589930218758,-0.04930076806132403,0.0052810974285641904,0,-0.06375345689788309
RSI14 above 70,30,-0.08445808864157577,-0.06780681998041317,-0.062017401267832076,-0.04098826703738039,0.006180646965670855,0,-0.05991993912163557
RSI14 below 30,1,0.035292878449215276,0.07077812721532441,0.039231132097084204,0.022310232143181608,-0.00410705599375671,0,0.038188320843720217
RSI14 below 30,3,0.08120819478383803,0.09886929515137322,0.056814556669468184,0.043225224418390586,-0.0073039052040947215,0,0.06447685721556282
RSI14 below 30,5,0.0903576504452518,0.1021328254441342,0.062417958236424716,0.05228757271841833,-0.007313470603205769,0,0.0715924059148429
RSI14 below 30,10,0.0833725114069406,0.09784998459825384,0.06355361963249374,0.05891014726052228,-0.005097573486435414,0,0.07211654147101039
RSI14 below 30,15,0.06749299572570774,0.08988598882806142,0.06392373501653464,0.06072247493781144,-0.0023651356624832046,0,0.0682785605086401
RSI14 below 30,30,0.06962719993480085,0.08493825157897096,0.07064723706910889,0.0552378179212589,-0.0029579647958342514,0,0.06752339183863633
RSI60 above 65,1,-0.02134038074320439,-0.03022362632403883,-0.04390595716952627,-0.012869720109650304,0.00024178621899722188,1,-0.026528340317228855
RSI60 above 65,3,-0.04434292380766228,-0.035590461332583055,-0.04413453782618162,-0.020591756115359603,0.0018967921420177695,0,-0.034268638315764884
RSI60 above 65,5,-0.052758295216123234,-0.029665501932614448,-0.053645398085413715,-0.029312510485109175,0.0010942304377908434,0,-0.04014724901206829
RSI60 above 65,10,-0.04823658908922628,-0.019592057979572298,-0.04399594677591956,-0.03192033040758823,-0.0006235346066691857,1,-0.035520963726547186
RSI60 above 65,15,-0.037046269914360816,-0.017980261797250374,-0.043210712763259156,-0.026891149049504997,-0.0013545021893937002,1,-0.031332618844016356
RSI60 above 65,30,-0.03414728163092746,-0.005205449815906495,-0.05627946241868274,-0.020712350538020927,-0.0017495813919473498,2,-0.029721391823301052
RSI60 below 35,1,0.017398396879954158,0.07268048824261672,0.03776591456680861,0.02689558226582899,-0.0009658274917363835,1,0.034577874224240544
RSI60 below 35,3,0.06523131411139069,0.11720068223637485,0.043405606687225616,0.03618154925603432,-0.006699208243938048,0,0.056958834429902114
RSI60 below 35,5,0.0665316837082893,0.11924952055468765,0.04266394599752906,0.052910317854041745,-0.0044762482738222665,0,0.06270941660840806
RSI60 below 35,10,0.046512289791398966,0.09785590653583368,0.03083231473202594,0.06972824267430745,0.0013969563676406065,1,0.056756161430235506
RSI60 below 35,15,0.02331980366393365,0.07931153567038061,0.02505709812351031,0.07749909008517247,0.006240452271568248,1,0.04937786802315773
RSI60 below 35,30,-0.005584903860792873,0.0800903368357972,0.04080069277980973,0.10115424536962704,0.012755190803100983,1,0.05499489921791745
US afternoon (14-17 UTC),1,0.00106440688143122,-0.0011168491654649849,-0.006116984091917987,-0.003774526579968034,-0.0009196505954893185,3,-0.0026101192143251086
US afternoon (14-17 UTC),3,0.00354012785992379,0.002992800947561606,-0.0017038007601201262,0.0010708852214644038,-0.0004703333780862859,3,0.001426693868858499
US afternoon (14-17 UTC),5,0.0025820312398121634,0.0021773270244923137,-0.0019006603486525215,0.0031456678410161304,-7.296727034407606e-06,4,0.001621693524257028
US afternoon (14-17 UTC),10,0.0032270185899660317,0.0030519819007935925,-0.001983690140712323,0.004507828891112724,0.00020726737962111457,4,0.002372771415197408
US afternoon (14-17 UTC),15,0.004639716631866357,0.0017902085172717846,-0.0018827248613509278,0.005303852176399884,0.0002464462443203517,3,0.002677663916022547
US afternoon (14-17 UTC),30,0.009639612874205814,-0.00177396528340283,-0.0070587826930402645,0.0071870436613868756,0.0001392844571269265,2,0.0023842983207435636
above upper Bollinger band,1,-0.010825282182025555,-0.03492548310344304,-0.03602917522786922,-0.02360283675858555,-0.0017662354176916067,0,-0.026220820555704138
above upper Bollinger band,3,-0.039050338492509024,-0.04255617507001804,-0.04908113589577701,-0.029072314643934574,0.0010466203604103982,0,-0.03907741090596085
above upper Bollinger band,5,-0.04959212759817595,-0.05104097054204,-0.05314148884578328,-0.030842361427101013,0.0022171290459504552,0,-0.044862878565502536
above upper Bollinger band,10,-0.05467939049712518,-0.05301035719289284,-0.04955416636451423,-0.03305302741658466,0.0033172194441053403,0,-0.04628971258247864
above upper Bollinger band,15,-0.05341241692667304,-0.050887561375578025,-0.048102140378542914,-0.03505162028311952,0.0026702490866889745,0,-0.045813889745150264
above upper Bollinger band,30,-0.05878024995348781,-0.06196910240305348,-0.04891580952123638,-0.03181255311549445,0.004206858708116259,0,-0.04867543352202586
below lower Bollinger band,1,0.015092484334335252,0.05983141005308088,0.02834144815614353,0.016025877127655998,-0.002113350654646906,1,0.028586239765527845
below lower Bollinger band,3,0.04341869099810424,0.06642822548295786,0.0473576677927431,0.030971328846786245,-0.0028215752384205053,0,0.04564845927931871
below lower Bollinger band,5,0.04494194657702883,0.06961222227185078,0.04702237633106254,0.03241862340659916,-0.002832983091053838,0,0.047086814783786755
below lower Bollinger band,10,0.050049343167520695,0.06600226549386846,0.04613011268081886,0.0370711560590403,-0.0028914763922491325,0,0.048678160145391294
below lower Bollinger band,15,0.047609012107608484,0.0639769885042206,0.04455390632448639,0.0350160325649863,-0.0026144128527771284,0,0.04665428610550613
below lower Bollinger band,30,0.05354901164697314,0.07476965144756711,0.04558180760445511,0.03199931130351704,-0.004283078210504923,0,0.049741008687381065
high volatility (vol60 in top decile),1,-0.0044118977821129834,-0.003783324777054698,-0.015241618928145484,-0.01244766981617745,-0.0017419438630604622,1,-0.008569234480144237
high volatility (vol60 in top decile),3,-0.0004685353446304908,0.0015566689841833169,-0.006971142516204744,-0.000633540962898005,-0.0002738830705271871,4,-0.00028169581125836023
high volatility (vol60 in top decile),5,0.0001268620923547578,0.0040394097623932665,-0.0039558546581887274,0.001804140787765761,7.21311360624259e-05,3,0.0020741579922032537
high volatility (vol60 in top decile),10,0.008491023277986233,0.008625854445438797,-0.0013971300398337126,0.003640944131184884,-0.0006376593806506188,2,0.005599620746812909
high volatility (vol60 in top decile),15,0.011439538139182994,0.009369815992432154,-0.0004171692462789263,0.005144911570110032,-0.0006972704662806297,2,0.006871811048743234
high volatility (vol60 in top decile),30,0.02479262561755276,0.012452324089439228,0.0006531828526164153,0.005751546557812795,-0.0024126227513567157,2,0.009538185821327965
last 15 min down more than 2 sd,1,0.03577977582749879,0.06239893086239632,0.03595932257975844,0.021681514234006067,-0.0034256821545715797,0,0.03663750389688563
last 15 min down more than 2 sd,3,0.07434291368976619,0.0801236619676713,0.05163639782098952,0.04937881648115337,-0.00440971827574015,0,0.06144330789315612
last 15 min down more than 2 sd,5,0.07804126115899154,0.08044920715805146,0.05755826876054425,0.0571825927666889,-0.0038419943938092474,0,0.06637745489240411
last 15 min down more than 2 sd,10,0.058310061291749045,0.07322315167817056,0.057737914490384776,0.0638632825411342,-3.615656744690877e-05,0,0.06311258568616032
last 15 min down more than 2 sd,15,0.04140489126624307,0.06373209626953359,0.05798860914610731,0.0665460626426591,0.0030147000152526745,0,0.05863977891777044
last 15 min down more than 2 sd,30,0.025904703870821187,0.05885382040988395,0.07038630742741239,0.05324772421750754,0.0034482532688441814,1,0.05315551633968397
last 15 min up more than 2 sd,1,-0.035325563703678786,-0.030431369111345953,-0.04889664837181629,-0.03071966535954721,-0.000310027862647387,0,-0.03601746132818431
last 15 min up more than 2 sd,3,-0.06763918374158549,-0.043779019299559935,-0.059620323430326895,-0.03838549036180963,0.0026956279178001795,0,-0.05020968059612941
last 15 min up more than 2 sd,5,-0.07362595727829671,-0.04864224033009617,-0.06209046515960031,-0.04349256097697984,0.002986461559176508,0,-0.054762419781724865
last 15 min up more than 2 sd,10,-0.07061230893203045,-0.03855950779796589,-0.05643522175845076,-0.046470775268291825,0.0017200846744936152,0,-0.05150096796726251
last 15 min up more than 2 sd,15,-0.05714108485142979,-0.035056190945164024,-0.06645339948635978,-0.04602858146121797,-0.0004596996135511106,0,-0.05060610825206024
last 15 min up more than 2 sd,30,-0.03705839135769852,-0.04004812184396533,-0.06287812182797448,-0.03645743522377798,-0.0012886814618352019,0,-0.04397810586324124
last 5 min down more than 2 sd,1,0.04598848195555908,0.06523643681865446,0.034051975351094506,0.021702446950446555,-0.004947209181926246,0,0.03917833392348007
last 5 min down more than 2 sd,3,0.06440418463217548,0.07302898044720188,0.05067692286942223,0.043191936400526834,-0.0032688236247227927,0,0.05586352326858523
last 5 min down more than 2 sd,5,0.05309441482152847,0.06945212809394927,0.05669483034221647,0.044909601714709854,-0.0015722154004763076,0,0.05482751134616098
last 5 min down more than 2 sd,10,0.04013017181974615,0.05977853481453908,0.0507224228926035,0.046976853491310665,0.0003252684047967304,0,0.04927511479737265
last 5 min down more than 2 sd,15,0.024045725572433525,0.05226070660450647,0.053999068074846605,0.04992485696831239,0.0035046778042632466,0,0.04613287176716204
last 5 min down more than 2 sd,30,0.029112441694889368,0.06758442297860243,0.057154418344210235,0.04368094768522881,0.0013926579582473708,0,0.04921191105666953
last 5 min up more than 2 sd,1,-0.043971276103666655,-0.03397160872234726,-0.04580519220755533,-0.028136851217010966,0.00107273435553181,0,-0.036840132867542286
last 5 min up more than 2 sd,3,-0.0669163834299203,-0.03886019778711896,-0.05331169203710469,-0.03429252178405572,0.002980164341717236,0,-0.046209574201007395
last 5 min up more than 2 sd,5,-0.06861092299761193,-0.045082963758740054,-0.058112284319816895,-0.03847969027672065,0.0029986302361308874,0,-0.05054299573176482
last 5 min up more than 2 sd,10,-0.05291595708012622,-0.030487653772389753,-0.0481269325521597,-0.0341997127567299,0.0013307458980055696,0,-0.040340928122849506
last 5 min up more than 2 sd,15,-0.044589286671993,-0.02172425304824519,-0.04700445910602014,-0.03799840765932059,-0.000646282681195067,0,-0.03776558976592936
last 5 min up more than 2 sd,30,-0.03493236242741609,-0.04135496753037982,-0.05352782056565038,-0.030167963223183006,8.899037494814241e-05,0,-0.03941615500104426
low volatility (vol60 in bottom decile),1,0.0023645121986128393,0.004767510921397019,0.014924193949792205,0.045824803059449325,0.008727000077206967,0,0.01431513485520353
low volatility (vol60 in bottom decile),3,0.001634217488803544,-0.0002824852915330224,0.00428709823639662,0.013336133231215614,0.002802965917531198,1,0.004439099661164293
low volatility (vol60 in bottom decile),5,0.0016658708954070188,-0.0025422719795250167,0.0011518892997779441,0.005219006058030523,0.0013621470421031879,2,0.0018205137165085727
low volatility (vol60 in bottom decile),10,0.00022439098636727376,-0.006822476800755829,-0.0003385615329163951,0.0003710169008177956,0.00023628675650123784,4,-0.00032285045086827063
low volatility (vol60 in bottom decile),15,0.00011058854034153031,-0.010278655313947862,-0.001337856208668714,0.0012808235521950754,0.0010287326116688626,3,-0.0007868047658143159
low volatility (vol60 in bottom decile),30,-0.0008828690667796901,-0.015241421670272802,-0.0008662148663611081,-0.0020743912709342053,0.0014532452806894215,2,-0.0017790317736349412
lower quarter of 4h range,1,0.004773937900472837,0.017541668227448792,0.01655218349340714,0.004231802528688157,-0.00036267175760214,2,0.010020283537289978
lower quarter of 4h range,3,0.024415993295175905,0.03272959091804412,0.030371274416383903,0.01640627552903166,-0.001274869114353975,0,0.02470144445140553
lower quarter of 4h range,5,0.035884038365393646,0.04074735816066168,0.03891651356392366,0.021379571500173902,-0.0022428237798348,0,0.032446817202202556
lower quarter of 4h range,10,0.049341627318273934,0.05109658593901539,0.04825981467413105,0.02945101584637497,-0.0029747976053680885,0,0.04236827410846379
lower quarter of 4h range,15,0.05495081257175564,0.05647055863378794,0.05491377973314947,0.03325706003022412,-0.0032796998089143024,0,0.04753154328620585
lower quarter of 4h range,30,0.07329709120253868,0.059120897615220304,0.05907652384248166,0.03422440103505646,-0.005613766174461591,0,0.05306939606859695
previous window down,1,-0.0009242064810115439,0.01073862212913231,0.006923800115257892,0.003015460392131902,0.00033230162133068527,1,0.004796965470812099
previous window down,3,0.011608467701501719,0.01746903968352897,0.014401856490588269,0.00877280974034753,-0.0005261761981934912,0,0.01270935034379999
previous window down,5,0.018395208621334924,0.021324057100624336,0.017835510197374487,0.0119408572461977,-0.0010414347286037489,0,0.016913976940836094
previous window down,10,0.025442118641608683,0.024375878589423902,0.021581761965942237,0.015868520717036906,-0.0014560700474324693,0,0.021304860418670607
previous window down,15,0.028275427016416013,0.029865074819057598,0.023882769886543604,0.017128315342904942,-0.0017736352129243762,0,0.02412712100160145
previous window down,30,0.03225669892518946,0.031368804736484866,0.022833821622382344,0.015389384884338528,-0.002546469117097269,0,0.024581212972576993
previous window up,1,0.0009058911273219118,-0.010568501941012292,-0.006878970937375233,-0.0030096353081642785,-0.0003463483832146005,1,-0.004747756502669693
previous window up,3,-0.011378417362215827,-0.0171922290114019,-0.014308609165685778,-0.008755862884768642,0.0004719975788446899,0,-0.01257896164605562
previous window up,5,-0.0180307313891345,-0.020986077791089346,-0.01772003064564087,-0.011917790423358169,0.0009670216828498595,0,-0.01674045114022414
previous window up,10,-0.024938011137888554,-0.023989245515827883,-0.021441861805660312,-0.015838024372689854,0.0013639862940898972,0,-0.021086256908358143
previous window up,15,-0.027715608577499665,-0.02939114296966984,-0.023728404502584066,-0.017095226909605372,0.0016703160974486696,0,-0.023879630779184532
previous window up,30,-0.03161692531329931,-0.030870395806898144,-0.02268744235223434,-0.015359370013852153,0.0024220524312198693,0,-0.024328916842068955
price 30 bp+ above 60-min VWAP,1,-0.011854790435478022,-0.031839789064632494,-0.041168376781869395,-0.030473819280124572,-0.003013490406978069,0,-0.02767598548217912
price 30 bp+ above 60-min VWAP,3,-0.03722268411729655,-0.04560360401060809,-0.04625471313517365,-0.02843963683458252,0.0009193671439614499,0,-0.039501108713923004
price 30 bp+ above 60-min VWAP,5,-0.048939981611681095,-0.05274360560888715,-0.05028510004186832,-0.032058819141054955,0.0020820253916701355,0,-0.046550469584553424
price 30 bp+ above 60-min VWAP,10,-0.057749899417487593,-0.051831872680477946,-0.048586976903327486,-0.03159977283616347,0.003461945452968386,0,-0.04825980948753312
price 30 bp+ above 60-min VWAP,15,-0.05702513026338485,-0.05096473662679924,-0.048829511643905796,-0.032324182537866245,0.0032740547883515956,0,-0.04798621883714622
price 30 bp+ above 60-min VWAP,30,-0.06032220517411079,-0.04219085244484274,-0.047947679165356735,-0.027698459532105854,0.004017539825165252,0,-0.044809968933218994
price 30 bp+ below 60-min VWAP,1,0.011475701782673702,0.03702591945261986,0.02160035167385662,0.004130665514143526,-0.0027085070388209796,1,0.019656169692613395
price 30 bp+ below 60-min VWAP,3,0.03908859271704177,0.05517093849034214,0.03760755358463974,0.02726757767795134,-0.0026911848359630905,0,0.04114528516499865
price 30 bp+ below 60-min VWAP,5,0.05064826877258713,0.06210666345288494,0.04774464800964868,0.035609432275136195,-0.0028765023298202423,0,0.050269205068158566
price 30 bp+ below 60-min VWAP,10,0.058353048962253684,0.06665927804180283,0.050272623825711696,0.04311255893298067,-0.0028301750613501176,0,0.055983478601074034
price 30 bp+ below 60-min VWAP,15,0.05733665591458444,0.06726875994436306,0.050708970508968304,0.04519436866435317,-0.002102947151174585,0,0.056446636502831465
price 30 bp+ below 60-min VWAP,30,0.06365124473942595,0.05989642695196135,0.052554778602957535,0.04362779615950656,-0.00282155268255598,0,0.055876250463988794
price at 4h high (rangepos >= 0.98),1,0.024153924141658335,-0.021726530466203806,-0.01847631494500343,-0.012194813147312713,-0.005667971881466838,3,-0.009003676576152572
price at 4h high (rangepos >= 0.98),3,-0.037086955487948686,-0.04713357635568499,-0.05259321389486158,-0.028125564274194458,4.242368116516001e-05,0,-0.03744409855909384
price at 4h high (rangepos >= 0.98),5,-0.06471818648605651,-0.06522842664034328,-0.06278077725783493,-0.03893925965918887,0.0026213264038704,0,-0.05258589928537424
price at 4h high (rangepos >= 0.98),10,-0.08623412604229731,-0.08510297703334888,-0.0815051202438842,-0.05820124317797799,0.0035742210287087062,0,-0.07228113002112958
price at 4h high (rangepos >= 0.98),15,-0.09425521949435285,-0.088386375421062,-0.08203085450348736,-0.06364943805678655,0.004061166799187491,0,-0.07695510765626294
price at 4h high (rangepos >= 0.98),30,-0.12506321906417114,-0.1057100605254436,-0.08272465187268008,-0.0649198227832961,0.008027179212450492,0,-0.08660629330367951
price at 4h low (rangepos <= 0.02),1,-0.017367173908949207,0.05889838715132869,0.0489040685157447,0.010502584335812705,-0.0005152666341539457,1,0.020021273395540884
price at 4h low (rangepos <= 0.02),3,0.043837563927694216,0.09280026307302464,0.06630491687693572,0.030365447665556,-0.005640218232577867,0,0.04785140590962205
price at 4h low (rangepos <= 0.02),5,0.0817980589781661,0.11626603713756968,0.08094367646702492,0.042610180696448535,-0.00869472878123448,0,0.06610197341680747
price at 4h low (rangepos <= 0.02),10,0.09062425850447112,0.1305537339417999,0.08756212574665961,0.05759693518140164,-0.007939452132035837,0,0.07857983494265641
price at 4h low (rangepos <= 0.02),15,0.0862413948269081,0.13794923745971197,0.08595478527159776,0.060414694916502,-0.006567395601230128,0,0.08019055419274554
price at 4h low (rangepos <= 0.02),30,0.10234575563040937,0.13676720375064821,0.08591350502950494,0.061334565465618336,-0.00810112433826356,0,0.08296394174162265
sweep: 15-min move < -1.5 sd,1,0.022327167649446953,0.04794475728073268,0.02965252736587483,0.016051472593467602,-0.002052713110242368,0,0.027473995676322683
sweep: 15-min move < -1.5 sd,3,0.058024712083929515,0.06617193399861417,0.0464230670234448,0.034266014878670106,-0.0041575793456624785,0,0.04885815426406396
sweep: 15-min move < -1.5 sd,5,0.06621487800737855,0.07224923579926398,0.0536548654004228,0.04303037837581962,-0.004000270926753721,0,0.05655688280746707
sweep: 15-min move < -1.5 sd,10,0.05773843961803452,0.06854386721825993,0.05347596782552729,0.04817400732038772,-0.0020807727436330152,0,0.055764010591197
sweep: 15-min move < -1.5 sd,15,0.044895198834923634,0.06710518105982252,0.054805243858318205,0.049047026657689514,-0.00015989531537145038,0,0.05349120690568688
sweep: 15-min move < -1.5 sd,30,0.04264750701766513,0.0598933715970877,0.06068753601907357,0.039728676702607414,-0.0006744767762238616,0,0.049746100223889714
sweep: 15-min move < -2 sd,1,0.03577977582749879,0.06239893086239632,0.03595932257975844,0.021681514234006067,-0.0034256821545715797,0,0.03663750389688563
sweep: 15-min move < -2 sd,3,0.07434291368976619,0.0801236619676713,0.05163639782098952,0.04937881648115337,-0.00440971827574015,0,0.06144330789315612
sweep: 15-min move < -2 sd,5,0.07804126115899154,0.08044920715805146,0.05755826876054425,0.0571825927666889,-0.0038419943938092474,0,0.06637745489240411
sweep: 15-min move < -2 sd,10,0.058310061291749045,0.07322315167817056,0.057737914490384776,0.0638632825411342,-3.615656744690877e-05,0,0.06311258568616032
sweep: 15-min move < -2 sd,15,0.04140489126624307,0.06373209626953359,0.05798860914610731,0.0665460626426591,0.0030147000152526745,0,0.05863977891777044
sweep: 15-min move < -2 sd,30,0.025904703870821187,0.05885382040988395,0.07038630742741239,0.05324772421750754,0.0034482532688441814,1,0.05315551633968397
sweep: 15-min move < -2.5 sd,1,0.0453069049679075,0.07652340590838028,0.04702046846796562,0.02520699511763447,-0.004606525092687944,0,0.04512603594979704
sweep: 15-min move < -2.5 sd,3,0.07980575110957212,0.09000369316719231,0.055487275218821804,0.05547828040800925,-0.004529000184751952,0,0.06726655334247673
sweep: 15-min move < -2.5 sd,5,0.07293741078521149,0.08868494646936069,0.05773788662908761,0.060064242787191066,-0.0032523580570163325,0,0.06768093290429075
sweep: 15-min move < -2.5 sd,10,0.045506402805206424,0.07066772132158197,0.061265779857971915,0.06798566202038142,0.002017029392277701,0,0.06198524764657887
sweep: 15-min move < -2.5 sd,15,0.017375712461009264,0.05514558784874402,0.05981681417730857,0.07377518966437938,0.006970508658014146,1,0.054597616323421104
sweep: 15-min move < -2.5 sd,30,-0.005001186316381006,0.05048020352926443,0.07457747631308827,0.06749959123265922,0.008792241674739637,1,0.050818866714927684
sweep: 15-min move < -3 sd,1,0.035393668653938476,0.0856736617477672,0.04894383671184671,0.027067525942598775,-0.004132772181118021,0,0.04482336216372984
sweep: 15-min move < -3 sd,3,0.08136553876527991,0.1089349693828339,0.0651512728940361,0.062398089265246724,-0.004761565011825867,0,0.07522909308890069
sweep: 15-min move < -3 sd,5,0.06580170726745911,0.10962327873459642,0.05471631006092376,0.0630483500551878,-0.0034236284879486634,0,0.06909088202676457
sweep: 15-min move < -3 sd,10,0.013672572388981556,0.07424259551317172,0.05815364895281018,0.07839393812952695,0.006117358888737848,1,0.05729084733994093
sweep: 15-min move < -3 sd,15,-0.026844314549209745,0.0584121389531054,0.06001583140865662,0.08490906409791082,0.012350939351903208,1,0.04806735884376418
sweep: 15-min move < -3 sd,30,-0.058261262127277835,0.057163503889579415,0.06809574070244476,0.0773391778289895,0.01509207027448375,1,0.04048508739675485
sweep: 15-min move > +1.5 sd,1,-0.02742976553373942,-0.030508847018564197,-0.03504839514825268,-0.022859197680121946,0.00033395573517368916,0,-0.028384475260930173
sweep: 15-min move > +1.5 sd,3,-0.060480764385358037,-0.047202005146150985,-0.04790179968563916,-0.031464501960996365,0.0036904207814409534,0,-0.04441816694314876
sweep: 15-min move > +1.5 sd,5,-0.07110244830384069,-0.05453386156611975,-0.05334354847893046,-0.034733733142175933,0.0048510085880593525,0,-0.05050623497977085
sweep: 15-min move > +1.5 sd,10,-0.0701180353581798,-0.04600978409125855,-0.05139846858248254,-0.037490224319362025,0.0038260122250650184,0,-0.04887641399279619
sweep: 15-min move > +1.5 sd,15,-0.0579525357271523,-0.04640218882273716,-0.05588033388565871,-0.03558130790307781,0.0023012084000478858,0,-0.047110203553012764
sweep: 15-min move > +1.5 sd,30,-0.053633329679260905,-0.05119804622820525,-0.05365762933143204,-0.027825152224204265,0.003059514736601457,0,-0.04417170368395374
sweep: 15-min move > +2 sd,1,-0.035325563703678786,-0.030431369111345953,-0.04889664837181629,-0.03071966535954721,-0.000310027862647387,0,-0.03601746132818431
sweep: 15-min move > +2 sd,3,-0.06763918374158549,-0.043779019299559935,-0.059620323430326895,-0.03838549036180963,0.0026956279178001795,0,-0.05020968059612941
sweep: 15-min move > +2 sd,5,-0.07362595727829671,-0.04864224033009617,-0.06209046515960031,-0.04349256097697984,0.002986461559176508,0,-0.054762419781724865
sweep: 15-min move > +2 sd,10,-0.07061230893203045,-0.03855950779796589,-0.05643522175845076,-0.046470775268291825,0.0017200846744936152,0,-0.05150096796726251
sweep: 15-min move > +2 sd,15,-0.05714108485142979,-0.035056190945164024,-0.06645339948635978,-0.04602858146121797,-0.0004596996135511106,0,-0.05060610825206024
sweep: 15-min move > +2 sd,30,-0.03705839135769852,-0.04004812184396533,-0.06287812182797448,-0.03645743522377798,-0.0012886814618352019,0,-0.04397810586324124
sweep: 15-min move > +2.5 sd,1,-0.0386248511344144,-0.024644762861735916,-0.05951735217613688,-0.02977479996764069,-0.00043757588801469514,0,-0.037646529403611004
sweep: 15-min move > +2.5 sd,3,-0.06464925296019867,-0.0306245889389575,-0.07381274463856297,-0.041552113855772996,0.0007977738736912105,0,-0.051263637048848176
sweep: 15-min move > +2.5 sd,5,-0.06726355359189674,-0.03398515608781198,-0.07835932267550115,-0.0456922198864154,0.0008930047355019462,0,-0.05504245678046413
sweep: 15-min move > +2.5 sd,10,-0.04247614247957534,-0.02067109373364694,-0.06774332941840262,-0.04699300971545058,-0.002997977778946643,0,-0.04510901938340233
sweep: 15-min move > +2.5 sd,15,-0.02720492784170472,-0.016990148633508596,-0.07759679231047775,-0.04760959120799467,-0.004631847085787514,0,-0.044135763554506185
sweep: 15-min move > +2.5 sd,30,-0.002901992488027406,-0.01693120641558397,-0.07805803017431688,-0.04463817176753625,-0.0074750282388509155,1,-0.03884547362760703
sweep: 15-min move > +3 sd,1,-0.024930256777784616,-0.01926220678817575,-0.07397836879847886,-0.03047431576625502,-0.003385089564891209,0,-0.03726662550662679
sweep: 15-min move > +3 sd,3,-0.05854626939855306,-0.017357196401014602,-0.08787781406045886,-0.029133091993908657,0.0012853691454077691,1,-0.04615889457020037
sweep: 15-min move > +3 sd,5,-0.0491984966037667,-0.01879381507158299,-0.09140331433469777,-0.04407572704935858,-0.0017064408009709014,0,-0.050374838631860125
sweep: 15-min move > +3 sd,10,-0.013460020438934076,0.0008532726845863943,-0.07471331780735946,-0.03265722167605827,-0.004625091934711743,1,-0.031018324507975967
sweep: 15-min move > +3 sd,15,0.006427544052410366,0.007943746071464393,-0.0843954471803875,-0.03920892333819165,-0.007721236355588861,3,-0.029946121609551866
sweep: 15-min move > +3 sd,30,0.04827010949397917,0.001803728246980255,-0.08838185208234954,-0.04158728646315424,-0.014016593603186255,3,-0.025218665382491543
sweep: 4h return < -100 bp,1,-0.0025362945524363863,0.005241075944362598,0.0018702810584593635,-0.009468083177464262,-0.0015810616089019396,4,-0.0010365363652195935
sweep: 4h return < -100 bp,3,0.006608566433044531,0.013299843294768717,0.01040382933788122,0.006322797005731154,-7.440867165852033e-05,1,0.009259747239274842
sweep: 4h return < -100 bp,5,0.010196057628991784,0.018542776560238998,0.016422430154563405,0.012041840085135442,0.0001541981575748803,0,0.014322785721166489
sweep: 4h return < -100 bp,10,0.016294533021217156,0.028489435474709748,0.023257793894246932,0.019151244715395206,0.0003364928073284893,0,0.021944432152497122
sweep: 4h return < -100 bp,15,0.021215627824242002,0.034009938979717165,0.029595681887824677,0.024490943154972838,0.00041014525521596034,0,0.027420226676047703
sweep: 4h return < -100 bp,30,0.033242503672944915,0.04170445417561696,0.037361907890289786,0.027124504492579235,-0.0010013666917292503,0,0.035083184519876694
sweep: 4h return < -25 bp,1,-0.00014355668041305717,0.003445384368142019,0.0034916948368708166,-0.0035673731710012227,-0.0006549812357438794,5,0.0005171880174434612
sweep: 4h return < -25 bp,3,0.007480013240853735,0.008370523157332789,0.013015508711426153,0.0071727268583168455,0.00018466080338671076,0,0.008822186764651753
sweep: 4h return < -25 bp,5,0.010880541375277813,0.012458255932624996,0.018764714295630185,0.011747244695901583,0.0004054869547435855,0,0.013258662779796012
sweep: 4h return < -25 bp,10,0.01732527063598278,0.019134484096084703,0.027053118966416444,0.016547458603537176,0.0002805244002666774,0,0.019673213504723532
sweep: 4h return < -25 bp,15,0.02188084040887126,0.0234280333831314,0.03214069838853745,0.020339168116059084,0.00017227169919455107,0,0.0240522796698269
sweep: 4h return < -25 bp,30,0.03182244522907188,0.029132039182422992,0.03939275615995859,0.022052629427525196,-0.0009750143054659724,0,0.029896398403078738
sweep: 4h return < -50 bp,1,-0.0008330555869732313,0.004068454109070748,0.0034532139074604546,-0.005767679688560516,-0.0009324054065404213,4,-1.1781647141611503e-05
sweep: 4h return < -50 bp,3,0.007796304658252705,0.010492234339151918,0.014129329894915,0.007658322069833214,0.00024967662209324877,0,0.009790722967749781
sweep: 4h return < -50 bp,5,0.012103764085014082,0.01466540885938223,0.020258951978591695,0.013456662877166634,0.0005252017776374424,0,0.014856068662304898
sweep: 4h return < -50 bp,10,0.02011948023710216,0.023145525773782073,0.028329426581555572,0.018980580609078264,0.00020829577963583974,0,0.022309015835426826
sweep: 4h return < -50 bp,15,0.024463721562516503,0.028002189350593846,0.03364602946301786,0.02349831179286673,0.00023816715030721712,0,0.02704067179429703
sweep: 4h return < -50 bp,30,0.034897911782056486,0.03326119629687751,0.042649181619935,0.02529481639366141,-0.0009137179605425015,0,0.03335931186268321
sweep: 4h return > +100 bp,1,-0.003048315961780577,-0.005314137175138496,-0.01812468336153263,-0.01687122182398308,-0.0027550253698078405,0,-0.009928764863607149
sweep: 4h return > +100 bp,3,-0.009588340136300303,-0.00998255566299834,-0.013704633264398679,-0.012237390011097582,-0.0008225782839546347,0,-0.011124472515594813
sweep: 4h return > +100 bp,5,-0.013858208610739213,-0.013512615377625116,-0.014761631738821621,-0.014842896759966272,-0.00037879312504582243,0,-0.014154494983344772
sweep: 4h return > +100 bp,10,-0.019659710012206254,-0.02123096949105084,-0.018432847301363527,-0.01956191579590613,0.00016412837924170202,0,-0.019907430811271016
sweep: 4h return > +100 bp,15,-0.02404063302114536,-0.024806274039410544,-0.022228539816577544,-0.022659794637916814,0.00033399584533346215,0,-0.023612505195733526
sweep: 4h return > +100 bp,30,-0.032765101035067606,-0.03142390116943098,-0.0299178762081129,-0.023264832854542835,0.0013968725010319984,0,-0.029515721992723787
sweep: 4h return > +25 bp,1,-0.002547407975011039,-0.0036196160767381037,-0.013079904501574924,-0.008941345504751327,-0.0014047283519786928,0,-0.0069613481928792196
sweep: 4h return > +25 bp,3,-0.009458432398603191,-0.0069474240010542684,-0.014913102772216682,-0.00973507507538074,-0.0005278697870857958,0,-0.010040121633306332
sweep: 4h return > +25 bp,5,-0.013211878307961993,-0.010569785783626162,-0.018256005573288242,-0.011322421781680407,-0.00013536239481978487,0,-0.013020540937739604
sweep: 4h return > +25 bp,10,-0.02007105121168706,-0.0173532260596114,-0.02472025983966833,-0.015230565678721142,0.0004007053738123481,0,-0.01888752246304116
sweep: 4h return > +25 bp,15,-0.024108315887139218,-0.02137770814137863,-0.02889702377119555,-0.018346068289541,0.0005189211365856268,0,-0.022672821081195768
sweep: 4h return > +25 bp,30,-0.03423668102239121,-0.026343987906480376,-0.036411139862818666,-0.021003202358128168,0.0014991024055719079,0,-0.028671193487410172
sweep: 4h return > +50 bp,1,-0.0028702511665864698,-0.0048298029321146895,-0.015825907650984825,-0.013437637145488561,-0.0021600344684584456,0,-0.008991296982140583
sweep: 4h return > +50 bp,3,-0.010450803330756724,-0.008817270987524195,-0.015860533491680776,-0.01257273122708551,-0.0008116417416642165,0,-0.01166238426829898
sweep: 4h return > +50 bp,5,-0.015137022127285099,-0.012287294966924135,-0.01745426935110152,-0.014288138988069864,-0.00025492298635112657,0,-0.014548588183108105
sweep: 4h return > +50 bp,10,-0.022976946149076166,-0.01931408558159196,-0.023153897118180604,-0.01819503585109549,0.0005131697292926815,0,-0.020616208015536385
sweep: 4h return > +50 bp,15,-0.027589669774254547,-0.024020766551304,-0.027478642424534874,-0.021363897115235994,0.0008063683932968392,0,-0.024787330784726908
sweep: 4h return > +50 bp,30,-0.03837786199235918,-0.029920450892663777,-0.036702421085373096,-0.022634852780103458,0.0020508862024748577,0,-0.031176313184671473
sweep: 5-min move < -1.5 sd,1,0.02772780517675809,0.04813457782297395,0.026481381126418967,0.013835892248696417,-0.0029534517553669983,0,0.027330005852434624
sweep: 5-min move < -1.5 sd,3,0.052174193187004135,0.05750348227874885,0.04170665692579994,0.027388366905007105,-0.0036608281546255126,0,0.04259996194330999
sweep: 5-min move < -1.5 sd,5,0.051803127082379885,0.057436096402889894,0.04392290940588093,0.030862962739594105,-0.0030083116841936332,0,0.04419559781184926
sweep: 5-min move < -1.5 sd,10,0.04498776182953495,0.050417332786534534,0.04189100319713196,0.03292300713013179,-0.0018318097723379854,0,0.04143442462375091
sweep: 5-min move < -1.5 sd,15,0.03624429387367886,0.04649740813400712,0.041414533946966876,0.035639960552676535,0.00012089536896365771,0,0.03955403764950445
sweep: 5-min move < -1.5 sd,30,0.034398271250290866,0.060187728127811715,0.04629666013011023,0.030845216262183763,-0.0010939247390847875,0,0.04178189978496886
sweep: 5-min move < -2 sd,1,0.04598848195555908,0.06523643681865446,0.034051975351094506,0.021702446950446555,-0.004947209181926246,0,0.03917833392348007
sweep: 5-min move < -2 sd,3,0.06440418463217548,0.07302898044720188,0.05067692286942223,0.043191936400526834,-0.0032688236247227927,0,0.05586352326858523
sweep: 5-min move < -2 sd,5,0.05309441482152847,0.06945212809394927,0.05669483034221647,0.044909601714709854,-0.0015722154004763076,0,0.05482751134616098
sweep: 5-min move < -2 sd,10,0.04013017181974615,0.05977853481453908,0.0507224228926035,0.046976853491310665,0.0003252684047967304,0,0.04927511479737265
sweep: 5-min move < -2 sd,15,0.024045725572433525,0.05226070660450647,0.053999068074846605,0.04992485696831239,0.0035046778042632466,0,0.04613287176716204
sweep: 5-min move < -2 sd,30,0.029112441694889368,0.06758442297860243,0.057154418344210235,0.04368094768522881,0.0013926579582473708,0,0.04921191105666953
sweep: 5-min move < -2.5 sd,1,0.05258302401330907,0.08116465250811142,0.04222310890649129,0.029303862327885555,-0.005355895101949787,0,0.04859868529555661
sweep: 5-min move < -2.5 sd,3,0.06840423114027323,0.08847592333862972,0.05807432508069744,0.05286715988992526,-0.0030021852938765608,0,0.06506927827755865
sweep: 5-min move < -2.5 sd,5,0.051387137954478614,0.08016770866457797,0.06330203907481109,0.056615434916809114,-0.00021243452940411409,0,0.06226208234673229
sweep: 5-min move < -2.5 sd,10,0.0290569634950935,0.06510609526349312,0.05627181164552803,0.05562594384811976,0.002592683080750813,1,0.052212934745585915
sweep: 5-min move < -2.5 sd,15,0.011116330891034743,0.05309501581846618,0.06215496398569367,0.06151654811981926,0.006720729308629454,1,0.04927214876696825
sweep: 5-min move < -2.5 sd,30,0.020219188812832946,0.06844388035946156,0.06864853003058172,0.053435253825218056,0.003805173200170018,1,0.05358279581575809
sweep: 5-min move < -3 sd,1,0.05436207187888201,0.09553274984216756,0.05651136854386856,0.03631798560876451,-0.005298801083169882,0,0.05794059207105716
sweep: 5-min move < -3 sd,3,0.07265680353820794,0.0971807428824695,0.07413228234940034,0.06203272249908729,-0.002591954558393125,0,0.07487862073699922
sweep: 5-min move < -3 sd,5,0.054231166891265684,0.08906375989715469,0.07285826537475834,0.067055448163774,0.000770174604323838,0,0.07024585864377836
sweep: 5-min move < -3 sd,10,0.020214507010308837,0.06671651645544553,0.06456599342526496,0.07568577340021522,0.005966520018449806,1,0.058384890579128414
sweep: 5-min move < -3 sd,15,0.002676972792792224,0.045768865877270325,0.06987991891471738,0.07836183388954654,0.010426492116967691,1,0.05241536387379391
sweep: 5-min move < -3 sd,30,0.00568698686163724,0.06044034840837398,0.077766944059377,0.0629511069111359,0.0068755566065343615,1,0.05360517489737661
sweep: 5-min move > +1.5 sd,1,-0.02823726867205664,-0.026923592744933642,-0.03244706750835138,-0.021200787445459248,6.276527793204112e-05,0,-0.026583847126371813
sweep: 5-min move > +1.5 sd,3,-0.05427947327445789,-0.03671013656977454,-0.04235470624969856,-0.025048375882280368,0.0027890180007078377,0,-0.03762506644717662
sweep: 5-min move > +1.5 sd,5,-0.05892364408282584,-0.04295619710208941,-0.047493134867662934,-0.028767691208907906,0.003173146189074149,0,-0.04244382503172489
sweep: 5-min move > +1.5 sd,10,-0.05288165155115274,-0.03152132165083062,-0.039180097870434256,-0.026752881854724585,0.00287565098926344,0,-0.035974709010746585
sweep: 5-min move > +1.5 sd,15,-0.04466123635343786,-0.025450422009272444,-0.03981977459449137,-0.02947579162245745,0.0011544043845683502,0,-0.03402397424022954
sweep: 5-min move > +1.5 sd,30,-0.036231275148852195,-0.044965449460130286,-0.043977476550152106,-0.02527651277285735,0.0015534048859888842,0,-0.036408753151997
sweep: 5-min move > +2 sd,1,-0.043971276103666655,-0.03397160872234726,-0.04580519220755533,-0.028136851217010966,0.00107273435553181,0,-0.036840132867542286
sweep: 5-min move > +2 sd,3,-0.0669163834299203,-0.03886019778711896,-0.05331169203710469,-0.03429252178405572,0.002980164341717236,0,-0.046209574201007395
sweep: 5-min move > +2 sd,5,-0.06861092299761193,-0.045082963758740054,-0.058112284319816895,-0.03847969027672065,0.0029986302361308874,0,-0.05054299573176482
sweep: 5-min move > +2 sd,10,-0.05291595708012622,-0.030487653772389753,-0.0481269325521597,-0.0341997127567299,0.0013307458980055696,0,-0.040340928122849506
sweep: 5-min move > +2 sd,15,-0.044589286671993,-0.02172425304824519,-0.04700445910602014,-0.03799840765932059,-0.000646282681195067,0,-0.03776558976592936
sweep: 5-min move > +2 sd,30,-0.03493236242741609,-0.04135496753037982,-0.05352782056565038,-0.030167963223183006,8.899037494814241e-05,0,-0.03941615500104426
sweep: 5-min move > +2.5 sd,1,-0.0517863470747641,-0.034487694665792316,-0.0554823767234557,-0.03872366950459962,0.0001242005999577191,0,-0.04455520677950555
sweep: 5-min move > +2.5 sd,3,-0.07504284844788553,-0.033771977243587055,-0.06409455391418357,-0.04806185852367007,0.0012888396076351208,0,-0.053996756635431915
sweep: 5-min move > +2.5 sd,5,-0.06800869180152816,-0.03210809701723414,-0.06975675015425463,-0.049119673531759854,0.0004847342125669922,0,-0.05412058013063149
sweep: 5-min move > +2.5 sd,10,-0.04497039070292392,-0.019807420760432532,-0.0560287791314704,-0.04320566455376569,-0.0015392247193405863,0,-0.04151284165732969
sweep: 5-min move > +2.5 sd,15,-0.03453162354208847,-0.011631005430155444,-0.055003713258111805,-0.04552028927830011,-0.0036512571620374145,1,-0.038174022160844985
sweep: 5-min move > +2.5 sd,30,-0.02522351128936916,-0.034357136761777755,-0.06775121974315305,-0.04019025328332591,-0.00292342035640176,0,-0.04324048442736277
sweep: 5-min move > +3 sd,1,-0.05606840031883275,-0.03620796756534412,-0.06806884624873102,-0.044132273038818455,-0.0004940620334061951,0,-0.05118695530720585
sweep: 5-min move > +3 sd,3,-0.0720383541197151,-0.026829609291412513,-0.07480796632322094,-0.05671793472036325,-0.0012028791994897908,0,-0.057889798933933215
sweep: 5-min move > +3 sd,5,-0.07303297336921273,-0.025595384928928225,-0.07521192265532804,-0.05022216448515935,6.347570772311243e-05,0,-0.055910895969778544
sweep: 5-min move > +3 sd,10,-0.0398946602085051,-0.013486885564914718,-0.066376793447023,-0.04270098564946731,-0.0033853071034356105,0,-0.042035433697309034
sweep: 5-min move > +3 sd,15,-0.02987370958170155,-0.010579189006110799,-0.057871901026676026,-0.048114035005588314,-0.005093202794802236,1,-0.038790425453042246
sweep: 5-min move > +3 sd,30,-0.014974096742124457,-0.02798755938820462,-0.08003103861528273,-0.04537567298823198,-0.005747087602839754,1,-0.045019198082779814
sweep: EMA9 < EMA21 - 10 bp,1,0.008771622059603917,0.03548475212156281,0.01736176712788314,0.0021050493200739416,-0.0024514953282635883,2,0.01737220202198196
sweep: EMA9 < EMA21 - 10 bp,3,0.034523666850983355,0.05197143060843174,0.0314719612832229,0.027627873537262766,-0.0018191743903300725,0,0.03804524066249554
sweep: EMA9 < EMA21 - 10 bp,5,0.04706422438575486,0.058012367423493916,0.04107327350078834,0.03634107802453462,-0.0020227263322651775,0,0.04717069893704789
sweep: EMA9 < EMA21 - 10 bp,10,0.0525588132402478,0.06341493114185154,0.04338633043885319,0.042974640194814,-0.0015221877620146128,0,0.052311402993751074
sweep: EMA9 < EMA21 - 10 bp,15,0.049505777653088744,0.06578963073066821,0.045153024588394215,0.04800431786865798,6.585071862605989e-05,0,0.05358297282066452
sweep: EMA9 < EMA21 - 10 bp,30,0.053779551281141674,0.05917664874342836,0.053891821858993626,0.04730669863285028,-0.00020307420061796742,0,0.05412553806574985
sweep: EMA9 > EMA21 + 10 bp,1,-0.015198337004662003,-0.030162969402262683,-0.03863673203095957,-0.03312254222504331,-0.003012770246779924,0,-0.028048451265243215
sweep: EMA9 > EMA21 + 10 bp,3,-0.041513853592864976,-0.045627843538051806,-0.04223988252960603,-0.02703355530122616,0.001539508592617935,0,-0.039922323526112684
sweep: EMA9 > EMA21 + 10 bp,5,-0.054235014165014986,-0.05024714986013911,-0.04557299969213456,-0.033401020257002784,0.0023491509244612818,0,-0.046971590137924735
sweep: EMA9 > EMA21 + 10 bp,10,-0.05999001908110592,-0.048865125224938966,-0.04309568750037566,-0.03353733638266491,0.0030098785622425664,0,-0.047732070342846544
sweep: EMA9 > EMA21 + 10 bp,15,-0.05753600944775457,-0.052119363413489654,-0.04444000624277634,-0.032778991792257406,0.0028201995958372097,0,-0.048194440218103776
sweep: EMA9 > EMA21 + 10 bp,30,-0.05645708197085758,-0.04431903726978679,-0.04529679169357025,-0.027318603923909057,0.003421174316739483,0,-0.044282450006362675
sweep: MACD hist < 0,1,-0.0025425485793001156,0.00775317444021078,0.00524548026523166,0.0016891415525096657,0.00043068613111168206,3,0.002950455722335562
sweep: MACD hist < 0,3,0.008304871860722698,0.01224392576697875,0.009008304071075111,0.005128807671458391,-0.0006159195874732068,0,0.00837901113354999
sweep: MACD hist < 0,5,0.013105534100735693,0.013571259092220673,0.009403920373108176,0.006745357870794503,-0.0010533632007358172,0,0.010365309098237385
sweep: MACD hist < 0,10,0.014282955624299761,0.009772976162246882,0.009135942568242253,0.008568833485482855,-0.0008496033375982403,0,0.010266986866354556
sweep: MACD hist < 0,15,0.01179327651769939,0.01216642132331335,0.010512643411800783,0.008920373902129219,-0.0005066172880804796,0,0.010683541020446342
sweep: MACD hist < 0,30,0.009927769955190926,0.02038595289318472,0.008922148461023243,0.007262886707544513,-0.0008413137680250357,0,0.011263821825906201
sweep: MACD hist > 0,1,0.0025440595573315845,-0.007940154227751668,-0.005248729645933001,-0.0017282824802866193,-0.0004369031635356411,3,-0.0029886321130138485
sweep: MACD hist > 0,3,-0.00830980727399254,-0.012539208126402222,-0.009013884403000152,-0.005247638373430032,0.000603919025553958,0,-0.00848742131939544
sweep: MACD hist > 0,5,-0.013113424988062323,-0.013898553559757108,-0.009409674078349053,-0.006901623842667225,0.0010387456813091475,0,-0.010499409825597461
sweep: MACD hist > 0,10,-0.014291611385683306,-0.010008670761794953,-0.009141462691057521,-0.00876745759008019,0.0008299893745623965,0,-0.010399849210761265
sweep: MACD hist > 0,15,-0.011800423552804959,-0.012459744612296235,-0.010519035513860646,-0.00912721397659715,0.0004873603266628807,0,-0.010821809685364486
sweep: MACD hist > 0,30,-0.009933592477886284,-0.020877376277731233,-0.008928084008610039,-0.007431310066239142,0.0008319528609801263,0,-0.011409701256838671
sweep: OBV falling,1,0.006440502499027294,0.024658176086340737,0.016140959325230273,0.012603824650029545,0.0004545986084764461,1,0.01405995654218501
sweep: OBV falling,3,0.02595163842526208,0.039415823983636994,0.03310829678655469,0.022532241532444028,-0.0008121941593422365,0,0.028154496133435913
sweep: OBV falling,5,0.03664776687998182,0.046746405384692886,0.03978025615357356,0.02711092358728563,-0.0016292692238881834,0,0.03488396237229219
sweep: OBV falling,10,0.04794114473360372,0.05338388286389219,0.04704327135827069,0.032807167318018485,-0.002353546138157922,0,0.042210242938602635
sweep: OBV falling,15,0.05347902546913662,0.05924478890813612,0.053884382965312,0.03693387277913021,-0.0026397542150207198,0,0.04744307198690631
sweep: OBV falling,30,0.06681238677109515,0.06203744000600239,0.05912180505770285,0.03375861338098917,-0.00502154691473399,0,0.050340668755525154
sweep: OBV rising,1,-0.00718752102671197,-0.012130620637633396,-0.023391212437145665,-0.01008126668250118,-0.0007591394484892457,0,-0.012704601865784291
sweep: OBV rising,3,-0.031172418508590153,-0.024833907692766534,-0.03626364156582264,-0.019098158960058988,0.001036391932287833,0,-0.025712741046396023
sweep: OBV rising,5,-0.044143913283799165,-0.030283137447297683,-0.04077211510068584,-0.025002062016025218,0.0020695393368729514,0,-0.03245452464515474
sweep: OBV rising,10,-0.05459320798387825,-0.039522330444738796,-0.04865421876732391,-0.032695132165863276,0.0025737059821899387,0,-0.04092414123034632
sweep: OBV rising,15,-0.060351611641991654,-0.03729999700807127,-0.05372578605798382,-0.03664554441811258,0.0025498001721249047,0,-0.04435009310802656
sweep: OBV rising,30,-0.07067167596431793,-0.03213200051930142,-0.05467737718636279,-0.043189002841353116,0.0025197783605376525,0,-0.048355031805790455
sweep: RSI14 < 20,1,0.04005778038696574,0.09371053871549687,0.04336772802992148,0.03779128524550742,-0.003918675243974461,0,0.04742030394544558
sweep: RSI14 < 20,3,0.08643266432160727,0.12192112042841706,0.04956416739306629,0.06255377819604267,-0.007356164841355908,0,0.07138460821280006
sweep: RSI14 < 20,5,0.08394887276644099,0.1072858873190301,0.04989528503197141,0.059788305163003985,-0.007152249658873564,0,0.0680151176052748
sweep: RSI14 < 20,10,0.05008868664851017,0.07768615894447936,0.05308854408705727,0.07718728414354509,0.000599265672779316,0,0.06458568353572756
sweep: RSI14 < 20,15,0.02252915877148876,0.06263662280724552,0.05941005274024528,0.07984723610926998,0.0053809943593093835,1,0.059927120510287146
sweep: RSI14 < 20,30,0.01862050181798581,0.07309342152927761,0.06861276229803744,0.08670023986248898,0.006920000193200942,1,0.06581733861448338
sweep: RSI14 < 25,1,0.046983440686747875,0.08922394884940546,0.044453467414934396,0.03270325736027039,-0.004970694382825683,0,0.04795091224890623
sweep: RSI14 < 25,3,0.0937102196095941,0.11248385840511918,0.05914788217807228,0.05279361728586958,-0.008411537973025521,0,0.07227540596786539
sweep: RSI14 < 25,5,0.09546018125330619,0.10828028937472016,0.0587876869816812,0.05832457532436626,-0.008099129989085734,0,0.07385396933368432
sweep: RSI14 < 25,10,0.08146950495924564,0.10185773715477775,0.06034789942870526,0.06780411432097974,-0.004283665344337803,0,0.07396656066344028
sweep: RSI14 < 25,15,0.05783216938418022,0.08164753875591342,0.06209433934583143,0.07070095449764903,0.0001057210510960331,0,0.06759238269830573
sweep: RSI14 < 25,30,0.05574453128703962,0.07874876987327765,0.0703714358644258,0.06917511404243791,0.0005751814067270902,0,0.06843989898400281
sweep: RSI14 < 30,1,0.035292878449215276,0.07077812721532441,0.039231132097084204,0.022310232143181608,-0.00410705599375671,0,0.038188320843720217
sweep: RSI14 < 30,3,0.08120819478383803,0.09886929515137322,0.056814556669468184,0.043225224418390586,-0.0073039052040947215,0,0.06447685721556282
sweep: RSI14 < 30,5,0.0903576504452518,0.1021328254441342,0.062417958236424716,0.05228757271841833,-0.007313470603205769,0,0.0715924059148429
sweep: RSI14 < 30,10,0.0833725114069406,0.09784998459825384,0.06355361963249374,0.05891014726052228,-0.005097573486435414,0,0.07211654147101039
sweep: RSI14 < 30,15,0.06749299572570774,0.08988598882806142,0.06392373501653464,0.06072247493781144,-0.0023651356624832046,0,0.0682785605086401
sweep: RSI14 < 30,30,0.06962719993480085,0.08493825157897096,0.07064723706910889,0.0552378179212589,-0.0029579647958342514,0,0.06752339183863633
sweep: RSI14 < 35,1,0.017495555714492975,0.052908195080740225,0.032598194493303326,0.017030028643539037,-0.0016144580701349547,1,0.028205389898978757
sweep: RSI14 < 35,3,0.060334191143228244,0.0786496481118685,0.04738064739788362,0.03471051574879922,-0.005034773054189367,0,0.05180098486747618
sweep: RSI14 < 35,5,0.07389994876941856,0.08751883259713669,0.05448418340304179,0.04011188648642059,-0.006175169251368968,0,0.059945596051631245
sweep: RSI14 < 35,10,0.07798816777734971,0.08459642273985135,0.05374190339239809,0.04786337813304229,-0.005328365933953886,0,0.06271886681843351
sweep: RSI14 < 35,15,0.0704368825224088,0.08177808554667855,0.054803617868032964,0.04908032153769579,-0.0040840889448999764,0,0.06133931325832637
sweep: RSI14 < 35,30,0.07249156875891542,0.07935043172270287,0.06033623215512837,0.044193300076665665,-0.004678952061990961,0,0.060899114619286175
sweep: RSI14 > 65,1,-0.014588482254853046,-0.03447823636504096,-0.026252413596502884,-0.0167217185132067,0.0002095264826842636,0,-0.0223842443039936
sweep: RSI14 > 65,3,-0.05639366225649749,-0.05746215436394466,-0.0481860680446687,-0.03091628044824475,0.0038360937254448527,0,-0.04576745375524575
sweep: RSI14 > 65,5,-0.07306966845169811,-0.06943570745811789,-0.05613860569859707,-0.03727875813301354,0.005444925984727012,0,-0.0557452678659808
sweep: RSI14 > 65,10,-0.08428130219917483,-0.06910898930290438,-0.05849205097651682,-0.04210308885541215,0.006162181979430733,0,-0.060136146917668803
sweep: RSI14 > 65,15,-0.0809504690985963,-0.06833714909314424,-0.05996388125895304,-0.042138775860524245,0.005632929103883561,0,-0.05968122654368802
sweep: RSI14 > 65,30,-0.08382455596237898,-0.06995329810859702,-0.058854120895820684,-0.03596860766635808,0.006985361676405979,0,-0.058176001452136514
sweep: RSI14 > 70,1,-0.028272472420140936,-0.0389245339627323,-0.029106381673952377,-0.017800281029587983,0.0018393604387868668,0,-0.026970260867464554
sweep: RSI14 > 70,3,-0.08108277372222013,-0.058792254108355875,-0.05192744623770572,-0.03784277635781693,0.0058745110147195795,0,-0.05377834336311756
sweep: RSI14 > 70,5,-0.09244162540895987,-0.07051143286301731,-0.06178914660510294,-0.045078117275989156,0.006651688260613952,0,-0.0633709426055431
sweep: RSI14 > 70,10,-0.09544099166707005,-0.0655538646257677,-0.0648901983567389,-0.05082425357310041,0.006002801051093503,0,-0.0657165072684571
sweep: RSI14 > 70,15,-0.08746869865266055,-0.06542817797926774,-0.0652589930218758,-0.04930076806132403,0.0052810974285641904,0,-0.06375345689788309
sweep: RSI14 > 70,30,-0.08445808864157577,-0.06780681998041317,-0.062017401267832076,-0.04098826703738039,0.006180646965670855,0,-0.05991993912163557
sweep: RSI14 > 75,1,-0.04536276266456249,-0.037724957168944785,-0.023690788863429145,-0.015462021524625212,0.0045270655191358275,0,-0.027293166367131704
sweep: RSI14 > 75,3,-0.09040564826706979,-0.05739905909224774,-0.05060565043025545,-0.0358708567172653,0.007283550363899323,0,-0.053544122826020286
sweep: RSI14 > 75,5,-0.09702180721450611,-0.06359605411016916,-0.06600136035846509,-0.048708089203047346,0.006224163740199833,0,-0.06465541553879986
sweep: RSI14 > 75,10,-0.09486289076147009,-0.05662357434490154,-0.06723413329683059,-0.05218581659716712,0.004854292141040938,0,-0.06446156965396514
sweep: RSI14 > 75,15,-0.08229393751870179,-0.04692407103125147,-0.06878688152223478,-0.05047858855015656,0.0032544543065409414,0,-0.06014244048478002
sweep: RSI14 > 75,30,-0.06965888900781284,-0.04981167321994442,-0.06502258804129897,-0.04478555275464461,0.0027553577321324666,0,-0.05548867551962635
sweep: RSI14 > 80,1,-0.046836678259548306,-0.03165163465313519,-0.02173108656821469,0.0008029331670440886,0.007011916580136783,1,-0.01939795711843311
sweep: RSI14 > 80,3,-0.08861238123339459,-0.0455380588872184,-0.05839699481718196,-0.0230709360248187,0.008083775640553644,1,-0.048112834144278034
sweep: RSI14 > 80,5,-0.09207977026640106,-0.04426428037195792,-0.07060558218076407,-0.031029393948385987,0.007213207817791561,0,-0.05492149458939557
sweep: RSI14 > 80,10,-0.06924044774743947,-0.03261612883853496,-0.06994506469013316,-0.04127221117922917,0.0019638999266183314,0,-0.05264795617929645
sweep: RSI14 > 80,15,-0.04659974398254858,-0.020206463619607484,-0.0750182019865309,-0.042041920592099304,-0.001454107042853023,1,-0.04851193028025257
sweep: RSI14 > 80,30,-0.030593879942276768,-0.02462982268007305,-0.06675060495289048,-0.037749652585576325,-0.0025594344117449517,1,-0.042738954844694636
sweep: RSI60 < 35,1,0.017398396879954158,0.07268048824261672,0.03776591456680861,0.02689558226582899,-0.0009658274917363835,1,0.034577874224240544
sweep: RSI60 < 35,3,0.06523131411139069,0.11720068223637485,0.043405606687225616,0.03618154925603432,-0.006699208243938048,0,0.056958834429902114
sweep: RSI60 < 35,5,0.0665316837082893,0.11924952055468765,0.04266394599752906,0.052910317854041745,-0.0044762482738222665,0,0.06270941660840806
sweep: RSI60 < 35,10,0.046512289791398966,0.09785590653583368,0.03083231473202594,0.06972824267430745,0.0013969563676406065,1,0.056756161430235506
sweep: RSI60 < 35,15,0.02331980366393365,0.07931153567038061,0.02505709812351031,0.07749909008517247,0.006240452271568248,1,0.04937786802315773
sweep: RSI60 < 35,30,-0.005584903860792873,0.0800903368357972,0.04080069277980973,0.10115424536962704,0.012755190803100983,1,0.05499489921791745
sweep: RSI60 < 40,1,0.020003244823156924,0.04825088421687808,0.02690747569169721,0.010578016441301326,-0.0026694700088710707,0,0.023556906923738203
sweep: RSI60 < 40,3,0.052424637511423594,0.07160443556238398,0.04156309068341601,0.03398550944804335,-0.0037028123905065973,0,0.04657992709544649
sweep: RSI60 < 40,5,0.06656127669089583,0.0818474788606633,0.05337708987180083,0.04470439004179603,-0.004079840582299189,0,0.058212042236604346
sweep: RSI60 < 40,10,0.06654623257719786,0.08522520369897268,0.05829290640464669,0.06101001221162897,-0.0016348275521693642,0,0.06582721103735935
sweep: RSI60 < 40,15,0.06074029279073848,0.08533759907769123,0.06370574567997077,0.06597060959285057,-0.00010216347041808828,0,0.06777687551331092
sweep: RSI60 < 40,30,0.0604906535341183,0.0861630135408843,0.07478361653884923,0.06585103496981932,-0.00035729592940728674,0,0.07069503974795605
sweep: RSI60 < 45,1,0.0059109238384209475,0.02743608361250565,0.02014028994190768,0.007703298610656637,-0.00039060366434287954,1,0.014470939447929357
sweep: RSI60 < 45,3,0.030419167968700457,0.04758152278521873,0.037647385300736705,0.02339158883554401,-0.0016001001550543618,0,0.03331577403978906
sweep: RSI60 < 45,5,0.0447118429928065,0.057272242725787,0.0475702667824186,0.030360595681636196,-0.0026981015471578625,0,0.04305057254083926
sweep: RSI60 < 45,10,0.06036317720550056,0.06683823583489863,0.05680859099013689,0.039456166492848464,-0.0035399525927810216,0,0.05360613742156517
sweep: RSI60 < 45,15,0.06773209907195801,0.0720441818726616,0.06457299124152174,0.04420077932487142,-0.0038408585394874096,0,0.05970899654938789
sweep: RSI60 < 45,30,0.0849751118618443,0.07220397238722263,0.07370414689353881,0.04329195552545561,-0.006022257781128751,0,0.06512749603071107
sweep: RSI60 > 55,1,-0.009711620221855684,-0.0229748700814804,-0.024700005391829174,-0.014462692053370849,-0.0005547055754335897,0,-0.01783934271328633
sweep: RSI60 > 55,3,-0.0355796015243619,-0.04090874628881666,-0.036854178381681015,-0.025386113585394745,0.0014766667336707064,0,-0.033580820672601555
sweep: RSI60 > 55,5,-0.04777512518970967,-0.05101121104738798,-0.04552363341855512,-0.032024096974717815,0.0023202758815968304,0,-0.042570656571789246
sweep: RSI60 > 55,10,-0.06812326875049096,-0.059894806900717176,-0.05471414014059106,-0.0403104603808104,0.003869676761414055,0,-0.053574277501346926
sweep: RSI60 > 55,15,-0.0773596113677353,-0.0634670391825875,-0.05954036793577748,-0.04314135518943502,0.004650399069901755,0,-0.05829622040067821
sweep: RSI60 > 55,30,-0.0979064878496159,-0.06502243750075547,-0.06267811853429363,-0.04374553322583324,0.007164169316925057,0,-0.0636258531809225
sweep: RSI60 > 60,1,-0.022902162337559744,-0.022807065776554503,-0.03052907880540524,-0.01853151388769745,5.4822828968965816e-05,0,-0.0232989529567062
sweep: RSI60 > 60,3,-0.05278250922099289,-0.04019751906152196,-0.03854570182009019,-0.02868694900226768,0.002589871443213133,0,-0.03797167640357303
sweep: RSI60 > 60,5,-0.0652539478916375,-0.04589463309233492,-0.04752498696442396,-0.03707042765393614,0.003106923512441855,0,-0.046625120261049785
sweep: RSI60 > 60,10,-0.0781437743670436,-0.051967347306517066,-0.05532983038491866,-0.04729242771084419,0.0033536346864064498,0,-0.05577685076916906
sweep: RSI60 > 60,15,-0.07953364482376966,-0.05403011921839728,-0.06047121647863629,-0.051598271610749216,0.002854797853183491,0,-0.059286123069142535
sweep: RSI60 > 60,30,-0.08360863402971222,-0.05678582333928497,-0.06142515029478491,-0.05678409154796484,0.002706110786537122,0,-0.06266077650173572
sweep: RSI60 > 65,1,-0.02134038074320439,-0.03022362632403883,-0.04390595716952627,-0.012869720109650304,0.00024178621899722188,1,-0.026528340317228855
sweep: RSI60 > 65,3,-0.04434292380766228,-0.035590461332583055,-0.04413453782618162,-0.020591756115359603,0.0018967921420177695,0,-0.034268638315764884
sweep: RSI60 > 65,5,-0.052758295216123234,-0.029665501932614448,-0.053645398085413715,-0.029312510485109175,0.0010942304377908434,0,-0.04014724901206829
sweep: RSI60 > 65,10,-0.04823658908922628,-0.019592057979572298,-0.04399594677591956,-0.03192033040758823,-0.0006235346066691857,1,-0.035520963726547186
sweep: RSI60 > 65,15,-0.037046269914360816,-0.017980261797250374,-0.043210712763259156,-0.026891149049504997,-0.0013545021893937002,1,-0.031332618844016356
sweep: RSI60 > 65,30,-0.03414728163092746,-0.005205449815906495,-0.05627946241868274,-0.020712350538020927,-0.0017495813919473498,2,-0.029721391823301052
sweep: larger trades than usual (size5 > 1.2),1,-0.00042876948035010666,-0.00017814317782933575,-0.00550901216893927,0.0006754196095066843,0.00017630810048054922,3,-0.00081309077882616
sweep: larger trades than usual (size5 > 1.2),3,-0.0021286612026295256,0.001385945757564107,-0.0010691338168642385,3.053935860343047e-05,3.594535550891618e-06,3,-0.0003677898729276566
sweep: larger trades than usual (size5 > 1.2),5,-0.002711120832879214,0.0024887339146739693,0.00021048089969428915,-0.0015192440754596037,-0.00014082099799606851,4,-0.0006704467728402403
sweep: larger trades than usual (size5 > 1.2),10,-0.0011300563675470184,0.0014543372263104537,0.0019970153009349497,-0.0034788616453706143,-0.0005932712037953128,4,-0.0009989450000559067
sweep: larger trades than usual (size5 > 1.2),15,-0.0009829619117799266,0.0027308197925606085,0.0005021400300880591,-0.0019702288101603204,-0.0003426566937475142,5,-0.00036159549903531013
sweep: larger trades than usual (size5 > 1.2),30,-0.0013882604494878038,0.0015312121722440867,0.0004996429070900137,-0.0008633573124919574,-0.0002688282454944516,4,-0.00025730538379341766
sweep: more trades than usual (nratio5 > 1.5),1,-0.0031331568923367004,0.006975247181409348,-0.01398306578799953,-0.011244297677909878,-0.0019373666528467776,3,-0.006483675541118274
sweep: more trades than usual (nratio5 > 1.5),3,0.0006502371957705913,0.011081408108893017,-0.0031669508580778687,0.0007478825634220613,-0.0004148466817099097,3,0.002017917268204718
sweep: more trades than usual (nratio5 > 1.5),5,0.0031539721699936065,0.013015029896614776,-0.00023713081962807087,0.0023240789839865912,-0.0004290351771455917,3,0.0041361199952121945
sweep: more trades than usual (nratio5 > 1.5),10,0.003400742744211265,0.017376708085937432,0.003344185637301101,0.003348743168072339,-0.00034928395255267415,3,0.0062260653252114734
sweep: more trades than usual (nratio5 > 1.5),15,0.005204244486679992,0.019518979101202004,0.003543111655618463,0.0038079267741363797,-0.0005330185056770285,3,0.007241688619424179
sweep: more trades than usual (nratio5 > 1.5),30,0.008622055899663703,0.014938716652992352,0.005491949309513827,0.0014268153606548427,-0.0009724715127274878,1,0.006473681782551466
sweep: previous window down,1,-0.0009242064810115439,0.01073862212913231,0.006923800115257892,0.003015460392131902,0.00033230162133068527,1,0.004796965470812099
sweep: previous window down,3,0.011608467701501719,0.01746903968352897,0.014401856490588269,0.00877280974034753,-0.0005261761981934912,0,0.01270935034379999
sweep: previous window down,5,0.018395208621334924,0.021324057100624336,0.017835510197374487,0.0119408572461977,-0.0010414347286037489,0,0.016913976940836094
sweep: previous window down,10,0.025442118641608683,0.024375878589423902,0.021581761965942237,0.015868520717036906,-0.0014560700474324693,0,0.021304860418670607
sweep: previous window down,15,0.028275427016416013,0.029865074819057598,0.023882769886543604,0.017128315342904942,-0.0017736352129243762,0,0.02412712100160145
sweep: previous window down,30,0.03225669892518946,0.031368804736484866,0.022833821622382344,0.015389384884338528,-0.002546469117097269,0,0.024581212972576993
sweep: previous window up,1,0.0009058911273219118,-0.010568501941012292,-0.006878970937375233,-0.0030096353081642785,-0.0003463483832146005,1,-0.004747756502669693
sweep: previous window up,3,-0.011378417362215827,-0.0171922290114019,-0.014308609165685778,-0.008755862884768642,0.0004719975788446899,0,-0.01257896164605562
sweep: previous window up,5,-0.0180307313891345,-0.020986077791089346,-0.01772003064564087,-0.011917790423358169,0.0009670216828498595,0,-0.01674045114022414
sweep: previous window up,10,-0.024938011137888554,-0.023989245515827883,-0.021441861805660312,-0.015838024372689854,0.0013639862940898972,0,-0.021086256908358143
sweep: previous window up,15,-0.027715608577499665,-0.02939114296966984,-0.023728404502584066,-0.017095226909605372,0.0016703160974486696,0,-0.023879630779184532
sweep: previous window up,30,-0.03161692531329931,-0.030870395806898144,-0.02268744235223434,-0.015359370013852153,0.0024220524312198693,0,-0.024328916842068955
sweep: price < VWAP60 - 15 bp,1,0.004095989642035771,0.026290498111900134,0.016592898392755972,0.00387558032410496,-0.001034522069360104,1,0.012705446660939626
sweep: price < VWAP60 - 15 bp,3,0.02802920374610784,0.04203721897904962,0.033004232401423056,0.021386941099427348,-0.00141360676211224,0,0.03108150923992511
sweep: price < VWAP60 - 15 bp,5,0.040219543134307846,0.04864390654789686,0.03956441471154337,0.028099016867607615,-0.0021044299086987713,0,0.03907777154869528
sweep: price < VWAP60 - 15 bp,10,0.05108581822260213,0.05131228974425037,0.042469653529685604,0.03478142485730083,-0.0026585072853501763,0,0.04491217511913638
sweep: price < VWAP60 - 15 bp,15,0.05398378360911336,0.05266919309873856,0.044135354517910244,0.0375726260402935,-0.002560155635699811,0,0.04710503397661143
sweep: price < VWAP60 - 15 bp,30,0.06350757255251746,0.047560566672513405,0.0446374963414546,0.03553332728341909,-0.0036637916795107745,0,0.047566144091079024
sweep: price < VWAP60 - 30 bp,1,0.011475701782673702,0.03702591945261986,0.02160035167385662,0.004130665514143526,-0.0027085070388209796,1,0.019656169692613395
sweep: price < VWAP60 - 30 bp,3,0.03908859271704177,0.05517093849034214,0.03760755358463974,0.02726757767795134,-0.0026911848359630905,0,0.04114528516499865
sweep: price < VWAP60 - 30 bp,5,0.05064826877258713,0.06210666345288494,0.04774464800964868,0.035609432275136195,-0.0028765023298202423,0,0.050269205068158566
sweep: price < VWAP60 - 30 bp,10,0.058353048962253684,0.06665927804180283,0.050272623825711696,0.04311255893298067,-0.0028301750613501176,0,0.055983478601074034
sweep: price < VWAP60 - 30 bp,15,0.05733665591458444,0.06726875994436306,0.050708970508968304,0.04519436866435317,-0.002102947151174585,0,0.056446636502831465
sweep: price < VWAP60 - 30 bp,30,0.06365124473942595,0.05989642695196135,0.052554778602957535,0.04362779615950656,-0.00282155268255598,0,0.055876250463988794
sweep: price < VWAP60 - 50 bp,1,0.01100635289181171,0.043600810786441166,0.02055984566619928,0.0005992858375109382,-0.003896015139949947,2,0.02153117225859499
sweep: price < VWAP60 - 50 bp,3,0.03838816986316817,0.06260527387321849,0.031713705767135704,0.025519149445638864,-0.0028288094037943047,0,0.042912670927161056
sweep: price < VWAP60 - 50 bp,5,0.04803435582208774,0.07061159382421757,0.04047327864552637,0.03797975531614547,-0.0022642982368905394,0,0.05236624541669381
sweep: price < VWAP60 - 50 bp,10,0.05518483711325284,0.07468178578129629,0.04185476977186498,0.041105473770306544,-0.002873730278840005,0,0.05679028485424854
sweep: price < VWAP60 - 50 bp,15,0.05019977203294685,0.07380209108743456,0.04194746303769504,0.04983734947760337,-0.0005195338717109808,0,0.056471698199535264
sweep: price < VWAP60 - 50 bp,30,0.05279373412265696,0.0650512275040072,0.052816566419535436,0.0551579458011267,0.0002942215626333577,0,0.05724982658007242
sweep: price > VWAP60 + 15 bp,1,-0.005889919657965663,-0.023537096755444378,-0.032447489119368185,-0.02267792353543742,-0.0027737352268044652,1,-0.02068379697561804
sweep: price > VWAP60 + 15 bp,3,-0.02699460164445282,-0.03643661296527329,-0.03739418931884803,-0.022237370308500766,0.00044576385171882693,0,-0.030387115158529137
sweep: price > VWAP60 + 15 bp,5,-0.038198563920239376,-0.043043057118793644,-0.04030431424338266,-0.02470338243714614,0.0018531425195182137,0,-0.03626833234950646
sweep: price > VWAP60 + 15 bp,10,-0.050571348382838346,-0.04362767757405775,-0.04069891742293805,-0.026440871260289316,0.0033232160750834745,0,-0.04003496597773997
sweep: price > VWAP60 + 15 bp,15,-0.0526902914481282,-0.04472399115557001,-0.04205119669036226,-0.02744330224622383,0.003539064626704038,0,-0.04140670307461586
sweep: price > VWAP60 + 15 bp,30,-0.05921854510057392,-0.03942510086863738,-0.04078381575463888,-0.023616088498658875,0.004926563928317149,0,-0.040205252678401304
sweep: price > VWAP60 + 30 bp,1,-0.011854790435478022,-0.031839789064632494,-0.041168376781869395,-0.030473819280124572,-0.003013490406978069,0,-0.02767598548217912
sweep: price > VWAP60 + 30 bp,3,-0.03722268411729655,-0.04560360401060809,-0.04625471313517365,-0.02843963683458252,0.0009193671439614499,0,-0.039501108713923004
sweep: price > VWAP60 + 30 bp,5,-0.048939981611681095,-0.05274360560888715,-0.05028510004186832,-0.032058819141054955,0.0020820253916701355,0,-0.046550469584553424
sweep: price > VWAP60 + 30 bp,10,-0.057749899417487593,-0.051831872680477946,-0.048586976903327486,-0.03159977283616347,0.003461945452968386,0,-0.04825980948753312
sweep: price > VWAP60 + 30 bp,15,-0.05702513026338485,-0.05096473662679924,-0.048829511643905796,-0.032324182537866245,0.0032740547883515956,0,-0.04798621883714622
sweep: price > VWAP60 + 30 bp,30,-0.06032220517411079,-0.04219085244484274,-0.047947679165356735,-0.027698459532105854,0.004017539825165252,0,-0.044809968933218994
sweep: price > VWAP60 + 50 bp,1,-0.013276526875929114,-0.037037776657575926,-0.04291278856648759,-0.032071359708291905,-0.0030821289005011658,0,-0.029620665569369754
sweep: price > VWAP60 + 50 bp,3,-0.03998680044509148,-0.05027604612696106,-0.05046418505970845,-0.029454595480529682,0.0006638236630054717,0,-0.04330059646890939
sweep: price > VWAP60 + 50 bp,5,-0.04935310089445985,-0.057636140731116364,-0.05314720937668412,-0.032320810765556374,0.001608377015792242,0,-0.049748824997667904
sweep: price > VWAP60 + 50 bp,10,-0.05537108336463031,-0.058046159284347636,-0.053419317458302085,-0.029999431793761095,0.0028274539739450667,0,-0.05139031580048678
sweep: price > VWAP60 + 50 bp,15,-0.0529106090149031,-0.056432726160892746,-0.05180951200684986,-0.03204188053074048,0.00209526012480065,0,-0.050179073382417255
sweep: price > VWAP60 + 50 bp,30,-0.05499999763953386,-0.04827040819860672,-0.05892317267421622,-0.028178649423263365,0.002152402146953946,0,-0.04834903349443578
sweep: range position < 0.05,1,-0.0003718160516799546,0.035591873229509775,0.03552106149069868,0.005208526757603066,-0.0013074907461250226,1,0.015464680772214436
sweep: range position < 0.05,3,0.05289571999488506,0.07076343039786001,0.05941214969912498,0.023471536625047393,-0.005879053538158016,0,0.0430121504406412
sweep: range position < 0.05,5,0.07964910160271466,0.09359218111410976,0.06851952715009738,0.03496219806627283,-0.008313377182681698,0,0.0582580034870218
sweep: range position < 0.05,10,0.09002807989099887,0.11214247980163611,0.0801208680571787,0.04711325295557336,-0.00830915910461818,0,0.07110420138673168
sweep: range position < 0.05,15,0.09173135985058292,0.11905574279017472,0.08315567187509068,0.05042530205659821,-0.007833248226674002,0,0.07472067043854126
sweep: range position < 0.05,30,0.11449798138278333,0.1301298011225082,0.08442135467264233,0.05696077750981715,-0.009860300089571337,0,0.08344525518789017
sweep: range position < 0.1,1,0.006756244386048871,0.03367905195302194,0.025009556811770216,0.005508419839215159,-0.001305850314582888,2,0.015174069881067467
sweep: range position < 0.1,3,0.04653904267735853,0.061414581293337725,0.04619806048813021,0.023200659698571168,-0.0043394110469779125,0,0.03909986003085571
sweep: range position < 0.1,5,0.06457468849754303,0.07326761820258064,0.056638051502078415,0.030962443941815382,-0.005862632581788703,0,0.049883626584614475
sweep: range position < 0.1,10,0.08280548441405762,0.08885598906345954,0.06823464993081041,0.044474880555531976,-0.006400153055273406,0,0.06413293933025181
sweep: range position < 0.1,15,0.08976319895073939,0.09651756194409554,0.07355266352689582,0.04851859075522061,-0.006722629364364305,0,0.06959978769378787
sweep: range position < 0.1,30,0.1106295994837301,0.10613261793436846,0.07988607424508022,0.05197084785521013,-0.008984798256388732,0,0.07766942664244113
sweep: range position < 0.15,1,0.008275254924833188,0.027275190190838603,0.022718637490274595,0.004936867778719581,-0.0010885056004502252,2,0.013931713026535345
sweep: range position < 0.15,3,0.03862124542996208,0.050275152995037986,0.04030389334025778,0.020064652513148613,-0.003157672949116756,0,0.03386394737485307
sweep: range position < 0.15,5,0.05362631458826329,0.0594814160811249,0.05028562390845818,0.027230442485275702,-0.004286658210205229,0,0.04346192400484741
sweep: range position < 0.15,10,0.06953051456059992,0.07249739332530837,0.06264821530257829,0.03869887206325098,-0.004831619083860556,0,0.05622493788031149
sweep: range position < 0.15,15,0.07567625663079589,0.07903505422097097,0.0693525916948083,0.04335337359018399,-0.005087013816353222,0,0.06197787722954059
sweep: range position < 0.15,30,0.09466619411726969,0.08602902161877153,0.07491829244731452,0.0448988013548083,-0.007430880127026763,0,0.06860460816361767
sweep: range position > 0.85,1,-0.0058235341349549595,-0.022154419530138872,-0.023170570569292198,-0.012212632574898418,-0.0008697271767782133,0,-0.015638681530509558
sweep: range position > 0.85,3,-0.0332805103876254,-0.040247888602449086,-0.037706416646535276,-0.022073760391303474,0.0014923328877043743,0,-0.031811350662082
sweep: range position > 0.85,5,-0.04689178345002446,-0.050879819415781215,-0.04677229044751566,-0.028567678302354564,0.002586058008605572,0,-0.04119375412349971
sweep: range position > 0.85,10,-0.06689226102529303,-0.06034051308607393,-0.057053122532337124,-0.03859761233651643,0.0039495096903494455,0,-0.05302630460500551
sweep: range position > 0.85,15,-0.07686953198153124,-0.06534634545725915,-0.062414957132441,-0.04507851364585073,0.004330083333312021,0,-0.05958353589507105
sweep: range position > 0.85,30,-0.10237713598367813,-0.07059827090756292,-0.06469155861530394,-0.04917623544359084,0.006978988491538821,0,-0.06767304011606816
sweep: range position > 0.90,1,-0.004014483297825376,-0.023728691545984563,-0.024409286211499022,-0.011338252092812617,-0.0010937776981377358,1,-0.015485142652011306
sweep: range position > 0.90,3,-0.036672434215292364,-0.04486879608659986,-0.0445833511203004,-0.023597231315438037,0.0015886792437353856,0,-0.035041290562379014
sweep: range position > 0.90,5,-0.05392056055970197,-0.05806203785827865,-0.05428055713940365,-0.03045789434204429,0.003274335539971179,0,-0.04582900310701357
sweep: range position > 0.90,10,-0.07624536712049036,-0.07104634766882935,-0.06435957464157893,-0.043133203071093015,0.004801200778782626,0,-0.059818686520134993
sweep: range position > 0.90,15,-0.0887231546450325,-0.07602621320061496,-0.0706216540393479,-0.05030793171765303,0.00532233905682481,0,-0.06724223517790813
sweep: range position > 0.90,30,-0.11651443977766955,-0.08692442238738175,-0.06805895723475071,-0.05633495098507713,0.008019585476695065,0,-0.07672459477827051
sweep: range position > 0.95,1,0.004363858292545837,-0.02084817997821423,-0.02212177880692832,-0.011293290504954792,-0.0027122292782985006,1,-0.012625061296239044
sweep: range position > 0.95,3,-0.042111336523253856,-0.04784482354873938,-0.048246614364158454,-0.027982666412604256,0.0010762186003475597,0,-0.03840690757271829
sweep: range position > 0.95,5,-0.06340107797768328,-0.06479252047992438,-0.061839474726831274,-0.03805625551741441,0.0029128897464115104,0,-0.05258129611491891
sweep: range position > 0.95,10,-0.08893551508777868,-0.07834959399187746,-0.07730894396820219,-0.05300947623072246,0.004591157764112461,0,-0.0691266505793216
sweep: range position > 0.95,15,-0.09883156315347343,-0.08529244965508043,-0.08123676715349194,-0.06206843323232126,0.004814712357979964,0,-0.07697096450163919
sweep: range position > 0.95,30,-0.13048418271340864,-0.1042825887613557,-0.07884555548762108,-0.06355772566141167,0.009069978858553698,0,-0.08698508696492552
sweep: taker buy share > 0.1 (15 min),1,0.001065697062906879,-0.01024548550155852,-0.004832848608200935,-0.007653860824398763,-0.0008388004440219529,2,-0.004617445742318379
sweep: taker buy share > 0.1 (15 min),3,-0.007098736164501687,-0.019450834943956243,-0.01843269733613366,-0.014658515263791734,-0.0006659514416912082,0,-0.013229876445990581
sweep: taker buy share > 0.1 (15 min),5,-0.011903240993368204,-0.024916844255558516,-0.023115615781574294,-0.018525510666214454,-0.00039943738683640583,0,-0.01777589184425858
sweep: taker buy share > 0.1 (15 min),10,-0.01587186418877257,-0.02691532511147018,-0.024414161734914692,-0.022508038548021005,-0.0004707901899769958,0,-0.02109949835105542
sweep: taker buy share > 0.1 (15 min),15,-0.015481923656183933,-0.032032851934975785,-0.027143006889123807,-0.02418577870283596,-0.0006427331705349888,0,-0.02271232025905991
sweep: taker buy share > 0.1 (15 min),30,-0.018671285931223996,-0.032249699529276546,-0.02763832999804391,-0.023247722476278265,-5.715532897894976e-05,0,-0.02358615346379769
sweep: taker buy share > 0.2 (15 min),1,0.0019896875564925174,-0.0065001268448644164,0.00537801022342703,-0.0069310631500563245,-0.0007785564505457777,2,-0.002379952265450393
sweep: taker buy share > 0.2 (15 min),3,-0.00851189584192881,-0.01654829939330416,-0.015595333016113846,-0.016504780182127813,-0.000877588074744674,0,-0.013431503389908554
sweep: taker buy share > 0.2 (15 min),5,-0.012989855892293525,-0.023279191118138337,-0.026097601563765758,-0.022848595617811582,-0.0010664662266368255,0,-0.019510486403688215
sweep: taker buy share > 0.2 (15 min),10,-0.01887690333984261,-0.026001583844760146,-0.028194811594257976,-0.02869365541867992,-0.0011698490037310293,0,-0.02470910940453449
sweep: taker buy share > 0.2 (15 min),15,-0.020174926903552205,-0.03119874535588096,-0.0341732329450251,-0.03170167070464542,-0.0013223013229980687,0,-0.027574006938787744
sweep: taker buy share > 0.2 (15 min),30,-0.022353315886126563,-0.03533553002705572,-0.03339056054318053,-0.028379348552601078,-0.0003183961773177332,0,-0.027281809758652027
sweep: taker buy share > 0.3 (15 min),1,0.005933220080677743,0.0010850319237437121,0.025501537237443046,-0.006293382445282194,-0.0011100216784407885,4,0.0009310600338751192
sweep: taker buy share > 0.3 (15 min),3,-0.0042689939565448524,-0.007558215313299707,5.116795377245544e-05,-0.02009027388384988,-0.0023398645176802083,2,-0.01202954186543392
sweep: taker buy share > 0.3 (15 min),5,-0.009900520566172421,-0.01746580791468138,-0.01841006769902911,-0.028329954787065667,-0.0027632933925982044,1,-0.02013250023612817
sweep: taker buy share > 0.3 (15 min),10,-0.017347408744804997,-0.02622096908099956,-0.02500360404900137,-0.03327374496717235,-0.0023334360255102887,1,-0.026360292246390114
sweep: taker buy share > 0.3 (15 min),15,-0.01931946834736026,-0.028622524852582282,-0.030866377520562042,-0.03593244599795147,-0.00245649239395133,1,-0.028974609586276918
sweep: taker buy share > 0.3 (15 min),30,-0.017599650920122934,-0.030727184249611014,-0.03258688740929178,-0.03238445911240501,-0.001953559230780087,1,-0.026833723885905776
sweep: taker sell share > 0.1 (15 min),1,-0.001465995792067383,0.010792694646354885,0.014094656692310827,0.008885198849841644,0.0013835695666956542,1,0.008527760007234923
sweep: taker sell share > 0.1 (15 min),3,0.010029358524970484,0.018326271142204986,0.016863296478332682,0.01380493587346997,0.00037361820441413117,0,0.014742809526990792
sweep: taker sell share > 0.1 (15 min),5,0.01705503591472191,0.02016829040391204,0.019509529854717503,0.016378740057967387,-0.0001765502422728878,0,0.01791748610899467
sweep: taker sell share > 0.1 (15 min),10,0.022750217939544425,0.022419441686261216,0.019052424471858516,0.02061946054420575,-0.0003759739556531949,0,0.021091222868059867
sweep: taker sell share > 0.1 (15 min),15,0.0227076568604264,0.02595106511332276,0.02119413401435577,0.021829357153631712,-0.00030797635750750115,0,0.022780472704634503
sweep: taker sell share > 0.1 (15 min),30,0.023910598132197442,0.025710382982780024,0.022969935390069897,0.01988774333767613,-0.000583261200453365,0,0.022435898425755805
sweep: taker sell share > 0.2 (15 min),1,-0.00041995705094796676,0.013677581128604854,0.019527641113530874,0.01103938463831899,0.0015489312905513026,1,0.010969787356938774
sweep: taker sell share > 0.2 (15 min),3,0.010993968522162617,0.020856551418486666,0.02055150711596825,0.016378855583157288,0.0006858993254703617,0,0.016849070360054244
sweep: taker sell share > 0.2 (15 min),5,0.018828123938737444,0.023835938574479756,0.024656326215454306,0.019665492032446465,0.00014131254347694223,0,0.020947774886459603
sweep: taker sell share > 0.2 (15 min),10,0.024349497641421018,0.02711851632205951,0.025133053829146428,0.025896658914655913,0.00012655099833126758,0,0.025705282710517436
sweep: taker sell share > 0.2 (15 min),15,0.02279233347776718,0.03211078746119757,0.02950243556659298,0.027157945005036682,0.00031345052753824985,0,0.027564789587176074
sweep: taker sell share > 0.2 (15 min),30,0.02584404487039134,0.02888537767001488,0.03430443223848772,0.024836857622924594,-7.273277951711766e-05,0,0.027118600064976083
sweep: taker sell share > 0.3 (15 min),1,-0.0018596595806398867,0.01001811383743387,0.025902506129823692,0.013978790669276658,0.0024829388014581464,1,0.013045841669263498
sweep: taker sell share > 0.3 (15 min),3,0.005637718202750253,0.022888534372126346,0.020528722248261883,0.018832965045971928,0.0017497652359669616,0,0.01749931884990824
sweep: taker sell share > 0.3 (15 min),5,0.013961078456544703,0.028046599994599825,0.019649007548477607,0.022409992512723007,0.0010054562490174274,0,0.021264209335037264
sweep: taker sell share > 0.3 (15 min),10,0.01515589034132017,0.025972866623014415,0.0197736518669709,0.029984906983324268,0.0019490636439565582,0,0.026094131485587802
sweep: taker sell share > 0.3 (15 min),15,0.013871591965559454,0.02720955498706134,0.02670317555107446,0.029915719497474385,0.00205094790871797,0,0.02693612589027969
sweep: taker sell share > 0.3 (15 min),30,0.021527227117668926,0.029349946896160037,0.036485524258303294,0.028648678706731653,0.0014561823721012603,1,0.02877777476286274
sweep: two windows down,1,-4.282270878301881e-05,0.02066460274898569,0.010824556725910723,0.003726785397848296,-2.195200014740478e-05,2,0.008348803058571523
sweep: two windows down,3,0.017881698088963824,0.036788541649695396,0.02297470705095061,0.011920967882889578,-0.0014417630496428799,0,0.02141737252114376
sweep: two windows down,5,0.029121629653288333,0.04401912938598387,0.02865092936205463,0.01727108814347687,-0.0022665153862897213,0,0.028578750877151508
sweep: two windows down,10,0.043665184127735505,0.048320421778023925,0.032399468036699915,0.02390966072085913,-0.003382927483878206,0,0.03577845881274124
sweep: two windows down,15,0.05033672779893009,0.05127379423705979,0.037209324814486126,0.02699214245097669,-0.0037006390884337867,0,0.0400362735396278
sweep: two windows down,30,0.05905729653937385,0.04893696211904523,0.03804629040888602,0.026478215632604246,-0.004746597737251434,0,0.04148773662731712
sweep: two windows up,1,0.0007920758150908524,-0.020243807236385594,-0.013469029930748153,-0.007471037720756115,-0.000743428785513577,1,-0.009885437602442697
sweep: two windows up,3,-0.01721783961773403,-0.0354602911617771,-0.023178966739854655,-0.015295392399868536,0.0007524208690819096,0,-0.022145021659012193
sweep: two windows up,5,-0.027364618141145294,-0.0432206741433144,-0.028353738980441037,-0.01961496081222628,0.0016341707306485132,0,-0.028771012302177282
sweep: two windows up,10,-0.04256281900470932,-0.047954612935784624,-0.03516123854457514,-0.024402784471709585,0.00283459115631646,0,-0.03638446796276671
sweep: two windows up,15,-0.04949394626575231,-0.05062510438634622,-0.03989866004891093,-0.025904985895393376,0.003545883975497184,0,-0.040138647731922876
sweep: two windows up,30,-0.06050541408079191,-0.04486071818016537,-0.03915520450637951,-0.025247757129542123,0.004947039111513929,0,-0.04095635077740919
taker buying 60 pct+ of last 15 min,1,0.0019896875564925174,-0.0065001268448644164,0.00537801022342703,-0.0069310631500563245,-0.0007785564505457777,2,-0.002379952265450393
taker buying 60 pct+ of last 15 min,3,-0.00851189584192881,-0.01654829939330416,-0.015595333016113846,-0.016504780182127813,-0.000877588074744674,0,-0.013431503389908554
taker buying 60 pct+ of last 15 min,5,-0.012989855892293525,-0.023279191118138337,-0.026097601563765758,-0.022848595617811582,-0.0010664662266368255,0,-0.019510486403688215
taker buying 60 pct+ of last 15 min,10,-0.01887690333984261,-0.026001583844760146,-0.028194811594257976,-0.02869365541867992,-0.0011698490037310293,0,-0.02470910940453449
taker buying 60 pct+ of last 15 min,15,-0.020174926903552205,-0.03119874535588096,-0.0341732329450251,-0.03170167070464542,-0.0013223013229980687,0,-0.027574006938787744
taker buying 60 pct+ of last 15 min,30,-0.022353315886126563,-0.03533553002705572,-0.03339056054318053,-0.028379348552601078,-0.0003183961773177332,0,-0.027281809758652027
taker selling 60 pct+ of last 15 min,1,-0.00041995705094796676,0.013677581128604854,0.019527641113530874,0.01103938463831899,0.0015489312905513026,1,0.010969787356938774
taker selling 60 pct+ of last 15 min,3,0.010993968522162617,0.020856551418486666,0.02055150711596825,0.016378855583157288,0.0006858993254703617,0,0.016849070360054244
taker selling 60 pct+ of last 15 min,5,0.018828123938737444,0.023835938574479756,0.024656326215454306,0.019665492032446465,0.00014131254347694223,0,0.020947774886459603
taker selling 60 pct+ of last 15 min,10,0.024349497641421018,0.02711851632205951,0.025133053829146428,0.025896658914655913,0.00012655099833126758,0,0.025705282710517436
taker selling 60 pct+ of last 15 min,15,0.02279233347776718,0.03211078746119757,0.02950243556659298,0.027157945005036682,0.00031345052753824985,0,0.027564789587176074
taker selling 60 pct+ of last 15 min,30,0.02584404487039134,0.02888537767001488,0.03430443223848772,0.024836857622924594,-7.273277951711766e-05,0,0.027118600064976083
three windows down in a row,1,0.0014262876143393576,0.021442544856974794,0.014806608229730454,0.004664500474176861,2.0082491095547317e-05,2,0.010017889218104627
three windows down in a row,3,0.025377809476329057,0.04099220863220389,0.030367466857125526,0.01595686573795325,-0.0017409483212623023,0,0.026862617865872074
three windows down in a row,5,0.03921149833984616,0.05187582321338774,0.03883201149045322,0.023977618522868935,-0.002689894689026129,0,0.03687249369402698
three windows down in a row,10,0.05630146791263655,0.06312771590572308,0.04400950122825743,0.03211181837074008,-0.004240771981163908,0,0.04693003974180547
three windows down in a row,15,0.06771046758389906,0.06759183331433702,0.05228800077802335,0.03634876011711657,-0.004908782495780043,0,0.05372430761397181
three windows down in a row,30,0.07960364699749073,0.05837450416865473,0.05361986384970814,0.035094657971749744,-0.006230223060243079,0,0.05419099102457919
three windows up in a row,1,-0.002481197090479806,-0.021633359956012396,-0.018748705944171048,-0.011815343850752516,-0.0009688851054708794,1,-0.013517263041141338
three windows up in a row,3,-0.02509380987202087,-0.03783814047300962,-0.031901494570303945,-0.02211133076764165,0.0007036037217838891,0,-0.028552693255864587
three windows up in a row,5,-0.03789124758499031,-0.047679298552672944,-0.03964888147934357,-0.0271650711284463,0.0019356142600957596,0,-0.03703317912181559
three windows up in a row,10,-0.05971808876704132,-0.057253518105925695,-0.0482531359916379,-0.034047790487263314,0.003974521953278999,0,-0.04826444721276567
three windows up in a row,15,-0.07062187547924423,-0.059313623955147735,-0.05140539464910916,-0.03703698052881184,0.004905636915890579,0,-0.05285864726682472
three windows up in a row,30,-0.08729354995324683,-0.05362239982522638,-0.04891738147588854,-0.03414055304079072,0.007274344758512224,0,-0.05382072668775042
trade count last 5 min 3x average,1,-0.0046381548263703075,0.01635056562175424,-0.01447233511773725,-0.010597462468649415,-0.001997432473755262,3,-0.0052620096002267734
trade count last 5 min 3x average,3,0.002055608355230334,0.028662833069713345,-0.0029609983187458,0.002839383595320511,-0.0007820912052179065,3,0.006183877721348903
trade count last 5 min 3x average,5,0.009064662638250773,0.03085571397162454,0.0006428662850287558,0.005279758975939614,-0.001415815866550656,2,0.009765259549038762
trade count last 5 min 3x average,10,0.0054043513410823195,0.03999610492924315,0.002713328367303352,0.007954952591850832,-0.0011706476486155258,2,0.012148700270819775
trade count last 5 min 3x average,15,0.0016571913763785417,0.045210704976531055,0.002012250731430939,0.010159907572523148,-0.00016627591168416085,1,0.01308102996652996
trade count last 5 min 3x average,30,0.006616807970814022,0.04087123608009285,-0.0021148719834957596,0.013777289471866709,0.00010476292435538568,1,0.014066140673115084
two windows down in a row,1,-4.282270878301881e-05,0.02066460274898569,0.010824556725910723,0.003726785397848296,-2.195200014740478e-05,2,0.008348803058571523
two windows down in a row,3,0.017881698088963824,0.036788541649695396,0.02297470705095061,0.011920967882889578,-0.0014417630496428799,0,0.02141737252114376
two windows down in a row,5,0.029121629653288333,0.04401912938598387,0.02865092936205463,0.01727108814347687,-0.0022665153862897213,0,0.028578750877151508
two windows down in a row,10,0.043665184127735505,0.048320421778023925,0.032399468036699915,0.02390966072085913,-0.003382927483878206,0,0.03577845881274124
two windows down in a row,15,0.05033672779893009,0.05127379423705979,0.037209324814486126,0.02699214245097669,-0.0037006390884337867,0,0.0400362735396278
two windows down in a row,30,0.05905729653937385,0.04893696211904523,0.03804629040888602,0.026478215632604246,-0.004746597737251434,0,0.04148773662731712
two windows up in a row,1,0.0007920758150908524,-0.020243807236385594,-0.013469029930748153,-0.007471037720756115,-0.000743428785513577,1,-0.009885437602442697
two windows up in a row,3,-0.01721783961773403,-0.0354602911617771,-0.023178966739854655,-0.015295392399868536,0.0007524208690819096,0,-0.022145021659012193
two windows up in a row,5,-0.027364618141145294,-0.0432206741433144,-0.028353738980441037,-0.01961496081222628,0.0016341707306485132,0,-0.028771012302177282
two windows up in a row,10,-0.04256281900470932,-0.047954612935784624,-0.03516123854457514,-0.024402784471709585,0.00283459115631646,0,-0.03638446796276671
two windows up in a row,15,-0.04949394626575231,-0.05062510438634622,-0.03989866004891093,-0.025904985895393376,0.003545883975497184,0,-0.040138647731922876
two windows up in a row,30,-0.06050541408079191,-0.04486071818016537,-0.03915520450637951,-0.025247757129542123,0.004947039111513929,0,-0.04095635077740919
upper quarter of 4h range,1,-0.006115457645587996,-0.014835418873322386,-0.017838725882822128,-0.008881136326819018,-0.0004265058845725387,0,-0.01165846321915954
upper quarter of 4h range,3,-0.023241568458665565,-0.025546791099174914,-0.028698673782520445,-0.0166417138414181,0.000704763606651964,0,-0.022749183739501376
upper quarter of 4h range,5,-0.03212731432762965,-0.032534381938031084,-0.03557505537453021,-0.021658069638924797,0.001348139415296355,0,-0.02944925935578212
upper quarter of 4h range,10,-0.04606245331341015,-0.041204332133991176,-0.04470866971725252,-0.027434252817702398,0.002385285335978512,0,-0.03834433784842388
upper quarter of 4h range,15,-0.05559450828492474,-0.04502922689696572,-0.048773223818793586,-0.031433018236947816,0.0030925356976696365,0,-0.043465309534208275
upper quarter of 4h range,30,-0.07454561015788963,-0.04516495888576725,-0.05369439539042838,-0.034846374664724414,0.00488774547776385,0,-0.04961576708045637
volume last 5 min 3x the daily average,1,-0.0024928342985505456,0.014964678035301004,-0.010111777275621313,-0.006530938557661535,-0.0013651261253299076,3,-0.0023452346095914765
volume last 5 min 3x the daily average,3,0.0009547565255483646,0.022993442945790452,-0.001336526480776553,0.006216927110496053,-0.0002680526203525702,2,0.0067233534487609065
volume last 5 min 3x the daily average,5,0.0008174507788074285,0.029288704980861634,0.0036456255446088073,0.00702736844195984,-0.00046825385858643016,2,0.009300656811752215
volume last 5 min 3x the daily average,10,0.0012130163197937608,0.03354759408806548,0.003695090349443057,0.00459518094007196,-0.0011266510039798843,4,0.009274977935640886
volume last 5 min 3x the daily average,15,0.00011464057017576473,0.04175513712605932,0.004728056916549094,0.003322500025744571,-0.0013011053824096975,3,0.01036259370128147
volume last 5 min 3x the daily average,30,0.00612867013887805,0.03853370764537925,0.0017333851217715547,0.0023805737506553968,-0.0018948185660413717,2,0.00996364286249531
weekend,1,0.0010183635903935836,0.0010412147463851151,0.01192518355468319,0.019480594948094693,0.0034122701525370817,1,0.009313619214921073
weekend,3,0.0012493318200775517,-0.00010075325117758866,0.004162199049172927,0.006073292313410021,0.0010807511412571165,1,0.0031244091673455175
weekend,5,0.0005879839147792822,-0.0007293383881653186,0.0017204605810778328,0.003264710122000637,0.0007472933577488326,4,0.0013865063332032408
weekend,10,0.0011067223273031218,-0.001489377879882697,-0.0008726936041650909,0.0017673595911307325,0.00040771939478190066,4,0.00026078022446201566
weekend,15,0.001164419992939467,-0.0015620344015738253,-0.0017399277798122326,0.001055610730755308,0.00030401286477065785,5,-0.00016662078676790156
weekend,30,-3.124880111091326e-05,0.00020044443440802117,-0.002746877119384069,0.00034968802605741926,0.00024897273310793734,4,-0.0004958824291934231
