year,horizon,pattern,fires,share,up_rate,base,diff,se,z,p,p_adj,fires_print,diff_print,z_print,fires_vwap,diff_vwap,z_vwap
2018,1,net taker buying in each of the last 3 minutes,109820,0.21591588285255905,0.5234656710981607,0.5080570323067728,0.019651767526481345,0.0018663235381536699,10.529668154923765,0.0,0.0022172949002217295,109820,0.019651767526481345,10.529668154923765,109813,0.012026635487839887,6.014257043068706
2018,1,net taker selling in each of the last 3 minutes,57966,0.1139663091006323,0.49427250457164545,0.5080570323067728,-0.015557566124980327,0.002483670015003925,-6.263942484708759,3.7536396213511125e-10,0.0066518847006651885,57966,-0.015557566124980327,-6.263942484708759,57962,-0.006465753931258367,-2.582569574868798
2018,1,net taker buying in each of the last 5 minutes,46811,0.09203458743590551,0.5238725940484075,0.5080570323067728,0.017418683049799766,0.002612419355275042,6.667644310101922,2.599409576475864e-11,0.0066518847006651885,46811,0.017418683049799766,6.667644310101922,46806,0.01200991546346386,4.667120347843405
2018,1,net taker selling in each of the last 5 minutes,17955,0.03530112617572116,0.4932330827067669,0.5080570323067728,-0.015366400855471585,0.00397484654499226,-3.8659104651048875,0.00011067553817634135,0.08425720620842572,17955,-0.015366400855471585,-3.8659104651048875,17954,-0.009434659188191308,-2.3956914464352757
2018,1,trade-count climax,113072,0.22230960395105226,0.49995578038771754,0.5080570323067728,-0.010417065660336788,0.001852471489295893,-5.623333865341278,1.873068966595781e-08,0.019955654101995565,113072,-0.010417065660336788,-5.623333865341278,113071,-0.003264773814882327,-1.9836147445025907
2018,1,trade-count climax at a new 1h high,13188,0.025928780395734374,0.4962845010615711,0.5080570323067728,-0.012085903995792513,0.005118333834011584,-2.3612965444889658,0.01821116162424885,0.7006651884700665,13188,-0.012085903995792513,-2.3612965444889658,13188,-0.0213159147260652,-4.3245466807906965
2018,1,trade-count climax at a new 1h low,15394,0.03026597250621284,0.5060413147979732,0.5080570323067728,-0.002078629244359975,0.004534641605898199,-0.4583888706124662,0.6466730860247294,1.0,15394,-0.002078629244359975,-0.4583888706124662,15394,0.014827782771419273,3.4406732624633345
2018,1,trade-count climax with no new 1h high or low,84495,0.1661246814935984,0.4994260015385526,0.5080570323067728,-0.010350505137482313,0.001976972228407407,-5.235533908243307,1.6450861828332108e-07,0.026607538802660754,84495,-0.010350505137482313,-5.235533908243307,84494,-0.0032944889168368685,-1.7796780138485289
2018,3,net taker buying in each of the last 3 minutes,109818,0.21591279968227878,0.5062284871332569,0.5027859589243092,0.0043904915263923705,0.0022561100277674003,1.9460449500936396,0.05164934036322988,0.9423503325942351,109818,0.0043904915263923705,1.9460449500936396,109812,-0.0023430686112140275,-1.1043616773036842
2018,3,net taker selling in each of the last 3 minutes,57966,0.11396675723818474,0.5006210537211468,0.5027859589243092,-0.0024433679219689752,0.0028204600888603487,-0.8663011866820127,0.3863250156944795,1.0,57966,-0.0024433679219689752,-0.8663011866820127,57964,0.005800255230056006,2.056377212891119
2018,3,net taker buying in each of the last 5 minutes,46811,0.09203494933368986,0.5069962188374527,0.5027859589243092,0.004637028605951055,0.00342798447451696,1.3526982518217099,0.1761520491687365,1.0,46811,0.004637028605951055,1.3526982518217099,46807,-0.0005154175301534947,-0.16909871597782736
2018,3,net taker selling in each of the last 5 minutes,17955,0.03530126498657156,0.5027011974380395,0.5027859589243092,-8.786316721820508e-05,0.00486789425201206,-0.018049522579889316,0.9855993465280077,1.0,17955,-8.786316721820508e-05,-0.018049522579889316,17953,0.006828436257542592,1.4839275028950052
2018,3,trade-count climax,113070,0.222306545922119,0.49742637304324755,0.5027859589243092,-0.006891643298472361,0.0022498634564267752,-3.0631384668195123,0.0021902868624634753,0.22838137472283815,113070,-0.006891643298472361,-3.0631384668195123,113067,-0.005937343541115803,-2.831782770635583
2018,3,trade-count climax at a new 1h high,13186,0.025924950159450438,0.4425147884119521,0.5027859589243092,-0.061875284170581246,0.00527618733026191,-11.727272042766867,0.0,0.0022172949002217295,13186,-0.061875284170581246,-11.727272042766867,13186,-0.06943517556609152,-12.640244833809774
2018,3,trade-count climax at a new 1h low,15394,0.03026609151786592,0.5469013901520072,0.5027859589243092,0.04549230550961059,0.004748751588040381,9.579845284849577,0.0,0.0022172949002217295,15394,0.04549230550961059,9.579845284849577,15394,0.05295357033578507,10.563431023835363
2018,3,trade-count climax with no new 1h high or low,84495,0.1661253347279512,0.49699982247470265,0.5027859589243092,-0.006938856270107263,0.0024525913148530343,-2.8291938522676605,0.004666542346694724,0.35920177383592017,84495,-0.006938856270107263,-2.8291938522676605,84492,-0.005950575700907124,-2.627411419168563
2018,5,net taker buying in each of the last 3 minutes,109818,0.2159136486964728,0.5036606020870895,0.5029491565412292,0.0009073561154042675,0.0024076753626628635,0.3768598248232026,0.7062777790063208,1.0,109818,0.0009073561154042675,0.3768598248232026,109808,-0.009570863965000287,-4.115459504990003
2018,5,net taker selling in each of the last 3 minutes,57966,0.11396720537926153,0.5055032260290515,0.5029491565412292,0.002882590241951033,0.0030689102962913853,0.9392878786435986,0.3475829603030276,1.0,57966,0.002882590241951033,0.9392878786435986,57962,0.015410455376866694,4.892652284870941
2018,5,net taker buying in each of the last 5 minutes,46811,0.09203531123432032,0.5038132062976651,0.5029491565412292,0.0009516336561617988,0.003861593417652286,0.24643548743677912,0.8053451381051733,1.0,46811,0.0009516336561617988,0.24643548743677912,46807,-0.00828381931067046,-2.2596945820763126
2018,5,net taker selling in each of the last 5 minutes,17955,0.035301403798513625,0.5064327485380117,0.5029491565412292,0.0036110677578460315,0.005594735219182097,0.6454403320938464,0.5186418737112866,1.0,17955,0.0036110677578460315,0.6454403320938464,17951,0.01601638956917395,2.774700162989949
2018,5,trade-count climax,113070,0.22230742007785773,0.498797205271071,0.5029491565412292,-0.005338807875180984,0.0025782244014226547,-2.070730488872516,0.03838398932634002,0.9002217294900222,113070,-0.005338807875180984,-2.070730488872516,113063,-0.003118262963573981,-1.2339322625417335
2018,5,trade-count climax at a new 1h high,13186,0.025925052101765562,0.42810556650993475,0.5029491565412292,-0.07683555581917473,0.005696930700149482,-13.487184567149226,0.0,0.0022172949002217295,13186,-0.07683555581917473,-13.487184567149226,13186,-0.08984901404658058,-15.940578708683603
2018,5,trade-count climax at a new 1h low,15394,0.030266210530454956,0.5616473950889957,0.5029491565412292,0.060530260144771364,0.0052768914221975735,11.470817817123741,0.0,0.0022172949002217295,15394,0.060530260144771364,11.470817817123741,15392,0.07694117161213987,13.735615209825315
2018,5,trade-count climax with no new 1h high or low,84495,0.16612598796744132,0.4983963548138943,0.5029491565412292,-0.005459819662969823,0.0028428546976706007,-1.9205412318271244,0.05478957023752318,0.9445676274944568,84495,-0.005459819662969823,-1.9205412318271244,84490,-0.003776977247392399,-1.3786808557789585
2018,10,net taker buying in each of the last 3 minutes,109817,0.2159138051374812,0.5021900070116648,0.5044798128250249,-0.0029203496099832194,0.0027879619481003043,-1.047485462265051,0.29487573370770637,1.0,109817,-0.0029203496099832194,-1.047485462265051,109802,-0.012580667595175454,-4.5669005763887
2018,10,net taker selling in each of the last 3 minutes,57966,0.11396832574737277,0.5097815961080634,0.5044798128250249,0.005983740127022741,0.003442085234838253,1.7384055648766996,0.08213937683864558,0.9733924611973392,57966,0.005983740127022741,1.7384055648766996,57959,0.01699770925090216,4.777548160378196
2018,10,net taker buying in each of the last 5 minutes,46811,0.09203621599834845,0.5000320437504006,0.5044798128250249,-0.004898619474690613,0.004372185232081567,-1.1204052927003767,0.2625410905436354,1.0,46811,-0.004898619474690613,-1.1204052927003767,46804,-0.012351770451504929,-2.860523995627488
2018,10,net taker selling in each of the last 5 minutes,17955,0.035301750833144914,0.509551656920078,0.5044798128250249,0.005257440966056848,0.006413171934284834,0.8197879333236888,0.41233701110903587,1.0,17955,0.005257440966056848,0.8197879333236888,17950,0.01684870237491798,2.615188721987101
2018,10,trade-count climax,113070,0.22230960549728182,0.5030246749801008,0.5044798128250249,-0.0018711017330418356,0.0029660831273407985,-0.6308325332470862,0.5281500289561012,1.0,113070,-0.0018711017330418356,-0.6308325332470862,113056,-0.00047391760919301973,-0.1551508543237271
2018,10,trade-count climax at a new 1h high,13186,0.02592530696106092,0.4155164568481723,0.5044798128250249,-0.09133114391803232,0.006040658647516577,-15.119401583067468,0.0,0.0022172949002217295,13186,-0.09133114391803232,-15.119401583067468,13183,-0.10781724969764006,-18.317025782991905
2018,10,trade-count climax at a new 1h low,15394,0.030266508066022435,0.5725607379498506,0.5044798128250249,0.07020580983446223,0.005445908146944869,12.891478875538397,0.0,0.0022172949002217295,15394,0.07020580983446223,12.891478875538397,15390,0.08622013501931736,14.463089116448048
2018,10,trade-count climax with no new 1h high or low,84495,0.16612762108864268,0.5040416592697793,0.5044798128250249,-0.0005254443801311348,0.00325696589602812,-0.16132940807636822,0.8718339623308595,1.0,84495,-0.0005254443801311348,-0.16132940807636822,84488,0.0008309832060776623,0.2559696344123649
2018,15,net taker buying in each of the last 3 minutes,109817,0.21591592772458268,0.5000956136117359,0.5051316332750044,-0.006422805718593327,0.0027173905615429793,-2.3635931505356935,0.018098676103870615,0.7006651884700665,109817,-0.006422805718593327,-2.3635931505356935,109797,-0.01467056040555853,-5.238799231412067
2018,15,net taker selling in each of the last 3 minutes,57966,0.11396944613751205,0.5101093744608909,0.5051316332750044,0.005618024304226199,0.0035817133895886376,1.568529832832725,0.116757533307283,0.9977827050997783,57966,0.005618024304226199,1.568529832832725,57956,0.013134070613545212,3.659750599850282
2018,15,net taker buying in each of the last 5 minutes,46811,0.09203712078016554,0.500352481254406,0.5051316332750044,-0.005263598468590369,0.004321159859049896,-1.2180985291638087,0.22318653276098743,1.0,46811,-0.005263598468590369,-1.2180985291638087,46803,-0.013353000125515768,-2.997432000197046
2018,15,net taker selling in each of the last 5 minutes,17955,0.0353020978745994,0.5111111111111111,0.5051316332750044,0.006198290493773073,0.006664731476833508,0.9300135369771797,0.3523640756145281,1.0,17955,0.006198290493773073,0.9300135369771797,17950,0.010138855697844118,1.5056745727935112
2018,15,trade-count climax,113070,0.2223117909596744,0.5057574953568585,0.5051316332750044,0.0008047724969707515,0.0034414614313555505,0.2338461473484424,0.8151044222257884,1.0,113070,0.0008047724969707515,0.2338461473484424,113050,0.0010407033840355018,0.3001358390189325
2018,15,trade-count climax at a new 1h high,13186,0.025925561825367177,0.42143182162900045,0.5051316332750044,-0.08592753116779578,0.006079759073266009,-14.133377677026276,0.0,0.0022172949002217295,13186,-0.08592753116779578,-14.133377677026276,13182,-0.09603348952494833,-15.657627906188738
2018,15,trade-count climax at a new 1h low,15394,0.030266805607439884,0.5661946212810186,0.5051316332750044,0.06296885407152009,0.00573415184990527,10.981371913365068,0.0,0.0022172949002217295,15394,0.06296885407152009,10.981371913365068,15390,0.07312389639451988,11.970356529462235
2018,15,trade-count climax with no new 1h high or low,84495,0.16612925424195357,0.5079353807917628,0.5051316332750044,0.0033623286714652423,0.0037950869552187704,0.885968809447587,0.37563433494847054,1.0,84495,0.0033623286714652423,0.885968809447587,84483,0.0033464045486588656,0.9019689511061346
2018,30,net taker buying in each of the last 3 minutes,109817,0.21592229573629312,0.5022810675942705,0.5072955888280459,-0.006395439133783709,0.002963033751028169,-2.158409141159631,0.030896035641688524,0.8536585365853658,109817,-0.006395439133783709,-2.158409141159631,109780,-0.011034669916255568,-3.7204449128969515
2018,30,net taker selling in each of the last 3 minutes,57964,0.11396887503809515,0.5139224346145884,0.5072955888280459,0.007479247172978765,0.003776148783357128,1.9806547893299515,0.04763000011915053,0.9379157427937915,57964,0.007479247172978765,1.9806547893299515,57949,0.012731626505439464,3.3155526881930357
2018,30,net taker buying in each of the last 5 minutes,46811,0.0920398352323558,0.5033005062912563,0.5072955888280459,-0.004400063672189813,0.004572023624826318,-0.9623886561515663,0.33585440978476866,1.0,46811,-0.004400063672189813,-0.9623886561515663,46795,-0.008727384508095293,-1.9085556534686239
2018,30,net taker selling in each of the last 5 minutes,17955,0.03530313903990405,0.519910888331941,0.5072955888280459,0.013076957140028433,0.006842636891091864,1.9110990906229093,0.055991848007048484,0.9467849223946785,17955,0.013076957140028433,1.9110990906229093,17949,0.017737653906620188,2.5259405535001336
2018,30,trade-count climax,113068,0.22231441520266618,0.5094544875650051,0.5072955888280459,0.002776056004075045,0.004295734728507235,0.6462354357341153,0.5181268938389143,1.0,113068,0.002776056004075045,0.6462354357341153,113028,0.003536619614404324,0.8117293144596432
2018,30,trade-count climax at a new 1h high,13186,0.025926326448352816,0.4230244198392234,0.5072955888280459,-0.08651416343237645,0.006856057786351565,-12.61864560193778,0.0,0.0022172949002217295,13186,-0.08651416343237645,-12.61864560193778,13176,-0.09502768330362832,-13.364038628589425
2018,30,trade-count climax at a new 1h low,15394,0.030267698266793815,0.5707418474730415,0.5072955888280459,0.06542657033451171,0.006425189603440045,10.182823289678852,0.0,0.0022172949002217295,15394,0.06542657033451171,10.182823289678852,15390,0.07389306283529007,11.209351562282329
2018,30,trade-count climax with no new 1h high or low,84493,0.1661302214925432,0.5118057117157634,0.5072955888280459,0.005408665722110961,0.004672142703188519,1.157641379065712,0.24701041556982695,1.0,84493,0.005408665722110961,1.157641379065712,84467,0.006093351445534356,1.2898433100067397
2019,1,net taker buying in each of the last 3 minutes,111742,0.21707085855485536,0.5111148896565302,0.5057637167522709,0.006834811250456152,0.0018307342537321437,3.7333715893077724,0.0001889335379470225,0.09312638580931264,111742,0.006834811250456152,3.7333715893077724,111741,0.000882574837907879,0.4924379007613896
2019,1,net taker selling in each of the last 3 minutes,50043,0.09721391217859557,0.5056851108047079,0.5057637167522709,-8.707040197386551e-05,0.0024720981551119145,-0.035221255998196296,0.9719033129097521,1.0,50043,-8.707040197386551e-05,-0.035221255998196296,50043,0.001893775883902049,0.7548086279853752
2019,1,net taker buying in each of the last 5 minutes,44497,0.08644021042325535,0.5097197563880711,0.5057637167522709,0.004330356568816418,0.0025330815898052484,1.7095211564619797,0.08735445622379223,0.9822616407982262,44497,0.004330356568816418,1.7095211564619797,44496,-0.003058744750966791,-1.2654579648148871
2019,1,net taker selling in each of the last 5 minutes,13352,0.025937696689019605,0.512582384661474,0.5057637167522709,0.007000237958111555,0.004534366250572125,1.5438183797412257,0.12263233742792257,1.0,13352,0.007000237958111555,1.5438183797412257,13352,0.0029976899775586707,0.6494562632054784
2019,1,trade-count climax,14778,0.028707855128095545,0.5251725537961835,0.5057637167522709,0.019982491515436185,0.004334218431758799,4.6104025051011135,4.0189008532198756e-06,0.03991130820399113,14778,0.019982491515436185,4.6104025051011135,14778,0.017516876483753996,4.1093256079776
2019,1,trade-count climax at a new 1h high,3311,0.0064319737670269555,0.4738749622470553,0.5057637167522709,-0.032095189924860046,0.00952883185827886,-3.368218728403213,0.0007565554901496352,0.13968957871396895,3311,-0.032095189924860046,-3.368218728403213,3311,-0.04784572804798748,-5.364074149779927
2019,1,trade-count climax at a new 1h low,3679,0.0071468533642078435,0.5808643653166622,0.5057637167522709,0.07564124545393658,0.008404201519241202,9.000408341084862,0.0,0.0022172949002217295,3679,0.07564124545393658,9.000408341084862,3679,0.07040494590211455,8.115521032232962
2019,1,trade-count climax with no new 1h high or low,7799,0.015150396680472132,0.5207077830491088,0.5057637167522709,0.015173957776362546,0.005859590753456462,2.58959344002168,0.009608934105221234,0.5565410199556541,7799,0.015173957776362546,2.58959344002168,7799,0.019674808227763574,3.580312004812484
2019,3,net taker buying in each of the last 3 minutes,111742,0.21707170192513162,0.4970020225161533,0.5036462886337588,-0.008486429899063508,0.002417559497521546,-3.510329283628261,0.0004475520893183482,0.1286031042128603,111742,-0.008486429899063508,-3.510329283628261,111738,-0.010289541069546104,-4.533712910447768
2019,3,net taker selling in each of the last 3 minutes,50043,0.09721428987703246,0.5188537857442599,0.5036462886337588,0.016845079557616938,0.0030392067084427286,5.542590936912039,2.98028537404349e-08,0.019955654101995565,50043,0.016845079557616938,5.542590936912039,50043,0.018589228657770573,6.002285159178827
2019,3,net taker buying in each of the last 5 minutes,44497,0.08644054626337976,0.49266242668045035,0.5036462886337588,-0.012023149569940328,0.0035117733721595854,-3.4236689831003027,0.0006178182664897669,0.13303769401330376,44497,-0.012023149569940328,-3.4236689831003027,44496,-0.013450953516554953,-3.9873454756738496
2019,3,net taker selling in each of the last 5 minutes,13352,0.025937797462944615,0.5322798082684242,0.5036462886337588,0.029395986786147965,0.005404730250965225,5.438936898080745,5.3599433114115413e-08,0.022172949002217297,13352,0.029395986786147965,5.438936898080745,13352,0.02656222599122471,5.0173216671911565
2019,3,trade-count climax,14778,0.02870796666472405,0.518338070104209,0.5036462886337588,0.015126018711386635,0.005534230136274838,2.7331748660470696,0.0062727019887305335,0.41685144124168516,14778,0.015126018711386635,2.7331748660470696,14778,0.0233803655419077,4.592854555857563
2019,3,trade-count climax at a new 1h high,3311,0.006431998756726305,0.4430685593476291,0.5036462886337588,-0.06096988752690036,0.011736472661092378,-5.19490730200581,2.0482187301773536e-07,0.026607538802660754,3311,-0.06096988752690036,-5.19490730200581,3311,-0.05708525905185813,-4.926644545855698
2019,3,trade-count climax at a new 1h low,3679,0.007146881131379063,0.5971731448763251,0.5036462886337588,0.09420009311059263,0.008170904057407152,11.528723437304055,0.0,0.0022172949002217295,3679,0.09420009311059263,11.528723437304055,3679,0.10538813033619177,13.223508029186274
2019,3,trade-count climax with no new 1h high or low,7799,0.015150455543252327,0.5128862674701885,0.5036462886337588,0.009382122262671655,0.006922805146872083,1.355248640344985,0.17533835236840667,1.0,7799,0.009382122262671655,1.355248640344985,7799,0.01795363777496406,3.030397787062784
2019,5,net taker buying in each of the last 3 minutes,111742,0.21707254530196127,0.49299278695566573,0.5046234420165978,-0.014855341949169154,0.0025685377021666535,-5.7835794805106975,7.312761285405145e-09,0.015521064301552107,111742,-0.014855341949169154,-5.7835794805106975,111737,-0.020016255315928266,-8.031723671635524
2019,5,net taker selling in each of the last 3 minutes,50043,0.09721466757840425,0.5239094378834203,0.5046234420165978,0.02136277049948354,0.0033511792144143974,6.374702495048921,1.8331847151387137e-10,0.0066518847006651885,50043,0.02136277049948354,6.374702495048921,50042,0.02516185691828554,7.865015709526625
2019,5,net taker buying in each of the last 5 minutes,44497,0.08644088210611382,0.4841674719644021,0.5046234420165978,-0.022391512110737588,0.0037983678062623724,-5.895035250093654,3.746013943484172e-09,0.013303769401330377,44497,-0.022391512110737588,-5.895035250093654,44496,-0.026497338497461442,-7.126324061725259
2019,5,net taker selling in each of the last 5 minutes,13352,0.02593789823765269,0.5364739364889155,0.5046234420165978,0.03269862816209701,0.005905293242373868,5.537172638179182,3.0739351952746574e-08,0.019955654101995565,13352,0.03269862816209701,5.537172638179182,13351,0.03505378681990978,6.036164907593286
2019,5,trade-count climax,14778,0.028708078202219253,0.5181350656381107,0.5046234420165978,0.013910981156421087,0.005124366514399607,2.7146733391007176,0.006634117209933121,0.43902439024390244,14778,0.013910981156421087,2.7146733391007176,14778,0.016921211526326307,3.106420435558674
2019,5,trade-count climax at a new 1h high,3311,0.0064320237466198365,0.43612201751736634,0.5046234420165978,-0.06894487960203954,0.011924777690655896,-5.781649049614055,7.397189971669604e-09,0.015521064301552107,3311,-0.06894487960203954,-5.781649049614055,3311,-0.07281451648281301,-5.625217077627979
2019,5,trade-count climax at a new 1h low,3679,0.007146908898766046,0.5922805110084262,0.5046234420165978,0.08828805568264142,0.00932979701987299,9.463019987957178,0.0,0.0022172949002217295,3679,0.08828805568264142,9.463019987957178,3679,0.10014253317012856,10.431007562817856
2019,5,trade-count climax with no new 1h high or low,7799,0.015150514406489913,0.5177586870111552,0.5046234420165978,0.013337312134190427,0.006122248998483938,2.1784988061565556,0.029368921017307148,0.8425720620842572,7799,0.013337312134190427,2.1784988061565556,7799,0.015112790433469137,2.2803945856392165
2019,10,net taker buying in each of the last 3 minutes,111742,0.21707465377270704,0.4890014497682161,0.5056365745012753,-0.02124739582543783,0.0024980216792473953,-8.505689122697788,0.0,0.0022172949002217295,111742,-0.02124739582543783,-8.505689122697788,111733,-0.02393393139795086,-9.549769670072251
2019,10,net taker selling in each of the last 3 minutes,50042,0.097213669203109,0.5307541665001398,0.5056365745012753,0.027822299853270005,0.0033587206175946234,8.283600519651195,2.220446049250313e-16,0.0022172949002217295,50042,0.027822299853270005,8.283600519651195,50037,0.02896047723942985,8.606561926358014
2019,10,net taker buying in each of the last 5 minutes,44497,0.08644172172436636,0.4814481875182597,0.5056365745012753,-0.02647711433218236,0.004010623055460057,-6.601745904825549,4.0634384745885654e-11,0.0066518847006651885,44497,-0.02647711433218236,-6.601745904825549,44496,-0.029650723403735535,-7.286285730939232
2019,10,net taker selling in each of the last 5 minutes,13352,0.025938150177848836,0.5373726782504493,0.5056365745012753,0.03258119980262908,0.006479175956439684,5.028602405873307,4.940676323617055e-07,0.03325942350332594,13352,0.03258119980262908,5.028602405873307,13349,0.035370935285941374,5.355876609625082
2019,10,trade-count climax,14778,0.028708357049749108,0.5259169035052105,0.5056365745012753,0.020879752390677075,0.00602094874612644,3.467850877174466,0.0005246383344441607,0.13303769401330376,14778,0.020879752390677075,3.467850877174466,14778,0.01720121363258753,2.903508306499447
2019,10,trade-count climax at a new 1h high,3311,0.006432086222203227,0.4364240410752039,0.5056365745012753,-0.06966059638833128,0.011776485434055196,-5.915228000612732,3.314161611811528e-09,0.013303769401330377,3311,-0.06966059638833128,-5.915228000612732,3311,-0.07181168320146003,-6.127136971862072
2019,10,trade-count climax at a new 1h low,3679,0.007146978318177491,0.6039684696928513,0.5056365745012753,0.09903972999448474,0.009389927686501582,10.547443313845594,0.0,0.0022172949002217295,3679,0.09903972999448474,10.547443313845594,3679,0.10008143473659481,10.696369352717866
2019,10,trade-count climax with no new 1h high or low,7799,0.01515066156658501,0.5269906398256187,0.5056365745012753,0.02168257061360357,0.007667052340760753,2.828019119985836,0.004683700908481692,0.35920177383592017,7799,0.02168257061360357,2.828019119985836,7799,0.015233519102969217,1.9443236797256829
2019,15,net taker buying in each of the last 3 minutes,111739,0.21707093430310942,0.49254065277119,0.5070363160941647,-0.018514657276227087,0.0027028463184245225,-6.850059195011576,7.381872890732666e-12,0.0066518847006651885,111739,-0.018514657276227087,-6.850059195011576,111724,-0.022599167168386836,-8.597751715716154
2019,15,net taker selling in each of the last 3 minutes,50042,0.09721461346885332,0.5270972383198114,0.5070363160941647,0.022221141951276557,0.0035860375065142214,6.196572654611312,5.770590671971831e-10,0.0066518847006651885,50042,0.022221141951276557,6.196572654611312,50036,0.027505308854378407,7.71807149140952
2019,15,net taker buying in each of the last 5 minutes,44494,0.08643673337762599,0.4869645345439835,0.5070363160941647,-0.021970871951091597,0.0042672639522674674,-5.148702352807841,2.622947190555891e-07,0.028824833702882482,44494,-0.021970871951091597,-5.148702352807841,44490,-0.026874198769226643,-6.286445767332641
2019,15,net taker selling in each of the last 5 minutes,13352,0.02593840212293932,0.5294337926902337,0.5070363160941647,0.022993901663799998,0.007040390084201216,3.265998245665222,0.001090789251901647,0.164079822616408,13352,0.022993901663799998,3.265998245665222,13349,0.031447806909738585,4.4914296022817926
2019,15,trade-count climax,14778,0.028708635902696025,0.5274056029232643,0.5070363160941647,0.020971345552969534,0.006813243267998086,3.0780268262946495,0.0020837615599687,0.22172949002217296,14778,0.020971345552969534,3.0780268262946495,14772,0.02357989981635189,3.7054742410202253
2019,15,trade-count climax at a new 1h high,3311,0.006432148699000307,0.4569616430081546,0.5070363160941647,-0.05039884595746641,0.0122668796968658,-4.108530221450151,3.981851054746244e-05,0.07317073170731707,3311,-0.05039884595746641,-4.108530221450151,3311,-0.051057069929255516,-3.9186840909747884
2019,15,trade-count climax at a new 1h low,3679,0.00714704773893752,0.5930959499864094,0.5070363160941647,0.08667913379947934,0.01048278739484485,8.26871046169512,2.220446049250313e-16,0.0022172949002217295,3679,0.08667913379947934,8.26871046169512,3678,0.08706522398967587,8.389087386879876
2019,15,trade-count climax with no new 1h high or low,7799,0.01515080872953893,0.5262213104244133,0.5070363160941647,0.01948013411627003,0.00858253237410195,2.2697419907266445,0.02322324206239479,0.7671840354767184,7799,0.01948013411627003,2.2697419907266445,7794,0.024592452405161502,3.1264309163356336
2019,30,net taker buying in each of the last 3 minutes,111732,0.21706366089485432,0.4948358572297999,0.5083896235597182,-0.01731145388577765,0.0028698924812143273,-6.032091445618449,1.6185113249633787e-09,0.011086474501108648,111732,-0.01731145388577765,-6.032091445618449,111689,-0.019402697531877122,-6.690845164286452
2019,30,net taker selling in each of the last 3 minutes,50038,0.09720967550797194,0.5234221991286622,0.5083896235597182,0.016651236905316225,0.003645151344504249,4.568050906972928,4.922804861529073e-06,0.04212860310421286,50038,0.016651236905316225,4.568050906972928,50018,0.019739643500123805,5.200652465588312
2019,30,net taker buying in each of the last 5 minutes,44489,0.08642953862412893,0.49248128750927195,0.5083896235597182,-0.01741336516779196,0.004504721740906686,-3.865580643897239,0.00011082522127070504,0.08425720620842572,44489,-0.01741336516779196,-3.865580643897239,44473,-0.01965962582685027,-4.1949378046529455
2019,30,net taker selling in each of the last 5 minutes,13350,0.02593527255348786,0.530187265917603,0.5083896235597182,0.022378022469848435,0.007185819763149495,3.1141920069590365,0.0018444941518589442,0.21507760532150777,13350,0.022378022469848435,3.1141920069590365,13335,0.025227385781215084,3.3427461346436096
2019,30,trade-count climax,14778,0.028709472494040714,0.5278116118554608,0.5083896235597182,0.019996064767164645,0.008320884991347725,2.40311755155336,0.016255960941028436,0.6762749445676275,14778,0.019996064767164645,2.40311755155336,14760,0.020959806100172118,2.579898700297811
2019,30,trade-count climax at a new 1h high,3311,0.006432336136674029,0.44155844155844154,0.5083896235597182,-0.06726384566644855,0.012727156779491017,-5.285064593125768,1.256604105215331e-07,0.026607538802660754,3311,-0.06726384566644855,-5.285064593125768,3311,-0.0717393373087139,-5.415992003928702
2019,30,trade-count climax at a new 1h low,3679,0.0071472560093095005,0.5887469421038326,0.5083896235597182,0.08093578733652362,0.010621525077501982,7.6199779924220135,2.531308496145357e-14,0.0022172949002217295,3679,0.08093578733652362,7.6199779924220135,3671,0.08746476298295514,8.29093937102927
2019,30,trade-count climax with no new 1h high or low,7799,0.015151250235554442,0.5353250416720092,0.5083896235597182,0.027349801803305818,0.011447285306488924,2.3891954355153975,0.016885317464189198,0.6829268292682927,7799,0.027349801803305818,2.3891954355153975,7789,0.028040589542636774,2.5973268016528386
2020,1,large-trade burst,2374,0.004620510864234054,0.5075821398483572,0.5016251586232668,0.005984633288217078,0.009393396435656969,0.6371106903887972,0.5240527456268309,1.0,2374,0.005984633288217078,0.6371106903887972,2374,-0.007434503304108275,-0.871594377419416
2020,1,large-trade burst with net large buying,1141,0.0022207257355059207,0.5144609991235758,0.5016251586232668,0.012864408824056595,0.013669336162511177,0.9411143797412682,0.3466462472485712,1.0,1141,0.012864408824056595,0.9411143797412682,1141,0.008526956793647011,0.6724218407639412
2020,1,large-trade burst with net large selling,1233,0.0023997851287281334,0.5012165450121655,0.5016251586232668,-0.0004095965548223113,0.013136050118287,-0.031181104756299798,0.9751251088071209,1.0,1233,-0.0004095965548223113,-0.031181104756299798,1233,-0.022174552775654333,-1.765351952003985
2020,1,net taker buying in each of the last 3 minutes,66466,0.12936262641203902,0.49872115066349715,0.5016251586232668,-0.003335496554440376,0.002252844560437477,-1.4805711024255752,0.1387209006163761,1.0,66466,-0.003335496554440376,-1.4805711024255752,66464,0.0012631950775899292,0.5624289710806641
2020,1,net taker selling in each of the last 3 minutes,95741,0.18634049311399856,0.5080059744519068,0.5016251586232668,0.00784212041356247,0.001973190660002297,3.9743348539635504,7.057621211004061e-05,0.07982261640798226,95741,0.00784212041356247,3.9743348539635504,95739,0.006314950113767981,3.1406160130555105
2020,1,net taker buying in each of the last 5 minutes,20270,0.039451455441459254,0.49822397631968424,0.5016251586232668,-0.0035408749748777057,0.003777358298834947,-0.9373945214489767,0.3485556580089533,1.0,20270,-0.0035408749748777057,-0.9373945214489767,20270,0.0012680323750023925,0.32999811443078214
2020,1,net taker selling in each of the last 5 minutes,36007,0.07008034317121971,0.5117616019107396,0.5016251586232668,0.01090034307054022,0.0028359912522279104,3.8435742924020238,0.00012125526975026446,0.08425720620842572,36007,0.01090034307054022,3.8435742924020238,36006,0.01035023187547468,3.6859195372814346
2020,1,trade-count climax,32773,0.06378601623990844,0.520062246361334,0.5016251586232668,0.01969324113705162,0.003199544511779453,6.15501396043997,7.50708828434199e-10,0.0066518847006651885,32773,0.01969324113705162,6.15501396043997,32773,0.0207110280425285,6.726966006640873
2020,1,trade-count climax at a new 1h high,6440,0.01253415752555489,0.4771739130434783,0.5016251586232668,-0.02476161151915629,0.006797044691623461,-3.642996720276386,0.0002694822731426072,0.10199556541019955,6440,-0.02476161151915629,-3.642996720276386,6440,-0.031894827730273245,-4.839910004036217
2020,1,trade-count climax at a new 1h low,5846,0.011378056660620169,0.5778309955525145,0.5016251586232668,0.07708289042405692,0.007119714351016281,10.826683013350664,0.0,0.0022172949002217295,5846,0.07708289042405692,10.826683013350664,5846,0.0808141776105969,10.754942051513744
2020,1,trade-count climax with no new 1h high or low,20491,0.03988158724474305,0.5170562686057294,0.5016251586232668,0.016072090460362953,0.003862862164643476,4.160668896620165,3.1731684738911525e-05,0.06873614190687362,20491,0.016072090460362953,4.160668896620165,20491,0.01892010408491135,5.5008128170359045
2020,3,large-trade burst,2374,0.004620528850083886,0.5240101095197978,0.503914020015804,0.02018937509408114,0.011126621258567006,1.8145108586792433,0.06959911251336703,0.9689578713968958,2374,0.02018937509408114,1.8145108586792433,2373,0.022047591338350436,2.11449324305157
2020,3,large-trade burst with net large buying,1141,0.0022207343799265852,0.5319894829097284,0.503914020015804,0.028137949806440132,0.015373860603025565,1.8302461907910499,0.0672131336006001,0.9689578713968958,1141,0.028137949806440132,1.8302461907910499,1141,0.024533857309527618,1.5895759989382414
2020,3,large-trade burst with net large selling,1233,0.0023997944701573005,0.5166261151662611,0.503914020015804,0.012742674951340405,0.01452657782000576,0.8771973075304361,0.3803794782707337,1.0,1233,0.012742674951340405,0.8771973075304361,1232,0.01964639330106943,1.2460236856640647
2020,3,net taker buying in each of the last 3 minutes,66466,0.12936312997037724,0.4916498660969518,0.503914020015804,-0.01408641689897061,0.002855898357250518,-4.932394342119423,8.122771955054731e-07,0.03547671840354767,66466,-0.01408641689897061,-4.932394342119423,66461,-0.01129195564192903,-4.244083669670903
2020,3,net taker selling in each of the last 3 minutes,95740,0.1863392721596593,0.520524336745352,0.503914020015804,0.020414303113333254,0.0024369950174892158,8.376834161263767,0.0,0.0022172949002217295,95740,0.020414303113333254,8.376834161263767,95734,0.019353669621185565,8.560622330872196
2020,3,net taker buying in each of the last 5 minutes,20270,0.039451609010615146,0.48865318204242725,0.503914020015804,-0.01588763056243092,0.004819943375666644,-3.296227636747602,0.0009799257961440322,0.15077605321507762,20270,-0.01588763056243092,-3.296227636747602,20269,-0.014787431563751008,-3.424181756198387
2020,3,net taker selling in each of the last 5 minutes,36007,0.07008061596671039,0.5310078595828589,0.503914020015804,0.029135686417829265,0.003695637160023571,7.883806000490437,3.1086244689504383e-15,0.0022172949002217295,36007,0.029135686417829265,7.883806000490437,36004,0.026504136759363472,7.536620291655202
2020,3,trade-count climax,32773,0.06378626453403505,0.5234186678058158,0.503914020015804,0.020833541584715287,0.004042839947471952,5.153194748098502,2.56085772587511e-07,0.028824833702882482,32773,0.020833541584715287,5.153194748098502,32773,0.020956230130568798,5.570692319619689
2020,3,trade-count climax at a new 1h high,6440,0.012534206316150053,0.45854037267080744,0.503914020015804,-0.045949588973330624,0.008314137844524706,-5.52668115835857,3.263452619250984e-08,0.019955654101995565,6440,-0.045949588973330624,-5.52668115835857,6440,-0.04955665508456347,-6.11899399249342
2020,3,trade-count climax at a new 1h low,5846,0.011378100950964783,0.6079370509750257,0.503914020015804,0.10522023744293185,0.00845031325632156,12.451637501629667,0.0,0.0022172949002217295,5846,0.10522023744293185,12.451637501629667,5846,0.10688055050846756,13.32244442828848
2020,3,trade-count climax with no new 1h high or low,20491,0.03988174248823458,0.5196915719096189,0.503914020015804,0.016432925600960768,0.004724272433836206,3.478403464471014,0.00050441008421509,0.13082039911308205,20491,0.016432925600960768,3.478403464471014,20491,0.017302496610571705,4.070997191449555
2020,5,large-trade burst,2374,0.004620546836073742,0.506318449873631,0.5058584018435476,0.0004621835709196498,0.011487902782117415,0.04023219726746865,0.9679080086949277,1.0,2374,0.0004621835709196498,0.04023219726746865,2373,0.002325301104805777,0.20749657309428923
2020,5,large-trade burst with net large buying,1141,0.0022207430244145492,0.5127081507449606,0.5058584018435476,0.006864994289594195,0.015451363610061945,0.4442969865212222,0.6568278796709497,1.0,1141,0.006864994289594195,0.4442969865212222,1141,0.009877883603681692,0.6334338849334017
2020,5,large-trade burst with net large selling,1233,0.002399803811659193,0.5004055150040552,0.5058584018435476,-0.005466004177151262,0.016303470045777736,-0.33526630599519797,0.7374242082624627,1.0,1233,-0.005466004177151262,-0.33526630599519797,1232,-0.004681016050084752,-0.2831811922493687
2020,5,net taker buying in each of the last 3 minutes,66466,0.12936363353263577,0.4918153642463816,0.5058584018435476,-0.01612962441960253,0.0029071589945237684,-5.548242958154677,2.8855471345679007e-08,0.019955654101995565,66466,-0.01612962441960253,-5.548242958154677,66460,-0.019171384138101544,-6.5520295701394105
2020,5,net taker selling in each of the last 3 minutes,95740,0.1863399975087195,0.5266033006058074,0.5058584018435476,0.025495782880739726,0.002518759071149892,10.122358733223383,0.0,0.0022172949002217295,95740,0.025495782880739726,10.122358733223383,95732,0.027438371151069618,11.045063653091077
2020,5,net taker buying in each of the last 5 minutes,20270,0.039451762580966616,0.48628515046867293,0.5058584018435476,-0.020377166510104128,0.005083887184933431,-4.008186210444194,6.1186868400398e-05,0.07538802660753881,20270,-0.020377166510104128,-4.008186210444194,20269,-0.025147499452724542,-5.044416209369644
2020,5,net taker selling in each of the last 5 minutes,36007,0.07008088876432486,0.5345071791596079,0.5058584018435476,0.030807816475555416,0.004184581563898641,7.362221528035591,1.8096635301390052e-13,0.004434589800443459,36007,0.030807816475555416,7.362221528035591,36004,0.033650562654302774,8.198709907615482
2020,5,trade-count climax,32773,0.06378651283009466,0.5280261190614225,0.5058584018435476,0.023678057966122767,0.004257837294257265,5.561052790358716,2.681520605563037e-08,0.019955654101995565,32773,0.023678057966122767,5.561052790358716,32773,0.02391789937095745,5.58621038223546
2020,5,trade-count climax at a new 1h high,6440,0.012534255107125062,0.45372670807453414,0.5058584018435476,-0.05279341996280479,0.007996472974837717,-6.602088211756408,4.054068192260729e-11,0.0066518847006651885,6440,-0.05279341996280479,-6.602088211756408,6440,-0.06452010127129065,-7.459909043504778
2020,5,trade-count climax at a new 1h low,5846,0.01137814524165421,0.6192268217584673,0.5058584018435476,0.11467318810449623,0.008035592241468673,14.270657925213152,0.0,0.0022172949002217295,5846,0.11467318810449623,14.270657925213152,5846,0.12387893962376884,15.762636784525696
2020,5,trade-count climax with no new 1h high or low,20491,0.039881897732934726,0.5253037919086428,0.5058584018435476,0.020253123047237698,0.00506560747671675,3.9981627357287195,6.383605780424517e-05,0.07538802660753881,20491,0.020253123047237698,3.9981627357287195,20491,0.021764051841933196,4.252840851453997
2020,10,large-trade burst,2374,0.004620591801661,0.5096882898062342,0.5080393236886103,0.0016566206855821441,0.01036858583986153,0.15977305981432352,0.8730598465794437,1.0,2374,0.0016566206855821441,0.15977305981432352,2373,0.01163553391336114,1.1204122241197545
2020,10,large-trade burst with net large buying,1141,0.0022207646359288964,0.49780893952673094,0.5080393236886103,-0.010253154003697473,0.01447413471611517,-0.7083776823136686,0.47871074792571644,1.0,1141,-0.010253154003697473,-0.7083776823136686,1141,-0.005835567484525739,-0.4200044666735718
2020,10,large-trade burst with net large selling,1233,0.002399827165732103,0.5206812652068127,0.5080393236886103,0.012672352975125922,0.01451699568464964,0.8729321996372669,0.3827000342107234,1.0,1233,0.012672352975125922,0.8729321996372669,1232,0.02776721544637817,1.8536975511993339
2020,10,net taker buying in each of the last 3 minutes,66466,0.12936489245543387,0.4929588060060783,0.5080393236886103,-0.017321283683428834,0.0029755474162145175,-5.82120909552331,5.842342387651911e-09,0.015521064301552107,66466,-0.017321283683428834,-5.82120909552331,66452,-0.01891822242062735,-6.373983968261589
2020,10,net taker selling in each of the last 3 minutes,95740,0.18634181090607588,0.524744098600376,0.5080393236886103,0.020530457550446135,0.002647126535705614,7.7557522368206575,8.881784197001252e-15,0.0022172949002217295,95740,0.020530457550446135,7.7557522368206575,95725,0.02187012913848041,8.593592345456848
2020,10,net taker buying in each of the last 5 minutes,20270,0.039452146512076014,0.49166255550074,0.5080393236886103,-0.017049403763074622,0.005301457850577725,-3.215984026208313,0.0012999806781832657,0.18181818181818182,20270,-0.017049403763074622,-3.215984026208313,20267,-0.018847575412567708,-3.628247770867353
2020,10,net taker selling in each of the last 5 minutes,36007,0.07008157076765274,0.5296470130807899,0.5080393236886103,0.023236112666373154,0.004700951210869368,4.942853397977724,7.698737669592504e-07,0.03547671840354767,36007,0.023236112666373154,4.942853397977724,36002,0.024477958161876257,5.393477500280094
2020,10,trade-count climax,32773,0.0637871335787009,0.5308027949836756,0.5080393236886103,0.024314418345989353,0.004497546985646591,5.4061510471343714,6.439349831133256e-08,0.022172949002217297,32773,0.024314418345989353,5.4061510471343714,32773,0.02639546873369536,5.721430769512021
2020,10,trade-count climax at a new 1h high,6440,0.012534377086224447,0.4531055900621118,0.5080393236886103,-0.05563103398415237,0.008494738282575026,-6.548881452683063,5.7969629096987774e-11,0.0066518847006651885,6440,-0.05563103398415237,-6.548881452683063,6440,-0.06252423195352752,-7.423335107815388
2020,10,trade-count climax at a new 1h low,5846,0.011378255969886354,0.6267533356140951,0.5080393236886103,0.12008031650360784,0.008762022669910788,13.70463430960633,0.0,0.0022172949002217295,5846,0.12008031650360784,13.70463430960633,5846,0.12841180454530754,14.833945255619613
2020,10,trade-count climax with no new 1h high or low,20491,0.039882285849972846,0.5278414913864623,0.5080393236886103,0.020624729036879064,0.005747144227744393,3.5886917431640204,0.00033234151909145027,0.1130820399113082,20491,0.020624729036879064,3.5886917431640204,20491,0.023650564147171926,4.151615720901172
2020,15,large-trade burst,2374,0.004620636768123445,0.5176916596461668,0.5092665760964767,0.008464193513450846,0.010742827934615898,0.7878924958089704,0.4307595909577264,1.0,2374,0.008464193513450846,0.7878924958089704,2373,0.0033511386238762597,0.2974585558211437
2020,15,large-trade burst with net large buying,1141,0.00222078624786388,0.49868536371603855,0.5092665760964767,-0.010604763292920927,0.015236815991309237,-0.6959960203607934,0.4864313220162497,1.0,1141,-0.010604763292920927,-0.6959960203607934,1141,-0.013947180117966751,-0.8717142259610529
2020,15,large-trade burst with net large selling,1233,0.0023998505202595653,0.5352798053527981,0.5092665760964767,0.026075807296026876,0.01433333185062881,1.8192425576808868,0.06887443269930804,0.9689578713968958,1233,0.026075807296026876,1.8192425576808868,1232,0.019359661548112972,1.3180847898741463
2020,15,net taker buying in each of the last 3 minutes,66464,0.1293622587011612,0.4955765527202696,0.5092665760964767,-0.01572413269815759,0.0030131713650252715,-5.218466125316344,1.8041096550014402e-07,0.026607538802660754,66464,-0.01572413269815759,-5.218466125316344,66446,-0.015356585922241928,-5.320784922741773
2020,15,net taker selling in each of the last 3 minutes,95739,0.1863416779879404,0.5237364083602294,0.5092665760964767,0.017783671440821602,0.0028531192858578824,6.233062714542048,4.574030043613675e-10,0.0066518847006651885,95739,0.017783671440821602,6.233062714542048,95715,0.016293118555665065,5.652201433227557
2020,15,net taker buying in each of the last 5 minutes,20270,0.03945253045065806,0.49057720769610264,0.5092665760964767,-0.019456996132781013,0.005674688891604732,-3.428733540188635,0.0006064045646547722,0.13303769401330376,20270,-0.019456996132781013,-3.428733540188635,20266,-0.018613454405308982,-3.4086362666411247
2020,15,net taker selling in each of the last 5 minutes,36006,0.0700803064334679,0.5240515469643948,0.5092665760964767,0.015899191048651895,0.004988650673316091,3.1870724349763444,0.0014372077669397854,0.1973392461197339,36006,0.015899191048651895,3.1870724349763444,35996,0.015611959478601278,3.0120328493505046
2020,15,trade-count climax,32772,0.06378580798860217,0.5334126693518858,0.5092665760964767,0.025791206180642012,0.0052692784076076825,4.894637213210288,9.848724105143702e-07,0.03547671840354767,32772,0.025791206180642012,4.894637213210288,32772,0.022812475216393846,4.316705453439722
2020,15,trade-count climax at a new 1h high,6440,0.012534499067697973,0.45046583850931676,0.5092665760964767,-0.059547131045736834,0.008781803026055943,-6.78074091038688,1.1956213796793236e-11,0.0066518847006651885,6440,-0.059547131045736834,-6.78074091038688,6440,-0.06692251454826886,-7.263282012021481
2020,15,trade-count climax at a new 1h low,5845,0.011376420349486747,0.6217279726261762,0.5092665760964767,0.11375552722448268,0.010648411642542563,10.682863420682038,0.0,0.0022172949002217295,5845,0.11375552722448268,10.682863420682038,5845,0.11479384387139324,11.389238855369248
2020,15,trade-count climax with no new 1h high or low,20491,0.03988267397456509,0.5342833439070812,0.5092665760964767,0.02605594871843997,0.006475644293625529,4.023684368223997,5.72946924999318e-05,0.07317073170731707,20491,0.02605594871843997,4.023684368223997,20491,0.023489248838430843,3.653248252543371
2020,30,large-trade burst,2374,0.004620771672762166,0.5067396798652064,0.5115529023857118,-0.004835566569531657,0.01150275884464551,-0.4203831997905959,0.6742055390699089,1.0,2374,-0.004835566569531657,-0.4203831997905959,2373,-0.009193962178934867,-0.7735799088363091
2020,30,large-trade burst with net large buying,1141,0.0022208510861927684,0.49517966695880805,0.5115529023857118,-0.016409678880068668,0.01755211321489009,-0.9349118638402895,0.34983372250154776,1.0,1141,-0.016409678880068668,-0.9349118638402895,1141,-0.018082577083827267,-1.01276532757734
2020,30,large-trade burst with net large selling,1233,0.0023999205865693984,0.5174371451743714,0.5115529023857118,0.005898398476591349,0.014362415656543916,0.41068289747650316,0.681305069163398,1.0,1233,0.005898398476591349,0.41068289747650316,1232,-0.0009194744122458243,-0.06428547652406336
2020,30,net taker buying in each of the last 3 minutes,66464,0.12936603557643836,0.49140888300433316,0.5115529023857118,-0.02313718532071718,0.003341496132574576,-6.9241993414759095,4.384492768849668e-12,0.0066518847006651885,66464,-0.02313718532071718,-6.9241993414759095,66437,-0.023832063792115943,-7.039031648261128
2020,30,net taker selling in each of the last 3 minutes,95733,0.1863354399951729,0.531687088046964,0.5115529023857118,0.024745068976744777,0.003171845972238307,7.801472452737888,6.217248937900877e-15,0.0022172949002217295,95733,0.024745068976744777,7.801472452737888,95692,0.025141208324945263,7.838764582247691
2020,30,net taker buying in each of the last 5 minutes,20270,0.03945368231124226,0.48006906758756784,0.5115529023857118,-0.03277700847773757,0.006263028218754455,-5.233412230139372,1.664090427677678e-07,0.026607538802660754,20270,-0.03277700847773757,-5.233412230139372,20264,-0.03213118042609586,-5.015914590382182
2020,30,net taker selling in each of the last 5 minutes,36002,0.07007456687564596,0.5360257763457585,0.5115529023857118,0.026317028321102054,0.0055201060731391435,4.767485981684448,1.865389701150022e-06,0.03547671840354767,36002,0.026317028321102054,4.767485981684448,35988,0.024778866043705716,4.473038566913312
2020,30,trade-count climax,32770,0.06378377747111044,0.5375953616112298,0.5115529023857118,0.027816714343159465,0.006771404653540864,4.1079681050539065,3.9915520878786026e-05,0.07317073170731707,32770,0.027816714343159465,4.1079681050539065,32768,0.02872434968919224,4.192741176839748
2020,30,trade-count climax at a new 1h high,6440,0.01253486502636409,0.4489130434782609,0.5115529023857118,-0.06343500817284387,0.009926496601526011,-6.390472965365437,1.6537349267764512e-10,0.0066518847006651885,6440,-0.06343500817284387,-6.390472965365437,6440,-0.07042699390531049,-7.196399217777145
2020,30,trade-count climax at a new 1h low,5843,0.011372859681528786,0.6328940612698956,0.5115529023857118,0.12273702990299817,0.010561489646785218,11.621185458469654,0.0,0.0022172949002217295,5843,0.12273702990299817,11.621185458469654,5843,0.12611158012865176,11.948236163984854
2020,30,trade-count climax with no new 1h high or low,20491,0.03988383839366873,0.5382851007759504,0.5115529023857118,0.027842670980055217,0.007606717071665314,3.6602742967485855,0.00025194539658013326,0.10199556541019955,20491,0.027842670980055217,3.6602742967485855,20489,0.030526789825050638,3.8761217359922315
2021,1,large-trade burst,2172,0.004212461671835272,0.4903314917127072,0.4979606798121847,-0.007661461713295015,0.010766786497602331,-0.7115829514220566,0.4767230672649476,1.0,2172,-0.007661461713295015,-0.7115829514220566,2172,0.0002380299134625563,0.022383360408223047
2021,1,large-trade burst with net large buying,1055,0.002046108224579287,0.4928909952606635,0.4979606798121847,-0.005080078942827637,0.014942140231455434,-0.3399833533976152,0.7338690640922518,1.0,1055,-0.005080078942827637,-0.3399833533976152,1055,0.017565005241210407,1.0755420400896967
2021,1,large-trade burst with net large selling,1117,0.0021663534472559846,0.4879140555058192,0.4979606798121847,-0.010068436097614097,0.01522532878339172,-0.6612951510509956,0.508423050514951,1.0,1117,-0.010068436097614097,-0.6612951510509956,1117,-0.01613014625693726,-1.028651847014838
2021,1,net taker buying in each of the last 3 minutes,66170,0.12833268362124306,0.48766812755024935,0.4979606798121847,-0.011807890543257482,0.0020035157818760847,-5.893584991978759,3.779055735009251e-09,0.013303769401330377,66170,-0.011807890543257482,-5.893584991978759,66168,-0.0013690924259868176,-0.607986122119233
2021,1,net taker selling in each of the last 3 minutes,86993,0.16871762348893454,0.5098916004736013,0.4979606798121847,0.014352428246453663,0.0017444670183091734,8.22740017198191,2.220446049250313e-16,0.0022172949002217295,86993,0.014352428246453663,8.22740017198191,86992,0.001736179710308594,0.9614202927917815
2021,1,net taker buying in each of the last 5 minutes,20290,0.03935121884048695,0.4862493839329719,0.4979606798121847,-0.012191027677229904,0.003540550741004824,-3.443257439030527,0.0005747519141994228,0.13303769401330376,20290,-0.012191027677229904,-3.443257439030527,20289,-0.003363179670891725,-0.9305901446544745
2021,1,net taker selling in each of the last 5 minutes,30455,0.059065617042239046,0.5183056969298966,0.4979606798121847,0.02162214229408721,0.0028258391668226183,7.651582775108609,1.9761969838327786e-14,0.0022172949002217295,30455,0.02162214229408721,7.651582775108609,30454,0.00958296794969321,3.207716334147577
2021,1,trade-count climax,24350,0.047225341486735205,0.5108418891170431,0.4979606798121847,0.013519680849780946,0.003933877289271977,3.4367317167340943,0.0005887784849969435,0.13303769401330376,24350,0.013519680849780946,3.4367317167340943,24350,0.013688319579803265,3.1058437167111994
2021,1,trade-count climax at a new 1h high,5445,0.010560245765719638,0.4778696051423324,0.4979606798121847,-0.020305505801513524,0.0069781325090524935,-2.9098767865430877,0.0036157126818670005,0.30155210643015523,5445,-0.020305505801513524,-2.9098767865430877,5445,0.0009122841999325004,0.12885000029902102
2021,1,trade-count climax at a new 1h low,6506,0.01261799062475151,0.5556409468183215,0.4979606798121847,0.05841737692044152,0.0069782442317405146,8.37135746191432,0.0,0.0022172949002217295,6506,0.05841737692044152,8.37135746191432,6506,0.03945570258639308,4.788384242316876
2021,1,trade-count climax with no new 1h high or low,12402,0.02405292341349035,0.5017739074342847,0.4979606798121847,0.003907207382020383,0.005021899416749271,0.7780337792088955,0.43654909969223943,1.0,12402,0.003907207382020383,0.7780337792088955,12402,0.004933936543011941,0.9836522200593931
2021,3,large-trade burst,2172,0.004212478011524192,0.4940147329650092,0.4979044279505286,-0.00390614955462798,0.011844642413114736,-0.329781973857056,0.7415647088925801,1.0,2172,-0.00390614955462798,-0.329781973857056,2172,-0.0015767535773554275,-0.12545851798961127
2021,3,large-trade burst with net large buying,1055,0.0020461161612145592,0.4843601895734597,0.4979044279505286,-0.013572008282555947,0.015618837563407779,-0.8689512409267129,0.38487380080410283,1.0,1055,-0.013572008282555947,-0.8689512409267129,1055,-0.005467468128890929,-0.35906448259158014
2021,3,large-trade burst with net large selling,1117,0.0021663618503096325,0.5031333930170099,0.4979044279505286,0.005240317490375956,0.017301412044369642,0.3028838037575841,0.7619784146874304,1.0,1117,0.005240317490375956,0.3028838037575841,1117,0.0021049142893203587,0.1208646227126865
2021,3,net taker buying in each of the last 3 minutes,66169,0.12833124196341816,0.4840333086490653,0.4979044279505286,-0.01591329180216089,0.0025650967628681643,-6.203778365213574,5.512339473767724e-10,0.0066518847006651885,66169,-0.01591329180216089,-6.203778365213574,66163,-0.014186429928541744,-5.388341214679313
2021,3,net taker selling in each of the last 3 minutes,86993,0.16871827792657643,0.5111215844953042,0.4979044279505286,0.01589973193661559,0.0023302838683626134,6.823088016219939,8.910427951036581e-12,0.0066518847006651885,86993,0.01589973193661559,6.823088016219939,86990,0.0157206017517747,7.082184185450849
2021,3,net taker buying in each of the last 5 minutes,20290,0.039351371479661994,0.47654016757023165,0.4979044279505286,-0.022239411732886905,0.004630489580647107,-4.80282081312425,1.564458779856892e-06,0.03547671840354767,20290,-0.022239411732886905,-4.80282081312425,20287,-0.022473147070319888,-5.134516906711804
2021,3,net taker selling in each of the last 5 minutes,30455,0.05906584615145914,0.5195862748317189,0.4979044279505286,0.023042894970395966,0.003793224145389493,6.074751738149629,1.2417968875411134e-09,0.008869179600886918,30455,0.023042894970395966,6.074751738149629,30454,0.021334279151455637,6.23468313669942
2021,3,trade-count climax,24350,0.04722552466879101,0.5164271047227926,0.4979044279505286,0.019440777699072043,0.004145105866924098,4.690055772567805,2.7313059089983938e-06,0.037694013303769404,24350,0.019440777699072043,4.690055772567805,24350,0.013846815614652674,3.2445873363276907
2021,3,trade-count climax at a new 1h high,5445,0.010560286727785095,0.4628099173553719,0.4979044279505286,-0.03546907418855694,0.007923245068330264,-4.476584263476739,7.584674049931905e-06,0.04212860310421286,5445,-0.03546907418855694,-4.476584263476739,5445,-0.04408379177569033,-5.41187780053338
2021,3,trade-count climax at a new 1h low,6506,0.0126180395685895,0.574239163848755,0.4979044279505286,0.07731023956005223,0.006995360299031171,11.0516451269507,0.0,0.0022172949002217295,6506,0.07731023956005223,11.0516451269507,6506,0.0782629426933002,11.576925203674465
2021,3,trade-count climax with no new 1h high or low,12402,0.02405301671221134,0.5095952265763587,0.4979044279505286,0.011978927980745346,0.005066074974819605,2.3645382352778737,0.018052563785887488,0.6984478935698448,12402,0.011978927980745346,2.3645382352778737,12402,0.004585159392596794,0.8449234841863971
2021,5,large-trade burst,2172,0.004212494351339872,0.5,0.49699675529325515,0.0030159493764571055,0.012600663694617197,0.2393484541409887,0.8108353960631609,1.0,2172,0.0030159493764571055,0.2393484541409887,2172,0.002142887755539391,0.16935808252665555
2021,5,large-trade burst with net large buying,1055,0.002046124097911402,0.4881516587677725,0.49699675529325515,-0.008863231797649196,0.016367323999979803,-0.5415199086704786,0.5881492791255725,1.0,1055,-0.008863231797649196,-0.5415199086704786,1055,-0.004985348668595901,-0.3036387663894207
2021,5,large-trade burst with net large selling,1117,0.00216637025342847,0.5111906893464637,0.49699675529325515,0.014224750128749963,0.01761613376713966,0.8074842253573352,0.41938755920733994,1.0,1117,0.014224750128749963,0.8074842253573352,1117,0.008867486913463063,0.4805456547264685
2021,5,net taker buying in each of the last 3 minutes,66169,0.12833173974853038,0.47887983799059985,0.49699675529325515,-0.020784188353294764,0.0026253622062770046,-7.916693667487724,2.4424906541753444e-15,0.0022172949002217295,66169,-0.020784188353294764,-7.916693667487724,66161,-0.019790685628454707,-7.455460005332639
2021,5,net taker selling in each of the last 3 minutes,86993,0.16871893236929533,0.5138344464497143,0.49699675529325515,0.020255112033826905,0.002481432259688694,8.162669746369781,2.220446049250313e-16,0.0022172949002217295,86993,0.020255112033826905,8.162669746369781,86988,0.01842947837130704,7.680778857710205
2021,5,net taker buying in each of the last 5 minutes,20290,0.03935152412002118,0.4701823558403154,0.49699675529325515,-0.02791281111269872,0.0048762007868294365,-5.724294862527177,1.0386422166774878e-08,0.017738359201773836,20290,-0.02791281111269872,-5.724294862527177,20287,-0.02617991203943215,-5.280574905711768
2021,5,net taker selling in each of the last 5 minutes,30455,0.05906607526245663,0.5199802988015104,0.49699675529325515,0.024426309758855902,0.004341322353124759,5.626467645572217,1.839372676393225e-08,0.019955654101995565,30455,0.024426309758855902,5.626467645572217,30453,0.02277108241838416,5.330933042228858
2021,5,trade-count climax,24350,0.0472257078522679,0.5189733059548255,0.49699675529325515,0.02306585184202553,0.004612341983529446,5.000898008949269,5.706389549775537e-07,0.03547671840354767,24350,0.02306585184202553,5.000898008949269,24349,0.022175935551884463,4.971638831227887
2021,5,trade-count climax at a new 1h high,5445,0.010560327690168325,0.44885215794306704,0.49699675529325515,-0.048658446490017215,0.008491763438672716,-5.730075601072403,1.0038588404981397e-08,0.017738359201773836,5445,-0.048658446490017215,-5.730075601072403,5445,-0.05287830069522098,-6.410724787875917
2021,5,trade-count climax at a new 1h low,6506,0.012618088512807185,0.5840762373193975,0.49699675529325515,0.088192300277188,0.007264691929663643,12.139854123349085,0.0,0.0022172949002217295,6506,0.088192300277188,12.139854123349085,6505,0.08880404243737933,12.286567228656965
2021,5,trade-count climax with no new 1h high or low,12402,0.02405311001165612,0.5155620061280438,0.49699675529325515,0.01902280854136479,0.006133727980821432,3.1013453157434028,0.0019264349262622105,0.21729490022172948,12402,0.01902280854136479,3.1013453157434028,12402,0.018875670790185983,3.345955858346772
2021,10,large-trade burst,2172,0.004212535201433659,0.49171270718232046,0.4968056880862057,-0.00511452602480339,0.013470085499375437,-0.3796951418786862,0.7041717268053354,1.0,2172,-0.00511452602480339,-0.3796951418786862,2170,0.009748054804820827,0.7061160736793405
2021,10,large-trade burst with net large buying,1055,0.0020461439399228868,0.4843601895734597,0.4968056880862057,-0.012471016006572522,0.016246330777084504,-0.7676204662878664,0.44271269969553795,1.0,1055,-0.012471016006572522,-0.7676204662878664,1053,0.0061309360525938494,0.36148121281430534
2021,10,large-trade burst with net large selling,1117,0.002166391261510772,0.4986571172784244,0.4968056880862057,0.0018554488203292308,0.01864671697290344,0.09950538869793994,0.9207370095738789,1.0,1117,0.0018554488203292308,0.09950538869793994,1117,0.013118436613463624,0.7120340783598158
2021,10,net taker buying in each of the last 3 minutes,66169,0.12833298422820613,0.4797714942042346,0.4968056880862057,-0.019542088405041513,0.002889387248599448,-6.763402314630554,1.3478773652764175e-11,0.0066518847006651885,66169,-0.019542088405041513,-6.763402314630554,66158,-0.017447055913821674,-6.305001259027845
2021,10,net taker selling in each of the last 3 minutes,86993,0.1687205684983049,0.5138804271608061,0.4968056880862057,0.02054031223141789,0.002623832642150788,7.828362183413018,4.884981308350689e-15,0.0022172949002217295,86993,0.02054031223141789,7.828362183413018,86985,0.017765924854126702,6.709864098755479
2021,10,net taker buying in each of the last 5 minutes,20290,0.039351905726099874,0.46752094627895513,0.4968056880862057,-0.030484359446301956,0.005512385327575865,-5.530157569682779,3.199432696554538e-08,0.019955654101995565,20290,-0.030484359446301956,-5.530157569682779,20286,-0.030496717924955064,-5.8919884433793435
2021,10,net taker selling in each of the last 5 minutes,30455,0.05906664804772655,0.5169266130356264,0.4968056880862057,0.021384006537416567,0.004681582138369584,4.567687996362657,4.931333288382689e-06,0.04212860310421286,30455,0.021384006537416567,4.567687996362657,30453,0.017156607481213948,3.59915085654594
2021,10,trade-count climax,24350,0.04722616581717752,0.5298562628336756,0.4968056880862057,0.03468879345938042,0.005531270193014928,6.271397391359868,3.5782199425682393e-10,0.0066518847006651885,24350,0.03468879345938042,6.271397391359868,24349,0.03631844227984943,6.61010616896428
2021,10,trade-count climax at a new 1h high,5445,0.010560430097516699,0.44866850321395774,0.4968056880862057,-0.048650959933806026,0.008950233148913392,-5.435719843757648,5.457564844491003e-08,0.022172949002217297,5445,-0.048650959933806026,-5.435719843757648,5445,-0.052396184536975254,-5.756618995561166
2021,10,trade-count climax at a new 1h low,6506,0.012618210875012607,0.6000614817091915,0.4968056880862057,0.10457534740891927,0.008276071080173912,12.635868686463933,0.0,0.0022172949002217295,6506,0.10457534740891927,12.635868686463933,6505,0.11002471662355201,13.741613051320488
2021,10,trade-count climax with no new 1h high or low,12402,0.02405334326343473,0.5286244154168682,0.4968056880862057,0.03260293696487476,0.007698569043488707,4.234934671716643,2.286181592126013e-05,0.0598669623059867,12402,0.03260293696487476,4.234934671716643,12402,0.03458954469417469,4.4513248268610575
2021,15,large-trade burst,2172,0.004212576052319729,0.511049723756906,0.49937839289835706,0.011720705220677918,0.013272273325586361,0.8830970349354303,0.37718384605027255,1.0,2172,0.011720705220677918,0.8830970349354303,2170,0.008338720891585327,0.6054163120480247
2021,15,large-trade burst with net large buying,1055,0.0020461637823192052,0.5023696682464455,0.49937839289835706,0.0029974085368774106,0.01656557807878924,0.18094198238184803,0.856413115516117,1.0,1055,0.0029974085368774106,0.18094198238184803,1053,0.0038011149074737016,0.21541348597430263
2021,15,large-trade burst with net large selling,1117,0.0021664122700005236,0.5192479856759177,0.49937839289835706,0.019912731964417563,0.01946905253534713,1.0227889584387793,0.3064076397269422,1.0,1117,0.019912731964417563,1.0227889584387793,1117,0.01258272562466417,0.6744951412972587
2021,15,net taker buying in each of the last 3 minutes,66169,0.1283342287320185,0.48335323187595397,0.49937839289835706,-0.018384524838106098,0.0028809505632694642,-6.381409341936887,1.7546564201609272e-10,0.0066518847006651885,66169,-0.018384524838106098,-6.381409341936887,66153,-0.01899743357526057,-6.602354944549879
2021,15,net taker selling in each of the last 3 minutes,86993,0.16872220465904705,0.5143517294494959,0.49937839289835706,0.01801243415264986,0.002838888234234638,6.344890205762537,2.2258417331499913e-10,0.0066518847006651885,86993,0.01801243415264986,6.344890205762537,86980,0.018296044887508467,6.538199248305332
2021,15,net taker buying in each of the last 5 minutes,20290,0.03935228733957979,0.4700344997535732,0.49937839289835706,-0.030545945988377732,0.005384520620871986,-5.672918378281004,1.4038512796687996e-08,0.019955654101995565,20290,-0.030545945988377732,-5.672918378281004,20284,-0.029019997610203796,-5.296834902824267
2021,15,net taker selling in each of the last 5 minutes,30455,0.059067220844105595,0.5217534066655721,0.49937839289835706,0.023779609195130336,0.005137634996086737,4.62851277158516,3.6830115364150373e-06,0.037694013303769404,30455,0.023779609195130336,4.62851277158516,30453,0.0243178688945741,4.809806635348337
2021,15,trade-count climax,24350,0.04722662379096934,0.5358521560574949,0.49937839289835706,0.03828167754252593,0.005628335199927649,6.801598729055446,1.0346390411086759e-11,0.0066518847006651885,24350,0.03828167754252593,6.801598729055446,24349,0.039438865243824506,6.989380654299782
2021,15,trade-count climax at a new 1h high,5445,0.010560532506851255,0.45362718089990817,0.49937839289835706,-0.0462395260160427,0.009820867252080236,-4.708293557908375,2.497991799632615e-06,0.037694013303769404,5445,-0.0462395260160427,-4.708293557908375,5445,-0.04546533012776005,-4.889918408138952
2021,15,trade-count climax at a new 1h low,6506,0.012618333239591233,0.6002151859821703,0.49937839289835706,0.10212544599360235,0.009019213175836727,11.323099255177324,0.0,0.0022172949002217295,6506,0.10212544599360235,11.323099255177324,6505,0.10549033145870046,12.063014371621254
2021,15,trade-count climax with no new 1h high or low,12402,0.024053576519737236,0.5382196419932269,0.49937839289835706,0.03979854647795161,0.00813599096200124,4.891665522224501,9.99862565409515e-07,0.03547671840354767,12402,0.03979854647795161,4.891665522224501,12402,0.039890888037902306,4.775834110975202
2021,30,large-trade burst,2172,0.004212698609731877,0.511049723756906,0.5024341329443893,0.00865203924622071,0.013987931623004851,0.6185359979878213,0.5362220761228742,1.0,2172,0.00865203924622071,0.6185359979878213,2170,0.006846972930998785,0.4828785577368777
2021,30,large-trade burst with net large buying,1055,0.0020462233118172793,0.5165876777251185,0.5024341329443893,0.014182565476829279,0.016646198807026065,0.8520002458965629,0.39421395557590744,1.0,1055,0.014182565476829279,0.8520002458965629,1053,0.016614849239734997,0.9592019865654308
2021,30,large-trade burst with net large selling,1117,0.0021664752979145977,0.5058191584601611,0.5024341329443893,0.0033923750124376095,0.01962863785840557,0.17282783639440844,0.8627867560005982,1.0,1117,0.0033923750124376095,0.17282783639440844,1117,-0.002390428708034298,-0.12351367270347322
2021,30,net taker buying in each of the last 3 minutes,66165,0.1283302041956306,0.4789541298269478,0.5024341329443893,-0.02693680936342907,0.003293213834853459,-8.17948991904065,2.220446049250313e-16,0.0022172949002217295,66165,-0.02693680936342907,-8.17948991904065,66140,-0.02785988076146828,-8.723281856169962
2021,30,net taker selling in each of the last 3 minutes,86993,0.16872711333167825,0.5242950582230754,0.5024341329443893,0.026298133415974978,0.0032158406816919435,8.177685407642395,2.220446049250313e-16,0.0022172949002217295,86993,0.026298133415974978,8.177685407642395,86958,0.0255174138665884,7.991168853455519
2021,30,net taker buying in each of the last 5 minutes,20289,0.039351492676266135,0.4676425649366652,0.5024341329443893,-0.03621675122844853,0.005860629975377833,-6.179668632997709,6.423628295948447e-10,0.0066518847006651885,20289,-0.03621675122844853,-6.179668632997709,20280,-0.039077033576757736,-6.594002640736526
2021,30,net taker selling in each of the last 5 minutes,30455,0.059068939299900695,0.5294697094073223,0.5024341329443893,0.028732792010093933,0.005668429816407139,5.0689155446412215,4.0008869461871654e-07,0.031042128603104215,30455,0.028732792010093933,5.0689155446412215,30442,0.026428690931134202,4.699082473263154
2021,30,trade-count climax,24350,0.04722799776564052,0.5366735112936345,0.5024341329443893,0.03593659161787921,0.006613454202999486,5.433861113241008,5.514751078017355e-08,0.022172949002217297,24350,0.03593659161787921,5.433861113241008,24348,0.035599487205367875,5.425082244360405
2021,30,trade-count climax at a new 1h high,5445,0.010560839746772592,0.4449954086317723,0.5024341329443893,-0.05805180007016969,0.01015655416372178,-5.715698369189528,1.092543855385486e-08,0.017738359201773836,5445,-0.05805180007016969,-5.715698369189528,5444,-0.0604379676635588,-5.894635953352825
2021,30,trade-count climax at a new 1h low,6506,0.01261870034756703,0.6232708269289886,0.5024341329443893,0.12238098293651589,0.008580299854201055,14.26301936016795,0.0,0.0022172949002217295,6506,0.12238098293651589,14.26301936016795,6505,0.12049034269290138,13.8457125793449
2021,30,trade-count climax with no new 1h high or low,12402,0.024054276315789474,0.5314465408805031,0.5024341329443893,0.029727480977724374,0.009378794889746743,3.1696482679478994,0.0015262356802101529,0.19955654101995565,12402,0.029727480977724374,3.1696482679478994,12402,0.03114543524041058,3.2677358359471493
2022,1,large-trade burst,4876,0.009277016742770167,0.4969237079573421,0.4998477929984779,-0.0029514658391412985,0.006557971804940268,-0.4500577201197926,0.6526688217974463,1.0,4876,-0.0029514658391412985,-0.4500577201197926,4876,0.0007323935471706955,0.09611390146594682
2022,1,large-trade burst with net large buying,2386,0.004539573820395738,0.4886839899413244,0.4998477929984779,-0.01121471307503219,0.010540523347144224,-1.0639616939011503,0.28734605297312066,1.0,2386,-0.01121471307503219,-1.0639616939011503,2386,0.0022962593465007397,0.21883050901710033
2022,1,large-trade burst with net large selling,2490,0.004737442922374429,0.5048192771084338,0.4998477929984779,0.004995148340105893,0.009470876944016956,0.5274219451517086,0.5979006073263993,1.0,2490,0.004995148340105893,0.5274219451517086,2490,-0.0007731332510175215,-0.07104916738138849
2022,1,net taker buying in each of the last 3 minutes,66936,0.127351598173516,0.4793982311461695,0.4998477929984779,-0.02343390741277568,0.0020891011164786404,-11.217220280976894,0.0,0.0022172949002217295,66936,-0.02343390741277568,-11.217220280976894,66936,-0.020364322246230526,-9.931620834704766
2022,1,net taker selling in each of the last 3 minutes,77432,0.14732115677321156,0.518971484657506,0.4998477929984779,0.022427777833279372,0.0021099485995458634,10.62953753380847,0.0,0.0022172949002217295,77432,0.022427777833279372,10.62953753380847,77432,0.015555870458368037,6.915304415718473
2022,1,net taker buying in each of the last 5 minutes,19261,0.03664573820395738,0.48117958569129327,0.4998477929984779,-0.01937834091518975,0.0037015813416816047,-5.23515198679554,1.6484915610348594e-07,0.026607538802660754,19261,-0.01937834091518975,-5.23515198679554,19261,-0.014864860981075478,-3.878308785898278
2022,1,net taker selling in each of the last 5 minutes,24433,0.04648592085235921,0.5188065321491425,0.4998477929984779,0.019883019627368326,0.0033571944900007682,5.922510502918101,3.1706355319016666e-09,0.013303769401330377,24433,0.019883019627368326,5.922510502918101,24433,0.014229651497681461,3.828961769923112
2022,1,trade-count climax,36198,0.06886986301369863,0.4919056301453119,0.4998477929984779,-0.008529594884418235,0.00235534116428108,-3.6213840329248947,0.0002930311533488883,0.10643015521064302,36198,-0.008529594884418235,-3.6213840329248947,36198,-0.010672536312905656,-4.000995593306844
2022,1,trade-count climax at a new 1h high,5290,0.01006468797564688,0.4599243856332703,0.4998477929984779,-0.040329309279377945,0.0071101156314364875,-5.672103151328081,1.410549965719099e-08,0.019955654101995565,5290,-0.040329309279377945,-5.672103151328081,5290,-0.048685473568378324,-6.3739312673100175
2022,1,trade-count climax at a new 1h low,5608,0.010669710806697107,0.5340584878744651,0.4998477929984779,0.034579649738493756,0.007316375198963381,4.726336306999833,2.2860691664128296e-06,0.03547671840354767,5608,0.034579649738493756,4.726336306999833,5608,0.04018849274955383,5.389622108355986
2022,1,trade-count climax with no new 1h high or low,25311,0.048156392694063924,0.4891944213978112,0.4998477929984779,-0.011192355045404612,0.002989181882853161,-3.744287060485446,0.00018090672821835518,0.09090909090909091,25311,-0.011192355045404612,-3.744287060485446,25311,-0.013621471817143183,-4.250850596271516
2022,3,large-trade burst,4876,0.00927705204357703,0.5026661197703035,0.4997907145765395,0.002902330262658348,0.007114510971314477,0.40794515243007823,0.6833139424433781,1.0,4876,0.002902330262658348,0.40794515243007823,4876,-0.0013303096335992581,-0.1709927427863311
2022,3,large-trade burst with net large buying,2386,0.004539591094334453,0.49706621961441744,0.4997907145765395,-0.0027369194573164113,0.010656312595486165,-0.25683550785435144,0.7973057579621572,1.0,2386,-0.0027369194573164113,-0.25683550785435144,2386,-0.012951494232424532,-1.2459947586379152
2022,3,large-trade burst with net large selling,2490,0.004737460949242577,0.5080321285140562,0.4997907145765395,0.008280643161127199,0.00992203178822816,0.8345713194500787,0.4039591160565634,1.0,2490,0.008280643161127199,0.8345713194500787,2490,0.009819841698089138,0.9717390206798312
2022,3,net taker buying in each of the last 3 minutes,66936,0.12735208277048238,0.4767688538305247,0.4997907145765395,-0.026381614270168163,0.0025495001507490774,-10.347759447049608,0.0,0.0022172949002217295,66936,-0.026381614270168163,-10.347759447049608,66936,-0.030408627901057805,-12.346811196804031
2022,3,net taker selling in each of the last 3 minutes,77430,0.14731791216861556,0.521981144259331,0.4997907145765395,0.026024270943967087,0.0026065301742859513,9.984258460041167,0.0,0.0022172949002217295,77430,0.026024270943967087,9.984258460041167,77430,0.028438919476523383,11.714431869794854
2022,3,net taker buying in each of the last 5 minutes,19261,0.036645877647936254,0.4724572971289133,0.4997907145765395,-0.02837317743644535,0.005101333595656678,-5.56191374361452,2.6683218079526227e-08,0.019955654101995565,19261,-0.02837317743644535,-5.56191374361452,19261,-0.032844419510935474,-6.7742211565618975
2022,3,net taker selling in each of the last 5 minutes,24433,0.046486097740097945,0.524904841812303,0.4997907145765395,0.02633850138549748,0.004340399868834959,6.068220021527004,1.2933565329831254e-09,0.008869179600886918,24433,0.02633850138549748,6.068220021527004,24433,0.029763984177905878,7.4528792999772735
2022,3,trade-count climax,36198,0.06887012507657944,0.49085584838941376,0.4997907145765395,-0.009595724965714925,0.003450401589116205,-2.781045834196013,0.0054184086592168335,0.3902439024390244,36198,-0.009595724965714925,-2.781045834196013,36198,-0.010830636512124348,-3.367547436172425
2022,3,trade-count climax at a new 1h high,5290,0.010064726273692062,0.43478260869565216,0.4997907145765395,-0.0656690468622097,0.00737388292445834,-8.905626456909543,0.0,0.0022172949002217295,5290,-0.0656690468622097,-8.905626456909543,5290,-0.07791807856486577,-10.501382594949508
2022,3,trade-count climax at a new 1h low,5608,0.010669751406968825,0.552246790299572,0.4997907145765395,0.05302180520370481,0.006992664808803394,7.582489173076502,3.397282455352979e-14,0.0022172949002217295,5608,0.05302180520370481,7.582489173076502,5608,0.06132842961234386,8.814596579922245
2022,3,trade-count climax with no new 1h high or low,25311,0.048156575938264605,0.48887835328513296,0.4997907145765395,-0.011464449945812527,0.004180577325526037,-2.742312616923063,0.006100824764884383,0.4057649667405765,25311,-0.011464449945812527,-2.742312616923063,25311,-0.012400691414056364,-2.991902069096152
2022,5,large-trade burst,4876,0.009277087344652548,0.5018457752255947,0.5000608832639518,0.0018016056142873271,0.007273423986923943,0.24769704303313375,0.8043688199088372,1.0,4876,0.0018016056142873271,0.24769704303313375,4876,0.0008054522475411385,0.11453834387627755
2022,5,large-trade burst with net large buying,2386,0.00453960836840463,0.5041911148365466,0.5000608832639518,0.004149066710555038,0.011077133883001593,0.37456139416370016,0.7079866891002915,1.0,2386,0.004149066710555038,0.37456139416370016,2386,-0.006785770661677071,-0.6603101037053306
2022,5,large-trade burst with net large selling,2490,0.0047374789762479165,0.4995983935742972,0.5000608832639518,-0.00046469115422814733,0.009816992803900184,-0.04733538706919807,0.9622459248787549,1.0,2490,-0.00046469115422814733,-0.04733538706919807,2490,0.00807371053993411,0.8362356084463134
2022,5,net taker buying in each of the last 3 minutes,66936,0.12735256737113676,0.477411258515597,0.5000608832639518,-0.025955069483356408,0.0029568486800980267,-8.777949868741993,0.0,0.0022172949002217295,66936,-0.025955069483356408,-8.777949868741993,66936,-0.027171538891481772,-9.188908145111942
2022,5,net taker selling in each of the last 3 minutes,77430,0.14731847274332377,0.5205475913728529,0.5000608832639518,0.024026213133539753,0.002601628287307942,9.235067611599922,0.0,0.0022172949002217295,77430,0.024026213133539753,9.235067611599922,77430,0.025423623713798804,9.671322566618935
2022,5,net taker buying in each of the last 5 minutes,19261,0.03664601709297635,0.4712112559057162,0.5000608832639518,-0.029947068128766907,0.005640098193586604,-5.30967141012189,1.0982305398421488e-07,0.026607538802660754,19261,-0.029947068128766907,-5.30967141012189,19261,-0.034019094576569264,-5.935923570503372
2022,5,net taker selling in each of the last 5 minutes,24433,0.046486274629182874,0.5235951377235706,0.5000608832639518,0.02468161058768864,0.004703417404384728,5.247590946250993,1.5410098219703627e-07,0.026607538802660754,24433,0.02468161058768864,5.247590946250993,24433,0.024467264887788442,5.278096841580856
2022,5,trade-count climax,36198,0.06887038714145466,0.4959390021548152,0.5000608832639518,-0.004426753324365318,0.003939187427740842,-1.1237732160675835,0.26110924677092395,1.0,36198,-0.004426753324365318,-1.1237732160675835,36198,-0.005259372432094289,-1.2758604685026314
2022,5,trade-count climax at a new 1h high,5290,0.010064764572028706,0.4330812854442344,0.5000608832639518,-0.06766058568544697,0.007583183128768098,-8.922451764189237,0.0,0.0022172949002217295,5290,-0.06766058568544697,-8.922451764189237,5290,-0.07630845661223773,-9.586734905019078
2022,5,trade-count climax at a new 1h low,5608,0.010669792007549524,0.5641940085592011,0.5000608832639518,0.06482479234651928,0.007971574130150745,8.131993918407357,4.440892098500626e-16,0.0022172949002217295,5608,0.06482479234651928,8.131993918407357,5608,0.06718895312595657,8.090322572081693
2022,5,trade-count climax with no new 1h high or low,25311,0.048156759183859844,0.4938169175457311,0.5000608832639518,-0.0065598676866864825,0.0051539988177352405,-1.272772446922874,0.2030988011067505,1.0,25311,-0.0065598676866864825,-1.272772446922874,25311,-0.006430341500808956,-1.2036029851650196
2022,10,large-trade burst,4876,0.009277175598516717,0.5190730106644791,0.5011292050282444,0.018111832284751217,0.008002159385397807,2.2633681000907524,0.023613007494029947,0.7738359201773836,4876,0.018111832284751217,2.2633681000907524,4876,0.012676690283491054,1.5278219020400876
2022,10,large-trade burst with net large buying,2386,0.004539651554155227,0.5180217937971501,0.5011292050282444,0.01696962495319787,0.011961487682442635,1.4186884945846914,0.1559898529893653,1.0,2386,0.01696962495319787,1.4186884945846914,2386,0.005119288105575159,0.4258095035617625
2022,10,large-trade burst with net large selling,2490,0.00473752404436149,0.5200803212851406,0.5011292050282444,0.019041324991881714,0.00973809389391855,1.9553441565985559,0.05054246261871209,0.9423503325942351,2490,0.019041324991881714,1.9553441565985559,2490,0.01980423831625222,1.9209754830714068
2022,10,net taker buying in each of the last 3 minutes,66936,0.12735377888890792,0.48092207481773636,0.5011292050282444,-0.0231561539162794,0.002993123912169889,-7.736450142317082,1.021405182655144e-14,0.0022172949002217295,66936,-0.0231561539162794,-7.736450142317082,66936,-0.026786563687027864,-9.252301423986118
2022,10,net taker selling in each of the last 3 minutes,77430,0.1473198741987591,0.5206896551724138,0.5011292050282444,0.02293996253963232,0.002887740624117493,7.943913780914059,1.9984014443252818e-15,0.0022172949002217295,77430,0.02293996253963232,7.943913780914059,77430,0.025828290431420042,9.002604525553872
2022,10,net taker buying in each of the last 5 minutes,19261,0.03664636571021954,0.4741706038108094,0.5011292050282444,-0.02798411741842849,0.005898166885585047,-4.744544866443315,2.0897565911059957e-06,0.03547671840354767,19261,-0.02798411741842849,-4.744544866443315,19261,-0.03575071857559137,-6.175318469697812
2022,10,net taker selling in each of the last 5 minutes,24433,0.046486716857784854,0.5235542094707977,0.5011292050282444,0.023518292654145068,0.005406611876907957,4.349913252436974,1.3619139747733655e-05,0.04878048780487805,24433,0.023518292654145068,4.349913252436974,24433,0.02616837631851293,4.790110113387924
2022,10,trade-count climax,36198,0.06887104231236836,0.49723741643184705,0.5011292050282444,-0.004179645111738628,0.005171890414927388,-0.808146495075594,0.41900625453699836,1.0,36198,-0.004179645111738628,-0.808146495075594,36198,-0.0017483221228183354,-0.3330207275128612
2022,10,trade-count climax at a new 1h high,5290,0.010064860319145495,0.43062381852551984,0.5011292050282444,-0.07122222828200114,0.009569533876907718,-7.442601614470251,9.880984919163893e-14,0.004434589800443459,5290,-0.07122222828200114,-7.442601614470251,5290,-0.07372526719292616,-7.267916745666897
2022,10,trade-count climax at a new 1h low,5608,0.010669893510353107,0.5725748930099858,0.5011292050282444,0.07221622743822664,0.009753421188176577,7.4041944918537475,1.318944953254686e-13,0.004434589800443459,5608,0.07221622743822664,7.4041944918537475,5608,0.0779849726267936,8.279798921324687
2022,10,trade-count climax with no new 1h high or low,25311,0.04815721730394927,0.4943700367429181,0.5011292050282444,-0.007101139398442757,0.006332395018856867,-1.1213986773245654,0.262118198913587,1.0,25311,-0.007101139398442757,-1.1213986773245654,25311,-0.004483950526166847,-0.7121851355622556
2022,15,large-trade burst,4876,0.009277263854060039,0.5198933552091879,0.5005365439718714,0.019538071077905617,0.008613443163723724,2.2683229814752743,0.023309528202227314,0.7671840354767184,4876,0.019538071077905617,2.2683229814752743,4876,0.0212820622010248,2.475948684326559
2022,15,large-trade burst with net large buying,2386,0.004539694740727493,0.509639564124057,0.5005365439718714,0.009144533543017253,0.013630623390269906,0.6708815349960437,0.5022960003000594,1.0,2386,0.009144533543017253,0.6708815349960437,2386,0.00944705481260466,0.6956150107576909
2022,15,large-trade burst with net large selling,2490,0.004737569113332547,0.529718875502008,0.5005365439718714,0.029321242945077763,0.00962139631837796,3.047503914693843,0.002307505204967697,0.23503325942350334,2490,0.029321242945077763,3.047503914693843,2490,0.03243086282149721,3.270063141529854
2022,15,net taker buying in each of the last 3 minutes,66936,0.12735499042972986,0.4855533644077925,0.5005365439718714,-0.017169845011154372,0.0031830447931029842,-5.394157521238143,6.884580283639252e-08,0.022172949002217297,66936,-0.017169845011154372,-5.394157521238143,66936,-0.01949637866160364,-6.213391823802021
2022,15,net taker selling in each of the last 3 minutes,77430,0.1473212756808591,0.5158465710964742,0.5005365439718714,0.017955211837644758,0.002992889507925088,5.999289913677019,1.9818224838985543e-09,0.011086474501108648,77430,0.017955211837644758,5.999289913677019,77430,0.019816173042832563,6.519938094616459
2022,15,net taker buying in each of the last 5 minutes,19261,0.03664671433409566,0.4798297076994964,0.5005365439718714,-0.02149454056002076,0.006196458408040257,-3.4688428687151953,0.0005227050725753468,0.13303769401330376,19261,-0.02149454056002076,-3.4688428687151953,19261,-0.024904488976095096,-4.0591129700245725
2022,15,net taker selling in each of the last 5 minutes,24433,0.04648715909480085,0.5176605410715016,0.5005365439718714,0.017958853163816735,0.005446096559783745,3.29756422176434,0.0009752736849215626,0.15077605321507762,24433,0.017958853163816735,3.29756422176434,24433,0.021269030560642388,3.8625415783261685
2022,15,trade-count climax,36198,0.0688716974957476,0.4942262003425604,0.5005365439718714,-0.006777093567384318,0.006179520683297103,-1.0967021415920528,0.27277161996809784,1.0,36198,-0.006777093567384318,-1.0967021415920528,36198,-0.00521263777579728,-0.8536296823601138
2022,15,trade-count climax at a new 1h high,5290,0.010064956068084005,0.42967863894139885,0.5005365439718714,-0.07157833785642392,0.01102742689966172,-6.490937415202424,8.53039860970739e-11,0.0066518847006651885,5290,-0.07157833785642392,-6.490937415202424,5290,-0.07551665878835356,-6.687799737648743
2022,15,trade-count climax at a new 1h low,5608,0.01066999501508792,0.5697218259629101,0.5005365439718714,0.06993145021624392,0.009221051842491043,7.5838907980103185,3.352873534367973e-14,0.0022172949002217295,5608,0.06993145021624392,7.5838907980103185,5608,0.07377749107447423,7.6856070669170276
2022,15,trade-count climax with no new 1h high or low,25311,0.04815767543275506,0.490893287503457,0.5005365439718714,-0.01013114905643503,0.007754910078618296,-1.3064173476838188,0.1914106696090241,1.0,25311,-0.01013114905643503,-1.3064173476838188,25311,-0.007972173086004564,-1.062303918975489
2022,30,large-trade burst,4876,0.009277528630765397,0.5336341263330598,0.5015059811138742,0.03242900625316658,0.011470984498423018,2.8270464716977677,0.004697950961288999,0.35920177383592017,4876,0.03242900625316658,2.8270464716977677,4876,0.024028156710251602,2.061109944435997
2022,30,large-trade burst with net large buying,2386,0.004539824305374535,0.5297569153394803,0.5015059811138742,0.02837977341071707,0.014588779578333788,1.945315114148731,0.05173706414999257,0.9423503325942351,2386,0.02837977341071707,1.945315114148731,2386,0.021729419395954186,1.4899576184120047
2022,30,large-trade burst with net large selling,2490,0.004737704325390861,0.5373493975903615,0.5015059811138742,0.03601404035123412,0.012928312333652563,2.785672206997128,0.005341685824908904,0.3902439024390244,2490,0.03601404035123412,2.785672206997128,2490,0.02601211470477338,2.0124663553632316
2022,30,net taker buying in each of the last 3 minutes,66934,0.12735481980550678,0.4872411629366241,0.5015059811138742,-0.016346641797839068,0.0033052707593581197,-4.945628660392582,7.589852106804074e-07,0.03547671840354767,66934,-0.016346641797839068,-4.945628660392582,66934,-0.017498318845609484,-5.408809636184575
2022,30,net taker selling in each of the last 3 minutes,77429,0.1473235775946542,0.5129086001368997,0.5015059811138742,0.013372738735825895,0.0029808813776475655,4.486169371281495,7.251510407257911e-06,0.04212860310421286,77429,0.013372738735825895,4.486169371281495,77429,0.013670057748642495,4.5752862988080105
2022,30,net taker buying in each of the last 5 minutes,19261,0.03664776024552344,0.4833082394475884,0.5015059811138742,-0.01889001853665051,0.006428856789087232,-2.93831689775944,0.0032999952199221916,0.28824833702882485,19261,-0.01889001853665051,-2.93831689775944,19261,-0.019879009358671484,-3.1697919733434334
2022,30,net taker selling in each of the last 5 minutes,24433,0.0464884858563353,0.5091065362419678,0.5015059811138742,0.007971120448314162,0.005856054775842321,1.3611758689821365,0.1734581181052477,1.0,24433,0.007971120448314162,1.3611758689821365,24433,0.009692017095640493,1.643119634519191
2022,30,trade-count climax,36198,0.06887366312068208,0.497182164760484,0.5015059811138742,-0.004643640913306768,0.008144362417415962,-0.5701662911484359,0.5685649166952882,1.0,36198,-0.004643640913306768,-0.5701662911484359,36198,-0.002593514907972383,-0.3123992434706033
2022,30,trade-count climax at a new 1h high,5290,0.010065243325830383,0.43156899810964083,0.5015059811138742,-0.0706480730499825,0.012629659447698525,-5.5938224892403206,2.2212405914601163e-08,0.019955654101995565,5290,-0.0706480730499825,-5.5938224892403206,5290,-0.0741897824742801,-5.847865455470597
2022,30,trade-count climax at a new 1h low,5608,0.0106702995408803,0.5713266761768901,0.5015059811138742,0.07057373798705746,0.010326112890519032,6.834492198110198,8.229639192336435e-12,0.0066518847006651885,5608,0.07057373798705746,6.834492198110198,5608,0.08039323743388382,7.187132921662511
2022,30,trade-count climax with no new 1h high or low,25311,0.04815904987147312,0.4943700367429181,0.5015059811138742,-0.007496992401926639,0.009952764990643454,-0.753257251525031,0.451295341776512,1.0,25311,-0.007496992401926639,-0.753257251525031,25311,-0.006078799989593542,-0.6129470139032653
2023,1,large-trade burst,9165,0.01748975708988762,0.5318057828696127,0.5241488413632278,0.007793243441112319,0.00650624942236401,1.1978088965240878,0.2309914229518335,1.0,9165,0.007793243441112319,1.1978088965240878,9165,0.0002908030266522976,0.053809609575601006
2023,1,large-trade burst with net large buying,4505,0.008596983708668165,0.53007769145394,0.5241488413632278,0.005980262308350692,0.009772963436354308,0.6119190302201275,0.5405913301456318,1.0,4505,0.005980262308350692,0.6119190302201275,4505,-0.00598469062385526,-0.7287498184927774
2023,1,large-trade burst with net large selling,4660,0.008892773381219455,0.5334763948497854,0.5241488413632278,0.009411245560562609,0.007100204131825217,1.325489434645776,0.18500887138223066,1.0,4660,0.009411245560562609,1.325489434645776,4660,0.00635432765019972,0.8938108457535927
2023,1,net taker buying in each of the last 3 minutes,62332,0.11894943141591653,0.5369473143810563,0.5241488413632278,0.01452637734335338,0.003040455489118003,4.777697748032909,1.773136416138854e-06,0.03547671840354767,62332,0.01452637734335338,4.777697748032909,62332,0.013439354880962484,4.517214218782193
2023,1,net taker selling in each of the last 3 minutes,90484,0.17267246923310325,0.5167543433093144,0.5241488413632278,-0.008937812146851964,0.0026809891697762976,-3.3337740590715397,0.0008567622204205261,0.1419068736141907,90484,-0.008937812146851964,-3.3337740590715397,90484,-0.009954283990409873,-3.288635477581661
2023,1,net taker buying in each of the last 5 minutes,17892,0.03414366981475933,0.5331433042700648,0.5241488413632278,0.009312423210097953,0.0044327328001381155,2.100831164424753,0.035655789705719476,0.8891352549889135,17892,0.009312423210097953,2.100831164424753,17892,0.009467420298071016,2.1458134100599913
2023,1,net taker selling in each of the last 5 minutes,32218,0.061482268840370904,0.5198025948227699,0.5241488413632278,-0.004630969022916265,0.0034198607346971237,-1.3541396513406274,0.17569182803529815,1.0,32218,-0.004630969022916265,-1.3541396513406274,32218,-0.007311001154819585,-1.807055520783911
2023,1,trade-count climax,7000,0.013358243276509911,0.5041428571428571,0.5241488413632278,-0.020276847279206978,0.005957769826382043,-3.403429113595085,0.0006654567819741608,0.13747228381374724,7000,-0.020276847279206978,-3.403429113595085,7000,-0.011140418373920102,-2.1726148292406604
2023,1,trade-count climax at a new 1h high,1431,0.0027308065898122404,0.4416491963661775,0.5241488413632278,-0.08272555248091107,0.01349531848133747,-6.129944439274356,8.790976835371112e-10,0.0066518847006651885,1431,-0.08272555248091107,-6.129944439274356,1431,-0.08560964411622124,-7.13074575780818
2023,1,trade-count climax at a new 1h low,1383,0.002639207207344744,0.5545914678235719,0.5241488413632278,0.030523183466139026,0.01424331330154545,2.1429833648907484,0.0321144341521693,0.8691796008869179,1383,0.030523183466139026,2.1429833648907484,1383,0.0454188749712518,2.8846917795479543
2023,1,trade-count climax with no new 1h high or low,4192,0.007999679402161364,0.5090648854961832,0.5241488413632278,-0.015205595758229329,0.007596235391013514,-2.001727826420154,0.04531401194870899,0.9334811529933481,4192,-0.015205595758229329,-2.001727826420154,4192,-0.0041828992058134395,-0.6549854994699951
2023,3,large-trade burst,9165,0.017489823842265263,0.5112929623567921,0.5069911587175274,0.004378380747248389,0.0053519548632037645,0.8180899987313087,0.41330579923768207,1.0,9165,0.004378380747248389,0.8180899987313087,9165,0.0008885970417654709,0.17498909886837447
2023,3,large-trade burst with net large buying,4505,0.008597016520393344,0.49633740288568257,0.5069911587175274,-0.01074614057994111,0.008262661918670665,-1.3005664137919852,0.1934069095689921,1.0,4505,-0.01074614057994111,-1.3005664137919852,4505,-0.015050529017860304,-2.0049748512015717
2023,3,large-trade burst with net large selling,4660,0.008892807321871917,0.5257510729613734,0.5069911587175274,0.018928239430039517,0.007094478995892475,2.6680238874480415,0.007629883317616271,0.48337028824833705,4660,0.018928239430039517,2.6680238874480415,4660,0.01628674054433421,2.3260594851160787
2023,3,net taker buying in each of the last 3 minutes,62330,0.11894606874941557,0.5018610620888817,0.5069911587175274,-0.005822681730009327,0.003129333930472911,-1.860677658369745,0.0627897107270119,0.9623059866962306,62330,-0.005822681730009327,-1.860677658369745,62330,-0.014545974301118314,-4.8330463634439225
2023,3,net taker selling in each of the last 3 minutes,90484,0.17267312826443315,0.5126431192254984,0.5069911587175274,0.006831593051141116,0.003039044623622045,2.2479410134488162,0.024579951473282957,0.7871396895787139,90484,0.006831593051141116,2.2479410134488162,90484,0.013591944174396076,4.171582779235101
2023,3,net taker buying in each of the last 5 minutes,17892,0.03414380012938462,0.49290185557791194,0.5069911587175274,-0.014587371434280627,0.005305711226450029,-2.749371537892916,0.0059709662709470646,0.4035476718403548,17892,-0.014587371434280627,-2.749371537892916,17892,-0.023194807395351014,-4.656636538940199
2023,3,net taker selling in each of the last 5 minutes,32218,0.06148250349701061,0.5194611707741015,0.5069911587175274,0.013286925500098357,0.004599050171749288,2.8890586107793124,0.0038639704632086325,0.31929046563192903,32218,0.013286925500098357,2.8890586107793124,32218,0.014045822031554689,2.9102019469567595
2023,3,trade-count climax,7000,0.013358294260322623,0.5104285714285715,0.5069911587175274,0.003483952372018373,0.005797941480508976,0.6008947112920036,0.5479101159705078,1.0,7000,0.003483952372018373,0.6008947112920036,7000,0.010617271613836077,2.1025042673402985
2023,3,trade-count climax at a new 1h high,1431,0.0027308170123602387,0.4500349406009783,0.5069911587175274,-0.05711218103212462,0.015351264927701933,-3.7203566807751165,0.0001989416129346555,0.09312638580931264,1431,-0.05711218103212462,-3.7203566807751165,1431,-0.06870353573219756,-4.7935778907509174
2023,3,trade-count climax at a new 1h low,1383,0.002639217280289455,0.5798987707881417,0.5069911587175274,0.07310054027971902,0.01444351325656376,5.061132910062512,4.167725438097847e-07,0.031042128603104215,1383,0.07310054027971902,5.061132910062512,1383,0.08625231397805311,6.352986100187308
2023,3,trade-count climax with no new 1h high or low,4192,0.007999709934181776,0.5083492366412213,0.5069911587175274,0.0013690297647027672,0.00788547902775087,0.17361402647636584,0.8621688078998413,1.0,4192,0.0013690297647027672,0.17361402647636584,4192,0.01187935535080209,1.741983503922727
2023,5,large-trade burst,9165,0.017489890595152446,0.5072558647026733,0.5043653163924071,0.002942003631918988,0.005321928177795786,0.5528078421264029,0.5803949980017884,1.0,9165,0.002942003631918988,0.5528078421264029,9165,0.0009912550578841106,0.20393973292640807
2023,5,large-trade burst with net large buying,4505,0.008597049332368987,0.49012208657047723,0.5043653163924071,-0.014366741406547312,0.007187338664251532,-1.9988958469432887,0.045619624197074105,0.9334811529933481,4505,-0.014366741406547312,-1.9988958469432887,4505,-0.015700259225780666,-2.2875513654858843
2023,5,large-trade burst with net large selling,4660,0.008892841262783458,0.5238197424892704,0.5043653163924071,0.019628983531559285,0.00751518526021318,2.6119094675521652,0.009003809374044103,0.5343680709534369,4660,0.019628983531559285,2.6119094675521652,4660,0.017115196809316058,2.2948618358394266
2023,5,net taker buying in each of the last 3 minutes,62330,0.1189465227273161,0.4928124498636291,0.5043653163924071,-0.013112559937383306,0.0032005643199059628,-4.096952482982305,4.186247893533945e-05,0.07317073170731707,62330,-0.013112559937383306,-4.096952482982305,62328,-0.020871324942905167,-6.596550745362064
2023,5,net taker selling in each of the last 3 minutes,90484,0.17267378730079366,0.516102294328279,0.5043653163924071,0.014186638541983654,0.0031660435997036118,4.480872766032575,7.4338420139596906e-06,0.04212860310421286,90484,0.014186638541983654,4.480872766032575,90484,0.019874426172509674,6.1278395104873855
2023,5,net taker buying in each of the last 5 minutes,17892,0.03414393044500465,0.4880393471942768,0.5043653163924071,-0.01690310773286574,0.00535571935284135,-3.156085414352079,0.0015990202740714388,0.19955654101995565,17892,-0.01690310773286574,-3.156085414352079,17890,-0.03108998999197471,-5.872620540986739
2023,5,net taker selling in each of the last 5 minutes,32218,0.06148273815544152,0.5224098330126017,0.5043653163924071,0.019226621985332426,0.004860530053894057,3.95566363588861,7.63224849305022e-05,0.082039911308204,32218,0.019226621985332426,3.95566363588861,32218,0.02064337188846299,4.04738826721978
2023,5,trade-count climax,7000,0.013358345244524509,0.5218571428571429,0.5043653163924071,0.017728651917773397,0.006327824014291036,2.8016980051490417,0.005083443519086295,0.37472283813747226,7000,0.017728651917773397,2.8016980051490417,7000,0.017382205174405363,2.8250207456923064
2023,5,trade-count climax at a new 1h high,1431,0.002730827434987796,0.4451432564640112,0.5043653163924071,-0.05938422800744425,0.01753441838190012,-3.3867235692712536,0.00070732618421121,0.13747228381374724,1431,-0.05938422800744425,-3.3867235692712536,1431,-0.059951473537055155,-3.600975783746625
2023,5,trade-count climax at a new 1h low,1383,0.0026392273533110567,0.5900216919739696,0.5043653163924071,0.08588304045110651,0.012205780286909513,7.036259741887585,1.9746426715983034e-12,0.0066518847006651885,1383,0.08588304045110651,7.036259741887585,1383,0.09971822176028178,7.5599116398105455
2023,5,trade-count climax with no new 1h high or low,4192,0.00799974046643525,0.5257633587786259,0.5043653163924071,0.021570601600729544,0.008881493730968887,2.4287132608690585,0.015152510786732964,0.6607538802660754,4192,0.021570601600729544,2.4287132608690585,4192,0.016123029263682587,1.8311207925048514
2023,10,large-trade burst,9165,0.017490057479599704,0.5073649754500819,0.5038949489706342,0.00353179782643831,0.005631897245541874,0.6271062259230722,0.5305896063063147,1.0,9165,0.00353179782643831,0.6271062259230722,9165,0.005355634263144449,0.9300495854407048
2023,10,large-trade burst with net large buying,4505,0.008597131363403891,0.4918978912319645,0.5038949489706342,-0.012101092419843917,0.008156938102805858,-1.4835336822871479,0.13793267435636292,1.0,4505,-0.012101092419843917,-1.4835336822871479,4505,-0.010369621877089508,-1.3330969555972294
2023,10,large-trade burst with net large selling,4660,0.008892926116195812,0.5223175965665237,0.5038949489706342,0.018587948851679026,0.00868119594515315,2.141173747155998,0.0322600292945725,0.8691796008869179,4660,0.018587948851679026,2.141173747155998,4660,0.02046945071700601,2.348133354863867
2023,10,net taker buying in each of the last 3 minutes,62330,0.11894765768722854,0.4956361302743462,0.5038949489706342,-0.009373811633720364,0.0032063674611833523,-2.923498865055484,0.00346121487094897,0.29490022172949004,62330,-0.009373811633720364,-2.923498865055484,62325,-0.01662284361224803,-5.24799025187009
2023,10,net taker selling in each of the last 3 minutes,90483,0.17267352656046045,0.516704795375927,0.5038949489706342,0.015483423795248363,0.003030658868316077,5.108929928445364,3.239884716066399e-07,0.031042128603104215,90483,0.015483423795248363,5.108929928445364,90483,0.02377389187962131,7.933055407317592
2023,10,net taker buying in each of the last 5 minutes,17892,0.03414425623840676,0.48686563827408896,0.5038949489706342,-0.017631318969252574,0.006114492428364675,-2.883529446771771,0.003932458787611726,0.3215077605321508,17892,-0.017631318969252574,-2.883529446771771,17889,-0.02565121312911628,-4.231764418586667
2023,10,net taker selling in each of the last 5 minutes,32218,0.06148332480935551,0.5195542864237382,0.5038949489706342,0.016685198960288083,0.005033342133099,3.314934395293153,0.0009166463472758402,0.14412416851441243,32218,0.016685198960288083,3.314934395293153,32218,0.024124674009378455,4.702488489633559
2023,10,trade-count climax,7000,0.013358472706731907,0.5221428571428571,0.5038949489706342,0.018494972761063266,0.009357544303531676,1.9764771783215591,0.048100758007208144,0.9379157427937915,7000,0.018494972761063266,1.9764771783215591,7000,0.02096106408438836,2.5559542111431424
2023,10,trade-count climax at a new 1h high,1431,0.0027308534919047657,0.45632424877707894,0.5038949489706342,-0.04770096453913425,0.015626932834111252,-3.0524841339952644,0.0022695572862858615,0.23059866962305986,1431,-0.04770096453913425,-3.0524841339952644,1431,-0.06970543936349088,-4.034567358532894
2023,10,trade-count climax at a new 1h low,1383,0.002639252536201461,0.5777295733911786,0.5038949489706342,0.07403000830772555,0.015265974451887376,4.849347058783595,1.2386853209811477e-06,0.03547671840354767,1383,0.07403000830772555,4.849347058783595,1383,0.09259758041380883,6.160159961241064
2023,10,trade-count climax with no new 1h high or low,4192,0.007999816798088593,0.5267175572519084,0.5038949489706342,0.023006657325010615,0.012484246792413022,1.8428550562611687,0.06535017579077729,0.9667405764966741,4192,0.023006657325010615,1.8428550562611687,4192,0.02753271033006377,2.4602488731567096
2023,15,large-trade burst,9164,0.017488315995778683,0.5033828022697512,0.5037489957195228,-0.0003727115470822939,0.0058409269275373175,-0.06381034238335156,0.9491212430129414,1.0,9164,-0.0003727115470822939,-0.06381034238335156,9164,-0.0035026871855232677,-0.565529201062975
2023,15,large-trade burst with net large buying,4504,0.008595305024551199,0.49245115452930727,0.5037489957195228,-0.01139579149410358,0.007996625280658639,-1.4250750903217226,0.15413549628483958,1.0,4504,-0.01139579149410358,-1.4250750903217226,4504,-0.01826340641454388,-2.171190077130761
2023,15,large-trade burst with net large selling,4660,0.008893010971227484,0.5139484978540773,0.5037489957195228,0.01029102029090656,0.008354066837714886,1.231857548044408,0.21800230172126955,1.0,4660,0.01029102029090656,1.231857548044408,4660,0.010828946243903737,1.2535622961983408
2023,15,net taker buying in each of the last 3 minutes,62330,0.11894879266880022,0.4942724209850794,0.5037489957195228,-0.01075598632132746,0.0031974569070904657,-3.363919087533504,0.0007684406843146974,0.13968957871396895,62330,-0.01075598632132746,-3.363919087533504,62324,-0.019516937703314363,-5.97320627236073
2023,15,net taker selling in each of the last 3 minutes,90483,0.17267517418660439,0.517467369561133,0.5037489957195228,0.016581605451187587,0.003137321552110536,5.285274453309647,1.2551643369107524e-07,0.026607538802660754,90483,0.016581605451187587,5.285274453309647,90481,0.022555067360501502,7.4354957757387155
2023,15,net taker buying in each of the last 5 minutes,17892,0.03414458203802621,0.4831209479096803,0.5037489957195228,-0.021357283322351983,0.005991921863217594,-3.5643460996140837,0.00036476439539567806,0.11529933481152993,17892,-0.021357283322351983,-3.5643460996140837,17889,-0.029305792418316823,-4.792633326275881
2023,15,net taker selling in each of the last 5 minutes,32218,0.06148391147446504,0.5256378422000124,0.5037489957195228,0.023322824987346058,0.005440685644668607,4.286743714039125,1.813112668491712e-05,0.05543237250554324,32218,0.023322824987346058,4.286743714039125,32218,0.027887179653644845,5.142472069191518
2023,15,trade-count climax,7000,0.013358600171371757,0.5241428571428571,0.5037489957195228,0.020669983468032616,0.010979180139769439,1.8826527304311707,0.05974744533175835,0.9490022172949002,7000,0.020669983468032616,1.8826527304311707,7000,0.02251412210786974,2.0365797001615777
2023,15,trade-count climax at a new 1h high,1431,0.0027308795493189977,0.47099930118798045,0.5037489957195228,-0.03283937490889349,0.019551086612048678,-1.6796700644073506,0.09302152728697388,0.991130820399113,1431,-0.03283937490889349,-1.6796700644073506,1431,-0.053596947521626026,-2.5582336999220456
2023,15,trade-count climax at a new 1h low,1383,0.0026392777195724483,0.601590744757773,0.5037489957195228,0.09810066393484862,0.0208300227676115,4.709580254870622,2.482274598536449e-06,0.037694013303769404,1383,0.09810066393484862,4.709580254870622,1383,0.11356515550402213,5.650945317321336
2023,15,trade-count climax with no new 1h high or low,4192,0.00799989313119863,0.5174141221374046,0.5037489957195228,0.013775327566259099,0.01278004781794556,1.077877623189796,0.28108837271387244,1.0,4192,0.013775327566259099,1.077877623189796,4192,0.01835252403312304,1.4012851886589828
2023,30,large-trade burst,9164,0.017488816623154553,0.49618070711479706,0.5055058092489961,-0.009491090067951402,0.00793339771252961,-1.1963461825393742,0.23156149357352995,1.0,9164,-0.009491090067951402,-1.1963461825393742,9164,-0.008500069315143244,-1.0584893804364148
2023,30,large-trade burst with net large buying,4504,0.008595551077115682,0.4855683836589698,0.5055058092489961,-0.020110284568207737,0.009425701367734482,-2.133558425375973,0.032878944264812526,0.8780487804878049,4504,-0.020110284568207737,-2.133558425375973,4504,-0.020228846146993384,-2.0510072707925495
2023,30,large-trade burst with net large selling,4660,0.008893265546038871,0.5064377682403434,0.5055058092489961,0.0009403215203260817,0.009590522550896857,0.09804695368117848,0.9218950093063061,1.0,4660,0.0009403215203260817,0.09804695368117848,4660,0.002986941954903677,0.3102040883021471
2023,30,net taker buying in each of the last 3 minutes,62328,0.11894838089131132,0.4869881915030163,0.5055058092489961,-0.021017630913286456,0.003292119426508008,-6.384224929403644,1.7226775561596241e-10,0.0066518847006651885,62328,-0.021017630913286456,-6.384224929403644,62321,-0.0260429486931254,-7.889032426275242
2023,30,net taker selling in each of the last 3 minutes,90483,0.17268011725369853,0.5252367848104064,0.5055058092489961,0.02384927036433948,0.0029699749261506195,8.030125155046507,8.881784197001252e-16,0.0022172949002217295,90483,0.02384927036433948,8.030125155046507,90476,0.02837946695700111,9.494879629398046
2023,30,net taker buying in each of the last 5 minutes,17892,0.03414555947419044,0.4785937849318131,0.5055058092489961,-0.027863436961093446,0.0064274603019934765,-4.335061696522902,1.4571924690010007e-05,0.04878048780487805,17892,-0.027863436961093446,-4.335061696522902,17889,-0.03455783223542752,-5.4088217120069375
2023,30,net taker selling in each of the last 5 minutes,32218,0.06148567153697003,0.5370289900055869,0.5055058092489961,0.033588385174912694,0.005418288012682117,6.199077106328654,5.679521297707879e-10,0.0066518847006651885,32218,0.033588385174912694,6.199077106328654,32216,0.03769943437833789,6.866860042562342
2023,30,trade-count climax,7000,0.013358982579886715,0.5085714285714286,0.5055058092489961,0.003107127383015551,0.014027239775171988,0.221506685051119,0.8246979319581587,1.0,7000,0.003107127383015551,0.221506685051119,7000,0.005883871395682472,0.4678121205298344
2023,30,trade-count climax at a new 1h high,1431,0.002730957724545413,0.44863731656184486,0.5055058092489961,-0.05702422343061536,0.022325914637603438,-2.5541718830443667,0.010644069784449428,0.5831485587583148,1431,-0.05702422343061536,-2.5541718830443667,1431,-0.0669522489447909,-3.0194156872078457
2023,30,trade-count climax at a new 1h low,1383,0.002639353272569047,0.6059291395516992,0.5055058092489961,0.10068908436703916,0.023667072007273963,4.254395488216407,2.0961453429002574e-05,0.0598669623059867,1383,0.10068908436703916,4.254395488216407,1383,0.11507090957321742,4.805702245995641
2023,30,trade-count climax with no new 1h high or low,4192,0.008000122139269301,0.4976145038167939,0.5055058092489961,-0.007954945971586247,0.01780542184923868,-0.4467709913835252,0.6550404182465048,1.0,4192,-0.007954945971586247,-0.4467709913835252,4192,-0.004947255370184367,-0.30104515838137674
2024,1,large-trade burst,7768,0.014738919247115968,0.5244593202883625,0.5122533394049787,0.012388575091240361,0.005912733751940531,2.095236418716552,0.036149981336511594,0.8913525498891353,7768,0.012388575091240361,2.095236418716552,7768,0.011128705038515485,1.9022628324637747
2024,1,large-trade burst with net large buying,3795,0.007200591985428051,0.5196310935441371,0.5122533394049787,0.00743126363654123,0.008541157409194661,0.8700534693976466,0.3842711844567812,1.0,3795,0.00743126363654123,0.8700534693976466,3795,0.005753280956475648,0.7135889017214402
2024,1,large-trade burst with net large selling,3973,0.007538327261687917,0.5290712308079537,0.5122533394049787,0.016945633131174254,0.008026451963621983,2.111223390855184,0.03475311522134583,0.8824833702882483,3973,0.016945633131174254,2.111223390855184,3973,0.016103560590921218,1.9566950387219817
2024,1,net taker buying in each of the last 3 minutes,72952,0.13841833636915604,0.5091292904923785,0.5122533394049787,-0.0036259463780078383,0.0022083354647859112,-1.6419363977199717,0.10060318576579719,0.9955654101995566,72952,-0.0036259463780078383,-1.6419363977199717,72952,-0.004478627676901326,-1.9451780316390432
2024,1,net taker selling in each of the last 3 minutes,88222,0.16739146933819066,0.5125025503842578,0.5122533394049787,0.00029931350701029036,0.0018442711817801768,0.16229365288969,0.8710746126817919,1.0,88222,0.00029931350701029036,0.16229365288969,88222,0.004888953959022668,2.627993957890033
2024,1,net taker buying in each of the last 5 minutes,24138,0.04579918032786885,0.5077471207225123,0.5122533394049787,-0.004722505566506219,0.0032228723438601477,-1.465309532195094,0.14283648701746499,1.0,24138,-0.004722505566506219,-1.465309532195094,24138,-0.002314962169856938,-0.7084846687667802
2024,1,net taker selling in each of the last 5 minutes,31311,0.05940915300546448,0.5096930791095781,0.5122533394049787,-0.0027219702419829517,0.0027138543378488525,-1.0029905452259948,0.315865423101088,1.0,31311,-0.0027219702419829517,-1.0029905452259948,31311,0.0040390610153298034,1.4873735826278456
2024,1,trade-count climax,1026,0.00194672131147541,0.5311890838206628,0.5122533394049787,0.018972678934100817,0.013470237052112033,1.4084888677683696,0.1589863610398794,1.0,1026,0.018972678934100817,1.4084888677683696,1026,0.022427960192374252,1.7397230583964076
2024,3,large-trade burst,7768,0.01473897517826039,0.5204685890834192,0.5045803148919054,0.016125954230645112,0.005941780969017143,2.713993382578789,0.006647749412517667,0.43902439024390244,7768,0.016125954230645112,2.713993382578789,7768,0.006476707467627074,1.1347614559031973
2024,3,large-trade burst with net large buying,3795,0.007200619310182567,0.5148880105401844,0.5045803148919054,0.01038245575970953,0.009593082485394703,1.082285675695652,0.27912560891635385,1.0,3795,0.01038245575970953,1.082285675695652,3795,-0.0021152841827482005,-0.2333336097909952
2024,3,large-trade burst with net large selling,3973,0.007538355868077823,0.5257991442235087,0.5045803148919054,0.021379999375354064,0.007491396857704131,2.8539402973114334,0.004318064538007649,0.3370288248337029,3973,0.021379999375354064,2.8539402973114334,3973,0.014592568933049499,1.9385472071866605
2024,3,net taker buying in each of the last 3 minutes,72952,0.13841886163806025,0.4911037394451146,0.5045803148919054,-0.015641678823671457,0.0024814416160071962,-6.303464374406661,2.9106517196453296e-10,0.0066518847006651885,72952,-0.015641678823671457,-6.303464374406661,72952,-0.019032356663654826,-7.689544556331368
2024,3,net taker selling in each of the last 3 minutes,88222,0.1673921045541308,0.5157103670286323,0.5045803148919054,0.013367699486883544,0.0022792261645022886,5.865016686399188,4.49087522724767e-09,0.015521064301552107,88222,0.013367699486883544,5.865016686399188,88222,0.018101204000664284,8.236463142315186
2024,3,net taker buying in each of the last 5 minutes,24138,0.045799354126267934,0.4867843234733615,0.5045803148919054,-0.01865015654254626,0.004121860579252022,-4.524693687220888,6.048304049599551e-06,0.04212860310421286,24138,-0.01865015654254626,-4.524693687220888,24138,-0.020648751122024078,-5.223176976153504
2024,3,net taker selling in each of the last 5 minutes,31311,0.05940937845088969,0.5191466257864649,0.5045803148919054,0.015486345027095338,0.0038739194565338875,3.9975908639441458,6.39904304553518e-05,0.07538802660753881,31311,0.015486345027095338,3.9975908639441458,31311,0.020852339380261764,5.6988155880806435
2024,3,trade-count climax,1026,0.0019467286988793977,0.5282651072124757,0.5045803148919054,0.023730990120089945,0.017269308396169115,1.3741714245692802,0.16938846976790667,1.0,1026,0.023730990120089945,1.3741714245692802,1026,0.03922788307485148,2.023456275100712
2024,5,large-trade burst,7768,0.01473903110982931,0.5155767250257467,0.5037986019930327,0.011954318099072991,0.006051899554084623,1.9753001503477754,0.04823409619711416,0.9401330376940134,7768,0.011954318099072991,1.9753001503477754,7768,0.011557582996081117,1.9818515968181711
2024,5,large-trade burst with net large buying,3795,0.007200646635144468,0.5006587615283268,0.5037986019930327,-0.003162613325707997,0.008926710011371177,-0.3542865536887993,0.7231241437008862,1.0,3795,-0.003162613325707997,-0.3542865536887993,3795,-0.004524823403612599,-0.5263756840663052
2024,5,large-trade burst with net large selling,3973,0.007538384474684841,0.5298263277120564,0.5037986019930327,0.02622542304091735,0.008523932702931357,3.0766811464734465,0.0020931907491994473,0.22172949002217296,3973,0.02622542304091735,3.0766811464734465,3973,0.02675697803151955,3.262940769789336
2024,5,net taker buying in each of the last 3 minutes,72952,0.13841938691095104,0.4911311547318785,0.5037986019930327,-0.014702567663096855,0.0027985081877746083,-5.253716150385263,1.4906055167962506e-07,0.026607538802660754,72952,-0.014702567663096855,-5.253716150385263,72952,-0.017923180534470895,-6.60450075922965
2024,5,net taker selling in each of the last 3 minutes,88222,0.16739273977489202,0.5152229602593458,0.5037986019930327,0.013721185019722637,0.0023906033203235063,5.739632712409112,9.48821043955661e-09,0.017738359201773836,88222,0.013721185019722637,5.739632712409112,88222,0.01817507800295254,7.548815350980745
2024,5,net taker buying in each of the last 5 minutes,24138,0.04579952792598608,0.4808186262324965,0.5037986019930327,-0.02408296414964861,0.004990693216657511,-4.82557494603486,1.3959995530665736e-06,0.03547671840354767,24138,-0.02408296414964861,-4.82557494603486,24138,-0.02738436646600234,-5.631594297170373
2024,5,net taker selling in each of the last 5 minutes,31311,0.059409603898025944,0.5246399029095206,0.5037986019930327,0.022157679902813254,0.004366424565549281,5.074559189144241,3.8839532368051266e-07,0.031042128603104215,31311,0.022157679902813254,5.074559189144241,31311,0.027086604231308153,6.322024445572929
2024,5,trade-count climax,1026,0.001946736086339453,0.5321637426900585,0.5037986019930327,0.028420467847374953,0.017947576623470136,1.5835267592734144,0.11330145249512547,0.9977827050997783,1026,0.028420467847374953,1.5835267592734144,1026,0.026775934595777984,1.2671273763671116
2024,10,large-trade burst,7768,0.014739170940608807,0.5136457260556128,0.5034182050012238,0.010380521332765236,0.006675228977161558,1.555080937040641,0.11992679440664866,0.9977827050997783,7768,0.010380521332765236,1.555080937040641,7768,0.01412045071651935,2.21486385017718
2024,10,large-trade burst with net large buying,3795,0.007200714948456542,0.49696969696969695,0.5034182050012238,-0.006495278681825534,0.009868215912579251,-0.6582019221474316,0.510408389860328,1.0,3795,-0.006495278681825534,-0.6582019221474316,3795,-0.009074661765092917,-0.9904186120580203
2024,10,large-trade burst with net large selling,3973,0.007538455992152264,0.5295746287440222,0.5034182050012238,0.02635510050814771,0.009144029418076457,2.8822195667970396,0.003948844622720493,0.3237250554323725,3973,0.02635510050814771,2.8822195667970396,3973,0.03607900660731034,4.133479400680482
2024,10,net taker buying in each of the last 3 minutes,72952,0.1384207001106197,0.4881703037613773,0.5034182050012238,-0.01769761789983143,0.0028118958642967783,-6.293838304804148,3.0971047948469277e-10,0.0066518847006651885,72952,-0.01769761789983143,-6.293838304804148,72952,-0.02308091053992567,-7.818557525970861
2024,10,net taker selling in each of the last 3 minutes,88222,0.1673943278478875,0.5226134070866677,0.5034182050012238,0.023054373429655217,0.002855489776565432,8.073701968348455,6.661338147750939e-16,0.0022172949002217295,88222,0.023054373429655217,8.073701968348455,88222,0.027013254437916634,9.656660722620849
2024,10,net taker buying in each of the last 5 minutes,24138,0.04579996243105244,0.4812329107631121,0.5034182050012238,-0.023250150245889778,0.005326345455139758,-4.36512247313101,1.2705155371106613e-05,0.04656319290465632,24138,-0.023250150245889778,-4.36512247313101,24138,-0.02810623192819328,-5.085443777209954
2024,10,net taker selling in each of the last 5 minutes,31311,0.059410167523352514,0.5325604420171824,0.5034182050012238,0.03098293858782719,0.005094888109462771,6.081181357110152,1.1930025856088378e-09,0.008869179600886918,31311,0.03098293858782719,6.081181357110152,31311,0.03368490211826913,6.708444146261329
2024,10,trade-count climax,1026,0.0019467545552348912,0.5448343079922028,0.5034182050012238,0.04149688724525169,0.02003871385871395,2.070835859917553,0.03837413781327026,0.9002217294900222,1026,0.04149688724525169,2.070835859917553,1026,0.0437884070543656,2.010406528492371
2024,15,large-trade burst,7768,0.014739310774041508,0.5095262615859938,0.505062368839488,0.004530671725076818,0.006939030502916723,0.652925754278269,0.5138041446655848,1.0,7768,0.004530671725076818,0.652925754278269,7768,-0.00039141152054800177,-0.05680618661515172
2024,15,large-trade burst with net large buying,3795,0.0072007832630648205,0.48853754940711464,0.505062368839488,-0.01664467412321896,0.010135895066105526,-1.642151385216962,0.10055863477237237,0.9955654101995566,3795,-0.01664467412321896,-1.642151385216962,3795,-0.026693920957515438,-2.5537195215304798
2024,15,large-trade burst with net large selling,3973,0.007538527510976688,0.5295746287440222,0.505062368839488,0.02469844984819325,0.009312005551372236,2.652323359553156,0.00799399433699799,0.49002217294900224,3973,0.02469844984819325,2.652323359553156,3973,0.024746911666924443,2.7137870753627267
2024,15,net taker buying in each of the last 3 minutes,72950,0.13841821845601546,0.4868540095956134,0.505062368839488,-0.021133640048939473,0.002986677749637939,-7.075969294478256,1.4841461393189093e-12,0.004434589800443459,72950,-0.021133640048939473,-7.075969294478256,72950,-0.024938267332288266,-8.448041653080052
2024,15,net taker selling in each of the last 3 minutes,88222,0.1673959159510157,0.5283262678243522,0.505062368839488,0.027941130040740392,0.0030301379645399093,9.221075201103234,0.0,0.0022172949002217295,88222,0.027941130040740392,9.221075201103234,88222,0.030016559015373145,10.206662921614106
2024,15,net taker buying in each of the last 5 minutes,24138,0.045800396944363275,0.4816886237467893,0.505062368839488,-0.024495655854235243,0.005348450412346268,-4.5799538119844785,4.650786246562788e-06,0.04212860310421286,24138,-0.024495655854235243,-4.5799538119844785,24138,-0.027220658306521983,-5.053981128438852
2024,15,net taker selling in each of the last 5 minutes,31311,0.059410731159373543,0.5406726070709974,0.505062368839488,0.0378594987325368,0.005373076464483973,7.046149255978028,1.8394175071989594e-12,0.0066518847006651885,31311,0.0378594987325368,7.046149255978028,31311,0.04069089625476874,7.726362310412144
2024,15,trade-count climax,1026,0.0019467730244807657,0.5380116959064327,0.505062368839488,0.03301359704711715,0.022444133075837223,1.4709232446433291,0.14131187562098124,1.0,1026,0.03301359704711715,1.4709232446433291,1026,0.042103017365975104,1.7154329784130995
2024,30,large-trade burst,7768,0.014739730290259595,0.5096549948506695,0.5057427643825271,0.003970758375647199,0.007748994416815127,0.5124224076133996,0.6083554119164651,1.0,7768,0.003970758375647199,0.5124224076133996,7768,0.0029293369748779607,0.39264439545397434
2024,30,large-trade burst with net large buying,3795,0.007200988214667246,0.4964426877470356,0.5057427643825271,-0.009367532123916389,0.01047427176221217,-0.894337318772982,0.37114143853810533,1.0,3795,-0.009367532123916389,-0.894337318772982,3795,-0.012548700025249715,-1.2309474947304975
2024,30,large-trade burst with net large selling,3973,0.00753874207559235,0.5222753586710295,0.5057427643825271,0.01665817598067043,0.009971785696656863,1.6705308845792028,0.09481437414452953,0.991130820399113,3973,0.01665817598067043,1.6705308845792028,3973,0.0176764432946529,1.8125202817335744
2024,30,net taker buying in each of the last 3 minutes,72947,0.13841646569046945,0.4881215128792137,0.5057427643825271,-0.020452168363959133,0.003053574725412428,-6.697778899514824,2.116107289396041e-11,0.0066518847006651885,72947,-0.020452168363959133,-6.697778899514824,72947,-0.022961688371962496,-7.357335904973824
2024,30,net taker selling in each of the last 3 minutes,88222,0.1674006804412052,0.5267960372696153,0.5057427643825271,0.025286199967404,0.0031737723835653852,7.967238009361505,1.5543122344752192e-15,0.0022172949002217295,88222,0.025286199967404,7.967238009361505,88222,0.02761875895175514,8.8461545598315
2024,30,net taker buying in each of the last 5 minutes,24137,0.04579980304016425,0.48224717239093506,0.5057427643825271,-0.024623335927251966,0.005651706903250241,-4.356796335827558,1.3197996774794163e-05,0.04878048780487805,24137,-0.024623335927251966,-4.356796335827558,24137,-0.026269270875577733,-4.4917602015962865
2024,30,net taker selling in each of the last 5 minutes,31311,0.059412422131606364,0.5302928683210373,0.5057427643825271,0.026100816676897676,0.005693454695154421,4.584354855604898,4.553902877679761e-06,0.04212860310421286,31311,0.026100816676897676,4.584354855604898,31311,0.02848170185797727,5.05889208052229
2024,30,trade-count climax,1026,0.0019468284343211052,0.5389863547758285,0.5057427643825271,0.03330843620400603,0.023487675392159894,1.4181240011144003,0.15615456512785952,1.0,1026,0.03330843620400603,1.4181240011144003,1026,0.03233567852951136,1.3785868297969424
2025,1,large-trade burst,7012,0.013340943683409438,0.5164004563605248,0.5169520547945206,-0.0005590567790002554,0.006415259186562602,-0.08714484680077392,0.9305563783603561,1.0,7012,-0.0005590567790002554,-0.08714484680077392,7012,0.00515174072370661,0.8725225528644237
2025,1,large-trade burst with net large buying,2842,0.005407153729071537,0.5063335679099226,0.5169520547945206,-0.010676214819370866,0.009606920338419332,-1.1113046057720792,0.2664372575723699,1.0,2842,-0.010676214819370866,-1.1113046057720792,2842,-0.005845770496970493,-0.6085368837375474
2025,1,large-trade burst with net large selling,4170,0.007933789954337899,0.5232613908872902,0.5169520547945206,0.006359793357420429,0.007877334176215094,0.8073535050249938,0.41946284611184126,1.0,4170,0.006359793357420429,0.8073535050249938,4170,0.012609858031531196,1.8281214874535103
2025,1,net taker buying in each of the last 3 minutes,71286,0.13562785388127854,0.5188816878489465,0.5169520547945206,0.0022324100366845068,0.002528253644520925,0.8829849969849535,0.3772443776529375,1.0,71286,0.0022324100366845068,0.8829849969849535,71286,0.001915464757903551,0.7941782211496556
2025,1,net taker selling in each of the last 3 minutes,99648,0.18958904109589042,0.5151131984585742,0.5169520547945206,-0.0022690417938486807,0.0019268695631376725,-1.1775793428143742,0.23896434915649323,1.0,99648,-0.0022690417938486807,-1.1775793428143742,99648,0.00030657610529433166,0.14465606701904676
2025,1,net taker buying in each of the last 5 minutes,25287,0.048110730593607307,0.5162731838494088,0.5169520547945206,-0.0007131826851405343,0.003573880701716045,-0.19955413867007102,0.8418292982891493,1.0,25287,-0.0007131826851405343,-0.19955413867007102,25287,0.00492863065775162,1.45249486177468
2025,1,net taker selling in each of the last 5 minutes,40697,0.07742960426179604,0.5116839079047596,0.5169520547945206,-0.005710292584822807,0.0027971943276317076,-2.0414357802797074,0.041207531037770195,0.9157427937915743,40697,-0.005710292584822807,-2.0414357802797074,40697,-0.0016343143727824416,-0.5780107331386056
2025,1,trade-count climax,3071,0.0058428462709284625,0.5219798111364377,0.5169520547945206,0.005057305399913892,0.00893459978499061,0.5660360308930398,0.5713692872768859,1.0,3071,0.005057305399913892,0.5660360308930398,3071,0.006254419558579916,0.6717846898889664
2025,1,trade-count climax at a new 1h high,676,0.0012861491628614915,0.5236686390532544,0.5169520547945206,0.0067252339127007454,0.02034694444509651,0.3305279537597345,0.7410010743110864,1.0,676,0.0067252339127007454,0.3305279537597345,676,0.009407245158149502,0.5025072637273644
2025,1,trade-count climax at a new 1h low,910,0.0017313546423135464,0.5351648351648352,0.5169520547945206,0.0182443678412727,0.019428630537273964,0.9390454878572504,0.3477073902473047,1.0,910,0.0182443678412727,0.9390454878572504,910,0.0214356399665821,1.0349158984776692
2025,1,trade-count climax with no new 1h high or low,1492,0.0028386605783866058,0.5120643431635389,0.5169520547945206,-0.004901625682576793,0.011137324643376375,-0.44010800075688766,0.6598588874970781,1.0,1492,-0.004901625682576793,-0.44010800075688766,1492,-0.004856309316023932,-0.42045408242661947
2025,3,large-trade burst,7012,0.013340994448228494,0.5121220764403879,0.5028310610009932,0.009416642818963483,0.006650124879227282,1.4160099231185657,0.15677259915014097,1.0,7012,0.009416642818963483,1.4160099231185657,7012,0.005008715073520964,0.8061317741721291
2025,3,large-trade burst with net large buying,2842,0.005407174304316227,0.5109078114004222,0.5028310610009932,0.008120660224730236,0.010898930900294956,0.7450877796197852,0.4562186561987054,1.0,2842,0.008120660224730236,0.7450877796197852,2842,-0.002315873706738525,-0.2418889537769459
2025,3,large-trade burst with net large selling,4170,0.007933820143912267,0.5129496402877698,0.5028310610009932,0.010199500287616403,0.0082475182383032,1.236675081268422,0.21620773339983002,1.0,4170,0.010199500287616403,1.236675081268422,4170,0.009958791637110775,1.2218082853796122
2025,3,net taker buying in each of the last 3 minutes,71286,0.13562836997096642,0.5010100159919199,0.5028310610009932,-0.0021067847969653553,0.002606190102372287,-0.8083772534657593,0.41887344231697954,1.0,71286,-0.0021067847969653553,-0.8083772534657593,71286,-0.008223275462044877,-3.3005606354467707
2025,3,net taker selling in each of the last 3 minutes,99648,0.1895897625181222,0.5077071290944123,0.5028310610009932,0.0060167898527172525,0.002269254608404806,2.6514388603343244,0.008014962259369707,0.49223946784922396,99648,0.0060167898527172525,2.6514388603343244,99648,0.013012711941715105,6.08576183078672
2025,3,net taker buying in each of the last 5 minutes,25287,0.04811091366405504,0.49978249693518406,0.5028310610009932,-0.0032026463057200916,0.004273798229165318,-0.7493676898138392,0.45363561957390974,1.0,25287,-0.0032026463057200916,-0.7493676898138392,25287,-0.00882241390988664,-2.3359672482174774
2025,3,net taker selling in each of the last 5 minutes,40697,0.07742989889611453,0.5084649974199572,0.5028310610009932,0.006106784093938056,0.0034350596223296902,1.7777811058185873,0.07543981281874323,0.9711751662971175,40697,0.006106784093938056,1.7777811058185873,40697,0.007795260834053519,2.524124919961321
2025,3,trade-count climax,3071,0.005842868504065845,0.5372842722240313,0.5028310610009932,0.03465569992059048,0.01169946604911185,2.9621608178623946,0.003054881806734411,0.2793791574279379,3071,0.03465569992059048,2.9621608178623946,3071,0.027156349350526132,2.296746962890716
2025,3,trade-count climax at a new 1h high,676,0.001286154056902804,0.5281065088757396,0.5028310610009932,0.025307997858864728,0.02164853959017768,1.1690394981815497,0.24238771800113534,1.0,676,0.025307997858864728,1.1690394981815497,676,0.011657150347206269,0.4990357357090911
2025,3,trade-count climax at a new 1h low,910,0.0017313612304460824,0.5637362637362637,0.5028310610009932,0.06101083452881095,0.02279298428149273,2.6767374458442483,0.007434286714512961,0.4700665188470067,910,0.06101083452881095,2.6767374458442483,910,0.04053736340809799,2.11169755699766
2025,3,trade-count climax with no new 1h high or low,1492,0.0028386713800280824,0.5234584450402144,0.5028310610009932,0.020686105093715046,0.016618605048210645,1.2447558043352354,0.2132215262606123,1.0,1492,0.020686105093715046,1.2447558043352354,1492,0.026021113507225024,1.6421391978596402
2025,5,large-trade burst,7012,0.013341045213433891,0.5088419851682829,0.49979261638216427,0.009171729240602944,0.0075654573179155735,1.2123165666249411,0.22539122468875483,1.0,7012,0.009171729240602944,1.2123165666249411,7012,0.008262394479982837,1.1191720046461502
2025,5,large-trade burst with net large buying,2842,0.005407194879717502,0.49577762139338494,0.49979261638216427,-0.004036822876768875,0.011119499989463525,-0.3630399640805825,0.7165750309518009,1.0,2842,-0.004036822876768875,-0.3630399640805825,2842,-0.009873024912877004,-0.8939385120945228
2025,5,large-trade burst with net large selling,4170,0.00793385033371639,0.5177458033573141,0.49979261638216427,0.018096763992188514,0.009537718510987952,1.897389189179791,0.05777659139916569,0.9467849223946785,4170,0.018096763992188514,1.897389189179791,4170,0.02056372507560228,2.1683045501688514
2025,5,net taker buying in each of the last 3 minutes,71286,0.13562888606458193,0.4961282720309738,0.49979261638216427,-0.0042393183808595025,0.0029127209250347343,-1.4554495572928767,0.14554484530004164,1.0,71286,-0.0042393183808595025,-1.4554495572928767,71286,-0.00940497527577605,-3.376766791430372
2025,5,net taker selling in each of the last 3 minutes,99648,0.18959048394584432,0.505218368657675,0.49979261638216427,0.0066950747344731165,0.0024389077024176437,2.7451119728050446,0.006049025454926804,0.4057649667405765,99648,0.0066950747344731165,2.7451119728050446,99648,0.012288565035504517,5.284140778406822
2025,5,net taker buying in each of the last 5 minutes,25287,0.04811109673589601,0.4927037608257207,0.49979261638216427,-0.0074471459139142104,0.0046845323952969,-1.5897309027878372,0.11189547479207707,0.9977827050997783,25287,-0.0074471459139142104,-1.5897309027878372,25287,-0.014411093864899471,-3.1302887809984536
2025,5,net taker selling in each of the last 5 minutes,40697,0.07743019353267529,0.5050249404132983,0.49979261638216427,0.0056714668033300275,0.0037198940104559704,1.5246312898670038,0.127351088411628,1.0,40697,0.0056714668033300275,1.5246312898670038,40697,0.011411801525163912,3.204570009835222
2025,5,trade-count climax,3071,0.00584289073737243,0.5333767502442202,0.49979261638216427,0.033781515566453535,0.011153958724311781,3.0286570357142786,0.0024564337411046022,0.2394678492239468,3071,0.033781515566453535,3.0286570357142786,3071,0.021867004130791567,1.704136746089364
2025,5,trade-count climax at a new 1h high,676,0.0012861589509813622,0.5088757396449705,0.49979261638216427,0.009094820647789936,0.022764927291157488,0.3995101996799529,0.6895173097722458,1.0,676,0.009094820647789936,0.3995101996799529,676,-0.003706329778287998,-0.17798506107105622
2025,5,trade-count climax at a new 1h low,910,0.0017313678186287567,0.5714285714285714,0.49979261638216427,0.07176019834447922,0.019754596028688433,3.6325824248831067,0.0002805989026566369,0.10199556541019955,910,0.07176019834447922,3.6325824248831067,910,0.0524755130363056,2.607530601871103
2025,5,trade-count climax with no new 1h high or low,1492,0.0028386821817517637,0.5214477211796247,0.49979261638216427,0.021716751753709185,0.01568747271133217,1.3843371812224183,0.16625523420078525,1.0,1492,0.021716751753709185,1.3843371812224183,1492,0.014853538472543448,0.8018986028731299
2025,10,large-trade burst,7012,0.013341172128137659,0.5021391899600685,0.4984807578516375,0.003707899838409079,0.008308683976574908,0.44626800692660207,0.6554036634421105,1.0,7012,0.003707899838409079,0.44626800692660207,7012,0.0017848546405202503,0.22126438954576425
2025,10,large-trade burst with net large buying,2842,0.005407246318905765,0.4912033779028853,0.4984807578516375,-0.0073169444698021335,0.012345071702052813,-0.5927016583132059,0.553380831443905,1.0,2842,-0.0073169444698021335,-0.5927016583132059,2842,-0.01810794458256204,-1.465956045117262
2025,10,large-trade burst with net large selling,4170,0.007933925809231893,0.5095923261390888,0.4984807578516375,0.011200431681443246,0.010212293303848555,1.0967596942424584,0.27274645382703877,1.0,4170,0.011200431681443246,1.0967596942424584,4170,0.01535756211522643,1.5997169124503088
2025,10,net taker buying in each of the last 3 minutes,71286,0.13563017631580448,0.48803411609572706,0.4984807578516375,-0.012085847364943614,0.003107348222303571,-3.8894409317228082,0.00010047541966407003,0.08425720620842572,71286,-0.012085847364943614,-3.8894409317228082,71286,-0.019314811180430436,-6.277292036668885
2025,10,net taker selling in each of the last 3 minutes,99646,0.1895884822989739,0.5069044417237019,0.4984807578516375,0.010394328915710238,0.0027516746356811587,3.7774556558854173,0.00015843870371723412,0.09090909090909091,99646,0.010394328915710238,3.7774556558854173,99646,0.013533680207756804,5.032964572230699
2025,10,net taker buying in each of the last 5 minutes,25287,0.048111554421593976,0.4838454541859453,0.4984807578516375,-0.01537501976589195,0.005448121665357803,-2.8220771690277964,0.004771369457079677,0.3614190687361419,25287,-0.01537501976589195,-2.8220771690277964,25287,-0.022548688546610296,-4.189660008442147
2025,10,net taker selling in each of the last 5 minutes,40697,0.07743093013388738,0.5110204683391896,0.4984807578516375,0.013592164421219854,0.004312265607582725,3.1519775584600533,0.001621687364701918,0.2017738359201774,40697,0.013592164421219854,3.1519775584600533,40697,0.015335325549458045,3.5768671025180345
2025,10,trade-count climax,3071,0.0058429463213791714,0.52979485509606,0.4984807578516375,0.03149813918087968,0.015370357426284821,2.049278250811186,0.04043491413515743,0.9090909090909091,3071,0.03149813918087968,2.049278250811186,3071,0.030390559259783345,1.9483723757490943
2025,10,trade-count climax at a new 1h high,676,0.0012861711863407098,0.46745562130177515,0.4984807578516375,-0.03106509157554782,0.0238868466393608,-1.3005103622325223,0.19342610707873908,1.0,676,-0.03106509157554782,-1.3005103622325223,676,-0.0364621671347522,-1.5065684813986513
2025,10,trade-count climax at a new 1h low,910,0.0017313842893048016,0.5692307692307692,0.4984807578516375,0.07087271929185396,0.018419659677687158,3.8476671410876473,0.00011924791977935278,0.08425720620842572,910,0.07087271929185396,3.8476671410876473,910,0.06589662403137636,3.389449683740185
2025,10,trade-count climax with no new 1h high or low,1492,0.00283870918642062,0.5335120643431636,0.4984807578516375,0.035131033278421986,0.02644790236807374,1.3283107593753818,0.1840754667634772,1.0,1492,0.035131033278421986,1.3283107593753818,1492,0.03902030599410877,1.5299837269159735
2025,15,large-trade burst,7012,0.013341299045256152,0.49786081003993155,0.4991647418310229,-0.001321563160421757,0.009078322797019358,-0.14557349303063552,0.8842580945328857,1.0,7012,-0.001321563160421757,-0.14557349303063552,7012,-0.0035050191647258977,-0.39243277255380926
2025,15,large-trade burst with net large buying,2842,0.00540729775907273,0.48064743138634763,0.4991647418310229,-0.01861798342472626,0.012071194351069972,-1.5423480795068127,0.12298903124017091,1.0,2842,-0.01861798342472626,-1.5423480795068127,2842,-0.02202759227459089,-1.8104158305680291
2025,15,large-trade burst with net large selling,4170,0.007934001286183422,0.5095923261390888,0.4991647418310229,0.010510978424404127,0.012090061657524836,0.8693899768378857,0.38463386352917883,1.0,4170,0.010510978424404127,0.8693899768378857,4170,0.009189118625470338,0.7758715326655266
2025,15,net taker buying in each of the last 3 minutes,71285,0.13562956395337775,0.4846180823455145,0.4991647418310229,-0.016829196000780144,0.0031956425385114926,-5.266294899372276,1.3920460739669238e-07,0.026607538802660754,71285,-0.016829196000780144,-5.266294899372276,71285,-0.02127463135997043,-6.702915123953408
2025,15,net taker selling in each of the last 3 minutes,99646,0.18959028589041566,0.5106075507295827,0.4991647418310229,0.014119782499315559,0.002816568191597268,5.013115798665704,5.355564383080491e-07,0.03547671840354767,99646,0.014119782499315559,5.013115798665704,99646,0.016989018714642534,6.153444828258662
2025,15,net taker buying in each of the last 5 minutes,25287,0.048112012116000046,0.4809190493138767,0.4991647418310229,-0.019167898691216212,0.005622938587932388,-3.408875695771105,0.0006523119560273294,0.13747228381374724,25287,-0.019167898691216212,-3.408875695771105,25287,-0.025764239048243653,-4.588000995321332
2025,15,net taker selling in each of the last 5 minutes,40697,0.07743166674911432,0.5118804825908544,0.4991647418310229,0.013782979863426026,0.00454446320094907,3.0329170363944358,0.002422021773240468,0.2394678492239468,40697,0.013782979863426026,3.0329170363944358,40697,0.016744377140528843,3.6929563656906357
2025,15,trade-count climax,3071,0.0058430019064434745,0.5317486160859655,0.4991647418310229,0.03277538086783777,0.01632349986166963,2.0078648050716112,0.04465766005057126,0.9290465631929047,3071,0.03277538086783777,2.0078648050716112,3071,0.025370171848724532,1.5261203420745493
2025,15,trade-count climax at a new 1h high,676,0.0012861834219328521,0.4881656804733728,0.4991647418310229,-0.011013226386850872,0.022526566351603366,-0.4888994716261756,0.6249128697976811,1.0,676,-0.011013226386850872,-0.4888994716261756,676,-0.03458470592704593,-1.4610165639614963
2025,15,trade-count climax at a new 1h low,910,0.001731400760294224,0.5736263736263736,0.4991647418310229,0.0745907783256547,0.021983160501972274,3.393087100417731,0.0006910965965771787,0.13747228381374724,910,0.0745907783256547,3.393087100417731,910,0.06701282692179933,2.913389821824178
2025,15,trade-count climax with no new 1h high or low,1492,0.002838736191603277,0.524798927613941,0.4991647418310229,0.025707161633029163,0.025751740330709726,0.9982689054367561,0.31814898138477066,1.0,1492,0.025707161633029163,0.9982689054367561,1492,0.026507150636905064,1.0094155105064517
2025,30,large-trade burst,7012,0.013341679811100689,0.4934398174557901,0.502072983478921,-0.008749904446635648,0.010372201499688812,-0.8435918302298855,0.3988975311377514,1.0,7012,-0.008749904446635648,-0.8435918302298855,7012,-0.01176571157833145,-1.1342821864965462
2025,30,large-trade burst with net large buying,2842,0.005407452085446115,0.4736101337086559,0.502072983478921,-0.028617598060578286,0.012393969451601193,-2.308993754771692,0.02094392779999854,0.7361419068736141,2842,-0.028617598060578286,-2.308993754771692,2842,-0.028521812249743372,-2.343244941321329
2025,30,large-trade burst with net large selling,4170,0.007934227725654573,0.5069544364508394,0.502072983478921,0.0049204932861733885,0.01436689230720513,0.34248835314967285,0.7319834074753584,1.0,4170,0.0049204932861733885,0.34248835314967285,4170,-0.00018849740183268793,-0.01297516134313696
2025,30,net taker buying in each of the last 3 minutes,71283,0.13562962948868945,0.48715682561059437,0.502072983478921,-0.017256674195695876,0.003473132092947657,-4.968620177371396,6.743100402495372e-07,0.03547671840354767,71283,-0.017256674195695876,-4.968620177371396,71283,-0.02053716307137926,-5.8742048674881655
2025,30,net taker selling in each of the last 3 minutes,99645,0.18959379417814148,0.5148878518741532,0.502072983478921,0.015812895191536946,0.0032043738070788503,4.934784810874544,8.023917732469243e-07,0.03547671840354767,99645,0.015812895191536946,4.934784810874544,99645,0.019051843343136088,5.976328817876829
2025,30,net taker buying in each of the last 5 minutes,25287,0.048113385251469354,0.48455728239807017,0.502072983478921,-0.01840103727635478,0.0061419512319337115,-2.9959595218996,0.0027358274734394783,0.2638580931263858,25287,-0.01840103727635478,-2.9959595218996,25287,-0.021171804446315834,-3.3347402301852145
2025,30,net taker selling in each of the last 5 minutes,40697,0.07743387667888829,0.5179742978597931,0.502072983478921,0.01723596171473274,0.005288820065787363,3.258942732090616,0.0011182823903364003,0.1662971175166297,40697,0.01723596171473274,3.258942732090616,40697,0.018892529707449257,3.575897459846099
2025,30,trade-count climax,3071,0.005843168667982061,0.5291436014327581,0.502072983478921,0.02722972583467198,0.021414565839953933,1.2715516176316073,0.20353247646048667,1.0,3071,0.02722972583467198,1.2715516176316073,3071,0.025059160942230152,1.1265479202754376
2025,30,trade-count climax at a new 1h high,676,0.0012862201301061132,0.47781065088757396,0.502072983478921,-0.024293579482309535,0.028716249060678507,-0.8459872120128327,0.39755987820179817,1.0,676,-0.024293579482309535,-0.8459872120128327,676,-0.040139016814351836,-1.3252762973878953
2025,30,trade-count climax at a new 1h low,910,0.0017314501751428447,0.5593406593406594,0.502072983478921,0.05736700397081096,0.018893689727198997,3.03630496737895,0.002394969926025281,0.2394678492239468,910,0.05736700397081096,3.03630496737895,910,0.05010926259846993,2.6872590600207578
2025,30,trade-count climax with no new 1h high or low,1492,0.0028388172102342024,0.5328418230563002,0.502072983478921,0.030856435357117462,0.035091307453979405,0.8793184864252842,0.37922861520333306,1.0,1492,0.030856435357117462,0.8793184864252842,1492,0.03937063379005634,1.135269961835654
2026,1,large-trade burst,5537,0.015823616826703246,0.5201372584432002,0.5166838134430727,0.0035089695903822715,0.006606382913619545,0.5311483812341958,0.5953159598086426,1.0,5537,0.0035089695903822715,0.5311483812341958,5537,0.006554578341785966,0.9094987163484367
2026,1,large-trade burst with net large buying,2660,0.007601737540009145,0.4620300751879699,0.5166838134430727,-0.055072384064463464,0.010454942213022275,-5.267593348901289,1.3822387767703503e-07,0.026607538802660754,2660,-0.055072384064463464,-5.267593348901289,2660,-0.03614493961102144,-3.4382878178063474
2026,1,large-trade burst with net large selling,2877,0.008221879286694102,0.5738616614529023,0.5166838134430727,0.05765185459899658,0.010031493077644367,5.747086116968602,9.07944941452854e-09,0.017738359201773836,2877,0.05765185459899658,5.747086116968602,2877,0.04595765835582327,4.402846748804519
2026,1,net taker buying in each of the last 3 minutes,53430,0.1526920438957476,0.5062511697548194,0.5166838134430727,-0.012312694119172907,0.0028207219844937964,-4.36508602650627,1.2707273949530418e-05,0.04656319290465632,53430,-0.012312694119172907,-4.36508602650627,53430,-0.009371043037716797,-3.1756576534394636
2026,1,net taker selling in each of the last 3 minutes,57241,0.16358310470964793,0.519924529620377,0.5166838134430727,0.003874522616116427,0.002852135477514534,1.35846373591371,0.17431658204392164,1.0,57241,0.003874522616116427,1.35846373591371,57241,0.007855405144987226,2.7018357051059243
2026,1,net taker buying in each of the last 5 minutes,19534,0.05582418838591678,0.5041466161564452,0.5166838134430727,-0.013278456334519961,0.003682890035707625,-3.60544469310191,0.0003116188544387555,0.11086474501108648,19534,-0.013278456334519961,-3.60544469310191,19534,-0.00562265118361871,-1.3973678184074874
2026,1,net taker selling in each of the last 5 minutes,21920,0.06264288980338363,0.5190693430656934,0.5166838134430727,0.0025449528217910133,0.00393220530264317,0.6472075148467792,0.5174976483380913,1.0,21920,0.0025449528217910133,0.6472075148467792,21920,0.009579246038810774,2.4121393086551293
2026,1,trade-count climax,2433,0.006953017832647462,0.48581997533908755,0.5166838134430727,-0.031079937463405816,0.009467537857766557,-3.28278987951549,0.0010278524754832041,0.15521064301552107,2433,-0.031079937463405816,-3.28278987951549,2433,-0.042202442815440944,-4.0621177899314596
2026,1,trade-count climax at a new 1h high,705,0.0020147462277091905,0.4666666666666667,0.5166838134430727,-0.05011812207379407,0.019558982534867476,-2.5624094701475046,0.01039486836458936,0.5787139689578714,705,-0.05011812207379407,-2.5624094701475046,705,-0.08008314088041235,-4.9473100799006975
2026,1,trade-count climax at a new 1h low,787,0.0022490855052583448,0.5044472681067345,0.5166838134430727,-0.012264128409779307,0.017758699693456226,-0.6905983332945501,0.4898179951733552,1.0,787,-0.012264128409779307,-0.6905983332945501,787,-0.02206591837363575,-1.293584045245446
2026,1,trade-count climax with no new 1h high or low,944,0.0026977594878829446,0.4830508474576271,0.5166838134430727,-0.03372394507824933,0.016500807158990705,-2.0437754803936574,0.04097573252054931,0.9157427937915743,944,-0.03372394507824933,-2.0437754803936574,944,-0.030582793707731037,-1.3688274018339937
2026,3,large-trade burst,5537,0.015823707268560062,0.5058696044789597,0.5022005155493573,0.0037280809918915914,0.007725861034593758,0.48254569622706417,0.6294183448481605,1.0,5537,0.0037280809918915914,0.48254569622706417,5537,0.002918199226171425,0.3845910852937243
2026,3,large-trade burst with net large buying,2660,0.007601780988688778,0.44661654135338347,0.5022005155493573,-0.05600974803375813,0.01019262184000934,-5.495126662494408,3.904300838186714e-08,0.022172949002217297,2660,-0.05600974803375813,-5.495126662494408,2660,-0.03521637419202128,-3.418417392643697
2026,3,large-trade burst with net large selling,2877,0.008221926279871283,0.5606534584636774,0.5022005155493573,0.05893752288257892,0.011196741576379685,5.263810232694106,1.4110009360912557e-07,0.026607538802660754,2877,0.05893752288257892,5.263810232694106,2877,0.038153753958047876,3.699081441399069
2026,3,net taker buying in each of the last 3 minutes,53430,0.15269291662618098,0.48583192962755006,0.5022005155493573,-0.01931836313303381,0.003155318669965354,-6.122476096287901,9.213223517434699e-10,0.0066518847006651885,53430,-0.01931836313303381,-6.122476096287901,53430,-0.024671529841921613,-8.132908504559365
2026,3,net taker selling in each of the last 3 minutes,57241,0.16358403968929863,0.5150504009363918,0.5022005155493573,0.015363032267176224,0.0031728846876305614,4.841976239183464,1.2855413924484083e-06,0.03547671840354767,57241,0.015363032267176224,4.841976239183464,57241,0.02097786255903522,7.126672839465009
2026,3,net taker buying in each of the last 5 minutes,19534,0.055824507456032554,0.4796764615542132,0.5022005155493573,-0.023855791823674366,0.004923832000082295,-4.844964617654634,1.266342442463042e-06,0.03547671840354767,19534,-0.023855791823674366,-4.844964617654634,19534,-0.027508690019217297,-5.950042090795826
2026,3,net taker selling in each of the last 5 minutes,21920,0.06264324784663836,0.5162864963503649,0.5022005155493573,0.01502734233113312,0.004690897035846619,3.2035114427577636,0.0013576264484445044,0.18625277161862527,21920,0.01502734233113312,3.2035114427577636,21920,0.025126153797982442,5.4574296220508005
2026,3,trade-count climax,2433,0.006953057573488646,0.5006165228113441,0.5022005155493573,-0.0015950834450411122,0.01315434285965512,-0.12125907482108399,0.9034858343221925,1.0,2433,-0.0015950834450411122,-0.12125907482108399,2433,-0.001576074206079081,-0.11233942445485799
2026,3,trade-count climax at a new 1h high,705,0.0020147577432427025,0.4524822695035461,0.5022005155493573,-0.049818618493177924,0.021287577049755656,-2.3402672073358275,0.019269947446593605,0.720620842572062,705,-0.049818618493177924,-2.3402672073358275,705,-0.07025525460664511,-3.5613163928400557
2026,3,trade-count climax at a new 1h low,787,0.002249098360187244,0.5514612452350699,0.5022005155493573,0.04937177165638451,0.01838471133974196,2.685479839417347,0.007242574402595903,0.4634146341463415,787,0.04937177165638451,2.685479839417347,787,0.058192215759428345,2.9869358465888296
2026,3,trade-count climax with no new 1h high or low,944,0.0026977749072639875,0.4936440677966102,0.5022005155493573,-0.00857959356498117,0.025421643891996904,-0.3374916902082067,0.7357462753444675,1.0,944,-0.00857959356498117,-0.3374916902082067,944,-0.0006027718251653269,-0.02377655035179054
2026,5,large-trade burst,5537,0.01582379771145075,0.5006321112515802,0.49943700773900024,0.0012143186451785692,0.0068743413253147395,0.17664509044769786,0.8597871739189653,1.0,5537,0.0012143186451785692,0.17664509044769786,5537,0.0018421623349739735,0.25487296969305057
2026,5,large-trade burst with net large buying,2660,0.007601824437865088,0.44473684210526315,0.49943700773900024,-0.05511917190169424,0.009370414538829792,-5.8822554405984375,4.047130852669056e-09,0.013303769401330377,2660,-0.05511917190169424,-5.8822554405984375,2660,-0.035964063521163825,-3.569673356517547
2026,5,large-trade burst with net large selling,2877,0.00822197327358566,0.5523114355231143,0.49943700773900024,0.05331276390407441,0.010181159648149958,5.236413703989211,1.6372673994347053e-07,0.026607538802660754,2877,0.05331276390407441,5.236413703989211,2877,0.03679044073305071,3.7558664883440716
2026,5,net taker buying in each of the last 3 minutes,53429,0.1526909315378548,0.48314585711879315,0.49943700773900024,-0.019226928197257853,0.0033193917714331505,-5.792304591077723,6.9427081861306306e-09,0.015521064301552107,53429,-0.019226928197257853,-5.792304591077723,53429,-0.022681421818116443,-6.902724180523209
2026,5,net taker selling in each of the last 3 minutes,57241,0.1635849746796374,0.5123076116769448,0.49943700773900024,0.015387820099256266,0.0032007248642470882,4.807604762015672,1.5274937754661266e-06,0.03547671840354767,57241,0.015387820099256266,4.807604762015672,57241,0.021856893961353263,6.825022618416828
2026,5,net taker buying in each of the last 5 minutes,19534,0.05582482652979572,0.47803829220845706,0.49943700773900024,-0.02266392522469607,0.005017412718936534,-4.517054205877606,6.270585765300041e-06,0.04212860310421286,19534,-0.02266392522469607,-4.517054205877606,19534,-0.023467359606749838,-4.451516028571
2026,5,net taker selling in each of the last 5 minutes,21920,0.06264360589398599,0.5148266423357665,0.49943700773900024,0.016418125158727703,0.005279477105045618,3.1098013746544773,0.0018721318979362245,0.21507760532150777,21920,0.016418125158727703,3.1098013746544773,21920,0.023688331320223466,4.579023666338585
2026,5,trade-count climax,2433,0.00695309731478412,0.49773941635840524,0.49943700773900024,-0.0017094775443180499,0.013281748601926345,-0.12870877137895173,0.8975880945879451,1.0,2433,-0.0017094775443180499,-0.12870877137895173,2433,-0.00035977122775004977,-0.024314053961190688
2026,5,trade-count climax at a new 1h high,705,0.002014769258907852,0.44680851063829785,0.49943700773900024,-0.05273474544470069,0.01964479350496313,-2.6844133246489763,0.007265722006052133,0.4634146341463415,705,-0.05273474544470069,-2.6844133246489763,705,-0.061340841078604935,-2.891883191828031
2026,5,trade-count climax at a new 1h low,787,0.002249111215263092,0.5527318932655655,0.49943700773900024,0.0534150218512745,0.021971530127650785,2.4311015910563567,0.015052993188223063,0.656319290465632,787,0.0534150218512745,2.4311015910563567,787,0.05985241406147618,3.0604587367862326
2026,5,trade-count climax with no new 1h high or low,944,0.0026977903268212942,0.4883474576271186,0.49943700773900024,-0.011119548321782746,0.029252147132333095,-0.3801275944456072,0.7038507031011054,1.0,944,-0.011119548321782746,-0.3801275944456072,944,-0.005526850583126741,-0.1805290630805441
2026,10,large-trade burst,5537,0.015824023823200757,0.49051833122629585,0.49804664614716315,-0.007649358552839602,0.008024095094215743,-0.9532985916821607,0.3404388048524942,1.0,5537,-0.007649358552839602,-0.9532985916821607,5537,-0.0029617481862551642,-0.3433185332265031
2026,10,large-trade burst with net large buying,2660,0.007601933062978872,0.44360902255639095,0.49804664614716315,-0.05485462477651809,0.00945486042366051,-5.80173818740317,6.563098287060143e-09,0.015521064301552107,2660,-0.05485462477651809,-5.80173818740317,2660,-0.041708511078301036,-4.2599952546171895
2026,10,large-trade burst with net large selling,2877,0.008222090760221885,0.5338894681960376,0.49804664614716315,0.036139968147051005,0.012391090726248975,2.916609114199528,0.003538589279420412,0.29933481152993346,2877,0.036139968147051005,2.916609114199528,2877,0.03293031367987237,2.555693760428219
2026,10,net taker buying in each of the last 3 minutes,53428,0.15269025552211848,0.4874223253724639,0.49804664614716315,-0.012538886568861596,0.003514132465680685,-3.5681314496016934,0.0003595361288784016,0.11529933481152993,53428,-0.012538886568861596,-3.5681314496016934,53428,-0.014478300234576691,-4.16736229479092
2026,10,net taker selling in each of the last 3 minutes,57241,0.1635873122022457,0.5147883510071453,0.49804664614716315,0.02001608189859294,0.0036570822770317464,5.473238057646026,4.418858612353915e-08,0.022172949002217297,57241,0.02001608189859294,5.473238057646026,57241,0.021930223742898103,6.355443395803892
2026,10,net taker buying in each of the last 5 minutes,19533,0.05582276636058883,0.48507653714227206,0.49804664614716315,-0.013736943174213923,0.005892168562007092,-2.3313900526862406,0.019732801574867453,0.7250554323725056,19533,-0.013736943174213923,-2.3313900526862406,19533,-0.014468710395768358,-2.4956140174538075
2026,10,net taker selling in each of the last 5 minutes,21920,0.06264450103026198,0.519206204379562,0.49804664614716315,0.022573674828446244,0.005957042452721017,3.789409762916025,0.000151005651495284,0.09090909090909091,21920,0.022573674828446244,3.789409762916025,21920,0.02588476271057555,4.45540264066103
2026,10,trade-count climax,2433,0.0069531966700103745,0.5092478421701603,0.49804664614716315,0.011279625477304933,0.01745316659320627,0.6462795972907049,0.5180982986378528,1.0,2433,0.011279625477304933,0.6462795972907049,2433,0.0065436604671026966,0.35524598101413807
2026,10,trade-count climax at a new 1h high,705,0.0020147980486466557,0.4397163120567376,0.49804664614716315,-0.05844809519857874,0.021799056914994105,-2.6812212760624625,0.007335399343783688,0.4678492239467849,705,-0.05844809519857874,-2.6812212760624625,705,-0.08339010041137701,-3.5750775317063903
2026,10,trade-count climax at a new 1h low,787,0.002249143353595629,0.5463786531130876,0.49804664614716315,0.0484409576238059,0.02198996328840901,2.202866689156289,0.027604146055984602,0.8248337028824834,787,0.0484409576238059,2.202866689156289,787,0.06818524860632486,3.219836758115566
2026,10,trade-count climax with no new 1h high or low,944,0.002697828876485735,0.5286016949152542,0.49804664614716315,0.030637704050788528,0.03358246902793139,0.9123124337673437,0.3616042708332603,1.0,944,0.030637704050788528,0.9123124337673437,944,0.020657722212867213,0.5813799355860924
2026,15,large-trade burst,5537,0.015824249941412835,0.4934079826620914,0.4978508513715112,-0.004514304187189455,0.009732449779120377,-0.4638404810343095,0.6427620380767762,1.0,5537,-0.004514304187189455,-0.4638404810343095,5537,-0.004902772933863431,-0.5274482285603675
2026,15,large-trade burst with net large buying,2660,0.007602041691197064,0.44548872180451127,0.4978508513715112,-0.05276323790128806,0.010491063794290266,-5.0293505916916,4.921438110372378e-07,0.03325942350332594,2660,-0.05276323790128806,-5.0293505916916,2660,-0.04332886971118266,-4.233915538498472
2026,15,large-trade burst with net large selling,2877,0.008222208250215772,0.537712895377129,0.4978508513715112,0.04019251523598805,0.014699962657301663,2.734191655651853,0.006253363403453616,0.41685144124168516,2877,0.04019251523598805,2.734191655651853,2877,0.03072238106214631,2.2200202505149
2026,15,net taker buying in each of the last 3 minutes,53424,0.15268100575583157,0.48693471099131475,0.4978508513715112,-0.012883153162326966,0.0038180827549896385,-3.3742467068034854,0.000740179990421197,0.13968957871396895,53424,-0.012883153162326966,-3.3742467068034854,53424,-0.015088525409556686,-3.854392080072481
2026,15,net taker selling in each of the last 3 minutes,57241,0.16358964979165833,0.5143690711203508,0.4978508513715112,0.019748942304127493,0.0038120375009198476,5.180678914979734,2.210797604984549e-07,0.026607538802660754,57241,0.019748942304127493,5.180678914979734,57241,0.023163259999827823,6.126597459120495
2026,15,net taker buying in each of the last 5 minutes,19531,0.05581784822209394,0.48783984435000766,0.4978508513715112,-0.01060283442411264,0.006265639241198288,-1.6922191042210202,0.09060420527828139,0.9844789356984479,19531,-0.01060283442411264,-1.6922191042210202,19531,-0.013387833767299073,-2.1011868101534557
2026,15,net taker selling in each of the last 5 minutes,21920,0.06264539619212017,0.5186587591240875,0.4978508513715112,0.02219854435882318,0.006324916231893456,3.5096977643572242,0.00044861630685710807,0.1286031042128603,21920,0.02219854435882318,3.5096977643572242,21920,0.026552251306702968,4.097594665980313
2026,15,trade-count climax,2433,0.006953296028076112,0.5178791615289766,0.4978508513715112,0.0201685480424611,0.019230953727556677,1.0487544366331094,0.29429115279104856,1.0,2433,0.0201685480424611,1.0487544366331094,2433,0.02009712756599985,1.036178092335848
2026,15,trade-count climax at a new 1h high,705,0.0020148268392082445,0.4453900709219858,0.4978508513715112,-0.05256669323390151,0.02258715122573749,-2.327283007429599,0.01995020757114485,0.7250554323725056,705,-0.05256669323390151,-2.327283007429599,705,-0.06217503906232463,-2.5648562786629694
2026,15,trade-count climax at a new 1h low,787,0.00224917549284665,0.5667090216010165,0.4978508513715112,0.06901339346275998,0.0236518839318366,2.9178814534035724,0.003524183038510431,0.29711751662971175,787,0.06901339346275998,2.9178814534035724,787,0.08081586290105236,3.571595115736989
2026,15,trade-count climax with no new 1h high or low,944,0.0026978674272518906,0.5307203389830508,0.4978508513715112,0.03295840501889424,0.0369266558991318,0.8925369551178108,0.3721051940223601,1.0,944,0.03295840501889424,0.8925369551178108,944,0.03011285333481506,0.8321067070299665
2026,30,large-trade burst,5537,0.015824928334824274,0.4928661730178797,0.5004615723182363,-0.00771752863797448,0.010846491479139396,-0.7115230443703644,0.47676017587559016,1.0,5537,-0.00771752863797448,-0.7115230443703644,5537,-0.0026466746214513504,-0.2403889862473365
2026,30,large-trade burst with net large buying,2660,0.007602367594479424,0.4635338345864662,0.5004615723182363,-0.037210626593555174,0.012896087842782105,-2.8854197526563707,0.0039089210069558344,0.31929046563192903,2660,-0.037210626593555174,-2.8854197526563707,2660,-0.022700277986596573,-1.7292958010483777
2026,30,large-trade burst with net large selling,2877,0.00822256074034485,0.5199860966284324,0.5004615723182363,0.019686396904502024,0.014762250684387475,1.3335633790125456,0.1823469914059377,1.0,2877,0.019686396904502024,1.3335633790125456,2877,0.015946539838737284,1.0901922595198068
2026,30,net taker buying in each of the last 3 minutes,53420,0.15267611913424467,0.49183826282291276,0.5004615723182363,-0.010177111362083435,0.0043276698351407145,-2.3516376594732824,0.01869097212794868,0.7117516629711752,53420,-0.010177111362083435,-2.3516376594732824,53420,-0.013333987103133271,-3.1075707832229966
2026,30,net taker selling in each of the last 3 minutes,57241,0.16359666296075062,0.5168672804458343,0.5004615723182363,0.019614589518104908,0.004099071536320534,4.785129838380823,1.708768343267053e-06,0.03547671840354767,57241,0.019614589518104908,4.785129838380823,57241,0.022403926450239364,5.519559277520491
2026,30,net taker buying in each of the last 5 minutes,19529,0.05581452509495814,0.49316401249423936,0.5004615723182363,-0.007728947349810555,0.007245932619721068,-1.066660118916215,0.2861253421882082,1.0,19529,-0.007728947349810555,-1.066660118916215,19529,-0.009722950425150922,-1.3813496196525807
2026,30,net taker selling in each of the last 5 minutes,21920,0.06264808183119885,0.5218978102189781,0.5004615723182363,0.022868932665779773,0.006875335249525644,3.326228007188099,0.000880298873700891,0.14412416851441243,21920,0.022868932665779773,3.326228007188099,21920,0.026738445246416387,3.9665633248962338
2026,30,trade-count climax,2433,0.006953594119311443,0.5421290587751747,0.5004615723182363,0.0419592540793553,0.02776511157705099,1.5112222388487124,0.1307318381951763,1.0,2433,0.0419592540793553,1.5112222388487124,2433,0.04579941518632025,1.6076471713406493
2026,30,trade-count climax at a new 1h high,705,0.0020149132158300727,0.4666666666666667,0.5004615723182363,-0.033863136933706794,0.030322440812991045,-1.11676817649847,0.2640934589360664,1.0,705,-0.033863136933706794,-1.11676817649847,705,-0.02522076368655235,-0.792598857471903
2026,30,trade-count climax at a new 1h low,787,0.0022492719161110175,0.5578144853875476,0.5004615723182363,0.05748220618135125,0.026603712092992754,2.1606836662651934,0.030719783486967245,0.8514412416851441,787,0.05748220618135125,2.1606836662651934,787,0.06905839777567002,2.538051211379692
2026,30,trade-count climax with no new 1h high or low,944,0.0026979830861611188,0.5847457627118644,0.5004615723182363,0.08451220288759309,0.051369046107744835,1.645197045519039,0.09992918261693329,0.9955654101995566,944,0.08451220288759309,1.645197045519039,944,0.07825370668451281,1.498393727219632
