t,time_utc,minute,model,trained_through,prob_up,outcome_up
1788220800,2026-09-01 00:00,0,forest,2026-08,0.4273,1
1788220800,2026-09-01 00:00,3,xgb-all,2026-08,0.6167,1
1788221700,2026-09-01 00:15,0,forest,2026-08,0.433,1
1788221700,2026-09-01 00:15,3,xgb-all,2026-08,0.6714,1
1788222600,2026-09-01 00:30,0,forest,2026-08,0.4531,0
1788222600,2026-09-01 00:30,3,xgb-all,2026-08,0.1392,0
1788223500,2026-09-01 00:45,0,forest,2026-08,0.4916,0
1788223500,2026-09-01 00:45,3,xgb-all,2026-08,0.5898,0
1788224400,2026-09-01 01:00,0,forest,2026-08,0.507,0
1788224400,2026-09-01 01:00,3,xgb-all,2026-08,0.6179,0
1788225300,2026-09-01 01:15,0,forest,2026-08,0.5696,0
1788225300,2026-09-01 01:15,3,xgb-all,2026-08,0.3801,0
1788226200,2026-09-01 01:30,0,forest,2026-08,0.5395,1
1788226200,2026-09-01 01:30,3,xgb-all,2026-08,0.6013,1
1788227100,2026-09-01 01:45,0,forest,2026-08,0.5196,0
1788227100,2026-09-01 01:45,3,xgb-all,2026-08,0.3517,0
1788228000,2026-09-01 02:00,0,forest,2026-08,0.5376,0
1788228000,2026-09-01 02:00,3,xgb-all,2026-08,0.2473,0
1788228900,2026-09-01 02:15,0,forest,2026-08,0.5205,0
1788228900,2026-09-01 02:15,3,xgb-all,2026-08,0.2992,0
1788229800,2026-09-01 02:30,0,forest,2026-08,0.5548,1
1788229800,2026-09-01 02:30,3,xgb-all,2026-08,0.8484,1
1788230700,2026-09-01 02:45,0,forest,2026-08,0.502,1
1788230700,2026-09-01 02:45,3,xgb-all,2026-08,0.354,1
1788231600,2026-09-01 03:00,0,forest,2026-08,0.5078,0
1788231600,2026-09-01 03:00,3,xgb-all,2026-08,0.4119,0
1788232500,2026-09-01 03:15,0,forest,2026-08,0.5392,1
1788232500,2026-09-01 03:15,3,xgb-all,2026-08,0.5408,1
1788233400,2026-09-01 03:30,0,forest,2026-08,0.4834,1
1788233400,2026-09-01 03:30,3,xgb-all,2026-08,0.8703,1
1788234300,2026-09-01 03:45,0,forest,2026-08,0.4747,0
1788234300,2026-09-01 03:45,3,xgb-all,2026-08,0.1541,0
1788235200,2026-09-01 04:00,0,forest,2026-08,0.532,0
1788235200,2026-09-01 04:00,3,xgb-all,2026-08,0.7629,0
1788236100,2026-09-01 04:15,0,forest,2026-08,0.4693,1
1788236100,2026-09-01 04:15,3,xgb-all,2026-08,0.762,1
1788237000,2026-09-01 04:30,0,forest,2026-08,0.4385,0
1788237000,2026-09-01 04:30,3,xgb-all,2026-08,0.3685,0
1788237900,2026-09-01 04:45,0,forest,2026-08,0.4806,1
1788237900,2026-09-01 04:45,3,xgb-all,2026-08,0.7196,1
1788238800,2026-09-01 05:00,0,forest,2026-08,0.4829,1
1788238800,2026-09-01 05:00,3,xgb-all,2026-08,0.8085,1
1788239700,2026-09-01 05:15,0,forest,2026-08,0.4502,1
1788239700,2026-09-01 05:15,3,xgb-all,2026-08,0.4871,1
1788240600,2026-09-01 05:30,0,forest,2026-08,0.3303,1
1788240600,2026-09-01 05:30,3,xgb-all,2026-08,0.7018,1
1788241500,2026-09-01 05:45,0,forest,2026-08,0.4442,1
1788241500,2026-09-01 05:45,3,xgb-all,2026-08,0.1969,1
1788242400,2026-09-01 06:00,0,forest,2026-08,0.3866,0
1788242400,2026-09-01 06:00,3,xgb-all,2026-08,0.2145,0
1788243300,2026-09-01 06:15,0,forest,2026-08,0.4041,0
1788243300,2026-09-01 06:15,3,xgb-all,2026-08,0.2299,0
1788244200,2026-09-01 06:30,0,forest,2026-08,0.5196,0
1788244200,2026-09-01 06:30,3,xgb-all,2026-08,0.6158,0
1788245100,2026-09-01 06:45,0,forest,2026-08,0.5003,0
1788245100,2026-09-01 06:45,3,xgb-all,2026-08,0.2286,0
1788246000,2026-09-01 07:00,0,forest,2026-08,0.4982,0
1788246000,2026-09-01 07:00,3,xgb-all,2026-08,0.5902,0
1788246900,2026-09-01 07:15,0,forest,2026-08,0.4798,1
1788246900,2026-09-01 07:15,3,xgb-all,2026-08,0.7127,1
1788247800,2026-09-01 07:30,0,forest,2026-08,0.5167,0
1788247800,2026-09-01 07:30,3,xgb-all,2026-08,0.4779,0
1788248700,2026-09-01 07:45,0,forest,2026-08,0.5377,1
1788248700,2026-09-01 07:45,3,xgb-all,2026-08,0.4742,1
1788249600,2026-09-01 08:00,0,forest,2026-08,0.4634,0
1788249600,2026-09-01 08:00,3,xgb-all,2026-08,0.3165,0
1788250500,2026-09-01 08:15,0,forest,2026-08,0.5442,0
1788250500,2026-09-01 08:15,3,xgb-all,2026-08,0.3764,0
1788251400,2026-09-01 08:30,0,forest,2026-08,0.5877,1
1788251400,2026-09-01 08:30,3,xgb-all,2026-08,0.5538,1
1788252300,2026-09-01 08:45,0,forest,2026-08,0.5327,0
1788252300,2026-09-01 08:45,3,xgb-all,2026-08,0.6935,0
1788253200,2026-09-01 09:00,0,forest,2026-08,0.5308,0
1788253200,2026-09-01 09:00,3,xgb-all,2026-08,0.434,0
1788254100,2026-09-01 09:15,0,forest,2026-08,0.5184,1
1788254100,2026-09-01 09:15,3,xgb-all,2026-08,0.7474,1
1788255000,2026-09-01 09:30,0,forest,2026-08,0.4713,1
1788255000,2026-09-01 09:30,3,xgb-all,2026-08,0.6209,1
1788255900,2026-09-01 09:45,0,forest,2026-08,0.483,0
1788255900,2026-09-01 09:45,3,xgb-all,2026-08,0.2656,0
1788256800,2026-09-01 10:00,0,forest,2026-08,0.4772,0
1788256800,2026-09-01 10:00,3,xgb-all,2026-08,0.7209,0
1788257700,2026-09-01 10:15,0,forest,2026-08,0.5354,1
1788257700,2026-09-01 10:15,3,xgb-all,2026-08,0.2614,1
1788258600,2026-09-01 10:30,0,forest,2026-08,0.5099,1
1788258600,2026-09-01 10:30,3,xgb-all,2026-08,0.8123,1
1788259500,2026-09-01 10:45,0,forest,2026-08,0.5206,0
1788259500,2026-09-01 10:45,3,xgb-all,2026-08,0.5426,0
1788260400,2026-09-01 11:00,0,forest,2026-08,0.4968,0
1788260400,2026-09-01 11:00,3,xgb-all,2026-08,0.459,0
1788261300,2026-09-01 11:15,0,forest,2026-08,0.4835,1
1788261300,2026-09-01 11:15,3,xgb-all,2026-08,0.5825,1
1788262200,2026-09-01 11:30,0,forest,2026-08,0.5568,1
1788262200,2026-09-01 11:30,3,xgb-all,2026-08,0.7096,1
1788263100,2026-09-01 11:45,0,forest,2026-08,0.4934,0
1788263100,2026-09-01 11:45,3,xgb-all,2026-08,0.4869,0
1788264000,2026-09-01 12:00,0,forest,2026-08,0.4868,0
1788264000,2026-09-01 12:00,3,xgb-all,2026-08,0.2373,0
1788264900,2026-09-01 12:15,0,forest,2026-08,0.4868,0
1788264900,2026-09-01 12:15,3,xgb-all,2026-08,0.7121,0
1788265800,2026-09-01 12:30,0,forest,2026-08,0.5316,0
1788265800,2026-09-01 12:30,3,xgb-all,2026-08,0.2463,0
1788266700,2026-09-01 12:45,0,forest,2026-08,0.4578,1
1788266700,2026-09-01 12:45,3,xgb-all,2026-08,0.7266,1
1788267600,2026-09-01 13:00,0,forest,2026-08,0.5104,0
1788267600,2026-09-01 13:00,3,xgb-all,2026-08,0.1948,0
1788268500,2026-09-01 13:15,0,forest,2026-08,0.5264,1
1788268500,2026-09-01 13:15,3,xgb-all,2026-08,0.6003,1
1788269400,2026-09-01 13:30,0,forest,2026-08,0.4533,1
1788269400,2026-09-01 13:30,3,xgb-all,2026-08,0.5429,1
1788270300,2026-09-01 13:45,0,forest,2026-08,0.4655,1
1788270300,2026-09-01 13:45,3,xgb-all,2026-08,0.8193,1
1788271200,2026-09-01 14:00,0,forest,2026-08,0.4988,1
1788271200,2026-09-01 14:00,3,xgb-all,2026-08,0.6914,1
1788272100,2026-09-01 14:15,0,forest,2026-08,0.472,0
1788272100,2026-09-01 14:15,3,xgb-all,2026-08,0.5144,0
1788273000,2026-09-01 14:30,0,forest,2026-08,0.4962,1
1788273000,2026-09-01 14:30,3,xgb-all,2026-08,0.4988,1
1788273900,2026-09-01 14:45,0,forest,2026-08,0.4447,0
1788273900,2026-09-01 14:45,3,xgb-all,2026-08,0.518,0
1788274800,2026-09-01 15:00,0,forest,2026-08,0.5224,0
1788274800,2026-09-01 15:00,3,xgb-all,2026-08,0.1167,0
1788275700,2026-09-01 15:15,0,forest,2026-08,0.5424,1
1788275700,2026-09-01 15:15,3,xgb-all,2026-08,0.3759,1
1788276600,2026-09-01 15:30,0,forest,2026-08,0.5065,1
1788276600,2026-09-01 15:30,3,xgb-all,2026-08,0.4314,1
1788277500,2026-09-01 15:45,0,forest,2026-08,0.4789,0
1788277500,2026-09-01 15:45,3,xgb-all,2026-08,0.4731,0
1788278400,2026-09-01 16:00,0,forest,2026-08,0.5031,0
1788278400,2026-09-01 16:00,3,xgb-all,2026-08,0.3062,0
1788279300,2026-09-01 16:15,0,forest,2026-08,0.5869,0
1788279300,2026-09-01 16:15,3,xgb-all,2026-08,0.4487,0
1788280200,2026-09-01 16:30,0,forest,2026-08,0.4864,0
1788280200,2026-09-01 16:30,3,xgb-all,2026-08,0.3636,0
1788281100,2026-09-01 16:45,0,forest,2026-08,0.523,1
1788281100,2026-09-01 16:45,3,xgb-all,2026-08,0.8123,1
1788282000,2026-09-01 17:00,0,forest,2026-08,0.5391,0
1788282000,2026-09-01 17:00,3,xgb-all,2026-08,0.6306,0
1788282900,2026-09-01 17:15,0,forest,2026-08,0.4825,0
1788282900,2026-09-01 17:15,3,xgb-all,2026-08,0.3237,0
1788283800,2026-09-01 17:30,0,forest,2026-08,0.5155,1
1788283800,2026-09-01 17:30,3,xgb-all,2026-08,0.7348,1
1788284700,2026-09-01 17:45,0,forest,2026-08,0.5281,0
1788284700,2026-09-01 17:45,3,xgb-all,2026-08,0.2189,0
1788285600,2026-09-01 18:00,0,forest,2026-08,0.5872,0
1788285600,2026-09-01 18:00,3,xgb-all,2026-08,0.5935,0
1788286500,2026-09-01 18:15,0,forest,2026-08,0.5951,0
1788286500,2026-09-01 18:15,3,xgb-all,2026-08,0.262,0
1788287400,2026-09-01 18:30,0,forest,2026-08,0.5731,0
1788287400,2026-09-01 18:30,3,xgb-all,2026-08,0.5571,0
1788288300,2026-09-01 18:45,0,forest,2026-08,0.6288,1
1788288300,2026-09-01 18:45,3,xgb-all,2026-08,0.6522,1
1788289200,2026-09-01 19:00,0,forest,2026-08,0.458,1
1788289200,2026-09-01 19:00,3,xgb-all,2026-08,0.3719,1
1788290100,2026-09-01 19:15,0,forest,2026-08,0.5036,1
1788290100,2026-09-01 19:15,3,xgb-all,2026-08,0.6555,1
1788291000,2026-09-01 19:30,0,forest,2026-08,0.4809,0
1788291000,2026-09-01 19:30,3,xgb-all,2026-08,0.4545,0
1788291900,2026-09-01 19:45,0,forest,2026-08,0.4494,1
1788291900,2026-09-01 19:45,3,xgb-all,2026-08,0.3696,1
1788292800,2026-09-01 20:00,0,forest,2026-08,0.5039,1
1788292800,2026-09-01 20:00,3,xgb-all,2026-08,0.3662,1
1788293700,2026-09-01 20:15,0,forest,2026-08,0.4638,0
1788293700,2026-09-01 20:15,3,xgb-all,2026-08,0.2954,0
1788294600,2026-09-01 20:30,0,forest,2026-08,0.4772,0
1788294600,2026-09-01 20:30,3,xgb-all,2026-08,0.4544,0
1788295500,2026-09-01 20:45,0,forest,2026-08,0.494,1
1788295500,2026-09-01 20:45,3,xgb-all,2026-08,0.3869,1
1788296400,2026-09-01 21:00,0,forest,2026-08,0.4806,0
1788296400,2026-09-01 21:00,3,xgb-all,2026-08,0.5602,0
1788297300,2026-09-01 21:15,0,forest,2026-08,0.559,1
1788297300,2026-09-01 21:15,3,xgb-all,2026-08,0.2357,1
1788298200,2026-09-01 21:30,0,forest,2026-08,0.4768,0
1788298200,2026-09-01 21:30,3,xgb-all,2026-08,0.2178,0
1788299100,2026-09-01 21:45,0,forest,2026-08,0.4864,1
1788299100,2026-09-01 21:45,3,xgb-all,2026-08,0.5764,1
1788300000,2026-09-01 22:00,0,forest,2026-08,0.4606,1
1788300000,2026-09-01 22:00,3,xgb-all,2026-08,0.6095,1
1788300900,2026-09-01 22:15,0,forest,2026-08,0.4213,0
1788300900,2026-09-01 22:15,3,xgb-all,2026-08,0.2469,0
1788301800,2026-09-01 22:30,0,forest,2026-08,0.5474,1
1788301800,2026-09-01 22:30,3,xgb-all,2026-08,0.4333,1
1788302700,2026-09-01 22:45,0,forest,2026-08,0.4709,1
1788302700,2026-09-01 22:45,3,xgb-all,2026-08,0.7813,1
1788303600,2026-09-01 23:00,0,forest,2026-08,0.5094,0
1788303600,2026-09-01 23:00,3,xgb-all,2026-08,0.3482,0
1788304500,2026-09-01 23:15,0,forest,2026-08,0.4554,1
1788304500,2026-09-01 23:15,3,xgb-all,2026-08,0.7566,1
1788305400,2026-09-01 23:30,0,forest,2026-08,0.3907,1
1788305400,2026-09-01 23:30,3,xgb-all,2026-08,0.7475,1
1788306300,2026-09-01 23:45,0,forest,2026-08,0.4279,0
1788306300,2026-09-01 23:45,3,xgb-all,2026-08,0.3903,0
1788307200,2026-09-02 00:00,0,forest,2026-08,0.4996,0
1788307200,2026-09-02 00:00,3,xgb-all,2026-08,0.4051,0
1788308100,2026-09-02 00:15,0,forest,2026-08,0.5185,0
1788308100,2026-09-02 00:15,3,xgb-all,2026-08,0.6693,0
1788309000,2026-09-02 00:30,0,forest,2026-08,0.4582,0
1788309000,2026-09-02 00:30,3,xgb-all,2026-08,0.7364,0
1788309900,2026-09-02 00:45,0,forest,2026-08,0.4912,0
1788309900,2026-09-02 00:45,3,xgb-all,2026-08,0.5528,0
1788310800,2026-09-02 01:00,0,forest,2026-08,0.4889,1
1788310800,2026-09-02 01:00,3,xgb-all,2026-08,0.5245,1
1788311700,2026-09-02 01:15,0,forest,2026-08,0.483,0
1788311700,2026-09-02 01:15,3,xgb-all,2026-08,0.2579,0
1788312600,2026-09-02 01:30,0,forest,2026-08,0.5847,0
1788312600,2026-09-02 01:30,3,xgb-all,2026-08,0.5437,0
1788313500,2026-09-02 01:45,0,forest,2026-08,0.5696,1
1788313500,2026-09-02 01:45,3,xgb-all,2026-08,0.5503,1
1788314400,2026-09-02 02:00,0,forest,2026-08,0.4958,1
1788314400,2026-09-02 02:00,3,xgb-all,2026-08,0.5903,1
1788315300,2026-09-02 02:15,0,forest,2026-08,0.4973,1
1788315300,2026-09-02 02:15,3,xgb-all,2026-08,0.7381,1
1788316200,2026-09-02 02:30,0,forest,2026-08,0.4144,0
1788316200,2026-09-02 02:30,3,xgb-all,2026-08,0.286,0
1788317100,2026-09-02 02:45,0,forest,2026-08,0.526,1
1788317100,2026-09-02 02:45,3,xgb-all,2026-08,0.564,1
1788318000,2026-09-02 03:00,0,forest,2026-08,0.4758,1
1788318000,2026-09-02 03:00,3,xgb-all,2026-08,0.7114,1
1788318900,2026-09-02 03:15,0,forest,2026-08,0.4894,1
1788318900,2026-09-02 03:15,3,xgb-all,2026-08,0.6747,1
1788319800,2026-09-02 03:30,0,forest,2026-08,0.389,0
1788319800,2026-09-02 03:30,3,xgb-all,2026-08,0.1933,0
1788320700,2026-09-02 03:45,0,forest,2026-08,0.471,1
1788320700,2026-09-02 03:45,3,xgb-all,2026-08,0.6962,1
1788321600,2026-09-02 04:00,0,forest,2026-08,0.4305,0
1788321600,2026-09-02 04:00,3,xgb-all,2026-08,0.2188,0
1788322500,2026-09-02 04:15,0,forest,2026-08,0.4736,1
1788322500,2026-09-02 04:15,3,xgb-all,2026-08,0.2853,1
1788323400,2026-09-02 04:30,0,forest,2026-08,0.4857,1
1788323400,2026-09-02 04:30,3,xgb-all,2026-08,0.7202,1
1788324300,2026-09-02 04:45,0,forest,2026-08,0.4118,0
1788324300,2026-09-02 04:45,3,xgb-all,2026-08,0.3698,0
1788325200,2026-09-02 05:00,0,forest,2026-08,0.4736,1
1788325200,2026-09-02 05:00,3,xgb-all,2026-08,0.1732,1
1788326100,2026-09-02 05:15,0,forest,2026-08,0.4617,1
1788326100,2026-09-02 05:15,3,xgb-all,2026-08,0.7312,1
1788327000,2026-09-02 05:30,0,forest,2026-08,0.4209,0
1788327000,2026-09-02 05:30,3,xgb-all,2026-08,0.2726,0
1788327900,2026-09-02 05:45,0,forest,2026-08,0.4787,0
1788327900,2026-09-02 05:45,3,xgb-all,2026-08,0.6949,0
1788328800,2026-09-02 06:00,0,forest,2026-08,0.5073,0
1788328800,2026-09-02 06:00,3,xgb-all,2026-08,0.6231,0
1788329700,2026-09-02 06:15,0,forest,2026-08,0.5328,0
1788329700,2026-09-02 06:15,3,xgb-all,2026-08,0.6659,0
1788330600,2026-09-02 06:30,0,forest,2026-08,0.4596,1
1788330600,2026-09-02 06:30,3,xgb-all,2026-08,0.2607,1
1788331500,2026-09-02 06:45,0,forest,2026-08,0.475,0
1788331500,2026-09-02 06:45,3,xgb-all,2026-08,0.338,0
1788332400,2026-09-02 07:00,0,forest,2026-08,0.5025,1
1788332400,2026-09-02 07:00,3,xgb-all,2026-08,0.5927,1
1788333300,2026-09-02 07:15,0,forest,2026-08,0.5027,0
1788333300,2026-09-02 07:15,3,xgb-all,2026-08,0.2269,0
1788334200,2026-09-02 07:30,0,forest,2026-08,0.4843,0
1788334200,2026-09-02 07:30,3,xgb-all,2026-08,0.6268,0
1788335100,2026-09-02 07:45,0,forest,2026-08,0.4729,0
1788335100,2026-09-02 07:45,3,xgb-all,2026-08,0.6039,0
1788336000,2026-09-02 08:00,0,forest,2026-08,0.5223,0
1788336000,2026-09-02 08:00,3,xgb-all,2026-08,0.2728,0
1788336900,2026-09-02 08:15,0,forest,2026-08,0.5917,0
1788336900,2026-09-02 08:15,3,xgb-all,2026-08,0.5988,0
1788337800,2026-09-02 08:30,0,forest,2026-08,0.5241,0
1788337800,2026-09-02 08:30,3,xgb-all,2026-08,0.2629,0
1788338700,2026-09-02 08:45,0,forest,2026-08,0.531,0
1788338700,2026-09-02 08:45,3,xgb-all,2026-08,0.3528,0
1788339600,2026-09-02 09:00,0,forest,2026-08,0.5621,1
1788339600,2026-09-02 09:00,3,xgb-all,2026-08,0.8907,1
1788340500,2026-09-02 09:15,0,forest,2026-08,0.5023,0
1788340500,2026-09-02 09:15,3,xgb-all,2026-08,0.3695,0
1788341400,2026-09-02 09:30,0,forest,2026-08,0.5103,0
1788341400,2026-09-02 09:30,3,xgb-all,2026-08,0.1489,0
1788342300,2026-09-02 09:45,0,forest,2026-08,0.5034,1
1788342300,2026-09-02 09:45,3,xgb-all,2026-08,0.6562,1
1788343200,2026-09-02 10:00,0,forest,2026-08,0.4881,0
1788343200,2026-09-02 10:00,3,xgb-all,2026-08,0.1872,0
1788344100,2026-09-02 10:15,0,forest,2026-08,0.528,0
1788344100,2026-09-02 10:15,3,xgb-all,2026-08,0.5634,0
1788345000,2026-09-02 10:30,0,forest,2026-08,0.53,1
1788345000,2026-09-02 10:30,3,xgb-all,2026-08,0.2497,1
1788345900,2026-09-02 10:45,0,forest,2026-08,0.5509,1
1788345900,2026-09-02 10:45,3,xgb-all,2026-08,0.2171,1
1788346800,2026-09-02 11:00,0,forest,2026-08,0.4812,1
1788346800,2026-09-02 11:00,3,xgb-all,2026-08,0.372,1
1788347700,2026-09-02 11:15,0,forest,2026-08,0.4878,0
1788347700,2026-09-02 11:15,3,xgb-all,2026-08,0.2269,0
1788348600,2026-09-02 11:30,0,forest,2026-08,0.5351,1
1788348600,2026-09-02 11:30,3,xgb-all,2026-08,0.7436,1
1788349500,2026-09-02 11:45,0,forest,2026-08,0.5497,1
1788349500,2026-09-02 11:45,3,xgb-all,2026-08,0.3805,1
1788350400,2026-09-02 12:00,0,forest,2026-08,0.4974,0
1788350400,2026-09-02 12:00,3,xgb-all,2026-08,0.2842,0
1788351300,2026-09-02 12:15,0,forest,2026-08,0.4671,1
1788351300,2026-09-02 12:15,3,xgb-all,2026-08,0.7743,1
1788352200,2026-09-02 12:30,0,forest,2026-08,0.4377,0
1788352200,2026-09-02 12:30,3,xgb-all,2026-08,0.2504,0
1788353100,2026-09-02 12:45,0,forest,2026-08,0.5234,0
1788353100,2026-09-02 12:45,3,xgb-all,2026-08,0.4252,0
1788354000,2026-09-02 13:00,0,forest,2026-08,0.5557,1
1788354000,2026-09-02 13:00,3,xgb-all,2026-08,0.8534,1
1788354900,2026-09-02 13:15,0,forest,2026-08,0.4545,1
1788354900,2026-09-02 13:15,3,xgb-all,2026-08,0.7618,1
1788355800,2026-09-02 13:30,0,forest,2026-08,0.4948,1
1788355800,2026-09-02 13:30,3,xgb-all,2026-08,0.1897,1
1788356700,2026-09-02 13:45,0,forest,2026-08,0.4004,0
1788356700,2026-09-02 13:45,3,xgb-all,2026-08,0.2017,0
1788357600,2026-09-02 14:00,0,forest,2026-08,0.5426,1
1788357600,2026-09-02 14:00,3,xgb-all,2026-08,0.6626,1
1788358500,2026-09-02 14:15,0,forest,2026-08,0.4913,0
1788358500,2026-09-02 14:15,3,xgb-all,2026-08,0.3009,0
1788359400,2026-09-02 14:30,0,forest,2026-08,0.4821,0
1788359400,2026-09-02 14:30,3,xgb-all,2026-08,0.1813,0
1788360300,2026-09-02 14:45,0,forest,2026-08,0.5002,0
1788360300,2026-09-02 14:45,3,xgb-all,2026-08,0.3264,0
1788361200,2026-09-02 15:00,0,forest,2026-08,0.5404,0
1788361200,2026-09-02 15:00,3,xgb-all,2026-08,0.3636,0
1788362100,2026-09-02 15:15,0,forest,2026-08,0.5436,1
1788362100,2026-09-02 15:15,3,xgb-all,2026-08,0.7493,1
1788363000,2026-09-02 15:30,0,forest,2026-08,0.4804,1
1788363000,2026-09-02 15:30,3,xgb-all,2026-08,0.7938,1
1788363900,2026-09-02 15:45,0,forest,2026-08,0.5229,0
1788363900,2026-09-02 15:45,3,xgb-all,2026-08,0.254,0
1788364800,2026-09-02 16:00,0,forest,2026-08,0.509,1
1788364800,2026-09-02 16:00,3,xgb-all,2026-08,0.4087,1
1788365700,2026-09-02 16:15,0,forest,2026-08,0.4558,1
1788365700,2026-09-02 16:15,3,xgb-all,2026-08,0.5019,1
1788366600,2026-09-02 16:30,0,forest,2026-08,0.4339,0
1788366600,2026-09-02 16:30,3,xgb-all,2026-08,0.6638,0
1788367500,2026-09-02 16:45,0,forest,2026-08,0.552,0
1788367500,2026-09-02 16:45,3,xgb-all,2026-08,0.4178,0
1788368400,2026-09-02 17:00,0,forest,2026-08,0.5112,0
1788368400,2026-09-02 17:00,3,xgb-all,2026-08,0.4357,0
1788369300,2026-09-02 17:15,0,forest,2026-08,0.507,0
1788369300,2026-09-02 17:15,3,xgb-all,2026-08,0.3715,0
1788370200,2026-09-02 17:30,0,forest,2026-08,0.4975,1
1788370200,2026-09-02 17:30,3,xgb-all,2026-08,0.7276,1
1788371100,2026-09-02 17:45,0,forest,2026-08,0.4612,1
1788371100,2026-09-02 17:45,3,xgb-all,2026-08,0.6868,1
1788372000,2026-09-02 18:00,0,forest,2026-08,0.4482,1
1788372000,2026-09-02 18:00,3,xgb-all,2026-08,0.4228,1
1788372900,2026-09-02 18:15,0,forest,2026-08,0.4564,1
1788372900,2026-09-02 18:15,3,xgb-all,2026-08,0.4152,1
1788373800,2026-09-02 18:30,0,forest,2026-08,0.5054,0
1788373800,2026-09-02 18:30,3,xgb-all,2026-08,0.5912,0
1788374700,2026-09-02 18:45,0,forest,2026-08,0.4852,1
1788374700,2026-09-02 18:45,3,xgb-all,2026-08,0.4785,1
1788375600,2026-09-02 19:00,0,forest,2026-08,0.457,1
1788375600,2026-09-02 19:00,3,xgb-all,2026-08,0.3782,1
1788376500,2026-09-02 19:15,0,forest,2026-08,0.4956,0
1788376500,2026-09-02 19:15,3,xgb-all,2026-08,0.2243,0
1788377400,2026-09-02 19:30,0,forest,2026-08,0.5286,1
1788377400,2026-09-02 19:30,3,xgb-all,2026-08,0.5384,1
1788378300,2026-09-02 19:45,0,forest,2026-08,0.4524,1
1788378300,2026-09-02 19:45,3,xgb-all,2026-08,0.4114,1
1788379200,2026-09-02 20:00,0,forest,2026-08,0.4947,1
1788379200,2026-09-02 20:00,3,xgb-all,2026-08,0.7545,1
1788380100,2026-09-02 20:15,0,forest,2026-08,0.519,1
1788380100,2026-09-02 20:15,3,xgb-all,2026-08,0.2668,1
1788381000,2026-09-02 20:30,0,forest,2026-08,0.4877,0
1788381000,2026-09-02 20:30,3,xgb-all,2026-08,0.7408,0
1788381900,2026-09-02 20:45,0,forest,2026-08,0.4866,1
1788381900,2026-09-02 20:45,3,xgb-all,2026-08,0.4842,1
1788382800,2026-09-02 21:00,0,forest,2026-08,0.486,0
1788382800,2026-09-02 21:00,3,xgb-all,2026-08,0.2961,0
1788383700,2026-09-02 21:15,0,forest,2026-08,0.5064,0
1788383700,2026-09-02 21:15,3,xgb-all,2026-08,0.2862,0
1788384600,2026-09-02 21:30,0,forest,2026-08,0.5061,1
1788384600,2026-09-02 21:30,3,xgb-all,2026-08,0.3591,1
1788385500,2026-09-02 21:45,0,forest,2026-08,0.4885,0
1788385500,2026-09-02 21:45,3,xgb-all,2026-08,0.1212,0
1788386400,2026-09-02 22:00,0,forest,2026-08,0.5719,0
1788386400,2026-09-02 22:00,3,xgb-all,2026-08,0.2247,0
1788387300,2026-09-02 22:15,0,forest,2026-08,0.5444,0
1788387300,2026-09-02 22:15,3,xgb-all,2026-08,0.5039,0
1788388200,2026-09-02 22:30,0,forest,2026-08,0.5334,1
1788388200,2026-09-02 22:30,3,xgb-all,2026-08,0.7652,1
1788389100,2026-09-02 22:45,0,forest,2026-08,0.4976,0
1788389100,2026-09-02 22:45,3,xgb-all,2026-08,0.2681,0
1788390000,2026-09-02 23:00,0,forest,2026-08,0.5785,1
1788390000,2026-09-02 23:00,3,xgb-all,2026-08,0.5752,1
1788390900,2026-09-02 23:15,0,forest,2026-08,0.4692,0
1788390900,2026-09-02 23:15,3,xgb-all,2026-08,0.2112,0
1788391800,2026-09-02 23:30,0,forest,2026-08,0.5145,0
1788391800,2026-09-02 23:30,3,xgb-all,2026-08,0.2885,0
1788392700,2026-09-02 23:45,0,forest,2026-08,0.5211,1
1788392700,2026-09-02 23:45,3,xgb-all,2026-08,0.761,1
1788393600,2026-09-03 00:00,0,forest,2026-08,0.4695,0
1788393600,2026-09-03 00:00,3,xgb-all,2026-08,0.7208,0
1788394500,2026-09-03 00:15,0,forest,2026-08,0.4989,0
1788394500,2026-09-03 00:15,3,xgb-all,2026-08,0.3137,0
1788395400,2026-09-03 00:30,0,forest,2026-08,0.5708,1
1788395400,2026-09-03 00:30,3,xgb-all,2026-08,0.5952,1
1788396300,2026-09-03 00:45,0,forest,2026-08,0.5483,0
1788396300,2026-09-03 00:45,3,xgb-all,2026-08,0.5098,0
1788397200,2026-09-03 01:00,0,forest,2026-08,0.4856,1
1788397200,2026-09-03 01:00,3,xgb-all,2026-08,0.7345,1
1788398100,2026-09-03 01:15,0,forest,2026-08,0.2977,1
1788398100,2026-09-03 01:15,3,xgb-all,2026-08,0.2109,1
1788399000,2026-09-03 01:30,0,forest,2026-08,0.3811,0
1788399000,2026-09-03 01:30,3,xgb-all,2026-08,0.7194,0
1788399900,2026-09-03 01:45,0,forest,2026-08,0.4731,1
1788399900,2026-09-03 01:45,3,xgb-all,2026-08,0.3845,1
1788400800,2026-09-03 02:00,0,forest,2026-08,0.4895,1
1788400800,2026-09-03 02:00,3,xgb-all,2026-08,0.2746,1
1788401700,2026-09-03 02:15,0,forest,2026-08,0.4573,1
1788401700,2026-09-03 02:15,3,xgb-all,2026-08,0.3321,1
1788402600,2026-09-03 02:30,0,forest,2026-08,0.3563,1
1788402600,2026-09-03 02:30,3,xgb-all,2026-08,0.7052,1
1788403500,2026-09-03 02:45,0,forest,2026-08,0.4196,1
1788403500,2026-09-03 02:45,3,xgb-all,2026-08,0.4849,1
1788404400,2026-09-03 03:00,0,forest,2026-08,0.4351,1
1788404400,2026-09-03 03:00,3,xgb-all,2026-08,0.2227,1
1788405300,2026-09-03 03:15,0,forest,2026-08,0.3904,0
1788405300,2026-09-03 03:15,3,xgb-all,2026-08,0.3736,0
1788406200,2026-09-03 03:30,0,forest,2026-08,0.4876,0
1788406200,2026-09-03 03:30,3,xgb-all,2026-08,0.4496,0
1788407100,2026-09-03 03:45,0,forest,2026-08,0.5326,1
1788407100,2026-09-03 03:45,3,xgb-all,2026-08,0.3479,1
1788408000,2026-09-03 04:00,0,forest,2026-08,0.4215,0
1788408000,2026-09-03 04:00,3,xgb-all,2026-08,0.5938,0
1788408900,2026-09-03 04:15,0,forest,2026-08,0.536,0
1788408900,2026-09-03 04:15,3,xgb-all,2026-08,0.4234,0
1788409800,2026-09-03 04:30,0,forest,2026-08,0.5023,0
1788409800,2026-09-03 04:30,3,xgb-all,2026-08,0.6253,0
1788410700,2026-09-03 04:45,0,forest,2026-08,0.4293,1
1788410700,2026-09-03 04:45,3,xgb-all,2026-08,0.7403,1
1788411600,2026-09-03 05:00,0,forest,2026-08,0.4233,0
1788411600,2026-09-03 05:00,3,xgb-all,2026-08,0.6031,0
1788412500,2026-09-03 05:15,0,forest,2026-08,0.4945,0
1788412500,2026-09-03 05:15,3,xgb-all,2026-08,0.1813,0
1788413400,2026-09-03 05:30,0,forest,2026-08,0.5336,1
1788413400,2026-09-03 05:30,3,xgb-all,2026-08,0.8264,1
1788414300,2026-09-03 05:45,0,forest,2026-08,0.476,1
1788414300,2026-09-03 05:45,3,xgb-all,2026-08,0.3954,1
1788415200,2026-09-03 06:00,0,forest,2026-08,0.4263,0
1788415200,2026-09-03 06:00,3,xgb-all,2026-08,0.2554,0
1788416100,2026-09-03 06:15,0,forest,2026-08,0.4719,1
1788416100,2026-09-03 06:15,3,xgb-all,2026-08,0.5973,1
1788417000,2026-09-03 06:30,0,forest,2026-08,0.4641,1
1788417000,2026-09-03 06:30,3,xgb-all,2026-08,0.3559,1
1788417900,2026-09-03 06:45,0,forest,2026-08,0.4195,1
1788417900,2026-09-03 06:45,3,xgb-all,2026-08,0.5139,1
1788418800,2026-09-03 07:00,0,forest,2026-08,0.4427,1
1788418800,2026-09-03 07:00,3,xgb-all,2026-08,0.6732,1
1788419700,2026-09-03 07:15,0,forest,2026-08,0.4437,0
1788419700,2026-09-03 07:15,3,xgb-all,2026-08,0.2038,0
1788420600,2026-09-03 07:30,0,forest,2026-08,0.5052,0
1788420600,2026-09-03 07:30,3,xgb-all,2026-08,0.3404,0
1788421500,2026-09-03 07:45,0,forest,2026-08,0.4835,0
1788421500,2026-09-03 07:45,3,xgb-all,2026-08,0.2078,0
1788422400,2026-09-03 08:00,0,forest,2026-08,0.5482,1
1788422400,2026-09-03 08:00,3,xgb-all,2026-08,0.8084,1
1788423300,2026-09-03 08:15,0,forest,2026-08,0.5037,1
1788423300,2026-09-03 08:15,3,xgb-all,2026-08,0.3895,1
1788424200,2026-09-03 08:30,0,forest,2026-08,0.4906,0
1788424200,2026-09-03 08:30,3,xgb-all,2026-08,0.4257,0
1788425100,2026-09-03 08:45,0,forest,2026-08,0.4722,0
1788425100,2026-09-03 08:45,3,xgb-all,2026-08,0.5314,0
1788426000,2026-09-03 09:00,0,forest,2026-08,0.4808,1
1788426000,2026-09-03 09:00,3,xgb-all,2026-08,0.4308,1
1788426900,2026-09-03 09:15,0,forest,2026-08,0.4922,0
1788426900,2026-09-03 09:15,3,xgb-all,2026-08,0.6135,0
1788427800,2026-09-03 09:30,0,forest,2026-08,0.4679,0
1788427800,2026-09-03 09:30,3,xgb-all,2026-08,0.4908,0
1788428700,2026-09-03 09:45,0,forest,2026-08,0.4878,0
1788428700,2026-09-03 09:45,3,xgb-all,2026-08,0.591,0
1788429600,2026-09-03 10:00,0,forest,2026-08,0.5608,0
1788429600,2026-09-03 10:00,3,xgb-all,2026-08,0.5599,0
1788430500,2026-09-03 10:15,0,forest,2026-08,0.5386,1
1788430500,2026-09-03 10:15,3,xgb-all,2026-08,0.5617,1
1788431400,2026-09-03 10:30,0,forest,2026-08,0.5267,0
1788431400,2026-09-03 10:30,3,xgb-all,2026-08,0.3937,0
1788432300,2026-09-03 10:45,0,forest,2026-08,0.5315,1
1788432300,2026-09-03 10:45,3,xgb-all,2026-08,0.5998,1
1788433200,2026-09-03 11:00,0,forest,2026-08,0.4565,1
1788433200,2026-09-03 11:00,3,xgb-all,2026-08,0.6571,1
1788434100,2026-09-03 11:15,0,forest,2026-08,0.4985,1
1788434100,2026-09-03 11:15,3,xgb-all,2026-08,0.7031,1
1788435000,2026-09-03 11:30,0,forest,2026-08,0.4742,1
1788435000,2026-09-03 11:30,3,xgb-all,2026-08,0.545,1
1788435900,2026-09-03 11:45,0,forest,2026-08,0.4657,1
1788435900,2026-09-03 11:45,3,xgb-all,2026-08,0.4836,1
1788436800,2026-09-03 12:00,0,forest,2026-08,0.4911,1
1788436800,2026-09-03 12:00,3,xgb-all,2026-08,0.4298,1
1788437700,2026-09-03 12:15,0,forest,2026-08,0.3776,0
1788437700,2026-09-03 12:15,3,xgb-all,2026-08,0.218,0
1788438600,2026-09-03 12:30,0,forest,2026-08,0.4829,1
1788438600,2026-09-03 12:30,3,xgb-all,2026-08,0.8976,1
1788439500,2026-09-03 12:45,0,forest,2026-08,0.4395,1
1788439500,2026-09-03 12:45,3,xgb-all,2026-08,0.5893,1
1788440400,2026-09-03 13:00,0,forest,2026-08,0.351,0
1788440400,2026-09-03 13:00,3,xgb-all,2026-08,0.3876,0
1788441300,2026-09-03 13:15,0,forest,2026-08,0.478,0
1788441300,2026-09-03 13:15,3,xgb-all,2026-08,0.3096,0
1788442200,2026-09-03 13:30,0,forest,2026-08,0.4495,1
1788442200,2026-09-03 13:30,3,xgb-all,2026-08,0.7592,1
1788443100,2026-09-03 13:45,0,forest,2026-08,0.3641,0
1788443100,2026-09-03 13:45,3,xgb-all,2026-08,0.2863,0
1788444000,2026-09-03 14:00,0,forest,2026-08,0.4534,1
1788444000,2026-09-03 14:00,3,xgb-all,2026-08,0.4563,1
1788444900,2026-09-03 14:15,0,forest,2026-08,0.4429,1
1788444900,2026-09-03 14:15,3,xgb-all,2026-08,0.7599,1
1788445800,2026-09-03 14:30,0,forest,2026-08,0.3737,1
1788445800,2026-09-03 14:30,3,xgb-all,2026-08,0.7309,1
1788446700,2026-09-03 14:45,0,forest,2026-08,0.4894,1
1788446700,2026-09-03 14:45,3,xgb-all,2026-08,0.7657,1
1788447600,2026-09-03 15:00,0,forest,2026-08,0.3542,1
1788447600,2026-09-03 15:00,3,xgb-all,2026-08,0.822,1
1788448500,2026-09-03 15:15,0,forest,2026-08,0.4447,1
1788448500,2026-09-03 15:15,3,xgb-all,2026-08,0.4257,1
1788449400,2026-09-03 15:30,0,forest,2026-08,0.4197,1
1788449400,2026-09-03 15:30,3,xgb-all,2026-08,0.5531,1
1788450300,2026-09-03 15:45,0,forest,2026-08,0.4726,1
1788450300,2026-09-03 15:45,3,xgb-all,2026-08,0.2402,1
1788451200,2026-09-03 16:00,0,forest,2026-08,0.4172,0
1788451200,2026-09-03 16:00,3,xgb-all,2026-08,0.1332,0
1788452100,2026-09-03 16:15,0,forest,2026-08,0.5315,0
1788452100,2026-09-03 16:15,3,xgb-all,2026-08,0.2267,0
1788453000,2026-09-03 16:30,0,forest,2026-08,0.5514,1
1788453000,2026-09-03 16:30,3,xgb-all,2026-08,0.7832,1
1788453900,2026-09-03 16:45,0,forest,2026-08,0.467,1
1788453900,2026-09-03 16:45,3,xgb-all,2026-08,0.7856,1
1788454800,2026-09-03 17:00,0,forest,2026-08,0.4707,1
1788454800,2026-09-03 17:00,3,xgb-all,2026-08,0.299,1
1788455700,2026-09-03 17:15,0,forest,2026-08,0.3969,0
1788455700,2026-09-03 17:15,3,xgb-all,2026-08,0.3528,0
1788456600,2026-09-03 17:30,0,forest,2026-08,0.4519,1
1788456600,2026-09-03 17:30,3,xgb-all,2026-08,0.708,1
1788457500,2026-09-03 17:45,0,forest,2026-08,0.4584,0
1788457500,2026-09-03 17:45,3,xgb-all,2026-08,0.7037,0
1788458400,2026-09-03 18:00,0,forest,2026-08,0.4157,1
1788458400,2026-09-03 18:00,3,xgb-all,2026-08,0.7226,1
1788459300,2026-09-03 18:15,0,forest,2026-08,0.4798,0
1788459300,2026-09-03 18:15,3,xgb-all,2026-08,0.2681,0
1788460200,2026-09-03 18:30,0,forest,2026-08,0.4814,1
1788460200,2026-09-03 18:30,3,xgb-all,2026-08,0.5787,1
1788461100,2026-09-03 18:45,0,forest,2026-08,0.489,1
1788461100,2026-09-03 18:45,3,xgb-all,2026-08,0.5748,1
1788462000,2026-09-03 19:00,0,forest,2026-08,0.4465,0
1788462000,2026-09-03 19:00,3,xgb-all,2026-08,0.4389,0
1788462900,2026-09-03 19:15,0,forest,2026-08,0.4674,1
1788462900,2026-09-03 19:15,3,xgb-all,2026-08,0.653,1
1788463800,2026-09-03 19:30,0,forest,2026-08,0.4729,0
1788463800,2026-09-03 19:30,3,xgb-all,2026-08,0.1704,0
1788464700,2026-09-03 19:45,0,forest,2026-08,0.455,1
1788464700,2026-09-03 19:45,3,xgb-all,2026-08,0.3027,1
1788465600,2026-09-03 20:00,0,forest,2026-08,0.4559,0
1788465600,2026-09-03 20:00,3,xgb-all,2026-08,0.1273,0
1788466500,2026-09-03 20:15,0,forest,2026-08,0.5135,1
1788466500,2026-09-03 20:15,3,xgb-all,2026-08,0.7576,1
1788467400,2026-09-03 20:30,0,forest,2026-08,0.4802,0
1788467400,2026-09-03 20:30,3,xgb-all,2026-08,0.3471,0
1788468300,2026-09-03 20:45,0,forest,2026-08,0.4689,1
1788468300,2026-09-03 20:45,3,xgb-all,2026-08,0.5624,1
1788469200,2026-09-03 21:00,0,forest,2026-08,0.5283,1
1788469200,2026-09-03 21:00,3,xgb-all,2026-08,0.4369,1
1788470100,2026-09-03 21:15,0,forest,2026-08,0.4296,1
1788470100,2026-09-03 21:15,3,xgb-all,2026-08,0.6077,1
1788471000,2026-09-03 21:30,0,forest,2026-08,0.3938,0
1788471000,2026-09-03 21:30,3,xgb-all,2026-08,0.8213,0
1788471900,2026-09-03 21:45,0,forest,2026-08,0.4936,1
1788471900,2026-09-03 21:45,3,xgb-all,2026-08,0.3305,1
1788472800,2026-09-03 22:00,0,forest,2026-08,0.4856,0
1788472800,2026-09-03 22:00,3,xgb-all,2026-08,0.2786,0
1788473700,2026-09-03 22:15,0,forest,2026-08,0.5721,0
1788473700,2026-09-03 22:15,3,xgb-all,2026-08,0.5692,0
1788474600,2026-09-03 22:30,0,forest,2026-08,0.6089,1
1788474600,2026-09-03 22:30,3,xgb-all,2026-08,0.372,1
1788475500,2026-09-03 22:45,0,forest,2026-08,0.5816,0
1788475500,2026-09-03 22:45,3,xgb-all,2026-08,0.5929,0
1788476400,2026-09-03 23:00,0,forest,2026-08,0.5381,1
1788476400,2026-09-03 23:00,3,xgb-all,2026-08,0.5338,1
1788477300,2026-09-03 23:15,0,forest,2026-08,0.506,1
1788477300,2026-09-03 23:15,3,xgb-all,2026-08,0.6972,1
1788478200,2026-09-03 23:30,0,forest,2026-08,0.5342,0
1788478200,2026-09-03 23:30,3,xgb-all,2026-08,0.2072,0
1788479100,2026-09-03 23:45,0,forest,2026-08,0.5384,1
1788479100,2026-09-03 23:45,3,xgb-all,2026-08,0.2955,1
1788480000,2026-09-04 00:00,0,forest,2026-08,0.4963,0
1788480000,2026-09-04 00:00,3,xgb-all,2026-08,0.2795,0
1788480900,2026-09-04 00:15,0,forest,2026-08,0.5407,0
1788480900,2026-09-04 00:15,3,xgb-all,2026-08,0.7244,0
1788481800,2026-09-04 00:30,0,forest,2026-08,0.5117,1
1788481800,2026-09-04 00:30,3,xgb-all,2026-08,0.8336,1
1788482700,2026-09-04 00:45,0,forest,2026-08,0.568,0
1788482700,2026-09-04 00:45,3,xgb-all,2026-08,0.2868,0
1788483600,2026-09-04 01:00,0,forest,2026-08,0.5579,0
1788483600,2026-09-04 01:00,3,xgb-all,2026-08,0.7265,0
1788484500,2026-09-04 01:15,0,forest,2026-08,0.5347,0
1788484500,2026-09-04 01:15,3,xgb-all,2026-08,0.5592,0
1788485400,2026-09-04 01:30,0,forest,2026-08,0.5204,0
1788485400,2026-09-04 01:30,3,xgb-all,2026-08,0.6098,0
1788486300,2026-09-04 01:45,0,forest,2026-08,0.54,1
1788486300,2026-09-04 01:45,3,xgb-all,2026-08,0.7044,1
1788487200,2026-09-04 02:00,0,forest,2026-08,0.51,0
1788487200,2026-09-04 02:00,3,xgb-all,2026-08,0.2831,0
1788488100,2026-09-04 02:15,0,forest,2026-08,0.5665,0
1788488100,2026-09-04 02:15,3,xgb-all,2026-08,0.6055,0
1788489000,2026-09-04 02:30,0,forest,2026-08,0.5729,1
1788489000,2026-09-04 02:30,3,xgb-all,2026-08,0.7403,1
1788489900,2026-09-04 02:45,0,forest,2026-08,0.5715,1
1788489900,2026-09-04 02:45,3,xgb-all,2026-08,0.2301,1
1788490800,2026-09-04 03:00,0,forest,2026-08,0.532,1
1788490800,2026-09-04 03:00,3,xgb-all,2026-08,0.8196,1
1788491700,2026-09-04 03:15,0,forest,2026-08,0.4945,0
1788491700,2026-09-04 03:15,3,xgb-all,2026-08,0.32,0
1788492600,2026-09-04 03:30,0,forest,2026-08,0.4723,1
1788492600,2026-09-04 03:30,3,xgb-all,2026-08,0.5687,1
1788493500,2026-09-04 03:45,0,forest,2026-08,0.4913,0
1788493500,2026-09-04 03:45,3,xgb-all,2026-08,0.7698,0
1788494400,2026-09-04 04:00,0,forest,2026-08,0.4893,1
1788494400,2026-09-04 04:00,3,xgb-all,2026-08,0.3919,1
1788495300,2026-09-04 04:15,0,forest,2026-08,0.4644,1
1788495300,2026-09-04 04:15,3,xgb-all,2026-08,0.7508,1
1788496200,2026-09-04 04:30,0,forest,2026-08,0.4114,0
1788496200,2026-09-04 04:30,3,xgb-all,2026-08,0.2602,0
1788497100,2026-09-04 04:45,0,forest,2026-08,0.5678,1
1788497100,2026-09-04 04:45,3,xgb-all,2026-08,0.7052,1
1788498000,2026-09-04 05:00,0,forest,2026-08,0.4344,0
1788498000,2026-09-04 05:00,3,xgb-all,2026-08,0.2808,0
1788498900,2026-09-04 05:15,0,forest,2026-08,0.4574,1
1788498900,2026-09-04 05:15,3,xgb-all,2026-08,0.7272,1
1788499800,2026-09-04 05:30,0,forest,2026-08,0.5068,0
1788499800,2026-09-04 05:30,3,xgb-all,2026-08,0.2803,0
1788500700,2026-09-04 05:45,0,forest,2026-08,0.5472,1
1788500700,2026-09-04 05:45,3,xgb-all,2026-08,0.2629,1
1788501600,2026-09-04 06:00,0,forest,2026-08,0.493,1
1788501600,2026-09-04 06:00,3,xgb-all,2026-08,0.2679,1
1788502500,2026-09-04 06:15,0,forest,2026-08,0.4732,0
1788502500,2026-09-04 06:15,3,xgb-all,2026-08,0.331,0
1788503400,2026-09-04 06:30,0,forest,2026-08,0.5507,1
1788503400,2026-09-04 06:30,3,xgb-all,2026-08,0.5693,1
1788504300,2026-09-04 06:45,0,forest,2026-08,0.4885,0
1788504300,2026-09-04 06:45,3,xgb-all,2026-08,0.2763,0
1788505200,2026-09-04 07:00,0,forest,2026-08,0.4934,1
1788505200,2026-09-04 07:00,3,xgb-all,2026-08,0.7014,1
1788506100,2026-09-04 07:15,0,forest,2026-08,0.5143,0
1788506100,2026-09-04 07:15,3,xgb-all,2026-08,0.301,0
1788507000,2026-09-04 07:30,0,forest,2026-08,0.4522,0
1788507000,2026-09-04 07:30,3,xgb-all,2026-08,0.5817,0
1788507900,2026-09-04 07:45,0,forest,2026-08,0.5442,0
1788507900,2026-09-04 07:45,3,xgb-all,2026-08,0.3372,0
1788508800,2026-09-04 08:00,0,forest,2026-08,0.6093,1
1788508800,2026-09-04 08:00,3,xgb-all,2026-08,0.6869,1
1788509700,2026-09-04 08:15,0,forest,2026-08,0.5067,1
1788509700,2026-09-04 08:15,3,xgb-all,2026-08,0.7289,1
1788510600,2026-09-04 08:30,0,forest,2026-08,0.51,1
1788510600,2026-09-04 08:30,3,xgb-all,2026-08,0.6126,1
1788511500,2026-09-04 08:45,0,forest,2026-08,0.4877,1
1788511500,2026-09-04 08:45,3,xgb-all,2026-08,0.5929,1
1788512400,2026-09-04 09:00,0,forest,2026-08,0.4337,0
1788512400,2026-09-04 09:00,3,xgb-all,2026-08,0.6746,0
1788513300,2026-09-04 09:15,0,forest,2026-08,0.5025,0
1788513300,2026-09-04 09:15,3,xgb-all,2026-08,0.8625,0
1788514200,2026-09-04 09:30,0,forest,2026-08,0.4846,1
1788514200,2026-09-04 09:30,3,xgb-all,2026-08,0.6889,1
1788515100,2026-09-04 09:45,0,forest,2026-08,0.4544,0
1788515100,2026-09-04 09:45,3,xgb-all,2026-08,0.338,0
1788516000,2026-09-04 10:00,0,forest,2026-08,0.4638,0
1788516000,2026-09-04 10:00,3,xgb-all,2026-08,0.5863,0
1788516900,2026-09-04 10:15,0,forest,2026-08,0.493,0
1788516900,2026-09-04 10:15,3,xgb-all,2026-08,0.2167,0
1788517800,2026-09-04 10:30,0,forest,2026-08,0.5056,1
1788517800,2026-09-04 10:30,3,xgb-all,2026-08,0.6983,1
1788518700,2026-09-04 10:45,0,forest,2026-08,0.4476,1
1788518700,2026-09-04 10:45,3,xgb-all,2026-08,0.5324,1
1788519600,2026-09-04 11:00,0,forest,2026-08,0.4362,1
1788519600,2026-09-04 11:00,3,xgb-all,2026-08,0.2435,1
1788520500,2026-09-04 11:15,0,forest,2026-08,0.453,1
1788520500,2026-09-04 11:15,3,xgb-all,2026-08,0.3724,1
1788521400,2026-09-04 11:30,0,forest,2026-08,0.4684,0
1788521400,2026-09-04 11:30,3,xgb-all,2026-08,0.3424,0
1788522300,2026-09-04 11:45,0,forest,2026-08,0.477,0
1788522300,2026-09-04 11:45,3,xgb-all,2026-08,0.5646,0
1788523200,2026-09-04 12:00,0,forest,2026-08,0.4972,1
1788523200,2026-09-04 12:00,3,xgb-all,2026-08,0.3414,1
1788524100,2026-09-04 12:15,0,forest,2026-08,0.473,1
1788524100,2026-09-04 12:15,3,xgb-all,2026-08,0.2906,1
1788525000,2026-09-04 12:30,0,forest,2026-08,0.4554,0
1788525000,2026-09-04 12:30,3,xgb-all,2026-08,0.1916,0
1788525900,2026-09-04 12:45,0,forest,2026-08,0.6161,0
1788525900,2026-09-04 12:45,3,xgb-all,2026-08,0.2742,0
1788526800,2026-09-04 13:00,0,forest,2026-08,0.5883,0
1788526800,2026-09-04 13:00,3,xgb-all,2026-08,0.7386,0
1788527700,2026-09-04 13:15,0,forest,2026-08,0.5171,1
1788527700,2026-09-04 13:15,3,xgb-all,2026-08,0.7263,1
1788528600,2026-09-04 13:30,0,forest,2026-08,0.4867,1
1788528600,2026-09-04 13:30,3,xgb-all,2026-08,0.6075,1
1788529500,2026-09-04 13:45,0,forest,2026-08,0.5244,0
1788529500,2026-09-04 13:45,3,xgb-all,2026-08,0.8417,0
1788530400,2026-09-04 14:00,0,forest,2026-08,0.4808,1
1788530400,2026-09-04 14:00,3,xgb-all,2026-08,0.7729,1
1788531300,2026-09-04 14:15,0,forest,2026-08,0.5174,0
1788531300,2026-09-04 14:15,3,xgb-all,2026-08,0.3208,0
1788532200,2026-09-04 14:30,0,forest,2026-08,0.5114,0
1788532200,2026-09-04 14:30,3,xgb-all,2026-08,0.525,0
1788533100,2026-09-04 14:45,0,forest,2026-08,0.5276,0
1788533100,2026-09-04 14:45,3,xgb-all,2026-08,0.3288,0
1788534000,2026-09-04 15:00,0,forest,2026-08,0.5004,1
1788534000,2026-09-04 15:00,3,xgb-all,2026-08,0.5619,1
1788534900,2026-09-04 15:15,0,forest,2026-08,0.4259,1
1788534900,2026-09-04 15:15,3,xgb-all,2026-08,0.561,1
1788535800,2026-09-04 15:30,0,forest,2026-08,0.4482,1
1788535800,2026-09-04 15:30,3,xgb-all,2026-08,0.5091,1
1788536700,2026-09-04 15:45,0,forest,2026-08,0.4782,0
1788536700,2026-09-04 15:45,3,xgb-all,2026-08,0.2604,0
1788537600,2026-09-04 16:00,0,forest,2026-08,0.5117,1
1788537600,2026-09-04 16:00,3,xgb-all,2026-08,0.4676,1
1788538500,2026-09-04 16:15,0,forest,2026-08,0.5077,1
1788538500,2026-09-04 16:15,3,xgb-all,2026-08,0.5951,1
1788539400,2026-09-04 16:30,0,forest,2026-08,0.4942,1
1788539400,2026-09-04 16:30,3,xgb-all,2026-08,0.8217,1
1788540300,2026-09-04 16:45,0,forest,2026-08,0.4198,0
1788540300,2026-09-04 16:45,3,xgb-all,2026-08,0.256,0
1788541200,2026-09-04 17:00,0,forest,2026-08,0.4567,0
1788541200,2026-09-04 17:00,3,xgb-all,2026-08,0.2674,0
1788542100,2026-09-04 17:15,0,forest,2026-08,0.4928,0
1788542100,2026-09-04 17:15,3,xgb-all,2026-08,0.29,0
1788543000,2026-09-04 17:30,0,forest,2026-08,0.4703,0
1788543000,2026-09-04 17:30,3,xgb-all,2026-08,0.4916,0
1788543900,2026-09-04 17:45,0,forest,2026-08,0.4509,0
1788543900,2026-09-04 17:45,3,xgb-all,2026-08,0.5705,0
1788544800,2026-09-04 18:00,0,forest,2026-08,0.4546,1
1788544800,2026-09-04 18:00,3,xgb-all,2026-08,0.7379,1
1788545700,2026-09-04 18:15,0,forest,2026-08,0.4563,1
1788545700,2026-09-04 18:15,3,xgb-all,2026-08,0.6727,1
1788546600,2026-09-04 18:30,0,forest,2026-08,0.4257,1
1788546600,2026-09-04 18:30,3,xgb-all,2026-08,0.757,1
1788547500,2026-09-04 18:45,0,forest,2026-08,0.4652,0
1788547500,2026-09-04 18:45,3,xgb-all,2026-08,0.3297,0
1788548400,2026-09-04 19:00,0,forest,2026-08,0.488,1
1788548400,2026-09-04 19:00,3,xgb-all,2026-08,0.8007,1
1788549300,2026-09-04 19:15,0,forest,2026-08,0.4668,1
1788549300,2026-09-04 19:15,3,xgb-all,2026-08,0.8212,1
1788550200,2026-09-04 19:30,0,forest,2026-08,0.4036,0
1788550200,2026-09-04 19:30,3,xgb-all,2026-08,0.2016,0
1788551100,2026-09-04 19:45,0,forest,2026-08,0.5359,1
1788551100,2026-09-04 19:45,3,xgb-all,2026-08,0.7434,1
1788552000,2026-09-04 20:00,0,forest,2026-08,0.4682,1
1788552000,2026-09-04 20:00,3,xgb-all,2026-08,0.5856,1
1788552900,2026-09-04 20:15,0,forest,2026-08,0.4317,0
1788552900,2026-09-04 20:15,3,xgb-all,2026-08,0.51,0
1788553800,2026-09-04 20:30,0,forest,2026-08,0.4943,0
1788553800,2026-09-04 20:30,3,xgb-all,2026-08,0.4778,0
1788554700,2026-09-04 20:45,0,forest,2026-08,0.4686,0
1788554700,2026-09-04 20:45,3,xgb-all,2026-08,0.567,0
1788555600,2026-09-04 21:00,0,forest,2026-08,0.4591,1
1788555600,2026-09-04 21:00,3,xgb-all,2026-08,0.6424,1
1788556500,2026-09-04 21:15,0,forest,2026-08,0.4508,1
1788556500,2026-09-04 21:15,3,xgb-all,2026-08,0.7291,1
1788557400,2026-09-04 21:30,0,forest,2026-08,0.4617,0
1788557400,2026-09-04 21:30,3,xgb-all,2026-08,0.6401,0
1788558300,2026-09-04 21:45,0,forest,2026-08,0.4813,0
1788558300,2026-09-04 21:45,3,xgb-all,2026-08,0.6651,0
1788559200,2026-09-04 22:00,0,forest,2026-08,0.4659,1
1788559200,2026-09-04 22:00,3,xgb-all,2026-08,0.6674,1
1788560100,2026-09-04 22:15,0,forest,2026-08,0.4769,1
1788560100,2026-09-04 22:15,3,xgb-all,2026-08,0.5151,1
1788561000,2026-09-04 22:30,0,forest,2026-08,0.5055,0
1788561000,2026-09-04 22:30,3,xgb-all,2026-08,0.5356,0
1788561900,2026-09-04 22:45,0,forest,2026-08,0.5018,0
1788561900,2026-09-04 22:45,3,xgb-all,2026-08,0.3519,0
1788562800,2026-09-04 23:00,0,forest,2026-08,0.459,0
1788562800,2026-09-04 23:00,3,xgb-all,2026-08,0.3786,0
1788563700,2026-09-04 23:15,0,forest,2026-08,0.5126,1
1788563700,2026-09-04 23:15,3,xgb-all,2026-08,0.5382,1
1788564600,2026-09-04 23:30,0,forest,2026-08,0.442,0
1788564600,2026-09-04 23:30,3,xgb-all,2026-08,0.193,0
1788565500,2026-09-04 23:45,0,forest,2026-08,0.4841,0
1788565500,2026-09-04 23:45,3,xgb-all,2026-08,0.4283,0
1788566400,2026-09-05 00:00,0,forest,2026-08,0.5037,1
1788566400,2026-09-05 00:00,3,xgb-all,2026-08,0.3672,1
1788567300,2026-09-05 00:15,0,forest,2026-08,0.5253,0
1788567300,2026-09-05 00:15,3,xgb-all,2026-08,0.178,0
1788568200,2026-09-05 00:30,0,forest,2026-08,0.5267,0
1788568200,2026-09-05 00:30,3,xgb-all,2026-08,0.5375,0
1788569100,2026-09-05 00:45,0,forest,2026-08,0.5327,0
1788569100,2026-09-05 00:45,3,xgb-all,2026-08,0.346,0
1788570000,2026-09-05 01:00,0,forest,2026-08,0.4672,1
1788570000,2026-09-05 01:00,3,xgb-all,2026-08,0.4108,1
1788570900,2026-09-05 01:15,0,forest,2026-08,0.4514,1
1788570900,2026-09-05 01:15,3,xgb-all,2026-08,0.741,1
1788571800,2026-09-05 01:30,0,forest,2026-08,0.4582,0
1788571800,2026-09-05 01:30,3,xgb-all,2026-08,0.4924,0
1788572700,2026-09-05 01:45,0,forest,2026-08,0.5245,0
1788572700,2026-09-05 01:45,3,xgb-all,2026-08,0.6324,0
1788573600,2026-09-05 02:00,0,forest,2026-08,0.5685,1
1788573600,2026-09-05 02:00,3,xgb-all,2026-08,0.3007,1
1788574500,2026-09-05 02:15,0,forest,2026-08,0.486,0
1788574500,2026-09-05 02:15,3,xgb-all,2026-08,0.6244,0
1788575400,2026-09-05 02:30,0,forest,2026-08,0.4435,1
1788575400,2026-09-05 02:30,3,xgb-all,2026-08,0.6824,1
1788576300,2026-09-05 02:45,0,forest,2026-08,0.5236,0
1788576300,2026-09-05 02:45,3,xgb-all,2026-08,0.2366,0
1788577200,2026-09-05 03:00,0,forest,2026-08,0.5141,0
1788577200,2026-09-05 03:00,3,xgb-all,2026-08,0.3667,0
1788578100,2026-09-05 03:15,0,forest,2026-08,0.5471,1
1788578100,2026-09-05 03:15,3,xgb-all,2026-08,0.6895,1
1788579000,2026-09-05 03:30,0,forest,2026-08,0.4674,1
1788579000,2026-09-05 03:30,3,xgb-all,2026-08,0.5496,1
1788579900,2026-09-05 03:45,0,forest,2026-08,0.4451,0
1788579900,2026-09-05 03:45,3,xgb-all,2026-08,0.5416,0
1788580800,2026-09-05 04:00,0,forest,2026-08,0.5188,0
1788580800,2026-09-05 04:00,3,xgb-all,2026-08,0.3139,0
1788581700,2026-09-05 04:15,0,forest,2026-08,0.5458,1
1788581700,2026-09-05 04:15,3,xgb-all,2026-08,0.6802,1
1788582600,2026-09-05 04:30,0,forest,2026-08,0.5247,0
1788582600,2026-09-05 04:30,3,xgb-all,2026-08,0.4384,0
1788583500,2026-09-05 04:45,0,forest,2026-08,0.5216,0
1788583500,2026-09-05 04:45,3,xgb-all,2026-08,0.4326,0
1788584400,2026-09-05 05:00,0,forest,2026-08,0.5348,1
1788584400,2026-09-05 05:00,3,xgb-all,2026-08,0.246,1
1788585300,2026-09-05 05:15,0,forest,2026-08,0.5358,1
1788585300,2026-09-05 05:15,3,xgb-all,2026-08,0.6183,1
1788586200,2026-09-05 05:30,0,forest,2026-08,0.5442,0
1788586200,2026-09-05 05:30,3,xgb-all,2026-08,0.577,0
1788587100,2026-09-05 05:45,0,forest,2026-08,0.5195,1
1788587100,2026-09-05 05:45,3,xgb-all,2026-08,0.5377,1
1788588000,2026-09-05 06:00,0,forest,2026-08,0.4829,1
1788588000,2026-09-05 06:00,3,xgb-all,2026-08,0.626,1
1788588900,2026-09-05 06:15,0,forest,2026-08,0.4363,1
1788588900,2026-09-05 06:15,3,xgb-all,2026-08,0.3419,1
1788589800,2026-09-05 06:30,0,forest,2026-08,0.4274,1
1788589800,2026-09-05 06:30,3,xgb-all,2026-08,0.5274,1
1788590700,2026-09-05 06:45,0,forest,2026-08,0.452,0
1788590700,2026-09-05 06:45,3,xgb-all,2026-08,0.5024,0
1788591600,2026-09-05 07:00,0,forest,2026-08,0.4439,1
1788591600,2026-09-05 07:00,3,xgb-all,2026-08,0.7502,1
1788592500,2026-09-05 07:15,0,forest,2026-08,0.4406,1
1788592500,2026-09-05 07:15,3,xgb-all,2026-08,0.6403,1
1788593400,2026-09-05 07:30,0,forest,2026-08,0.3665,1
1788593400,2026-09-05 07:30,3,xgb-all,2026-08,0.3267,1
1788594300,2026-09-05 07:45,0,forest,2026-08,0.4217,0
1788594300,2026-09-05 07:45,3,xgb-all,2026-08,0.7057,0
1788595200,2026-09-05 08:00,0,forest,2026-08,0.4513,0
1788595200,2026-09-05 08:00,3,xgb-all,2026-08,0.3295,0
1788596100,2026-09-05 08:15,0,forest,2026-08,0.5604,0
1788596100,2026-09-05 08:15,3,xgb-all,2026-08,0.8097,0
1788597000,2026-09-05 08:30,0,forest,2026-08,0.5195,0
1788597000,2026-09-05 08:30,3,xgb-all,2026-08,0.2344,0
1788597900,2026-09-05 08:45,0,forest,2026-08,0.5235,1
1788597900,2026-09-05 08:45,3,xgb-all,2026-08,0.5004,1
1788598800,2026-09-05 09:00,0,forest,2026-08,0.5184,1
1788598800,2026-09-05 09:00,3,xgb-all,2026-08,0.7307,1
1788599700,2026-09-05 09:15,0,forest,2026-08,0.501,0
1788599700,2026-09-05 09:15,3,xgb-all,2026-08,0.2872,0
1788600600,2026-09-05 09:30,0,forest,2026-08,0.5589,0
1788600600,2026-09-05 09:30,3,xgb-all,2026-08,0.5709,0
1788601500,2026-09-05 09:45,0,forest,2026-08,0.561,0
1788601500,2026-09-05 09:45,3,xgb-all,2026-08,0.3116,0
1788602400,2026-09-05 10:00,0,forest,2026-08,0.5715,0
1788602400,2026-09-05 10:00,3,xgb-all,2026-08,0.5975,0
1788603300,2026-09-05 10:15,0,forest,2026-08,0.5455,0
1788603300,2026-09-05 10:15,3,xgb-all,2026-08,0.5597,0
1788604200,2026-09-05 10:30,0,forest,2026-08,0.5055,0
1788604200,2026-09-05 10:30,3,xgb-all,2026-08,0.7028,0
1788605100,2026-09-05 10:45,0,forest,2026-08,0.5487,1
1788605100,2026-09-05 10:45,3,xgb-all,2026-08,0.5875,1
1788606000,2026-09-05 11:00,0,forest,2026-08,0.5158,1
1788606000,2026-09-05 11:00,3,xgb-all,2026-08,0.614,1
1788606900,2026-09-05 11:15,0,forest,2026-08,0.4828,0
1788606900,2026-09-05 11:15,3,xgb-all,2026-08,0.2992,0
1788607800,2026-09-05 11:30,0,forest,2026-08,0.528,0
1788607800,2026-09-05 11:30,3,xgb-all,2026-08,0.6135,0
1788608700,2026-09-05 11:45,0,forest,2026-08,0.4959,1
1788608700,2026-09-05 11:45,3,xgb-all,2026-08,0.5825,1
1788609600,2026-09-05 12:00,0,forest,2026-08,0.4983,1
1788609600,2026-09-05 12:00,3,xgb-all,2026-08,0.753,1
1788610500,2026-09-05 12:15,0,forest,2026-08,0.429,0
1788610500,2026-09-05 12:15,3,xgb-all,2026-08,0.5436,0
1788611400,2026-09-05 12:30,0,forest,2026-08,0.5671,1
1788611400,2026-09-05 12:30,3,xgb-all,2026-08,0.4736,1
1788612300,2026-09-05 12:45,0,forest,2026-08,0.513,0
1788612300,2026-09-05 12:45,3,xgb-all,2026-08,0.5364,0
1788613200,2026-09-05 13:00,0,forest,2026-08,0.4953,1
1788613200,2026-09-05 13:00,3,xgb-all,2026-08,0.3553,1
1788614100,2026-09-05 13:15,0,forest,2026-08,0.5702,1
1788614100,2026-09-05 13:15,3,xgb-all,2026-08,0.4525,1
1788615000,2026-09-05 13:30,0,forest,2026-08,0.4086,0
1788615000,2026-09-05 13:30,3,xgb-all,2026-08,0.4061,0
1788615900,2026-09-05 13:45,0,forest,2026-08,0.5408,0
1788615900,2026-09-05 13:45,3,xgb-all,2026-08,0.7246,0
1788616800,2026-09-05 14:00,0,forest,2026-08,0.5454,1
1788616800,2026-09-05 14:00,3,xgb-all,2026-08,0.8318,1
1788617700,2026-09-05 14:15,0,forest,2026-08,0.4601,1
1788617700,2026-09-05 14:15,3,xgb-all,2026-08,0.6004,1
1788618600,2026-09-05 14:30,0,forest,2026-08,0.4752,0
1788618600,2026-09-05 14:30,3,xgb-all,2026-08,0.6508,0
1788619500,2026-09-05 14:45,0,forest,2026-08,0.5104,1
1788619500,2026-09-05 14:45,3,xgb-all,2026-08,0.6458,1
1788620400,2026-09-05 15:00,0,forest,2026-08,0.4928,1
1788620400,2026-09-05 15:00,3,xgb-all,2026-08,0.7203,1
1788621300,2026-09-05 15:15,0,forest,2026-08,0.4975,0
1788621300,2026-09-05 15:15,3,xgb-all,2026-08,0.2959,0
1788622200,2026-09-05 15:30,0,forest,2026-08,0.4938,1
1788622200,2026-09-05 15:30,3,xgb-all,2026-08,0.6631,1
1788623100,2026-09-05 15:45,0,forest,2026-08,0.4476,1
1788623100,2026-09-05 15:45,3,xgb-all,2026-08,0.5454,1
1788624000,2026-09-05 16:00,0,forest,2026-08,0.4332,0
1788624000,2026-09-05 16:00,3,xgb-all,2026-08,0.6798,0
1788624900,2026-09-05 16:15,0,forest,2026-08,0.4694,1
1788624900,2026-09-05 16:15,3,xgb-all,2026-08,0.4783,1
1788625800,2026-09-05 16:30,0,forest,2026-08,0.4397,1
1788625800,2026-09-05 16:30,3,xgb-all,2026-08,0.7203,1
1788626700,2026-09-05 16:45,0,forest,2026-08,0.4573,1
1788626700,2026-09-05 16:45,3,xgb-all,2026-08,0.4185,1
1788627600,2026-09-05 17:00,0,forest,2026-08,0.4115,1
1788627600,2026-09-05 17:00,3,xgb-all,2026-08,0.6675,1
1788628500,2026-09-05 17:15,0,forest,2026-08,0.4229,0
1788628500,2026-09-05 17:15,3,xgb-all,2026-08,0.1509,0
1788629400,2026-09-05 17:30,0,forest,2026-08,0.5407,1
1788629400,2026-09-05 17:30,3,xgb-all,2026-08,0.7701,1
1788630300,2026-09-05 17:45,0,forest,2026-08,0.526,1
1788630300,2026-09-05 17:45,3,xgb-all,2026-08,0.5767,1
1788631200,2026-09-05 18:00,0,forest,2026-08,0.4803,0
1788631200,2026-09-05 18:00,3,xgb-all,2026-08,0.386,0
1788632100,2026-09-05 18:15,0,forest,2026-08,0.5515,0
1788632100,2026-09-05 18:15,3,xgb-all,2026-08,0.3492,0
1788633000,2026-09-05 18:30,0,forest,2026-08,0.5301,1
1788633000,2026-09-05 18:30,3,xgb-all,2026-08,0.643,1
1788633900,2026-09-05 18:45,0,forest,2026-08,0.5145,1
1788633900,2026-09-05 18:45,3,xgb-all,2026-08,0.4693,1
1788634800,2026-09-05 19:00,0,forest,2026-08,0.4948,0
1788634800,2026-09-05 19:00,3,xgb-all,2026-08,0.2257,0
1788635700,2026-09-05 19:15,0,forest,2026-08,0.5638,1
1788635700,2026-09-05 19:15,3,xgb-all,2026-08,0.5632,1
1788636600,2026-09-05 19:30,0,forest,2026-08,0.4922,0
1788636600,2026-09-05 19:30,3,xgb-all,2026-08,0.3779,0
1788637500,2026-09-05 19:45,0,forest,2026-08,0.5743,0
1788637500,2026-09-05 19:45,3,xgb-all,2026-08,0.2663,0
1788638400,2026-09-05 20:00,0,forest,2026-08,0.5669,0
1788638400,2026-09-05 20:00,3,xgb-all,2026-08,0.4908,0
1788639300,2026-09-05 20:15,0,forest,2026-08,0.5917,0
1788639300,2026-09-05 20:15,3,xgb-all,2026-08,0.4102,0
1788640200,2026-09-05 20:30,0,forest,2026-08,0.5774,1
1788640200,2026-09-05 20:30,3,xgb-all,2026-08,0.4773,1
1788641100,2026-09-05 20:45,0,forest,2026-08,0.4436,0
1788641100,2026-09-05 20:45,3,xgb-all,2026-08,0.3303,0
1788642000,2026-09-05 21:00,0,forest,2026-08,0.5621,1
1788642000,2026-09-05 21:00,3,xgb-all,2026-08,0.6053,1
1788642900,2026-09-05 21:15,0,forest,2026-08,0.5578,1
1788642900,2026-09-05 21:15,3,xgb-all,2026-08,0.6145,1
1788643800,2026-09-05 21:30,0,forest,2026-08,0.4475,1
1788643800,2026-09-05 21:30,3,xgb-all,2026-08,0.4528,1
1788644700,2026-09-05 21:45,0,forest,2026-08,0.5042,0
1788644700,2026-09-05 21:45,3,xgb-all,2026-08,0.2845,0
1788645600,2026-09-05 22:00,0,forest,2026-08,0.5204,1
1788645600,2026-09-05 22:00,3,xgb-all,2026-08,0.6951,1
1788646500,2026-09-05 22:15,0,forest,2026-08,0.5302,0
1788646500,2026-09-05 22:15,3,xgb-all,2026-08,0.3201,0
1788647400,2026-09-05 22:30,0,forest,2026-08,0.5601,0
1788647400,2026-09-05 22:30,3,xgb-all,2026-08,0.7074,0
1788648300,2026-09-05 22:45,0,forest,2026-08,0.4692,1
1788648300,2026-09-05 22:45,3,xgb-all,2026-08,0.4561,1
1788649200,2026-09-05 23:00,0,forest,2026-08,0.5149,0
1788649200,2026-09-05 23:00,3,xgb-all,2026-08,0.2568,0
1788650100,2026-09-05 23:15,0,forest,2026-08,0.5324,1
1788650100,2026-09-05 23:15,3,xgb-all,2026-08,0.6699,1
1788651000,2026-09-05 23:30,0,forest,2026-08,0.5658,1
1788651000,2026-09-05 23:30,3,xgb-all,2026-08,0.6268,1
1788651900,2026-09-05 23:45,0,forest,2026-08,0.5567,1
1788651900,2026-09-05 23:45,3,xgb-all,2026-08,0.6406,1
1788652800,2026-09-06 00:00,0,forest,2026-08,0.505,1
1788652800,2026-09-06 00:00,3,xgb-all,2026-08,0.4836,1
1788653700,2026-09-06 00:15,0,forest,2026-08,0.4836,1
1788653700,2026-09-06 00:15,3,xgb-all,2026-08,0.3849,1
1788654600,2026-09-06 00:30,0,forest,2026-08,0.4944,0
1788654600,2026-09-06 00:30,3,xgb-all,2026-08,0.4636,0
1788655500,2026-09-06 00:45,0,forest,2026-08,0.5053,0
1788655500,2026-09-06 00:45,3,xgb-all,2026-08,0.4781,0
1788656400,2026-09-06 01:00,0,forest,2026-08,0.5084,1
1788656400,2026-09-06 01:00,3,xgb-all,2026-08,0.6099,1
1788657300,2026-09-06 01:15,0,forest,2026-08,0.4313,0
1788657300,2026-09-06 01:15,3,xgb-all,2026-08,0.592,0
1788658200,2026-09-06 01:30,0,forest,2026-08,0.5243,1
1788658200,2026-09-06 01:30,3,xgb-all,2026-08,0.5247,1
1788659100,2026-09-06 01:45,0,forest,2026-08,0.4795,0
1788659100,2026-09-06 01:45,3,xgb-all,2026-08,0.3768,0
1788660000,2026-09-06 02:00,0,forest,2026-08,0.5088,1
1788660000,2026-09-06 02:00,3,xgb-all,2026-08,0.41,1
1788660900,2026-09-06 02:15,0,forest,2026-08,0.5167,0
1788660900,2026-09-06 02:15,3,xgb-all,2026-08,0.2984,0
1788661800,2026-09-06 02:30,0,forest,2026-08,0.5161,0
1788661800,2026-09-06 02:30,3,xgb-all,2026-08,0.6878,0
1788662700,2026-09-06 02:45,0,forest,2026-08,0.4923,1
1788662700,2026-09-06 02:45,3,xgb-all,2026-08,0.5576,1
1788663600,2026-09-06 03:00,0,forest,2026-08,0.4657,1
1788663600,2026-09-06 03:00,3,xgb-all,2026-08,0.5241,1
1788664500,2026-09-06 03:15,0,forest,2026-08,0.497,0
1788664500,2026-09-06 03:15,3,xgb-all,2026-08,0.6532,0
1788665400,2026-09-06 03:30,0,forest,2026-08,0.5102,1
1788665400,2026-09-06 03:30,3,xgb-all,2026-08,0.7227,1
1788666300,2026-09-06 03:45,0,forest,2026-08,0.3723,0
1788666300,2026-09-06 03:45,3,xgb-all,2026-08,0.1962,0
1788667200,2026-09-06 04:00,0,forest,2026-08,0.5041,0
1788667200,2026-09-06 04:00,3,xgb-all,2026-08,0.2947,0
1788668100,2026-09-06 04:15,0,forest,2026-08,0.5378,0
1788668100,2026-09-06 04:15,3,xgb-all,2026-08,0.3883,0
1788669000,2026-09-06 04:30,0,forest,2026-08,0.5002,0
1788669000,2026-09-06 04:30,3,xgb-all,2026-08,0.3239,0
1788669900,2026-09-06 04:45,0,forest,2026-08,0.5107,0
1788669900,2026-09-06 04:45,3,xgb-all,2026-08,0.6102,0
1788670800,2026-09-06 05:00,0,forest,2026-08,0.5324,0
1788670800,2026-09-06 05:00,3,xgb-all,2026-08,0.6948,0
1788671700,2026-09-06 05:15,0,forest,2026-08,0.5381,1
1788671700,2026-09-06 05:15,3,xgb-all,2026-08,0.5574,1
1788672600,2026-09-06 05:30,0,forest,2026-08,0.5425,1
1788672600,2026-09-06 05:30,3,xgb-all,2026-08,0.6165,1
1788673500,2026-09-06 05:45,0,forest,2026-08,0.4728,0
1788673500,2026-09-06 05:45,3,xgb-all,2026-08,0.2207,0
1788674400,2026-09-06 06:00,0,forest,2026-08,0.5301,0
1788674400,2026-09-06 06:00,3,xgb-all,2026-08,0.2611,0
1788675300,2026-09-06 06:15,0,forest,2026-08,0.5445,0
1788675300,2026-09-06 06:15,3,xgb-all,2026-08,0.3314,0
1788676200,2026-09-06 06:30,0,forest,2026-08,0.5355,0
1788676200,2026-09-06 06:30,3,xgb-all,2026-08,0.6013,0
1788677100,2026-09-06 06:45,0,forest,2026-08,0.4888,0
1788677100,2026-09-06 06:45,3,xgb-all,2026-08,0.2321,0
1788678000,2026-09-06 07:00,0,forest,2026-08,0.5122,0
1788678000,2026-09-06 07:00,3,xgb-all,2026-08,0.5584,0
1788678900,2026-09-06 07:15,0,forest,2026-08,0.5816,1
1788678900,2026-09-06 07:15,3,xgb-all,2026-08,0.8621,1
1788679800,2026-09-06 07:30,0,forest,2026-08,0.4438,1
1788679800,2026-09-06 07:30,3,xgb-all,2026-08,0.4081,1
1788680700,2026-09-06 07:45,0,forest,2026-08,0.5197,0
1788680700,2026-09-06 07:45,3,xgb-all,2026-08,0.429,0
1788681600,2026-09-06 08:00,0,forest,2026-08,0.5105,1
1788681600,2026-09-06 08:00,3,xgb-all,2026-08,0.587,1
1788682500,2026-09-06 08:15,0,forest,2026-08,0.4877,0
1788682500,2026-09-06 08:15,3,xgb-all,2026-08,0.2131,0
1788683400,2026-09-06 08:30,0,forest,2026-08,0.4891,0
1788683400,2026-09-06 08:30,3,xgb-all,2026-08,0.3617,0
1788684300,2026-09-06 08:45,0,forest,2026-08,0.5561,1
1788684300,2026-09-06 08:45,3,xgb-all,2026-08,0.4685,1
1788685200,2026-09-06 09:00,0,forest,2026-08,0.4773,1
1788685200,2026-09-06 09:00,3,xgb-all,2026-08,0.5428,1
1788686100,2026-09-06 09:15,0,forest,2026-08,0.4727,1
1788686100,2026-09-06 09:15,3,xgb-all,2026-08,0.6461,1
1788687000,2026-09-06 09:30,0,forest,2026-08,0.5318,0
1788687000,2026-09-06 09:30,3,xgb-all,2026-08,0.6496,0
1788687900,2026-09-06 09:45,0,forest,2026-08,0.569,1
1788687900,2026-09-06 09:45,3,xgb-all,2026-08,0.4598,1
1788688800,2026-09-06 10:00,0,forest,2026-08,0.5107,1
1788688800,2026-09-06 10:00,3,xgb-all,2026-08,0.687,1
1788689700,2026-09-06 10:15,0,forest,2026-08,0.4448,1
1788689700,2026-09-06 10:15,3,xgb-all,2026-08,0.695,1
1788690600,2026-09-06 10:30,0,forest,2026-08,0.4652,1
1788690600,2026-09-06 10:30,3,xgb-all,2026-08,0.5203,1
1788691500,2026-09-06 10:45,0,forest,2026-08,0.4347,0
1788691500,2026-09-06 10:45,3,xgb-all,2026-08,0.3586,0
1788692400,2026-09-06 11:00,0,forest,2026-08,0.455,0
1788692400,2026-09-06 11:00,3,xgb-all,2026-08,0.4243,0
1788693300,2026-09-06 11:15,0,forest,2026-08,0.5011,0
1788693300,2026-09-06 11:15,3,xgb-all,2026-08,0.575,0
1788694200,2026-09-06 11:30,0,forest,2026-08,0.5342,1
1788694200,2026-09-06 11:30,3,xgb-all,2026-08,0.6295,1
1788695100,2026-09-06 11:45,0,forest,2026-08,0.4522,0
1788695100,2026-09-06 11:45,3,xgb-all,2026-08,0.5619,0
1788696000,2026-09-06 12:00,0,forest,2026-08,0.497,1
1788696000,2026-09-06 12:00,3,xgb-all,2026-08,0.5648,1
1788696900,2026-09-06 12:15,0,forest,2026-08,0.491,1
1788696900,2026-09-06 12:15,3,xgb-all,2026-08,0.7477,1
1788697800,2026-09-06 12:30,0,forest,2026-08,0.4492,0
1788697800,2026-09-06 12:30,3,xgb-all,2026-08,0.4824,0
1788698700,2026-09-06 12:45,0,forest,2026-08,0.5224,0
1788698700,2026-09-06 12:45,3,xgb-all,2026-08,0.5488,0
1788699600,2026-09-06 13:00,0,forest,2026-08,0.5069,0
1788699600,2026-09-06 13:00,3,xgb-all,2026-08,0.5786,0
1788700500,2026-09-06 13:15,0,forest,2026-08,0.5276,0
1788700500,2026-09-06 13:15,3,xgb-all,2026-08,0.1841,0
1788701400,2026-09-06 13:30,0,forest,2026-08,0.5745,1
1788701400,2026-09-06 13:30,3,xgb-all,2026-08,0.6067,1
1788702300,2026-09-06 13:45,0,forest,2026-08,0.5551,1
1788702300,2026-09-06 13:45,3,xgb-all,2026-08,0.7016,1
1788703200,2026-09-06 14:00,0,forest,2026-08,0.5157,0
1788703200,2026-09-06 14:00,3,xgb-all,2026-08,0.3797,0
1788704100,2026-09-06 14:15,0,forest,2026-08,0.5267,0
1788704100,2026-09-06 14:15,3,xgb-all,2026-08,0.3657,0
1788705000,2026-09-06 14:30,0,forest,2026-08,0.5484,1
1788705000,2026-09-06 14:30,3,xgb-all,2026-08,0.1077,1
1788705900,2026-09-06 14:45,0,forest,2026-08,0.4661,0
1788705900,2026-09-06 14:45,3,xgb-all,2026-08,0.1626,0
1788706800,2026-09-06 15:00,0,forest,2026-08,0.5641,0
1788706800,2026-09-06 15:00,3,xgb-all,2026-08,0.342,0
1788707700,2026-09-06 15:15,0,forest,2026-08,0.5071,1
1788707700,2026-09-06 15:15,3,xgb-all,2026-08,0.7086,1
1788708600,2026-09-06 15:30,0,forest,2026-08,0.4919,1
1788708600,2026-09-06 15:30,3,xgb-all,2026-08,0.3496,1
1788709500,2026-09-06 15:45,0,forest,2026-08,0.492,1
1788709500,2026-09-06 15:45,3,xgb-all,2026-08,0.4927,1
1788710400,2026-09-06 16:00,0,forest,2026-08,0.4434,0
1788710400,2026-09-06 16:00,3,xgb-all,2026-08,0.2446,0
1788711300,2026-09-06 16:15,0,forest,2026-08,0.5622,1
1788711300,2026-09-06 16:15,3,xgb-all,2026-08,0.5563,1
1788712200,2026-09-06 16:30,0,forest,2026-08,0.5315,1
1788712200,2026-09-06 16:30,3,xgb-all,2026-08,0.779,1
1788713100,2026-09-06 16:45,0,forest,2026-08,0.5307,0
1788713100,2026-09-06 16:45,3,xgb-all,2026-08,0.3955,0
1788714000,2026-09-06 17:00,0,forest,2026-08,0.5042,0
1788714000,2026-09-06 17:00,3,xgb-all,2026-08,0.4862,0
1788714900,2026-09-06 17:15,0,forest,2026-08,0.5401,1
1788714900,2026-09-06 17:15,3,xgb-all,2026-08,0.8175,1
1788715800,2026-09-06 17:30,0,forest,2026-08,0.4851,1
1788715800,2026-09-06 17:30,3,xgb-all,2026-08,0.6312,1
1788716700,2026-09-06 17:45,0,forest,2026-08,0.4928,0
1788716700,2026-09-06 17:45,3,xgb-all,2026-08,0.4371,0
1788717600,2026-09-06 18:00,0,forest,2026-08,0.5048,1
1788717600,2026-09-06 18:00,3,xgb-all,2026-08,0.6831,1
1788718500,2026-09-06 18:15,0,forest,2026-08,0.5033,1
1788718500,2026-09-06 18:15,3,xgb-all,2026-08,0.6709,1
1788719400,2026-09-06 18:30,0,forest,2026-08,0.3653,1
1788719400,2026-09-06 18:30,3,xgb-all,2026-08,0.702,1
1788720300,2026-09-06 18:45,0,forest,2026-08,0.398,1
1788720300,2026-09-06 18:45,3,xgb-all,2026-08,0.2508,1
1788721200,2026-09-06 19:00,0,forest,2026-08,0.444,0
1788721200,2026-09-06 19:00,3,xgb-all,2026-08,0.2623,0
1788722100,2026-09-06 19:15,0,forest,2026-08,0.4892,0
1788722100,2026-09-06 19:15,3,xgb-all,2026-08,0.433,0
1788723000,2026-09-06 19:30,0,forest,2026-08,0.5408,0
1788723000,2026-09-06 19:30,3,xgb-all,2026-08,0.3524,0
1788723900,2026-09-06 19:45,0,forest,2026-08,0.5209,1
1788723900,2026-09-06 19:45,3,xgb-all,2026-08,0.5829,1
1788724800,2026-09-06 20:00,0,forest,2026-08,0.5197,0
1788724800,2026-09-06 20:00,3,xgb-all,2026-08,0.3949,0
1788725700,2026-09-06 20:15,0,forest,2026-08,0.5327,1
1788725700,2026-09-06 20:15,3,xgb-all,2026-08,0.6543,1
1788726600,2026-09-06 20:30,0,forest,2026-08,0.4464,1
1788726600,2026-09-06 20:30,3,xgb-all,2026-08,0.7128,1
1788727500,2026-09-06 20:45,0,forest,2026-08,0.3536,0
1788727500,2026-09-06 20:45,3,xgb-all,2026-08,0.3843,0
1788728400,2026-09-06 21:00,0,forest,2026-08,0.3651,1
1788728400,2026-09-06 21:00,3,xgb-all,2026-08,0.7537,1
1788729300,2026-09-06 21:15,0,forest,2026-08,0.4058,0
1788729300,2026-09-06 21:15,3,xgb-all,2026-08,0.5672,0
1788730200,2026-09-06 21:30,0,forest,2026-08,0.5217,1
1788730200,2026-09-06 21:30,3,xgb-all,2026-08,0.4125,1
1788731100,2026-09-06 21:45,0,forest,2026-08,0.4919,1
1788731100,2026-09-06 21:45,3,xgb-all,2026-08,0.772,1
1788732000,2026-09-06 22:00,0,forest,2026-08,0.4763,0
1788732000,2026-09-06 22:00,3,xgb-all,2026-08,0.1714,0
1788732900,2026-09-06 22:15,0,forest,2026-08,0.5443,1
1788732900,2026-09-06 22:15,3,xgb-all,2026-08,0.4068,1
1788733800,2026-09-06 22:30,0,forest,2026-08,0.504,1
1788733800,2026-09-06 22:30,3,xgb-all,2026-08,0.7653,1
1788734700,2026-09-06 22:45,0,forest,2026-08,0.4961,1
1788734700,2026-09-06 22:45,3,xgb-all,2026-08,0.3305,1
1788735600,2026-09-06 23:00,0,forest,2026-08,0.4492,1
1788735600,2026-09-06 23:00,3,xgb-all,2026-08,0.6092,1
1788736500,2026-09-06 23:15,0,forest,2026-08,0.3532,0
1788736500,2026-09-06 23:15,3,xgb-all,2026-08,0.4526,0
1788737400,2026-09-06 23:30,0,forest,2026-08,0.5324,1
1788737400,2026-09-06 23:30,3,xgb-all,2026-08,0.7421,1
1788738300,2026-09-06 23:45,0,forest,2026-08,0.2881,0
1788738300,2026-09-06 23:45,3,xgb-all,2026-08,0.5961,0
1788739200,2026-09-07 00:00,0,forest,2026-08,0.4386,0
1788739200,2026-09-07 00:00,3,xgb-all,2026-08,0.4515,0
1788740100,2026-09-07 00:15,0,forest,2026-08,0.4319,0
1788740100,2026-09-07 00:15,3,xgb-all,2026-08,0.181,0
1788741000,2026-09-07 00:30,0,forest,2026-08,0.4935,0
1788741000,2026-09-07 00:30,3,xgb-all,2026-08,0.5072,0
1788741900,2026-09-07 00:45,0,forest,2026-08,0.4828,1
1788741900,2026-09-07 00:45,3,xgb-all,2026-08,0.5995,1
1788742800,2026-09-07 01:00,0,forest,2026-08,0.4863,0
1788742800,2026-09-07 01:00,3,xgb-all,2026-08,0.7178,0
1788743700,2026-09-07 01:15,0,forest,2026-08,0.5426,0
1788743700,2026-09-07 01:15,3,xgb-all,2026-08,0.6714,0
1788744600,2026-09-07 01:30,0,forest,2026-08,0.5243,0
1788744600,2026-09-07 01:30,3,xgb-all,2026-08,0.6234,0
1788745500,2026-09-07 01:45,0,forest,2026-08,0.5121,1
1788745500,2026-09-07 01:45,3,xgb-all,2026-08,0.6407,1
1788746400,2026-09-07 02:00,0,forest,2026-08,0.4704,0
1788746400,2026-09-07 02:00,3,xgb-all,2026-08,0.4425,0
1788747300,2026-09-07 02:15,0,forest,2026-08,0.552,1
1788747300,2026-09-07 02:15,3,xgb-all,2026-08,0.7348,1
1788748200,2026-09-07 02:30,0,forest,2026-08,0.5284,1
1788748200,2026-09-07 02:30,3,xgb-all,2026-08,0.4226,1
1788749100,2026-09-07 02:45,0,forest,2026-08,0.4655,0
1788749100,2026-09-07 02:45,3,xgb-all,2026-08,0.4226,0
1788750000,2026-09-07 03:00,0,forest,2026-08,0.5623,0
1788750000,2026-09-07 03:00,3,xgb-all,2026-08,0.7294,0
1788750900,2026-09-07 03:15,0,forest,2026-08,0.5438,0
1788750900,2026-09-07 03:15,3,xgb-all,2026-08,0.4032,0
1788751800,2026-09-07 03:30,0,forest,2026-08,0.5168,0
1788751800,2026-09-07 03:30,3,xgb-all,2026-08,0.4494,0
1788752700,2026-09-07 03:45,0,forest,2026-08,0.5434,0
1788752700,2026-09-07 03:45,3,xgb-all,2026-08,0.6473,0
1788753600,2026-09-07 04:00,0,forest,2026-08,0.5763,1
1788753600,2026-09-07 04:00,3,xgb-all,2026-08,0.5323,1
1788754500,2026-09-07 04:15,0,forest,2026-08,0.4901,0
1788754500,2026-09-07 04:15,3,xgb-all,2026-08,0.4427,0
1788755400,2026-09-07 04:30,0,forest,2026-08,0.5005,1
1788755400,2026-09-07 04:30,3,xgb-all,2026-08,0.5263,1
1788756300,2026-09-07 04:45,0,forest,2026-08,0.5378,1
1788756300,2026-09-07 04:45,3,xgb-all,2026-08,0.5675,1
1788757200,2026-09-07 05:00,0,forest,2026-08,0.5111,1
1788757200,2026-09-07 05:00,3,xgb-all,2026-08,0.4114,1
1788758100,2026-09-07 05:15,0,forest,2026-08,0.425,1
1788758100,2026-09-07 05:15,3,xgb-all,2026-08,0.7656,1
1788759000,2026-09-07 05:30,0,forest,2026-08,0.5006,1
1788759000,2026-09-07 05:30,3,xgb-all,2026-08,0.3888,1
1788759900,2026-09-07 05:45,0,forest,2026-08,0.4782,0
1788759900,2026-09-07 05:45,3,xgb-all,2026-08,0.3899,0
1788760800,2026-09-07 06:00,0,forest,2026-08,0.485,1
1788760800,2026-09-07 06:00,3,xgb-all,2026-08,0.5286,1
1788761700,2026-09-07 06:15,0,forest,2026-08,0.5451,0
1788761700,2026-09-07 06:15,3,xgb-all,2026-08,0.2882,0
1788762600,2026-09-07 06:30,0,forest,2026-08,0.4694,0
1788762600,2026-09-07 06:30,3,xgb-all,2026-08,0.4366,0
1788763500,2026-09-07 06:45,0,forest,2026-08,0.5698,0
1788763500,2026-09-07 06:45,3,xgb-all,2026-08,0.5235,0
1788764400,2026-09-07 07:00,0,forest,2026-08,0.4882,0
1788764400,2026-09-07 07:00,3,xgb-all,2026-08,0.3357,0
1788765300,2026-09-07 07:15,0,forest,2026-08,0.4994,0
1788765300,2026-09-07 07:15,3,xgb-all,2026-08,0.4318,0
1788766200,2026-09-07 07:30,0,forest,2026-08,0.5718,0
1788766200,2026-09-07 07:30,3,xgb-all,2026-08,0.7462,0
1788767100,2026-09-07 07:45,0,forest,2026-08,0.5263,1
1788767100,2026-09-07 07:45,3,xgb-all,2026-08,0.668,1
1788768000,2026-09-07 08:00,0,forest,2026-08,0.4753,1
1788768000,2026-09-07 08:00,3,xgb-all,2026-08,0.6261,1
1788768900,2026-09-07 08:15,0,forest,2026-08,0.4856,0
1788768900,2026-09-07 08:15,3,xgb-all,2026-08,0.528,0
1788769800,2026-09-07 08:30,0,forest,2026-08,0.4746,1
1788769800,2026-09-07 08:30,3,xgb-all,2026-08,0.6005,1
1788770700,2026-09-07 08:45,0,forest,2026-08,0.5074,0
1788770700,2026-09-07 08:45,3,xgb-all,2026-08,0.5348,0
1788771600,2026-09-07 09:00,0,forest,2026-08,0.5254,1
1788771600,2026-09-07 09:00,3,xgb-all,2026-08,0.5964,1
1788772500,2026-09-07 09:15,0,forest,2026-08,0.5586,0
1788772500,2026-09-07 09:15,3,xgb-all,2026-08,0.5837,0
1788773400,2026-09-07 09:30,0,forest,2026-08,0.5231,0
1788773400,2026-09-07 09:30,3,xgb-all,2026-08,0.3908,0
1788774300,2026-09-07 09:45,0,forest,2026-08,0.5439,0
1788774300,2026-09-07 09:45,3,xgb-all,2026-08,0.6354,0
1788775200,2026-09-07 10:00,0,forest,2026-08,0.5475,1
1788775200,2026-09-07 10:00,3,xgb-all,2026-08,0.6607,1
1788776100,2026-09-07 10:15,0,forest,2026-08,0.4765,1
1788776100,2026-09-07 10:15,3,xgb-all,2026-08,0.6485,1
1788777000,2026-09-07 10:30,0,forest,2026-08,0.5061,1
1788777000,2026-09-07 10:30,3,xgb-all,2026-08,0.4478,1
1788777900,2026-09-07 10:45,0,forest,2026-08,0.4913,0
1788777900,2026-09-07 10:45,3,xgb-all,2026-08,0.3601,0
1788778800,2026-09-07 11:00,0,forest,2026-08,0.5216,1
1788778800,2026-09-07 11:00,3,xgb-all,2026-08,0.3929,1
1788779700,2026-09-07 11:15,0,forest,2026-08,0.5083,1
1788779700,2026-09-07 11:15,3,xgb-all,2026-08,0.4774,1
1788780600,2026-09-07 11:30,0,forest,2026-08,0.4584,0
1788780600,2026-09-07 11:30,3,xgb-all,2026-08,0.7035,0
1788781500,2026-09-07 11:45,0,forest,2026-08,0.5088,1
1788781500,2026-09-07 11:45,3,xgb-all,2026-08,0.561,1
1788782400,2026-09-07 12:00,0,forest,2026-08,0.5038,1
1788782400,2026-09-07 12:00,3,xgb-all,2026-08,0.4955,1
1788783300,2026-09-07 12:15,0,forest,2026-08,0.4624,1
1788783300,2026-09-07 12:15,3,xgb-all,2026-08,0.3772,1
1788784200,2026-09-07 12:30,0,forest,2026-08,0.4319,0
1788784200,2026-09-07 12:30,3,xgb-all,2026-08,0.3381,0
1788785100,2026-09-07 12:45,0,forest,2026-08,0.4979,1
1788785100,2026-09-07 12:45,3,xgb-all,2026-08,0.6858,1
1788786000,2026-09-07 13:00,0,forest,2026-08,0.4877,1
1788786000,2026-09-07 13:00,3,xgb-all,2026-08,0.214,1
1788786900,2026-09-07 13:15,0,forest,2026-08,0.4838,1
1788786900,2026-09-07 13:15,3,xgb-all,2026-08,0.2828,1
1788787800,2026-09-07 13:30,0,forest,2026-08,0.4093,0
1788787800,2026-09-07 13:30,3,xgb-all,2026-08,0.1609,0
1788788700,2026-09-07 13:45,0,forest,2026-08,0.5377,0
1788788700,2026-09-07 13:45,3,xgb-all,2026-08,0.3216,0
1788789600,2026-09-07 14:00,0,forest,2026-08,0.5409,0
1788789600,2026-09-07 14:00,3,xgb-all,2026-08,0.7298,0
1788790500,2026-09-07 14:15,0,forest,2026-08,0.5071,0
1788790500,2026-09-07 14:15,3,xgb-all,2026-08,0.4925,0
1788791400,2026-09-07 14:30,0,forest,2026-08,0.575,0
1788791400,2026-09-07 14:30,3,xgb-all,2026-08,0.5193,0
1788792300,2026-09-07 14:45,0,forest,2026-08,0.5549,1
1788792300,2026-09-07 14:45,3,xgb-all,2026-08,0.6429,1
1788793200,2026-09-07 15:00,0,forest,2026-08,0.486,0
1788793200,2026-09-07 15:00,3,xgb-all,2026-08,0.2728,0
1788794100,2026-09-07 15:15,0,forest,2026-08,0.5923,0
1788794100,2026-09-07 15:15,3,xgb-all,2026-08,0.3154,0
1788795000,2026-09-07 15:30,0,forest,2026-08,0.5186,0
1788795000,2026-09-07 15:30,3,xgb-all,2026-08,0.2281,0
1788795900,2026-09-07 15:45,0,forest,2026-08,0.5394,1
1788795900,2026-09-07 15:45,3,xgb-all,2026-08,0.5844,1
1788796800,2026-09-07 16:00,0,forest,2026-08,0.518,1
1788796800,2026-09-07 16:00,3,xgb-all,2026-08,0.7632,1
1788797700,2026-09-07 16:15,0,forest,2026-08,0.5446,0
1788797700,2026-09-07 16:15,3,xgb-all,2026-08,0.3258,0
1788798600,2026-09-07 16:30,0,forest,2026-08,0.5357,1
1788798600,2026-09-07 16:30,3,xgb-all,2026-08,0.7826,1
1788799500,2026-09-07 16:45,0,forest,2026-08,0.5028,1
1788799500,2026-09-07 16:45,3,xgb-all,2026-08,0.3943,1
1788800400,2026-09-07 17:00,0,forest,2026-08,0.4932,1
1788800400,2026-09-07 17:00,3,xgb-all,2026-08,0.485,1
1788801300,2026-09-07 17:15,0,forest,2026-08,0.4946,0
1788801300,2026-09-07 17:15,3,xgb-all,2026-08,0.4219,0
1788802200,2026-09-07 17:30,0,forest,2026-08,0.5261,1
1788802200,2026-09-07 17:30,3,xgb-all,2026-08,0.4695,1
1788803100,2026-09-07 17:45,0,forest,2026-08,0.5283,1
1788803100,2026-09-07 17:45,3,xgb-all,2026-08,0.5559,1
1788804000,2026-09-07 18:00,0,forest,2026-08,0.4317,0
1788804000,2026-09-07 18:00,3,xgb-all,2026-08,0.3934,0
1788804900,2026-09-07 18:15,0,forest,2026-08,0.4722,0
1788804900,2026-09-07 18:15,3,xgb-all,2026-08,0.4772,0
1788805800,2026-09-07 18:30,0,forest,2026-08,0.5201,1
1788805800,2026-09-07 18:30,3,xgb-all,2026-08,0.3307,1
1788806700,2026-09-07 18:45,0,forest,2026-08,0.4687,1
1788806700,2026-09-07 18:45,3,xgb-all,2026-08,0.3882,1
1788807600,2026-09-07 19:00,0,forest,2026-08,0.4417,0
1788807600,2026-09-07 19:00,3,xgb-all,2026-08,0.3154,0
1788808500,2026-09-07 19:15,0,forest,2026-08,0.4948,1
1788808500,2026-09-07 19:15,3,xgb-all,2026-08,0.6388,1
1788809400,2026-09-07 19:30,0,forest,2026-08,0.4018,1
1788809400,2026-09-07 19:30,3,xgb-all,2026-08,0.8027,1
1788810300,2026-09-07 19:45,0,forest,2026-08,0.4667,1
1788810300,2026-09-07 19:45,3,xgb-all,2026-08,0.4443,1
1788811200,2026-09-07 20:00,0,forest,2026-08,0.5307,0
1788811200,2026-09-07 20:00,3,xgb-all,2026-08,0.3696,0
1788812100,2026-09-07 20:15,0,forest,2026-08,0.5272,0
1788812100,2026-09-07 20:15,3,xgb-all,2026-08,0.5805,0
1788813000,2026-09-07 20:30,0,forest,2026-08,0.5015,0
1788813000,2026-09-07 20:30,3,xgb-all,2026-08,0.6964,0
1788813900,2026-09-07 20:45,0,forest,2026-08,0.4941,1
1788813900,2026-09-07 20:45,3,xgb-all,2026-08,0.5396,1
1788814800,2026-09-07 21:00,0,forest,2026-08,0.4797,1
1788814800,2026-09-07 21:00,3,xgb-all,2026-08,0.5627,1
1788815700,2026-09-07 21:15,0,forest,2026-08,0.5035,0
1788815700,2026-09-07 21:15,3,xgb-all,2026-08,0.2987,0
1788816600,2026-09-07 21:30,0,forest,2026-08,0.5193,0
1788816600,2026-09-07 21:30,3,xgb-all,2026-08,0.3912,0
1788817500,2026-09-07 21:45,0,forest,2026-08,0.5701,0
1788817500,2026-09-07 21:45,3,xgb-all,2026-08,0.5466,0
1788818400,2026-09-07 22:00,0,forest,2026-08,0.5431,0
1788818400,2026-09-07 22:00,3,xgb-all,2026-08,0.437,0
1788819300,2026-09-07 22:15,0,forest,2026-08,0.5183,0
1788819300,2026-09-07 22:15,3,xgb-all,2026-08,0.2634,0
1788820200,2026-09-07 22:30,0,forest,2026-08,0.5484,0
1788820200,2026-09-07 22:30,3,xgb-all,2026-08,0.3993,0
1788821100,2026-09-07 22:45,0,forest,2026-08,0.5971,1
1788821100,2026-09-07 22:45,3,xgb-all,2026-08,0.8385,1
1788822000,2026-09-07 23:00,0,forest,2026-08,0.5236,1
1788822000,2026-09-07 23:00,3,xgb-all,2026-08,0.6802,1
1788822900,2026-09-07 23:15,0,forest,2026-08,0.4602,0
1788822900,2026-09-07 23:15,3,xgb-all,2026-08,0.2799,0
1788823800,2026-09-07 23:30,0,forest,2026-08,0.5373,1
1788823800,2026-09-07 23:30,3,xgb-all,2026-08,0.4835,1
1788824700,2026-09-07 23:45,0,forest,2026-08,0.5095,0
1788824700,2026-09-07 23:45,3,xgb-all,2026-08,0.7464,0
1788825600,2026-09-08 00:00,0,forest,2026-08,0.4759,0
1788825600,2026-09-08 00:00,3,xgb-all,2026-08,0.2871,0
1788826500,2026-09-08 00:15,0,forest,2026-08,0.5324,0
1788826500,2026-09-08 00:15,3,xgb-all,2026-08,0.7245,0
1788827400,2026-09-08 00:30,0,forest,2026-08,0.523,1
1788827400,2026-09-08 00:30,3,xgb-all,2026-08,0.8043,1
1788828300,2026-09-08 00:45,0,forest,2026-08,0.4511,1
1788828300,2026-09-08 00:45,3,xgb-all,2026-08,0.5603,1
1788829200,2026-09-08 01:00,0,forest,2026-08,0.4265,0
1788829200,2026-09-08 01:00,3,xgb-all,2026-08,0.4188,0
1788830100,2026-09-08 01:15,0,forest,2026-08,0.495,1
1788830100,2026-09-08 01:15,3,xgb-all,2026-08,0.4203,1
1788831000,2026-09-08 01:30,0,forest,2026-08,0.4548,0
1788831000,2026-09-08 01:30,3,xgb-all,2026-08,0.3209,0
1788831900,2026-09-08 01:45,0,forest,2026-08,0.5034,1
1788831900,2026-09-08 01:45,3,xgb-all,2026-08,0.5733,1
1788832800,2026-09-08 02:00,0,forest,2026-08,0.4454,0
1788832800,2026-09-08 02:00,3,xgb-all,2026-08,0.2662,0
1788833700,2026-09-08 02:15,0,forest,2026-08,0.4873,0
1788833700,2026-09-08 02:15,3,xgb-all,2026-08,0.3873,0
1788834600,2026-09-08 02:30,0,forest,2026-08,0.4728,0
1788834600,2026-09-08 02:30,3,xgb-all,2026-08,0.2788,0
1788835500,2026-09-08 02:45,0,forest,2026-08,0.4977,0
1788835500,2026-09-08 02:45,3,xgb-all,2026-08,0.5363,0
1788836400,2026-09-08 03:00,0,forest,2026-08,0.5305,0
1788836400,2026-09-08 03:00,3,xgb-all,2026-08,0.7094,0
1788837300,2026-09-08 03:15,0,forest,2026-08,0.5617,0
1788837300,2026-09-08 03:15,3,xgb-all,2026-08,0.6389,0
1788838200,2026-09-08 03:30,0,forest,2026-08,0.5138,1
1788838200,2026-09-08 03:30,3,xgb-all,2026-08,0.8326,1
1788839100,2026-09-08 03:45,0,forest,2026-08,0.5114,0
1788839100,2026-09-08 03:45,3,xgb-all,2026-08,0.2828,0
1788840000,2026-09-08 04:00,0,forest,2026-08,0.5213,0
1788840000,2026-09-08 04:00,3,xgb-all,2026-08,0.4812,0
1788840900,2026-09-08 04:15,0,forest,2026-08,0.4777,1
1788840900,2026-09-08 04:15,3,xgb-all,2026-08,0.6514,1
1788841800,2026-09-08 04:30,0,forest,2026-08,0.5027,0
1788841800,2026-09-08 04:30,3,xgb-all,2026-08,0.7087,0
1788842700,2026-09-08 04:45,0,forest,2026-08,0.512,0
1788842700,2026-09-08 04:45,3,xgb-all,2026-08,0.6523,0
1788843600,2026-09-08 05:00,0,forest,2026-08,0.5117,1
1788843600,2026-09-08 05:00,3,xgb-all,2026-08,0.8477,1
1788844500,2026-09-08 05:15,0,forest,2026-08,0.4827,1
1788844500,2026-09-08 05:15,3,xgb-all,2026-08,0.7338,1
1788845400,2026-09-08 05:30,0,forest,2026-08,0.4912,0
1788845400,2026-09-08 05:30,3,xgb-all,2026-08,0.2734,0
1788846300,2026-09-08 05:45,0,forest,2026-08,0.5372,0
1788846300,2026-09-08 05:45,3,xgb-all,2026-08,0.572,0
1788847200,2026-09-08 06:00,0,forest,2026-08,0.5129,1
1788847200,2026-09-08 06:00,3,xgb-all,2026-08,0.2907,1
1788848100,2026-09-08 06:15,0,forest,2026-08,0.5173,0
1788848100,2026-09-08 06:15,3,xgb-all,2026-08,0.331,0
1788849000,2026-09-08 06:30,0,forest,2026-08,0.5684,1
1788849000,2026-09-08 06:30,3,xgb-all,2026-08,0.7198,1
1788849900,2026-09-08 06:45,0,forest,2026-08,0.5081,0
1788849900,2026-09-08 06:45,3,xgb-all,2026-08,0.6913,0
1788850800,2026-09-08 07:00,0,forest,2026-08,0.5259,1
1788850800,2026-09-08 07:00,3,xgb-all,2026-08,0.5012,1
1788851700,2026-09-08 07:15,0,forest,2026-08,0.4986,1
1788851700,2026-09-08 07:15,3,xgb-all,2026-08,0.6526,1
1788852600,2026-09-08 07:30,0,forest,2026-08,0.4748,0
1788852600,2026-09-08 07:30,3,xgb-all,2026-08,0.4401,0
1788853500,2026-09-08 07:45,0,forest,2026-08,0.4601,1
1788853500,2026-09-08 07:45,3,xgb-all,2026-08,0.2245,1
1788854400,2026-09-08 08:00,0,forest,2026-08,0.4852,0
1788854400,2026-09-08 08:00,3,xgb-all,2026-08,0.1865,0
1788855300,2026-09-08 08:15,0,forest,2026-08,0.569,1
1788855300,2026-09-08 08:15,3,xgb-all,2026-08,0.3531,1
1788856200,2026-09-08 08:30,0,forest,2026-08,0.5167,1
1788856200,2026-09-08 08:30,3,xgb-all,2026-08,0.5887,1
1788857100,2026-09-08 08:45,0,forest,2026-08,0.5579,0
1788857100,2026-09-08 08:45,3,xgb-all,2026-08,0.555,0
1788858000,2026-09-08 09:00,0,forest,2026-08,0.5449,1
1788858000,2026-09-08 09:00,3,xgb-all,2026-08,0.5691,1
1788858900,2026-09-08 09:15,0,forest,2026-08,0.5165,0
1788858900,2026-09-08 09:15,3,xgb-all,2026-08,0.3996,0
1788859800,2026-09-08 09:30,0,forest,2026-08,0.5118,1
1788859800,2026-09-08 09:30,3,xgb-all,2026-08,0.7514,1
1788860700,2026-09-08 09:45,0,forest,2026-08,0.4685,0
1788860700,2026-09-08 09:45,3,xgb-all,2026-08,0.4206,0
1788861600,2026-09-08 10:00,0,forest,2026-08,0.3987,0
1788861600,2026-09-08 10:00,3,xgb-all,2026-08,0.3563,0
1788862500,2026-09-08 10:15,0,forest,2026-08,0.4751,1
1788862500,2026-09-08 10:15,3,xgb-all,2026-08,0.5478,1
1788863400,2026-09-08 10:30,0,forest,2026-08,0.415,0
1788863400,2026-09-08 10:30,3,xgb-all,2026-08,0.2148,0
1788864300,2026-09-08 10:45,0,forest,2026-08,0.5624,0
1788864300,2026-09-08 10:45,3,xgb-all,2026-08,0.4397,0
1788865200,2026-09-08 11:00,0,forest,2026-08,0.5244,0
1788865200,2026-09-08 11:00,3,xgb-all,2026-08,0.3192,0
1788866100,2026-09-08 11:15,0,forest,2026-08,0.5115,1
1788866100,2026-09-08 11:15,3,xgb-all,2026-08,0.7597,1
1788867000,2026-09-08 11:30,0,forest,2026-08,0.4594,0
1788867000,2026-09-08 11:30,3,xgb-all,2026-08,0.6324,0
1788867900,2026-09-08 11:45,0,forest,2026-08,0.4974,0
1788867900,2026-09-08 11:45,3,xgb-all,2026-08,0.2691,0
1788868800,2026-09-08 12:00,0,forest,2026-08,0.5233,0
1788868800,2026-09-08 12:00,3,xgb-all,2026-08,0.1784,0
1788869700,2026-09-08 12:15,0,forest,2026-08,0.5123,1
1788869700,2026-09-08 12:15,3,xgb-all,2026-08,0.5989,1
1788870600,2026-09-08 12:30,0,forest,2026-08,0.5388,0
1788870600,2026-09-08 12:30,3,xgb-all,2026-08,0.734,0
1788871500,2026-09-08 12:45,0,forest,2026-08,0.5418,1
1788871500,2026-09-08 12:45,3,xgb-all,2026-08,0.5406,1
1788872400,2026-09-08 13:00,0,forest,2026-08,0.5496,1
1788872400,2026-09-08 13:00,3,xgb-all,2026-08,0.7509,1
1788873300,2026-09-08 13:15,0,forest,2026-08,0.541,0
1788873300,2026-09-08 13:15,3,xgb-all,2026-08,0.305,0
1788874200,2026-09-08 13:30,0,forest,2026-08,0.5355,0
1788874200,2026-09-08 13:30,3,xgb-all,2026-08,0.1219,0
1788875100,2026-09-08 13:45,0,forest,2026-08,0.5946,1
1788875100,2026-09-08 13:45,3,xgb-all,2026-08,0.7439,1
1788876000,2026-09-08 14:00,0,forest,2026-08,0.5135,1
1788876000,2026-09-08 14:00,3,xgb-all,2026-08,0.5436,1
1788876900,2026-09-08 14:15,0,forest,2026-08,0.4933,1
1788876900,2026-09-08 14:15,3,xgb-all,2026-08,0.7363,1
1788877800,2026-09-08 14:30,0,forest,2026-08,0.4861,1
1788877800,2026-09-08 14:30,3,xgb-all,2026-08,0.2859,1
1788878700,2026-09-08 14:45,0,forest,2026-08,0.4995,1
1788878700,2026-09-08 14:45,3,xgb-all,2026-08,0.6847,1
1788879600,2026-09-08 15:00,0,forest,2026-08,0.4062,1
1788879600,2026-09-08 15:00,3,xgb-all,2026-08,0.4601,1
1788880500,2026-09-08 15:15,0,forest,2026-08,0.4617,0
1788880500,2026-09-08 15:15,3,xgb-all,2026-08,0.6408,0
1788881400,2026-09-08 15:30,0,forest,2026-08,0.4928,1
1788881400,2026-09-08 15:30,3,xgb-all,2026-08,0.5307,1
1788882300,2026-09-08 15:45,0,forest,2026-08,0.4452,1
1788882300,2026-09-08 15:45,3,xgb-all,2026-08,0.4887,1
1788883200,2026-09-08 16:00,0,forest,2026-08,0.4549,0
1788883200,2026-09-08 16:00,3,xgb-all,2026-08,0.1971,0
1788884100,2026-09-08 16:15,0,forest,2026-08,0.4897,0
1788884100,2026-09-08 16:15,3,xgb-all,2026-08,0.3963,0
1788885000,2026-09-08 16:30,0,forest,2026-08,0.4429,1
1788885000,2026-09-08 16:30,3,xgb-all,2026-08,0.6869,1
1788885900,2026-09-08 16:45,0,forest,2026-08,0.4289,0
1788885900,2026-09-08 16:45,3,xgb-all,2026-08,0.5512,0
1788886800,2026-09-08 17:00,0,forest,2026-08,0.4757,0
1788886800,2026-09-08 17:00,3,xgb-all,2026-08,0.8102,0
1788887700,2026-09-08 17:15,0,forest,2026-08,0.5028,0
1788887700,2026-09-08 17:15,3,xgb-all,2026-08,0.3884,0
1788888600,2026-09-08 17:30,0,forest,2026-08,0.4806,0
1788888600,2026-09-08 17:30,3,xgb-all,2026-08,0.3657,0
1788889500,2026-09-08 17:45,0,forest,2026-08,0.4974,0
1788889500,2026-09-08 17:45,3,xgb-all,2026-08,0.5256,0
1788890400,2026-09-08 18:00,0,forest,2026-08,0.489,1
1788890400,2026-09-08 18:00,3,xgb-all,2026-08,0.7473,1
1788891300,2026-09-08 18:15,0,forest,2026-08,0.4261,1
1788891300,2026-09-08 18:15,3,xgb-all,2026-08,0.7138,1
1788892200,2026-09-08 18:30,0,forest,2026-08,0.4674,0
1788892200,2026-09-08 18:30,3,xgb-all,2026-08,0.7145,0
1788893100,2026-09-08 18:45,0,forest,2026-08,0.5224,0
1788893100,2026-09-08 18:45,3,xgb-all,2026-08,0.2863,0
1788894000,2026-09-08 19:00,0,forest,2026-08,0.5327,1
1788894000,2026-09-08 19:00,3,xgb-all,2026-08,0.7006,1
1788894900,2026-09-08 19:15,0,forest,2026-08,0.5032,1
1788894900,2026-09-08 19:15,3,xgb-all,2026-08,0.3605,1
1788895800,2026-09-08 19:30,0,forest,2026-08,0.534,0
1788895800,2026-09-08 19:30,3,xgb-all,2026-08,0.4547,0
1788896700,2026-09-08 19:45,0,forest,2026-08,0.5142,1
1788896700,2026-09-08 19:45,3,xgb-all,2026-08,0.4016,1
1788897600,2026-09-08 20:00,0,forest,2026-08,0.5315,1
1788897600,2026-09-08 20:00,3,xgb-all,2026-08,0.5999,1
1788898500,2026-09-08 20:15,0,forest,2026-08,0.4994,0
1788898500,2026-09-08 20:15,3,xgb-all,2026-08,0.2141,0
1788899400,2026-09-08 20:30,0,forest,2026-08,0.4969,0
1788899400,2026-09-08 20:30,3,xgb-all,2026-08,0.2331,0
1788900300,2026-09-08 20:45,0,forest,2026-08,0.5004,0
1788900300,2026-09-08 20:45,3,xgb-all,2026-08,0.6749,0
1788901200,2026-09-08 21:00,0,forest,2026-08,0.5337,1
1788901200,2026-09-08 21:00,3,xgb-all,2026-08,0.8026,1
1788902100,2026-09-08 21:15,0,forest,2026-08,0.4557,0
1788902100,2026-09-08 21:15,3,xgb-all,2026-08,0.4033,0
1788903000,2026-09-08 21:30,0,forest,2026-08,0.4892,0
1788903000,2026-09-08 21:30,3,xgb-all,2026-08,0.3058,0
1788903900,2026-09-08 21:45,0,forest,2026-08,0.5292,0
1788903900,2026-09-08 21:45,3,xgb-all,2026-08,0.4942,0
1788904800,2026-09-08 22:00,0,forest,2026-08,0.4801,1
1788904800,2026-09-08 22:00,3,xgb-all,2026-08,0.8817,1
1788905700,2026-09-08 22:15,0,forest,2026-08,0.4651,0
1788905700,2026-09-08 22:15,3,xgb-all,2026-08,0.4023,0
1788906600,2026-09-08 22:30,0,forest,2026-08,0.452,0
1788906600,2026-09-08 22:30,3,xgb-all,2026-08,0.4581,0
1788907500,2026-09-08 22:45,0,forest,2026-08,0.4529,1
1788907500,2026-09-08 22:45,3,xgb-all,2026-08,0.6503,1
1788908400,2026-09-08 23:00,0,forest,2026-08,0.5043,0
1788908400,2026-09-08 23:00,3,xgb-all,2026-08,0.597,0
1788909300,2026-09-08 23:15,0,forest,2026-08,0.4438,0
1788909300,2026-09-08 23:15,3,xgb-all,2026-08,0.436,0
1788910200,2026-09-08 23:30,0,forest,2026-08,0.5395,0
1788910200,2026-09-08 23:30,3,xgb-all,2026-08,0.5885,0
1788911100,2026-09-08 23:45,0,forest,2026-08,0.5052,1
1788911100,2026-09-08 23:45,3,xgb-all,2026-08,0.5506,1
1788912000,2026-09-09 00:00,0,forest,2026-08,0.5527,1
1788912000,2026-09-09 00:00,3,xgb-all,2026-08,0.7651,1
1788912900,2026-09-09 00:15,0,forest,2026-08,0.4439,0
1788912900,2026-09-09 00:15,3,xgb-all,2026-08,0.2914,0
1788913800,2026-09-09 00:30,0,forest,2026-08,0.4932,1
1788913800,2026-09-09 00:30,3,xgb-all,2026-08,0.2781,1
1788914700,2026-09-09 00:45,0,forest,2026-08,0.4878,1
1788914700,2026-09-09 00:45,3,xgb-all,2026-08,0.7084,1
1788915600,2026-09-09 01:00,0,forest,2026-08,0.4149,0
1788915600,2026-09-09 01:00,3,xgb-all,2026-08,0.3628,0
1788916500,2026-09-09 01:15,0,forest,2026-08,0.4751,0
1788916500,2026-09-09 01:15,3,xgb-all,2026-08,0.2084,0
1788917400,2026-09-09 01:30,0,forest,2026-08,0.4611,1
1788917400,2026-09-09 01:30,3,xgb-all,2026-08,0.4893,1
1788918300,2026-09-09 01:45,0,forest,2026-08,0.4754,1
1788918300,2026-09-09 01:45,3,xgb-all,2026-08,0.5484,1
1788919200,2026-09-09 02:00,0,forest,2026-08,0.4427,0
1788919200,2026-09-09 02:00,3,xgb-all,2026-08,0.544,0
1788920100,2026-09-09 02:15,0,forest,2026-08,0.4814,1
1788920100,2026-09-09 02:15,3,xgb-all,2026-08,0.1833,1
1788921000,2026-09-09 02:30,0,forest,2026-08,0.4974,0
1788921000,2026-09-09 02:30,3,xgb-all,2026-08,0.5597,0
1788921900,2026-09-09 02:45,0,forest,2026-08,0.4428,0
1788921900,2026-09-09 02:45,3,xgb-all,2026-08,0.5554,0
1788922800,2026-09-09 03:00,0,forest,2026-08,0.4523,0
1788922800,2026-09-09 03:00,3,xgb-all,2026-08,0.3205,0
1788923700,2026-09-09 03:15,0,forest,2026-08,0.4796,0
1788923700,2026-09-09 03:15,3,xgb-all,2026-08,0.5519,0
1788924600,2026-09-09 03:30,0,forest,2026-08,0.5445,1
1788924600,2026-09-09 03:30,3,xgb-all,2026-08,0.5242,1
1788925500,2026-09-09 03:45,0,forest,2026-08,0.4917,0
1788925500,2026-09-09 03:45,3,xgb-all,2026-08,0.5134,0
1788926400,2026-09-09 04:00,0,forest,2026-08,0.4674,1
1788926400,2026-09-09 04:00,3,xgb-all,2026-08,0.9034,1
1788927300,2026-09-09 04:15,0,forest,2026-08,0.4693,1
1788927300,2026-09-09 04:15,3,xgb-all,2026-08,0.2961,1
1788928200,2026-09-09 04:30,0,forest,2026-08,0.4575,1
1788928200,2026-09-09 04:30,3,xgb-all,2026-08,0.4994,1
1788929100,2026-09-09 04:45,0,forest,2026-08,0.3905,0
1788929100,2026-09-09 04:45,3,xgb-all,2026-08,0.382,0
1788930000,2026-09-09 05:00,0,forest,2026-08,0.419,1
1788930000,2026-09-09 05:00,3,xgb-all,2026-08,0.1728,1
1788930900,2026-09-09 05:15,0,forest,2026-08,0.3883,0
1788930900,2026-09-09 05:15,3,xgb-all,2026-08,0.6094,0
1788931800,2026-09-09 05:30,0,forest,2026-08,0.4887,0
1788931800,2026-09-09 05:30,3,xgb-all,2026-08,0.1698,0
1788932700,2026-09-09 05:45,0,forest,2026-08,0.5345,0
1788932700,2026-09-09 05:45,3,xgb-all,2026-08,0.2716,0
1788933600,2026-09-09 06:00,0,forest,2026-08,0.4585,1
1788933600,2026-09-09 06:00,3,xgb-all,2026-08,0.3928,1
1788934500,2026-09-09 06:15,0,forest,2026-08,0.4554,1
1788934500,2026-09-09 06:15,3,xgb-all,2026-08,0.6732,1
1788935400,2026-09-09 06:30,0,forest,2026-08,0.5015,1
1788935400,2026-09-09 06:30,3,xgb-all,2026-08,0.385,1
1788936300,2026-09-09 06:45,0,forest,2026-08,0.4517,0
1788936300,2026-09-09 06:45,3,xgb-all,2026-08,0.3612,0
1788937200,2026-09-09 07:00,0,forest,2026-08,0.5292,1
1788937200,2026-09-09 07:00,3,xgb-all,2026-08,0.6084,1
1788938100,2026-09-09 07:15,0,forest,2026-08,0.5142,1
1788938100,2026-09-09 07:15,3,xgb-all,2026-08,0.4858,1
1788939000,2026-09-09 07:30,0,forest,2026-08,0.5134,0
1788939000,2026-09-09 07:30,3,xgb-all,2026-08,0.3436,0
1788939900,2026-09-09 07:45,0,forest,2026-08,0.511,1
1788939900,2026-09-09 07:45,3,xgb-all,2026-08,0.6025,1
1788940800,2026-09-09 08:00,0,forest,2026-08,0.5016,1
1788940800,2026-09-09 08:00,3,xgb-all,2026-08,0.8518,1
1788941700,2026-09-09 08:15,0,forest,2026-08,0.4131,1
1788941700,2026-09-09 08:15,3,xgb-all,2026-08,0.7099,1
1788942600,2026-09-09 08:30,0,forest,2026-08,0.4036,0
1788942600,2026-09-09 08:30,3,xgb-all,2026-08,0.3473,0
1788943500,2026-09-09 08:45,0,forest,2026-08,0.4754,1
1788943500,2026-09-09 08:45,3,xgb-all,2026-08,0.6138,1
1788944400,2026-09-09 09:00,0,forest,2026-08,0.44,0
1788944400,2026-09-09 09:00,3,xgb-all,2026-08,0.2346,0
1788945300,2026-09-09 09:15,0,forest,2026-08,0.5116,0
1788945300,2026-09-09 09:15,3,xgb-all,2026-08,0.3584,0
1788946200,2026-09-09 09:30,0,forest,2026-08,0.5102,0
1788946200,2026-09-09 09:30,3,xgb-all,2026-08,0.3181,0
1788947100,2026-09-09 09:45,0,forest,2026-08,0.5938,0
1788947100,2026-09-09 09:45,3,xgb-all,2026-08,0.4647,0
1788948000,2026-09-09 10:00,0,forest,2026-08,0.5652,1
1788948000,2026-09-09 10:00,3,xgb-all,2026-08,0.8033,1
1788948900,2026-09-09 10:15,0,forest,2026-08,0.5517,1
1788948900,2026-09-09 10:15,3,xgb-all,2026-08,0.4488,1
1788949800,2026-09-09 10:30,0,forest,2026-08,0.5221,0
1788949800,2026-09-09 10:30,3,xgb-all,2026-08,0.6368,0
1788950700,2026-09-09 10:45,0,forest,2026-08,0.4914,0
1788950700,2026-09-09 10:45,3,xgb-all,2026-08,0.2863,0
1788951600,2026-09-09 11:00,0,forest,2026-08,0.5288,0
1788951600,2026-09-09 11:00,3,xgb-all,2026-08,0.2046,0
1788952500,2026-09-09 11:15,0,forest,2026-08,0.5644,1
1788952500,2026-09-09 11:15,3,xgb-all,2026-08,0.251,1
1788953400,2026-09-09 11:30,0,forest,2026-08,0.5527,1
1788953400,2026-09-09 11:30,3,xgb-all,2026-08,0.5628,1
1788954300,2026-09-09 11:45,0,forest,2026-08,0.5009,1
1788954300,2026-09-09 11:45,3,xgb-all,2026-08,0.7773,1
1788955200,2026-09-09 12:00,0,forest,2026-08,0.4879,1
1788955200,2026-09-09 12:00,3,xgb-all,2026-08,0.6838,1
1788956100,2026-09-09 12:15,0,forest,2026-08,0.4738,1
1788956100,2026-09-09 12:15,3,xgb-all,2026-08,0.5488,1
1788957000,2026-09-09 12:30,0,forest,2026-08,0.445,1
1788957000,2026-09-09 12:30,3,xgb-all,2026-08,0.7721,1
1788957900,2026-09-09 12:45,0,forest,2026-08,0.4761,1
1788957900,2026-09-09 12:45,3,xgb-all,2026-08,0.6942,1
1788958800,2026-09-09 13:00,0,forest,2026-08,0.4615,0
1788958800,2026-09-09 13:00,3,xgb-all,2026-08,0.2467,0
1788959700,2026-09-09 13:15,0,forest,2026-08,0.472,1
1788959700,2026-09-09 13:15,3,xgb-all,2026-08,0.33,1
1788960600,2026-09-09 13:30,0,forest,2026-08,0.4757,0
1788960600,2026-09-09 13:30,3,xgb-all,2026-08,0.5486,0
1788961500,2026-09-09 13:45,0,forest,2026-08,0.559,0
1788961500,2026-09-09 13:45,3,xgb-all,2026-08,0.7271,0
1788962400,2026-09-09 14:00,0,forest,2026-08,0.5306,0
1788962400,2026-09-09 14:00,3,xgb-all,2026-08,0.2148,0
1788963300,2026-09-09 14:15,0,forest,2026-08,0.5152,1
1788963300,2026-09-09 14:15,3,xgb-all,2026-08,0.3992,1
1788964200,2026-09-09 14:30,0,forest,2026-08,0.4968,0
1788964200,2026-09-09 14:30,3,xgb-all,2026-08,0.5377,0
1788965100,2026-09-09 14:45,0,forest,2026-08,0.4969,0
1788965100,2026-09-09 14:45,3,xgb-all,2026-08,0.6344,0
1788966000,2026-09-09 15:00,0,forest,2026-08,0.5254,0
1788966000,2026-09-09 15:00,3,xgb-all,2026-08,0.2275,0
1788966900,2026-09-09 15:15,0,forest,2026-08,0.5829,0
1788966900,2026-09-09 15:15,3,xgb-all,2026-08,0.8014,0
1788967800,2026-09-09 15:30,0,forest,2026-08,0.5374,1
1788967800,2026-09-09 15:30,3,xgb-all,2026-08,0.7313,1
1788968700,2026-09-09 15:45,0,forest,2026-08,0.4797,0
1788968700,2026-09-09 15:45,3,xgb-all,2026-08,0.4,0
1788969600,2026-09-09 16:00,0,forest,2026-08,0.5143,1
1788969600,2026-09-09 16:00,3,xgb-all,2026-08,0.801,1
1788970500,2026-09-09 16:15,0,forest,2026-08,0.4796,0
1788970500,2026-09-09 16:15,3,xgb-all,2026-08,0.189,0
1788971400,2026-09-09 16:30,0,forest,2026-08,0.5101,1
1788971400,2026-09-09 16:30,3,xgb-all,2026-08,0.8164,1
1788972300,2026-09-09 16:45,0,forest,2026-08,0.4966,0
1788972300,2026-09-09 16:45,3,xgb-all,2026-08,0.4009,0
1788973200,2026-09-09 17:00,0,forest,2026-08,0.4428,1
1788973200,2026-09-09 17:00,3,xgb-all,2026-08,0.5406,1
1788974100,2026-09-09 17:15,0,forest,2026-08,0.4804,0
1788974100,2026-09-09 17:15,3,xgb-all,2026-08,0.3006,0
1788975000,2026-09-09 17:30,0,forest,2026-08,0.4586,0
1788975000,2026-09-09 17:30,3,xgb-all,2026-08,0.2527,0
1788975900,2026-09-09 17:45,0,forest,2026-08,0.5207,1
1788975900,2026-09-09 17:45,3,xgb-all,2026-08,0.6137,1
1788976800,2026-09-09 18:00,0,forest,2026-08,0.4629,0
1788976800,2026-09-09 18:00,3,xgb-all,2026-08,0.3833,0
1788977700,2026-09-09 18:15,0,forest,2026-08,0.5216,1
1788977700,2026-09-09 18:15,3,xgb-all,2026-08,0.5803,1
1788978600,2026-09-09 18:30,0,forest,2026-08,0.4863,0
1788978600,2026-09-09 18:30,3,xgb-all,2026-08,0.3529,0
1788979500,2026-09-09 18:45,0,forest,2026-08,0.4985,0
1788979500,2026-09-09 18:45,3,xgb-all,2026-08,0.4472,0
1788980400,2026-09-09 19:00,0,forest,2026-08,0.5613,1
1788980400,2026-09-09 19:00,3,xgb-all,2026-08,0.6026,1
1788981300,2026-09-09 19:15,0,forest,2026-08,0.4877,1
1788981300,2026-09-09 19:15,3,xgb-all,2026-08,0.5701,1
1788982200,2026-09-09 19:30,0,forest,2026-08,0.501,0
1788982200,2026-09-09 19:30,3,xgb-all,2026-08,0.5781,0
1788983100,2026-09-09 19:45,0,forest,2026-08,0.5813,0
1788983100,2026-09-09 19:45,3,xgb-all,2026-08,0.6557,0
1788984000,2026-09-09 20:00,0,forest,2026-08,0.5618,1
1788984000,2026-09-09 20:00,3,xgb-all,2026-08,0.6653,1
1788984900,2026-09-09 20:15,0,forest,2026-08,0.4899,0
1788984900,2026-09-09 20:15,3,xgb-all,2026-08,0.7108,0
1788985800,2026-09-09 20:30,0,forest,2026-08,0.5571,1
1788985800,2026-09-09 20:30,3,xgb-all,2026-08,0.8345,1
1788986700,2026-09-09 20:45,0,forest,2026-08,0.5109,1
1788986700,2026-09-09 20:45,3,xgb-all,2026-08,0.3555,1
1788987600,2026-09-09 21:00,0,forest,2026-08,0.5044,0
1788987600,2026-09-09 21:00,3,xgb-all,2026-08,0.3648,0
1788988500,2026-09-09 21:15,0,forest,2026-08,0.5388,1
1788988500,2026-09-09 21:15,3,xgb-all,2026-08,0.2556,1
1788989400,2026-09-09 21:30,0,forest,2026-08,0.4802,0
1788989400,2026-09-09 21:30,3,xgb-all,2026-08,0.3652,0
1788990300,2026-09-09 21:45,0,forest,2026-08,0.5269,0
1788990300,2026-09-09 21:45,3,xgb-all,2026-08,0.2245,0
1788991200,2026-09-09 22:00,0,forest,2026-08,0.5629,0
1788991200,2026-09-09 22:00,3,xgb-all,2026-08,0.4233,0
1788992100,2026-09-09 22:15,0,forest,2026-08,0.5582,1
1788992100,2026-09-09 22:15,3,xgb-all,2026-08,0.6016,1
1788993000,2026-09-09 22:30,0,forest,2026-08,0.4861,1
1788993000,2026-09-09 22:30,3,xgb-all,2026-08,0.3232,1
1788993900,2026-09-09 22:45,0,forest,2026-08,0.5096,0
1788993900,2026-09-09 22:45,3,xgb-all,2026-08,0.5935,0
1788994800,2026-09-09 23:00,0,forest,2026-08,0.4959,1
1788994800,2026-09-09 23:00,3,xgb-all,2026-08,0.8171,1
1788995700,2026-09-09 23:15,0,forest,2026-08,0.422,1
1788995700,2026-09-09 23:15,3,xgb-all,2026-08,0.3533,1
1788996600,2026-09-09 23:30,0,forest,2026-08,0.503,1
1788996600,2026-09-09 23:30,3,xgb-all,2026-08,0.6409,1
1788997500,2026-09-09 23:45,0,forest,2026-08,0.3916,1
1788997500,2026-09-09 23:45,3,xgb-all,2026-08,0.6453,1
1788998400,2026-09-10 00:00,0,forest,2026-08,0.3134,0
1788998400,2026-09-10 00:00,3,xgb-all,2026-08,0.5632,0
1788999300,2026-09-10 00:15,0,forest,2026-08,0.4845,1
1788999300,2026-09-10 00:15,3,xgb-all,2026-08,0.4384,1
1789000200,2026-09-10 00:30,0,forest,2026-08,0.5099,0
1789000200,2026-09-10 00:30,3,xgb-all,2026-08,0.1735,0
1789001100,2026-09-10 00:45,0,forest,2026-08,0.5223,1
1789001100,2026-09-10 00:45,3,xgb-all,2026-08,0.7347,1
1789002000,2026-09-10 01:00,0,forest,2026-08,0.4717,1
1789002000,2026-09-10 01:00,3,xgb-all,2026-08,0.7269,1
1789002900,2026-09-10 01:15,0,forest,2026-08,0.4451,0
1789002900,2026-09-10 01:15,3,xgb-all,2026-08,0.2559,0
1789003800,2026-09-10 01:30,0,forest,2026-08,0.4816,0
1789003800,2026-09-10 01:30,3,xgb-all,2026-08,0.3109,0
1789004700,2026-09-10 01:45,0,forest,2026-08,0.4509,0
1789004700,2026-09-10 01:45,3,xgb-all,2026-08,0.4087,0
1789005600,2026-09-10 02:00,0,forest,2026-08,0.4831,0
1789005600,2026-09-10 02:00,3,xgb-all,2026-08,0.3078,0
1789006500,2026-09-10 02:15,0,forest,2026-08,0.4783,0
1789006500,2026-09-10 02:15,3,xgb-all,2026-08,0.4322,0
1789007400,2026-09-10 02:30,0,forest,2026-08,0.5013,1
1789007400,2026-09-10 02:30,3,xgb-all,2026-08,0.7518,1
1789008300,2026-09-10 02:45,0,forest,2026-08,0.4896,1
1789008300,2026-09-10 02:45,3,xgb-all,2026-08,0.5421,1
1789009200,2026-09-10 03:00,0,forest,2026-08,0.4475,1
1789009200,2026-09-10 03:00,3,xgb-all,2026-08,0.8214,1
1789010100,2026-09-10 03:15,0,forest,2026-08,0.451,1
1789010100,2026-09-10 03:15,3,xgb-all,2026-08,0.3305,1
1789011000,2026-09-10 03:30,0,forest,2026-08,0.4032,0
1789011000,2026-09-10 03:30,3,xgb-all,2026-08,0.4714,0
1789011900,2026-09-10 03:45,0,forest,2026-08,0.5262,0
1789011900,2026-09-10 03:45,3,xgb-all,2026-08,0.7179,0
1789012800,2026-09-10 04:00,0,forest,2026-08,0.524,1
1789012800,2026-09-10 04:00,3,xgb-all,2026-08,0.5318,1
1789013700,2026-09-10 04:15,0,forest,2026-08,0.4183,1
1789013700,2026-09-10 04:15,3,xgb-all,2026-08,0.6067,1
1789014600,2026-09-10 04:30,0,forest,2026-08,0.4065,0
1789014600,2026-09-10 04:30,3,xgb-all,2026-08,0.5579,0
1789015500,2026-09-10 04:45,0,forest,2026-08,0.506,1
1789015500,2026-09-10 04:45,3,xgb-all,2026-08,0.5108,1
1789016400,2026-09-10 05:00,0,forest,2026-08,0.5518,1
1789016400,2026-09-10 05:00,3,xgb-all,2026-08,0.2945,1
1789017300,2026-09-10 05:15,0,forest,2026-08,0.4059,0
1789017300,2026-09-10 05:15,3,xgb-all,2026-08,0.199,0
1789018200,2026-09-10 05:30,0,forest,2026-08,0.328,0
1789018200,2026-09-10 05:30,3,xgb-all,2026-08,0.5701,0
1789019100,2026-09-10 05:45,0,forest,2026-08,0.4998,1
1789019100,2026-09-10 05:45,3,xgb-all,2026-08,0.5196,1
1789020000,2026-09-10 06:00,0,forest,2026-08,0.4086,0
1789020000,2026-09-10 06:00,3,xgb-all,2026-08,0.27,0
1789020900,2026-09-10 06:15,0,forest,2026-08,0.5189,0
1789020900,2026-09-10 06:15,3,xgb-all,2026-08,0.1814,0
1789021800,2026-09-10 06:30,0,forest,2026-08,0.5669,0
1789021800,2026-09-10 06:30,3,xgb-all,2026-08,0.2806,0
1789022700,2026-09-10 06:45,0,forest,2026-08,0.5843,1
1789022700,2026-09-10 06:45,3,xgb-all,2026-08,0.8985,1
1789023600,2026-09-10 07:00,0,forest,2026-08,0.4679,0
1789023600,2026-09-10 07:00,3,xgb-all,2026-08,0.1994,0
1789024500,2026-09-10 07:15,0,forest,2026-08,0.524,0
1789024500,2026-09-10 07:15,3,xgb-all,2026-08,0.4211,0
1789025400,2026-09-10 07:30,0,forest,2026-08,0.5262,0
1789025400,2026-09-10 07:30,3,xgb-all,2026-08,0.3994,0
1789026300,2026-09-10 07:45,0,forest,2026-08,0.5406,1
1789026300,2026-09-10 07:45,3,xgb-all,2026-08,0.7017,1
1789027200,2026-09-10 08:00,0,forest,2026-08,0.4758,0
1789027200,2026-09-10 08:00,3,xgb-all,2026-08,0.5732,0
1789028100,2026-09-10 08:15,0,forest,2026-08,0.4589,1
1789028100,2026-09-10 08:15,3,xgb-all,2026-08,0.567,1
1789029000,2026-09-10 08:30,0,forest,2026-08,0.5223,0
1789029000,2026-09-10 08:30,3,xgb-all,2026-08,0.2311,0
1789029900,2026-09-10 08:45,0,forest,2026-08,0.4947,1
1789029900,2026-09-10 08:45,3,xgb-all,2026-08,0.6083,1
1789030800,2026-09-10 09:00,0,forest,2026-08,0.4978,1
1789030800,2026-09-10 09:00,3,xgb-all,2026-08,0.7328,1
1789031700,2026-09-10 09:15,0,forest,2026-08,0.5213,1
1789031700,2026-09-10 09:15,3,xgb-all,2026-08,0.626,1
1789032600,2026-09-10 09:30,0,forest,2026-08,0.5233,0
1789032600,2026-09-10 09:30,3,xgb-all,2026-08,0.1586,0
1789033500,2026-09-10 09:45,0,forest,2026-08,0.5946,1
1789033500,2026-09-10 09:45,3,xgb-all,2026-08,0.6284,1
1789034400,2026-09-10 10:00,0,forest,2026-08,0.5394,0
1789034400,2026-09-10 10:00,3,xgb-all,2026-08,0.6686,0
1789035300,2026-09-10 10:15,0,forest,2026-08,0.5682,0
1789035300,2026-09-10 10:15,3,xgb-all,2026-08,0.4353,0
1789036200,2026-09-10 10:30,0,forest,2026-08,0.5495,1
1789036200,2026-09-10 10:30,3,xgb-all,2026-08,0.2106,1
1789037100,2026-09-10 10:45,0,forest,2026-08,0.5355,0
1789037100,2026-09-10 10:45,3,xgb-all,2026-08,0.3957,0
1789038000,2026-09-10 11:00,0,forest,2026-08,0.6077,1
1789038000,2026-09-10 11:00,3,xgb-all,2026-08,0.3055,1
1789038900,2026-09-10 11:15,0,forest,2026-08,0.4971,1
1789038900,2026-09-10 11:15,3,xgb-all,2026-08,0.6752,1
1789039800,2026-09-10 11:30,0,forest,2026-08,0.4332,1
1789039800,2026-09-10 11:30,3,xgb-all,2026-08,0.7239,1
1789040700,2026-09-10 11:45,0,forest,2026-08,0.471,0
1789040700,2026-09-10 11:45,3,xgb-all,2026-08,0.1754,0
1789041600,2026-09-10 12:00,0,forest,2026-08,0.5872,0
1789041600,2026-09-10 12:00,3,xgb-all,2026-08,0.606,0
1789042500,2026-09-10 12:15,0,forest,2026-08,0.5282,0
1789042500,2026-09-10 12:15,3,xgb-all,2026-08,0.3033,0
1789043400,2026-09-10 12:30,0,forest,2026-08,0.5279,0
1789043400,2026-09-10 12:30,3,xgb-all,2026-08,0.1159,0
1789044300,2026-09-10 12:45,0,forest,2026-08,0.6556,0
1789044300,2026-09-10 12:45,3,xgb-all,2026-08,0.2986,0
1789045200,2026-09-10 13:00,0,forest,2026-08,0.5748,0
1789045200,2026-09-10 13:00,3,xgb-all,2026-08,0.8222,0
1789046100,2026-09-10 13:15,0,forest,2026-08,0.5041,1
1789046100,2026-09-10 13:15,3,xgb-all,2026-08,0.5831,1
1789047000,2026-09-10 13:30,0,forest,2026-08,0.4764,1
1789047000,2026-09-10 13:30,3,xgb-all,2026-08,0.3666,1
1789047900,2026-09-10 13:45,0,forest,2026-08,0.5003,1
1789047900,2026-09-10 13:45,3,xgb-all,2026-08,0.7992,1
1789048800,2026-09-10 14:00,0,forest,2026-08,0.4344,0
1789048800,2026-09-10 14:00,3,xgb-all,2026-08,0.7509,0
1789049700,2026-09-10 14:15,0,forest,2026-08,0.4994,1
1789049700,2026-09-10 14:15,3,xgb-all,2026-08,0.285,1
1789050600,2026-09-10 14:30,0,forest,2026-08,0.453,1
1789050600,2026-09-10 14:30,3,xgb-all,2026-08,0.5153,1
1789051500,2026-09-10 14:45,0,forest,2026-08,0.4815,1
1789051500,2026-09-10 14:45,3,xgb-all,2026-08,0.6718,1
1789052400,2026-09-10 15:00,0,forest,2026-08,0.5086,0
1789052400,2026-09-10 15:00,3,xgb-all,2026-08,0.1975,0
1789053300,2026-09-10 15:15,0,forest,2026-08,0.4803,0
1789053300,2026-09-10 15:15,3,xgb-all,2026-08,0.2554,0
1789054200,2026-09-10 15:30,0,forest,2026-08,0.5553,1
1789054200,2026-09-10 15:30,3,xgb-all,2026-08,0.6262,1
1789055100,2026-09-10 15:45,0,forest,2026-08,0.4884,1
1789055100,2026-09-10 15:45,3,xgb-all,2026-08,0.2652,1
1789056000,2026-09-10 16:00,0,forest,2026-08,0.5185,0
1789056000,2026-09-10 16:00,3,xgb-all,2026-08,0.2644,0
1789056900,2026-09-10 16:15,0,forest,2026-08,0.5396,0
1789056900,2026-09-10 16:15,3,xgb-all,2026-08,0.3278,0
1789057800,2026-09-10 16:30,0,forest,2026-08,0.5415,1
1789057800,2026-09-10 16:30,3,xgb-all,2026-08,0.5614,1
1789058700,2026-09-10 16:45,0,forest,2026-08,0.4728,1
1789058700,2026-09-10 16:45,3,xgb-all,2026-08,0.8166,1
1789059600,2026-09-10 17:00,0,forest,2026-08,0.4778,0
1789059600,2026-09-10 17:00,3,xgb-all,2026-08,0.4308,0
1789060500,2026-09-10 17:15,0,forest,2026-08,0.4781,1
1789060500,2026-09-10 17:15,3,xgb-all,2026-08,0.3737,1
1789061400,2026-09-10 17:30,0,forest,2026-08,0.4502,1
1789061400,2026-09-10 17:30,3,xgb-all,2026-08,0.8022,1
1789062300,2026-09-10 17:45,0,forest,2026-08,0.4999,0
1789062300,2026-09-10 17:45,3,xgb-all,2026-08,0.3986,0
1789063200,2026-09-10 18:00,0,forest,2026-08,0.5047,0
1789063200,2026-09-10 18:00,3,xgb-all,2026-08,0.2454,0
1789064100,2026-09-10 18:15,0,forest,2026-08,0.534,1
1789064100,2026-09-10 18:15,3,xgb-all,2026-08,0.5081,1
1789065000,2026-09-10 18:30,0,forest,2026-08,0.4736,1
1789065000,2026-09-10 18:30,3,xgb-all,2026-08,0.5846,1
1789065900,2026-09-10 18:45,0,forest,2026-08,0.4934,1
1789065900,2026-09-10 18:45,3,xgb-all,2026-08,0.3738,1
1789066800,2026-09-10 19:00,0,forest,2026-08,0.497,0
1789066800,2026-09-10 19:00,3,xgb-all,2026-08,0.2681,0
1789067700,2026-09-10 19:15,0,forest,2026-08,0.5202,1
1789067700,2026-09-10 19:15,3,xgb-all,2026-08,0.4673,1
1789068600,2026-09-10 19:30,0,forest,2026-08,0.5234,1
1789068600,2026-09-10 19:30,3,xgb-all,2026-08,0.2392,1
1789069500,2026-09-10 19:45,0,forest,2026-08,0.4951,0
1789069500,2026-09-10 19:45,3,xgb-all,2026-08,0.2475,0
1789070400,2026-09-10 20:00,0,forest,2026-08,0.5365,1
1789070400,2026-09-10 20:00,3,xgb-all,2026-08,0.5155,1
1789071300,2026-09-10 20:15,0,forest,2026-08,0.4376,0
1789071300,2026-09-10 20:15,3,xgb-all,2026-08,0.4436,0
1789072200,2026-09-10 20:30,0,forest,2026-08,0.4819,1
1789072200,2026-09-10 20:30,3,xgb-all,2026-08,0.3538,1
1789073100,2026-09-10 20:45,0,forest,2026-08,0.4943,0
1789073100,2026-09-10 20:45,3,xgb-all,2026-08,0.2649,0
1789074000,2026-09-10 21:00,0,forest,2026-08,0.4497,0
1789074000,2026-09-10 21:00,3,xgb-all,2026-08,0.4371,0
1789074900,2026-09-10 21:15,0,forest,2026-08,0.4919,0
1789074900,2026-09-10 21:15,3,xgb-all,2026-08,0.3227,0
1789075800,2026-09-10 21:30,0,forest,2026-08,0.5047,0
1789075800,2026-09-10 21:30,3,xgb-all,2026-08,0.3933,0
1789076700,2026-09-10 21:45,0,forest,2026-08,0.5137,0
1789076700,2026-09-10 21:45,3,xgb-all,2026-08,0.7039,0
1789077600,2026-09-10 22:00,0,forest,2026-08,0.5202,1
1789077600,2026-09-10 22:00,3,xgb-all,2026-08,0.2222,1
1789078500,2026-09-10 22:15,0,forest,2026-08,0.4788,0
1789078500,2026-09-10 22:15,3,xgb-all,2026-08,0.801,0
1789079400,2026-09-10 22:30,0,forest,2026-08,0.5335,0
1789079400,2026-09-10 22:30,3,xgb-all,2026-08,0.2721,0
1789080300,2026-09-10 22:45,0,forest,2026-08,0.6023,0
1789080300,2026-09-10 22:45,3,xgb-all,2026-08,0.7982,0
1789081200,2026-09-10 23:00,0,forest,2026-08,0.5631,0
1789081200,2026-09-10 23:00,3,xgb-all,2026-08,0.7113,0
1789082100,2026-09-10 23:15,0,forest,2026-08,0.6149,1
1789082100,2026-09-10 23:15,3,xgb-all,2026-08,0.7943,1
1789083000,2026-09-10 23:30,0,forest,2026-08,0.5253,1
1789083000,2026-09-10 23:30,3,xgb-all,2026-08,0.5518,1
1789083900,2026-09-10 23:45,0,forest,2026-08,0.4943,0
1789083900,2026-09-10 23:45,3,xgb-all,2026-08,0.4065,0
1789084800,2026-09-11 00:00,0,forest,2026-08,0.5965,1
1789084800,2026-09-11 00:00,3,xgb-all,2026-08,0.8216,1
1789085700,2026-09-11 00:15,0,forest,2026-08,0.4813,1
1789085700,2026-09-11 00:15,3,xgb-all,2026-08,0.4117,1
1789086600,2026-09-11 00:30,0,forest,2026-08,0.5426,0
1789086600,2026-09-11 00:30,3,xgb-all,2026-08,0.1834,0
1789087500,2026-09-11 00:45,0,forest,2026-08,0.4805,1
1789087500,2026-09-11 00:45,3,xgb-all,2026-08,0.4794,1
1789088400,2026-09-11 01:00,0,forest,2026-08,0.4812,0
1789088400,2026-09-11 01:00,3,xgb-all,2026-08,0.7572,0
1789089300,2026-09-11 01:15,0,forest,2026-08,0.4602,0
1789089300,2026-09-11 01:15,3,xgb-all,2026-08,0.5333,0
1789090200,2026-09-11 01:30,0,forest,2026-08,0.4902,1
1789090200,2026-09-11 01:30,3,xgb-all,2026-08,0.2493,1
1789091100,2026-09-11 01:45,0,forest,2026-08,0.4967,1
1789091100,2026-09-11 01:45,3,xgb-all,2026-08,0.3018,1
1789092000,2026-09-11 02:00,0,forest,2026-08,0.4747,1
1789092000,2026-09-11 02:00,3,xgb-all,2026-08,0.3011,1
1789092900,2026-09-11 02:15,0,forest,2026-08,0.3791,0
1789092900,2026-09-11 02:15,3,xgb-all,2026-08,0.2084,0
1789093800,2026-09-11 02:30,0,forest,2026-08,0.5232,1
1789093800,2026-09-11 02:30,3,xgb-all,2026-08,0.4455,1
1789094700,2026-09-11 02:45,0,forest,2026-08,0.4444,0
1789094700,2026-09-11 02:45,3,xgb-all,2026-08,0.6034,0
1789095600,2026-09-11 03:00,0,forest,2026-08,0.4733,1
1789095600,2026-09-11 03:00,3,xgb-all,2026-08,0.6153,1
1789096500,2026-09-11 03:15,0,forest,2026-08,0.4098,0
1789096500,2026-09-11 03:15,3,xgb-all,2026-08,0.2177,0
1789097400,2026-09-11 03:30,0,forest,2026-08,0.5351,1
1789097400,2026-09-11 03:30,3,xgb-all,2026-08,0.2141,1
1789098300,2026-09-11 03:45,0,forest,2026-08,0.5067,1
1789098300,2026-09-11 03:45,3,xgb-all,2026-08,0.2317,1
1789099200,2026-09-11 04:00,0,forest,2026-08,0.5272,1
1789099200,2026-09-11 04:00,3,xgb-all,2026-08,0.6068,1
1789100100,2026-09-11 04:15,0,forest,2026-08,0.4126,1
1789100100,2026-09-11 04:15,3,xgb-all,2026-08,0.3809,1
1789101000,2026-09-11 04:30,0,forest,2026-08,0.4582,0
1789101000,2026-09-11 04:30,3,xgb-all,2026-08,0.3456,0
1789101900,2026-09-11 04:45,0,forest,2026-08,0.4495,1
1789101900,2026-09-11 04:45,3,xgb-all,2026-08,0.5255,1
1789102800,2026-09-11 05:00,0,forest,2026-08,0.4157,1
1789102800,2026-09-11 05:00,3,xgb-all,2026-08,0.3365,1
1789103700,2026-09-11 05:15,0,forest,2026-08,0.4119,0
1789103700,2026-09-11 05:15,3,xgb-all,2026-08,0.3701,0
1789104600,2026-09-11 05:30,0,forest,2026-08,0.4229,1
1789104600,2026-09-11 05:30,3,xgb-all,2026-08,0.3542,1
1789105500,2026-09-11 05:45,0,forest,2026-08,0.4037,1
1789105500,2026-09-11 05:45,3,xgb-all,2026-08,0.4558,1
1789106400,2026-09-11 06:00,0,forest,2026-08,0.4147,1
1789106400,2026-09-11 06:00,3,xgb-all,2026-08,0.4739,1
1789107300,2026-09-11 06:15,0,forest,2026-08,0.3041,0
1789107300,2026-09-11 06:15,3,xgb-all,2026-08,0.1877,0
1789108200,2026-09-11 06:30,0,forest,2026-08,0.4904,0
1789108200,2026-09-11 06:30,3,xgb-all,2026-08,0.249,0
1789109100,2026-09-11 06:45,0,forest,2026-08,0.489,1
1789109100,2026-09-11 06:45,3,xgb-all,2026-08,0.5791,1
1789110000,2026-09-11 07:00,0,forest,2026-08,0.4329,1
1789110000,2026-09-11 07:00,3,xgb-all,2026-08,0.3883,1
1789110900,2026-09-11 07:15,0,forest,2026-08,0.402,1
1789110900,2026-09-11 07:15,3,xgb-all,2026-08,0.4626,1
1789111800,2026-09-11 07:30,0,forest,2026-08,0.5242,0
1789111800,2026-09-11 07:30,3,xgb-all,2026-08,0.2822,0
1789112700,2026-09-11 07:45,0,forest,2026-08,0.5146,0
1789112700,2026-09-11 07:45,3,xgb-all,2026-08,0.4582,0
1789113600,2026-09-11 08:00,0,forest,2026-08,0.5548,0
1789113600,2026-09-11 08:00,3,xgb-all,2026-08,0.5374,0
1789114500,2026-09-11 08:15,0,forest,2026-08,0.5094,1
1789114500,2026-09-11 08:15,3,xgb-all,2026-08,0.7826,1
1789115400,2026-09-11 08:30,0,forest,2026-08,0.4535,1
1789115400,2026-09-11 08:30,3,xgb-all,2026-08,0.766,1
1789116300,2026-09-11 08:45,0,forest,2026-08,0.4461,0
1789116300,2026-09-11 08:45,3,xgb-all,2026-08,0.2856,0
1789117200,2026-09-11 09:00,0,forest,2026-08,0.4974,0
1789117200,2026-09-11 09:00,3,xgb-all,2026-08,0.4647,0
1789118100,2026-09-11 09:15,0,forest,2026-08,0.5563,0
1789118100,2026-09-11 09:15,3,xgb-all,2026-08,0.6088,0
1789119000,2026-09-11 09:30,0,forest,2026-08,0.5059,0
1789119000,2026-09-11 09:30,3,xgb-all,2026-08,0.6343,0
1789119900,2026-09-11 09:45,0,forest,2026-08,0.5555,1
1789119900,2026-09-11 09:45,3,xgb-all,2026-08,0.8029,1
1789120800,2026-09-11 10:00,0,forest,2026-08,0.548,1
1789120800,2026-09-11 10:00,3,xgb-all,2026-08,0.7175,1
1789121700,2026-09-11 10:15,0,forest,2026-08,0.5009,0
1789121700,2026-09-11 10:15,3,xgb-all,2026-08,0.7169,0
1789122600,2026-09-11 10:30,0,forest,2026-08,0.4676,0
1789122600,2026-09-11 10:30,3,xgb-all,2026-08,0.2601,0
1789123500,2026-09-11 10:45,0,forest,2026-08,0.5581,0
1789123500,2026-09-11 10:45,3,xgb-all,2026-08,0.5443,0
1789124400,2026-09-11 11:00,0,forest,2026-08,0.5402,0
1789124400,2026-09-11 11:00,3,xgb-all,2026-08,0.2286,0
1789125300,2026-09-11 11:15,0,forest,2026-08,0.5521,1
1789125300,2026-09-11 11:15,3,xgb-all,2026-08,0.6639,1
1789126200,2026-09-11 11:30,0,forest,2026-08,0.5843,1
1789126200,2026-09-11 11:30,3,xgb-all,2026-08,0.4178,1
1789127100,2026-09-11 11:45,0,forest,2026-08,0.5624,1
1789127100,2026-09-11 11:45,3,xgb-all,2026-08,0.7535,1
1789128000,2026-09-11 12:00,0,forest,2026-08,0.5096,0
1789128000,2026-09-11 12:00,3,xgb-all,2026-08,0.8251,0
1789128900,2026-09-11 12:15,0,forest,2026-08,0.5694,1
1789128900,2026-09-11 12:15,3,xgb-all,2026-08,0.796,1
1789129800,2026-09-11 12:30,0,forest,2026-08,0.4459,1
1789129800,2026-09-11 12:30,3,xgb-all,2026-08,0.1575,1
1789130700,2026-09-11 12:45,0,forest,2026-08,0.4331,1
1789130700,2026-09-11 12:45,3,xgb-all,2026-08,0.8273,1
1789131600,2026-09-11 13:00,0,forest,2026-08,0.4344,0
1789131600,2026-09-11 13:00,3,xgb-all,2026-08,0.1739,0
1789132500,2026-09-11 13:15,0,forest,2026-08,0.5111,0
1789132500,2026-09-11 13:15,3,xgb-all,2026-08,0.3262,0
1789133400,2026-09-11 13:30,0,forest,2026-08,0.5383,1
1789133400,2026-09-11 13:30,3,xgb-all,2026-08,0.4223,1
1789134300,2026-09-11 13:45,0,forest,2026-08,0.4384,1
1789134300,2026-09-11 13:45,3,xgb-all,2026-08,0.633,1
1789135200,2026-09-11 14:00,0,forest,2026-08,0.3834,0
1789135200,2026-09-11 14:00,3,xgb-all,2026-08,0.7565,0
1789136100,2026-09-11 14:15,0,forest,2026-08,0.5301,0
1789136100,2026-09-11 14:15,3,xgb-all,2026-08,0.4888,0
1789137000,2026-09-11 14:30,0,forest,2026-08,0.5269,0
1789137000,2026-09-11 14:30,3,xgb-all,2026-08,0.3482,0
1789137900,2026-09-11 14:45,0,forest,2026-08,0.5122,1
1789137900,2026-09-11 14:45,3,xgb-all,2026-08,0.5445,1
1789138800,2026-09-11 15:00,0,forest,2026-08,0.4732,0
1789138800,2026-09-11 15:00,3,xgb-all,2026-08,0.3811,0
1789139700,2026-09-11 15:15,0,forest,2026-08,0.5075,1
1789139700,2026-09-11 15:15,3,xgb-all,2026-08,0.6572,1
1789140600,2026-09-11 15:30,0,forest,2026-08,0.491,0
1789140600,2026-09-11 15:30,3,xgb-all,2026-08,0.6675,0
1789141500,2026-09-11 15:45,0,forest,2026-08,0.451,0
1789141500,2026-09-11 15:45,3,xgb-all,2026-08,0.3371,0
1789142400,2026-09-11 16:00,0,forest,2026-08,0.5948,1
1789142400,2026-09-11 16:00,3,xgb-all,2026-08,0.8558,1
1789143300,2026-09-11 16:15,0,forest,2026-08,0.4686,0
1789143300,2026-09-11 16:15,3,xgb-all,2026-08,0.3717,0
1789144200,2026-09-11 16:30,0,forest,2026-08,0.5307,1
1789144200,2026-09-11 16:30,3,xgb-all,2026-08,0.3662,1
1789145100,2026-09-11 16:45,0,forest,2026-08,0.5265,1
1789145100,2026-09-11 16:45,3,xgb-all,2026-08,0.7962,1
1789146000,2026-09-11 17:00,0,forest,2026-08,0.5128,0
1789146000,2026-09-11 17:00,3,xgb-all,2026-08,0.3985,0
1789146900,2026-09-11 17:15,0,forest,2026-08,0.5131,1
1789146900,2026-09-11 17:15,3,xgb-all,2026-08,0.6648,1
1789147800,2026-09-11 17:30,0,forest,2026-08,0.5545,0
1789147800,2026-09-11 17:30,3,xgb-all,2026-08,0.3336,0
1789148700,2026-09-11 17:45,0,forest,2026-08,0.5272,0
1789148700,2026-09-11 17:45,3,xgb-all,2026-08,0.4318,0
1789149600,2026-09-11 18:00,0,forest,2026-08,0.5947,0
1789149600,2026-09-11 18:00,3,xgb-all,2026-08,0.1478,0
1789150500,2026-09-11 18:15,0,forest,2026-08,0.5818,1
1789150500,2026-09-11 18:15,3,xgb-all,2026-08,0.7869,1
1789151400,2026-09-11 18:30,0,forest,2026-08,0.5582,0
1789151400,2026-09-11 18:30,3,xgb-all,2026-08,0.4133,0
1789152300,2026-09-11 18:45,0,forest,2026-08,0.567,0
1789152300,2026-09-11 18:45,3,xgb-all,2026-08,0.3842,0
1789153200,2026-09-11 19:00,0,forest,2026-08,0.577,1
1789153200,2026-09-11 19:00,3,xgb-all,2026-08,0.6533,1
1789154100,2026-09-11 19:15,0,forest,2026-08,0.5702,1
1789154100,2026-09-11 19:15,3,xgb-all,2026-08,0.3462,1
1789155000,2026-09-11 19:30,0,forest,2026-08,0.5306,1
1789155000,2026-09-11 19:30,3,xgb-all,2026-08,0.4475,1
1789155900,2026-09-11 19:45,0,forest,2026-08,0.5385,0
1789155900,2026-09-11 19:45,3,xgb-all,2026-08,0.4285,0
1789156800,2026-09-11 20:00,0,forest,2026-08,0.5192,1
1789156800,2026-09-11 20:00,3,xgb-all,2026-08,0.8189,1
1789157700,2026-09-11 20:15,0,forest,2026-08,0.4953,0
1789157700,2026-09-11 20:15,3,xgb-all,2026-08,0.2826,0
1789158600,2026-09-11 20:30,0,forest,2026-08,0.4569,1
1789158600,2026-09-11 20:30,3,xgb-all,2026-08,0.3202,1
1789159500,2026-09-11 20:45,0,forest,2026-08,0.4599,0
1789159500,2026-09-11 20:45,3,xgb-all,2026-08,0.2283,0
1789160400,2026-09-11 21:00,0,forest,2026-08,0.5135,1
1789160400,2026-09-11 21:00,3,xgb-all,2026-08,0.4805,1
1789161300,2026-09-11 21:15,0,forest,2026-08,0.4633,0
1789161300,2026-09-11 21:15,3,xgb-all,2026-08,0.7675,0
1789162200,2026-09-11 21:30,0,forest,2026-08,0.4536,0
1789162200,2026-09-11 21:30,3,xgb-all,2026-08,0.5256,0
1789163100,2026-09-11 21:45,0,forest,2026-08,0.4829,0
1789163100,2026-09-11 21:45,3,xgb-all,2026-08,0.3586,0
1789164000,2026-09-11 22:00,0,forest,2026-08,0.5958,1
1789164000,2026-09-11 22:00,3,xgb-all,2026-08,0.1877,1
1789164900,2026-09-11 22:15,0,forest,2026-08,0.4698,0
1789164900,2026-09-11 22:15,3,xgb-all,2026-08,0.373,0
1789165800,2026-09-11 22:30,0,forest,2026-08,0.5325,0
1789165800,2026-09-11 22:30,3,xgb-all,2026-08,0.519,0
1789166700,2026-09-11 22:45,0,forest,2026-08,0.5231,1
1789166700,2026-09-11 22:45,3,xgb-all,2026-08,0.4057,1
1789167600,2026-09-11 23:00,0,forest,2026-08,0.4652,0
1789167600,2026-09-11 23:00,3,xgb-all,2026-08,0.5768,0
1789168500,2026-09-11 23:15,0,forest,2026-08,0.4469,1
1789168500,2026-09-11 23:15,3,xgb-all,2026-08,0.6954,1
1789169400,2026-09-11 23:30,0,forest,2026-08,0.532,0
1789169400,2026-09-11 23:30,3,xgb-all,2026-08,0.5867,0
1789170300,2026-09-11 23:45,0,forest,2026-08,0.4757,1
1789170300,2026-09-11 23:45,3,xgb-all,2026-08,0.3928,1
1789171200,2026-09-12 00:00,0,forest,2026-08,0.4622,1
1789171200,2026-09-12 00:00,3,xgb-all,2026-08,0.7737,1
1789172100,2026-09-12 00:15,0,forest,2026-08,0.5506,0
1789172100,2026-09-12 00:15,3,xgb-all,2026-08,0.41,0
1789173000,2026-09-12 00:30,0,forest,2026-08,0.5039,1
1789173000,2026-09-12 00:30,3,xgb-all,2026-08,0.32,1
1789173900,2026-09-12 00:45,0,forest,2026-08,0.3882,0
1789173900,2026-09-12 00:45,3,xgb-all,2026-08,0.3912,0
1789174800,2026-09-12 01:00,0,forest,2026-08,0.4398,1
1789174800,2026-09-12 01:00,3,xgb-all,2026-08,0.3189,1
1789175700,2026-09-12 01:15,0,forest,2026-08,0.4125,0
1789175700,2026-09-12 01:15,3,xgb-all,2026-08,0.4837,0
1789176600,2026-09-12 01:30,0,forest,2026-08,0.4756,0
1789176600,2026-09-12 01:30,3,xgb-all,2026-08,0.4203,0
1789177500,2026-09-12 01:45,0,forest,2026-08,0.4657,0
1789177500,2026-09-12 01:45,3,xgb-all,2026-08,0.6302,0
1789178400,2026-09-12 02:00,0,forest,2026-08,0.4723,1
1789178400,2026-09-12 02:00,3,xgb-all,2026-08,0.6382,1
1789179300,2026-09-12 02:15,0,forest,2026-08,0.4231,0
1789179300,2026-09-12 02:15,3,xgb-all,2026-08,0.4943,0
1789180200,2026-09-12 02:30,0,forest,2026-08,0.4652,0
1789180200,2026-09-12 02:30,3,xgb-all,2026-08,0.5497,0
1789181100,2026-09-12 02:45,0,forest,2026-08,0.5726,1
1789181100,2026-09-12 02:45,3,xgb-all,2026-08,0.7662,1
1789182000,2026-09-12 03:00,0,forest,2026-08,0.4783,0
1789182000,2026-09-12 03:00,3,xgb-all,2026-08,0.2267,0
1789182900,2026-09-12 03:15,0,forest,2026-08,0.4763,1
1789182900,2026-09-12 03:15,3,xgb-all,2026-08,0.5971,1
1789183800,2026-09-12 03:30,0,forest,2026-08,0.4692,0
1789183800,2026-09-12 03:30,3,xgb-all,2026-08,0.4158,0
1789184700,2026-09-12 03:45,0,forest,2026-08,0.5144,1
1789184700,2026-09-12 03:45,3,xgb-all,2026-08,0.5256,1
1789185600,2026-09-12 04:00,0,forest,2026-08,0.4251,1
1789185600,2026-09-12 04:00,3,xgb-all,2026-08,0.7339,1
1789186500,2026-09-12 04:15,0,forest,2026-08,0.4061,0
1789186500,2026-09-12 04:15,3,xgb-all,2026-08,0.2729,0
1789187400,2026-09-12 04:30,0,forest,2026-08,0.5096,0
1789187400,2026-09-12 04:30,3,xgb-all,2026-08,0.7034,0
1789188300,2026-09-12 04:45,0,forest,2026-08,0.5841,0
1789188300,2026-09-12 04:45,3,xgb-all,2026-08,0.4713,0
1789189200,2026-09-12 05:00,0,forest,2026-08,0.5232,1
1789189200,2026-09-12 05:00,3,xgb-all,2026-08,0.2978,1
1789190100,2026-09-12 05:15,0,forest,2026-08,0.4946,0
1789190100,2026-09-12 05:15,3,xgb-all,2026-08,0.6399,0
1789191000,2026-09-12 05:30,0,forest,2026-08,0.4451,1
1789191000,2026-09-12 05:30,3,xgb-all,2026-08,0.6547,1
1789191900,2026-09-12 05:45,0,forest,2026-08,0.4513,0
1789191900,2026-09-12 05:45,3,xgb-all,2026-08,0.5095,0
1789192800,2026-09-12 06:00,0,forest,2026-08,0.4539,0
1789192800,2026-09-12 06:00,3,xgb-all,2026-08,0.4188,0
1789193700,2026-09-12 06:15,0,forest,2026-08,0.5249,1
1789193700,2026-09-12 06:15,3,xgb-all,2026-08,0.7394,1
1789194600,2026-09-12 06:30,0,forest,2026-08,0.4386,1
1789194600,2026-09-12 06:30,3,xgb-all,2026-08,0.8214,1
1789195500,2026-09-12 06:45,0,forest,2026-08,0.3458,0
1789195500,2026-09-12 06:45,3,xgb-all,2026-08,0.561,0
1789196400,2026-09-12 07:00,0,forest,2026-08,0.5397,1
1789196400,2026-09-12 07:00,3,xgb-all,2026-08,0.6855,1
1789197300,2026-09-12 07:15,0,forest,2026-08,0.4163,0
1789197300,2026-09-12 07:15,3,xgb-all,2026-08,0.3709,0
1789198200,2026-09-12 07:30,0,forest,2026-08,0.3735,0
1789198200,2026-09-12 07:30,3,xgb-all,2026-08,0.4176,0
1789199100,2026-09-12 07:45,0,forest,2026-08,0.4899,0
1789199100,2026-09-12 07:45,3,xgb-all,2026-08,0.4734,0
1789200000,2026-09-12 08:00,0,forest,2026-08,0.5054,1
1789200000,2026-09-12 08:00,3,xgb-all,2026-08,0.6033,1
1789200900,2026-09-12 08:15,0,forest,2026-08,0.3944,1
1789200900,2026-09-12 08:15,3,xgb-all,2026-08,0.64,1
1789201800,2026-09-12 08:30,0,forest,2026-08,0.436,1
1789201800,2026-09-12 08:30,3,xgb-all,2026-08,0.6568,1
1789202700,2026-09-12 08:45,0,forest,2026-08,0.4664,1
1789202700,2026-09-12 08:45,3,xgb-all,2026-08,0.5763,1
1789203600,2026-09-12 09:00,0,forest,2026-08,0.4407,1
1789203600,2026-09-12 09:00,3,xgb-all,2026-08,0.5514,1
1789204500,2026-09-12 09:15,0,forest,2026-08,0.4328,1
1789204500,2026-09-12 09:15,3,xgb-all,2026-08,0.3812,1
1789205400,2026-09-12 09:30,0,forest,2026-08,0.3562,0
1789205400,2026-09-12 09:30,3,xgb-all,2026-08,0.3785,0
1789206300,2026-09-12 09:45,0,forest,2026-08,0.5344,1
1789206300,2026-09-12 09:45,3,xgb-all,2026-08,0.6994,1
1789207200,2026-09-12 10:00,0,forest,2026-08,0.4996,1
1789207200,2026-09-12 10:00,3,xgb-all,2026-08,0.8055,1
1789208100,2026-09-12 10:15,0,forest,2026-08,0.4454,0
1789208100,2026-09-12 10:15,3,xgb-all,2026-08,0.3374,0
1789209000,2026-09-12 10:30,0,forest,2026-08,0.5128,0
1789209000,2026-09-12 10:30,3,xgb-all,2026-08,0.4278,0
1789209900,2026-09-12 10:45,0,forest,2026-08,0.5117,0
1789209900,2026-09-12 10:45,3,xgb-all,2026-08,0.4682,0
1789210800,2026-09-12 11:00,0,forest,2026-08,0.5982,0
1789210800,2026-09-12 11:00,3,xgb-all,2026-08,0.3413,0
1789211700,2026-09-12 11:15,0,forest,2026-08,0.5595,0
1789211700,2026-09-12 11:15,3,xgb-all,2026-08,0.3473,0
1789212600,2026-09-12 11:30,0,forest,2026-08,0.5095,1
1789212600,2026-09-12 11:30,3,xgb-all,2026-08,0.6472,1
1789213500,2026-09-12 11:45,0,forest,2026-08,0.5273,1
1789213500,2026-09-12 11:45,3,xgb-all,2026-08,0.6872,1
1789214400,2026-09-12 12:00,0,forest,2026-08,0.4655,0
1789214400,2026-09-12 12:00,3,xgb-all,2026-08,0.4245,0
1789215300,2026-09-12 12:15,0,forest,2026-08,0.5431,0
1789215300,2026-09-12 12:15,3,xgb-all,2026-08,0.6187,0
1789216200,2026-09-12 12:30,0,forest,2026-08,0.5392,0
1789216200,2026-09-12 12:30,3,xgb-all,2026-08,0.5303,0
1789217100,2026-09-12 12:45,0,forest,2026-08,0.6122,1
1789217100,2026-09-12 12:45,3,xgb-all,2026-08,0.7507,1
1789218000,2026-09-12 13:00,0,forest,2026-08,0.5186,0
1789218000,2026-09-12 13:00,3,xgb-all,2026-08,0.423,0
1789218900,2026-09-12 13:15,0,forest,2026-08,0.4569,1
1789218900,2026-09-12 13:15,3,xgb-all,2026-08,0.2107,1
1789219800,2026-09-12 13:30,0,forest,2026-08,0.4615,0
1789219800,2026-09-12 13:30,3,xgb-all,2026-08,0.2165,0
1789220700,2026-09-12 13:45,0,forest,2026-08,0.5249,1
1789220700,2026-09-12 13:45,3,xgb-all,2026-08,0.4495,1
1789221600,2026-09-12 14:00,0,forest,2026-08,0.436,1
1789221600,2026-09-12 14:00,3,xgb-all,2026-08,0.4534,1
1789222500,2026-09-12 14:15,0,forest,2026-08,0.4842,1
1789222500,2026-09-12 14:15,3,xgb-all,2026-08,0.5029,1
1789223400,2026-09-12 14:30,0,forest,2026-08,0.4136,1
1789223400,2026-09-12 14:30,3,xgb-all,2026-08,0.8392,1
1789224300,2026-09-12 14:45,0,forest,2026-08,0.5156,1
1789224300,2026-09-12 14:45,3,xgb-all,2026-08,0.7058,1
1789225200,2026-09-12 15:00,0,forest,2026-08,0.4625,0
1789225200,2026-09-12 15:00,3,xgb-all,2026-08,0.558,0
1789226100,2026-09-12 15:15,0,forest,2026-08,0.5348,1
1789226100,2026-09-12 15:15,3,xgb-all,2026-08,0.7478,1
1789227000,2026-09-12 15:30,0,forest,2026-08,0.4669,0
1789227000,2026-09-12 15:30,3,xgb-all,2026-08,0.5306,0
1789227900,2026-09-12 15:45,0,forest,2026-08,0.5028,0
1789227900,2026-09-12 15:45,3,xgb-all,2026-08,0.3124,0
1789228800,2026-09-12 16:00,0,forest,2026-08,0.5888,0
1789228800,2026-09-12 16:00,3,xgb-all,2026-08,0.7258,0
1789229700,2026-09-12 16:15,0,forest,2026-08,0.5249,1
1789229700,2026-09-12 16:15,3,xgb-all,2026-08,0.6498,1
1789230600,2026-09-12 16:30,0,forest,2026-08,0.4877,0
1789230600,2026-09-12 16:30,3,xgb-all,2026-08,0.5789,0
1789231500,2026-09-12 16:45,0,forest,2026-08,0.5046,1
1789231500,2026-09-12 16:45,3,xgb-all,2026-08,0.5942,1
1789232400,2026-09-12 17:00,0,forest,2026-08,0.5503,0
1789232400,2026-09-12 17:00,3,xgb-all,2026-08,0.6225,0
1789233300,2026-09-12 17:15,0,forest,2026-08,0.4706,0
1789233300,2026-09-12 17:15,3,xgb-all,2026-08,0.2609,0
1789234200,2026-09-12 17:30,0,forest,2026-08,0.5942,0
1789234200,2026-09-12 17:30,3,xgb-all,2026-08,0.3401,0
1789235100,2026-09-12 17:45,0,forest,2026-08,0.5688,0
1789235100,2026-09-12 17:45,3,xgb-all,2026-08,0.4563,0
1789236000,2026-09-12 18:00,0,forest,2026-08,0.5727,0
1789236000,2026-09-12 18:00,3,xgb-all,2026-08,0.3387,0
1789236900,2026-09-12 18:15,0,forest,2026-08,0.5821,1
1789236900,2026-09-12 18:15,3,xgb-all,2026-08,0.2342,1
1789237800,2026-09-12 18:30,0,forest,2026-08,0.5598,0
1789237800,2026-09-12 18:30,3,xgb-all,2026-08,0.2464,0
1789238700,2026-09-12 18:45,0,forest,2026-08,0.5519,0
1789238700,2026-09-12 18:45,3,xgb-all,2026-08,0.5516,0
1789239600,2026-09-12 19:00,0,forest,2026-08,0.6225,1
1789239600,2026-09-12 19:00,3,xgb-all,2026-08,0.7482,1
1789240500,2026-09-12 19:15,0,forest,2026-08,0.5719,0
1789240500,2026-09-12 19:15,3,xgb-all,2026-08,0.3185,0
1789241400,2026-09-12 19:30,0,forest,2026-08,0.5754,0
1789241400,2026-09-12 19:30,3,xgb-all,2026-08,0.557,0
1789242300,2026-09-12 19:45,0,forest,2026-08,0.5982,1
1789242300,2026-09-12 19:45,3,xgb-all,2026-08,0.8257,1
1789243200,2026-09-12 20:00,0,forest,2026-08,0.4992,1
1789243200,2026-09-12 20:00,3,xgb-all,2026-08,0.8276,1
1789244100,2026-09-12 20:15,0,forest,2026-08,0.4875,1
1789244100,2026-09-12 20:15,3,xgb-all,2026-08,0.4383,1
1789245000,2026-09-12 20:30,0,forest,2026-08,0.5524,0
1789245000,2026-09-12 20:30,3,xgb-all,2026-08,0.6031,0
1789245900,2026-09-12 20:45,0,forest,2026-08,0.5387,0
1789245900,2026-09-12 20:45,3,xgb-all,2026-08,0.6488,0
1789246800,2026-09-12 21:00,0,forest,2026-08,0.4638,0
1789246800,2026-09-12 21:00,3,xgb-all,2026-08,0.796,0
1789247700,2026-09-12 21:15,0,forest,2026-08,0.4961,1
1789247700,2026-09-12 21:15,3,xgb-all,2026-08,0.624,1
1789248600,2026-09-12 21:30,0,forest,2026-08,0.4732,1
1789248600,2026-09-12 21:30,3,xgb-all,2026-08,0.658,1
1789249500,2026-09-12 21:45,0,forest,2026-08,0.4889,1
1789249500,2026-09-12 21:45,3,xgb-all,2026-08,0.3399,1
1789250400,2026-09-12 22:00,0,forest,2026-08,0.4508,0
1789250400,2026-09-12 22:00,3,xgb-all,2026-08,0.5303,0
1789251300,2026-09-12 22:15,0,forest,2026-08,0.4465,0
1789251300,2026-09-12 22:15,3,xgb-all,2026-08,0.3016,0
1789252200,2026-09-12 22:30,0,forest,2026-08,0.5731,0
1789252200,2026-09-12 22:30,3,xgb-all,2026-08,0.5694,0
1789253100,2026-09-12 22:45,0,forest,2026-08,0.4701,1
1789253100,2026-09-12 22:45,3,xgb-all,2026-08,0.7139,1
1789254000,2026-09-12 23:00,0,forest,2026-08,0.4476,1
1789254000,2026-09-12 23:00,3,xgb-all,2026-08,0.5658,1
1789254900,2026-09-12 23:15,0,forest,2026-08,0.4487,0
1789254900,2026-09-12 23:15,3,xgb-all,2026-08,0.5359,0
1789255800,2026-09-12 23:30,0,forest,2026-08,0.5029,0
1789255800,2026-09-12 23:30,3,xgb-all,2026-08,0.6224,0
1789256700,2026-09-12 23:45,0,forest,2026-08,0.5015,1
1789256700,2026-09-12 23:45,3,xgb-all,2026-08,0.6605,1
1789257600,2026-09-13 00:00,0,forest,2026-08,0.4689,0
1789257600,2026-09-13 00:00,3,xgb-all,2026-08,0.5031,0
1789258500,2026-09-13 00:15,0,forest,2026-08,0.5018,0
1789258500,2026-09-13 00:15,3,xgb-all,2026-08,0.5258,0
1789259400,2026-09-13 00:30,0,forest,2026-08,0.5261,0
1789259400,2026-09-13 00:30,3,xgb-all,2026-08,0.6177,0
1789260300,2026-09-13 00:45,0,forest,2026-08,0.5796,1
1789260300,2026-09-13 00:45,3,xgb-all,2026-08,0.6692,1
1789261200,2026-09-13 01:00,0,forest,2026-08,0.4754,0
1789261200,2026-09-13 01:00,3,xgb-all,2026-08,0.3708,0
1789262100,2026-09-13 01:15,0,forest,2026-08,0.4689,0
1789262100,2026-09-13 01:15,3,xgb-all,2026-08,0.538,0
1789263000,2026-09-13 01:30,0,forest,2026-08,0.5313,1
1789263000,2026-09-13 01:30,3,xgb-all,2026-08,0.4314,1
1789263900,2026-09-13 01:45,0,forest,2026-08,0.4722,1
1789263900,2026-09-13 01:45,3,xgb-all,2026-08,0.698,1
1789264800,2026-09-13 02:00,0,forest,2026-08,0.464,0
1789264800,2026-09-13 02:00,3,xgb-all,2026-08,0.3697,0
1789265700,2026-09-13 02:15,0,forest,2026-08,0.525,0
1789265700,2026-09-13 02:15,3,xgb-all,2026-08,0.6716,0
1789266600,2026-09-13 02:30,0,forest,2026-08,0.4971,1
1789266600,2026-09-13 02:30,3,xgb-all,2026-08,0.6963,1
1789267500,2026-09-13 02:45,0,forest,2026-08,0.4299,0
1789267500,2026-09-13 02:45,3,xgb-all,2026-08,0.3968,0
1789268400,2026-09-13 03:00,0,forest,2026-08,0.5079,0
1789268400,2026-09-13 03:00,3,xgb-all,2026-08,0.4045,0
1789269300,2026-09-13 03:15,0,forest,2026-08,0.4742,0
1789269300,2026-09-13 03:15,3,xgb-all,2026-08,0.5038,0
1789270200,2026-09-13 03:30,0,forest,2026-08,0.5043,0
1789270200,2026-09-13 03:30,3,xgb-all,2026-08,0.2559,0
1789271100,2026-09-13 03:45,0,forest,2026-08,0.5817,0
1789271100,2026-09-13 03:45,3,xgb-all,2026-08,0.3869,0
1789272000,2026-09-13 04:00,0,forest,2026-08,0.5025,1
1789272000,2026-09-13 04:00,3,xgb-all,2026-08,0.6554,1
1789272900,2026-09-13 04:15,0,forest,2026-08,0.4899,1
1789272900,2026-09-13 04:15,3,xgb-all,2026-08,0.6575,1
1789273800,2026-09-13 04:30,0,forest,2026-08,0.5168,0
1789273800,2026-09-13 04:30,3,xgb-all,2026-08,0.5514,0
1789274700,2026-09-13 04:45,0,forest,2026-08,0.4721,0
1789274700,2026-09-13 04:45,3,xgb-all,2026-08,0.5614,0
1789275600,2026-09-13 05:00,0,forest,2026-08,0.5245,1
1789275600,2026-09-13 05:00,3,xgb-all,2026-08,0.5478,1
1789276500,2026-09-13 05:15,0,forest,2026-08,0.4625,1
1789276500,2026-09-13 05:15,3,xgb-all,2026-08,0.5939,1
1789277400,2026-09-13 05:30,0,forest,2026-08,0.4445,1
1789277400,2026-09-13 05:30,3,xgb-all,2026-08,0.6596,1
1789278300,2026-09-13 05:45,0,forest,2026-08,0.4277,1
1789278300,2026-09-13 05:45,3,xgb-all,2026-08,0.584,1
1789279200,2026-09-13 06:00,0,forest,2026-08,0.4567,0
1789279200,2026-09-13 06:00,3,xgb-all,2026-08,0.4653,0
1789280100,2026-09-13 06:15,0,forest,2026-08,0.4836,0
1789280100,2026-09-13 06:15,3,xgb-all,2026-08,0.4035,0
1789281000,2026-09-13 06:30,0,forest,2026-08,0.4463,1
1789281000,2026-09-13 06:30,3,xgb-all,2026-08,0.5662,1
1789281900,2026-09-13 06:45,0,forest,2026-08,0.3843,0
1789281900,2026-09-13 06:45,3,xgb-all,2026-08,0.1871,0
1789282800,2026-09-13 07:00,0,forest,2026-08,0.6112,1
1789282800,2026-09-13 07:00,3,xgb-all,2026-08,0.6112,1
1789283700,2026-09-13 07:15,0,forest,2026-08,0.464,0
1789283700,2026-09-13 07:15,3,xgb-all,2026-08,0.6218,0
1789284600,2026-09-13 07:30,0,forest,2026-08,0.4876,1
1789284600,2026-09-13 07:30,3,xgb-all,2026-08,0.3779,1
1789285500,2026-09-13 07:45,0,forest,2026-08,0.5472,0
1789285500,2026-09-13 07:45,3,xgb-all,2026-08,0.5049,0
1789286400,2026-09-13 08:00,0,forest,2026-08,0.5383,0
1789286400,2026-09-13 08:00,3,xgb-all,2026-08,0.7567,0
1789287300,2026-09-13 08:15,0,forest,2026-08,0.5312,0
1789287300,2026-09-13 08:15,3,xgb-all,2026-08,0.242,0
1789288200,2026-09-13 08:30,0,forest,2026-08,0.563,0
1789288200,2026-09-13 08:30,3,xgb-all,2026-08,0.1774,0
1789289100,2026-09-13 08:45,0,forest,2026-08,0.609,0
1789289100,2026-09-13 08:45,3,xgb-all,2026-08,0.673,0
1789290000,2026-09-13 09:00,0,forest,2026-08,0.5441,1
1789290000,2026-09-13 09:00,3,xgb-all,2026-08,0.6683,1
1789290900,2026-09-13 09:15,0,forest,2026-08,0.524,0
1789290900,2026-09-13 09:15,3,xgb-all,2026-08,0.3124,0
1789291800,2026-09-13 09:30,0,forest,2026-08,0.5829,1
1789291800,2026-09-13 09:30,3,xgb-all,2026-08,0.3151,1
1789292700,2026-09-13 09:45,0,forest,2026-08,0.5117,1
1789292700,2026-09-13 09:45,3,xgb-all,2026-08,0.727,1
1789293600,2026-09-13 10:00,0,forest,2026-08,0.5064,0
1789293600,2026-09-13 10:00,3,xgb-all,2026-08,0.4253,0
1789294500,2026-09-13 10:15,0,forest,2026-08,0.5277,0
1789294500,2026-09-13 10:15,3,xgb-all,2026-08,0.6316,0
1789295400,2026-09-13 10:30,0,forest,2026-08,0.5306,0
1789295400,2026-09-13 10:30,3,xgb-all,2026-08,0.6607,0
1789296300,2026-09-13 10:45,0,forest,2026-08,0.5493,0
1789296300,2026-09-13 10:45,3,xgb-all,2026-08,0.7785,0
1789297200,2026-09-13 11:00,0,forest,2026-08,0.5273,0
1789297200,2026-09-13 11:00,3,xgb-all,2026-08,0.2193,0
1789298100,2026-09-13 11:15,0,forest,2026-08,0.5769,1
1789298100,2026-09-13 11:15,3,xgb-all,2026-08,0.8695,1
1789299000,2026-09-13 11:30,0,forest,2026-08,0.5169,1
1789299000,2026-09-13 11:30,3,xgb-all,2026-08,0.4596,1
1789299900,2026-09-13 11:45,0,forest,2026-08,0.5224,1
1789299900,2026-09-13 11:45,3,xgb-all,2026-08,0.3675,1
1789300800,2026-09-13 12:00,0,forest,2026-08,0.4126,1
1789300800,2026-09-13 12:00,3,xgb-all,2026-08,0.4223,1
1789301700,2026-09-13 12:15,0,forest,2026-08,0.5542,1
1789301700,2026-09-13 12:15,3,xgb-all,2026-08,0.7771,1
1789302600,2026-09-13 12:30,0,forest,2026-08,0.5378,0
1789302600,2026-09-13 12:30,3,xgb-all,2026-08,0.3685,0
1789303500,2026-09-13 12:45,0,forest,2026-08,0.496,1
1789303500,2026-09-13 12:45,3,xgb-all,2026-08,0.339,1
1789304400,2026-09-13 13:00,0,forest,2026-08,0.492,1
1789304400,2026-09-13 13:00,3,xgb-all,2026-08,0.3312,1
1789305300,2026-09-13 13:15,0,forest,2026-08,0.4289,0
1789305300,2026-09-13 13:15,3,xgb-all,2026-08,0.2505,0
1789306200,2026-09-13 13:30,0,forest,2026-08,0.5182,1
1789306200,2026-09-13 13:30,3,xgb-all,2026-08,0.7697,1
1789307100,2026-09-13 13:45,0,forest,2026-08,0.484,1
1789307100,2026-09-13 13:45,3,xgb-all,2026-08,0.7321,1
1789308000,2026-09-13 14:00,0,forest,2026-08,0.4318,1
1789308000,2026-09-13 14:00,3,xgb-all,2026-08,0.5993,1
1789308900,2026-09-13 14:15,0,forest,2026-08,0.2759,1
1789308900,2026-09-13 14:15,3,xgb-all,2026-08,0.6888,1
1789309800,2026-09-13 14:30,0,forest,2026-08,0.4211,1
1789309800,2026-09-13 14:30,3,xgb-all,2026-08,0.497,1
1789310700,2026-09-13 14:45,0,forest,2026-08,0.4402,1
1789310700,2026-09-13 14:45,3,xgb-all,2026-08,0.6892,1
1789311600,2026-09-13 15:00,0,forest,2026-08,0.4205,0
1789311600,2026-09-13 15:00,3,xgb-all,2026-08,0.1973,0
1789312500,2026-09-13 15:15,0,forest,2026-08,0.5033,0
1789312500,2026-09-13 15:15,3,xgb-all,2026-08,0.1675,0
1789313400,2026-09-13 15:30,0,forest,2026-08,0.5432,1
1789313400,2026-09-13 15:30,3,xgb-all,2026-08,0.7883,1
1789314300,2026-09-13 15:45,0,forest,2026-08,0.4386,0
1789314300,2026-09-13 15:45,3,xgb-all,2026-08,0.3111,0
1789315200,2026-09-13 16:00,0,forest,2026-08,0.4627,1
1789315200,2026-09-13 16:00,3,xgb-all,2026-08,0.7711,1
1789316100,2026-09-13 16:15,0,forest,2026-08,0.4963,1
1789316100,2026-09-13 16:15,3,xgb-all,2026-08,0.3972,1
1789317000,2026-09-13 16:30,0,forest,2026-08,0.47,1
1789317000,2026-09-13 16:30,3,xgb-all,2026-08,0.516,1
1789317900,2026-09-13 16:45,0,forest,2026-08,0.3446,0
1789317900,2026-09-13 16:45,3,xgb-all,2026-08,0.1885,0
1789318800,2026-09-13 17:00,0,forest,2026-08,0.484,1
1789318800,2026-09-13 17:00,3,xgb-all,2026-08,0.7407,1
1789319700,2026-09-13 17:15,0,forest,2026-08,0.4518,0
1789319700,2026-09-13 17:15,3,xgb-all,2026-08,0.3025,0
1789320600,2026-09-13 17:30,0,forest,2026-08,0.4678,0
1789320600,2026-09-13 17:30,3,xgb-all,2026-08,0.328,0
1789321500,2026-09-13 17:45,0,forest,2026-08,0.4992,1
1789321500,2026-09-13 17:45,3,xgb-all,2026-08,0.7425,1
1789322400,2026-09-13 18:00,0,forest,2026-08,0.4769,1
1789322400,2026-09-13 18:00,3,xgb-all,2026-08,0.4442,1
1789323300,2026-09-13 18:15,0,forest,2026-08,0.4315,0
1789323300,2026-09-13 18:15,3,xgb-all,2026-08,0.5868,0
1789324200,2026-09-13 18:30,0,forest,2026-08,0.5211,1
1789324200,2026-09-13 18:30,3,xgb-all,2026-08,0.5858,1
1789325100,2026-09-13 18:45,0,forest,2026-08,0.5122,0
1789325100,2026-09-13 18:45,3,xgb-all,2026-08,0.6168,0
1789326000,2026-09-13 19:00,0,forest,2026-08,0.4658,0
1789326000,2026-09-13 19:00,3,xgb-all,2026-08,0.6941,0
1789326900,2026-09-13 19:15,0,forest,2026-08,0.5394,0
1789326900,2026-09-13 19:15,3,xgb-all,2026-08,0.3821,0
1789327800,2026-09-13 19:30,0,forest,2026-08,0.5092,0
1789327800,2026-09-13 19:30,3,xgb-all,2026-08,0.3784,0
1789328700,2026-09-13 19:45,0,forest,2026-08,0.5382,1
1789328700,2026-09-13 19:45,3,xgb-all,2026-08,0.6406,1
1789329600,2026-09-13 20:00,0,forest,2026-08,0.4814,1
1789329600,2026-09-13 20:00,3,xgb-all,2026-08,0.66,1
1789330500,2026-09-13 20:15,0,forest,2026-08,0.5162,1
1789330500,2026-09-13 20:15,3,xgb-all,2026-08,0.537,1
1789331400,2026-09-13 20:30,0,forest,2026-08,0.5366,1
1789331400,2026-09-13 20:30,3,xgb-all,2026-08,0.7866,1
1789332300,2026-09-13 20:45,0,forest,2026-08,0.5155,1
1789332300,2026-09-13 20:45,3,xgb-all,2026-08,0.7477,1
1789333200,2026-09-13 21:00,0,forest,2026-08,0.5305,1
1789333200,2026-09-13 21:00,3,xgb-all,2026-08,0.3795,1
1789334100,2026-09-13 21:15,0,forest,2026-08,0.5289,1
1789334100,2026-09-13 21:15,3,xgb-all,2026-08,0.6264,1
1789335000,2026-09-13 21:30,0,forest,2026-08,0.4302,0
1789335000,2026-09-13 21:30,3,xgb-all,2026-08,0.3453,0
1789335900,2026-09-13 21:45,0,forest,2026-08,0.5519,0
1789335900,2026-09-13 21:45,3,xgb-all,2026-08,0.4717,0
1789336800,2026-09-13 22:00,0,forest,2026-08,0.5528,0
1789336800,2026-09-13 22:00,3,xgb-all,2026-08,0.1265,0
1789337700,2026-09-13 22:15,0,forest,2026-08,0.5853,0
1789337700,2026-09-13 22:15,3,xgb-all,2026-08,0.2722,0
1789338600,2026-09-13 22:30,0,forest,2026-08,0.5734,0
1789338600,2026-09-13 22:30,3,xgb-all,2026-08,0.2821,0
1789339500,2026-09-13 22:45,0,forest,2026-08,0.5208,0
1789339500,2026-09-13 22:45,3,xgb-all,2026-08,0.3672,0
1789340400,2026-09-13 23:00,0,forest,2026-08,0.5081,1
1789340400,2026-09-13 23:00,3,xgb-all,2026-08,0.6202,1
1789341300,2026-09-13 23:15,0,forest,2026-08,0.5664,1
1789341300,2026-09-13 23:15,3,xgb-all,2026-08,0.283,1
1789342200,2026-09-13 23:30,0,forest,2026-08,0.4932,1
1789342200,2026-09-13 23:30,3,xgb-all,2026-08,0.7696,1
1789343100,2026-09-13 23:45,0,forest,2026-08,0.5022,1
1789343100,2026-09-13 23:45,3,xgb-all,2026-08,0.5149,1
1789344000,2026-09-14 00:00,0,forest,2026-08,0.529,1
1789344000,2026-09-14 00:00,3,xgb-all,2026-08,0.5821,1
1789344900,2026-09-14 00:15,0,forest,2026-08,0.5133,0
1789344900,2026-09-14 00:15,3,xgb-all,2026-08,0.3311,0
1789345800,2026-09-14 00:30,0,forest,2026-08,0.5683,1
1789345800,2026-09-14 00:30,3,xgb-all,2026-08,0.8787,1
1789346700,2026-09-14 00:45,0,forest,2026-08,0.458,1
1789346700,2026-09-14 00:45,3,xgb-all,2026-08,0.6458,1
1789347600,2026-09-14 01:00,0,forest,2026-08,0.5108,0
1789347600,2026-09-14 01:00,3,xgb-all,2026-08,0.6073,0
1789348500,2026-09-14 01:15,0,forest,2026-08,0.4738,1
1789348500,2026-09-14 01:15,3,xgb-all,2026-08,0.2586,1
1789349400,2026-09-14 01:30,0,forest,2026-08,0.4929,0
1789349400,2026-09-14 01:30,3,xgb-all,2026-08,0.2425,0
1789350300,2026-09-14 01:45,0,forest,2026-08,0.4934,1
1789350300,2026-09-14 01:45,3,xgb-all,2026-08,0.5502,1
1789351200,2026-09-14 02:00,0,forest,2026-08,0.4628,1
1789351200,2026-09-14 02:00,3,xgb-all,2026-08,0.2807,1
1789352100,2026-09-14 02:15,0,forest,2026-08,0.3849,1
1789352100,2026-09-14 02:15,3,xgb-all,2026-08,0.2136,1
1789353000,2026-09-14 02:30,0,forest,2026-08,0.4544,0
1789353000,2026-09-14 02:30,3,xgb-all,2026-08,0.6144,0
1789353900,2026-09-14 02:45,0,forest,2026-08,0.3088,1
1789353900,2026-09-14 02:45,3,xgb-all,2026-08,0.663,1
1789354800,2026-09-14 03:00,0,forest,2026-08,0.3409,1
1789354800,2026-09-14 03:00,3,xgb-all,2026-08,0.6863,1
1789355700,2026-09-14 03:15,0,forest,2026-08,0.34,1
1789355700,2026-09-14 03:15,3,xgb-all,2026-08,0.2672,1
1789356600,2026-09-14 03:30,0,forest,2026-08,0.3867,0
1789356600,2026-09-14 03:30,3,xgb-all,2026-08,0.2316,0
1789357500,2026-09-14 03:45,0,forest,2026-08,0.4111,1
1789357500,2026-09-14 03:45,3,xgb-all,2026-08,0.5139,1
1789358400,2026-09-14 04:00,0,forest,2026-08,0.454,0
1789358400,2026-09-14 04:00,3,xgb-all,2026-08,0.3541,0
1789359300,2026-09-14 04:15,0,forest,2026-08,0.3714,1
1789359300,2026-09-14 04:15,3,xgb-all,2026-08,0.3529,1
1789360200,2026-09-14 04:30,0,forest,2026-08,0.5006,0
1789360200,2026-09-14 04:30,3,xgb-all,2026-08,0.264,0
1789361100,2026-09-14 04:45,0,forest,2026-08,0.4072,1
1789361100,2026-09-14 04:45,3,xgb-all,2026-08,0.5378,1
1789362000,2026-09-14 05:00,0,forest,2026-08,0.4606,0
1789362000,2026-09-14 05:00,3,xgb-all,2026-08,0.2735,0
1789362900,2026-09-14 05:15,0,forest,2026-08,0.481,0
1789362900,2026-09-14 05:15,3,xgb-all,2026-08,0.2459,0
1789363800,2026-09-14 05:30,0,forest,2026-08,0.5461,1
1789363800,2026-09-14 05:30,3,xgb-all,2026-08,0.6719,1
1789364700,2026-09-14 05:45,0,forest,2026-08,0.4546,1
1789364700,2026-09-14 05:45,3,xgb-all,2026-08,0.4465,1
1789365600,2026-09-14 06:00,0,forest,2026-08,0.4948,1
1789365600,2026-09-14 06:00,3,xgb-all,2026-08,0.7523,1
1789366500,2026-09-14 06:15,0,forest,2026-08,0.4202,0
1789366500,2026-09-14 06:15,3,xgb-all,2026-08,0.2835,0
1789367400,2026-09-14 06:30,0,forest,2026-08,0.565,1
1789367400,2026-09-14 06:30,3,xgb-all,2026-08,0.1378,1
1789368300,2026-09-14 06:45,0,forest,2026-08,0.4756,0
1789368300,2026-09-14 06:45,3,xgb-all,2026-08,0.4071,0
1789369200,2026-09-14 07:00,0,forest,2026-08,0.4682,1
1789369200,2026-09-14 07:00,3,xgb-all,2026-08,0.7345,1
1789370100,2026-09-14 07:15,0,forest,2026-08,0.4455,1
1789370100,2026-09-14 07:15,3,xgb-all,2026-08,0.701,1
1789371000,2026-09-14 07:30,0,forest,2026-08,0.4727,1
1789371000,2026-09-14 07:30,3,xgb-all,2026-08,0.4837,1
1789371900,2026-09-14 07:45,0,forest,2026-08,0.39,1
1789371900,2026-09-14 07:45,3,xgb-all,2026-08,0.3289,1
1789372800,2026-09-14 08:00,0,forest,2026-08,0.327,0
1789372800,2026-09-14 08:00,3,xgb-all,2026-08,0.1945,0
1789373700,2026-09-14 08:15,0,forest,2026-08,0.5101,0
1789373700,2026-09-14 08:15,3,xgb-all,2026-08,0.4387,0
1789374600,2026-09-14 08:30,0,forest,2026-08,0.4817,0
1789374600,2026-09-14 08:30,3,xgb-all,2026-08,0.4829,0
1789375500,2026-09-14 08:45,0,forest,2026-08,0.4861,0
1789375500,2026-09-14 08:45,3,xgb-all,2026-08,0.2384,0
1789376400,2026-09-14 09:00,0,forest,2026-08,0.5002,0
1789376400,2026-09-14 09:00,3,xgb-all,2026-08,0.6339,0
1789377300,2026-09-14 09:15,0,forest,2026-08,0.4865,1
1789377300,2026-09-14 09:15,3,xgb-all,2026-08,0.3945,1
1789378200,2026-09-14 09:30,0,forest,2026-08,0.4781,1
1789378200,2026-09-14 09:30,3,xgb-all,2026-08,0.6052,1
1789379100,2026-09-14 09:45,0,forest,2026-08,0.4971,1
1789379100,2026-09-14 09:45,3,xgb-all,2026-08,0.7902,1
1789380000,2026-09-14 10:00,0,forest,2026-08,0.4103,0
1789380000,2026-09-14 10:00,3,xgb-all,2026-08,0.1643,0
1789380900,2026-09-14 10:15,0,forest,2026-08,0.5437,0
1789380900,2026-09-14 10:15,3,xgb-all,2026-08,0.3943,0
1789381800,2026-09-14 10:30,0,forest,2026-08,0.4995,0
1789381800,2026-09-14 10:30,3,xgb-all,2026-08,0.3791,0
1789382700,2026-09-14 10:45,0,forest,2026-08,0.5226,0
1789382700,2026-09-14 10:45,3,xgb-all,2026-08,0.697,0
1789383600,2026-09-14 11:00,0,forest,2026-08,0.4921,0
1789383600,2026-09-14 11:00,3,xgb-all,2026-08,0.2396,0
1789384500,2026-09-14 11:15,0,forest,2026-08,0.5554,1
1789384500,2026-09-14 11:15,3,xgb-all,2026-08,0.6066,1
1789385400,2026-09-14 11:30,0,forest,2026-08,0.4956,0
1789385400,2026-09-14 11:30,3,xgb-all,2026-08,0.1949,0
1789386300,2026-09-14 11:45,0,forest,2026-08,0.5305,0
1789386300,2026-09-14 11:45,3,xgb-all,2026-08,0.4151,0
1789387200,2026-09-14 12:00,0,forest,2026-08,0.5339,1
1789387200,2026-09-14 12:00,3,xgb-all,2026-08,0.6479,1
1789388100,2026-09-14 12:15,0,forest,2026-08,0.52,1
1789388100,2026-09-14 12:15,3,xgb-all,2026-08,0.799,1
1789389000,2026-09-14 12:30,0,forest,2026-08,0.4589,0
1789389000,2026-09-14 12:30,3,xgb-all,2026-08,0.7116,0
1789389900,2026-09-14 12:45,0,forest,2026-08,0.518,0
1789389900,2026-09-14 12:45,3,xgb-all,2026-08,0.3115,0
1789390800,2026-09-14 13:00,0,forest,2026-08,0.5488,1
1789390800,2026-09-14 13:00,3,xgb-all,2026-08,0.3421,1
1789391700,2026-09-14 13:15,0,forest,2026-08,0.4753,1
1789391700,2026-09-14 13:15,3,xgb-all,2026-08,0.7896,1
1789392600,2026-09-14 13:30,0,forest,2026-08,0.4853,1
1789392600,2026-09-14 13:30,3,xgb-all,2026-08,0.8988,1
1789393500,2026-09-14 13:45,0,forest,2026-08,0.5145,1
1789393500,2026-09-14 13:45,3,xgb-all,2026-08,0.74,1
1789394400,2026-09-14 14:00,0,forest,2026-08,0.5,1
1789394400,2026-09-14 14:00,3,xgb-all,2026-08,0.7666,1
1789395300,2026-09-14 14:15,0,forest,2026-08,0.3541,0
1789395300,2026-09-14 14:15,3,xgb-all,2026-08,0.5997,0
1789396200,2026-09-14 14:30,0,forest,2026-08,0.5326,1
1789396200,2026-09-14 14:30,3,xgb-all,2026-08,0.8425,1
1789397100,2026-09-14 14:45,0,forest,2026-08,0.4804,1
1789397100,2026-09-14 14:45,3,xgb-all,2026-08,0.4786,1
1789398000,2026-09-14 15:00,0,forest,2026-08,0.4572,0
1789398000,2026-09-14 15:00,3,xgb-all,2026-08,0.2121,0
1789398900,2026-09-14 15:15,0,forest,2026-08,0.4935,0
1789398900,2026-09-14 15:15,3,xgb-all,2026-08,0.5901,0
1789399800,2026-09-14 15:30,0,forest,2026-08,0.5256,1
1789399800,2026-09-14 15:30,3,xgb-all,2026-08,0.7347,1
1789400700,2026-09-14 15:45,0,forest,2026-08,0.4938,1
1789400700,2026-09-14 15:45,3,xgb-all,2026-08,0.1377,1
1789401600,2026-09-14 16:00,0,forest,2026-08,0.5015,0
1789401600,2026-09-14 16:00,3,xgb-all,2026-08,0.3137,0
1789402500,2026-09-14 16:15,0,forest,2026-08,0.4975,1
1789402500,2026-09-14 16:15,3,xgb-all,2026-08,0.8453,1
1789403400,2026-09-14 16:30,0,forest,2026-08,0.4801,0
1789403400,2026-09-14 16:30,3,xgb-all,2026-08,0.4791,0
1789404300,2026-09-14 16:45,0,forest,2026-08,0.4807,1
1789404300,2026-09-14 16:45,3,xgb-all,2026-08,0.8277,1
1789405200,2026-09-14 17:00,0,forest,2026-08,0.4673,1
1789405200,2026-09-14 17:00,3,xgb-all,2026-08,0.5128,1
1789406100,2026-09-14 17:15,0,forest,2026-08,0.4065,1
1789406100,2026-09-14 17:15,3,xgb-all,2026-08,0.6949,1
1789407000,2026-09-14 17:30,0,forest,2026-08,0.4186,0
1789407000,2026-09-14 17:30,3,xgb-all,2026-08,0.2548,0
1789407900,2026-09-14 17:45,0,forest,2026-08,0.4633,1
1789407900,2026-09-14 17:45,3,xgb-all,2026-08,0.6764,1
1789408800,2026-09-14 18:00,0,forest,2026-08,0.4337,0
1789408800,2026-09-14 18:00,3,xgb-all,2026-08,0.2858,0
1789409700,2026-09-14 18:15,0,forest,2026-08,0.4642,1
1789409700,2026-09-14 18:15,3,xgb-all,2026-08,0.5849,1
1789410600,2026-09-14 18:30,0,forest,2026-08,0.4504,1
1789410600,2026-09-14 18:30,3,xgb-all,2026-08,0.6237,1
1789411500,2026-09-14 18:45,0,forest,2026-08,0.4858,1
1789411500,2026-09-14 18:45,3,xgb-all,2026-08,0.6673,1
1789412400,2026-09-14 19:00,0,forest,2026-08,0.4293,0
1789412400,2026-09-14 19:00,3,xgb-all,2026-08,0.1789,0
1789413300,2026-09-14 19:15,0,forest,2026-08,0.5245,1
1789413300,2026-09-14 19:15,3,xgb-all,2026-08,0.6431,1
1789414200,2026-09-14 19:30,0,forest,2026-08,0.4621,0
1789414200,2026-09-14 19:30,3,xgb-all,2026-08,0.4876,0
1789415100,2026-09-14 19:45,0,forest,2026-08,0.4517,0
1789415100,2026-09-14 19:45,3,xgb-all,2026-08,0.5667,0
1789416000,2026-09-14 20:00,0,forest,2026-08,0.5347,1
1789416000,2026-09-14 20:00,3,xgb-all,2026-08,0.6084,1
1789416900,2026-09-14 20:15,0,forest,2026-08,0.482,1
1789416900,2026-09-14 20:15,3,xgb-all,2026-08,0.8578,1
1789417800,2026-09-14 20:30,0,forest,2026-08,0.4894,0
1789417800,2026-09-14 20:30,3,xgb-all,2026-08,0.2281,0
1789418700,2026-09-14 20:45,0,forest,2026-08,0.4736,0
1789418700,2026-09-14 20:45,3,xgb-all,2026-08,0.4599,0
1789419600,2026-09-14 21:00,0,forest,2026-08,0.5514,0
1789419600,2026-09-14 21:00,3,xgb-all,2026-08,0.1424,0
1789420500,2026-09-14 21:15,0,forest,2026-08,0.5718,1
1789420500,2026-09-14 21:15,3,xgb-all,2026-08,0.3648,1
1789421400,2026-09-14 21:30,0,forest,2026-08,0.5468,0
1789421400,2026-09-14 21:30,3,xgb-all,2026-08,0.6187,0
1789422300,2026-09-14 21:45,0,forest,2026-08,0.5683,0
1789422300,2026-09-14 21:45,3,xgb-all,2026-08,0.5421,0
1789423200,2026-09-14 22:00,0,forest,2026-08,0.5543,1
1789423200,2026-09-14 22:00,3,xgb-all,2026-08,0.559,1
1789424100,2026-09-14 22:15,0,forest,2026-08,0.5752,0
1789424100,2026-09-14 22:15,3,xgb-all,2026-08,0.2861,0
1789425000,2026-09-14 22:30,0,forest,2026-08,0.5453,1
1789425000,2026-09-14 22:30,3,xgb-all,2026-08,0.46,1
1789425900,2026-09-14 22:45,0,forest,2026-08,0.554,0
1789425900,2026-09-14 22:45,3,xgb-all,2026-08,0.2716,0
1789426800,2026-09-14 23:00,0,forest,2026-08,0.5467,0
1789426800,2026-09-14 23:00,3,xgb-all,2026-08,0.3247,0
1789427700,2026-09-14 23:15,0,forest,2026-08,0.5705,0
1789427700,2026-09-14 23:15,3,xgb-all,2026-08,0.4811,0
1789428600,2026-09-14 23:30,0,forest,2026-08,0.5685,0
1789428600,2026-09-14 23:30,3,xgb-all,2026-08,0.2521,0
1789429500,2026-09-14 23:45,0,forest,2026-08,0.5646,0
1789429500,2026-09-14 23:45,3,xgb-all,2026-08,0.3713,0
1789430400,2026-09-15 00:00,0,forest,2026-08,0.6168,0
1789430400,2026-09-15 00:00,3,xgb-all,2026-08,0.6812,0
1789431300,2026-09-15 00:15,0,forest,2026-08,0.5051,0
1789431300,2026-09-15 00:15,3,xgb-all,2026-08,0.3981,0
1789432200,2026-09-15 00:30,0,forest,2026-08,0.5415,0
1789432200,2026-09-15 00:30,3,xgb-all,2026-08,0.4426,0
1789433100,2026-09-15 00:45,0,forest,2026-08,0.4898,0
1789433100,2026-09-15 00:45,3,xgb-all,2026-08,0.4617,0
1789434000,2026-09-15 01:00,0,forest,2026-08,0.5118,0
1789434000,2026-09-15 01:00,3,xgb-all,2026-08,0.2466,0
1789434900,2026-09-15 01:15,0,forest,2026-08,0.5314,1
1789434900,2026-09-15 01:15,3,xgb-all,2026-08,0.7954,1
1789435800,2026-09-15 01:30,0,forest,2026-08,0.5453,1
1789435800,2026-09-15 01:30,3,xgb-all,2026-08,0.867,1
1789436700,2026-09-15 01:45,0,forest,2026-08,0.4786,0
1789436700,2026-09-15 01:45,3,xgb-all,2026-08,0.3974,0
1789437600,2026-09-15 02:00,0,forest,2026-08,0.5425,1
1789437600,2026-09-15 02:00,3,xgb-all,2026-08,0.7551,1
1789438500,2026-09-15 02:15,0,forest,2026-08,0.499,0
1789438500,2026-09-15 02:15,3,xgb-all,2026-08,0.4083,0
1789439400,2026-09-15 02:30,0,forest,2026-08,0.5259,0
1789439400,2026-09-15 02:30,3,xgb-all,2026-08,0.3316,0
1789440300,2026-09-15 02:45,0,forest,2026-08,0.5033,1
1789440300,2026-09-15 02:45,3,xgb-all,2026-08,0.3575,1
1789441200,2026-09-15 03:00,0,forest,2026-08,0.544,0
1789441200,2026-09-15 03:00,3,xgb-all,2026-08,0.1548,0
1789442100,2026-09-15 03:15,0,forest,2026-08,0.5431,1
1789442100,2026-09-15 03:15,3,xgb-all,2026-08,0.6277,1
1789443000,2026-09-15 03:30,0,forest,2026-08,0.4996,0
1789443000,2026-09-15 03:30,3,xgb-all,2026-08,0.4818,0
1789443900,2026-09-15 03:45,0,forest,2026-08,0.4545,0
1789443900,2026-09-15 03:45,3,xgb-all,2026-08,0.3548,0
1789444800,2026-09-15 04:00,0,forest,2026-08,0.4577,0
1789444800,2026-09-15 04:00,3,xgb-all,2026-08,0.6411,0
1789445700,2026-09-15 04:15,0,forest,2026-08,0.5972,0
1789445700,2026-09-15 04:15,3,xgb-all,2026-08,0.5083,0
1789446600,2026-09-15 04:30,0,forest,2026-08,0.5342,1
1789446600,2026-09-15 04:30,3,xgb-all,2026-08,0.2715,1
1789447500,2026-09-15 04:45,0,forest,2026-08,0.5515,0
1789447500,2026-09-15 04:45,3,xgb-all,2026-08,0.3415,0
1789448400,2026-09-15 05:00,0,forest,2026-08,0.5127,0
1789448400,2026-09-15 05:00,3,xgb-all,2026-08,0.7763,0
1789449300,2026-09-15 05:15,0,forest,2026-08,0.5809,1
1789449300,2026-09-15 05:15,3,xgb-all,2026-08,0.2895,1
1789450200,2026-09-15 05:30,0,forest,2026-08,0.5645,0
1789450200,2026-09-15 05:30,3,xgb-all,2026-08,0.4129,0
1789451100,2026-09-15 05:45,0,forest,2026-08,0.5297,1
1789451100,2026-09-15 05:45,3,xgb-all,2026-08,0.6277,1
1789452000,2026-09-15 06:00,0,forest,2026-08,0.4685,0
1789452000,2026-09-15 06:00,3,xgb-all,2026-08,0.7815,0
1789452900,2026-09-15 06:15,0,forest,2026-08,0.4402,0
1789452900,2026-09-15 06:15,3,xgb-all,2026-08,0.612,0
1789453800,2026-09-15 06:30,0,forest,2026-08,0.5503,1
1789453800,2026-09-15 06:30,3,xgb-all,2026-08,0.6497,1
1789454700,2026-09-15 06:45,0,forest,2026-08,0.5437,0
1789454700,2026-09-15 06:45,3,xgb-all,2026-08,0.217,0
1789455600,2026-09-15 07:00,0,forest,2026-08,0.5549,0
1789455600,2026-09-15 07:00,3,xgb-all,2026-08,0.4223,0
1789456500,2026-09-15 07:15,0,forest,2026-08,0.5618,1
1789456500,2026-09-15 07:15,3,xgb-all,2026-08,0.6644,1
1789457400,2026-09-15 07:30,0,forest,2026-08,0.5075,0
1789457400,2026-09-15 07:30,3,xgb-all,2026-08,0.2542,0
1789458300,2026-09-15 07:45,0,forest,2026-08,0.5099,0
1789458300,2026-09-15 07:45,3,xgb-all,2026-08,0.4467,0
1789459200,2026-09-15 08:00,0,forest,2026-08,0.5484,0
1789459200,2026-09-15 08:00,3,xgb-all,2026-08,0.269,0
1789460100,2026-09-15 08:15,0,forest,2026-08,0.5599,1
1789460100,2026-09-15 08:15,3,xgb-all,2026-08,0.3341,1
1789461000,2026-09-15 08:30,0,forest,2026-08,0.527,0
1789461000,2026-09-15 08:30,3,xgb-all,2026-08,0.6524,0
1789461900,2026-09-15 08:45,0,forest,2026-08,0.5316,1
1789461900,2026-09-15 08:45,3,xgb-all,2026-08,0.7948,1
1789462800,2026-09-15 09:00,0,forest,2026-08,0.5076,0
1789462800,2026-09-15 09:00,3,xgb-all,2026-08,0.2332,0
1789463700,2026-09-15 09:15,0,forest,2026-08,0.4773,0
1789463700,2026-09-15 09:15,3,xgb-all,2026-08,0.6391,0
1789464600,2026-09-15 09:30,0,forest,2026-08,0.46,1
1789464600,2026-09-15 09:30,3,xgb-all,2026-08,0.4958,1
1789465500,2026-09-15 09:45,0,forest,2026-08,0.5145,0
1789465500,2026-09-15 09:45,3,xgb-all,2026-08,0.5206,0
1789466400,2026-09-15 10:00,0,forest,2026-08,0.4844,1
1789466400,2026-09-15 10:00,3,xgb-all,2026-08,0.2235,1
1789467300,2026-09-15 10:15,0,forest,2026-08,0.5069,0
1789467300,2026-09-15 10:15,3,xgb-all,2026-08,0.5153,0
1789468200,2026-09-15 10:30,0,forest,2026-08,0.543,1
1789468200,2026-09-15 10:30,3,xgb-all,2026-08,0.7156,1
1789469100,2026-09-15 10:45,0,forest,2026-08,0.498,1
1789469100,2026-09-15 10:45,3,xgb-all,2026-08,0.7768,1
1789470000,2026-09-15 11:00,0,forest,2026-08,0.5075,0
1789470000,2026-09-15 11:00,3,xgb-all,2026-08,0.7314,0
1789470900,2026-09-15 11:15,0,forest,2026-08,0.4542,0
1789470900,2026-09-15 11:15,3,xgb-all,2026-08,0.733,0
1789471800,2026-09-15 11:30,0,forest,2026-08,0.4339,0
1789471800,2026-09-15 11:30,3,xgb-all,2026-08,0.2704,0
1789472700,2026-09-15 11:45,0,forest,2026-08,0.5189,1
1789472700,2026-09-15 11:45,3,xgb-all,2026-08,0.2683,1
1789473600,2026-09-15 12:00,0,forest,2026-08,0.4929,0
1789473600,2026-09-15 12:00,3,xgb-all,2026-08,0.3253,0
1789474500,2026-09-15 12:15,0,forest,2026-08,0.5085,1
1789474500,2026-09-15 12:15,3,xgb-all,2026-08,0.7307,1
1789475400,2026-09-15 12:30,0,forest,2026-08,0.4685,0
1789475400,2026-09-15 12:30,3,xgb-all,2026-08,0.223,0
1789476300,2026-09-15 12:45,0,forest,2026-08,0.5161,1
1789476300,2026-09-15 12:45,3,xgb-all,2026-08,0.4396,1
1789477200,2026-09-15 13:00,0,forest,2026-08,0.5246,1
1789477200,2026-09-15 13:00,3,xgb-all,2026-08,0.7118,1
1789478100,2026-09-15 13:15,0,forest,2026-08,0.5083,0
1789478100,2026-09-15 13:15,3,xgb-all,2026-08,0.4743,0
1789479000,2026-09-15 13:30,0,forest,2026-08,0.5282,0
1789479000,2026-09-15 13:30,3,xgb-all,2026-08,0.1486,0
1789479900,2026-09-15 13:45,0,forest,2026-08,0.5973,1
1789479900,2026-09-15 13:45,3,xgb-all,2026-08,0.3841,1
1789480800,2026-09-15 14:00,0,forest,2026-08,0.4694,0
1789480800,2026-09-15 14:00,3,xgb-all,2026-08,0.2954,0
1789481700,2026-09-15 14:15,0,forest,2026-08,0.4879,0
1789481700,2026-09-15 14:15,3,xgb-all,2026-08,0.4378,0
1789482600,2026-09-15 14:30,0,forest,2026-08,0.4613,0
1789482600,2026-09-15 14:30,3,xgb-all,2026-08,0.2742,0
1789483500,2026-09-15 14:45,0,forest,2026-08,0.5926,1
1789483500,2026-09-15 14:45,3,xgb-all,2026-08,0.4336,1
1789484400,2026-09-15 15:00,0,forest,2026-08,0.5267,1
1789484400,2026-09-15 15:00,3,xgb-all,2026-08,0.5463,1
1789485300,2026-09-15 15:15,0,forest,2026-08,0.4863,1
1789485300,2026-09-15 15:15,3,xgb-all,2026-08,0.5723,1
1789486200,2026-09-15 15:30,0,forest,2026-08,0.4398,1
1789486200,2026-09-15 15:30,3,xgb-all,2026-08,0.4334,1
1789487100,2026-09-15 15:45,0,forest,2026-08,0.4411,1
1789487100,2026-09-15 15:45,3,xgb-all,2026-08,0.5333,1
1789488000,2026-09-15 16:00,0,forest,2026-08,0.471,0
1789488000,2026-09-15 16:00,3,xgb-all,2026-08,0.5926,0
1789488900,2026-09-15 16:15,0,forest,2026-08,0.544,1
1789488900,2026-09-15 16:15,3,xgb-all,2026-08,0.7981,1
1789489800,2026-09-15 16:30,0,forest,2026-08,0.4466,0
1789489800,2026-09-15 16:30,3,xgb-all,2026-08,0.2783,0
1789490700,2026-09-15 16:45,0,forest,2026-08,0.5034,1
1789490700,2026-09-15 16:45,3,xgb-all,2026-08,0.6755,1
1789491600,2026-09-15 17:00,0,forest,2026-08,0.4799,0
1789491600,2026-09-15 17:00,3,xgb-all,2026-08,0.3028,0
1789492500,2026-09-15 17:15,0,forest,2026-08,0.4994,1
1789492500,2026-09-15 17:15,3,xgb-all,2026-08,0.5878,1
1789493400,2026-09-15 17:30,0,forest,2026-08,0.4939,1
1789493400,2026-09-15 17:30,3,xgb-all,2026-08,0.8245,1
1789494300,2026-09-15 17:45,0,forest,2026-08,0.5204,1
1789494300,2026-09-15 17:45,3,xgb-all,2026-08,0.8285,1
1789495200,2026-09-15 18:00,0,forest,2026-08,0.4106,0
1789495200,2026-09-15 18:00,3,xgb-all,2026-08,0.3979,0
1789496100,2026-09-15 18:15,0,forest,2026-08,0.491,1
1789496100,2026-09-15 18:15,3,xgb-all,2026-08,0.1547,1
1789497000,2026-09-15 18:30,0,forest,2026-08,0.4993,0
1789497000,2026-09-15 18:30,3,xgb-all,2026-08,0.3295,0
1789497900,2026-09-15 18:45,0,forest,2026-08,0.5448,1
1789497900,2026-09-15 18:45,3,xgb-all,2026-08,0.2405,1
1789498800,2026-09-15 19:00,0,forest,2026-08,0.5412,0
1789498800,2026-09-15 19:00,3,xgb-all,2026-08,0.5452,0
1789499700,2026-09-15 19:15,0,forest,2026-08,0.5292,0
1789499700,2026-09-15 19:15,3,xgb-all,2026-08,0.8788,0
1789500600,2026-09-15 19:30,0,forest,2026-08,0.518,0
1789500600,2026-09-15 19:30,3,xgb-all,2026-08,0.5659,0
1789501500,2026-09-15 19:45,0,forest,2026-08,0.4991,1
1789501500,2026-09-15 19:45,3,xgb-all,2026-08,0.608,1
1789502400,2026-09-15 20:00,0,forest,2026-08,0.4425,0
1789502400,2026-09-15 20:00,3,xgb-all,2026-08,0.4618,0
1789503300,2026-09-15 20:15,0,forest,2026-08,0.5498,0
1789503300,2026-09-15 20:15,3,xgb-all,2026-08,0.4506,0
1789504200,2026-09-15 20:30,0,forest,2026-08,0.5696,1
1789504200,2026-09-15 20:30,3,xgb-all,2026-08,0.4263,1
1789505100,2026-09-15 20:45,0,forest,2026-08,0.514,1
1789505100,2026-09-15 20:45,3,xgb-all,2026-08,0.5939,1
1789506000,2026-09-15 21:00,0,forest,2026-08,0.5156,0
1789506000,2026-09-15 21:00,3,xgb-all,2026-08,0.2322,0
1789506900,2026-09-15 21:15,0,forest,2026-08,0.4998,0
1789506900,2026-09-15 21:15,3,xgb-all,2026-08,0.4927,0
1789507800,2026-09-15 21:30,0,forest,2026-08,0.5693,1
1789507800,2026-09-15 21:30,3,xgb-all,2026-08,0.5732,1
1789508700,2026-09-15 21:45,0,forest,2026-08,0.5197,0
1789508700,2026-09-15 21:45,3,xgb-all,2026-08,0.3709,0
1789509600,2026-09-15 22:00,0,forest,2026-08,0.5866,0
1789509600,2026-09-15 22:00,3,xgb-all,2026-08,0.7858,0
1789510500,2026-09-15 22:15,0,forest,2026-08,0.554,1
1789510500,2026-09-15 22:15,3,xgb-all,2026-08,0.2783,1
1789511400,2026-09-15 22:30,0,forest,2026-08,0.5358,1
1789511400,2026-09-15 22:30,3,xgb-all,2026-08,0.743,1
1789512300,2026-09-15 22:45,0,forest,2026-08,0.5076,1
1789512300,2026-09-15 22:45,3,xgb-all,2026-08,0.6431,1
1789513200,2026-09-15 23:00,0,forest,2026-08,0.5382,1
1789513200,2026-09-15 23:00,3,xgb-all,2026-08,0.6965,1
1789514100,2026-09-15 23:15,0,forest,2026-08,0.4493,0
1789514100,2026-09-15 23:15,3,xgb-all,2026-08,0.5777,0
1789515000,2026-09-15 23:30,0,forest,2026-08,0.5626,0
1789515000,2026-09-15 23:30,3,xgb-all,2026-08,0.2025,0
1789515900,2026-09-15 23:45,0,forest,2026-08,0.5205,0
1789515900,2026-09-15 23:45,3,xgb-all,2026-08,0.4267,0
1789516800,2026-09-16 00:00,0,forest,2026-08,0.4701,1
1789516800,2026-09-16 00:00,3,xgb-all,2026-08,0.4698,1
1789517700,2026-09-16 00:15,0,forest,2026-08,0.4623,1
1789517700,2026-09-16 00:15,3,xgb-all,2026-08,0.733,1
1789518600,2026-09-16 00:30,0,forest,2026-08,0.4223,0
1789518600,2026-09-16 00:30,3,xgb-all,2026-08,0.3673,0
1789519500,2026-09-16 00:45,0,forest,2026-08,0.4656,0
1789519500,2026-09-16 00:45,3,xgb-all,2026-08,0.5266,0
1789520400,2026-09-16 01:00,0,forest,2026-08,0.3945,1
1789520400,2026-09-16 01:00,3,xgb-all,2026-08,0.5149,1
1789521300,2026-09-16 01:15,0,forest,2026-08,0.4542,1
1789521300,2026-09-16 01:15,3,xgb-all,2026-08,0.4196,1
1789522200,2026-09-16 01:30,0,forest,2026-08,0.4094,0
1789522200,2026-09-16 01:30,3,xgb-all,2026-08,0.2786,0
1789523100,2026-09-16 01:45,0,forest,2026-08,0.5148,0
1789523100,2026-09-16 01:45,3,xgb-all,2026-08,0.36,0
1789524000,2026-09-16 02:00,0,forest,2026-08,0.5263,1
1789524000,2026-09-16 02:00,3,xgb-all,2026-08,0.8327,1
1789524900,2026-09-16 02:15,0,forest,2026-08,0.4672,1
1789524900,2026-09-16 02:15,3,xgb-all,2026-08,0.8071,1
1789525800,2026-09-16 02:30,0,forest,2026-08,0.4569,1
1789525800,2026-09-16 02:30,3,xgb-all,2026-08,0.7445,1
1789526700,2026-09-16 02:45,0,forest,2026-08,0.4701,0
1789526700,2026-09-16 02:45,3,xgb-all,2026-08,0.4168,0
1789527600,2026-09-16 03:00,0,forest,2026-08,0.475,1
1789527600,2026-09-16 03:00,3,xgb-all,2026-08,0.6967,1
1789528500,2026-09-16 03:15,0,forest,2026-08,0.5004,0
1789528500,2026-09-16 03:15,3,xgb-all,2026-08,0.7871,0
1789529400,2026-09-16 03:30,0,forest,2026-08,0.4752,0
1789529400,2026-09-16 03:30,3,xgb-all,2026-08,0.6719,0
1789530300,2026-09-16 03:45,0,forest,2026-08,0.4878,1
1789530300,2026-09-16 03:45,3,xgb-all,2026-08,0.4416,1
1789531200,2026-09-16 04:00,0,forest,2026-08,0.4489,1
1789531200,2026-09-16 04:00,3,xgb-all,2026-08,0.6994,1
1789532100,2026-09-16 04:15,0,forest,2026-08,0.4741,0
1789532100,2026-09-16 04:15,3,xgb-all,2026-08,0.3347,0
1789533000,2026-09-16 04:30,0,forest,2026-08,0.4606,1
1789533000,2026-09-16 04:30,3,xgb-all,2026-08,0.5298,1
1789533900,2026-09-16 04:45,0,forest,2026-08,0.464,0
1789533900,2026-09-16 04:45,3,xgb-all,2026-08,0.4262,0
1789534800,2026-09-16 05:00,0,forest,2026-08,0.4592,0
1789534800,2026-09-16 05:00,3,xgb-all,2026-08,0.1229,0
1789535700,2026-09-16 05:15,0,forest,2026-08,0.5009,1
1789535700,2026-09-16 05:15,3,xgb-all,2026-08,0.7195,1
1789536600,2026-09-16 05:30,0,forest,2026-08,0.4282,1
1789536600,2026-09-16 05:30,3,xgb-all,2026-08,0.2746,1
1789537500,2026-09-16 05:45,0,forest,2026-08,0.4371,0
1789537500,2026-09-16 05:45,3,xgb-all,2026-08,0.3811,0
1789538400,2026-09-16 06:00,0,forest,2026-08,0.469,1
1789538400,2026-09-16 06:00,3,xgb-all,2026-08,0.7774,1
1789539300,2026-09-16 06:15,0,forest,2026-08,0.5282,0
1789539300,2026-09-16 06:15,3,xgb-all,2026-08,0.5027,0
1789540200,2026-09-16 06:30,0,forest,2026-08,0.5393,1
1789540200,2026-09-16 06:30,3,xgb-all,2026-08,0.467,1
1789541100,2026-09-16 06:45,0,forest,2026-08,0.514,1
1789541100,2026-09-16 06:45,3,xgb-all,2026-08,0.762,1
1789542000,2026-09-16 07:00,0,forest,2026-08,0.4373,0
1789542000,2026-09-16 07:00,3,xgb-all,2026-08,0.6285,0
1789542900,2026-09-16 07:15,0,forest,2026-08,0.5196,0
1789542900,2026-09-16 07:15,3,xgb-all,2026-08,0.6291,0
1789543800,2026-09-16 07:30,0,forest,2026-08,0.5288,1
1789543800,2026-09-16 07:30,3,xgb-all,2026-08,0.6186,1
1789544700,2026-09-16 07:45,0,forest,2026-08,0.5071,0
1789544700,2026-09-16 07:45,3,xgb-all,2026-08,0.7639,0
1789545600,2026-09-16 08:00,0,forest,2026-08,0.5543,0
1789545600,2026-09-16 08:00,3,xgb-all,2026-08,0.2924,0
1789546500,2026-09-16 08:15,0,forest,2026-08,0.5094,0
1789546500,2026-09-16 08:15,3,xgb-all,2026-08,0.7607,0
1789547400,2026-09-16 08:30,0,forest,2026-08,0.5516,1
1789547400,2026-09-16 08:30,3,xgb-all,2026-08,0.7313,1
1789548300,2026-09-16 08:45,0,forest,2026-08,0.4972,1
1789548300,2026-09-16 08:45,3,xgb-all,2026-08,0.4246,1
1789549200,2026-09-16 09:00,0,forest,2026-08,0.4819,1
1789549200,2026-09-16 09:00,3,xgb-all,2026-08,0.7685,1
1789550100,2026-09-16 09:15,0,forest,2026-08,0.5413,1
1789550100,2026-09-16 09:15,3,xgb-all,2026-08,0.4335,1
1789551000,2026-09-16 09:30,0,forest,2026-08,0.4571,1
1789551000,2026-09-16 09:30,3,xgb-all,2026-08,0.7443,1
1789551900,2026-09-16 09:45,0,forest,2026-08,0.4055,1
1789551900,2026-09-16 09:45,3,xgb-all,2026-08,0.393,1
1789552800,2026-09-16 10:00,0,forest,2026-08,0.4733,0
1789552800,2026-09-16 10:00,3,xgb-all,2026-08,0.6228,0
1789553700,2026-09-16 10:15,0,forest,2026-08,0.4764,1
1789553700,2026-09-16 10:15,3,xgb-all,2026-08,0.7364,1
1789554600,2026-09-16 10:30,0,forest,2026-08,0.482,1
1789554600,2026-09-16 10:30,3,xgb-all,2026-08,0.336,1
1789555500,2026-09-16 10:45,0,forest,2026-08,0.4658,1
1789555500,2026-09-16 10:45,3,xgb-all,2026-08,0.3124,1
1789556400,2026-09-16 11:00,0,forest,2026-08,0.4647,0
1789556400,2026-09-16 11:00,3,xgb-all,2026-08,0.3814,0
1789557300,2026-09-16 11:15,0,forest,2026-08,0.4871,1
1789557300,2026-09-16 11:15,3,xgb-all,2026-08,0.5964,1
1789558200,2026-09-16 11:30,0,forest,2026-08,0.4396,1
1789558200,2026-09-16 11:30,3,xgb-all,2026-08,0.6094,1
1789559100,2026-09-16 11:45,0,forest,2026-08,0.4761,1
1789559100,2026-09-16 11:45,3,xgb-all,2026-08,0.4901,1
1789560000,2026-09-16 12:00,0,forest,2026-08,0.3939,0
1789560000,2026-09-16 12:00,3,xgb-all,2026-08,0.3334,0
1789560900,2026-09-16 12:15,0,forest,2026-08,0.4542,0
1789560900,2026-09-16 12:15,3,xgb-all,2026-08,0.56,0
1789561800,2026-09-16 12:30,0,forest,2026-08,0.5683,1
1789561800,2026-09-16 12:30,3,xgb-all,2026-08,0.1937,1
1789562700,2026-09-16 12:45,0,forest,2026-08,0.4445,1
1789562700,2026-09-16 12:45,3,xgb-all,2026-08,0.589,1
1789563600,2026-09-16 13:00,0,forest,2026-08,0.5023,0
1789563600,2026-09-16 13:00,3,xgb-all,2026-08,0.155,0
1789564500,2026-09-16 13:15,0,forest,2026-08,0.5145,0
1789564500,2026-09-16 13:15,3,xgb-all,2026-08,0.6732,0
1789565400,2026-09-16 13:30,0,forest,2026-08,0.5263,1
1789565400,2026-09-16 13:30,3,xgb-all,2026-08,0.2674,1
1789566300,2026-09-16 13:45,0,forest,2026-08,0.4803,0
1789566300,2026-09-16 13:45,3,xgb-all,2026-08,0.8177,0
1789567200,2026-09-16 14:00,0,forest,2026-08,0.5383,0
1789567200,2026-09-16 14:00,3,xgb-all,2026-08,0.238,0
1789568100,2026-09-16 14:15,0,forest,2026-08,0.5066,1
1789568100,2026-09-16 14:15,3,xgb-all,2026-08,0.7404,1
1789569000,2026-09-16 14:30,0,forest,2026-08,0.507,0
1789569000,2026-09-16 14:30,3,xgb-all,2026-08,0.1541,0
1789569900,2026-09-16 14:45,0,forest,2026-08,0.4913,0
1789569900,2026-09-16 14:45,3,xgb-all,2026-08,0.2715,0
1789570800,2026-09-16 15:00,0,forest,2026-08,0.5124,1
1789570800,2026-09-16 15:00,3,xgb-all,2026-08,0.5268,1
1789571700,2026-09-16 15:15,0,forest,2026-08,0.5038,0
1789571700,2026-09-16 15:15,3,xgb-all,2026-08,0.3007,0
1789572600,2026-09-16 15:30,0,forest,2026-08,0.5397,1
1789572600,2026-09-16 15:30,3,xgb-all,2026-08,0.3347,1
1789573500,2026-09-16 15:45,0,forest,2026-08,0.458,1
1789573500,2026-09-16 15:45,3,xgb-all,2026-08,0.8299,1
1789574400,2026-09-16 16:00,0,forest,2026-08,0.4958,1
1789574400,2026-09-16 16:00,3,xgb-all,2026-08,0.5505,1
1789575300,2026-09-16 16:15,0,forest,2026-08,0.4845,0
1789575300,2026-09-16 16:15,3,xgb-all,2026-08,0.3279,0
1789576200,2026-09-16 16:30,0,forest,2026-08,0.5474,0
1789576200,2026-09-16 16:30,3,xgb-all,2026-08,0.5792,0
1789577100,2026-09-16 16:45,0,forest,2026-08,0.4929,1
1789577100,2026-09-16 16:45,3,xgb-all,2026-08,0.8488,1
1789578000,2026-09-16 17:00,0,forest,2026-08,0.4435,0
1789578000,2026-09-16 17:00,3,xgb-all,2026-08,0.3554,0
1789578900,2026-09-16 17:15,0,forest,2026-08,0.4875,0
1789578900,2026-09-16 17:15,3,xgb-all,2026-08,0.715,0
1789579800,2026-09-16 17:30,0,forest,2026-08,0.4711,0
1789579800,2026-09-16 17:30,3,xgb-all,2026-08,0.5477,0
1789580700,2026-09-16 17:45,0,forest,2026-08,0.5583,1
1789580700,2026-09-16 17:45,3,xgb-all,2026-08,0.594,1
1789581600,2026-09-16 18:00,0,forest,2026-08,0.4772,1
1789581600,2026-09-16 18:00,3,xgb-all,2026-08,0.2146,1
1789582500,2026-09-16 18:15,0,forest,2026-08,0.5203,1
1789582500,2026-09-16 18:15,3,xgb-all,2026-08,0.6502,1
1789583400,2026-09-16 18:30,0,forest,2026-08,0.5085,0
1789583400,2026-09-16 18:30,3,xgb-all,2026-08,0.1846,0
1789584300,2026-09-16 18:45,0,forest,2026-08,0.4902,0
1789584300,2026-09-16 18:45,3,xgb-all,2026-08,0.273,0
1789585200,2026-09-16 19:00,0,forest,2026-08,0.5325,1
1789585200,2026-09-16 19:00,3,xgb-all,2026-08,0.8865,1
1789586100,2026-09-16 19:15,0,forest,2026-08,0.4485,0
1789586100,2026-09-16 19:15,3,xgb-all,2026-08,0.222,0
1789587000,2026-09-16 19:30,0,forest,2026-08,0.5046,1
1789587000,2026-09-16 19:30,3,xgb-all,2026-08,0.7157,1
1789587900,2026-09-16 19:45,0,forest,2026-08,0.4837,1
1789587900,2026-09-16 19:45,3,xgb-all,2026-08,0.7474,1
1789588800,2026-09-16 20:00,0,forest,2026-08,0.4522,1
1789588800,2026-09-16 20:00,3,xgb-all,2026-08,0.7732,1
1789589700,2026-09-16 20:15,0,forest,2026-08,0.4725,0
1789589700,2026-09-16 20:15,3,xgb-all,2026-08,0.7267,0
1789590600,2026-09-16 20:30,0,forest,2026-08,0.4216,0
1789590600,2026-09-16 20:30,3,xgb-all,2026-08,0.3114,0
1789591500,2026-09-16 20:45,0,forest,2026-08,0.5157,1
1789591500,2026-09-16 20:45,3,xgb-all,2026-08,0.4449,1
1789592400,2026-09-16 21:00,0,forest,2026-08,0.5004,0
1789592400,2026-09-16 21:00,3,xgb-all,2026-08,0.3506,0
1789593300,2026-09-16 21:15,0,forest,2026-08,0.4571,0
1789593300,2026-09-16 21:15,3,xgb-all,2026-08,0.5337,0
1789594200,2026-09-16 21:30,0,forest,2026-08,0.529,0
1789594200,2026-09-16 21:30,3,xgb-all,2026-08,0.5123,0
1789595100,2026-09-16 21:45,0,forest,2026-08,0.4781,1
1789595100,2026-09-16 21:45,3,xgb-all,2026-08,0.5407,1
1789596000,2026-09-16 22:00,0,forest,2026-08,0.4637,0
1789596000,2026-09-16 22:00,3,xgb-all,2026-08,0.1114,0
1789596900,2026-09-16 22:15,0,forest,2026-08,0.5019,0
1789596900,2026-09-16 22:15,3,xgb-all,2026-08,0.3871,0
1789597800,2026-09-16 22:30,0,forest,2026-08,0.5251,1
1789597800,2026-09-16 22:30,3,xgb-all,2026-08,0.2984,1
1789598700,2026-09-16 22:45,0,forest,2026-08,0.4661,0
1789598700,2026-09-16 22:45,3,xgb-all,2026-08,0.3206,0
1789599600,2026-09-16 23:00,0,forest,2026-08,0.5532,1
1789599600,2026-09-16 23:00,3,xgb-all,2026-08,0.6914,1
1789600500,2026-09-16 23:15,0,forest,2026-08,0.507,1
1789600500,2026-09-16 23:15,3,xgb-all,2026-08,0.8439,1
1789601400,2026-09-16 23:30,0,forest,2026-08,0.4734,1
1789601400,2026-09-16 23:30,3,xgb-all,2026-08,0.5291,1
1789602300,2026-09-16 23:45,0,forest,2026-08,0.4805,0
1789602300,2026-09-16 23:45,3,xgb-all,2026-08,0.4188,0
1789603200,2026-09-17 00:00,0,forest,2026-08,0.4427,1
1789603200,2026-09-17 00:00,3,xgb-all,2026-08,0.7229,1
1789604100,2026-09-17 00:15,0,forest,2026-08,0.3829,1
1789604100,2026-09-17 00:15,3,xgb-all,2026-08,0.7368,1
1789605000,2026-09-17 00:30,0,forest,2026-08,0.448,1
1789605000,2026-09-17 00:30,3,xgb-all,2026-08,0.6113,1
1789605900,2026-09-17 00:45,0,forest,2026-08,0.3837,0
1789605900,2026-09-17 00:45,3,xgb-all,2026-08,0.2329,0
1789606800,2026-09-17 01:00,0,forest,2026-08,0.4633,0
1789606800,2026-09-17 01:00,3,xgb-all,2026-08,0.1807,0
1789607700,2026-09-17 01:15,0,forest,2026-08,0.4587,1
1789607700,2026-09-17 01:15,3,xgb-all,2026-08,0.3186,1
1789608600,2026-09-17 01:30,0,forest,2026-08,0.3266,0
1789608600,2026-09-17 01:30,3,xgb-all,2026-08,0.7672,0
1789609500,2026-09-17 01:45,0,forest,2026-08,0.44,0
1789609500,2026-09-17 01:45,3,xgb-all,2026-08,0.181,0
1789610400,2026-09-17 02:00,0,forest,2026-08,0.5047,0
1789610400,2026-09-17 02:00,3,xgb-all,2026-08,0.3646,0
1789611300,2026-09-17 02:15,0,forest,2026-08,0.5445,0
1789611300,2026-09-17 02:15,3,xgb-all,2026-08,0.3613,0
1789612200,2026-09-17 02:30,0,forest,2026-08,0.5144,1
1789612200,2026-09-17 02:30,3,xgb-all,2026-08,0.555,1
1789613100,2026-09-17 02:45,0,forest,2026-08,0.4724,0
1789613100,2026-09-17 02:45,3,xgb-all,2026-08,0.2876,0
1789614000,2026-09-17 03:00,0,forest,2026-08,0.4562,1
1789614000,2026-09-17 03:00,3,xgb-all,2026-08,0.5639,1
1789614900,2026-09-17 03:15,0,forest,2026-08,0.4432,1
1789614900,2026-09-17 03:15,3,xgb-all,2026-08,0.5047,1
1789615800,2026-09-17 03:30,0,forest,2026-08,0.4497,0
1789615800,2026-09-17 03:30,3,xgb-all,2026-08,0.4465,0
1789616700,2026-09-17 03:45,0,forest,2026-08,0.5074,0
1789616700,2026-09-17 03:45,3,xgb-all,2026-08,0.4355,0
1789617600,2026-09-17 04:00,0,forest,2026-08,0.5355,0
1789617600,2026-09-17 04:00,3,xgb-all,2026-08,0.2569,0
1789618500,2026-09-17 04:15,0,forest,2026-08,0.4904,0
1789618500,2026-09-17 04:15,3,xgb-all,2026-08,0.5257,0
1789619400,2026-09-17 04:30,0,forest,2026-08,0.5046,1
1789619400,2026-09-17 04:30,3,xgb-all,2026-08,0.5264,1
1789620300,2026-09-17 04:45,0,forest,2026-08,0.4663,1
1789620300,2026-09-17 04:45,3,xgb-all,2026-08,0.5374,1
1789621200,2026-09-17 05:00,0,forest,2026-08,0.4783,0
1789621200,2026-09-17 05:00,3,xgb-all,2026-08,0.427,0
1789622100,2026-09-17 05:15,0,forest,2026-08,0.465,1
1789622100,2026-09-17 05:15,3,xgb-all,2026-08,0.2933,1
1789623000,2026-09-17 05:30,0,forest,2026-08,0.4686,0
1789623000,2026-09-17 05:30,3,xgb-all,2026-08,0.2196,0
1789623900,2026-09-17 05:45,0,forest,2026-08,0.5048,0
1789623900,2026-09-17 05:45,3,xgb-all,2026-08,0.6044,0
1789624800,2026-09-17 06:00,0,forest,2026-08,0.454,1
1789624800,2026-09-17 06:00,3,xgb-all,2026-08,0.4828,1
1789625700,2026-09-17 06:15,0,forest,2026-08,0.4372,0
1789625700,2026-09-17 06:15,3,xgb-all,2026-08,0.222,0
1789626600,2026-09-17 06:30,0,forest,2026-08,0.4725,1
1789626600,2026-09-17 06:30,3,xgb-all,2026-08,0.6344,1
1789627500,2026-09-17 06:45,0,forest,2026-08,0.4532,0
1789627500,2026-09-17 06:45,3,xgb-all,2026-08,0.5777,0
1789628400,2026-09-17 07:00,0,forest,2026-08,0.4894,1
1789628400,2026-09-17 07:00,3,xgb-all,2026-08,0.7949,1
1789629300,2026-09-17 07:15,0,forest,2026-08,0.4759,0
1789629300,2026-09-17 07:15,3,xgb-all,2026-08,0.6814,0
1789630200,2026-09-17 07:30,0,forest,2026-08,0.5469,0
1789630200,2026-09-17 07:30,3,xgb-all,2026-08,0.4305,0
1789631100,2026-09-17 07:45,0,forest,2026-08,0.4976,0
1789631100,2026-09-17 07:45,3,xgb-all,2026-08,0.5381,0
1789632000,2026-09-17 08:00,0,forest,2026-08,0.4505,0
1789632000,2026-09-17 08:00,3,xgb-all,2026-08,0.5724,0
1789632900,2026-09-17 08:15,0,forest,2026-08,0.4716,1
1789632900,2026-09-17 08:15,3,xgb-all,2026-08,0.5913,1
1789633800,2026-09-17 08:30,0,forest,2026-08,0.4408,1
1789633800,2026-09-17 08:30,3,xgb-all,2026-08,0.4969,1
1789634700,2026-09-17 08:45,0,forest,2026-08,0.4404,1
1789634700,2026-09-17 08:45,3,xgb-all,2026-08,0.4156,1
1789635600,2026-09-17 09:00,0,forest,2026-08,0.5316,1
1789635600,2026-09-17 09:00,3,xgb-all,2026-08,0.7551,1
1789636500,2026-09-17 09:15,0,forest,2026-08,0.4335,0
1789636500,2026-09-17 09:15,3,xgb-all,2026-08,0.3676,0
1789637400,2026-09-17 09:30,0,forest,2026-08,0.4685,0
1789637400,2026-09-17 09:30,3,xgb-all,2026-08,0.2406,0
1789638300,2026-09-17 09:45,0,forest,2026-08,0.5157,0
1789638300,2026-09-17 09:45,3,xgb-all,2026-08,0.3692,0
1789639200,2026-09-17 10:00,0,forest,2026-08,0.5531,0
1789639200,2026-09-17 10:00,3,xgb-all,2026-08,0.1918,0
1789640100,2026-09-17 10:15,0,forest,2026-08,0.5477,0
1789640100,2026-09-17 10:15,3,xgb-all,2026-08,0.3699,0
1789641000,2026-09-17 10:30,0,forest,2026-08,0.559,0
1789641000,2026-09-17 10:30,3,xgb-all,2026-08,0.3894,0
1789641900,2026-09-17 10:45,0,forest,2026-08,0.4959,1
1789641900,2026-09-17 10:45,3,xgb-all,2026-08,0.3492,1
1789642800,2026-09-17 11:00,0,forest,2026-08,0.5704,1
1789642800,2026-09-17 11:00,3,xgb-all,2026-08,0.5923,1
1789643700,2026-09-17 11:15,0,forest,2026-08,0.5063,0
1789643700,2026-09-17 11:15,3,xgb-all,2026-08,0.26,0
1789644600,2026-09-17 11:30,0,forest,2026-08,0.5321,0
1789644600,2026-09-17 11:30,3,xgb-all,2026-08,0.2101,0
1789645500,2026-09-17 11:45,0,forest,2026-08,0.5428,1
1789645500,2026-09-17 11:45,3,xgb-all,2026-08,0.7592,1
1789646400,2026-09-17 12:00,0,forest,2026-08,0.4609,1
1789646400,2026-09-17 12:00,3,xgb-all,2026-08,0.5369,1
1789647300,2026-09-17 12:15,0,forest,2026-08,0.3746,1
1789647300,2026-09-17 12:15,3,xgb-all,2026-08,0.7173,1
1789648200,2026-09-17 12:30,0,forest,2026-08,0.4192,0
1789648200,2026-09-17 12:30,3,xgb-all,2026-08,0.2424,0
1789649100,2026-09-17 12:45,0,forest,2026-08,0.4362,0
1789649100,2026-09-17 12:45,3,xgb-all,2026-08,0.369,0
1789650000,2026-09-17 13:00,0,forest,2026-08,0.5224,0
1789650000,2026-09-17 13:00,3,xgb-all,2026-08,0.7651,0
1789650900,2026-09-17 13:15,0,forest,2026-08,0.5388,0
1789650900,2026-09-17 13:15,3,xgb-all,2026-08,0.7114,0
1789651800,2026-09-17 13:30,0,forest,2026-08,0.5776,0
1789651800,2026-09-17 13:30,3,xgb-all,2026-08,0.3189,0
1789652700,2026-09-17 13:45,0,forest,2026-08,0.5826,1
1789652700,2026-09-17 13:45,3,xgb-all,2026-08,0.8298,1
1789653600,2026-09-17 14:00,0,forest,2026-08,0.4823,1
1789653600,2026-09-17 14:00,3,xgb-all,2026-08,0.1884,1
1789654500,2026-09-17 14:15,0,forest,2026-08,0.4249,0
1789654500,2026-09-17 14:15,3,xgb-all,2026-08,0.1982,0
1789655400,2026-09-17 14:30,0,forest,2026-08,0.5102,0
1789655400,2026-09-17 14:30,3,xgb-all,2026-08,0.4442,0
1789656300,2026-09-17 14:45,0,forest,2026-08,0.5302,0
1789656300,2026-09-17 14:45,3,xgb-all,2026-08,0.511,0
1789657200,2026-09-17 15:00,0,forest,2026-08,0.536,0
1789657200,2026-09-17 15:00,3,xgb-all,2026-08,0.3046,0
1789658100,2026-09-17 15:15,0,forest,2026-08,0.5273,1
1789658100,2026-09-17 15:15,3,xgb-all,2026-08,0.7142,1
1789659000,2026-09-17 15:30,0,forest,2026-08,0.5209,1
1789659000,2026-09-17 15:30,3,xgb-all,2026-08,0.6575,1
1789659900,2026-09-17 15:45,0,forest,2026-08,0.4462,1
1789659900,2026-09-17 15:45,3,xgb-all,2026-08,0.1746,1
1789660800,2026-09-17 16:00,0,forest,2026-08,0.516,0
1789660800,2026-09-17 16:00,3,xgb-all,2026-08,0.5689,0
1789661700,2026-09-17 16:15,0,forest,2026-08,0.5088,0
1789661700,2026-09-17 16:15,3,xgb-all,2026-08,0.6821,0
1789662600,2026-09-17 16:30,0,forest,2026-08,0.4967,0
1789662600,2026-09-17 16:30,3,xgb-all,2026-08,0.3181,0
1789663500,2026-09-17 16:45,0,forest,2026-08,0.5087,1
1789663500,2026-09-17 16:45,3,xgb-all,2026-08,0.298,1
1789664400,2026-09-17 17:00,0,forest,2026-08,0.498,1
1789664400,2026-09-17 17:00,3,xgb-all,2026-08,0.8098,1
1789665300,2026-09-17 17:15,0,forest,2026-08,0.4858,1
1789665300,2026-09-17 17:15,3,xgb-all,2026-08,0.5391,1
1789666200,2026-09-17 17:30,0,forest,2026-08,0.4073,0
1789666200,2026-09-17 17:30,3,xgb-all,2026-08,0.2906,0
1789667100,2026-09-17 17:45,0,forest,2026-08,0.5305,0
1789667100,2026-09-17 17:45,3,xgb-all,2026-08,0.2076,0
1789668000,2026-09-17 18:00,0,forest,2026-08,0.4782,1
1789668000,2026-09-17 18:00,3,xgb-all,2026-08,0.5544,1
1789668900,2026-09-17 18:15,0,forest,2026-08,0.4944,1
1789668900,2026-09-17 18:15,3,xgb-all,2026-08,0.6327,1
1789669800,2026-09-17 18:30,0,forest,2026-08,0.466,0
1789669800,2026-09-17 18:30,3,xgb-all,2026-08,0.4682,0
1789670700,2026-09-17 18:45,0,forest,2026-08,0.5004,0
1789670700,2026-09-17 18:45,3,xgb-all,2026-08,0.471,0
1789671600,2026-09-17 19:00,0,forest,2026-08,0.481,0
1789671600,2026-09-17 19:00,3,xgb-all,2026-08,0.6205,0
1789672500,2026-09-17 19:15,0,forest,2026-08,0.4763,1
1789672500,2026-09-17 19:15,3,xgb-all,2026-08,0.2842,1
1789673400,2026-09-17 19:30,0,forest,2026-08,0.5095,1
1789673400,2026-09-17 19:30,3,xgb-all,2026-08,0.405,1
1789674300,2026-09-17 19:45,0,forest,2026-08,0.5269,0
1789674300,2026-09-17 19:45,3,xgb-all,2026-08,0.1792,0
1789675200,2026-09-17 20:00,0,forest,2026-08,0.5236,1
1789675200,2026-09-17 20:00,3,xgb-all,2026-08,0.3831,1
1789676100,2026-09-17 20:15,0,forest,2026-08,0.513,1
1789676100,2026-09-17 20:15,3,xgb-all,2026-08,0.3514,1
1789677000,2026-09-17 20:30,0,forest,2026-08,0.4548,0
1789677000,2026-09-17 20:30,3,xgb-all,2026-08,0.2563,0
1789677900,2026-09-17 20:45,0,forest,2026-08,0.638,1
1789677900,2026-09-17 20:45,3,xgb-all,2026-08,0.6729,1
1789678800,2026-09-17 21:00,0,forest,2026-08,0.4519,0
1789678800,2026-09-17 21:00,3,xgb-all,2026-08,0.3971,0
1789679700,2026-09-17 21:15,0,forest,2026-08,0.552,1
1789679700,2026-09-17 21:15,3,xgb-all,2026-08,0.6026,1
1789680600,2026-09-17 21:30,0,forest,2026-08,0.5864,0
1789680600,2026-09-17 21:30,3,xgb-all,2026-08,0.6215,0
1789681500,2026-09-17 21:45,0,forest,2026-08,0.5431,0
1789681500,2026-09-17 21:45,3,xgb-all,2026-08,0.2865,0
1789682400,2026-09-17 22:00,0,forest,2026-08,0.5285,0
1789682400,2026-09-17 22:00,3,xgb-all,2026-08,0.3298,0
1789683300,2026-09-17 22:15,0,forest,2026-08,0.5974,0
1789683300,2026-09-17 22:15,3,xgb-all,2026-08,0.1709,0
1789684200,2026-09-17 22:30,0,forest,2026-08,0.5955,1
1789684200,2026-09-17 22:30,3,xgb-all,2026-08,0.7142,1
1789685100,2026-09-17 22:45,0,forest,2026-08,0.464,1
1789685100,2026-09-17 22:45,3,xgb-all,2026-08,0.4539,1
1789686000,2026-09-17 23:00,0,forest,2026-08,0.4811,1
1789686000,2026-09-17 23:00,3,xgb-all,2026-08,0.7534,1
1789686900,2026-09-17 23:15,0,forest,2026-08,0.5133,0
1789686900,2026-09-17 23:15,3,xgb-all,2026-08,0.3452,0
1789687800,2026-09-17 23:30,0,forest,2026-08,0.4711,0
1789687800,2026-09-17 23:30,3,xgb-all,2026-08,0.274,0
1789688700,2026-09-17 23:45,0,forest,2026-08,0.5381,0
1789688700,2026-09-17 23:45,3,xgb-all,2026-08,0.822,0
1789689600,2026-09-18 00:00,0,forest,2026-08,0.5028,1
1789689600,2026-09-18 00:00,3,xgb-all,2026-08,0.49,1
1789690500,2026-09-18 00:15,0,forest,2026-08,0.4244,0
1789690500,2026-09-18 00:15,3,xgb-all,2026-08,0.1546,0
1789691400,2026-09-18 00:30,0,forest,2026-08,0.5086,1
1789691400,2026-09-18 00:30,3,xgb-all,2026-08,0.7336,1
1789692300,2026-09-18 00:45,0,forest,2026-08,0.4973,1
1789692300,2026-09-18 00:45,3,xgb-all,2026-08,0.3956,1
1789693200,2026-09-18 01:00,0,forest,2026-08,0.4371,0
1789693200,2026-09-18 01:00,3,xgb-all,2026-08,0.5541,0
1789694100,2026-09-18 01:15,0,forest,2026-08,0.4983,1
1789694100,2026-09-18 01:15,3,xgb-all,2026-08,0.3775,1
1789695000,2026-09-18 01:30,0,forest,2026-08,0.4247,1
1789695000,2026-09-18 01:30,3,xgb-all,2026-08,0.5044,1
1789695900,2026-09-18 01:45,0,forest,2026-08,0.4661,1
1789695900,2026-09-18 01:45,3,xgb-all,2026-08,0.4722,1
1789696800,2026-09-18 02:00,0,forest,2026-08,0.4724,1
1789696800,2026-09-18 02:00,3,xgb-all,2026-08,0.7253,1
1789697700,2026-09-18 02:15,0,forest,2026-08,0.3467,1
1789697700,2026-09-18 02:15,3,xgb-all,2026-08,0.5838,1
1789698600,2026-09-18 02:30,0,forest,2026-08,0.3476,1
1789698600,2026-09-18 02:30,3,xgb-all,2026-08,0.7514,1
1789699500,2026-09-18 02:45,0,forest,2026-08,0.4582,1
1789699500,2026-09-18 02:45,3,xgb-all,2026-08,0.3351,1
1789700400,2026-09-18 03:00,0,forest,2026-08,0.4024,1
1789700400,2026-09-18 03:00,3,xgb-all,2026-08,0.3691,1
1789701300,2026-09-18 03:15,0,forest,2026-08,0.2902,1
1789701300,2026-09-18 03:15,3,xgb-all,2026-08,0.8656,1
1789702200,2026-09-18 03:30,0,forest,2026-08,0.3993,0
1789702200,2026-09-18 03:30,3,xgb-all,2026-08,0.4237,0
1789703100,2026-09-18 03:45,0,forest,2026-08,0.3636,1
1789703100,2026-09-18 03:45,3,xgb-all,2026-08,0.6217,1
1789704000,2026-09-18 04:00,0,forest,2026-08,0.4071,0
1789704000,2026-09-18 04:00,3,xgb-all,2026-08,0.543,0
1789704900,2026-09-18 04:15,0,forest,2026-08,0.4674,0
1789704900,2026-09-18 04:15,3,xgb-all,2026-08,0.6403,0
1789705800,2026-09-18 04:30,0,forest,2026-08,0.4545,1
1789705800,2026-09-18 04:30,3,xgb-all,2026-08,0.3212,1
1789706700,2026-09-18 04:45,0,forest,2026-08,0.4657,1
1789706700,2026-09-18 04:45,3,xgb-all,2026-08,0.2919,1
1789707600,2026-09-18 05:00,0,forest,2026-08,0.37,0
1789707600,2026-09-18 05:00,3,xgb-all,2026-08,0.3002,0
1789708500,2026-09-18 05:15,0,forest,2026-08,0.3865,1
1789708500,2026-09-18 05:15,3,xgb-all,2026-08,0.4345,1
1789709400,2026-09-18 05:30,0,forest,2026-08,0.4072,0
1789709400,2026-09-18 05:30,3,xgb-all,2026-08,0.7137,0
1789710300,2026-09-18 05:45,0,forest,2026-08,0.4167,0
1789710300,2026-09-18 05:45,3,xgb-all,2026-08,0.2236,0
1789711200,2026-09-18 06:00,0,forest,2026-08,0.4963,1
1789711200,2026-09-18 06:00,3,xgb-all,2026-08,0.7513,1
1789712100,2026-09-18 06:15,0,forest,2026-08,0.4588,1
1789712100,2026-09-18 06:15,3,xgb-all,2026-08,0.5898,1
1789713000,2026-09-18 06:30,0,forest,2026-08,0.5234,0
1789713000,2026-09-18 06:30,3,xgb-all,2026-08,0.4226,0
1789713900,2026-09-18 06:45,0,forest,2026-08,0.4242,1
1789713900,2026-09-18 06:45,3,xgb-all,2026-08,0.3636,1
1789714800,2026-09-18 07:00,0,forest,2026-08,0.41,1
1789714800,2026-09-18 07:00,3,xgb-all,2026-08,0.6106,1
1789715700,2026-09-18 07:15,0,forest,2026-08,0.473,1
1789715700,2026-09-18 07:15,3,xgb-all,2026-08,0.4943,1
1789716600,2026-09-18 07:30,0,forest,2026-08,0.4667,1
1789716600,2026-09-18 07:30,3,xgb-all,2026-08,0.6049,1
1789717500,2026-09-18 07:45,0,forest,2026-08,0.323,0
1789717500,2026-09-18 07:45,3,xgb-all,2026-08,0.2884,0
1789718400,2026-09-18 08:00,0,forest,2026-08,0.3829,0
1789718400,2026-09-18 08:00,3,xgb-all,2026-08,0.855,0
1789719300,2026-09-18 08:15,0,forest,2026-08,0.4487,1
1789719300,2026-09-18 08:15,3,xgb-all,2026-08,0.8017,1
1789720200,2026-09-18 08:30,0,forest,2026-08,0.4262,1
1789720200,2026-09-18 08:30,3,xgb-all,2026-08,0.304,1
1789721100,2026-09-18 08:45,0,forest,2026-08,0.4548,1
1789721100,2026-09-18 08:45,3,xgb-all,2026-08,0.6603,1
1789722000,2026-09-18 09:00,0,forest,2026-08,0.3606,1
1789722000,2026-09-18 09:00,3,xgb-all,2026-08,0.6933,1
1789722900,2026-09-18 09:15,0,forest,2026-08,0.4699,0
1789722900,2026-09-18 09:15,3,xgb-all,2026-08,0.2637,0
1789723800,2026-09-18 09:30,0,forest,2026-08,0.5344,0
1789723800,2026-09-18 09:30,3,xgb-all,2026-08,0.297,0
1789724700,2026-09-18 09:45,0,forest,2026-08,0.521,1
1789724700,2026-09-18 09:45,3,xgb-all,2026-08,0.8633,1
1789725600,2026-09-18 10:00,0,forest,2026-08,0.4677,0
1789725600,2026-09-18 10:00,3,xgb-all,2026-08,0.3638,0
1789726500,2026-09-18 10:15,0,forest,2026-08,0.4907,1
1789726500,2026-09-18 10:15,3,xgb-all,2026-08,0.4782,1
1789727400,2026-09-18 10:30,0,forest,2026-08,0.4578,0
1789727400,2026-09-18 10:30,3,xgb-all,2026-08,0.5117,0
1789728300,2026-09-18 10:45,0,forest,2026-08,0.4588,1
1789728300,2026-09-18 10:45,3,xgb-all,2026-08,0.6902,1
1789729200,2026-09-18 11:00,0,forest,2026-08,0.4396,0
1789729200,2026-09-18 11:00,3,xgb-all,2026-08,0.5461,0
1789730100,2026-09-18 11:15,0,forest,2026-08,0.5245,0
1789730100,2026-09-18 11:15,3,xgb-all,2026-08,0.5147,0
1789731000,2026-09-18 11:30,0,forest,2026-08,0.5378,0
1789731000,2026-09-18 11:30,3,xgb-all,2026-08,0.7673,0
1789731900,2026-09-18 11:45,0,forest,2026-08,0.4399,1
1789731900,2026-09-18 11:45,3,xgb-all,2026-08,0.5669,1
1789732800,2026-09-18 12:00,0,forest,2026-08,0.4492,1
1789732800,2026-09-18 12:00,3,xgb-all,2026-08,0.3605,1
1789733700,2026-09-18 12:15,0,forest,2026-08,0.507,0
1789733700,2026-09-18 12:15,3,xgb-all,2026-08,0.4792,0
1789734600,2026-09-18 12:30,0,forest,2026-08,0.5778,1
1789734600,2026-09-18 12:30,3,xgb-all,2026-08,0.6125,1
1789735500,2026-09-18 12:45,0,forest,2026-08,0.5061,0
1789735500,2026-09-18 12:45,3,xgb-all,2026-08,0.5218,0
1789736400,2026-09-18 13:00,0,forest,2026-08,0.5078,0
1789736400,2026-09-18 13:00,3,xgb-all,2026-08,0.3233,0
1789737300,2026-09-18 13:15,0,forest,2026-08,0.4644,1
1789737300,2026-09-18 13:15,3,xgb-all,2026-08,0.6199,1
1789738200,2026-09-18 13:30,0,forest,2026-08,0.5078,1
1789738200,2026-09-18 13:30,3,xgb-all,2026-08,0.816,1
1789739100,2026-09-18 13:45,0,forest,2026-08,0.3434,1
1789739100,2026-09-18 13:45,3,xgb-all,2026-08,0.8161,1
1789740000,2026-09-18 14:00,0,forest,2026-08,0.4441,1
1789740000,2026-09-18 14:00,3,xgb-all,2026-08,0.5407,1
1789740900,2026-09-18 14:15,0,forest,2026-08,0.4706,1
1789740900,2026-09-18 14:15,3,xgb-all,2026-08,0.7163,1
1789741800,2026-09-18 14:30,0,forest,2026-08,0.4509,1
1789741800,2026-09-18 14:30,3,xgb-all,2026-08,0.2891,1
1789742700,2026-09-18 14:45,0,forest,2026-08,0.5313,1
1789742700,2026-09-18 14:45,3,xgb-all,2026-08,0.491,1
1789743600,2026-09-18 15:00,0,forest,2026-08,0.4462,0
1789743600,2026-09-18 15:00,3,xgb-all,2026-08,0.2442,0
1789744500,2026-09-18 15:15,0,forest,2026-08,0.5339,1
1789744500,2026-09-18 15:15,3,xgb-all,2026-08,0.7482,1
1789745400,2026-09-18 15:30,0,forest,2026-08,0.4253,0
1789745400,2026-09-18 15:30,3,xgb-all,2026-08,0.1383,0
1789746300,2026-09-18 15:45,0,forest,2026-08,0.4584,1
1789746300,2026-09-18 15:45,3,xgb-all,2026-08,0.5569,1
1789747200,2026-09-18 16:00,0,forest,2026-08,0.5103,1
1789747200,2026-09-18 16:00,3,xgb-all,2026-08,0.675,1
1789748100,2026-09-18 16:15,0,forest,2026-08,0.5282,1
1789748100,2026-09-18 16:15,3,xgb-all,2026-08,0.4896,1
1789749000,2026-09-18 16:30,0,forest,2026-08,0.456,0
1789749000,2026-09-18 16:30,3,xgb-all,2026-08,0.7302,0
1789749900,2026-09-18 16:45,0,forest,2026-08,0.4901,0
1789749900,2026-09-18 16:45,3,xgb-all,2026-08,0.2909,0
1789750800,2026-09-18 17:00,0,forest,2026-08,0.4807,1
1789750800,2026-09-18 17:00,3,xgb-all,2026-08,0.2964,1
1789751700,2026-09-18 17:15,0,forest,2026-08,0.4683,0
1789751700,2026-09-18 17:15,3,xgb-all,2026-08,0.5393,0
1789752600,2026-09-18 17:30,0,forest,2026-08,0.496,1
1789752600,2026-09-18 17:30,3,xgb-all,2026-08,0.2292,1
1789753500,2026-09-18 17:45,0,forest,2026-08,0.4838,1
1789753500,2026-09-18 17:45,3,xgb-all,2026-08,0.6929,1
1789754400,2026-09-18 18:00,0,forest,2026-08,0.4799,0
1789754400,2026-09-18 18:00,3,xgb-all,2026-08,0.2672,0
1789755300,2026-09-18 18:15,0,forest,2026-08,0.5299,1
1789755300,2026-09-18 18:15,3,xgb-all,2026-08,0.4459,1
1789756200,2026-09-18 18:30,0,forest,2026-08,0.4967,0
1789756200,2026-09-18 18:30,3,xgb-all,2026-08,0.6002,0
1789757100,2026-09-18 18:45,0,forest,2026-08,0.4894,0
1789757100,2026-09-18 18:45,3,xgb-all,2026-08,0.6764,0
1789758000,2026-09-18 19:00,0,forest,2026-08,0.5044,1
1789758000,2026-09-18 19:00,3,xgb-all,2026-08,0.5693,1
1789758900,2026-09-18 19:15,0,forest,2026-08,0.4694,1
1789758900,2026-09-18 19:15,3,xgb-all,2026-08,0.5782,1
1789759800,2026-09-18 19:30,0,forest,2026-08,0.4921,0
1789759800,2026-09-18 19:30,3,xgb-all,2026-08,0.2869,0
1789760700,2026-09-18 19:45,0,forest,2026-08,0.4765,0
1789760700,2026-09-18 19:45,3,xgb-all,2026-08,0.6276,0
1789761600,2026-09-18 20:00,0,forest,2026-08,0.499,0
1789761600,2026-09-18 20:00,3,xgb-all,2026-08,0.2897,0
1789762500,2026-09-18 20:15,0,forest,2026-08,0.4897,0
1789762500,2026-09-18 20:15,3,xgb-all,2026-08,0.7146,0
1789763400,2026-09-18 20:30,0,forest,2026-08,0.4962,1
1789763400,2026-09-18 20:30,3,xgb-all,2026-08,0.4573,1
1789764300,2026-09-18 20:45,0,forest,2026-08,0.47,0
1789764300,2026-09-18 20:45,3,xgb-all,2026-08,0.5456,0
1789765200,2026-09-18 21:00,0,forest,2026-08,0.5302,1
1789765200,2026-09-18 21:00,3,xgb-all,2026-08,0.6991,1
1789766100,2026-09-18 21:15,0,forest,2026-08,0.4654,0
1789766100,2026-09-18 21:15,3,xgb-all,2026-08,0.2579,0
1789767000,2026-09-18 21:30,0,forest,2026-08,0.4871,1
1789767000,2026-09-18 21:30,3,xgb-all,2026-08,0.4377,1
1789767900,2026-09-18 21:45,0,forest,2026-08,0.4645,1
1789767900,2026-09-18 21:45,3,xgb-all,2026-08,0.3712,1
1789768800,2026-09-18 22:00,0,forest,2026-08,0.4728,1
1789768800,2026-09-18 22:00,3,xgb-all,2026-08,0.5619,1
1789769700,2026-09-18 22:15,0,forest,2026-08,0.4751,1
1789769700,2026-09-18 22:15,3,xgb-all,2026-08,0.7053,1
1789770600,2026-09-18 22:30,0,forest,2026-08,0.4868,0
1789770600,2026-09-18 22:30,3,xgb-all,2026-08,0.1983,0
1789771500,2026-09-18 22:45,0,forest,2026-08,0.5295,1
1789771500,2026-09-18 22:45,3,xgb-all,2026-08,0.5048,1
1789772400,2026-09-18 23:00,0,forest,2026-08,0.4799,1
1789772400,2026-09-18 23:00,3,xgb-all,2026-08,0.7265,1
1789773300,2026-09-18 23:15,0,forest,2026-08,0.4444,0
1789773300,2026-09-18 23:15,3,xgb-all,2026-08,0.2866,0
1789774200,2026-09-18 23:30,0,forest,2026-08,0.5547,0
1789774200,2026-09-18 23:30,3,xgb-all,2026-08,0.3655,0
1789775100,2026-09-18 23:45,0,forest,2026-08,0.5946,0
1789775100,2026-09-18 23:45,3,xgb-all,2026-08,0.5814,0
1789776000,2026-09-19 00:00,0,forest,2026-08,0.6167,1
1789776000,2026-09-19 00:00,3,xgb-all,2026-08,0.4229,1
1789776900,2026-09-19 00:15,0,forest,2026-08,0.5299,1
1789776900,2026-09-19 00:15,3,xgb-all,2026-08,0.7681,1
1789777800,2026-09-19 00:30,0,forest,2026-08,0.4775,1
1789777800,2026-09-19 00:30,3,xgb-all,2026-08,0.8737,1
1789778700,2026-09-19 00:45,0,forest,2026-08,0.4212,1
1789778700,2026-09-19 00:45,3,xgb-all,2026-08,0.2692,1
1789779600,2026-09-19 01:00,0,forest,2026-08,0.4013,0
1789779600,2026-09-19 01:00,3,xgb-all,2026-08,0.3126,0
1789780500,2026-09-19 01:15,0,forest,2026-08,0.5541,0
1789780500,2026-09-19 01:15,3,xgb-all,2026-08,0.4676,0
1789781400,2026-09-19 01:30,0,forest,2026-08,0.5032,0
1789781400,2026-09-19 01:30,3,xgb-all,2026-08,0.2152,0
1789782300,2026-09-19 01:45,0,forest,2026-08,0.5355,1
1789782300,2026-09-19 01:45,3,xgb-all,2026-08,0.8276,1
1789783200,2026-09-19 02:00,0,forest,2026-08,0.4884,1
1789783200,2026-09-19 02:00,3,xgb-all,2026-08,0.4148,1
1789784100,2026-09-19 02:15,0,forest,2026-08,0.4518,0
1789784100,2026-09-19 02:15,3,xgb-all,2026-08,0.2533,0
1789785000,2026-09-19 02:30,0,forest,2026-08,0.4832,0
1789785000,2026-09-19 02:30,3,xgb-all,2026-08,0.6909,0
1789785900,2026-09-19 02:45,0,forest,2026-08,0.5121,0
1789785900,2026-09-19 02:45,3,xgb-all,2026-08,0.3611,0
1789786800,2026-09-19 03:00,0,forest,2026-08,0.5536,0
1789786800,2026-09-19 03:00,3,xgb-all,2026-08,0.6777,0
1789787700,2026-09-19 03:15,0,forest,2026-08,0.5092,0
1789787700,2026-09-19 03:15,3,xgb-all,2026-08,0.2045,0
1789788600,2026-09-19 03:30,0,forest,2026-08,0.5472,1
1789788600,2026-09-19 03:30,3,xgb-all,2026-08,0.4816,1
1789789500,2026-09-19 03:45,0,forest,2026-08,0.4802,0
1789789500,2026-09-19 03:45,3,xgb-all,2026-08,0.5704,0
1789790400,2026-09-19 04:00,0,forest,2026-08,0.4585,1
1789790400,2026-09-19 04:00,3,xgb-all,2026-08,0.4344,1
1789791300,2026-09-19 04:15,0,forest,2026-08,0.5091,0
1789791300,2026-09-19 04:15,3,xgb-all,2026-08,0.2941,0
1789792200,2026-09-19 04:30,0,forest,2026-08,0.5656,0
1789792200,2026-09-19 04:30,3,xgb-all,2026-08,0.211,0
1789793100,2026-09-19 04:45,0,forest,2026-08,0.5583,1
1789793100,2026-09-19 04:45,3,xgb-all,2026-08,0.3742,1
1789794000,2026-09-19 05:00,0,forest,2026-08,0.5633,1
1789794000,2026-09-19 05:00,3,xgb-all,2026-08,0.6378,1
1789794900,2026-09-19 05:15,0,forest,2026-08,0.5007,1
1789794900,2026-09-19 05:15,3,xgb-all,2026-08,0.5346,1
1789795800,2026-09-19 05:30,0,forest,2026-08,0.5188,0
1789795800,2026-09-19 05:30,3,xgb-all,2026-08,0.4095,0
1789796700,2026-09-19 05:45,0,forest,2026-08,0.5331,1
1789796700,2026-09-19 05:45,3,xgb-all,2026-08,0.4687,1
1789797600,2026-09-19 06:00,0,forest,2026-08,0.5579,0
1789797600,2026-09-19 06:00,3,xgb-all,2026-08,0.6695,0
1789798500,2026-09-19 06:15,0,forest,2026-08,0.5169,0
1789798500,2026-09-19 06:15,3,xgb-all,2026-08,0.6209,0
1789799400,2026-09-19 06:30,0,forest,2026-08,0.5592,1
1789799400,2026-09-19 06:30,3,xgb-all,2026-08,0.7634,1
1789800300,2026-09-19 06:45,0,forest,2026-08,0.5233,0
1789800300,2026-09-19 06:45,3,xgb-all,2026-08,0.7189,0
1789801200,2026-09-19 07:00,0,forest,2026-08,0.5082,1
1789801200,2026-09-19 07:00,3,xgb-all,2026-08,0.6768,1
1789802100,2026-09-19 07:15,0,forest,2026-08,0.4396,0
1789802100,2026-09-19 07:15,3,xgb-all,2026-08,0.789,0
1789803000,2026-09-19 07:30,0,forest,2026-08,0.541,0
1789803000,2026-09-19 07:30,3,xgb-all,2026-08,0.4175,0
1789803900,2026-09-19 07:45,0,forest,2026-08,0.5655,1
1789803900,2026-09-19 07:45,3,xgb-all,2026-08,0.382,1
1789804800,2026-09-19 08:00,0,forest,2026-08,0.517,1
1789804800,2026-09-19 08:00,3,xgb-all,2026-08,0.3489,1
1789805700,2026-09-19 08:15,0,forest,2026-08,0.4032,1
1789805700,2026-09-19 08:15,3,xgb-all,2026-08,0.2495,1
1789806600,2026-09-19 08:30,0,forest,2026-08,0.4786,1
1789806600,2026-09-19 08:30,3,xgb-all,2026-08,0.416,1
1789807500,2026-09-19 08:45,0,forest,2026-08,0.4492,0
1789807500,2026-09-19 08:45,3,xgb-all,2026-08,0.496,0
1789808400,2026-09-19 09:00,0,forest,2026-08,0.4445,1
1789808400,2026-09-19 09:00,3,xgb-all,2026-08,0.545,1
1789809300,2026-09-19 09:15,0,forest,2026-08,0.3946,0
1789809300,2026-09-19 09:15,3,xgb-all,2026-08,0.3103,0
1789810200,2026-09-19 09:30,0,forest,2026-08,0.4526,0
1789810200,2026-09-19 09:30,3,xgb-all,2026-08,0.2431,0
1789811100,2026-09-19 09:45,0,forest,2026-08,0.5408,1
1789811100,2026-09-19 09:45,3,xgb-all,2026-08,0.7585,1
1789812000,2026-09-19 10:00,0,forest,2026-08,0.502,0
1789812000,2026-09-19 10:00,3,xgb-all,2026-08,0.5356,0
1789812900,2026-09-19 10:15,0,forest,2026-08,0.5156,0
1789812900,2026-09-19 10:15,3,xgb-all,2026-08,0.2387,0
1789813800,2026-09-19 10:30,0,forest,2026-08,0.5458,0
1789813800,2026-09-19 10:30,3,xgb-all,2026-08,0.3721,0
1789814700,2026-09-19 10:45,0,forest,2026-08,0.5586,0
1789814700,2026-09-19 10:45,3,xgb-all,2026-08,0.7582,0
1789815600,2026-09-19 11:00,0,forest,2026-08,0.5226,1
1789815600,2026-09-19 11:00,3,xgb-all,2026-08,0.7743,1
1789816500,2026-09-19 11:15,0,forest,2026-08,0.4819,0
1789816500,2026-09-19 11:15,3,xgb-all,2026-08,0.6231,0
1789817400,2026-09-19 11:30,0,forest,2026-08,0.4785,1
1789817400,2026-09-19 11:30,3,xgb-all,2026-08,0.405,1
1789818300,2026-09-19 11:45,0,forest,2026-08,0.5561,1
1789818300,2026-09-19 11:45,3,xgb-all,2026-08,0.5547,1
1789819200,2026-09-19 12:00,0,forest,2026-08,0.519,1
1789819200,2026-09-19 12:00,3,xgb-all,2026-08,0.3228,1
1789820100,2026-09-19 12:15,0,forest,2026-08,0.4995,0
1789820100,2026-09-19 12:15,3,xgb-all,2026-08,0.6129,0
1789821000,2026-09-19 12:30,0,forest,2026-08,0.5871,1
1789821000,2026-09-19 12:30,3,xgb-all,2026-08,0.722,1
1789821900,2026-09-19 12:45,0,forest,2026-08,0.4973,1
1789821900,2026-09-19 12:45,3,xgb-all,2026-08,0.5427,1
1789822800,2026-09-19 13:00,0,forest,2026-08,0.453,0
1789822800,2026-09-19 13:00,3,xgb-all,2026-08,0.5555,0
1789823700,2026-09-19 13:15,0,forest,2026-08,0.5352,0
1789823700,2026-09-19 13:15,3,xgb-all,2026-08,0.7823,0
1789824600,2026-09-19 13:30,0,forest,2026-08,0.513,1
1789824600,2026-09-19 13:30,3,xgb-all,2026-08,0.6168,1
1789825500,2026-09-19 13:45,0,forest,2026-08,0.4769,1
1789825500,2026-09-19 13:45,3,xgb-all,2026-08,0.5271,1
1789826400,2026-09-19 14:00,0,forest,2026-08,0.4243,1
1789826400,2026-09-19 14:00,3,xgb-all,2026-08,0.2878,1
1789827300,2026-09-19 14:15,0,forest,2026-08,0.4568,1
1789827300,2026-09-19 14:15,3,xgb-all,2026-08,0.7676,1
1789828200,2026-09-19 14:30,0,forest,2026-08,0.3013,0
1789828200,2026-09-19 14:30,3,xgb-all,2026-08,0.5533,0
1789829100,2026-09-19 14:45,0,forest,2026-08,0.461,1
1789829100,2026-09-19 14:45,3,xgb-all,2026-08,0.4279,1
1789830000,2026-09-19 15:00,0,forest,2026-08,0.4328,1
1789830000,2026-09-19 15:00,3,xgb-all,2026-08,0.6007,1
1789830900,2026-09-19 15:15,0,forest,2026-08,0.3297,0
1789830900,2026-09-19 15:15,3,xgb-all,2026-08,0.5248,0
1789831800,2026-09-19 15:30,0,forest,2026-08,0.5048,1
1789831800,2026-09-19 15:30,3,xgb-all,2026-08,0.66,1
1789832700,2026-09-19 15:45,0,forest,2026-08,0.3129,0
1789832700,2026-09-19 15:45,3,xgb-all,2026-08,0.1041,0
1789833600,2026-09-19 16:00,0,forest,2026-08,0.5875,1
1789833600,2026-09-19 16:00,3,xgb-all,2026-08,0.3566,1
1789834500,2026-09-19 16:15,0,forest,2026-08,0.506,1
1789834500,2026-09-19 16:15,3,xgb-all,2026-08,0.6092,1
1789835400,2026-09-19 16:30,0,forest,2026-08,0.4693,1
1789835400,2026-09-19 16:30,3,xgb-all,2026-08,0.7471,1
1789836300,2026-09-19 16:45,0,forest,2026-08,0.4546,0
1789836300,2026-09-19 16:45,3,xgb-all,2026-08,0.3549,0
1789837200,2026-09-19 17:00,0,forest,2026-08,0.3963,0
1789837200,2026-09-19 17:00,3,xgb-all,2026-08,0.2791,0
1789838100,2026-09-19 17:15,0,forest,2026-08,0.5813,0
1789838100,2026-09-19 17:15,3,xgb-all,2026-08,0.5301,0
1789839000,2026-09-19 17:30,0,forest,2026-08,0.5925,0
1789839000,2026-09-19 17:30,3,xgb-all,2026-08,0.4445,0
1789839900,2026-09-19 17:45,0,forest,2026-08,0.5246,0
1789839900,2026-09-19 17:45,3,xgb-all,2026-08,0.5548,0
1789840800,2026-09-19 18:00,0,forest,2026-08,0.5311,0
1789840800,2026-09-19 18:00,3,xgb-all,2026-08,0.6514,0
1789841700,2026-09-19 18:15,0,forest,2026-08,0.5757,1
1789841700,2026-09-19 18:15,3,xgb-all,2026-08,0.7015,1
1789842600,2026-09-19 18:30,0,forest,2026-08,0.5419,1
1789842600,2026-09-19 18:30,3,xgb-all,2026-08,0.3267,1
1789843500,2026-09-19 18:45,0,forest,2026-08,0.5054,0
1789843500,2026-09-19 18:45,3,xgb-all,2026-08,0.3564,0
1789844400,2026-09-19 19:00,0,forest,2026-08,0.5556,0
1789844400,2026-09-19 19:00,3,xgb-all,2026-08,0.6287,0
1789845300,2026-09-19 19:15,0,forest,2026-08,0.5702,1
1789845300,2026-09-19 19:15,3,xgb-all,2026-08,0.699,1
1789846200,2026-09-19 19:30,0,forest,2026-08,0.5781,0
1789846200,2026-09-19 19:30,3,xgb-all,2026-08,0.4484,0
1789847100,2026-09-19 19:45,0,forest,2026-08,0.5361,1
1789847100,2026-09-19 19:45,3,xgb-all,2026-08,0.6812,1
1789848000,2026-09-19 20:00,0,forest,2026-08,0.6008,1
1789848000,2026-09-19 20:00,3,xgb-all,2026-08,0.6967,1
1789848900,2026-09-19 20:15,0,forest,2026-08,0.5648,0
1789848900,2026-09-19 20:15,3,xgb-all,2026-08,0.1987,0
1789849800,2026-09-19 20:30,0,forest,2026-08,0.614,1
1789849800,2026-09-19 20:30,3,xgb-all,2026-08,0.5832,1
1789850700,2026-09-19 20:45,0,forest,2026-08,0.5644,0
1789850700,2026-09-19 20:45,3,xgb-all,2026-08,0.2849,0
1789851600,2026-09-19 21:00,0,forest,2026-08,0.5626,0
1789851600,2026-09-19 21:00,3,xgb-all,2026-08,0.6883,0
1789852500,2026-09-19 21:15,0,forest,2026-08,0.6166,1
1789852500,2026-09-19 21:15,3,xgb-all,2026-08,0.7384,1
1789853400,2026-09-19 21:30,0,forest,2026-08,0.5612,0
1789853400,2026-09-19 21:30,3,xgb-all,2026-08,0.2097,0
1789854300,2026-09-19 21:45,0,forest,2026-08,0.5247,1
1789854300,2026-09-19 21:45,3,xgb-all,2026-08,0.7492,1
1789855200,2026-09-19 22:00,0,forest,2026-08,0.5465,0
1789855200,2026-09-19 22:00,3,xgb-all,2026-08,0.1728,0
1789856100,2026-09-19 22:15,0,forest,2026-08,0.5838,1
1789856100,2026-09-19 22:15,3,xgb-all,2026-08,0.7729,1
1789857000,2026-09-19 22:30,0,forest,2026-08,0.5678,1
1789857000,2026-09-19 22:30,3,xgb-all,2026-08,0.7322,1
1789857900,2026-09-19 22:45,0,forest,2026-08,0.4876,1
1789857900,2026-09-19 22:45,3,xgb-all,2026-08,0.2459,1
1789858800,2026-09-19 23:00,0,forest,2026-08,0.408,1
1789858800,2026-09-19 23:00,3,xgb-all,2026-08,0.4535,1
1789859700,2026-09-19 23:15,0,forest,2026-08,0.4966,1
1789859700,2026-09-19 23:15,3,xgb-all,2026-08,0.7061,1
1789860600,2026-09-19 23:30,0,forest,2026-08,0.3818,0
1789860600,2026-09-19 23:30,3,xgb-all,2026-08,0.5282,0
1789861500,2026-09-19 23:45,0,forest,2026-08,0.5143,0
1789861500,2026-09-19 23:45,3,xgb-all,2026-08,0.5437,0
1789862400,2026-09-20 00:00,0,forest,2026-08,0.5247,1
1789862400,2026-09-20 00:00,3,xgb-all,2026-08,0.3712,1
1789863300,2026-09-20 00:15,0,forest,2026-08,0.4533,1
1789863300,2026-09-20 00:15,3,xgb-all,2026-08,0.2842,1
1789864200,2026-09-20 00:30,0,forest,2026-08,0.4008,1
1789864200,2026-09-20 00:30,3,xgb-all,2026-08,0.3321,1
1789865100,2026-09-20 00:45,0,forest,2026-08,0.4504,0
1789865100,2026-09-20 00:45,3,xgb-all,2026-08,0.2716,0
1789866000,2026-09-20 01:00,0,forest,2026-08,0.4626,0
1789866000,2026-09-20 01:00,3,xgb-all,2026-08,0.3661,0
1789866900,2026-09-20 01:15,0,forest,2026-08,0.5627,0
1789866900,2026-09-20 01:15,3,xgb-all,2026-08,0.3566,0
1789867800,2026-09-20 01:30,0,forest,2026-08,0.4373,0
1789867800,2026-09-20 01:30,3,xgb-all,2026-08,0.2086,0
1789868700,2026-09-20 01:45,0,forest,2026-08,0.5482,1
1789868700,2026-09-20 01:45,3,xgb-all,2026-08,0.4425,1
1789869600,2026-09-20 02:00,0,forest,2026-08,0.5313,1
1789869600,2026-09-20 02:00,3,xgb-all,2026-08,0.7141,1
1789870500,2026-09-20 02:15,0,forest,2026-08,0.5049,0
1789870500,2026-09-20 02:15,3,xgb-all,2026-08,0.2117,0
1789871400,2026-09-20 02:30,0,forest,2026-08,0.5101,0
1789871400,2026-09-20 02:30,3,xgb-all,2026-08,0.3851,0
1789872300,2026-09-20 02:45,0,forest,2026-08,0.5462,0
1789872300,2026-09-20 02:45,3,xgb-all,2026-08,0.7865,0
1789873200,2026-09-20 03:00,0,forest,2026-08,0.5896,0
1789873200,2026-09-20 03:00,3,xgb-all,2026-08,0.4101,0
1789874100,2026-09-20 03:15,0,forest,2026-08,0.5777,1
1789874100,2026-09-20 03:15,3,xgb-all,2026-08,0.7502,1
1789875000,2026-09-20 03:30,0,forest,2026-08,0.4524,1
1789875000,2026-09-20 03:30,3,xgb-all,2026-08,0.4102,1
1789875900,2026-09-20 03:45,0,forest,2026-08,0.5285,1
1789875900,2026-09-20 03:45,3,xgb-all,2026-08,0.6042,1
1789876800,2026-09-20 04:00,0,forest,2026-08,0.4683,0
1789876800,2026-09-20 04:00,3,xgb-all,2026-08,0.2768,0
1789877700,2026-09-20 04:15,0,forest,2026-08,0.5392,0
1789877700,2026-09-20 04:15,3,xgb-all,2026-08,0.7237,0
1789878600,2026-09-20 04:30,0,forest,2026-08,0.5198,0
1789878600,2026-09-20 04:30,3,xgb-all,2026-08,0.4835,0
1789879500,2026-09-20 04:45,0,forest,2026-08,0.5101,1
1789879500,2026-09-20 04:45,3,xgb-all,2026-08,0.4839,1
1789880400,2026-09-20 05:00,0,forest,2026-08,0.512,1
1789880400,2026-09-20 05:00,3,xgb-all,2026-08,0.5909,1
1789881300,2026-09-20 05:15,0,forest,2026-08,0.4222,0
1789881300,2026-09-20 05:15,3,xgb-all,2026-08,0.1858,0
1789882200,2026-09-20 05:30,0,forest,2026-08,0.4397,0
1789882200,2026-09-20 05:30,3,xgb-all,2026-08,0.7204,0
1789883100,2026-09-20 05:45,0,forest,2026-08,0.44,0
1789883100,2026-09-20 05:45,3,xgb-all,2026-08,0.3575,0
1789884000,2026-09-20 06:00,0,forest,2026-08,0.5106,1
1789884000,2026-09-20 06:00,3,xgb-all,2026-08,0.5117,1
1789884900,2026-09-20 06:15,0,forest,2026-08,0.4765,0
1789884900,2026-09-20 06:15,3,xgb-all,2026-08,0.4269,0
1789885800,2026-09-20 06:30,0,forest,2026-08,0.4579,0
1789885800,2026-09-20 06:30,3,xgb-all,2026-08,0.5369,0
1789886700,2026-09-20 06:45,0,forest,2026-08,0.5158,0
1789886700,2026-09-20 06:45,3,xgb-all,2026-08,0.5775,0
1789887600,2026-09-20 07:00,0,forest,2026-08,0.5262,1
1789887600,2026-09-20 07:00,3,xgb-all,2026-08,0.6926,1
1789888500,2026-09-20 07:15,0,forest,2026-08,0.477,1
1789888500,2026-09-20 07:15,3,xgb-all,2026-08,0.4115,1
1789889400,2026-09-20 07:30,0,forest,2026-08,0.4858,0
1789889400,2026-09-20 07:30,3,xgb-all,2026-08,0.3765,0
1789890300,2026-09-20 07:45,0,forest,2026-08,0.4583,0
1789890300,2026-09-20 07:45,3,xgb-all,2026-08,0.4762,0
1789891200,2026-09-20 08:00,0,forest,2026-08,0.5006,1
1789891200,2026-09-20 08:00,3,xgb-all,2026-08,0.8003,1
1789892100,2026-09-20 08:15,0,forest,2026-08,0.4577,0
1789892100,2026-09-20 08:15,3,xgb-all,2026-08,0.4783,0
1789893000,2026-09-20 08:30,0,forest,2026-08,0.4567,0
1789893000,2026-09-20 08:30,3,xgb-all,2026-08,0.4401,0
1789893900,2026-09-20 08:45,0,forest,2026-08,0.5208,1
1789893900,2026-09-20 08:45,3,xgb-all,2026-08,0.3915,1
1789894800,2026-09-20 09:00,0,forest,2026-08,0.5454,1
1789894800,2026-09-20 09:00,3,xgb-all,2026-08,0.6194,1
1789895700,2026-09-20 09:15,0,forest,2026-08,0.4914,1
1789895700,2026-09-20 09:15,3,xgb-all,2026-08,0.5711,1
1789896600,2026-09-20 09:30,0,forest,2026-08,0.4407,1
1789896600,2026-09-20 09:30,3,xgb-all,2026-08,0.7652,1
1789897500,2026-09-20 09:45,0,forest,2026-08,0.4638,0
1789897500,2026-09-20 09:45,3,xgb-all,2026-08,0.2499,0
1789898400,2026-09-20 10:00,0,forest,2026-08,0.5518,0
1789898400,2026-09-20 10:00,3,xgb-all,2026-08,0.7442,0
1789899300,2026-09-20 10:15,0,forest,2026-08,0.5465,0
1789899300,2026-09-20 10:15,3,xgb-all,2026-08,0.4226,0
1789900200,2026-09-20 10:30,0,forest,2026-08,0.4982,0
1789900200,2026-09-20 10:30,3,xgb-all,2026-08,0.5783,0
1789901100,2026-09-20 10:45,0,forest,2026-08,0.5016,0
1789901100,2026-09-20 10:45,3,xgb-all,2026-08,0.416,0
1789902000,2026-09-20 11:00,0,forest,2026-08,0.4771,1
1789902000,2026-09-20 11:00,3,xgb-all,2026-08,0.3942,1
1789902900,2026-09-20 11:15,0,forest,2026-08,0.4841,1
1789902900,2026-09-20 11:15,3,xgb-all,2026-08,0.26,1
1789903800,2026-09-20 11:30,0,forest,2026-08,0.4117,1
1789903800,2026-09-20 11:30,3,xgb-all,2026-08,0.7997,1
1789904700,2026-09-20 11:45,0,forest,2026-08,0.407,1
1789904700,2026-09-20 11:45,3,xgb-all,2026-08,0.4705,1
1789905600,2026-09-20 12:00,0,forest,2026-08,0.4127,0
1789905600,2026-09-20 12:00,3,xgb-all,2026-08,0.2256,0
1789906500,2026-09-20 12:15,0,forest,2026-08,0.4484,0
1789906500,2026-09-20 12:15,3,xgb-all,2026-08,0.2459,0
1789907400,2026-09-20 12:30,0,forest,2026-08,0.5542,0
1789907400,2026-09-20 12:30,3,xgb-all,2026-08,0.3375,0
1789908300,2026-09-20 12:45,0,forest,2026-08,0.4595,1
1789908300,2026-09-20 12:45,3,xgb-all,2026-08,0.6067,1
1789909200,2026-09-20 13:00,0,forest,2026-08,0.4706,1
1789909200,2026-09-20 13:00,3,xgb-all,2026-08,0.7613,1
1789910100,2026-09-20 13:15,0,forest,2026-08,0.4154,0
1789910100,2026-09-20 13:15,3,xgb-all,2026-08,0.1523,0
1789911000,2026-09-20 13:30,0,forest,2026-08,0.5554,1
1789911000,2026-09-20 13:30,3,xgb-all,2026-08,0.5191,1
1789911900,2026-09-20 13:45,0,forest,2026-08,0.4343,1
1789911900,2026-09-20 13:45,3,xgb-all,2026-08,0.3599,1
1789912800,2026-09-20 14:00,0,forest,2026-08,0.4431,1
1789912800,2026-09-20 14:00,3,xgb-all,2026-08,0.865,1
1789913700,2026-09-20 14:15,0,forest,2026-08,0.4842,0
1789913700,2026-09-20 14:15,3,xgb-all,2026-08,0.1377,0
1789914600,2026-09-20 14:30,0,forest,2026-08,0.5398,1
1789914600,2026-09-20 14:30,3,xgb-all,2026-08,0.734,1
1789915500,2026-09-20 14:45,0,forest,2026-08,0.4698,1
1789915500,2026-09-20 14:45,3,xgb-all,2026-08,0.5062,1
1789916400,2026-09-20 15:00,0,forest,2026-08,0.4629,1
1789916400,2026-09-20 15:00,3,xgb-all,2026-08,0.7717,1
1789917300,2026-09-20 15:15,0,forest,2026-08,0.4834,0
1789917300,2026-09-20 15:15,3,xgb-all,2026-08,0.7172,0
1789918200,2026-09-20 15:30,0,forest,2026-08,0.588,1
1789918200,2026-09-20 15:30,3,xgb-all,2026-08,0.8316,1
1789919100,2026-09-20 15:45,0,forest,2026-08,0.4434,1
1789919100,2026-09-20 15:45,3,xgb-all,2026-08,0.5786,1
1789920000,2026-09-20 16:00,0,forest,2026-08,0.4696,1
1789920000,2026-09-20 16:00,3,xgb-all,2026-08,0.2302,1
1789920900,2026-09-20 16:15,0,forest,2026-08,0.3298,1
1789920900,2026-09-20 16:15,3,xgb-all,2026-08,0.4828,1
1789921800,2026-09-20 16:30,0,forest,2026-08,0.3963,1
1789921800,2026-09-20 16:30,3,xgb-all,2026-08,0.4613,1
1789922700,2026-09-20 16:45,0,forest,2026-08,0.424,0
1789922700,2026-09-20 16:45,3,xgb-all,2026-08,0.2236,0
1789923600,2026-09-20 17:00,0,forest,2026-08,0.4659,0
1789923600,2026-09-20 17:00,3,xgb-all,2026-08,0.346,0
1789924500,2026-09-20 17:15,0,forest,2026-08,0.4401,0
1789924500,2026-09-20 17:15,3,xgb-all,2026-08,0.3515,0
1789925400,2026-09-20 17:30,0,forest,2026-08,0.5362,1
1789925400,2026-09-20 17:30,3,xgb-all,2026-08,0.6971,1
1789926300,2026-09-20 17:45,0,forest,2026-08,0.4605,0
1789926300,2026-09-20 17:45,3,xgb-all,2026-08,0.3551,0
1789927200,2026-09-20 18:00,0,forest,2026-08,0.5578,0
1789927200,2026-09-20 18:00,3,xgb-all,2026-08,0.4767,0
1789928100,2026-09-20 18:15,0,forest,2026-08,0.4844,1
1789928100,2026-09-20 18:15,3,xgb-all,2026-08,0.8589,1
1789929000,2026-09-20 18:30,0,forest,2026-08,0.4597,0
1789929000,2026-09-20 18:30,3,xgb-all,2026-08,0.3937,0
1789929900,2026-09-20 18:45,0,forest,2026-08,0.5036,0
1789929900,2026-09-20 18:45,3,xgb-all,2026-08,0.4605,0
1789930800,2026-09-20 19:00,0,forest,2026-08,0.5324,1
1789930800,2026-09-20 19:00,3,xgb-all,2026-08,0.7693,1
1789931700,2026-09-20 19:15,0,forest,2026-08,0.4648,1
1789931700,2026-09-20 19:15,3,xgb-all,2026-08,0.3567,1
1789932600,2026-09-20 19:30,0,forest,2026-08,0.4944,1
1789932600,2026-09-20 19:30,3,xgb-all,2026-08,0.8398,1
1789933500,2026-09-20 19:45,0,forest,2026-08,0.4785,0
1789933500,2026-09-20 19:45,3,xgb-all,2026-08,0.7685,0
1789934400,2026-09-20 20:00,0,forest,2026-08,0.5491,0
1789934400,2026-09-20 20:00,3,xgb-all,2026-08,0.7305,0
1789935300,2026-09-20 20:15,0,forest,2026-08,0.5306,1
1789935300,2026-09-20 20:15,3,xgb-all,2026-08,0.377,1
1789936200,2026-09-20 20:30,0,forest,2026-08,0.5339,0
1789936200,2026-09-20 20:30,3,xgb-all,2026-08,0.25,0
1789937100,2026-09-20 20:45,0,forest,2026-08,0.5112,0
1789937100,2026-09-20 20:45,3,xgb-all,2026-08,0.4262,0
1789938000,2026-09-20 21:00,0,forest,2026-08,0.572,0
1789938000,2026-09-20 21:00,3,xgb-all,2026-08,0.1135,0
1789938900,2026-09-20 21:15,0,forest,2026-08,0.5678,1
1789938900,2026-09-20 21:15,3,xgb-all,2026-08,0.7945,1
1789939800,2026-09-20 21:30,0,forest,2026-08,0.503,0
1789939800,2026-09-20 21:30,3,xgb-all,2026-08,0.7547,0
1789940700,2026-09-20 21:45,0,forest,2026-08,0.5004,1
1789940700,2026-09-20 21:45,3,xgb-all,2026-08,0.7691,1
1789941600,2026-09-20 22:00,0,forest,2026-08,0.4569,1
1789941600,2026-09-20 22:00,3,xgb-all,2026-08,0.4185,1
1789942500,2026-09-20 22:15,0,forest,2026-08,0.4098,0
1789942500,2026-09-20 22:15,3,xgb-all,2026-08,0.1875,0
1789943400,2026-09-20 22:30,0,forest,2026-08,0.5401,0
1789943400,2026-09-20 22:30,3,xgb-all,2026-08,0.4789,0
1789944300,2026-09-20 22:45,0,forest,2026-08,0.4878,1
1789944300,2026-09-20 22:45,3,xgb-all,2026-08,0.6812,1
1789945200,2026-09-20 23:00,0,forest,2026-08,0.459,0
1789945200,2026-09-20 23:00,3,xgb-all,2026-08,0.2426,0
1789946100,2026-09-20 23:15,0,forest,2026-08,0.493,1
1789946100,2026-09-20 23:15,3,xgb-all,2026-08,0.7094,1
1789947000,2026-09-20 23:30,0,forest,2026-08,0.454,1
1789947000,2026-09-20 23:30,3,xgb-all,2026-08,0.462,1
1789947900,2026-09-20 23:45,0,forest,2026-08,0.4581,0
1789947900,2026-09-20 23:45,3,xgb-all,2026-08,0.2926,0
1789948800,2026-09-21 00:00,0,forest,2026-08,0.4372,1
1789948800,2026-09-21 00:00,3,xgb-all,2026-08,0.8016,1
1789949700,2026-09-21 00:15,0,forest,2026-08,0.4545,1
1789949700,2026-09-21 00:15,3,xgb-all,2026-08,0.2352,1
1789950600,2026-09-21 00:30,0,forest,2026-08,0.4935,0
1789950600,2026-09-21 00:30,3,xgb-all,2026-08,0.4112,0
1789951500,2026-09-21 00:45,0,forest,2026-08,0.491,0
1789951500,2026-09-21 00:45,3,xgb-all,2026-08,0.7336,0
1789952400,2026-09-21 01:00,0,forest,2026-08,0.4878,1
1789952400,2026-09-21 01:00,3,xgb-all,2026-08,0.3406,1
1789953300,2026-09-21 01:15,0,forest,2026-08,0.4762,0
1789953300,2026-09-21 01:15,3,xgb-all,2026-08,0.2347,0
1789954200,2026-09-21 01:30,0,forest,2026-08,0.4717,0
1789954200,2026-09-21 01:30,3,xgb-all,2026-08,0.2245,0
1789955100,2026-09-21 01:45,0,forest,2026-08,0.5215,0
1789955100,2026-09-21 01:45,3,xgb-all,2026-08,0.3017,0
1789956000,2026-09-21 02:00,0,forest,2026-08,0.518,1
1789956000,2026-09-21 02:00,3,xgb-all,2026-08,0.846,1
1789956900,2026-09-21 02:15,0,forest,2026-08,0.4959,1
1789956900,2026-09-21 02:15,3,xgb-all,2026-08,0.4565,1
1789957800,2026-09-21 02:30,0,forest,2026-08,0.5087,0
1789957800,2026-09-21 02:30,3,xgb-all,2026-08,0.1314,0
1789958700,2026-09-21 02:45,0,forest,2026-08,0.5026,1
1789958700,2026-09-21 02:45,3,xgb-all,2026-08,0.4118,1
1789959600,2026-09-21 03:00,0,forest,2026-08,0.457,1
1789959600,2026-09-21 03:00,3,xgb-all,2026-08,0.7495,1
1789960500,2026-09-21 03:15,0,forest,2026-08,0.4959,1
1789960500,2026-09-21 03:15,3,xgb-all,2026-08,0.7245,1
1789961400,2026-09-21 03:30,0,forest,2026-08,0.5155,1
1789961400,2026-09-21 03:30,3,xgb-all,2026-08,0.6791,1
1789962300,2026-09-21 03:45,0,forest,2026-08,0.4899,0
1789962300,2026-09-21 03:45,3,xgb-all,2026-08,0.54,0
1789963200,2026-09-21 04:00,0,forest,2026-08,0.5157,0
1789963200,2026-09-21 04:00,3,xgb-all,2026-08,0.6371,0
1789964100,2026-09-21 04:15,0,forest,2026-08,0.5234,1
1789964100,2026-09-21 04:15,3,xgb-all,2026-08,0.714,1
1789965000,2026-09-21 04:30,0,forest,2026-08,0.5251,1
1789965000,2026-09-21 04:30,3,xgb-all,2026-08,0.3025,1
1789965900,2026-09-21 04:45,0,forest,2026-08,0.5103,0
1789965900,2026-09-21 04:45,3,xgb-all,2026-08,0.6494,0
1789966800,2026-09-21 05:00,0,forest,2026-08,0.4852,0
1789966800,2026-09-21 05:00,3,xgb-all,2026-08,0.547,0
1789967700,2026-09-21 05:15,0,forest,2026-08,0.5276,1
1789967700,2026-09-21 05:15,3,xgb-all,2026-08,0.6904,1
1789968600,2026-09-21 05:30,0,forest,2026-08,0.4261,1
1789968600,2026-09-21 05:30,3,xgb-all,2026-08,0.7686,1
1789969500,2026-09-21 05:45,0,forest,2026-08,0.4675,0
1789969500,2026-09-21 05:45,3,xgb-all,2026-08,0.319,0
1789970400,2026-09-21 06:00,0,forest,2026-08,0.4459,1
1789970400,2026-09-21 06:00,3,xgb-all,2026-08,0.765,1
1789971300,2026-09-21 06:15,0,forest,2026-08,0.465,1
1789971300,2026-09-21 06:15,3,xgb-all,2026-08,0.7553,1
1789972200,2026-09-21 06:30,0,forest,2026-08,0.4134,0
1789972200,2026-09-21 06:30,3,xgb-all,2026-08,0.3435,0
1789973100,2026-09-21 06:45,0,forest,2026-08,0.5481,1
1789973100,2026-09-21 06:45,3,xgb-all,2026-08,0.8607,1
1789974000,2026-09-21 07:00,0,forest,2026-08,0.5108,0
1789974000,2026-09-21 07:00,3,xgb-all,2026-08,0.465,0
1789974900,2026-09-21 07:15,0,forest,2026-08,0.4837,1
1789974900,2026-09-21 07:15,3,xgb-all,2026-08,0.5946,1
1789975800,2026-09-21 07:30,0,forest,2026-08,0.4709,0
1789975800,2026-09-21 07:30,3,xgb-all,2026-08,0.1579,0
1789976700,2026-09-21 07:45,0,forest,2026-08,0.5171,1
1789976700,2026-09-21 07:45,3,xgb-all,2026-08,0.6229,1
1789977600,2026-09-21 08:00,0,forest,2026-08,0.5057,1
1789977600,2026-09-21 08:00,3,xgb-all,2026-08,0.823,1
1789978500,2026-09-21 08:15,0,forest,2026-08,0.4723,1
1789978500,2026-09-21 08:15,3,xgb-all,2026-08,0.6187,1
1789979400,2026-09-21 08:30,0,forest,2026-08,0.2931,1
1789979400,2026-09-21 08:30,3,xgb-all,2026-08,0.8332,1
1789980300,2026-09-21 08:45,0,forest,2026-08,0.4148,1
1789980300,2026-09-21 08:45,3,xgb-all,2026-08,0.6692,1
1789981200,2026-09-21 09:00,0,forest,2026-08,0.4349,1
1789981200,2026-09-21 09:00,3,xgb-all,2026-08,0.6735,1
1789982100,2026-09-21 09:15,0,forest,2026-08,0.4243,1
1789982100,2026-09-21 09:15,3,xgb-all,2026-08,0.6488,1
1789983000,2026-09-21 09:30,0,forest,2026-08,0.4352,1
1789983000,2026-09-21 09:30,3,xgb-all,2026-08,0.7157,1
1789983900,2026-09-21 09:45,0,forest,2026-08,0.4319,0
1789983900,2026-09-21 09:45,3,xgb-all,2026-08,0.2894,0
1789984800,2026-09-21 10:00,0,forest,2026-08,0.518,0
1789984800,2026-09-21 10:00,3,xgb-all,2026-08,0.4896,0
1789985700,2026-09-21 10:15,0,forest,2026-08,0.5055,0
1789985700,2026-09-21 10:15,3,xgb-all,2026-08,0.4824,0
1789986600,2026-09-21 10:30,0,forest,2026-08,0.4967,0
1789986600,2026-09-21 10:30,3,xgb-all,2026-08,0.4224,0
1789987500,2026-09-21 10:45,0,forest,2026-08,0.5624,1
1789987500,2026-09-21 10:45,3,xgb-all,2026-08,0.3685,1
1789988400,2026-09-21 11:00,0,forest,2026-08,0.4768,1
1789988400,2026-09-21 11:00,3,xgb-all,2026-08,0.6937,1
1789989300,2026-09-21 11:15,0,forest,2026-08,0.4966,1
1789989300,2026-09-21 11:15,3,xgb-all,2026-08,0.614,1
1789990200,2026-09-21 11:30,0,forest,2026-08,0.4647,1
1789990200,2026-09-21 11:30,3,xgb-all,2026-08,0.6542,1
1789991100,2026-09-21 11:45,0,forest,2026-08,0.4526,1
1789991100,2026-09-21 11:45,3,xgb-all,2026-08,0.3185,1
1789992000,2026-09-21 12:00,0,forest,2026-08,0.4732,1
1789992000,2026-09-21 12:00,3,xgb-all,2026-08,0.424,1
1789992900,2026-09-21 12:15,0,forest,2026-08,0.4875,1
1789992900,2026-09-21 12:15,3,xgb-all,2026-08,0.769,1
1789993800,2026-09-21 12:30,0,forest,2026-08,0.4926,1
1789993800,2026-09-21 12:30,3,xgb-all,2026-08,0.7119,1
1789994700,2026-09-21 12:45,0,forest,2026-08,0.4818,1
1789994700,2026-09-21 12:45,3,xgb-all,2026-08,0.3099,1
1789995600,2026-09-21 13:00,0,forest,2026-08,0.4921,0
1789995600,2026-09-21 13:00,3,xgb-all,2026-08,0.5071,0
1789996500,2026-09-21 13:15,0,forest,2026-08,0.4958,0
1789996500,2026-09-21 13:15,3,xgb-all,2026-08,0.4045,0
1789997400,2026-09-21 13:30,0,forest,2026-08,0.527,1
1789997400,2026-09-21 13:30,3,xgb-all,2026-08,0.7615,1
1789998300,2026-09-21 13:45,0,forest,2026-08,0.4777,1
1789998300,2026-09-21 13:45,3,xgb-all,2026-08,0.8834,1
1789999200,2026-09-21 14:00,0,forest,2026-08,0.544,0
1789999200,2026-09-21 14:00,3,xgb-all,2026-08,0.5656,0
1790000100,2026-09-21 14:15,0,forest,2026-08,0.52,1
1790000100,2026-09-21 14:15,3,xgb-all,2026-08,0.6835,1
1790001000,2026-09-21 14:30,0,forest,2026-08,0.4812,1
1790001000,2026-09-21 14:30,3,xgb-all,2026-08,0.5467,1
1790001900,2026-09-21 14:45,0,forest,2026-08,0.5151,1
1790001900,2026-09-21 14:45,3,xgb-all,2026-08,0.6839,1
1790002800,2026-09-21 15:00,0,forest,2026-08,0.4874,1
1790002800,2026-09-21 15:00,3,xgb-all,2026-08,0.7151,1
1790003700,2026-09-21 15:15,0,forest,2026-08,0.4299,0
1790003700,2026-09-21 15:15,3,xgb-all,2026-08,0.2561,0
1790004600,2026-09-21 15:30,0,forest,2026-08,0.5515,1
1790004600,2026-09-21 15:30,3,xgb-all,2026-08,0.5906,1
1790005500,2026-09-21 15:45,0,forest,2026-08,0.5131,0
1790005500,2026-09-21 15:45,3,xgb-all,2026-08,0.4677,0
1790006400,2026-09-21 16:00,0,forest,2026-08,0.485,0
1790006400,2026-09-21 16:00,3,xgb-all,2026-08,0.461,0
1790007300,2026-09-21 16:15,0,forest,2026-08,0.5741,1
1790007300,2026-09-21 16:15,3,xgb-all,2026-08,0.7286,1
1790008200,2026-09-21 16:30,0,forest,2026-08,0.4766,1
1790008200,2026-09-21 16:30,3,xgb-all,2026-08,0.5235,1
1790009100,2026-09-21 16:45,0,forest,2026-08,0.4891,1
1790009100,2026-09-21 16:45,3,xgb-all,2026-08,0.7726,1
1790010000,2026-09-21 17:00,0,forest,2026-08,0.4903,0
1790010000,2026-09-21 17:00,3,xgb-all,2026-08,0.3839,0
1790010900,2026-09-21 17:15,0,forest,2026-08,0.5006,0
1790010900,2026-09-21 17:15,3,xgb-all,2026-08,0.1256,0
1790011800,2026-09-21 17:30,0,forest,2026-08,0.5224,1
1790011800,2026-09-21 17:30,3,xgb-all,2026-08,0.6447,1
1790012700,2026-09-21 17:45,0,forest,2026-08,0.478,1
1790012700,2026-09-21 17:45,3,xgb-all,2026-08,0.3261,1
1790013600,2026-09-21 18:00,0,forest,2026-08,0.4589,1
1790013600,2026-09-21 18:00,3,xgb-all,2026-08,0.3278,1
1790014500,2026-09-21 18:15,0,forest,2026-08,0.4758,0
1790014500,2026-09-21 18:15,3,xgb-all,2026-08,0.6686,0
1790015400,2026-09-21 18:30,0,forest,2026-08,0.5285,1
1790015400,2026-09-21 18:30,3,xgb-all,2026-08,0.5318,1
1790016300,2026-09-21 18:45,0,forest,2026-08,0.4948,1
1790016300,2026-09-21 18:45,3,xgb-all,2026-08,0.6343,1
1790017200,2026-09-21 19:00,0,forest,2026-08,0.4871,1
1790017200,2026-09-21 19:00,3,xgb-all,2026-08,0.536,1
1790018100,2026-09-21 19:15,0,forest,2026-08,0.492,1
1790018100,2026-09-21 19:15,3,xgb-all,2026-08,0.8335,1
1790019000,2026-09-21 19:30,0,forest,2026-08,0.4962,1
1790019000,2026-09-21 19:30,3,xgb-all,2026-08,0.6363,1
1790019900,2026-09-21 19:45,0,forest,2026-08,0.4319,0
1790019900,2026-09-21 19:45,3,xgb-all,2026-08,0.2672,0
1790020800,2026-09-21 20:00,0,forest,2026-08,0.5049,1
1790020800,2026-09-21 20:00,3,xgb-all,2026-08,0.7732,1
1790021700,2026-09-21 20:15,0,forest,2026-08,0.4318,1
1790021700,2026-09-21 20:15,3,xgb-all,2026-08,0.447,1
1790022600,2026-09-21 20:30,0,forest,2026-08,0.4199,0
1790022600,2026-09-21 20:30,3,xgb-all,2026-08,0.2475,0
1790023500,2026-09-21 20:45,0,forest,2026-08,0.5483,1
1790023500,2026-09-21 20:45,3,xgb-all,2026-08,0.4256,1
1790024400,2026-09-21 21:00,0,forest,2026-08,0.4797,0
1790024400,2026-09-21 21:00,3,xgb-all,2026-08,0.1836,0
1790025300,2026-09-21 21:15,0,forest,2026-08,0.4702,1
1790025300,2026-09-21 21:15,3,xgb-all,2026-08,0.5348,1
1790026200,2026-09-21 21:30,0,forest,2026-08,0.5252,1
1790026200,2026-09-21 21:30,3,xgb-all,2026-08,0.7657,1
1790027100,2026-09-21 21:45,0,forest,2026-08,0.4711,0
1790027100,2026-09-21 21:45,3,xgb-all,2026-08,0.2127,0
1790028000,2026-09-21 22:00,0,forest,2026-08,0.5463,1
1790028000,2026-09-21 22:00,3,xgb-all,2026-08,0.7262,1
1790028900,2026-09-21 22:15,0,forest,2026-08,0.4667,0
1790028900,2026-09-21 22:15,3,xgb-all,2026-08,0.7808,0
1790029800,2026-09-21 22:30,0,forest,2026-08,0.5666,1
1790029800,2026-09-21 22:30,3,xgb-all,2026-08,0.4283,1
1790030700,2026-09-21 22:45,0,forest,2026-08,0.5194,1
1790030700,2026-09-21 22:45,3,xgb-all,2026-08,0.306,1
1790031600,2026-09-21 23:00,0,forest,2026-08,0.5301,1
1790031600,2026-09-21 23:00,3,xgb-all,2026-08,0.6438,1
1790032500,2026-09-21 23:15,0,forest,2026-08,0.4659,0
1790032500,2026-09-21 23:15,3,xgb-all,2026-08,0.2948,0
1790033400,2026-09-21 23:30,0,forest,2026-08,0.5478,0
1790033400,2026-09-21 23:30,3,xgb-all,2026-08,0.4144,0
1790034300,2026-09-21 23:45,0,forest,2026-08,0.5804,1
1790034300,2026-09-21 23:45,3,xgb-all,2026-08,0.5486,1
1790035200,2026-09-22 00:00,0,forest,2026-08,0.5487,0
1790035200,2026-09-22 00:00,3,xgb-all,2026-08,0.1576,0
1790036100,2026-09-22 00:15,0,forest,2026-08,0.5019,0
1790036100,2026-09-22 00:15,3,xgb-all,2026-08,0.3118,0
1790037000,2026-09-22 00:30,0,forest,2026-08,0.518,0
1790037000,2026-09-22 00:30,3,xgb-all,2026-08,0.7265,0
1790037900,2026-09-22 00:45,0,forest,2026-08,0.5273,0
1790037900,2026-09-22 00:45,3,xgb-all,2026-08,0.2639,0
1790038800,2026-09-22 01:00,0,forest,2026-08,0.5754,0
1790038800,2026-09-22 01:00,3,xgb-all,2026-08,0.324,0
1790039700,2026-09-22 01:15,0,forest,2026-08,0.564,0
1790039700,2026-09-22 01:15,3,xgb-all,2026-08,0.3902,0
1790040600,2026-09-22 01:30,0,forest,2026-08,0.5486,0
1790040600,2026-09-22 01:30,3,xgb-all,2026-08,0.5439,0
1790041500,2026-09-22 01:45,0,forest,2026-08,0.5561,0
1790041500,2026-09-22 01:45,3,xgb-all,2026-08,0.4805,0
1790042400,2026-09-22 02:00,0,forest,2026-08,0.5346,0
1790042400,2026-09-22 02:00,3,xgb-all,2026-08,0.4845,0
1790043300,2026-09-22 02:15,0,forest,2026-08,0.5211,1
1790043300,2026-09-22 02:15,3,xgb-all,2026-08,0.4651,1
1790044200,2026-09-22 02:30,0,forest,2026-08,0.5103,1
1790044200,2026-09-22 02:30,3,xgb-all,2026-08,0.299,1
1790045100,2026-09-22 02:45,0,forest,2026-08,0.4781,0
1790045100,2026-09-22 02:45,3,xgb-all,2026-08,0.4876,0
1790046000,2026-09-22 03:00,0,forest,2026-08,0.5295,0
1790046000,2026-09-22 03:00,3,xgb-all,2026-08,0.537,0
1790046900,2026-09-22 03:15,0,forest,2026-08,0.5791,1
1790046900,2026-09-22 03:15,3,xgb-all,2026-08,0.3567,1
1790047800,2026-09-22 03:30,0,forest,2026-08,0.5197,0
1790047800,2026-09-22 03:30,3,xgb-all,2026-08,0.3372,0
1790048700,2026-09-22 03:45,0,forest,2026-08,0.5288,1
1790048700,2026-09-22 03:45,3,xgb-all,2026-08,0.6157,1
1790049600,2026-09-22 04:00,0,forest,2026-08,0.5219,0
1790049600,2026-09-22 04:00,3,xgb-all,2026-08,0.3864,0
1790050500,2026-09-22 04:15,0,forest,2026-08,0.4898,0
1790050500,2026-09-22 04:15,3,xgb-all,2026-08,0.23,0
1790051400,2026-09-22 04:30,0,forest,2026-08,0.4515,0
1790051400,2026-09-22 04:30,3,xgb-all,2026-08,0.2752,0
1790052300,2026-09-22 04:45,0,forest,2026-08,0.508,0
1790052300,2026-09-22 04:45,3,xgb-all,2026-08,0.3435,0
1790053200,2026-09-22 05:00,0,forest,2026-08,0.4741,0
1790053200,2026-09-22 05:00,3,xgb-all,2026-08,0.4052,0
1790054100,2026-09-22 05:15,0,forest,2026-08,0.487,0
1790054100,2026-09-22 05:15,3,xgb-all,2026-08,0.2285,0
1790055000,2026-09-22 05:30,0,forest,2026-08,0.5251,1
1790055000,2026-09-22 05:30,3,xgb-all,2026-08,0.2969,1
1790055900,2026-09-22 05:45,0,forest,2026-08,0.5097,0
1790055900,2026-09-22 05:45,3,xgb-all,2026-08,0.8402,0
1790056800,2026-09-22 06:00,0,forest,2026-08,0.5209,0
1790056800,2026-09-22 06:00,3,xgb-all,2026-08,0.5151,0
1790057700,2026-09-22 06:15,0,forest,2026-08,0.4512,1
1790057700,2026-09-22 06:15,3,xgb-all,2026-08,0.3849,1
1790058600,2026-09-22 06:30,0,forest,2026-08,0.5298,1
1790058600,2026-09-22 06:30,3,xgb-all,2026-08,0.7485,1
1790059500,2026-09-22 06:45,0,forest,2026-08,0.4682,0
1790059500,2026-09-22 06:45,3,xgb-all,2026-08,0.2807,0
1790060400,2026-09-22 07:00,0,forest,2026-08,0.467,1
1790060400,2026-09-22 07:00,3,xgb-all,2026-08,0.467,1
1790061300,2026-09-22 07:15,0,forest,2026-08,0.4936,0
1790061300,2026-09-22 07:15,3,xgb-all,2026-08,0.4084,0
1790062200,2026-09-22 07:30,0,forest,2026-08,0.5129,0
1790062200,2026-09-22 07:30,3,xgb-all,2026-08,0.2394,0
1790063100,2026-09-22 07:45,0,forest,2026-08,0.5498,1
1790063100,2026-09-22 07:45,3,xgb-all,2026-08,0.5959,1
1790064000,2026-09-22 08:00,0,forest,2026-08,0.5419,1
1790064000,2026-09-22 08:00,3,xgb-all,2026-08,0.7717,1
1790064900,2026-09-22 08:15,0,forest,2026-08,0.44,0
1790064900,2026-09-22 08:15,3,xgb-all,2026-08,0.4069,0
1790065800,2026-09-22 08:30,0,forest,2026-08,0.4823,1
1790065800,2026-09-22 08:30,3,xgb-all,2026-08,0.5893,1
1790066700,2026-09-22 08:45,0,forest,2026-08,0.3081,1
1790066700,2026-09-22 08:45,3,xgb-all,2026-08,0.5937,1
1790067600,2026-09-22 09:00,0,forest,2026-08,0.4425,0
1790067600,2026-09-22 09:00,3,xgb-all,2026-08,0.2101,0
1790068500,2026-09-22 09:15,0,forest,2026-08,0.5503,0
1790068500,2026-09-22 09:15,3,xgb-all,2026-08,0.5767,0
1790069400,2026-09-22 09:30,0,forest,2026-08,0.4836,1
1790069400,2026-09-22 09:30,3,xgb-all,2026-08,0.6939,1
1790070300,2026-09-22 09:45,0,forest,2026-08,0.466,1
1790070300,2026-09-22 09:45,3,xgb-all,2026-08,0.5103,1
1790071200,2026-09-22 10:00,0,forest,2026-08,0.4855,0
1790071200,2026-09-22 10:00,3,xgb-all,2026-08,0.3999,0
1790072100,2026-09-22 10:15,0,forest,2026-08,0.5162,0
1790072100,2026-09-22 10:15,3,xgb-all,2026-08,0.6933,0
1790073000,2026-09-22 10:30,0,forest,2026-08,0.5402,0
1790073000,2026-09-22 10:30,3,xgb-all,2026-08,0.2777,0
1790073900,2026-09-22 10:45,0,forest,2026-08,0.5248,1
1790073900,2026-09-22 10:45,3,xgb-all,2026-08,0.4795,1
1790074800,2026-09-22 11:00,0,forest,2026-08,0.4307,1
1790074800,2026-09-22 11:00,3,xgb-all,2026-08,0.6942,1
1790075700,2026-09-22 11:15,0,forest,2026-08,0.4218,0
1790075700,2026-09-22 11:15,3,xgb-all,2026-08,0.777,0
1790076600,2026-09-22 11:30,0,forest,2026-08,0.4916,1
1790076600,2026-09-22 11:30,3,xgb-all,2026-08,0.5632,1
1790077500,2026-09-22 11:45,0,forest,2026-08,0.4704,0
1790077500,2026-09-22 11:45,3,xgb-all,2026-08,0.25,0
1790078400,2026-09-22 12:00,0,forest,2026-08,0.4938,0
1790078400,2026-09-22 12:00,3,xgb-all,2026-08,0.4753,0
1790079300,2026-09-22 12:15,0,forest,2026-08,0.4857,1
1790079300,2026-09-22 12:15,3,xgb-all,2026-08,0.2834,1
1790080200,2026-09-22 12:30,0,forest,2026-08,0.4854,0
1790080200,2026-09-22 12:30,3,xgb-all,2026-08,0.6212,0
1790081100,2026-09-22 12:45,0,forest,2026-08,0.4818,1
1790081100,2026-09-22 12:45,3,xgb-all,2026-08,0.5356,1
1790082000,2026-09-22 13:00,0,forest,2026-08,0.4883,1
1790082000,2026-09-22 13:00,3,xgb-all,2026-08,0.857,1
1790082900,2026-09-22 13:15,0,forest,2026-08,0.4758,0
1790082900,2026-09-22 13:15,3,xgb-all,2026-08,0.2987,0
1790083800,2026-09-22 13:30,0,forest,2026-08,0.5955,1
1790083800,2026-09-22 13:30,3,xgb-all,2026-08,0.8559,1
1790084700,2026-09-22 13:45,0,forest,2026-08,0.4598,1
1790084700,2026-09-22 13:45,3,xgb-all,2026-08,0.6312,1
1790085600,2026-09-22 14:00,0,forest,2026-08,0.4256,1
1790085600,2026-09-22 14:00,3,xgb-all,2026-08,0.1993,1
1790086500,2026-09-22 14:15,0,forest,2026-08,0.5491,0
1790086500,2026-09-22 14:15,3,xgb-all,2026-08,0.2264,0
1790087400,2026-09-22 14:30,0,forest,2026-08,0.5344,0
1790087400,2026-09-22 14:30,3,xgb-all,2026-08,0.2207,0
1790088300,2026-09-22 14:45,0,forest,2026-08,0.5133,1
1790088300,2026-09-22 14:45,3,xgb-all,2026-08,0.7765,1
1790089200,2026-09-22 15:00,0,forest,2026-08,0.5186,1
1790089200,2026-09-22 15:00,3,xgb-all,2026-08,0.5804,1
1790090100,2026-09-22 15:15,0,forest,2026-08,0.5377,0
1790090100,2026-09-22 15:15,3,xgb-all,2026-08,0.2394,0
1790091000,2026-09-22 15:30,0,forest,2026-08,0.4642,1
1790091000,2026-09-22 15:30,3,xgb-all,2026-08,0.6789,1
1790091900,2026-09-22 15:45,0,forest,2026-08,0.4247,0
1790091900,2026-09-22 15:45,3,xgb-all,2026-08,0.335,0
1790092800,2026-09-22 16:00,0,forest,2026-08,0.4666,0
1790092800,2026-09-22 16:00,3,xgb-all,2026-08,0.5893,0
1790093700,2026-09-22 16:15,0,forest,2026-08,0.5426,0
1790093700,2026-09-22 16:15,3,xgb-all,2026-08,0.4537,0
1790094600,2026-09-22 16:30,0,forest,2026-08,0.5078,1
1790094600,2026-09-22 16:30,3,xgb-all,2026-08,0.5221,1
1790095500,2026-09-22 16:45,0,forest,2026-08,0.5232,1
1790095500,2026-09-22 16:45,3,xgb-all,2026-08,0.4492,1
1790096400,2026-09-22 17:00,0,forest,2026-08,0.5089,1
1790096400,2026-09-22 17:00,3,xgb-all,2026-08,0.7137,1
1790097300,2026-09-22 17:15,0,forest,2026-08,0.5206,1
1790097300,2026-09-22 17:15,3,xgb-all,2026-08,0.2001,1
1790098200,2026-09-22 17:30,0,forest,2026-08,0.4584,0
1790098200,2026-09-22 17:30,3,xgb-all,2026-08,0.5615,0
1790099100,2026-09-22 17:45,0,forest,2026-08,0.4696,1
1790099100,2026-09-22 17:45,3,xgb-all,2026-08,0.4763,1
1790100000,2026-09-22 18:00,0,forest,2026-08,0.4988,0
1790100000,2026-09-22 18:00,3,xgb-all,2026-08,0.4195,0
1790100900,2026-09-22 18:15,0,forest,2026-08,0.456,0
1790100900,2026-09-22 18:15,3,xgb-all,2026-08,0.7758,0
1790101800,2026-09-22 18:30,0,forest,2026-08,0.5472,1
1790101800,2026-09-22 18:30,3,xgb-all,2026-08,0.4581,1
1790102700,2026-09-22 18:45,0,forest,2026-08,0.5244,1
1790102700,2026-09-22 18:45,3,xgb-all,2026-08,0.6872,1
1790103600,2026-09-22 19:00,0,forest,2026-08,0.5122,1
1790103600,2026-09-22 19:00,3,xgb-all,2026-08,0.5414,1
1790104500,2026-09-22 19:15,0,forest,2026-08,0.5217,1
1790104500,2026-09-22 19:15,3,xgb-all,2026-08,0.6449,1
1790105400,2026-09-22 19:30,0,forest,2026-08,0.496,0
1790105400,2026-09-22 19:30,3,xgb-all,2026-08,0.2387,0
1790106300,2026-09-22 19:45,0,forest,2026-08,0.5415,0
1790106300,2026-09-22 19:45,3,xgb-all,2026-08,0.2839,0
1790107200,2026-09-22 20:00,0,forest,2026-08,0.5908,1
1790107200,2026-09-22 20:00,3,xgb-all,2026-08,0.4675,1
1790108100,2026-09-22 20:15,0,forest,2026-08,0.5311,1
1790108100,2026-09-22 20:15,3,xgb-all,2026-08,0.4305,1
1790109000,2026-09-22 20:30,0,forest,2026-08,0.4859,0
1790109000,2026-09-22 20:30,3,xgb-all,2026-08,0.1959,0
1790109900,2026-09-22 20:45,0,forest,2026-08,0.4789,0
1790109900,2026-09-22 20:45,3,xgb-all,2026-08,0.2684,0
1790110800,2026-09-22 21:00,0,forest,2026-08,0.5425,0
1790110800,2026-09-22 21:00,3,xgb-all,2026-08,0.8152,0
1790111700,2026-09-22 21:15,0,forest,2026-08,0.563,0
1790111700,2026-09-22 21:15,3,xgb-all,2026-08,0.587,0
1790112600,2026-09-22 21:30,0,forest,2026-08,0.5521,0
1790112600,2026-09-22 21:30,3,xgb-all,2026-08,0.679,0
1790113500,2026-09-22 21:45,0,forest,2026-08,0.5501,0
1790113500,2026-09-22 21:45,3,xgb-all,2026-08,0.796,0
1790114400,2026-09-22 22:00,0,forest,2026-08,0.586,0
1790114400,2026-09-22 22:00,3,xgb-all,2026-08,0.4126,0
1790115300,2026-09-22 22:15,0,forest,2026-08,0.5795,1
1790115300,2026-09-22 22:15,3,xgb-all,2026-08,0.7778,1
1790116200,2026-09-22 22:30,0,forest,2026-08,0.5149,1
1790116200,2026-09-22 22:30,3,xgb-all,2026-08,0.5839,1
1790117100,2026-09-22 22:45,0,forest,2026-08,0.4911,0
1790117100,2026-09-22 22:45,3,xgb-all,2026-08,0.7694,0
1790118000,2026-09-22 23:00,0,forest,2026-08,0.5544,1
1790118000,2026-09-22 23:00,3,xgb-all,2026-08,0.7428,1
1790118900,2026-09-22 23:15,0,forest,2026-08,0.4751,0
1790118900,2026-09-22 23:15,3,xgb-all,2026-08,0.6459,0
1790119800,2026-09-22 23:30,0,forest,2026-08,0.531,0
1790119800,2026-09-22 23:30,3,xgb-all,2026-08,0.3064,0
1790120700,2026-09-22 23:45,0,forest,2026-08,0.5221,1
1790120700,2026-09-22 23:45,3,xgb-all,2026-08,0.7396,1
1790121600,2026-09-23 00:00,0,forest,2026-08,0.4775,1
1790121600,2026-09-23 00:00,3,xgb-all,2026-08,0.4444,1
1790122500,2026-09-23 00:15,0,forest,2026-08,0.445,1
1790122500,2026-09-23 00:15,3,xgb-all,2026-08,0.5483,1
1790123400,2026-09-23 00:30,0,forest,2026-08,0.4812,0
1790123400,2026-09-23 00:30,3,xgb-all,2026-08,0.5532,0
1790124300,2026-09-23 00:45,0,forest,2026-08,0.4932,1
1790124300,2026-09-23 00:45,3,xgb-all,2026-08,0.6703,1
1790125200,2026-09-23 01:00,0,forest,2026-08,0.4852,1
1790125200,2026-09-23 01:00,3,xgb-all,2026-08,0.8478,1
1790126100,2026-09-23 01:15,0,forest,2026-08,0.3208,0
1790126100,2026-09-23 01:15,3,xgb-all,2026-08,0.2377,0
1790127000,2026-09-23 01:30,0,forest,2026-08,0.5174,0
1790127000,2026-09-23 01:30,3,xgb-all,2026-08,0.344,0
1790127900,2026-09-23 01:45,0,forest,2026-08,0.5367,1
1790127900,2026-09-23 01:45,3,xgb-all,2026-08,0.4035,1
1790128800,2026-09-23 02:00,0,forest,2026-08,0.471,1
1790128800,2026-09-23 02:00,3,xgb-all,2026-08,0.4164,1
1790129700,2026-09-23 02:15,0,forest,2026-08,0.4862,1
1790129700,2026-09-23 02:15,3,xgb-all,2026-08,0.7284,1
1790130600,2026-09-23 02:30,0,forest,2026-08,0.4528,0
1790130600,2026-09-23 02:30,3,xgb-all,2026-08,0.4939,0
1790131500,2026-09-23 02:45,0,forest,2026-08,0.4968,1
1790131500,2026-09-23 02:45,3,xgb-all,2026-08,0.4238,1
1790132400,2026-09-23 03:00,0,forest,2026-08,0.4742,0
1790132400,2026-09-23 03:00,3,xgb-all,2026-08,0.2107,0
1790133300,2026-09-23 03:15,0,forest,2026-08,0.5027,1
1790133300,2026-09-23 03:15,3,xgb-all,2026-08,0.4364,1
1790134200,2026-09-23 03:30,0,forest,2026-08,0.4246,1
1790134200,2026-09-23 03:30,3,xgb-all,2026-08,0.4489,1
1790135100,2026-09-23 03:45,0,forest,2026-08,0.4502,0
1790135100,2026-09-23 03:45,3,xgb-all,2026-08,0.2587,0
1790136000,2026-09-23 04:00,0,forest,2026-08,0.5231,1
1790136000,2026-09-23 04:00,3,xgb-all,2026-08,0.326,1
1790136900,2026-09-23 04:15,0,forest,2026-08,0.3819,1
1790136900,2026-09-23 04:15,3,xgb-all,2026-08,0.3319,1
1790137800,2026-09-23 04:30,0,forest,2026-08,0.4566,1
1790137800,2026-09-23 04:30,3,xgb-all,2026-08,0.7333,1
1790138700,2026-09-23 04:45,0,forest,2026-08,0.4182,1
1790138700,2026-09-23 04:45,3,xgb-all,2026-08,0.5671,1
1790139600,2026-09-23 05:00,0,forest,2026-08,0.3801,0
1790139600,2026-09-23 05:00,3,xgb-all,2026-08,0.1255,0
1790140500,2026-09-23 05:15,0,forest,2026-08,0.5206,0
1790140500,2026-09-23 05:15,3,xgb-all,2026-08,0.4878,0
1790141400,2026-09-23 05:30,0,forest,2026-08,0.5111,0
1790141400,2026-09-23 05:30,3,xgb-all,2026-08,0.2737,0
1790142300,2026-09-23 05:45,0,forest,2026-08,0.5055,0
1790142300,2026-09-23 05:45,3,xgb-all,2026-08,0.5425,0
1790143200,2026-09-23 06:00,0,forest,2026-08,0.5469,1
1790143200,2026-09-23 06:00,3,xgb-all,2026-08,0.5959,1
1790144100,2026-09-23 06:15,0,forest,2026-08,0.5379,0
1790144100,2026-09-23 06:15,3,xgb-all,2026-08,0.424,0
1790145000,2026-09-23 06:30,0,forest,2026-08,0.5431,1
1790145000,2026-09-23 06:30,3,xgb-all,2026-08,0.6124,1
1790145900,2026-09-23 06:45,0,forest,2026-08,0.4996,0
1790145900,2026-09-23 06:45,3,xgb-all,2026-08,0.2787,0
1790146800,2026-09-23 07:00,0,forest,2026-08,0.5001,0
1790146800,2026-09-23 07:00,3,xgb-all,2026-08,0.2003,0
1790147700,2026-09-23 07:15,0,forest,2026-08,0.5372,1
1790147700,2026-09-23 07:15,3,xgb-all,2026-08,0.7392,1
1790148600,2026-09-23 07:30,0,forest,2026-08,0.5528,0
1790148600,2026-09-23 07:30,3,xgb-all,2026-08,0.2624,0
1790149500,2026-09-23 07:45,0,forest,2026-08,0.5708,1
1790149500,2026-09-23 07:45,3,xgb-all,2026-08,0.6084,1
1790150400,2026-09-23 08:00,0,forest,2026-08,0.5652,1
1790150400,2026-09-23 08:00,3,xgb-all,2026-08,0.7672,1
1790151300,2026-09-23 08:15,0,forest,2026-08,0.5074,0
1790151300,2026-09-23 08:15,3,xgb-all,2026-08,0.7092,0
1790152200,2026-09-23 08:30,0,forest,2026-08,0.5107,0
1790152200,2026-09-23 08:30,3,xgb-all,2026-08,0.5981,0
1790153100,2026-09-23 08:45,0,forest,2026-08,0.5773,0
1790153100,2026-09-23 08:45,3,xgb-all,2026-08,0.1753,0
1790154000,2026-09-23 09:00,0,forest,2026-08,0.5156,1
1790154000,2026-09-23 09:00,3,xgb-all,2026-08,0.7261,1
1790154900,2026-09-23 09:15,0,forest,2026-08,0.4762,0
1790154900,2026-09-23 09:15,3,xgb-all,2026-08,0.4582,0
1790155800,2026-09-23 09:30,0,forest,2026-08,0.4863,0
1790155800,2026-09-23 09:30,3,xgb-all,2026-08,0.4387,0
1790156700,2026-09-23 09:45,0,forest,2026-08,0.5271,1
1790156700,2026-09-23 09:45,3,xgb-all,2026-08,0.6084,1
1790157600,2026-09-23 10:00,0,forest,2026-08,0.5231,1
1790157600,2026-09-23 10:00,3,xgb-all,2026-08,0.6568,1
1790158500,2026-09-23 10:15,0,forest,2026-08,0.5005,0
1790158500,2026-09-23 10:15,3,xgb-all,2026-08,0.4365,0
1790159400,2026-09-23 10:30,0,forest,2026-08,0.5163,1
1790159400,2026-09-23 10:30,3,xgb-all,2026-08,0.4117,1
1790160300,2026-09-23 10:45,0,forest,2026-08,0.5234,1
1790160300,2026-09-23 10:45,3,xgb-all,2026-08,0.467,1
1790161200,2026-09-23 11:00,0,forest,2026-08,0.5716,0
1790161200,2026-09-23 11:00,3,xgb-all,2026-08,0.2478,0
1790162100,2026-09-23 11:15,0,forest,2026-08,0.5662,0
1790162100,2026-09-23 11:15,3,xgb-all,2026-08,0.4488,0
1790163000,2026-09-23 11:30,0,forest,2026-08,0.5897,1
1790163000,2026-09-23 11:30,3,xgb-all,2026-08,0.7587,1
1790163900,2026-09-23 11:45,0,forest,2026-08,0.6074,1
1790163900,2026-09-23 11:45,3,xgb-all,2026-08,0.8569,1
1790164800,2026-09-23 12:00,0,forest,2026-08,0.5558,0
1790164800,2026-09-23 12:00,3,xgb-all,2026-08,0.3184,0
1790165700,2026-09-23 12:15,0,forest,2026-08,0.5803,1
1790165700,2026-09-23 12:15,3,xgb-all,2026-08,0.3076,1
1790166600,2026-09-23 12:30,0,forest,2026-08,0.5205,0
1790166600,2026-09-23 12:30,3,xgb-all,2026-08,0.7788,0
1790167500,2026-09-23 12:45,0,forest,2026-08,0.5251,1
1790167500,2026-09-23 12:45,3,xgb-all,2026-08,0.7192,1
1790168400,2026-09-23 13:00,0,forest,2026-08,0.5189,0
1790168400,2026-09-23 13:00,3,xgb-all,2026-08,0.3454,0
1790169300,2026-09-23 13:15,0,forest,2026-08,0.55,1
1790169300,2026-09-23 13:15,3,xgb-all,2026-08,0.8582,1
1790170200,2026-09-23 13:30,0,forest,2026-08,0.5126,1
1790170200,2026-09-23 13:30,3,xgb-all,2026-08,0.8188,1
1790171100,2026-09-23 13:45,0,forest,2026-08,0.4814,0
1790171100,2026-09-23 13:45,3,xgb-all,2026-08,0.2142,0
1790172000,2026-09-23 14:00,0,forest,2026-08,0.4937,0
1790172000,2026-09-23 14:00,3,xgb-all,2026-08,0.5885,0
1790172900,2026-09-23 14:15,0,forest,2026-08,0.5488,0
1790172900,2026-09-23 14:15,3,xgb-all,2026-08,0.2621,0
1790173800,2026-09-23 14:30,0,forest,2026-08,0.5473,1
1790173800,2026-09-23 14:30,3,xgb-all,2026-08,0.7905,1
1790174700,2026-09-23 14:45,0,forest,2026-08,0.4987,1
1790174700,2026-09-23 14:45,3,xgb-all,2026-08,0.3132,1
1790175600,2026-09-23 15:00,0,forest,2026-08,0.495,1
1790175600,2026-09-23 15:00,3,xgb-all,2026-08,0.6824,1
1790176500,2026-09-23 15:15,0,forest,2026-08,0.4995,0
1790176500,2026-09-23 15:15,3,xgb-all,2026-08,0.5737,0
1790177400,2026-09-23 15:30,0,forest,2026-08,0.5005,0
1790177400,2026-09-23 15:30,3,xgb-all,2026-08,0.3033,0
1790178300,2026-09-23 15:45,0,forest,2026-08,0.5615,0
1790178300,2026-09-23 15:45,3,xgb-all,2026-08,0.3813,0
1790179200,2026-09-23 16:00,0,forest,2026-08,0.5784,1
1790179200,2026-09-23 16:00,3,xgb-all,2026-08,0.2344,1
1790180100,2026-09-23 16:15,0,forest,2026-08,0.5096,0
1790180100,2026-09-23 16:15,3,xgb-all,2026-08,0.496,0
1790181000,2026-09-23 16:30,0,forest,2026-08,0.5103,0
1790181000,2026-09-23 16:30,3,xgb-all,2026-08,0.6083,0
1790181900,2026-09-23 16:45,0,forest,2026-08,0.5173,0
1790181900,2026-09-23 16:45,3,xgb-all,2026-08,0.3797,0
1790182800,2026-09-23 17:00,0,forest,2026-08,0.5712,0
1790182800,2026-09-23 17:00,3,xgb-all,2026-08,0.3024,0
1790183700,2026-09-23 17:15,0,forest,2026-08,0.5558,1
1790183700,2026-09-23 17:15,3,xgb-all,2026-08,0.8624,1
1790184600,2026-09-23 17:30,0,forest,2026-08,0.4943,1
1790184600,2026-09-23 17:30,3,xgb-all,2026-08,0.5836,1
1790185500,2026-09-23 17:45,0,forest,2026-08,0.4774,1
1790185500,2026-09-23 17:45,3,xgb-all,2026-08,0.7138,1
1790186400,2026-09-23 18:00,0,forest,2026-08,0.4672,0
1790186400,2026-09-23 18:00,3,xgb-all,2026-08,0.249,0
1790187300,2026-09-23 18:15,0,forest,2026-08,0.5603,0
1790187300,2026-09-23 18:15,3,xgb-all,2026-08,0.434,0
1790188200,2026-09-23 18:30,0,forest,2026-08,0.5285,1
1790188200,2026-09-23 18:30,3,xgb-all,2026-08,0.6355,1
1790189100,2026-09-23 18:45,0,forest,2026-08,0.5456,1
1790189100,2026-09-23 18:45,3,xgb-all,2026-08,0.4185,1
1790190000,2026-09-23 19:00,0,forest,2026-08,0.511,1
1790190000,2026-09-23 19:00,3,xgb-all,2026-08,0.3831,1
1790190900,2026-09-23 19:15,0,forest,2026-08,0.4817,1
1790190900,2026-09-23 19:15,3,xgb-all,2026-08,0.3311,1
1790191800,2026-09-23 19:30,0,forest,2026-08,0.4732,1
1790191800,2026-09-23 19:30,3,xgb-all,2026-08,0.5801,1
1790192700,2026-09-23 19:45,0,forest,2026-08,0.4401,1
1790192700,2026-09-23 19:45,3,xgb-all,2026-08,0.7182,1
1790193600,2026-09-23 20:00,0,forest,2026-08,0.4595,0
1790193600,2026-09-23 20:00,3,xgb-all,2026-08,0.1758,0
1790194500,2026-09-23 20:15,0,forest,2026-08,0.5316,0
1790194500,2026-09-23 20:15,3,xgb-all,2026-08,0.745,0
1790195400,2026-09-23 20:30,0,forest,2026-08,0.4832,1
1790195400,2026-09-23 20:30,3,xgb-all,2026-08,0.6446,1
1790196300,2026-09-23 20:45,0,forest,2026-08,0.4408,0
1790196300,2026-09-23 20:45,3,xgb-all,2026-08,0.2992,0
1790197200,2026-09-23 21:00,0,forest,2026-08,0.5,1
1790197200,2026-09-23 21:00,3,xgb-all,2026-08,0.4977,1
1790198100,2026-09-23 21:15,0,forest,2026-08,0.5035,1
1790198100,2026-09-23 21:15,3,xgb-all,2026-08,0.4104,1
1790199000,2026-09-23 21:30,0,forest,2026-08,0.5119,1
1790199000,2026-09-23 21:30,3,xgb-all,2026-08,0.5959,1
1790199900,2026-09-23 21:45,0,forest,2026-08,0.4842,0
1790199900,2026-09-23 21:45,3,xgb-all,2026-08,0.5854,0
1790200800,2026-09-23 22:00,0,forest,2026-08,0.539,1
1790200800,2026-09-23 22:00,3,xgb-all,2026-08,0.4885,1
1790201700,2026-09-23 22:15,0,forest,2026-08,0.4916,0
1790201700,2026-09-23 22:15,3,xgb-all,2026-08,0.3419,0
1790202600,2026-09-23 22:30,0,forest,2026-08,0.488,1
1790202600,2026-09-23 22:30,3,xgb-all,2026-08,0.2418,1
1790203500,2026-09-23 22:45,0,forest,2026-08,0.4987,1
1790203500,2026-09-23 22:45,3,xgb-all,2026-08,0.8011,1
1790204400,2026-09-23 23:00,0,forest,2026-08,0.4288,0
1790204400,2026-09-23 23:00,3,xgb-all,2026-08,0.2012,0
1790205300,2026-09-23 23:15,0,forest,2026-08,0.4941,0
1790205300,2026-09-23 23:15,3,xgb-all,2026-08,0.4553,0
1790206200,2026-09-23 23:30,0,forest,2026-08,0.4752,0
1790206200,2026-09-23 23:30,3,xgb-all,2026-08,0.324,0
1790207100,2026-09-23 23:45,0,forest,2026-08,0.5005,0
1790207100,2026-09-23 23:45,3,xgb-all,2026-08,0.2974,0
1790208000,2026-09-24 00:00,0,forest,2026-08,0.5306,0
1790208000,2026-09-24 00:00,3,xgb-all,2026-08,0.7112,0
1790208900,2026-09-24 00:15,0,forest,2026-08,0.5159,0
1790208900,2026-09-24 00:15,3,xgb-all,2026-08,0.7137,0
1790209800,2026-09-24 00:30,0,forest,2026-08,0.5027,1
1790209800,2026-09-24 00:30,3,xgb-all,2026-08,0.8027,1
1790210700,2026-09-24 00:45,0,forest,2026-08,0.4914,0
1790210700,2026-09-24 00:45,3,xgb-all,2026-08,0.3108,0
1790211600,2026-09-24 01:00,0,forest,2026-08,0.5295,0
1790211600,2026-09-24 01:00,3,xgb-all,2026-08,0.6411,0
1790212500,2026-09-24 01:15,0,forest,2026-08,0.558,0
1790212500,2026-09-24 01:15,3,xgb-all,2026-08,0.1773,0
1790213400,2026-09-24 01:30,0,forest,2026-08,0.544,0
1790213400,2026-09-24 01:30,3,xgb-all,2026-08,0.6246,0
1790214300,2026-09-24 01:45,0,forest,2026-08,0.5522,0
1790214300,2026-09-24 01:45,3,xgb-all,2026-08,0.497,0
1790215200,2026-09-24 02:00,0,forest,2026-08,0.5567,0
1790215200,2026-09-24 02:00,3,xgb-all,2026-08,0.5335,0
1790216100,2026-09-24 02:15,0,forest,2026-08,0.5018,1
1790216100,2026-09-24 02:15,3,xgb-all,2026-08,0.873,1
1790217000,2026-09-24 02:30,0,forest,2026-08,0.4461,1
1790217000,2026-09-24 02:30,3,xgb-all,2026-08,0.7937,1
1790217900,2026-09-24 02:45,0,forest,2026-08,0.4786,1
1790217900,2026-09-24 02:45,3,xgb-all,2026-08,0.628,1
1790218800,2026-09-24 03:00,0,forest,2026-08,0.4275,0
1790218800,2026-09-24 03:00,3,xgb-all,2026-08,0.7495,0
1790219700,2026-09-24 03:15,0,forest,2026-08,0.4905,0
1790219700,2026-09-24 03:15,3,xgb-all,2026-08,0.2867,0
1790220600,2026-09-24 03:30,0,forest,2026-08,0.5359,0
1790220600,2026-09-24 03:30,3,xgb-all,2026-08,0.2586,0
1790221500,2026-09-24 03:45,0,forest,2026-08,0.5107,0
1790221500,2026-09-24 03:45,3,xgb-all,2026-08,0.372,0
1790222400,2026-09-24 04:00,0,forest,2026-08,0.5213,0
1790222400,2026-09-24 04:00,3,xgb-all,2026-08,0.3366,0
1790223300,2026-09-24 04:15,0,forest,2026-08,0.5551,1
1790223300,2026-09-24 04:15,3,xgb-all,2026-08,0.585,1
1790224200,2026-09-24 04:30,0,forest,2026-08,0.5685,0
1790224200,2026-09-24 04:30,3,xgb-all,2026-08,0.3102,0
1790225100,2026-09-24 04:45,0,forest,2026-08,0.5076,1
1790225100,2026-09-24 04:45,3,xgb-all,2026-08,0.2542,1
1790226000,2026-09-24 05:00,0,forest,2026-08,0.4692,1
1790226000,2026-09-24 05:00,3,xgb-all,2026-08,0.8458,1
1790226900,2026-09-24 05:15,0,forest,2026-08,0.4608,0
1790226900,2026-09-24 05:15,3,xgb-all,2026-08,0.3768,0
1790227800,2026-09-24 05:30,0,forest,2026-08,0.497,1
1790227800,2026-09-24 05:30,3,xgb-all,2026-08,0.3109,1
1790228700,2026-09-24 05:45,0,forest,2026-08,0.5126,0
1790228700,2026-09-24 05:45,3,xgb-all,2026-08,0.396,0
1790229600,2026-09-24 06:00,0,forest,2026-08,0.5497,1
1790229600,2026-09-24 06:00,3,xgb-all,2026-08,0.4059,1
1790230500,2026-09-24 06:15,0,forest,2026-08,0.4659,1
1790230500,2026-09-24 06:15,3,xgb-all,2026-08,0.5738,1
1790231400,2026-09-24 06:30,0,forest,2026-08,0.498,0
1790231400,2026-09-24 06:30,3,xgb-all,2026-08,0.6514,0
1790232300,2026-09-24 06:45,0,forest,2026-08,0.4821,0
1790232300,2026-09-24 06:45,3,xgb-all,2026-08,0.2379,0
1790233200,2026-09-24 07:00,0,forest,2026-08,0.4911,0
1790233200,2026-09-24 07:00,3,xgb-all,2026-08,0.1427,0
1790234100,2026-09-24 07:15,0,forest,2026-08,0.5069,1
1790234100,2026-09-24 07:15,3,xgb-all,2026-08,0.6682,1
1790235000,2026-09-24 07:30,0,forest,2026-08,0.4076,1
1790235000,2026-09-24 07:30,3,xgb-all,2026-08,0.7862,1
1790235900,2026-09-24 07:45,0,forest,2026-08,0.5069,1
1790235900,2026-09-24 07:45,3,xgb-all,2026-08,0.3397,1
1790236800,2026-09-24 08:00,0,forest,2026-08,0.4194,0
1790236800,2026-09-24 08:00,3,xgb-all,2026-08,0.5566,0
1790237700,2026-09-24 08:15,0,forest,2026-08,0.4291,0
1790237700,2026-09-24 08:15,3,xgb-all,2026-08,0.5694,0
1790238600,2026-09-24 08:30,0,forest,2026-08,0.5552,0
1790238600,2026-09-24 08:30,3,xgb-all,2026-08,0.7732,0
1790239500,2026-09-24 08:45,0,forest,2026-08,0.5681,0
1790239500,2026-09-24 08:45,3,xgb-all,2026-08,0.2718,0
1790240400,2026-09-24 09:00,0,forest,2026-08,0.5141,0
1790240400,2026-09-24 09:00,3,xgb-all,2026-08,0.3959,0
1790241300,2026-09-24 09:15,0,forest,2026-08,0.5843,0
1790241300,2026-09-24 09:15,3,xgb-all,2026-08,0.4789,0
1790242200,2026-09-24 09:30,0,forest,2026-08,0.5807,0
1790242200,2026-09-24 09:30,3,xgb-all,2026-08,0.1933,0
1790243100,2026-09-24 09:45,0,forest,2026-08,0.5935,1
1790243100,2026-09-24 09:45,3,xgb-all,2026-08,0.3839,1
1790244000,2026-09-24 10:00,0,forest,2026-08,0.5507,1
1790244000,2026-09-24 10:00,3,xgb-all,2026-08,0.7227,1
1790244900,2026-09-24 10:15,0,forest,2026-08,0.5128,0
1790244900,2026-09-24 10:15,3,xgb-all,2026-08,0.5641,0
1790245800,2026-09-24 10:30,0,forest,2026-08,0.499,1
1790245800,2026-09-24 10:30,3,xgb-all,2026-08,0.416,1
1790246700,2026-09-24 10:45,0,forest,2026-08,0.5621,1
1790246700,2026-09-24 10:45,3,xgb-all,2026-08,0.4517,1
1790247600,2026-09-24 11:00,0,forest,2026-08,0.4556,1
1790247600,2026-09-24 11:00,3,xgb-all,2026-08,0.634,1
1790248500,2026-09-24 11:15,0,forest,2026-08,0.4806,0
1790248500,2026-09-24 11:15,3,xgb-all,2026-08,0.4226,0
1790249400,2026-09-24 11:30,0,forest,2026-08,0.5411,0
1790249400,2026-09-24 11:30,3,xgb-all,2026-08,0.3908,0
1790250300,2026-09-24 11:45,0,forest,2026-08,0.5312,1
1790250300,2026-09-24 11:45,3,xgb-all,2026-08,0.5446,1
1790251200,2026-09-24 12:00,0,forest,2026-08,0.5007,1
1790251200,2026-09-24 12:00,3,xgb-all,2026-08,0.3449,1
1790252100,2026-09-24 12:15,0,forest,2026-08,0.4655,1
1790252100,2026-09-24 12:15,3,xgb-all,2026-08,0.7275,1
1790253000,2026-09-24 12:30,0,forest,2026-08,0.4709,0
1790253000,2026-09-24 12:30,3,xgb-all,2026-08,0.2053,0
1790253900,2026-09-24 12:45,0,forest,2026-08,0.5245,1
1790253900,2026-09-24 12:45,3,xgb-all,2026-08,0.2975,1
1790254800,2026-09-24 13:00,0,forest,2026-08,0.4868,1
1790254800,2026-09-24 13:00,3,xgb-all,2026-08,0.7115,1
1790255700,2026-09-24 13:15,0,forest,2026-08,0.4494,1
1790255700,2026-09-24 13:15,3,xgb-all,2026-08,0.6842,1
1790256600,2026-09-24 13:30,0,forest,2026-08,0.4671,1
1790256600,2026-09-24 13:30,3,xgb-all,2026-08,0.8828,1
1790257500,2026-09-24 13:45,0,forest,2026-08,0.433,1
1790257500,2026-09-24 13:45,3,xgb-all,2026-08,0.6361,1
1790258400,2026-09-24 14:00,0,forest,2026-08,0.533,0
1790258400,2026-09-24 14:00,3,xgb-all,2026-08,0.4718,0
1790259300,2026-09-24 14:15,0,forest,2026-08,0.4965,1
1790259300,2026-09-24 14:15,3,xgb-all,2026-08,0.6259,1
1790260200,2026-09-24 14:30,0,forest,2026-08,0.4258,0
1790260200,2026-09-24 14:30,3,xgb-all,2026-08,0.2618,0
1790261100,2026-09-24 14:45,0,forest,2026-08,0.5062,0
1790261100,2026-09-24 14:45,3,xgb-all,2026-08,0.1616,0
1790262000,2026-09-24 15:00,0,forest,2026-08,0.6044,1
1790262000,2026-09-24 15:00,3,xgb-all,2026-08,0.389,1
1790262900,2026-09-24 15:15,0,forest,2026-08,0.4993,1
1790262900,2026-09-24 15:15,3,xgb-all,2026-08,0.7087,1
1790263800,2026-09-24 15:30,0,forest,2026-08,0.493,1
1790263800,2026-09-24 15:30,3,xgb-all,2026-08,0.6292,1
1790264700,2026-09-24 15:45,0,forest,2026-08,0.5002,0
1790264700,2026-09-24 15:45,3,xgb-all,2026-08,0.3229,0
1790265600,2026-09-24 16:00,0,forest,2026-08,0.4878,0
1790265600,2026-09-24 16:00,3,xgb-all,2026-08,0.2284,0
1790266500,2026-09-24 16:15,0,forest,2026-08,0.5364,1
1790266500,2026-09-24 16:15,3,xgb-all,2026-08,0.8879,1
1790267400,2026-09-24 16:30,0,forest,2026-08,0.5084,0
1790267400,2026-09-24 16:30,3,xgb-all,2026-08,0.1751,0
1790268300,2026-09-24 16:45,0,forest,2026-08,0.5102,0
1790268300,2026-09-24 16:45,3,xgb-all,2026-08,0.6859,0
1790269200,2026-09-24 17:00,0,forest,2026-08,0.5095,0
1790269200,2026-09-24 17:00,3,xgb-all,2026-08,0.4938,0
1790270100,2026-09-24 17:15,0,forest,2026-08,0.486,0
1790270100,2026-09-24 17:15,3,xgb-all,2026-08,0.3261,0
1790271000,2026-09-24 17:30,0,forest,2026-08,0.479,0
1790271000,2026-09-24 17:30,3,xgb-all,2026-08,0.7341,0
1790271900,2026-09-24 17:45,0,forest,2026-08,0.5655,0
1790271900,2026-09-24 17:45,3,xgb-all,2026-08,0.6015,0
1790272800,2026-09-24 18:00,0,forest,2026-08,0.4993,1
1790272800,2026-09-24 18:00,3,xgb-all,2026-08,0.1946,1
1790273700,2026-09-24 18:15,0,forest,2026-08,0.4817,1
1790273700,2026-09-24 18:15,3,xgb-all,2026-08,0.8048,1
1790274600,2026-09-24 18:30,0,forest,2026-08,0.4624,0
1790274600,2026-09-24 18:30,3,xgb-all,2026-08,0.3619,0
1790275500,2026-09-24 18:45,0,forest,2026-08,0.5005,1
1790275500,2026-09-24 18:45,3,xgb-all,2026-08,0.3137,1
1790276400,2026-09-24 19:00,0,forest,2026-08,0.4845,1
1790276400,2026-09-24 19:00,3,xgb-all,2026-08,0.153,1
1790277300,2026-09-24 19:15,0,forest,2026-08,0.4783,1
1790277300,2026-09-24 19:15,3,xgb-all,2026-08,0.5462,1
1790278200,2026-09-24 19:30,0,forest,2026-08,0.472,0
1790278200,2026-09-24 19:30,3,xgb-all,2026-08,0.3184,0
1790279100,2026-09-24 19:45,0,forest,2026-08,0.5245,0
1790279100,2026-09-24 19:45,3,xgb-all,2026-08,0.5668,0
1790280000,2026-09-24 20:00,0,forest,2026-08,0.5433,0
1790280000,2026-09-24 20:00,3,xgb-all,2026-08,0.4392,0
1790280900,2026-09-24 20:15,0,forest,2026-08,0.5572,1
1790280900,2026-09-24 20:15,3,xgb-all,2026-08,0.6099,1
1790281800,2026-09-24 20:30,0,forest,2026-08,0.4896,1
1790281800,2026-09-24 20:30,3,xgb-all,2026-08,0.3709,1
1790282700,2026-09-24 20:45,0,forest,2026-08,0.4853,0
1790282700,2026-09-24 20:45,3,xgb-all,2026-08,0.5366,0
1790283600,2026-09-24 21:00,0,forest,2026-08,0.4564,0
1790283600,2026-09-24 21:00,3,xgb-all,2026-08,0.4255,0
1790284500,2026-09-24 21:15,0,forest,2026-08,0.4892,1
1790284500,2026-09-24 21:15,3,xgb-all,2026-08,0.7286,1
1790285400,2026-09-24 21:30,0,forest,2026-08,0.4587,1
1790285400,2026-09-24 21:30,3,xgb-all,2026-08,0.7679,1
1790286300,2026-09-24 21:45,0,forest,2026-08,0.4396,0
1790286300,2026-09-24 21:45,3,xgb-all,2026-08,0.26,0
1790287200,2026-09-24 22:00,0,forest,2026-08,0.5254,0
1790287200,2026-09-24 22:00,3,xgb-all,2026-08,0.3817,0
1790288100,2026-09-24 22:15,0,forest,2026-08,0.5573,0
1790288100,2026-09-24 22:15,3,xgb-all,2026-08,0.1634,0
1790289000,2026-09-24 22:30,0,forest,2026-08,0.5728,1
1790289000,2026-09-24 22:30,3,xgb-all,2026-08,0.6122,1
1790289900,2026-09-24 22:45,0,forest,2026-08,0.5118,1
1790289900,2026-09-24 22:45,3,xgb-all,2026-08,0.7878,1
1790290800,2026-09-24 23:00,0,forest,2026-08,0.4528,1
1790290800,2026-09-24 23:00,3,xgb-all,2026-08,0.5392,1
1790291700,2026-09-24 23:15,0,forest,2026-08,0.4752,1
1790291700,2026-09-24 23:15,3,xgb-all,2026-08,0.6319,1
1790292600,2026-09-24 23:30,0,forest,2026-08,0.5131,0
1790292600,2026-09-24 23:30,3,xgb-all,2026-08,0.4256,0
1790293500,2026-09-24 23:45,0,forest,2026-08,0.5555,0
1790293500,2026-09-24 23:45,3,xgb-all,2026-08,0.4729,0
1790294400,2026-09-25 00:00,0,forest,2026-08,0.4903,1
1790294400,2026-09-25 00:00,3,xgb-all,2026-08,0.7208,1
1790295300,2026-09-25 00:15,0,forest,2026-08,0.4752,1
1790295300,2026-09-25 00:15,3,xgb-all,2026-08,0.1971,1
1790296200,2026-09-25 00:30,0,forest,2026-08,0.4673,0
1790296200,2026-09-25 00:30,3,xgb-all,2026-08,0.188,0
1790297100,2026-09-25 00:45,0,forest,2026-08,0.4875,0
1790297100,2026-09-25 00:45,3,xgb-all,2026-08,0.4207,0
1790298000,2026-09-25 01:00,0,forest,2026-08,0.471,1
1790298000,2026-09-25 01:00,3,xgb-all,2026-08,0.8184,1
1790298900,2026-09-25 01:15,0,forest,2026-08,0.4428,0
1790298900,2026-09-25 01:15,3,xgb-all,2026-08,0.6057,0
1790299800,2026-09-25 01:30,0,forest,2026-08,0.509,0
1790299800,2026-09-25 01:30,3,xgb-all,2026-08,0.2614,0
1790300700,2026-09-25 01:45,0,forest,2026-08,0.51,1
1790300700,2026-09-25 01:45,3,xgb-all,2026-08,0.5947,1
1790301600,2026-09-25 02:00,0,forest,2026-08,0.4734,1
1790301600,2026-09-25 02:00,3,xgb-all,2026-08,0.81,1
1790302500,2026-09-25 02:15,0,forest,2026-08,0.435,0
1790302500,2026-09-25 02:15,3,xgb-all,2026-08,0.4514,0
1790303400,2026-09-25 02:30,0,forest,2026-08,0.4509,0
1790303400,2026-09-25 02:30,3,xgb-all,2026-08,0.5296,0
1790304300,2026-09-25 02:45,0,forest,2026-08,0.522,0
1790304300,2026-09-25 02:45,3,xgb-all,2026-08,0.1365,0
1790305200,2026-09-25 03:00,0,forest,2026-08,0.5511,1
1790305200,2026-09-25 03:00,3,xgb-all,2026-08,0.4494,1
1790306100,2026-09-25 03:15,0,forest,2026-08,0.5432,0
1790306100,2026-09-25 03:15,3,xgb-all,2026-08,0.5911,0
1790307000,2026-09-25 03:30,0,forest,2026-08,0.571,1
1790307000,2026-09-25 03:30,3,xgb-all,2026-08,0.6765,1
1790307900,2026-09-25 03:45,0,forest,2026-08,0.5053,1
1790307900,2026-09-25 03:45,3,xgb-all,2026-08,0.4221,1
1790308800,2026-09-25 04:00,0,forest,2026-08,0.5382,0
1790308800,2026-09-25 04:00,3,xgb-all,2026-08,0.3831,0
1790309700,2026-09-25 04:15,0,forest,2026-08,0.5235,1
1790309700,2026-09-25 04:15,3,xgb-all,2026-08,0.727,1
1790310600,2026-09-25 04:30,0,forest,2026-08,0.5783,1
1790310600,2026-09-25 04:30,3,xgb-all,2026-08,0.6502,1
1790311500,2026-09-25 04:45,0,forest,2026-08,0.5399,0
1790311500,2026-09-25 04:45,3,xgb-all,2026-08,0.4038,0
1790312400,2026-09-25 05:00,0,forest,2026-08,0.4985,0
1790312400,2026-09-25 05:00,3,xgb-all,2026-08,0.7364,0
1790313300,2026-09-25 05:15,0,forest,2026-08,0.5285,1
1790313300,2026-09-25 05:15,3,xgb-all,2026-08,0.7584,1
1790314200,2026-09-25 05:30,0,forest,2026-08,0.5729,1
1790314200,2026-09-25 05:30,3,xgb-all,2026-08,0.2354,1
1790315100,2026-09-25 05:45,0,forest,2026-08,0.5234,0
1790315100,2026-09-25 05:45,3,xgb-all,2026-08,0.6445,0
1790316000,2026-09-25 06:00,0,forest,2026-08,0.516,0
1790316000,2026-09-25 06:00,3,xgb-all,2026-08,0.5611,0
1790316900,2026-09-25 06:15,0,forest,2026-08,0.5839,0
1790316900,2026-09-25 06:15,3,xgb-all,2026-08,0.4531,0
1790317800,2026-09-25 06:30,0,forest,2026-08,0.4933,0
1790317800,2026-09-25 06:30,3,xgb-all,2026-08,0.4645,0
1790318700,2026-09-25 06:45,0,forest,2026-08,0.5234,1
1790318700,2026-09-25 06:45,3,xgb-all,2026-08,0.4246,1
1790319600,2026-09-25 07:00,0,forest,2026-08,0.5075,0
1790319600,2026-09-25 07:00,3,xgb-all,2026-08,0.5497,0
1790320500,2026-09-25 07:15,0,forest,2026-08,0.535,1
1790320500,2026-09-25 07:15,3,xgb-all,2026-08,0.7849,1
1790321400,2026-09-25 07:30,0,forest,2026-08,0.5141,0
1790321400,2026-09-25 07:30,3,xgb-all,2026-08,0.2102,0
1790322300,2026-09-25 07:45,0,forest,2026-08,0.5377,1
1790322300,2026-09-25 07:45,3,xgb-all,2026-08,0.7166,1
1790323200,2026-09-25 08:00,0,forest,2026-08,0.4781,1
1790323200,2026-09-25 08:00,3,xgb-all,2026-08,0.7647,1
1790324100,2026-09-25 08:15,0,forest,2026-08,0.4758,1
1790324100,2026-09-25 08:15,3,xgb-all,2026-08,0.8174,1
1790325000,2026-09-25 08:30,0,forest,2026-08,0.4152,0
1790325000,2026-09-25 08:30,3,xgb-all,2026-08,0.2956,0
1790325900,2026-09-25 08:45,0,forest,2026-08,0.5,1
1790325900,2026-09-25 08:45,3,xgb-all,2026-08,0.5635,1
1790326800,2026-09-25 09:00,0,forest,2026-08,0.4049,1
1790326800,2026-09-25 09:00,3,xgb-all,2026-08,0.7735,1
1790327700,2026-09-25 09:15,0,forest,2026-08,0.3925,1
1790327700,2026-09-25 09:15,3,xgb-all,2026-08,0.3163,1
1790328600,2026-09-25 09:30,0,forest,2026-08,0.3284,0
1790328600,2026-09-25 09:30,3,xgb-all,2026-08,0.1839,0
1790329500,2026-09-25 09:45,0,forest,2026-08,0.4634,0
1790329500,2026-09-25 09:45,3,xgb-all,2026-08,0.5624,0
1790330400,2026-09-25 10:00,0,forest,2026-08,0.5124,0
1790330400,2026-09-25 10:00,3,xgb-all,2026-08,0.1754,0
1790331300,2026-09-25 10:15,0,forest,2026-08,0.5128,1
1790331300,2026-09-25 10:15,3,xgb-all,2026-08,0.4476,1
1790332200,2026-09-25 10:30,0,forest,2026-08,0.4453,1
1790332200,2026-09-25 10:30,3,xgb-all,2026-08,0.2454,1
1790333100,2026-09-25 10:45,0,forest,2026-08,0.4395,0
1790333100,2026-09-25 10:45,3,xgb-all,2026-08,0.4154,0
1790334000,2026-09-25 11:00,0,forest,2026-08,0.4539,1
1790334000,2026-09-25 11:00,3,xgb-all,2026-08,0.7203,1
1790334900,2026-09-25 11:15,0,forest,2026-08,0.2636,0
1790334900,2026-09-25 11:15,3,xgb-all,2026-08,0.217,0
1790335800,2026-09-25 11:30,0,forest,2026-08,0.4975,0
1790335800,2026-09-25 11:30,3,xgb-all,2026-08,0.2957,0
1790336700,2026-09-25 11:45,0,forest,2026-08,0.5505,0
1790336700,2026-09-25 11:45,3,xgb-all,2026-08,0.5406,0
1790337600,2026-09-25 12:00,0,forest,2026-08,0.4942,0
1790337600,2026-09-25 12:00,3,xgb-all,2026-08,0.6849,0
1790338500,2026-09-25 12:15,0,forest,2026-08,0.6111,1
1790338500,2026-09-25 12:15,3,xgb-all,2026-08,0.206,1
1790339400,2026-09-25 12:30,0,forest,2026-08,0.4897,1
1790339400,2026-09-25 12:30,3,xgb-all,2026-08,0.6453,1
1790340300,2026-09-25 12:45,0,forest,2026-08,0.492,1
1790340300,2026-09-25 12:45,3,xgb-all,2026-08,0.7683,1
1790341200,2026-09-25 13:00,0,forest,2026-08,0.5032,0
1790341200,2026-09-25 13:00,3,xgb-all,2026-08,0.3746,0
1790342100,2026-09-25 13:15,0,forest,2026-08,0.5002,0
1790342100,2026-09-25 13:15,3,xgb-all,2026-08,0.4204,0
1790343000,2026-09-25 13:30,0,forest,2026-08,0.5796,0
1790343000,2026-09-25 13:30,3,xgb-all,2026-08,0.2608,0
1790343900,2026-09-25 13:45,0,forest,2026-08,0.5943,0
1790343900,2026-09-25 13:45,3,xgb-all,2026-08,0.223,0
1790344800,2026-09-25 14:00,0,forest,2026-08,0.5084,0
1790344800,2026-09-25 14:00,3,xgb-all,2026-08,0.239,0
1790345700,2026-09-25 14:15,0,forest,2026-08,0.6356,1
1790345700,2026-09-25 14:15,3,xgb-all,2026-08,0.4879,1
1790346600,2026-09-25 14:30,0,forest,2026-08,0.5366,1
1790346600,2026-09-25 14:30,3,xgb-all,2026-08,0.7921,1
1790347500,2026-09-25 14:45,0,forest,2026-08,0.5256,1
1790347500,2026-09-25 14:45,3,xgb-all,2026-08,0.658,1
1790348400,2026-09-25 15:00,0,forest,2026-08,0.4884,0
1790348400,2026-09-25 15:00,3,xgb-all,2026-08,0.3265,0
1790349300,2026-09-25 15:15,0,forest,2026-08,0.5008,0
1790349300,2026-09-25 15:15,3,xgb-all,2026-08,0.3037,0
1790350200,2026-09-25 15:30,0,forest,2026-08,0.5512,0
1790350200,2026-09-25 15:30,3,xgb-all,2026-08,0.6989,0
1790351100,2026-09-25 15:45,0,forest,2026-08,0.6092,1
1790351100,2026-09-25 15:45,3,xgb-all,2026-08,0.5629,1
1790352000,2026-09-25 16:00,0,forest,2026-08,0.4609,1
1790352000,2026-09-25 16:00,3,xgb-all,2026-08,0.8309,1
1790352900,2026-09-25 16:15,0,forest,2026-08,0.5109,0
1790352900,2026-09-25 16:15,3,xgb-all,2026-08,0.555,0
1790353800,2026-09-25 16:30,0,forest,2026-08,0.501,0
1790353800,2026-09-25 16:30,3,xgb-all,2026-08,0.6966,0
1790354700,2026-09-25 16:45,0,forest,2026-08,0.495,0
1790354700,2026-09-25 16:45,3,xgb-all,2026-08,0.2664,0
1790355600,2026-09-25 17:00,0,forest,2026-08,0.5415,1
1790355600,2026-09-25 17:00,3,xgb-all,2026-08,0.8355,1
1790356500,2026-09-25 17:15,0,forest,2026-08,0.4474,0
1790356500,2026-09-25 17:15,3,xgb-all,2026-08,0.4424,0
1790357400,2026-09-25 17:30,0,forest,2026-08,0.5279,1
1790357400,2026-09-25 17:30,3,xgb-all,2026-08,0.6802,1
1790358300,2026-09-25 17:45,0,forest,2026-08,0.506,0
1790358300,2026-09-25 17:45,3,xgb-all,2026-08,0.2757,0
1790359200,2026-09-25 18:00,0,forest,2026-08,0.4936,1
1790359200,2026-09-25 18:00,3,xgb-all,2026-08,0.5842,1
1790360100,2026-09-25 18:15,0,forest,2026-08,0.4756,0
1790360100,2026-09-25 18:15,3,xgb-all,2026-08,0.5452,0
1790361000,2026-09-25 18:30,0,forest,2026-08,0.4914,1
1790361000,2026-09-25 18:30,3,xgb-all,2026-08,0.6182,1
1790361900,2026-09-25 18:45,0,forest,2026-08,0.5135,0
1790361900,2026-09-25 18:45,3,xgb-all,2026-08,0.3359,0
1790362800,2026-09-25 19:00,0,forest,2026-08,0.4356,1
1790362800,2026-09-25 19:00,3,xgb-all,2026-08,0.4158,1
1790363700,2026-09-25 19:15,0,forest,2026-08,0.483,0
1790363700,2026-09-25 19:15,3,xgb-all,2026-08,0.2612,0
1790364600,2026-09-25 19:30,0,forest,2026-08,0.4696,0
1790364600,2026-09-25 19:30,3,xgb-all,2026-08,0.6106,0
1790365500,2026-09-25 19:45,0,forest,2026-08,0.5022,1
1790365500,2026-09-25 19:45,3,xgb-all,2026-08,0.7578,1
1790366400,2026-09-25 20:00,0,forest,2026-08,0.492,0
1790366400,2026-09-25 20:00,3,xgb-all,2026-08,0.378,0
1790367300,2026-09-25 20:15,0,forest,2026-08,0.4309,1
1790367300,2026-09-25 20:15,3,xgb-all,2026-08,0.6179,1
1790368200,2026-09-25 20:30,0,forest,2026-08,0.4897,1
1790368200,2026-09-25 20:30,3,xgb-all,2026-08,0.4941,1
1790369100,2026-09-25 20:45,0,forest,2026-08,0.4601,0
1790369100,2026-09-25 20:45,3,xgb-all,2026-08,0.2858,0
1790370000,2026-09-25 21:00,0,forest,2026-08,0.5453,0
1790370000,2026-09-25 21:00,3,xgb-all,2026-08,0.5939,0
1790370900,2026-09-25 21:15,0,forest,2026-08,0.5848,1
1790370900,2026-09-25 21:15,3,xgb-all,2026-08,0.4332,1
1790371800,2026-09-25 21:30,0,forest,2026-08,0.5202,1
1790371800,2026-09-25 21:30,3,xgb-all,2026-08,0.606,1
1790372700,2026-09-25 21:45,0,forest,2026-08,0.4873,0
1790372700,2026-09-25 21:45,3,xgb-all,2026-08,0.559,0
1790373600,2026-09-25 22:00,0,forest,2026-08,0.5267,1
1790373600,2026-09-25 22:00,3,xgb-all,2026-08,0.5968,1
1790374500,2026-09-25 22:15,0,forest,2026-08,0.5049,0
1790374500,2026-09-25 22:15,3,xgb-all,2026-08,0.6037,0
1790375400,2026-09-25 22:30,0,forest,2026-08,0.555,1
1790375400,2026-09-25 22:30,3,xgb-all,2026-08,0.7833,1
1790376300,2026-09-25 22:45,0,forest,2026-08,0.4671,1
1790376300,2026-09-25 22:45,3,xgb-all,2026-08,0.2986,1
1790377200,2026-09-25 23:00,0,forest,2026-08,0.4417,0
1790377200,2026-09-25 23:00,3,xgb-all,2026-08,0.5401,0
1790378100,2026-09-25 23:15,0,forest,2026-08,0.4428,1
1790378100,2026-09-25 23:15,3,xgb-all,2026-08,0.5924,1
1790379000,2026-09-25 23:30,0,forest,2026-08,0.406,0
1790379000,2026-09-25 23:30,3,xgb-all,2026-08,0.5154,0
1790379900,2026-09-25 23:45,0,forest,2026-08,0.4919,1
1790379900,2026-09-25 23:45,3,xgb-all,2026-08,0.5285,1
1790380800,2026-09-26 00:00,0,forest,2026-08,0.5061,0
1790380800,2026-09-26 00:00,3,xgb-all,2026-08,0.2933,0
1790381700,2026-09-26 00:15,0,forest,2026-08,0.5024,0
1790381700,2026-09-26 00:15,3,xgb-all,2026-08,0.3674,0
1790382600,2026-09-26 00:30,0,forest,2026-08,0.5312,0
1790382600,2026-09-26 00:30,3,xgb-all,2026-08,0.182,0
1790383500,2026-09-26 00:45,0,forest,2026-08,0.5192,1
1790383500,2026-09-26 00:45,3,xgb-all,2026-08,0.6377,1
1790384400,2026-09-26 01:00,0,forest,2026-08,0.4576,1
1790384400,2026-09-26 01:00,3,xgb-all,2026-08,0.7872,1
1790385300,2026-09-26 01:15,0,forest,2026-08,0.4939,1
1790385300,2026-09-26 01:15,3,xgb-all,2026-08,0.7231,1
1790386200,2026-09-26 01:30,0,forest,2026-08,0.5148,1
1790386200,2026-09-26 01:30,3,xgb-all,2026-08,0.5869,1
1790387100,2026-09-26 01:45,0,forest,2026-08,0.4869,1
1790387100,2026-09-26 01:45,3,xgb-all,2026-08,0.6283,1
1790388000,2026-09-26 02:00,0,forest,2026-08,0.4966,1
1790388000,2026-09-26 02:00,3,xgb-all,2026-08,0.183,1
1790388900,2026-09-26 02:15,0,forest,2026-08,0.4121,0
1790388900,2026-09-26 02:15,3,xgb-all,2026-08,0.4402,0
1790389800,2026-09-26 02:30,0,forest,2026-08,0.5789,0
1790389800,2026-09-26 02:30,3,xgb-all,2026-08,0.4493,0
1790390700,2026-09-26 02:45,0,forest,2026-08,0.5368,1
1790390700,2026-09-26 02:45,3,xgb-all,2026-08,0.6088,1
1790391600,2026-09-26 03:00,0,forest,2026-08,0.5519,0
1790391600,2026-09-26 03:00,3,xgb-all,2026-08,0.3919,0
1790392500,2026-09-26 03:15,0,forest,2026-08,0.483,1
1790392500,2026-09-26 03:15,3,xgb-all,2026-08,0.4388,1
1790393400,2026-09-26 03:30,0,forest,2026-08,0.4964,0
1790393400,2026-09-26 03:30,3,xgb-all,2026-08,0.6496,0
1790394300,2026-09-26 03:45,0,forest,2026-08,0.4497,0
1790394300,2026-09-26 03:45,3,xgb-all,2026-08,0.4415,0
1790395200,2026-09-26 04:00,0,forest,2026-08,0.4256,1
1790395200,2026-09-26 04:00,3,xgb-all,2026-08,0.7565,1
1790396100,2026-09-26 04:15,0,forest,2026-08,0.4471,0
1790396100,2026-09-26 04:15,3,xgb-all,2026-08,0.6842,0
1790397000,2026-09-26 04:30,0,forest,2026-08,0.4985,1
1790397000,2026-09-26 04:30,3,xgb-all,2026-08,0.6419,1
1790397900,2026-09-26 04:45,0,forest,2026-08,0.5782,0
1790397900,2026-09-26 04:45,3,xgb-all,2026-08,0.5485,0
1790398800,2026-09-26 05:00,0,forest,2026-08,0.468,0
1790398800,2026-09-26 05:00,3,xgb-all,2026-08,0.623,0
1790399700,2026-09-26 05:15,0,forest,2026-08,0.5143,0
1790399700,2026-09-26 05:15,3,xgb-all,2026-08,0.2203,0
1790400600,2026-09-26 05:30,0,forest,2026-08,0.5176,1
1790400600,2026-09-26 05:30,3,xgb-all,2026-08,0.3079,1
1790401500,2026-09-26 05:45,0,forest,2026-08,0.4322,0
1790401500,2026-09-26 05:45,3,xgb-all,2026-08,0.6004,0
1790402400,2026-09-26 06:00,0,forest,2026-08,0.5225,0
1790402400,2026-09-26 06:00,3,xgb-all,2026-08,0.3914,0
1790403300,2026-09-26 06:15,0,forest,2026-08,0.5069,1
1790403300,2026-09-26 06:15,3,xgb-all,2026-08,0.3883,1
1790404200,2026-09-26 06:30,0,forest,2026-08,0.4854,0
1790404200,2026-09-26 06:30,3,xgb-all,2026-08,0.7437,0
1790405100,2026-09-26 06:45,0,forest,2026-08,0.4888,0
1790405100,2026-09-26 06:45,3,xgb-all,2026-08,0.5964,0
1790406000,2026-09-26 07:00,0,forest,2026-08,0.579,1
1790406000,2026-09-26 07:00,3,xgb-all,2026-08,0.6877,1
1790406900,2026-09-26 07:15,0,forest,2026-08,0.437,1
1790406900,2026-09-26 07:15,3,xgb-all,2026-08,0.3118,1
1790407800,2026-09-26 07:30,0,forest,2026-08,0.4502,1
1790407800,2026-09-26 07:30,3,xgb-all,2026-08,0.528,1
1790408700,2026-09-26 07:45,0,forest,2026-08,0.4728,1
1790408700,2026-09-26 07:45,3,xgb-all,2026-08,0.6983,1
1790409600,2026-09-26 08:00,0,forest,2026-08,0.3691,0
1790409600,2026-09-26 08:00,3,xgb-all,2026-08,0.1914,0
1790410500,2026-09-26 08:15,0,forest,2026-08,0.4819,1
1790410500,2026-09-26 08:15,3,xgb-all,2026-08,0.3205,1
1790411400,2026-09-26 08:30,0,forest,2026-08,0.4151,1
1790411400,2026-09-26 08:30,3,xgb-all,2026-08,0.8651,1
1790412300,2026-09-26 08:45,0,forest,2026-08,0.4138,0
1790412300,2026-09-26 08:45,3,xgb-all,2026-08,0.2023,0
1790413200,2026-09-26 09:00,0,forest,2026-08,0.5319,0
1790413200,2026-09-26 09:00,3,xgb-all,2026-08,0.388,0
1790414100,2026-09-26 09:15,0,forest,2026-08,0.5653,1
1790414100,2026-09-26 09:15,3,xgb-all,2026-08,0.3624,1
1790415000,2026-09-26 09:30,0,forest,2026-08,0.5178,0
1790415000,2026-09-26 09:30,3,xgb-all,2026-08,0.4445,0
1790415900,2026-09-26 09:45,0,forest,2026-08,0.5145,1
1790415900,2026-09-26 09:45,3,xgb-all,2026-08,0.5607,1
1790416800,2026-09-26 10:00,0,forest,2026-08,0.5083,1
1790416800,2026-09-26 10:00,3,xgb-all,2026-08,0.8211,1
1790417700,2026-09-26 10:15,0,forest,2026-08,0.462,1
1790417700,2026-09-26 10:15,3,xgb-all,2026-08,0.7496,1
1790418600,2026-09-26 10:30,0,forest,2026-08,0.4632,1
1790418600,2026-09-26 10:30,3,xgb-all,2026-08,0.5572,1
1790419500,2026-09-26 10:45,0,forest,2026-08,0.4363,1
1790419500,2026-09-26 10:45,3,xgb-all,2026-08,0.6252,1
1790420400,2026-09-26 11:00,0,forest,2026-08,0.514,0
1790420400,2026-09-26 11:00,3,xgb-all,2026-08,0.3854,0
1790421300,2026-09-26 11:15,0,forest,2026-08,0.4989,0
1790421300,2026-09-26 11:15,3,xgb-all,2026-08,0.6721,0
1790422200,2026-09-26 11:30,0,forest,2026-08,0.5084,1
1790422200,2026-09-26 11:30,3,xgb-all,2026-08,0.5439,1
1790423100,2026-09-26 11:45,0,forest,2026-08,0.4935,0
1790423100,2026-09-26 11:45,3,xgb-all,2026-08,0.4113,0
1790424000,2026-09-26 12:00,0,forest,2026-08,0.5461,0
1790424000,2026-09-26 12:00,3,xgb-all,2026-08,0.4571,0
1790424900,2026-09-26 12:15,0,forest,2026-08,0.5581,0
1790424900,2026-09-26 12:15,3,xgb-all,2026-08,0.8313,0
1790425800,2026-09-26 12:30,0,forest,2026-08,0.5541,0
1790425800,2026-09-26 12:30,3,xgb-all,2026-08,0.6285,0
1790426700,2026-09-26 12:45,0,forest,2026-08,0.5215,1
1790426700,2026-09-26 12:45,3,xgb-all,2026-08,0.6301,1
1790427600,2026-09-26 13:00,0,forest,2026-08,0.5313,0
1790427600,2026-09-26 13:00,3,xgb-all,2026-08,0.7852,0
1790428500,2026-09-26 13:15,0,forest,2026-08,0.5262,0
1790428500,2026-09-26 13:15,3,xgb-all,2026-08,0.5756,0
1790429400,2026-09-26 13:30,0,forest,2026-08,0.5172,1
1790429400,2026-09-26 13:30,3,xgb-all,2026-08,0.4137,1
1790430300,2026-09-26 13:45,0,forest,2026-08,0.5466,1
1790430300,2026-09-26 13:45,3,xgb-all,2026-08,0.6268,1
1790431200,2026-09-26 14:00,0,forest,2026-08,0.5505,1
1790431200,2026-09-26 14:00,3,xgb-all,2026-08,0.4618,1
1790432100,2026-09-26 14:15,0,forest,2026-08,0.5374,1
1790432100,2026-09-26 14:15,3,xgb-all,2026-08,0.595,1
1790433000,2026-09-26 14:30,0,forest,2026-08,0.552,1
1790433000,2026-09-26 14:30,3,xgb-all,2026-08,0.7879,1
1790433900,2026-09-26 14:45,0,forest,2026-08,0.5425,0
1790433900,2026-09-26 14:45,3,xgb-all,2026-08,0.3683,0
1790434800,2026-09-26 15:00,0,forest,2026-08,0.5247,1
1790434800,2026-09-26 15:00,3,xgb-all,2026-08,0.5934,1
1790435700,2026-09-26 15:15,0,forest,2026-08,0.489,1
1790435700,2026-09-26 15:15,3,xgb-all,2026-08,0.7028,1
1790436600,2026-09-26 15:30,0,forest,2026-08,0.43,1
1790436600,2026-09-26 15:30,3,xgb-all,2026-08,0.834,1
1790437500,2026-09-26 15:45,0,forest,2026-08,0.3997,1
1790437500,2026-09-26 15:45,3,xgb-all,2026-08,0.2377,1
1790438400,2026-09-26 16:00,0,forest,2026-08,0.4596,0
1790438400,2026-09-26 16:00,3,xgb-all,2026-08,0.2798,0
1790439300,2026-09-26 16:15,0,forest,2026-08,0.4831,0
1790439300,2026-09-26 16:15,3,xgb-all,2026-08,0.4591,0
1790440200,2026-09-26 16:30,0,forest,2026-08,0.5199,1
1790440200,2026-09-26 16:30,3,xgb-all,2026-08,0.7919,1
1790441100,2026-09-26 16:45,0,forest,2026-08,0.4589,0
1790441100,2026-09-26 16:45,3,xgb-all,2026-08,0.5519,0
1790442000,2026-09-26 17:00,0,forest,2026-08,0.4563,0
1790442000,2026-09-26 17:00,3,xgb-all,2026-08,0.5443,0
1790442900,2026-09-26 17:15,0,forest,2026-08,0.5126,0
1790442900,2026-09-26 17:15,3,xgb-all,2026-08,0.351,0
1790443800,2026-09-26 17:30,0,forest,2026-08,0.557,1
1790443800,2026-09-26 17:30,3,xgb-all,2026-08,0.4016,1
1790444700,2026-09-26 17:45,0,forest,2026-08,0.5002,1
1790444700,2026-09-26 17:45,3,xgb-all,2026-08,0.6191,1
1790445600,2026-09-26 18:00,0,forest,2026-08,0.5243,0
1790445600,2026-09-26 18:00,3,xgb-all,2026-08,0.5978,0
1790446500,2026-09-26 18:15,0,forest,2026-08,0.5456,0
1790446500,2026-09-26 18:15,3,xgb-all,2026-08,0.3642,0
1790447400,2026-09-26 18:30,0,forest,2026-08,0.5702,0
1790447400,2026-09-26 18:30,3,xgb-all,2026-08,0.604,0
1790448300,2026-09-26 18:45,0,forest,2026-08,0.5562,0
1790448300,2026-09-26 18:45,3,xgb-all,2026-08,0.5618,0
1790449200,2026-09-26 19:00,0,forest,2026-08,0.5467,1
1790449200,2026-09-26 19:00,3,xgb-all,2026-08,0.7497,1
1790450100,2026-09-26 19:15,0,forest,2026-08,0.5635,1
1790450100,2026-09-26 19:15,3,xgb-all,2026-08,0.545,1
1790451000,2026-09-26 19:30,0,forest,2026-08,0.5453,0
1790451000,2026-09-26 19:30,3,xgb-all,2026-08,0.4079,0
1790451900,2026-09-26 19:45,0,forest,2026-08,0.5318,0
1790451900,2026-09-26 19:45,3,xgb-all,2026-08,0.6105,0
1790452800,2026-09-26 20:00,0,forest,2026-08,0.53,1
1790452800,2026-09-26 20:00,3,xgb-all,2026-08,0.7196,1
1790453700,2026-09-26 20:15,0,forest,2026-08,0.5465,1
1790453700,2026-09-26 20:15,3,xgb-all,2026-08,0.7345,1
1790454600,2026-09-26 20:30,0,forest,2026-08,0.5119,0
1790454600,2026-09-26 20:30,3,xgb-all,2026-08,0.6589,0
1790455500,2026-09-26 20:45,0,forest,2026-08,0.6294,1
1790455500,2026-09-26 20:45,3,xgb-all,2026-08,0.5179,1
1790456400,2026-09-26 21:00,0,forest,2026-08,0.4615,1
1790456400,2026-09-26 21:00,3,xgb-all,2026-08,0.6795,1
1790457300,2026-09-26 21:15,0,forest,2026-08,0.4494,1
1790457300,2026-09-26 21:15,3,xgb-all,2026-08,0.7085,1
1790458200,2026-09-26 21:30,0,forest,2026-08,0.4214,0
1790458200,2026-09-26 21:30,3,xgb-all,2026-08,0.3531,0
1790459100,2026-09-26 21:45,0,forest,2026-08,0.5133,0
1790459100,2026-09-26 21:45,3,xgb-all,2026-08,0.4048,0
1790460000,2026-09-26 22:00,0,forest,2026-08,0.4487,1
1790460000,2026-09-26 22:00,3,xgb-all,2026-08,0.78,1
1790460900,2026-09-26 22:15,0,forest,2026-08,0.3811,1
1790460900,2026-09-26 22:15,3,xgb-all,2026-08,0.163,1
1790461800,2026-09-26 22:30,0,forest,2026-08,0.3944,0
1790461800,2026-09-26 22:30,3,xgb-all,2026-08,0.2443,0
1790462700,2026-09-26 22:45,0,forest,2026-08,0.5266,1
1790462700,2026-09-26 22:45,3,xgb-all,2026-08,0.5813,1
1790463600,2026-09-26 23:00,0,forest,2026-08,0.5339,1
1790463600,2026-09-26 23:00,3,xgb-all,2026-08,0.839,1
1790464500,2026-09-26 23:15,0,forest,2026-08,0.4368,1
1790464500,2026-09-26 23:15,3,xgb-all,2026-08,0.6484,1
1790465400,2026-09-26 23:30,0,forest,2026-08,0.4287,0
1790465400,2026-09-26 23:30,3,xgb-all,2026-08,0.5128,0
1790466300,2026-09-26 23:45,0,forest,2026-08,0.4898,1
1790466300,2026-09-26 23:45,3,xgb-all,2026-08,0.7662,1
1790467200,2026-09-27 00:00,0,forest,2026-08,0.4388,0
1790467200,2026-09-27 00:00,3,xgb-all,2026-08,0.2224,0
1790468100,2026-09-27 00:15,0,forest,2026-08,0.4515,0
1790468100,2026-09-27 00:15,3,xgb-all,2026-08,0.3224,0
1790469000,2026-09-27 00:30,0,forest,2026-08,0.53,1
1790469000,2026-09-27 00:30,3,xgb-all,2026-08,0.6664,1
1790469900,2026-09-27 00:45,0,forest,2026-08,0.4442,0
1790469900,2026-09-27 00:45,3,xgb-all,2026-08,0.3067,0
1790470800,2026-09-27 01:00,0,forest,2026-08,0.5033,1
1790470800,2026-09-27 01:00,3,xgb-all,2026-08,0.3994,1
1790471700,2026-09-27 01:15,0,forest,2026-08,0.4352,0
1790471700,2026-09-27 01:15,3,xgb-all,2026-08,0.3977,0
1790472600,2026-09-27 01:30,0,forest,2026-08,0.5498,1
1790472600,2026-09-27 01:30,3,xgb-all,2026-08,0.6362,1
1790473500,2026-09-27 01:45,0,forest,2026-08,0.4352,1
1790473500,2026-09-27 01:45,3,xgb-all,2026-08,0.7934,1
1790474400,2026-09-27 02:00,0,forest,2026-08,0.3992,1
1790474400,2026-09-27 02:00,3,xgb-all,2026-08,0.2161,1
1790475300,2026-09-27 02:15,0,forest,2026-08,0.4569,1
1790475300,2026-09-27 02:15,3,xgb-all,2026-08,0.3449,1
1790476200,2026-09-27 02:30,0,forest,2026-08,0.4618,0
1790476200,2026-09-27 02:30,3,xgb-all,2026-08,0.6118,0
1790477100,2026-09-27 02:45,0,forest,2026-08,0.5157,0
1790477100,2026-09-27 02:45,3,xgb-all,2026-08,0.4878,0
1790478000,2026-09-27 03:00,0,forest,2026-08,0.5334,1
1790478000,2026-09-27 03:00,3,xgb-all,2026-08,0.6833,1
1790478900,2026-09-27 03:15,0,forest,2026-08,0.4745,0
1790478900,2026-09-27 03:15,3,xgb-all,2026-08,0.3872,0
1790479800,2026-09-27 03:30,0,forest,2026-08,0.5011,1
1790479800,2026-09-27 03:30,3,xgb-all,2026-08,0.7024,1
1790480700,2026-09-27 03:45,0,forest,2026-08,0.5278,0
1790480700,2026-09-27 03:45,3,xgb-all,2026-08,0.4122,0
1790481600,2026-09-27 04:00,0,forest,2026-08,0.5046,1
1790481600,2026-09-27 04:00,3,xgb-all,2026-08,0.4298,1
1790482500,2026-09-27 04:15,0,forest,2026-08,0.4705,0
1790482500,2026-09-27 04:15,3,xgb-all,2026-08,0.3329,0
1790483400,2026-09-27 04:30,0,forest,2026-08,0.5424,0
1790483400,2026-09-27 04:30,3,xgb-all,2026-08,0.221,0
1790484300,2026-09-27 04:45,0,forest,2026-08,0.5263,1
1790484300,2026-09-27 04:45,3,xgb-all,2026-08,0.781,1
1790485200,2026-09-27 05:00,0,forest,2026-08,0.5295,1
1790485200,2026-09-27 05:00,3,xgb-all,2026-08,0.6548,1
1790486100,2026-09-27 05:15,0,forest,2026-08,0.5162,1
1790486100,2026-09-27 05:15,3,xgb-all,2026-08,0.5724,1
1790487000,2026-09-27 05:30,0,forest,2026-08,0.4875,1
1790487000,2026-09-27 05:30,3,xgb-all,2026-08,0.6903,1
1790487900,2026-09-27 05:45,0,forest,2026-08,0.435,0
1790487900,2026-09-27 05:45,3,xgb-all,2026-08,0.3592,0
1790488800,2026-09-27 06:00,0,forest,2026-08,0.5478,1
1790488800,2026-09-27 06:00,3,xgb-all,2026-08,0.7145,1
1790489700,2026-09-27 06:15,0,forest,2026-08,0.4398,0
1790489700,2026-09-27 06:15,3,xgb-all,2026-08,0.2398,0
1790490600,2026-09-27 06:30,0,forest,2026-08,0.4639,0
1790490600,2026-09-27 06:30,3,xgb-all,2026-08,0.2503,0
1790491500,2026-09-27 06:45,0,forest,2026-08,0.5251,0
1790491500,2026-09-27 06:45,3,xgb-all,2026-08,0.656,0
1790492400,2026-09-27 07:00,0,forest,2026-08,0.5214,1
1790492400,2026-09-27 07:00,3,xgb-all,2026-08,0.7015,1
1790493300,2026-09-27 07:15,0,forest,2026-08,0.4674,0
1790493300,2026-09-27 07:15,3,xgb-all,2026-08,0.4021,0
1790494200,2026-09-27 07:30,0,forest,2026-08,0.4732,1
1790494200,2026-09-27 07:30,3,xgb-all,2026-08,0.5602,1
1790495100,2026-09-27 07:45,0,forest,2026-08,0.4671,1
1790495100,2026-09-27 07:45,3,xgb-all,2026-08,0.4194,1
1790496000,2026-09-27 08:00,0,forest,2026-08,0.3042,1
1790496000,2026-09-27 08:00,3,xgb-all,2026-08,0.4217,1
1790496900,2026-09-27 08:15,0,forest,2026-08,0.4417,0
1790496900,2026-09-27 08:15,3,xgb-all,2026-08,0.6018,0
1790497800,2026-09-27 08:30,0,forest,2026-08,0.4246,0
1790497800,2026-09-27 08:30,3,xgb-all,2026-08,0.6788,0
1790498700,2026-09-27 08:45,0,forest,2026-08,0.4543,1
1790498700,2026-09-27 08:45,3,xgb-all,2026-08,0.2898,1
1790499600,2026-09-27 09:00,0,forest,2026-08,0.4581,0
1790499600,2026-09-27 09:00,3,xgb-all,2026-08,0.2026,0
1790500500,2026-09-27 09:15,0,forest,2026-08,0.5178,1
1790500500,2026-09-27 09:15,3,xgb-all,2026-08,0.5586,1
1790501400,2026-09-27 09:30,0,forest,2026-08,0.5061,1
1790501400,2026-09-27 09:30,3,xgb-all,2026-08,0.6783,1
1790502300,2026-09-27 09:45,0,forest,2026-08,0.4392,1
1790502300,2026-09-27 09:45,3,xgb-all,2026-08,0.7259,1
1790503200,2026-09-27 10:00,0,forest,2026-08,0.3937,1
1790503200,2026-09-27 10:00,3,xgb-all,2026-08,0.3825,1
1790504100,2026-09-27 10:15,0,forest,2026-08,0.3943,0
1790504100,2026-09-27 10:15,3,xgb-all,2026-08,0.5718,0
1790505000,2026-09-27 10:30,0,forest,2026-08,0.5407,0
1790505000,2026-09-27 10:30,3,xgb-all,2026-08,0.3618,0
1790505900,2026-09-27 10:45,0,forest,2026-08,0.5474,1
1790505900,2026-09-27 10:45,3,xgb-all,2026-08,0.4756,1
1790506800,2026-09-27 11:00,0,forest,2026-08,0.4677,1
1790506800,2026-09-27 11:00,3,xgb-all,2026-08,0.4833,1
1790507700,2026-09-27 11:15,0,forest,2026-08,0.4548,0
1790507700,2026-09-27 11:15,3,xgb-all,2026-08,0.1961,0
1790508600,2026-09-27 11:30,0,forest,2026-08,0.522,1
1790508600,2026-09-27 11:30,3,xgb-all,2026-08,0.3564,1
1790509500,2026-09-27 11:45,0,forest,2026-08,0.5767,0
1790509500,2026-09-27 11:45,3,xgb-all,2026-08,0.2224,0
1790510400,2026-09-27 12:00,0,forest,2026-08,0.5144,1
1790510400,2026-09-27 12:00,3,xgb-all,2026-08,0.7328,1
1790511300,2026-09-27 12:15,0,forest,2026-08,0.4456,0
1790511300,2026-09-27 12:15,3,xgb-all,2026-08,0.5442,0
1790512200,2026-09-27 12:30,0,forest,2026-08,0.5518,1
1790512200,2026-09-27 12:30,3,xgb-all,2026-08,0.5395,1
1790513100,2026-09-27 12:45,0,forest,2026-08,0.4343,0
1790513100,2026-09-27 12:45,3,xgb-all,2026-08,0.3271,0
1790514000,2026-09-27 13:00,0,forest,2026-08,0.5735,0
1790514000,2026-09-27 13:00,3,xgb-all,2026-08,0.4448,0
1790514900,2026-09-27 13:15,0,forest,2026-08,0.6117,1
1790514900,2026-09-27 13:15,3,xgb-all,2026-08,0.8202,1
1790515800,2026-09-27 13:30,0,forest,2026-08,0.5063,0
1790515800,2026-09-27 13:30,3,xgb-all,2026-08,0.8457,0
1790516700,2026-09-27 13:45,0,forest,2026-08,0.5232,1
1790516700,2026-09-27 13:45,3,xgb-all,2026-08,0.7131,1
1790517600,2026-09-27 14:00,0,forest,2026-08,0.4991,0
1790517600,2026-09-27 14:00,3,xgb-all,2026-08,0.271,0
1790518500,2026-09-27 14:15,0,forest,2026-08,0.4849,0
1790518500,2026-09-27 14:15,3,xgb-all,2026-08,0.4206,0
1790519400,2026-09-27 14:30,0,forest,2026-08,0.6014,1
1790519400,2026-09-27 14:30,3,xgb-all,2026-08,0.7627,1
1790520300,2026-09-27 14:45,0,forest,2026-08,0.5368,0
1790520300,2026-09-27 14:45,3,xgb-all,2026-08,0.3053,0
1790521200,2026-09-27 15:00,0,forest,2026-08,0.5777,0
1790521200,2026-09-27 15:00,3,xgb-all,2026-08,0.6123,0
1790522100,2026-09-27 15:15,0,forest,2026-08,0.5188,1
1790522100,2026-09-27 15:15,3,xgb-all,2026-08,0.722,1
1790523000,2026-09-27 15:30,0,forest,2026-08,0.5064,0
1790523000,2026-09-27 15:30,3,xgb-all,2026-08,0.3841,0
1790523900,2026-09-27 15:45,0,forest,2026-08,0.5318,1
1790523900,2026-09-27 15:45,3,xgb-all,2026-08,0.7325,1
1790524800,2026-09-27 16:00,0,forest,2026-08,0.5017,1
1790524800,2026-09-27 16:00,3,xgb-all,2026-08,0.6038,1
1790525700,2026-09-27 16:15,0,forest,2026-08,0.5588,1
1790525700,2026-09-27 16:15,3,xgb-all,2026-08,0.3018,1
1790526600,2026-09-27 16:30,0,forest,2026-08,0.5051,0
1790526600,2026-09-27 16:30,3,xgb-all,2026-08,0.3537,0
1790527500,2026-09-27 16:45,0,forest,2026-08,0.5842,1
1790527500,2026-09-27 16:45,3,xgb-all,2026-08,0.712,1
1790528400,2026-09-27 17:00,0,forest,2026-08,0.5996,0
1790528400,2026-09-27 17:00,3,xgb-all,2026-08,0.6834,0
1790529300,2026-09-27 17:15,0,forest,2026-08,0.5685,1
1790529300,2026-09-27 17:15,3,xgb-all,2026-08,0.7679,1
1790530200,2026-09-27 17:30,0,forest,2026-08,0.5497,1
1790530200,2026-09-27 17:30,3,xgb-all,2026-08,0.7441,1
1790531100,2026-09-27 17:45,0,forest,2026-08,0.5376,1
1790531100,2026-09-27 17:45,3,xgb-all,2026-08,0.7537,1
1790532000,2026-09-27 18:00,0,forest,2026-08,0.4842,1
1790532000,2026-09-27 18:00,3,xgb-all,2026-08,0.4753,1
1790532900,2026-09-27 18:15,0,forest,2026-08,0.514,1
1790532900,2026-09-27 18:15,3,xgb-all,2026-08,0.699,1
1790533800,2026-09-27 18:30,0,forest,2026-08,0.4301,1
1790533800,2026-09-27 18:30,3,xgb-all,2026-08,0.4005,1
1790534700,2026-09-27 18:45,0,forest,2026-08,0.3184,1
1790534700,2026-09-27 18:45,3,xgb-all,2026-08,0.4822,1
1790535600,2026-09-27 19:00,0,forest,2026-08,0.4543,0
1790535600,2026-09-27 19:00,3,xgb-all,2026-08,0.1981,0
1790536500,2026-09-27 19:15,0,forest,2026-08,0.4751,0
1790536500,2026-09-27 19:15,3,xgb-all,2026-08,0.6631,0
1790537400,2026-09-27 19:30,0,forest,2026-08,0.5612,1
1790537400,2026-09-27 19:30,3,xgb-all,2026-08,0.3342,1
1790538300,2026-09-27 19:45,0,forest,2026-08,0.4887,0
1790538300,2026-09-27 19:45,3,xgb-all,2026-08,0.6753,0
1790539200,2026-09-27 20:00,0,forest,2026-08,0.4617,1
1790539200,2026-09-27 20:00,3,xgb-all,2026-08,0.6512,1
1790540100,2026-09-27 20:15,0,forest,2026-08,0.4381,0
1790540100,2026-09-27 20:15,3,xgb-all,2026-08,0.3636,0
1790541000,2026-09-27 20:30,0,forest,2026-08,0.5319,1
1790541000,2026-09-27 20:30,3,xgb-all,2026-08,0.3025,1
1790541900,2026-09-27 20:45,0,forest,2026-08,0.5837,0
1790541900,2026-09-27 20:45,3,xgb-all,2026-08,0.1738,0
1790542800,2026-09-27 21:00,0,forest,2026-08,0.5327,1
1790542800,2026-09-27 21:00,3,xgb-all,2026-08,0.6332,1
1790543700,2026-09-27 21:15,0,forest,2026-08,0.502,0
1790543700,2026-09-27 21:15,3,xgb-all,2026-08,0.4239,0
1790544600,2026-09-27 21:30,0,forest,2026-08,0.5028,0
1790544600,2026-09-27 21:30,3,xgb-all,2026-08,0.558,0
1790545500,2026-09-27 21:45,0,forest,2026-08,0.5663,1
1790545500,2026-09-27 21:45,3,xgb-all,2026-08,0.7781,1
1790546400,2026-09-27 22:00,0,forest,2026-08,0.4815,0
1790546400,2026-09-27 22:00,3,xgb-all,2026-08,0.1001,0
1790547300,2026-09-27 22:15,0,forest,2026-08,0.5718,1
1790547300,2026-09-27 22:15,3,xgb-all,2026-08,0.7558,1
1790548200,2026-09-27 22:30,0,forest,2026-08,0.5265,0
1790548200,2026-09-27 22:30,3,xgb-all,2026-08,0.1642,0
1790549100,2026-09-27 22:45,0,forest,2026-08,0.5439,1
1790549100,2026-09-27 22:45,3,xgb-all,2026-08,0.6126,1
1790550000,2026-09-27 23:00,0,forest,2026-08,0.5658,1
1790550000,2026-09-27 23:00,3,xgb-all,2026-08,0.7779,1
1790550900,2026-09-27 23:15,0,forest,2026-08,0.5111,1
1790550900,2026-09-27 23:15,3,xgb-all,2026-08,0.6529,1
1790551800,2026-09-27 23:30,0,forest,2026-08,0.4993,0
1790551800,2026-09-27 23:30,3,xgb-all,2026-08,0.5988,0
1790552700,2026-09-27 23:45,0,forest,2026-08,0.5428,1
1790552700,2026-09-27 23:45,3,xgb-all,2026-08,0.7787,1
1790553600,2026-09-28 00:00,0,forest,2026-08,0.4765,0
1790553600,2026-09-28 00:00,3,xgb-all,2026-08,0.7268,0
1790554500,2026-09-28 00:15,0,forest,2026-08,0.5198,1
1790554500,2026-09-28 00:15,3,xgb-all,2026-08,0.7708,1
1790555400,2026-09-28 00:30,0,forest,2026-08,0.4151,0
1790555400,2026-09-28 00:30,3,xgb-all,2026-08,0.0873,0
1790556300,2026-09-28 00:45,0,forest,2026-08,0.5536,0
1790556300,2026-09-28 00:45,3,xgb-all,2026-08,0.7932,0
1790557200,2026-09-28 01:00,0,forest,2026-08,0.5698,0
1790557200,2026-09-28 01:00,3,xgb-all,2026-08,0.4161,0
1790558100,2026-09-28 01:15,0,forest,2026-08,0.5531,1
1790558100,2026-09-28 01:15,3,xgb-all,2026-08,0.393,1
1790559000,2026-09-28 01:30,0,forest,2026-08,0.5089,0
1790559000,2026-09-28 01:30,3,xgb-all,2026-08,0.4646,0
1790559900,2026-09-28 01:45,0,forest,2026-08,0.5507,0
1790559900,2026-09-28 01:45,3,xgb-all,2026-08,0.69,0
1790560800,2026-09-28 02:00,0,forest,2026-08,0.5801,1
1790560800,2026-09-28 02:00,3,xgb-all,2026-08,0.3264,1
1790561700,2026-09-28 02:15,0,forest,2026-08,0.5124,0
1790561700,2026-09-28 02:15,3,xgb-all,2026-08,0.3195,0
1790562600,2026-09-28 02:30,0,forest,2026-08,0.5452,0
1790562600,2026-09-28 02:30,3,xgb-all,2026-08,0.2433,0
1790563500,2026-09-28 02:45,0,forest,2026-08,0.5551,0
1790563500,2026-09-28 02:45,3,xgb-all,2026-08,0.3155,0
1790564400,2026-09-28 03:00,0,forest,2026-08,0.5442,1
1790564400,2026-09-28 03:00,3,xgb-all,2026-08,0.6974,1
1790565300,2026-09-28 03:15,0,forest,2026-08,0.5467,0
1790565300,2026-09-28 03:15,3,xgb-all,2026-08,0.6953,0
1790566200,2026-09-28 03:30,0,forest,2026-08,0.5348,1
1790566200,2026-09-28 03:30,3,xgb-all,2026-08,0.2083,1
1790567100,2026-09-28 03:45,0,forest,2026-08,0.5287,0
1790567100,2026-09-28 03:45,3,xgb-all,2026-08,0.6317,0
1790568000,2026-09-28 04:00,0,forest,2026-08,0.5546,1
1790568000,2026-09-28 04:00,3,xgb-all,2026-08,0.2814,1
1790568900,2026-09-28 04:15,0,forest,2026-08,0.5436,1
1790568900,2026-09-28 04:15,3,xgb-all,2026-08,0.6075,1
1790569800,2026-09-28 04:30,0,forest,2026-08,0.5177,1
1790569800,2026-09-28 04:30,3,xgb-all,2026-08,0.3869,1
1790570700,2026-09-28 04:45,0,forest,2026-08,0.5474,0
1790570700,2026-09-28 04:45,3,xgb-all,2026-08,0.3388,0
1790571600,2026-09-28 05:00,0,forest,2026-08,0.4608,0
1790571600,2026-09-28 05:00,3,xgb-all,2026-08,0.2215,0
1790572500,2026-09-28 05:15,0,forest,2026-08,0.6109,0
1790572500,2026-09-28 05:15,3,xgb-all,2026-08,0.2792,0
1790573400,2026-09-28 05:30,0,forest,2026-08,0.5335,1
1790573400,2026-09-28 05:30,3,xgb-all,2026-08,0.3436,1
1790574300,2026-09-28 05:45,0,forest,2026-08,0.5036,1
1790574300,2026-09-28 05:45,3,xgb-all,2026-08,0.6664,1
1790575200,2026-09-28 06:00,0,forest,2026-08,0.5004,1
1790575200,2026-09-28 06:00,3,xgb-all,2026-08,0.3688,1
1790576100,2026-09-28 06:15,0,forest,2026-08,0.4532,0
1790576100,2026-09-28 06:15,3,xgb-all,2026-08,0.3533,0
1790577000,2026-09-28 06:30,0,forest,2026-08,0.5883,1
1790577000,2026-09-28 06:30,3,xgb-all,2026-08,0.7775,1
1790577900,2026-09-28 06:45,0,forest,2026-08,0.473,0
1790577900,2026-09-28 06:45,3,xgb-all,2026-08,0.39,0
1790578800,2026-09-28 07:00,0,forest,2026-08,0.4698,0
1790578800,2026-09-28 07:00,3,xgb-all,2026-08,0.8476,0
1790579700,2026-09-28 07:15,0,forest,2026-08,0.5014,0
1790579700,2026-09-28 07:15,3,xgb-all,2026-08,0.6966,0
1790580600,2026-09-28 07:30,0,forest,2026-08,0.5405,1
1790580600,2026-09-28 07:30,3,xgb-all,2026-08,0.5871,1
1790581500,2026-09-28 07:45,0,forest,2026-08,0.5002,1
1790581500,2026-09-28 07:45,3,xgb-all,2026-08,0.6408,1
1790582400,2026-09-28 08:00,0,forest,2026-08,0.5042,1
1790582400,2026-09-28 08:00,3,xgb-all,2026-08,0.8459,1
1790583300,2026-09-28 08:15,0,forest,2026-08,0.4214,0
1790583300,2026-09-28 08:15,3,xgb-all,2026-08,0.3564,0
1790584200,2026-09-28 08:30,0,forest,2026-08,0.4693,1
1790584200,2026-09-28 08:30,3,xgb-all,2026-08,0.6949,1
1790585100,2026-09-28 08:45,0,forest,2026-08,0.4848,1
1790585100,2026-09-28 08:45,3,xgb-all,2026-08,0.6954,1
1790586000,2026-09-28 09:00,0,forest,2026-08,0.5083,0
1790586000,2026-09-28 09:00,3,xgb-all,2026-08,0.1328,0
1790586900,2026-09-28 09:15,0,forest,2026-08,0.4792,0
1790586900,2026-09-28 09:15,3,xgb-all,2026-08,0.4555,0
1790587800,2026-09-28 09:30,0,forest,2026-08,0.5211,0
1790587800,2026-09-28 09:30,3,xgb-all,2026-08,0.5771,0
1790588700,2026-09-28 09:45,0,forest,2026-08,0.5043,1
1790588700,2026-09-28 09:45,3,xgb-all,2026-08,0.7332,1
1790589600,2026-09-28 10:00,0,forest,2026-08,0.5328,1
1790589600,2026-09-28 10:00,3,xgb-all,2026-08,0.791,1
1790590500,2026-09-28 10:15,0,forest,2026-08,0.5243,1
1790590500,2026-09-28 10:15,3,xgb-all,2026-08,0.6077,1
1790591400,2026-09-28 10:30,0,forest,2026-08,0.5128,1
1790591400,2026-09-28 10:30,3,xgb-all,2026-08,0.4531,1
1790592300,2026-09-28 10:45,0,forest,2026-08,0.4723,1
1790592300,2026-09-28 10:45,3,xgb-all,2026-08,0.2907,1
1790593200,2026-09-28 11:00,0,forest,2026-08,0.4547,1
1790593200,2026-09-28 11:00,3,xgb-all,2026-08,0.6901,1
1790594100,2026-09-28 11:15,0,forest,2026-08,0.4921,1
1790594100,2026-09-28 11:15,3,xgb-all,2026-08,0.7721,1
1790595000,2026-09-28 11:30,0,forest,2026-08,0.5065,1
1790595000,2026-09-28 11:30,3,xgb-all,2026-08,0.3103,1
1790595900,2026-09-28 11:45,0,forest,2026-08,0.5121,1
1790595900,2026-09-28 11:45,3,xgb-all,2026-08,0.2944,1
1790596800,2026-09-28 12:00,0,forest,2026-08,0.5392,1
1790596800,2026-09-28 12:00,3,xgb-all,2026-08,0.3677,1
1790597700,2026-09-28 12:15,0,forest,2026-08,0.4226,0
1790597700,2026-09-28 12:15,3,xgb-all,2026-08,0.3624,0
1790598600,2026-09-28 12:30,0,forest,2026-08,0.5079,0
1790598600,2026-09-28 12:30,3,xgb-all,2026-08,0.3171,0
1790599500,2026-09-28 12:45,0,forest,2026-08,0.4795,1
1790599500,2026-09-28 12:45,3,xgb-all,2026-08,0.7286,1
1790600400,2026-09-28 13:00,0,forest,2026-08,0.4489,0
1790600400,2026-09-28 13:00,3,xgb-all,2026-08,0.1441,0
1790601300,2026-09-28 13:15,0,forest,2026-08,0.4878,1
1790601300,2026-09-28 13:15,3,xgb-all,2026-08,0.5296,1
1790602200,2026-09-28 13:30,0,forest,2026-08,0.4338,1
1790602200,2026-09-28 13:30,3,xgb-all,2026-08,0.1784,1
1790603100,2026-09-28 13:45,0,forest,2026-08,0.4822,0
1790603100,2026-09-28 13:45,3,xgb-all,2026-08,0.6195,0
1790604000,2026-09-28 14:00,0,forest,2026-08,0.4734,0
1790604000,2026-09-28 14:00,3,xgb-all,2026-08,0.2298,0
1790604900,2026-09-28 14:15,0,forest,2026-08,0.5359,0
1790604900,2026-09-28 14:15,3,xgb-all,2026-08,0.5034,0
1790605800,2026-09-28 14:30,0,forest,2026-08,0.5534,0
1790605800,2026-09-28 14:30,3,xgb-all,2026-08,0.4765,0
1790606700,2026-09-28 14:45,0,forest,2026-08,0.5837,1
1790606700,2026-09-28 14:45,3,xgb-all,2026-08,0.41,1
1790607600,2026-09-28 15:00,0,forest,2026-08,0.5726,0
1790607600,2026-09-28 15:00,3,xgb-all,2026-08,0.6206,0
1790608500,2026-09-28 15:15,0,forest,2026-08,0.5207,1
1790608500,2026-09-28 15:15,3,xgb-all,2026-08,0.2982,1
1790609400,2026-09-28 15:30,0,forest,2026-08,0.4855,1
1790609400,2026-09-28 15:30,3,xgb-all,2026-08,0.6552,1
1790610300,2026-09-28 15:45,0,forest,2026-08,0.4997,1
1790610300,2026-09-28 15:45,3,xgb-all,2026-08,0.7024,1
1790611200,2026-09-28 16:00,0,forest,2026-08,0.4846,1
1790611200,2026-09-28 16:00,3,xgb-all,2026-08,0.2449,1
1790612100,2026-09-28 16:15,0,forest,2026-08,0.4953,1
1790612100,2026-09-28 16:15,3,xgb-all,2026-08,0.8962,1
1790613000,2026-09-28 16:30,0,forest,2026-08,0.4074,0
1790613000,2026-09-28 16:30,3,xgb-all,2026-08,0.3264,0
1790613900,2026-09-28 16:45,0,forest,2026-08,0.5751,0
1790613900,2026-09-28 16:45,3,xgb-all,2026-08,0.3446,0
1790614800,2026-09-28 17:00,0,forest,2026-08,0.4896,1
1790614800,2026-09-28 17:00,3,xgb-all,2026-08,0.5949,1
1790615700,2026-09-28 17:15,0,forest,2026-08,0.3996,0
1790615700,2026-09-28 17:15,3,xgb-all,2026-08,0.2771,0
1790616600,2026-09-28 17:30,0,forest,2026-08,0.5363,1
1790616600,2026-09-28 17:30,3,xgb-all,2026-08,0.7153,1
1790617500,2026-09-28 17:45,0,forest,2026-08,0.515,0
1790617500,2026-09-28 17:45,3,xgb-all,2026-08,0.2628,0
1790618400,2026-09-28 18:00,0,forest,2026-08,0.4461,1
1790618400,2026-09-28 18:00,3,xgb-all,2026-08,0.7101,1
1790619300,2026-09-28 18:15,0,forest,2026-08,0.4763,0
1790619300,2026-09-28 18:15,3,xgb-all,2026-08,0.2294,0
1790620200,2026-09-28 18:30,0,forest,2026-08,0.4716,0
1790620200,2026-09-28 18:30,3,xgb-all,2026-08,0.1508,0
1790621100,2026-09-28 18:45,0,forest,2026-08,0.4925,1
1790621100,2026-09-28 18:45,3,xgb-all,2026-08,0.6208,1
1790622000,2026-09-28 19:00,0,forest,2026-08,0.4804,0
1790622000,2026-09-28 19:00,3,xgb-all,2026-08,0.1413,0
1790622900,2026-09-28 19:15,0,forest,2026-08,0.5374,0
1790622900,2026-09-28 19:15,3,xgb-all,2026-08,0.4781,0
1790623800,2026-09-28 19:30,0,forest,2026-08,0.479,0
1790623800,2026-09-28 19:30,3,xgb-all,2026-08,0.3218,0
1790624700,2026-09-28 19:45,0,forest,2026-08,0.5772,1
1790624700,2026-09-28 19:45,3,xgb-all,2026-08,0.6073,1
1790625600,2026-09-28 20:00,0,forest,2026-08,0.5392,1
1790625600,2026-09-28 20:00,3,xgb-all,2026-08,0.4363,1
1790626500,2026-09-28 20:15,0,forest,2026-08,0.5139,0
1790626500,2026-09-28 20:15,3,xgb-all,2026-08,0.2502,0
1790627400,2026-09-28 20:30,0,forest,2026-08,0.5008,1
1790627400,2026-09-28 20:30,3,xgb-all,2026-08,0.5692,1
1790628300,2026-09-28 20:45,0,forest,2026-08,0.4725,1
1790628300,2026-09-28 20:45,3,xgb-all,2026-08,0.5212,1
1790629200,2026-09-28 21:00,0,forest,2026-08,0.4715,1
1790629200,2026-09-28 21:00,3,xgb-all,2026-08,0.7673,1
1790630100,2026-09-28 21:15,0,forest,2026-08,0.449,0
1790630100,2026-09-28 21:15,3,xgb-all,2026-08,0.2817,0
1790631000,2026-09-28 21:30,0,forest,2026-08,0.4842,0
1790631000,2026-09-28 21:30,3,xgb-all,2026-08,0.3693,0
1790631900,2026-09-28 21:45,0,forest,2026-08,0.5444,0
1790631900,2026-09-28 21:45,3,xgb-all,2026-08,0.3956,0
1790632800,2026-09-28 22:00,0,forest,2026-08,0.5905,0
1790632800,2026-09-28 22:00,3,xgb-all,2026-08,0.3412,0
1790633700,2026-09-28 22:15,0,forest,2026-08,0.584,1
1790633700,2026-09-28 22:15,3,xgb-all,2026-08,0.7038,1
1790634600,2026-09-28 22:30,0,forest,2026-08,0.5411,1
1790634600,2026-09-28 22:30,3,xgb-all,2026-08,0.7882,1
1790635500,2026-09-28 22:45,0,forest,2026-08,0.4365,1
1790635500,2026-09-28 22:45,3,xgb-all,2026-08,0.5329,1
1790636400,2026-09-28 23:00,0,forest,2026-08,0.5028,0
1790636400,2026-09-28 23:00,3,xgb-all,2026-08,0.775,0
1790637300,2026-09-28 23:15,0,forest,2026-08,0.471,1
1790637300,2026-09-28 23:15,3,xgb-all,2026-08,0.734,1
1790638200,2026-09-28 23:30,0,forest,2026-08,0.4486,1
1790638200,2026-09-28 23:30,3,xgb-all,2026-08,0.5447,1
1790639100,2026-09-28 23:45,0,forest,2026-08,0.4829,0
1790639100,2026-09-28 23:45,3,xgb-all,2026-08,0.281,0
1790640000,2026-09-29 00:00,0,forest,2026-08,0.4786,1
1790640000,2026-09-29 00:00,3,xgb-all,2026-08,0.6558,1
1790640900,2026-09-29 00:15,0,forest,2026-08,0.4689,1
1790640900,2026-09-29 00:15,3,xgb-all,2026-08,0.1506,1
1790641800,2026-09-29 00:30,0,forest,2026-08,0.4133,0
1790641800,2026-09-29 00:30,3,xgb-all,2026-08,0.2676,0
1790642700,2026-09-29 00:45,0,forest,2026-08,0.464,0
1790642700,2026-09-29 00:45,3,xgb-all,2026-08,0.1765,0
1790643600,2026-09-29 01:00,0,forest,2026-08,0.5833,0
1790643600,2026-09-29 01:00,3,xgb-all,2026-08,0.7575,0
1790644500,2026-09-29 01:15,0,forest,2026-08,0.6006,0
1790644500,2026-09-29 01:15,3,xgb-all,2026-08,0.2436,0
1790645400,2026-09-29 01:30,0,forest,2026-08,0.5377,1
1790645400,2026-09-29 01:30,3,xgb-all,2026-08,0.7029,1
1790646300,2026-09-29 01:45,0,forest,2026-08,0.514,1
1790646300,2026-09-29 01:45,3,xgb-all,2026-08,0.7153,1
1790647200,2026-09-29 02:00,0,forest,2026-08,0.5177,0
1790647200,2026-09-29 02:00,3,xgb-all,2026-08,0.3773,0
1790648100,2026-09-29 02:15,0,forest,2026-08,0.4694,0
1790648100,2026-09-29 02:15,3,xgb-all,2026-08,0.604,0
1790649000,2026-09-29 02:30,0,forest,2026-08,0.5062,1
1790649000,2026-09-29 02:30,3,xgb-all,2026-08,0.4954,1
1790649900,2026-09-29 02:45,0,forest,2026-08,0.5349,0
1790649900,2026-09-29 02:45,3,xgb-all,2026-08,0.6013,0
1790650800,2026-09-29 03:00,0,forest,2026-08,0.5188,0
1790650800,2026-09-29 03:00,3,xgb-all,2026-08,0.6253,0
1790651700,2026-09-29 03:15,0,forest,2026-08,0.4915,1
1790651700,2026-09-29 03:15,3,xgb-all,2026-08,0.6399,1
1790652600,2026-09-29 03:30,0,forest,2026-08,0.5117,0
1790652600,2026-09-29 03:30,3,xgb-all,2026-08,0.3494,0
1790653500,2026-09-29 03:45,0,forest,2026-08,0.5136,0
1790653500,2026-09-29 03:45,3,xgb-all,2026-08,0.6097,0
1790654400,2026-09-29 04:00,0,forest,2026-08,0.4907,1
1790654400,2026-09-29 04:00,3,xgb-all,2026-08,0.5759,1
1790655300,2026-09-29 04:15,0,forest,2026-08,0.4845,1
1790655300,2026-09-29 04:15,3,xgb-all,2026-08,0.7728,1
1790656200,2026-09-29 04:30,0,forest,2026-08,0.4676,0
1790656200,2026-09-29 04:30,3,xgb-all,2026-08,0.3225,0
1790657100,2026-09-29 04:45,0,forest,2026-08,0.4958,1
1790657100,2026-09-29 04:45,3,xgb-all,2026-08,0.3061,1
1790658000,2026-09-29 05:00,0,forest,2026-08,0.48,1
1790658000,2026-09-29 05:00,3,xgb-all,2026-08,0.7133,1
1790658900,2026-09-29 05:15,0,forest,2026-08,0.4284,1
1790658900,2026-09-29 05:15,3,xgb-all,2026-08,0.4818,1
1790659800,2026-09-29 05:30,0,forest,2026-08,0.4389,0
1790659800,2026-09-29 05:30,3,xgb-all,2026-08,0.1366,0
1790660700,2026-09-29 05:45,0,forest,2026-08,0.5061,1
1790660700,2026-09-29 05:45,3,xgb-all,2026-08,0.379,1
1790661600,2026-09-29 06:00,0,forest,2026-08,0.424,1
1790661600,2026-09-29 06:00,3,xgb-all,2026-08,0.5603,1
1790662500,2026-09-29 06:15,0,forest,2026-08,0.2978,0
1790662500,2026-09-29 06:15,3,xgb-all,2026-08,0.1577,0
1790663400,2026-09-29 06:30,0,forest,2026-08,0.3877,1
1790663400,2026-09-29 06:30,3,xgb-all,2026-08,0.6345,1
1790664300,2026-09-29 06:45,0,forest,2026-08,0.4799,1
1790664300,2026-09-29 06:45,3,xgb-all,2026-08,0.2878,1
1790665200,2026-09-29 07:00,0,forest,2026-08,0.3555,0
1790665200,2026-09-29 07:00,3,xgb-all,2026-08,0.1601,0
1790666100,2026-09-29 07:15,0,forest,2026-08,0.4669,1
1790666100,2026-09-29 07:15,3,xgb-all,2026-08,0.687,1
1790667000,2026-09-29 07:30,0,forest,2026-08,0.4762,1
1790667000,2026-09-29 07:30,3,xgb-all,2026-08,0.6983,1
1790667900,2026-09-29 07:45,0,forest,2026-08,0.4647,0
1790667900,2026-09-29 07:45,3,xgb-all,2026-08,0.5997,0
1790668800,2026-09-29 08:00,0,forest,2026-08,0.5027,1
1790668800,2026-09-29 08:00,3,xgb-all,2026-08,0.7635,1
1790669700,2026-09-29 08:15,0,forest,2026-08,0.4895,1
1790669700,2026-09-29 08:15,3,xgb-all,2026-08,0.6706,1
1790670600,2026-09-29 08:30,0,forest,2026-08,0.4852,0
1790670600,2026-09-29 08:30,3,xgb-all,2026-08,0.2388,0
1790671500,2026-09-29 08:45,0,forest,2026-08,0.5281,1
1790671500,2026-09-29 08:45,3,xgb-all,2026-08,0.3093,1
1790672400,2026-09-29 09:00,0,forest,2026-08,0.4958,0
1790672400,2026-09-29 09:00,3,xgb-all,2026-08,0.333,0
1790673300,2026-09-29 09:15,0,forest,2026-08,0.5268,1
1790673300,2026-09-29 09:15,3,xgb-all,2026-08,0.5547,1
1790674200,2026-09-29 09:30,0,forest,2026-08,0.4987,1
1790674200,2026-09-29 09:30,3,xgb-all,2026-08,0.7899,1
1790675100,2026-09-29 09:45,0,forest,2026-08,0.4487,1
1790675100,2026-09-29 09:45,3,xgb-all,2026-08,0.8693,1
1790676000,2026-09-29 10:00,0,forest,2026-08,0.3264,0
1790676000,2026-09-29 10:00,3,xgb-all,2026-08,0.1985,0
1790676900,2026-09-29 10:15,0,forest,2026-08,0.4716,0
1790676900,2026-09-29 10:15,3,xgb-all,2026-08,0.2987,0
1790677800,2026-09-29 10:30,0,forest,2026-08,0.5249,0
1790677800,2026-09-29 10:30,3,xgb-all,2026-08,0.3394,0
1790678700,2026-09-29 10:45,0,forest,2026-08,0.5258,1
1790678700,2026-09-29 10:45,3,xgb-all,2026-08,0.3421,1
1790679600,2026-09-29 11:00,0,forest,2026-08,0.4346,0
1790679600,2026-09-29 11:00,3,xgb-all,2026-08,0.3234,0
1790680500,2026-09-29 11:15,0,forest,2026-08,0.4929,1
1790680500,2026-09-29 11:15,3,xgb-all,2026-08,0.3953,1
1790681400,2026-09-29 11:30,0,forest,2026-08,0.4688,1
1790681400,2026-09-29 11:30,3,xgb-all,2026-08,0.8736,1
1790682300,2026-09-29 11:45,0,forest,2026-08,0.4479,1
1790682300,2026-09-29 11:45,3,xgb-all,2026-08,0.7276,1
1790683200,2026-09-29 12:00,0,forest,2026-08,0.4752,0
1790683200,2026-09-29 12:00,3,xgb-all,2026-08,0.6745,0
1790684100,2026-09-29 12:15,0,forest,2026-08,0.4808,0
1790684100,2026-09-29 12:15,3,xgb-all,2026-08,0.8169,0
1790685000,2026-09-29 12:30,0,forest,2026-08,0.5041,1
1790685000,2026-09-29 12:30,3,xgb-all,2026-08,0.73,1
1790685900,2026-09-29 12:45,0,forest,2026-08,0.4317,0
1790685900,2026-09-29 12:45,3,xgb-all,2026-08,0.2862,0
1790686800,2026-09-29 13:00,0,forest,2026-08,0.4863,1
1790686800,2026-09-29 13:00,3,xgb-all,2026-08,0.4002,1
1790687700,2026-09-29 13:15,0,forest,2026-08,0.504,0
1790687700,2026-09-29 13:15,3,xgb-all,2026-08,0.5576,0
1790688600,2026-09-29 13:30,0,forest,2026-08,0.5203,0
1790688600,2026-09-29 13:30,3,xgb-all,2026-08,0.0955,0
1790689500,2026-09-29 13:45,0,forest,2026-08,0.5174,1
1790689500,2026-09-29 13:45,3,xgb-all,2026-08,0.3059,1
1790690400,2026-09-29 14:00,0,forest,2026-08,0.4797,0
1790690400,2026-09-29 14:00,3,xgb-all,2026-08,0.1335,0
1790691300,2026-09-29 14:15,0,forest,2026-08,0.5258,1
1790691300,2026-09-29 14:15,3,xgb-all,2026-08,0.6172,1
1790692200,2026-09-29 14:30,0,forest,2026-08,0.5666,0
1790692200,2026-09-29 14:30,3,xgb-all,2026-08,0.6385,0
1790693100,2026-09-29 14:45,0,forest,2026-08,0.5381,0
1790693100,2026-09-29 14:45,3,xgb-all,2026-08,0.4983,0
1790694000,2026-09-29 15:00,0,forest,2026-08,0.567,0
1790694000,2026-09-29 15:00,3,xgb-all,2026-08,0.3799,0
1790694900,2026-09-29 15:15,0,forest,2026-08,0.5683,0
1790694900,2026-09-29 15:15,3,xgb-all,2026-08,0.4501,0
1790695800,2026-09-29 15:30,0,forest,2026-08,0.6366,1
1790695800,2026-09-29 15:30,3,xgb-all,2026-08,0.8263,1
1790696700,2026-09-29 15:45,0,forest,2026-08,0.4968,0
1790696700,2026-09-29 15:45,3,xgb-all,2026-08,0.6806,0
1790697600,2026-09-29 16:00,0,forest,2026-08,0.5547,0
1790697600,2026-09-29 16:00,3,xgb-all,2026-08,0.706,0
1790698500,2026-09-29 16:15,0,forest,2026-08,0.5308,1
1790698500,2026-09-29 16:15,3,xgb-all,2026-08,0.6919,1
1790699400,2026-09-29 16:30,0,forest,2026-08,0.5472,0
1790699400,2026-09-29 16:30,3,xgb-all,2026-08,0.2576,0
1790700300,2026-09-29 16:45,0,forest,2026-08,0.5503,1
1790700300,2026-09-29 16:45,3,xgb-all,2026-08,0.4799,1
1790701200,2026-09-29 17:00,0,forest,2026-08,0.5363,1
1790701200,2026-09-29 17:00,3,xgb-all,2026-08,0.4349,1
1790702100,2026-09-29 17:15,0,forest,2026-08,0.4732,1
1790702100,2026-09-29 17:15,3,xgb-all,2026-08,0.2811,1
1790703000,2026-09-29 17:30,0,forest,2026-08,0.4853,0
1790703000,2026-09-29 17:30,3,xgb-all,2026-08,0.6269,0
1790703900,2026-09-29 17:45,0,forest,2026-08,0.5498,0
1790703900,2026-09-29 17:45,3,xgb-all,2026-08,0.4102,0
1790704800,2026-09-29 18:00,0,forest,2026-08,0.5571,1
1790704800,2026-09-29 18:00,3,xgb-all,2026-08,0.8583,1
1790705700,2026-09-29 18:15,0,forest,2026-08,0.443,0
1790705700,2026-09-29 18:15,3,xgb-all,2026-08,0.5257,0
1790706600,2026-09-29 18:30,0,forest,2026-08,0.5113,1
1790706600,2026-09-29 18:30,3,xgb-all,2026-08,0.8294,1
1790707500,2026-09-29 18:45,0,forest,2026-08,0.4282,1
1790707500,2026-09-29 18:45,3,xgb-all,2026-08,0.3461,1
1790708400,2026-09-29 19:00,0,forest,2026-08,0.4087,0
1790708400,2026-09-29 19:00,3,xgb-all,2026-08,0.5323,0
1790709300,2026-09-29 19:15,0,forest,2026-08,0.4824,0
1790709300,2026-09-29 19:15,3,xgb-all,2026-08,0.558,0
1790710200,2026-09-29 19:30,0,forest,2026-08,0.5081,0
1790710200,2026-09-29 19:30,3,xgb-all,2026-08,0.7539,0
1790711100,2026-09-29 19:45,0,forest,2026-08,0.536,1
1790711100,2026-09-29 19:45,3,xgb-all,2026-08,0.8334,1
1790712000,2026-09-29 20:00,0,forest,2026-08,0.4438,0
1790712000,2026-09-29 20:00,3,xgb-all,2026-08,0.2189,0
1790712900,2026-09-29 20:15,0,forest,2026-08,0.4554,1
1790712900,2026-09-29 20:15,3,xgb-all,2026-08,0.8,1
1790713800,2026-09-29 20:30,0,forest,2026-08,0.4673,1
1790713800,2026-09-29 20:30,3,xgb-all,2026-08,0.3082,1
1790714700,2026-09-29 20:45,0,forest,2026-08,0.4555,0
1790714700,2026-09-29 20:45,3,xgb-all,2026-08,0.4271,0
1790715600,2026-09-29 21:00,0,forest,2026-08,0.4874,0
1790715600,2026-09-29 21:00,3,xgb-all,2026-08,0.28,0
1790716500,2026-09-29 21:15,0,forest,2026-08,0.5161,0
1790716500,2026-09-29 21:15,3,xgb-all,2026-08,0.2837,0
1790717400,2026-09-29 21:30,0,forest,2026-08,0.5391,1
1790717400,2026-09-29 21:30,3,xgb-all,2026-08,0.5645,1
1790718300,2026-09-29 21:45,0,forest,2026-08,0.4381,0
1790718300,2026-09-29 21:45,3,xgb-all,2026-08,0.1778,0
1790719200,2026-09-29 22:00,0,forest,2026-08,0.4863,1
1790719200,2026-09-29 22:00,3,xgb-all,2026-08,0.7911,1
1790720100,2026-09-29 22:15,0,forest,2026-08,0.4809,0
1790720100,2026-09-29 22:15,3,xgb-all,2026-08,0.1912,0
1790721000,2026-09-29 22:30,0,forest,2026-08,0.5377,1
1790721000,2026-09-29 22:30,3,xgb-all,2026-08,0.3202,1
1790721900,2026-09-29 22:45,0,forest,2026-08,0.51,1
1790721900,2026-09-29 22:45,3,xgb-all,2026-08,0.3721,1
1790722800,2026-09-29 23:00,0,forest,2026-08,0.5233,1
1790722800,2026-09-29 23:00,3,xgb-all,2026-08,0.7951,1
1790723700,2026-09-29 23:15,0,forest,2026-08,0.3604,0
1790723700,2026-09-29 23:15,3,xgb-all,2026-08,0.4105,0
1790724600,2026-09-29 23:30,0,forest,2026-08,0.4913,0
1790724600,2026-09-29 23:30,3,xgb-all,2026-08,0.2399,0
