year,horizon,pattern,fires,share,up_rate,base,diff,se,z,p,p_adj,family
2018,1,failed breakout above the 1h high,38961,0.0766007895813017,0.5097148430481764,0.5080570323067728,0.0017953348050318008,0.002692800437068454,0.6667166197381902,0.5049531608071318,1.0,levels
2018,1,failed breakdown below the 1h low,37370,0.07347274214350875,0.5031040941932031,0.5080570323067728,-0.005345701458398744,0.002747278103415888,-1.9458173716567135,0.0516766811489191,1.0,levels
2018,1,wick rejection at the 1h high,14610,0.02872455880965114,0.5100616016427105,0.5080570323067728,0.0020638525910642302,0.00458412531301549,0.45021731522138614,0.6525537522452931,1.0,levels
2018,1,wick rejection at the 1h low,13750,0.027033722356790083,0.4994909090909091,0.5080570323067728,-0.008804131666940385,0.0042293230712285535,-2.081688137478445,0.03737096486817393,1.0,levels
2018,1,failed breakout above the 4h high,15555,0.03058251281889962,0.5013179042108646,0.5080570323067728,-0.006951729450955457,0.004066061510897218,-1.7096960860834314,0.08732208688760323,1.0,levels
2018,1,failed breakdown below the 4h low,15221,0.029925839126741956,0.5031206885224361,0.5080570323067728,-0.005088625162320559,0.004005682353558584,-1.2703516437842122,0.20395939990153078,1.0,levels
2018,1,wick rejection at the 4h high,5040,0.009909088049325238,0.48988095238095236,0.5080570323067728,-0.01835799087379758,0.00790110683398521,-2.3234707819458835,0.020153875502297858,1.0,levels
2018,1,wick rejection at the 4h low,4946,0.009724275692849728,0.5117266477961989,0.5080570323067728,0.003705650254118509,0.006994862232074408,0.5297674394681473,0.5962731831851451,1.0,levels
2018,1,failed breakout above the daily high,4136,0.008131743684922458,0.5157156673114119,0.5080570323067728,0.007721423642583325,0.007683507714540855,1.0049347159463007,0.31492828658447447,1.0,levels
2018,1,failed breakdown below the daily low,5623,0.011055317877253138,0.4897741419171261,0.5080570323067728,-0.018487273070120436,0.006320195198680553,-2.9251110905530204,0.003443332766457363,0.9261992619926199,levels
2018,1,wick rejection at the daily high,1235,0.0024281197898644185,0.4801619433198381,0.5080570323067728,-0.027962986467760742,0.014191573142476916,-1.9703937109033032,0.04879326580273702,1.0,levels
2018,1,wick rejection at the daily low,1729,0.003399367705810186,0.5147484094852516,0.5080570323067728,0.006714201217267068,0.010351668207306533,0.6486105507639797,0.5165901341298957,1.0,levels
2018,1,"liquidity sweep of the 1h low (took it out, closed back above)",10059,0.019776888231778287,0.49736554329456206,0.5080570323067728,-0.010907199477192875,0.005161624680909642,-2.1131330058795905,0.03458938538251877,1.0,levels
2018,1,"liquidity sweep of the 1h high (took it out, closed back below)",10791,0.021216065305608857,0.5094059864702066,0.5080570323067728,0.001378194017717549,0.005169817804203162,0.2665846399068552,0.7897889833516347,1.0,levels
2018,1,retest from above of a 4h high broken in the last hour,5902,0.011603856679983642,0.5086411385970857,0.5080570323067728,0.0005909637489589503,0.00693111048546199,0.08526249151539242,0.9320527103432468,1.0,levels
2018,1,retest from below of a 4h low broken in the last hour,4626,0.009095127245273522,0.4943795936013835,0.5080570323067728,-0.013802978551680556,0.00735224962386792,-1.8773816529394434,0.06046580425640613,1.0,levels
2018,1,acceptance above the 4h high (last 5 closes all above it),12075,0.023740523451508382,0.49681159420289855,0.5080570323067728,-0.011518902888023042,0.004530814192637861,-2.5423472246423513,0.011011072629692364,0.992619926199262,levels
2018,1,acceptance below the 4h low (last 5 closes all below it),12839,0.025242615370096574,0.49957161772723735,0.5080570323067728,-0.00870515547082229,0.004236783853872616,-2.0546612173442305,0.03991173834301631,1.0,levels
2018,1,"support held (4h low tested within 3 bp, no close below, price now 3+ bp above)",10985,0.021597486551951935,0.512972234865726,0.5080570323067728,0.00502370189302892,0.004769233182981577,1.053356315425168,0.29217771756849986,1.0,levels
2018,1,"resistance held (4h high tested within 3 bp, no close above, price now 3+ bp below)",12168,0.02392336971908522,0.5078895463510849,0.5080570323067728,-0.0001715909903915458,0.004823148964032092,-0.035576547950552595,0.9716200085053581,1.0,levels
2018,1,"repeated rejection at the 4h high (2+ touches in 30 minutes, no close above)",8337,0.016391283148258832,0.5120546959337892,0.5080570323067728,0.004064282431139654,0.005287622657218664,0.7686407852101729,0.44210658645947665,1.0,levels
2018,1,"repeated rejection at the 4h low (2+ touches in 30 minutes, no close below)",7194,0.014144043537072572,0.5122324159021406,0.5080570323067728,0.004235287688830747,0.005426575644180775,0.7804715103110165,0.4351133904990032,1.0,levels
2018,1,rejecting the ups (3+ up-minutes undone by the next minute in the last 15),94176,0.18515838812167731,0.5032598538905878,0.5080570323067728,-0.0058872526221713795,0.001829372583669649,-3.218181290528463,0.0012900625075977779,0.6900369003690037,levels
2018,1,rejecting the downs (3+ down-minutes undone by the next minute in the last 15),96253,0.18924195476422662,0.5099789097482675,0.5080570323067728,0.002370469775524575,0.0018766859223962905,1.2631148063911435,0.20654792362363805,1.0,levels
2018,1,lower highs (three successive 10-minute highs declining),156788,0.3082591462455566,0.5091142179248412,0.5080570323067728,0.001528297211781715,0.001644087395357745,0.9295717588353418,0.35259285525617323,1.0,levels
2018,1,higher lows (three successive 10-minute lows rising),161096,0.3167290572210513,0.5084421711277748,0.5080570323067728,0.0005636692516669539,0.0016458065680469958,0.3424881529886193,0.7319835580835725,1.0,levels
2018,1,approaching the previous day's high from below (within 10 bp),4830,0.009496209380603353,0.5115942028985507,0.5080570323067728,0.003571082337369025,0.00638611914045726,0.5591944432645407,0.5760290250562266,1.0,levels
2018,1,approaching the previous day's low from above (within 10 bp),3931,0.007728695460693951,0.517934367845332,0.5080570323067728,0.00995426905260055,0.007632916940591151,1.3041238533154556,0.19219135714662183,1.0,levels
2018,1,broke above the previous day's high in the last 5 minutes,2778,0.005461794960520935,0.509719222462203,0.5080570323067728,0.0016713185546897158,0.00980385214399342,0.17047569977008392,0.8646360434007978,1.0,levels
2018,1,broke below the previous day's low in the last 5 minutes,3033,0.005963147629683223,0.5031322123310253,0.5080570323067728,-0.004954363577169274,0.00969120283571844,-0.5112227719462432,0.6091950748992576,1.0,levels
2018,1,crossed above the daily open in the last 5 minutes,8669,0.017044024662619145,0.5043257584496482,0.5080570323067728,-0.0037959725061378347,0.00539660675860998,-0.7033998725368632,0.4818065859504008,1.0,levels
2018,1,crossed below the daily open in the last 5 minutes,8658,0.017022397684733712,0.4926079926079926,0.5080570323067728,-0.015716573462500216,0.005906800447466621,-2.660759171107757,0.0077964699483592526,0.988929889298893,levels
2018,1,reclaimed the session VWAP in the last 5 minutes after 30+ minutes below,4146,0.008151404573909215,0.5043415340086831,0.5080570323067728,-0.003746033734608023,0.007651385588253038,-0.48958893672267745,0.6244248066682279,1.0,levels
2018,1,lost the session VWAP in the last 5 minutes after 30+ minutes above,4420,0.008690112932146339,0.5,0.5080570323067728,-0.008127662612751996,0.00737987108495561,-1.1013285353074542,0.27075369620036316,1.0,levels
2018,1,"approaching a $1,000 level from below (within 10 bp, rising)",1194,0.0023475101450187172,0.5452261306532663,0.5080570323067728,0.03725655849553022,0.012590065918635058,2.9592028140524116,0.003084360360328109,0.9077490774907749,round numbers
2018,1,"approaching a $1,000 level from above (within 10 bp, falling)",1008,0.0019818176098650477,0.47023809523809523,0.5080570323067728,-0.03789403613680231,0.01571603452006886,-2.4111703297936176,0.015901420272658173,1.0,round numbers
2018,1,"crossed a $1,000 level upward in the last 3 minutes",2408,0.0047343420680109475,0.5170265780730897,0.5080570323067728,0.009012212663857322,0.009743314236971608,0.924963769479991,0.3549847537116637,1.0,round numbers
2018,1,"crossed a $1,000 level downward in the last 3 minutes",2435,0.0047874264682751895,0.4948665297741273,0.5080570323067728,-0.01325395486698494,0.009981364693041377,-1.32787001322826,0.18422105257694543,1.0,round numbers
2018,1,"approaching a $100 level from below (within 10 bp, rising)",19413,0.03816768378999025,0.5243908720960181,0.5080570323067728,0.01698200353010282,0.003928044644688752,4.323271517054875,1.5373234093951638e-05,0.18450184501845018,round numbers
2018,1,"approaching a $100 level from above (within 10 bp, falling)",17078,0.03357686621158262,0.48149666237264316,0.5080570323067728,-0.027483168609604702,0.00384194645861736,-7.1534491450188895,8.462119893692943e-13,0.007380073800738007,round numbers
2018,1,crossed a $100 level upward in the last 3 minutes,27733,0.05452554342697159,0.5138282912054232,0.5080570323067728,0.0061040875917144355,0.0035305627545244127,1.7289276571821457,0.0838220434095156,1.0,round numbers
2018,1,crossed a $100 level downward in the last 3 minutes,28147,0.05533950423102331,0.5092905105339823,0.5080570323067728,0.0013057370692795,0.003337609690111418,0.39121922289119165,0.6956352005501185,1.0,round numbers
2018,1,10 minutes before funding settlement (00:00 UTC),3550,0.006979615590298531,0.5205633802816901,0.5080570323067728,0.01259425100558409,0.008146781787549578,1.5459173123835737,0.1221245388849661,1.0,time
2018,1,10 minutes after funding settlement (00:00 UTC),3550,0.006979615590298531,0.5076056338028169,0.5080570323067728,-0.00045457123644465636,0.009673892036948881,-0.0469894882750859,0.9625216054167567,1.0,time
2018,1,10 minutes before funding settlement (08:00 UTC),3510,0.006900972034351505,0.5190883190883191,0.5080570323067728,0.011107942381278657,0.009077000589783805,1.223745913796754,0.22104809337293063,1.0,time
2018,1,10 minutes after funding settlement (08:00 UTC),3510,0.006900972034351505,0.5096866096866097,0.5080570323067728,0.0016409011930815787,0.009215020091365529,0.17806810802497355,0.8586694878310275,1.0,time
2018,1,10 minutes before funding settlement (16:00 UTC),3550,0.006979615590298531,0.5287323943661972,0.5080570323067728,0.020820682419037007,0.008542926303618277,2.4371838968362165,0.014802149514011598,1.0,time
2018,1,10 minutes after funding settlement (16:00 UTC),3550,0.006979615590298531,0.5230985915492957,0.5080570323067728,0.015147281444241822,0.008932333192128198,1.695781059487422,0.08992735073007263,1.0,time
2018,1,10 minutes after the US equity open (13:30 UTC),3540,0.006959954701311774,0.5206214689265537,0.5080570323067728,0.012652497428743414,0.008833571937904268,1.4323195098975072,0.15205240206242965,1.0,time
2018,1,10 minutes after the US equity close (20:00 UTC),3550,0.006979615590298531,0.5016901408450705,0.5080570323067728,-0.0064116422599794776,0.008878198603868407,-0.7221782870666802,0.4701848709585237,1.0,time
2018,1,10 minutes after the London open (07:00 UTC),3510,0.006900972034351505,0.5068376068376068,0.5080570323067728,-0.0012278991669782968,0.009213795192191383,-0.13326746919867846,0.8939818538989102,1.0,time
2018,1,last 5 minutes of the hour,42390,0.08334250841486049,0.5117480537862703,0.5080570323067728,0.00402660918978015,0.002781274243877894,1.4477569763727802,0.1476850290772982,1.0,time
2018,1,first 5 minutes of the hour,42386,0.08333464405926579,0.5060161374038598,0.5080570323067728,-0.002226433986717624,0.0027040683416263557,-0.8233645401796836,0.4103007216417238,1.0,time
2018,1,last 5 minutes of a 4-hour block,10600,0.02084054232596181,0.5168867924528302,0.5080570323067728,0.00901769377485484,0.004992085020025102,1.8063982762075428,0.07085615065315509,1.0,time
2018,1,first 5 minutes of a 4-hour block,10600,0.02084054232596181,0.509245283018868,0.5080570323067728,0.001213541576688515,0.005312634027084375,0.22842559274773128,0.8193153951877752,1.0,time
2018,1,last 5 minutes of the UTC day,1775,0.0034898077951492656,0.5380281690140845,0.5080570323067728,0.030076096503336647,0.011824888782167118,2.5434570301154813,0.010976155646240882,0.992619926199262,time
2018,1,first 5 minutes of the UTC day,1775,0.0034898077951492656,0.49577464788732395,0.5080570323067728,-0.012325397688380035,0.013505091072112526,-0.9126482466920559,0.36142757095433353,1.0,time
2018,1,Saturday or Sunday,146250,0.2875405014313127,0.5089982905982906,0.5080570323067728,0.0013211393677939887,0.00213934667222016,0.6175433766529029,0.536876379649202,1.0,time
2018,1,first hour of the week (Monday 00:00 to 01:00 UTC),3120,0.006134197363868004,0.5166666666666667,0.5080570323067728,0.008662773522398859,0.008691719961246572,0.9966696535349993,0.3189248842995549,1.0,time
2018,1,volume climax at a new 1h high (hour's largest volume),2981,0.005860911006952091,0.5176115397517611,0.5080570323067728,0.009610835697715037,0.01003375858306004,0.9578500038799994,0.33813840027428355,1.0,volume and flow
2018,1,volume climax at a new 1h low (hour's largest volume),3608,0.007093648746421718,0.5080376940133038,0.5080570323067728,-1.9476452582489756e-05,0.008444299894637805,-0.002306461497756309,0.9981597116125043,1.0,volume and flow
2018,1,"absorption: heavy taker selling in the last 5 minutes, price did not fall",11315,0.022246295888514896,0.5087936367653557,0.5080570323067728,0.0007533640174263168,0.004975065206736735,0.15142796850304327,0.8796381281715078,1.0,volume and flow
2018,1,"absorption: heavy taker buying in the last 5 minutes, price did not rise",25394,0.049926861492969266,0.5063794597148933,0.5080570323067728,-0.0017657299463446074,0.0032276419238395655,-0.5470650053535416,0.5843340731163023,1.0,volume and flow
2018,1,delta divergence: new 4h high with net taker selling over the hour,1591,0.0031280474377929474,0.5392834695160277,0.5080570323067728,0.03132442148562331,0.012351428885189423,2.536096979288313,0.011209568654086066,0.992619926199262,volume and flow
2018,1,delta divergence: new 4h low with net taker buying over the hour,2437,0.004791358646072541,0.4805088223225277,0.5080570323067728,-0.027680838810610897,0.009623866870022424,-2.8762699218995325,0.0040240543869760614,0.9630996309963099,volume and flow
2018,1,taker buying above 70% of the last minute,109942,0.21615574569819748,0.5385203107092831,0.5080570323067728,0.0388639429776072,0.0021444754013937237,18.122820598617732,0.0,0.0036900369003690036,volume and flow
2018,1,taker selling above 70% of the last minute,74426,0.14632813237283337,0.4795904656974713,0.5080570323067728,-0.03334602871291292,0.002456797852666512,-13.572963960677697,0.0,0.0036900369003690036,volume and flow
2018,1,bullish engulfing,30808,0.060571266790399196,0.5394053492599324,0.5080570323067728,0.03336955305386147,0.003396845318317302,9.823689313704683,0.0,0.0036900369003690036,candles
2018,1,bearish engulfing,31489,0.061910173330397306,0.47591222331607863,0.5080570323067728,-0.03426623770648307,0.003238154622612428,-10.58202640083885,0.0,0.0036900369003690036,candles
2018,1,pin bar at a new 1h high (long upper wick),3106,0.0061066721192865455,0.5,0.5080570323067728,-0.008106536265770958,0.008782256073783698,-0.9230585168166684,0.35597671118757646,1.0,candles
2018,1,pin bar at a new 1h low (long lower wick),2991,0.005880571895938847,0.5081912403878301,0.5080570323067728,0.0001350019698471705,0.009430684441131099,0.01431518260311747,0.9885785269070853,1.0,candles
2018,1,inside bar (last minute inside the previous one),148827,0.2926071125231999,0.5098671612005886,0.5080570323067728,0.0025588734716748274,0.0016307340514065203,1.5691543752752204,0.11661197231539688,1.0,candles
2018,1,doji at a new 1h high,3337,0.006560838654880619,0.5028468684447108,0.5080570323067728,-0.005244572657078894,0.008886437612083888,-0.5901771762789692,0.5550718720611074,1.0,candles
2018,1,doji at a new 1h low,3008,0.005913995407216333,0.5169547872340425,0.5080570323067728,0.008950689262459344,0.0089606659316418,0.9988866152071102,0.31784962086598867,1.0,candles
2018,1,squeeze: last hour's range under 40% of the previous day's median hourly range,3864,0.007596967504482683,0.5023291925465838,0.5080570323067728,-0.00577168707937703,0.008730473433038543,-0.6610966889304489,0.5085503085602214,1.0,volatility
2018,3,failed breakout above the 1h high,38961,0.07660109079041016,0.50668617335284,0.5027859589243092,0.004223758973106562,0.0034637038747334244,1.2194342027670113,0.22267943491691877,1.0,levels
2018,3,failed breakdown below the 1h low,37370,0.07347303105253017,0.49737757559539736,0.5027859589243092,-0.00583726487212316,0.0038242558758284154,-1.526379264791921,0.12691543854966025,1.0,levels
2018,3,wick rejection at the 1h high,14608,0.028720739566908234,0.4772042716319825,0.5027859589243092,-0.026338138097296404,0.004675411355502045,-5.6333306514947745,1.7676208718953035e-08,0.055350553505535055,levels
2018,3,wick rejection at the 1h low,13750,0.027033828658610915,0.5250181818181818,0.5027859589243092,0.022849944374964237,0.004922570493766681,4.6418724534059,3.4526597572082096e-06,0.15867158671586715,levels
2018,3,failed breakout above the 4h high,15555,0.030582633075250384,0.4923175827708132,0.5027859589243092,-0.010798626588158278,0.005054610817900365,-2.1363913023562753,0.03264753240230567,1.0,levels
2018,3,failed breakdown below the 4h low,15221,0.02992595680092485,0.5025294001708166,0.5027859589243092,-0.0002644733722041437,0.005670893600031474,-0.0466369836673846,0.9628025553826942,1.0,levels
2018,3,wick rejection at the 4h high,5038,0.009905194820515039,0.45633187772925765,0.5027859589243092,-0.0469188212603846,0.007994780420987153,-5.868681663503563,4.392739283431979e-09,0.04059040590405904,levels
2018,3,wick rejection at the 4h low,4946,0.00972431393058106,0.5321471896482005,0.5027859589243092,0.02964955227814514,0.007524522804107137,3.940389716403201,8.134934304893093e-05,0.25092250922509224,levels
2018,3,failed breakout above the daily high,4136,0.008131775660510163,0.511605415860735,0.5027859589243092,0.008891762756387256,0.009686893034127462,0.9179168929667214,0.35866237687473657,1.0,levels
2018,3,failed breakdown below the daily low,5623,0.011055361348899576,0.48959630090698913,0.5027859589243092,-0.013337104527216481,0.008890194278709098,-1.5002039448290996,0.13356158173006527,1.0,levels
2018,3,wick rejection at the daily high,1235,0.0024281293377006893,0.45587044534412957,0.5027859589243092,-0.04702970779341631,0.015702562880568746,-2.995033877661689,0.002744143617235295,0.8856088560885609,levels
2018,3,wick rejection at the daily low,1729,0.003399381072780965,0.5216888374783112,0.5027859589243092,0.01896735582439213,0.012141897424125454,1.5621410033249636,0.11825477524031447,1.0,levels
2018,3,"liquidity sweep of the 1h low (took it out, closed back above)",10059,0.019776965998324885,0.5279848891539914,0.5027859589243092,0.025707343487746614,0.00550770403728086,4.667524491827681,3.0485041995209627e-06,0.15867158671586715,levels
2018,3,"liquidity sweep of the 1h high (took it out, closed back below)",10789,0.02121221653801841,0.4732598016498285,0.5027859589243092,-0.03016604597377215,0.005337150452735319,-5.652088364552639,1.5851006063272166e-08,0.055350553505535055,levels
2018,3,retest from above of a 4h high broken in the last hour,5902,0.011603902308590663,0.4905116909522196,0.5027859589243092,-0.012418369518818029,0.007112199172168617,-1.7460660504859682,0.0807994752143899,1.0,levels
2018,3,retest from below of a 4h low broken in the last hour,4626,0.00909516300907157,0.49351491569390404,0.5027859589243092,-0.009356138838274797,0.009338565076538793,-1.0018818481845948,0.3164006604287377,1.0,levels
2018,3,acceptance above the 4h high (last 5 closes all above it),12075,0.023740616803834675,0.4575569358178054,0.5027859589243092,-0.04632889976271365,0.00610940682740898,-7.583207514494806,3.375077994860476e-14,0.007380073800738007,levels
2018,3,acceptance below the 4h low (last 5 closes all below it),12839,0.025242714628938585,0.5174857854973128,0.5027859589243092,0.01508049931363975,0.00567802899681345,2.655939115862746,0.00790878918057003,0.988929889298893,levels
2018,3,"support held (4h low tested within 3 bp, no close below, price now 3+ bp above)",10985,0.021597571477442973,0.5081474738279472,0.5027859589243092,0.005479866716739612,0.006660496164109671,0.8227415168059213,0.41065500056949755,1.0,levels
2018,3,"resistance held (4h high tested within 3 bp, no close above, price now 3+ bp below)",12168,0.02392346379039837,0.5014792899408284,0.5027859589243092,-0.0013386952098602967,0.006333877879352666,-0.211354755389934,0.83261045917958,1.0,levels
2018,3,"repeated rejection at the 4h high (2+ touches in 30 minutes, no close above)",8337,0.01639134760195194,0.5097756986925752,0.5027859589243092,0.007106220295261645,0.007591698078395924,0.9360514896508032,0.34924667783612096,1.0,levels
2018,3,"repeated rejection at the 4h low (2+ touches in 30 minutes, no close below)",7194,0.014144099154185229,0.49888796219071446,0.5027859589243092,-0.003953921389779624,0.007379281869560391,-0.5358138447170027,0.5920872128218861,1.0,levels
2018,3,rejecting the ups (3+ up-minutes undone by the next minute in the last 15),94176,0.185159116200243,0.508547825348284,0.5027859589243092,0.007071155287528219,0.002541841864844059,2.7819021259066528,0.0054041334957910525,0.981549815498155,levels
2018,3,rejecting the downs (3+ down-minutes undone by the next minute in the last 15),96253,0.18924269890016554,0.4966286765087841,0.5027859589243092,-0.007594482846065509,0.0023487527642502928,-3.233410924154727,0.001223214755923463,0.6826568265682657,levels
2018,3,lower highs (three successive 10-minute highs declining),156788,0.3082603583800937,0.5168444013572467,0.5027859589243092,0.020323314708429407,0.002096752347878348,9.692758770006419,0.0,0.0036900369003690036,levels
2018,3,higher lows (three successive 10-minute lows rising),161096,0.3167303026609152,0.489453493569052,0.5027859589243092,-0.01951274205072895,0.002094279729606462,-9.317161301272588,0.0,0.0036900369003690036,levels
2018,3,approaching the previous day's high from below (within 10 bp),4830,0.00949624672153387,0.48757763975155277,0.5027859589243092,-0.015354125738967106,0.008618172738698936,-1.7815987454070317,0.07481468918157241,1.0,levels
2018,3,approaching the previous day's low from above (within 10 bp),3931,0.007728725851418146,0.5103027219537013,0.5027859589243092,0.007575310527699997,0.01002070102367791,0.7559661255036249,0.44966950575545606,1.0,levels
2018,3,broke above the previous day's high in the last 5 minutes,2778,0.0054618164373542635,0.47264218862491003,0.5027859589243092,-0.030309314209956084,0.013003610994221553,-2.3308382743396976,0.019761889074076944,1.0,levels
2018,3,broke below the previous day's low in the last 5 minutes,3033,0.005963171077932138,0.511045169798879,0.5027859589243092,0.008308757416489398,0.012147672835140257,0.6839793538441526,0.49398820312651126,1.0,levels
2018,3,crossed above the daily open in the last 5 minutes,8669,0.017044091683018035,0.4841388856846234,0.5027859589243092,-0.018970406588850297,0.00685552930403945,-2.767168769546716,0.0056545473821518755,0.981549815498155,levels
2018,3,crossed below the daily open in the last 5 minutes,8658,0.01702246462009115,0.5080850080850081,0.5027859589243092,0.00539081410304143,0.00689914256344939,0.7813745046523818,0.4345822617010362,1.0,levels
2018,3,reclaimed the session VWAP in the last 5 minutes after 30+ minutes below,4146,0.008151436626807335,0.47467438494934877,0.5027859589243092,-0.02834260693926438,0.010082421257030764,-2.811091325855906,0.004937376935596927,0.974169741697417,levels
2018,3,lost the session VWAP in the last 5 minutes after 30+ minutes above,4420,0.008690147103349836,0.5219457013574661,0.5027859589243092,0.01932770301553166,0.009253954558622088,2.088588494042654,0.036744781808145,1.0,levels
2018,3,"approaching a $1,000 level from below (within 10 bp, rising)",1194,0.002347519375882286,0.52428810720268,0.5027859589243092,0.021552743761955484,0.01733721374263073,1.2431492212015087,0.21381285062383215,1.0,round numbers
2018,3,"approaching a $1,000 level from above (within 10 bp, falling)",1008,0.0019818254027548945,0.4801587301587302,0.5027859589243092,-0.02267216103024411,0.016283780159714444,-1.3923155930546347,0.16382685169136701,1.0,round numbers
2018,3,"crossed a $1,000 level upward in the last 3 minutes",2408,0.004734360684358915,0.4838039867109635,0.5027859589243092,-0.019072267205364368,0.014543847834482823,-1.3113632253594445,0.189735076965035,1.0,round numbers
2018,3,"crossed a $1,000 level downward in the last 3 minutes",2435,0.004787445293361278,0.5232032854209445,0.5027859589243092,0.020515543538991765,0.013633420338270972,1.504797991256947,0.13237602036985563,1.0,round numbers
2018,3,"approaching a $100 level from below (within 10 bp, rising)",19411,0.03816390167943974,0.5094018855288238,0.5027859589243092,0.006878434502579522,0.004734417944547882,1.4528574754370118,0.14626332997205083,1.0,round numbers
2018,3,"approaching a $100 level from above (within 10 bp, falling)",17078,0.033576998242309614,0.49051411172268417,0.5027859589243092,-0.012698215149376135,0.004507889120251833,-2.8168871972314062,0.004849155350663548,0.974169741697417,round numbers
2018,3,crossed a $100 level upward in the last 3 minutes,27733,0.05452575783194592,0.4743807016911261,0.5027859589243092,-0.03004339617761287,0.0041867580396456735,-7.175813814202516,7.187583861423263e-13,0.007380073800738007,round numbers
2018,3,crossed a $100 level downward in the last 3 minutes,28147,0.05533972183664883,0.5308558638576047,0.5027859589243092,0.029714285211473346,0.003986025427285135,7.454615067950437,9.015010959956271e-14,0.007380073800738007,round numbers
2018,3,10 minutes before funding settlement (00:00 UTC),3548,0.0069757108422364746,0.5093010146561443,0.5027859589243092,0.006560822129900612,0.011784388165330667,0.5567384609073183,0.5777061349659189,1.0,time
2018,3,10 minutes after funding settlement (00:00 UTC),3550,0.006979643035495909,0.5098591549295775,0.5027859589243092,0.007122911384102704,0.013152016871742677,0.5415832000190325,0.5881056677401275,1.0,time
2018,3,10 minutes before funding settlement (08:00 UTC),3510,0.006900999170307222,0.5048433048433049,0.5027859589243092,0.0020716423209335977,0.012510749710494875,0.16558898298442995,0.8684804178995114,1.0,time
2018,3,10 minutes after funding settlement (08:00 UTC),3510,0.006900999170307222,0.5102564102564102,0.5027859589243092,0.007522363153985356,0.012794643521554497,0.5879306556148131,0.5565788388777979,1.0,time
2018,3,10 minutes before funding settlement (16:00 UTC),3550,0.006979643035495909,0.5292957746478874,0.5027859589243092,0.026696145288112927,0.01167788495027743,2.2860428409580034,0.022251752387693946,1.0,time
2018,3,10 minutes after funding settlement (16:00 UTC),3550,0.006979643035495909,0.49633802816901407,0.5027859589243092,-0.006493251331730399,0.012328378799296663,-0.5266914196456098,0.5984078950803355,1.0,time
2018,3,10 minutes after the US equity open (13:30 UTC),3540,0.006959982069198737,0.5211864406779662,0.5027859589243092,0.018529446368131364,0.012447241028367985,1.4886388337706067,0.13658249977822035,1.0,time
2018,3,10 minutes after the US equity close (20:00 UTC),3550,0.006979643035495909,0.5005633802816901,0.5027859589243092,-0.002238200483032582,0.012198206210102468,-0.18348603429731497,0.8544166757715979,1.0,time
2018,3,10 minutes after the London open (07:00 UTC),3510,0.006900999170307222,0.5062678062678063,0.5027859589243092,0.00350604254015785,0.013116685773796467,0.2672963735368243,0.7892409787210473,1.0,time
2018,3,last 5 minutes of the hour,42388,0.08333890394045086,0.505308106067755,0.5027859589243092,0.00275144996802823,0.00369799211124124,0.7440388960442371,0.45685294410422417,1.0,time
2018,3,first 5 minutes of the hour,42386,0.08333497174719143,0.49985844382579153,0.5027859589243092,-0.0031936585429658826,0.0037764376251728806,-0.8456802044545039,0.39773116917061424,1.0,time
2018,3,last 5 minutes of a 4-hour block,10598,0.020836692081742433,0.50651066238913,0.5027859589243092,0.003803965523115571,0.007008608626270583,0.5427561625936781,0.5872976996480912,1.0,time
2018,3,first 5 minutes of a 4-hour block,10600,0.020840624275001867,0.5067924528301887,0.5027859589243092,0.0040917689246584565,0.007525083238115995,0.5437506530071136,0.5866130707448096,1.0,time
2018,3,last 5 minutes of the UTC day,1773,0.00348588932448852,0.5093062605752962,0.5027859589243092,0.006543110209013547,0.015497452613340795,0.4222055309516475,0.6728750047556418,1.0,time
2018,3,first 5 minutes of the UTC day,1775,0.0034898215177479545,0.512112676056338,0.5027859589243092,0.009359379696687098,0.017583468716862147,0.5322828986360163,0.5945300747932558,1.0,time
2018,3,Saturday or Sunday,146250,0.28754163209613426,0.5052923076923077,0.5027859589243092,0.003517888035159844,0.002297948405915243,1.5308820799041025,0.12579853888305892,1.0,time
2018,3,first hour of the week (Monday 00:00 to 01:00 UTC),3120,0.0061342214847175305,0.5192307692307693,0.5027859589243092,0.01654630903080967,0.01202099983451704,1.3764503168279463,0.16868225909456003,1.0,time
2018,3,volume climax at a new 1h high (hour's largest volume),2981,0.005860934053186846,0.461590070446159,0.5027859589243092,-0.04143875830783833,0.009518232195045244,-4.35361918670249,1.339082383644552e-05,0.18450184501845018,volume and flow
2018,3,volume climax at a new 1h low (hour's largest volume),3608,0.007093676640019504,0.5285476718403548,0.5027859589243092,0.0259457637744398,0.009201623825576858,2.819694030777577,0.004806945981733035,0.9704797047970479,volume and flow
2018,3,"absorption: heavy taker selling in the last 5 minutes, price did not fall",11315,0.022246383365249634,0.5053468846663721,0.5027859589243092,0.0026191933207847518,0.005658695251221903,0.46286170300815893,0.643463499832571,1.0,volume and flow
2018,3,"absorption: heavy taker buying in the last 5 minutes, price did not rise",25394,0.04992705781503749,0.5043711112861305,0.5027859589243092,0.0016684533275685975,0.004145809796230838,0.4024432884223178,0.6873578173206965,1.0,volume and flow
2018,3,delta divergence: new 4h high with net taker selling over the hour,1591,0.0031280597378799974,0.5078566939032055,0.5027859589243092,0.005086646312427057,0.013017602507499294,0.3907513929309715,0.695981006846472,1.0,volume and flow
2018,3,delta divergence: new 4h low with net taker buying over the hour,2437,0.004791377486620713,0.5149774312679524,0.5027859589243092,0.012250167520508226,0.011940005109738727,1.0259767402039484,0.304902547975499,1.0,volume and flow
2018,3,taker buying above 70% of the last minute,109941,0.21615462956773399,0.5175139392947126,0.5027859589243092,0.01878939511026434,0.0020665066703374584,9.092346702755163,0.0,0.0036900369003690036,volume and flow
2018,3,taker selling above 70% of the last minute,74426,0.14632870776332915,0.48718189879880686,0.5027859589243092,-0.01827876873382822,0.002538115156098757,-7.201709776605976,5.946354519892338e-13,0.007380073800738007,volume and flow
2018,3,bullish engulfing,30808,0.06057150496832618,0.5170410283043365,0.5027859589243092,0.015174193092308386,0.003082571749456198,4.922575798920266,8.54124647675647e-07,0.14760147601476015,candles
2018,3,bearish engulfing,31489,0.06191041677316357,0.4870589729746896,0.5027859589243092,-0.01676490841687206,0.0030247135963675353,-5.542643256209618,2.979394730928675e-08,0.07749077490774908,candles
2018,3,pin bar at a new 1h high (long upper wick),3104,0.006102763938642056,0.46166237113402064,0.5027859589243092,-0.04137609633894768,0.009583441804248402,-4.317456836916919,1.5783726142526433e-05,0.18450184501845018,candles
2018,3,pin bar at a new 1h low (long lower wick),2991,0.0058805950194840174,0.5426278836509528,0.5027859589243092,0.04007760489035472,0.009493650257934907,4.221516887759519,2.4266377061099575e-05,0.1918819188191882,candles
2018,3,inside bar (last minute inside the previous one),148827,0.29260826311091537,0.5063059794257763,0.5027859589243092,0.004976055441285099,0.0015513779061576648,3.207506966248743,0.0013389081780539325,0.6974169741697417,candles
2018,3,doji at a new 1h high,3336,0.006558898356736437,0.4655275779376499,0.5027859589243092,-0.0375043683264461,0.00925480716647908,-4.052420288375857,5.069049733408271e-05,0.2066420664206642,candles
2018,3,doji at a new 1h low,3008,0.005914018662189209,0.5345744680851063,0.5027859589243092,0.031977625434388646,0.008916340094487068,3.5864071015146974,0.0003352654247115172,0.4280442804428044,candles
2018,3,squeeze: last hour's range under 40% of the previous day's median hourly range,3864,0.007596997377227096,0.49818840579710144,0.5027859589243092,-0.004632748102391004,0.012011082438128028,-0.38570612817415945,0.6997143237650727,1.0,volatility
2018,5,failed breakout above the 1h high,38961,0.07660139200188747,0.49942249942249944,0.5029491565412292,-0.0038192142463539525,0.004349231687419175,-0.8781353859353183,0.37987025169134636,1.0,levels
2018,5,failed breakdown below the 1h low,37370,0.07347331996382368,0.5041209526358041,0.5029491565412292,0.0012647192140534669,0.004584327267794618,0.27587891094474265,0.7826410721974972,1.0,levels
2018,5,wick rejection at the 1h high,14607,0.02871888639849003,0.4658725268706784,0.5029491565412292,-0.038172913229076066,0.005179059909569989,-7.370625923546328,1.6986412276764895e-13,0.007380073800738007,levels
2018,5,wick rejection at the 1h low,13750,0.027033934961267745,0.54,0.5029491565412292,0.03808030391820072,0.00529816954143388,7.187445328126436,6.601386104421181e-13,0.007380073800738007,levels
2018,5,failed breakout above the 4h high,15555,0.03058275333254689,0.48016714882674383,0.5029491565412292,-0.02350072457737129,0.006118476412860534,-3.840943887268193,0.0001225621310594338,0.28413284132841327,levels
2018,5,failed breakdown below the 4h low,15221,0.02992607447603319,0.5125813021483476,0.5029491565412292,0.009929290287764236,0.0067974826393468815,1.460730510776011,0.14408941245048834,1.0,levels
2018,5,wick rejection at the 4h high,5037,0.009903267665447682,0.4415326583283701,0.5029491565412292,-0.06203080588706211,0.008237372118706766,-7.530412004356639,5.062616992290714e-14,0.007380073800738007,levels
2018,5,wick rejection at the 4h low,4946,0.00972435216861311,0.5527699150828953,0.5029491565412292,0.05030999060793728,0.007817598383167538,6.435479048944525,1.2308443153585813e-10,0.025830258302583026,levels
2018,5,failed breakout above the daily high,4136,0.008131807636349337,0.5016924564796905,0.5029491565412292,-0.0012670030869161852,0.011661929516149474,-0.10864437871637242,0.9134845599395678,1.0,levels
2018,5,failed breakdown below the daily low,5623,0.011055404820887892,0.49902187444424684,0.5029491565412292,-0.003971185156506296,0.011352409138561781,-0.34980990449128574,0.7264813654032121,1.0,levels
2018,5,wick rejection at the daily high,1235,0.0024281388856120484,0.43238866396761133,0.5029491565412292,-0.07073224027670022,0.018306378796604923,-3.8638029433662835,0.00011163529105973069,0.2730627306273063,levels
2018,5,wick rejection at the daily low,1729,0.0033993944398568675,0.5534991324465008,0.5029491565412292,0.05072240135441197,0.012191247803863992,4.16055863767576,3.174700907426775e-05,0.1992619926199262,levels
2018,5,"liquidity sweep of the 1h low (took it out, closed back above)",10059,0.01977704376548307,0.5447857639924446,0.5029491565412292,0.042680705634490446,0.005906140372255365,7.2264969920097,4.956035581926699e-13,0.007380073800738007,levels
2018,5,"liquidity sweep of the 1h high (took it out, closed back below)",10788,0.02121033384452047,0.4596774193548387,0.5029491565412292,-0.04420943404148775,0.005675636401343297,-7.789335136236768,6.661338147750939e-15,0.007380073800738007,levels
2018,5,retest from above of a 4h high broken in the last hour,5902,0.011603947937556525,0.4689935615045747,0.5029491565412292,-0.03435423984727659,0.008492559987566964,-4.0452160358679725,5.2274895195214555e-05,0.21033210332103322,levels
2018,5,retest from below of a 4h low broken in the last hour,4626,0.009095198773150879,0.5051880674448768,0.5029491565412292,0.0022594611519447527,0.010363879590741979,0.21801306471788057,0.8274189320821383,1.0,levels
2018,5,acceptance above the 4h high (last 5 closes all above it),12075,0.023740710156895127,0.4441407867494824,0.5029491565412292,-0.06023847394189502,0.007221564048750097,-8.341471949185447,0.0,0.0036900369003690036,levels
2018,5,acceptance below the 4h low (last 5 closes all below it),12839,0.025242813888561203,0.5314276812835891,0.5029491565412292,0.02921601927959938,0.0066269949409135,4.408637631398598,1.040229059290354e-05,0.17712177121771217,levels
2018,5,"support held (4h low tested within 3 bp, no close below, price now 3+ bp above)",10985,0.0215976564036019,0.5187073281747838,0.5029491565412292,0.016106024006065756,0.008105106292680546,1.9871453161090034,0.04690629568765714,1.0,levels
2018,5,"resistance held (4h high tested within 3 bp, no close above, price now 3+ bp below)",12168,0.023923557862451338,0.4982741617357002,0.5029491565412292,-0.00478957856547696,0.007553633589381621,-0.6340761050694622,0.5260311560731243,1.0,levels
2018,5,"repeated rejection at the 4h high (2+ touches in 30 minutes, no close above)",8337,0.016391412056151942,0.503298548638599,0.5029491565412292,0.0003552145656843253,0.009754558527821311,0.036415237519074356,0.9709512644545546,1.0,levels
2018,5,"repeated rejection at the 4h low (2+ touches in 30 minutes, no close below)",7194,0.014144154771735284,0.5118154017236586,0.5029491565412292,0.008993449930173592,0.008844682373701342,1.0168199998808993,0.3092390660482449,1.0,levels
2018,5,rejecting the ups (3+ up-minutes undone by the next minute in the last 15),94176,0.18515984428453464,0.5112130479102956,0.5029491565412292,0.010141733088510296,0.0030771703685885127,3.295798371138701,0.0009814242498658032,0.6420664206642066,levels
2018,5,rejecting the downs (3+ down-minutes undone by the next minute in the last 15),96253,0.18924344304195667,0.4905093867204139,0.5029491565412292,-0.015343409453867807,0.0027537430252647134,-5.571837790635118,2.520660613569703e-08,0.07011070110701106,levels
2018,5,lower highs (three successive 10-minute highs declining),156788,0.3082615705241634,0.5259394851646809,0.5029491565412292,0.03323558102861596,0.0024323609971565316,13.663917924793596,0.0,0.0036900369003690036,levels
2018,5,higher lows (three successive 10-minute lows rising),161096,0.3167315481105737,0.48181829468143217,0.5029491565412292,-0.030926148867790382,0.002449813324398295,-12.623879770670376,0.0,0.0036900369003690036,levels
2018,5,approaching the previous day's high from below (within 10 bp),4830,0.009496284062758051,0.4805383022774327,0.5029491565412292,-0.022625714475579428,0.011237751563609937,-2.0133666728178943,0.044076068985272165,1.0,levels
2018,5,approaching the previous day's low from above (within 10 bp),3931,0.007728756242381346,0.5054693462223353,0.5029491565412292,0.0025398193255731227,0.011276256197755559,0.22523604297662658,0.8217956514951033,1.0,levels
2018,5,broke above the previous day's high in the last 5 minutes,2778,0.005461837914356494,0.4528437724982001,0.5029491565412292,-0.050380554465555394,0.013375747751338152,-3.7665598516176537,0.00016551241939488648,0.3284132841328413,levels
2018,5,broke below the previous day's low in the last 5 minutes,3033,0.00596319452636546,0.530827563468513,0.5029491565412292,0.028045648585416694,0.01355950041867443,2.0683393723556094,0.03860812189757423,1.0,levels
2018,5,crossed above the daily open in the last 5 minutes,8669,0.017044158703944004,0.4794093897796747,0.5029491565412292,-0.023947939238569138,0.007883920175914806,-3.0375674416046903,0.002384960300485073,0.8265682656826568,levels
2018,5,crossed below the daily open in the last 5 minutes,8658,0.017022531555974992,0.5064680064680065,0.5029491565412292,0.003579786963324172,0.008160412895832959,0.4386771857036986,0.6608954603130388,1.0,levels
2018,5,reclaimed the session VWAP in the last 5 minutes after 30+ minutes below,4146,0.008151468679957532,0.45369030390738063,0.5029491565412292,-0.04966368460342463,0.012033818346842928,-4.127009663267345,3.675109563694434e-05,0.2029520295202952,levels
2018,5,lost the session VWAP in the last 5 minutes after 30+ minutes above,4420,0.008690181274822068,0.5248868778280543,0.5029491565412292,0.022130035305245932,0.01083923734918019,2.0416598135402677,0.04118528765688767,1.0,levels
2018,5,"approaching a $1,000 level from below (within 10 bp, rising)",1194,0.00234752860681845,0.5318257956448911,0.5029491565412292,0.028944587350479667,0.021215646756476532,1.3643037934558233,0.17247197248745705,1.0,round numbers
2018,5,"approaching a $1,000 level from above (within 10 bp, falling)",1008,0.001981833195706028,0.48908730158730157,0.5029491565412292,-0.013889381391036182,0.016598579547868714,-0.8367813252321101,0.4027154963319959,1.0,round numbers
2018,5,"crossed a $1,000 level upward in the last 3 minutes",2408,0.00473437930085329,0.4896179401993355,0.5029491565412292,-0.013394631608523666,0.013775022958442724,-0.9723854289704893,0.33085883809518757,1.0,round numbers
2018,5,"crossed a $1,000 level downward in the last 3 minutes",2435,0.004787464118595415,0.528952772073922,0.5029491565412292,0.026128705774051353,0.01405306646325829,1.8592885646961674,0.06298624700549027,1.0,round numbers
2018,5,"approaching a $100 level from below (within 10 bp, rising)",19410,0.038162085643505955,0.4999484801648635,0.5029491565412292,-0.003119731850426466,0.005322258928273091,-0.5861668687056386,0.557763383704521,1.0,round numbers
2018,5,"approaching a $100 level from above (within 10 bp, falling)",17078,0.03357713027407495,0.4981262442909006,0.5029491565412292,-0.004990478186527647,0.004985445186954353,-1.0010095386439037,0.31682219687756685,1.0,round numbers
2018,5,crossed a $100 level upward in the last 3 minutes,27733,0.054525972238606425,0.47430858543972887,0.5029491565412292,-0.03029228753042834,0.004191539425127658,-7.22700765948438,4.938272013532696e-13,0.007380073800738007,round numbers
2018,5,crossed a $100 level downward in the last 3 minutes,28147,0.055339939443985686,0.5290084200802927,0.5029491565412292,0.027585863557865853,0.004176333712524599,6.605282397605665,3.967604023102922e-11,0.01107011070110701,round numbers
2018,5,10 minutes before funding settlement (00:00 UTC),3546,0.0069718060634658486,0.5146644106034969,0.5029491565412292,0.011797503971993417,0.014570747849742908,0.8096704502508824,0.41812960571724034,1.0,time
2018,5,10 minutes after funding settlement (00:00 UTC),3550,0.006979670480909127,0.5087323943661972,0.5029491565412292,0.005823886634595654,0.015470924389554441,0.37644076643072394,0.7065892437627088,1.0,time
2018,5,10 minutes before funding settlement (08:00 UTC),3510,0.006901026306476348,0.5051282051282051,0.5029491565412292,0.002194190755098302,0.015084749929197477,0.14545754920678589,0.8843496300498046,1.0,time
2018,5,10 minutes after funding settlement (08:00 UTC),3510,0.006901026306476348,0.5119658119658119,0.5029491565412292,0.009079311995508377,0.015179640431037221,0.5981243124141636,0.5497569889436313,1.0,time
2018,5,10 minutes before funding settlement (16:00 UTC),3550,0.006979670480909127,0.5504225352112676,0.5029491565412292,0.04780705616875869,0.014366691662769134,3.3276315306918773,0.0008758763090206401,0.6309963099630996,time
2018,5,10 minutes after funding settlement (16:00 UTC),3550,0.006979670480909127,0.4887323943661972,0.5029491565412292,-0.014316687939225803,0.015108428107422436,-0.9475961256480634,0.34333509930355666,1.0,time
2018,5,10 minutes after the US equity open (13:30 UTC),3540,0.006960009437300932,0.5206214689265537,0.5029491565412292,0.017796173923781855,0.014761994528674428,1.2055399349467097,0.22799493103709167,1.0,time
2018,5,10 minutes after the US equity close (20:00 UTC),3550,0.006979670480909127,0.5045070422535212,0.5029491565412292,0.0015688356682953541,0.014639146620246797,0.10716715318129012,0.9146563732890032,1.0,time
2018,5,10 minutes after the London open (07:00 UTC),3510,0.006901026306476348,0.49202279202279203,0.5029491565412292,-0.01100229162235461,0.01577562862940273,-0.6974233408263971,0.4855378986352581,1.0,time
2018,5,last 5 minutes of the hour,42386,0.08333529943769415,0.5066295474920964,0.5029491565412292,0.004014980557896064,0.004243972528109382,0.9460430130740431,0.3441266479172289,1.0,time
2018,5,first 5 minutes of the hour,42386,0.08333529943769415,0.49580050016514887,0.5029491565412292,-0.007798550955104067,0.004245684749694014,-1.8368181847854124,0.06623674045220329,1.0,time
2018,5,last 5 minutes of a 4-hour block,10596,0.020832841807243128,0.507361268403171,0.5029491565412292,0.0045059843204761085,0.008128758948465176,0.5543262322137011,0.5793556007610978,1.0,time
2018,5,first 5 minutes of a 4-hour block,10600,0.020840706224686405,0.5021698113207547,0.5029491565412292,-0.0007959330268618725,0.008303939978030065,-0.09585004575751893,0.9236396695341154,1.0,time
2018,5,last 5 minutes of the UTC day,1771,0.0034819708230112855,0.51270468661773,0.5029491565412292,0.009789617238092352,0.01892327674815722,0.5173320333670901,0.6049243961786126,1.0,time
2018,5,first 5 minutes of the UTC day,1775,0.0034898352404545635,0.5053521126760563,0.5029491565412292,0.0024113714237996575,0.019593731826275804,0.1230685121741808,0.9020528453416126,1.0,time
2018,5,Saturday or Sunday,146250,0.2875427627698478,0.5044649572649572,0.5029491565412292,0.002127567304419653,0.0024618960083673826,0.8641986896231896,0.3874787519423908,1.0,time
2018,5,first hour of the week (Monday 00:00 to 01:00 UTC),3120,0.006134245605756754,0.5003205128205128,0.5029491565412292,-0.0026448679905652916,0.01503439365597059,-0.1759211612445001,0.8603558803473712,1.0,time
2018,5,volume climax at a new 1h high (hour's largest volume),2981,0.005860957099602847,0.4575645756457565,0.5029491565412292,-0.045652146165654384,0.009662378026469293,-4.724731949070309,2.304190841240228e-06,0.15867158671586715,volume and flow
2018,5,volume climax at a new 1h low (hour's largest volume),3608,0.0070937045338366565,0.5194013303769401,0.5029491565412292,0.01656971449454525,0.008935411014303516,1.8543875002527572,0.06368374180077896,1.0,volume and flow
2018,5,"absorption: heavy taker selling in the last 5 minutes, price did not fall",11315,0.02224647084267233,0.49783473265576667,0.5029491565412292,-0.005230790514119066,0.006679323745321519,-0.7831317530884669,0.4335497464510518,1.0,volume and flow
2018,5,"absorption: heavy taker buying in the last 5 minutes, price did not rise",25394,0.04992725413864968,0.5121682287154445,0.5029491565412292,0.009703543454303798,0.0048921914933018045,1.9834758037557414,0.04731430718200702,1.0,volume and flow
2018,5,delta divergence: new 4h high with net taker selling over the hour,1590,0.003126105933702961,0.4811320754716981,0.5029491565412292,-0.02188549745298085,0.014370250091993518,-1.5229726214141885,0.1277655552724022,1.0,volume and flow
2018,5,delta divergence: new 4h low with net taker buying over the hour,2437,0.004791396327317054,0.5285186704965121,0.5029491565412292,0.02569261746825946,0.01350104660755093,1.903009315877035,0.05703932966015124,1.0,volume and flow
2018,5,taker buying above 70% of the last minute,109940,0.2161535134284928,0.5136256139712571,0.5029491565412292,0.0136205974166268,0.0019508371663670271,6.98192429970562,2.9116709043819355e-12,0.01107011070110701,volume and flow
2018,5,taker selling above 70% of the last minute,74426,0.14632928315835003,0.49516298067879505,0.5029491565412292,-0.009120818728842961,0.002455258578567318,-3.714809840585142,0.00020335656131531543,0.36900369003690037,volume and flow
2018,5,bullish engulfing,30808,0.0605717431481263,0.5129836406128279,0.5029491565412292,0.010681479930383708,0.003060199253822716,3.4904524328083215,0.0004822034452753865,0.47601476014760147,candles
2018,5,bearish engulfing,31489,0.06191066021784436,0.49407729683381496,0.5029491565412292,-0.009457371842083284,0.0028039779575001565,-3.3728410085344818,0.0007439689818471429,0.5756457564575646,candles
2018,5,pin bar at a new 1h high (long upper wick),3103,0.006100821831622823,0.4576216564614889,0.5029491565412292,-0.045605732528396725,0.009490930097071816,-4.805191067887773,1.5460378910425732e-06,0.15498154981549817,candles
2018,5,pin bar at a new 1h low (long lower wick),2991,0.005880618143211042,0.5533266466064861,0.5029491565412292,0.05067549329051735,0.00957763570013575,5.291023262640809,1.2163389229158383e-07,0.0959409594095941,candles
2018,5,inside bar (last minute inside the previous one),148826,0.2926074476033188,0.5057113676373752,0.5029491565412292,0.0039047783112607926,0.001425846450824978,2.7385685948171585,0.006170728622436394,0.985239852398524,candles
2018,5,doji at a new 1h high,3336,0.00655892414769376,0.46223021582733814,0.5029491565412292,-0.04098777643048124,0.00929940064431159,-4.407571842337314,1.0453593212833567e-05,0.17712177121771217,candles
2018,5,doji at a new 1h low,3008,0.005914041917344973,0.5365691489361702,0.5029491565412292,0.03382000532407248,0.009646803637275759,3.5058249961044288,0.00045519440457297833,0.46494464944649444,candles
2018,5,squeeze: last hour's range under 40% of the previous day's median hourly range,3864,0.007597027250206441,0.49042443064182195,0.5029491565412292,-0.01262060497934947,0.014705373515607923,-0.8582308341882149,0.39076501302743427,1.0,volatility
2018,10,failed breakout above the 1h high,38961,0.07660214504094452,0.4842021508688175,0.5044798128250249,-0.021959832208085894,0.005425234646027568,-4.0477202629687525,5.171890474153784e-05,0.21033210332103322,levels
2018,10,failed breakdown below the 1h low,37370,0.07347404225199808,0.522959593256623,0.5044798128250249,0.019945237666643245,0.005512931724007968,3.61790035958269,0.00029700268777976824,0.3874538745387454,levels
2018,10,wick rejection at the 1h high,14607,0.028719168722904358,0.4510850961867598,0.5044798128250249,-0.05497351015159907,0.005615287069197365,-9.789973241645301,0.0,0.0036900369003690036,levels
2018,10,wick rejection at the 1h low,13750,0.027034200721567394,0.5573818181818182,0.5044798128250249,0.054371906387692515,0.005341732642014692,10.178702310938865,0.0,0.0036900369003690036,levels
2018,10,failed breakout above the 4h high,15555,0.030583053979925875,0.4563805850208936,0.5044798128250249,-0.04961665669411064,0.00742969955079569,-6.678151162760936,2.4197532866310212e-11,0.01107011070110701,levels
2018,10,failed breakdown below the 4h low,15221,0.029926368667852896,0.5465475330135996,0.5044798128250249,0.04336549188622474,0.008008873577768142,5.4146805371735605,6.139822650297333e-08,0.08856088560885608,levels
2018,10,wick rejection at the 4h high,5037,0.009903365020693451,0.42485606511812585,0.5044798128250249,-0.08042017808550889,0.00879158402815574,-9.147404816692525,0.0,0.0036900369003690036,levels
2018,10,wick rejection at the 4h low,4946,0.009724447765008897,0.5814799838253134,0.5044798128250249,0.07775630815736478,0.00816215506641997,9.526443387146985,0.0,0.0036900369003690036,levels
2018,10,failed breakout above the daily high,4136,0.008131887577047471,0.4678433268858801,0.5044798128250249,-0.03693685226924831,0.013241153428140431,-2.7895494504843654,0.005278143541748603,0.974169741697417,levels
2018,10,failed breakdown below the daily low,5623,0.011055513502354434,0.5401031477858794,0.5044798128250249,0.036021571935766494,0.014417899167056764,2.4983925548648327,0.012475795569305337,0.992619926199262,levels
2018,10,wick rejection at the daily high,1235,0.0024281627557189624,0.4161943319838057,0.5044798128250249,-0.08850037415360618,0.019158279501612665,-4.6194322483997885,3.847914986199186e-06,0.16236162361623616,levels
2018,10,wick rejection at the daily low,1729,0.0033994278580065473,0.5795257374204743,0.5044798128250249,0.07530190799926317,0.012711211651047128,5.924054296827001,3.1409967959916685e-09,0.04059040590405904,levels
2018,10,"liquidity sweep of the 1h low (took it out, closed back above)",10059,0.019777238186054286,0.5650661099512874,0.5044798128250249,0.061808702558737716,0.006077968783415082,10.169302403690319,0.0,0.0036900369003690036,levels
2018,10,"liquidity sweep of the 1h high (took it out, closed back below)",10788,0.021210542355219568,0.4435483870967742,0.5044798128250249,-0.062251820605901675,0.006029678985623346,-10.324234632445545,0.0,0.0036900369003690036,levels
2018,10,retest from above of a 4h high broken in the last hour,5902,0.011604062011541147,0.46391053880040667,0.5044798128250249,-0.04104556935673265,0.01076733968198117,-3.812043695939231,0.0001378225039758707,0.2988929889298893,levels
2018,10,retest from below of a 4h low broken in the last hour,4626,0.009095288184579692,0.5412883700821444,0.5044798128250249,0.03714641460295731,0.012675215725621244,2.9306337191461624,0.0033827137236630556,0.9261992619926199,levels
2018,10,acceptance above the 4h high (last 5 closes all above it),12075,0.023740943542758276,0.43337474120082814,0.5044798128250249,-0.07283422484420349,0.00964608946648466,-7.550647865880367,4.3298697960381105e-14,0.007380073800738007,levels
2018,10,acceptance below the 4h low (last 5 closes all below it),12839,0.025243062041033,0.5375808084741802,0.5044798128250249,0.03395820471764499,0.008542480870534995,3.9752157754048647,7.0315474792082e-05,0.24354243542435425,levels
2018,10,"support held (4h low tested within 3 bp, no close below, price now 3+ bp above)",10985,0.021597868721921296,0.535093309057806,0.5044798128250249,0.03128927795035674,0.010336862067378763,3.026960962273063,0.002470258582529361,0.8487084870848709,levels
2018,10,"resistance held (4h high tested within 3 bp, no close above, price now 3+ bp below)",12168,0.023923793045820513,0.4838921761998685,0.5044798128250249,-0.02109224308355956,0.009900411608309392,-2.130441027912101,0.03313521961478716,1.0,levels
2018,10,"repeated rejection at the 4h high (2+ touches in 30 minutes, no close above)",8337,0.016391573193869625,0.48998440686098116,0.5044798128250249,-0.014736968054565758,0.012367267022190728,-1.19161072758622,0.23341391668950306,1.0,levels
2018,10,"repeated rejection at the 4h low (2+ touches in 30 minutes, no close below)",7194,0.014144293817524061,0.5276619405059773,0.5044798128250249,0.023514726887082116,0.012236457877526374,1.9216939348330162,0.054644280881149365,1.0,levels
2018,10,rejecting the ups (3+ up-minutes undone by the next minute in the last 15),94176,0.18516166452031496,0.5172230716955487,0.5044798128250249,0.01563900262868967,0.0039030331280431084,4.006884419280015,6.152495151057202e-05,0.22140221402214022,levels
2018,10,rejecting the downs (3+ down-minutes undone by the next minute in the last 15),96253,0.18924530342203827,0.4914548117980738,0.5044798128250249,-0.016065279771954488,0.003516127803329141,-4.5690261192279635,4.899957222415097e-06,0.16605166051660517,levels
2018,10,lower highs (three successive 10-minute highs declining),156783,0.30825477030760007,0.5396694794716264,0.5044798128250249,0.0508708483067522,0.003080257214749745,16.515129990819677,0.0,0.0036900369003690036,levels
2018,10,higher lows (three successive 10-minute lows rising),161096,0.3167346617775724,0.470725530118687,0.5044798128250249,-0.04940142696855143,0.003165871838952585,-15.604367290147689,0.0,0.0036900369003690036,levels
2018,10,approaching the previous day's high from below (within 10 bp),4830,0.00949637741710331,0.4666666666666667,0.5044798128250249,-0.03817567679334111,0.017634704748226503,-2.164803853445881,0.030402709597457278,1.0,levels
2018,10,approaching the previous day's low from above (within 10 bp),3931,0.007728832220835012,0.5036886288476214,0.5044798128250249,-0.0007973465349941922,0.017306921326662877,-0.04607096316811747,0.9632536894598627,1.0,levels
2018,10,broke above the previous day's high in the last 5 minutes,2778,0.0054618916076010346,0.44888408927285817,0.5044798128250249,-0.05590104902267967,0.016465540896661125,-3.395032654773902,0.0006862041558186593,0.5571955719557196,levels
2018,10,broke below the previous day's low in the last 5 minutes,3033,0.005963253148255557,0.5176393010220903,0.5044798128250249,0.013238432320277327,0.016943501442939927,0.7813280132716346,0.4346095981431368,1.0,levels
2018,10,crossed above the daily open in the last 5 minutes,8669,0.017044326258564925,0.46925827661783365,0.5044798128250249,-0.03583227316154253,0.009000427033575885,-3.981174785137534,6.857549876859714e-05,0.24354243542435425,levels
2018,10,crossed below the daily open in the last 5 minutes,8658,0.017022698897987673,0.5157080157080157,0.5044798128250249,0.011422647166321132,0.008815461136106114,1.2957515199671834,0.1950611053398914,1.0,levels
2018,10,reclaimed the session VWAP in the last 5 minutes after 30+ minutes below,4146,0.008151548813935885,0.4575494452484322,0.5044798128250249,-0.04731606680483569,0.012875446225411119,-3.674906948968665,0.00023793611609224108,0.3726937269372694,levels
2018,10,lost the session VWAP in the last 5 minutes after 30+ minutes above,4420,0.00869026670467839,0.5346153846153846,0.5044798128250249,0.03039975375827575,0.011565397083484998,2.628509297072522,0.008576001120013332,0.992619926199262,levels
2018,10,"approaching a $1,000 level from below (within 10 bp, rising)",1194,0.0023475516844764705,0.507537688442211,0.5044798128250249,0.003065071029845323,0.019793701910933166,0.15485082293536578,0.8769389234941443,1.0,round numbers
2018,10,"approaching a $1,000 level from above (within 10 bp, falling)",1008,0.0019818526783519953,0.4851190476190476,0.5044798128250249,-0.019399211585415632,0.020800139200953686,-0.9326481615337544,0.35100165807785766,1.0,round numbers
2018,10,"crossed a $1,000 level upward in the last 3 minutes",2408,0.004734425842729766,0.4900332225913621,0.5044798128250249,-0.014515311901444228,0.0157800045306023,-0.9198547359916506,0.3576486752920771,1.0,round numbers
2018,10,"crossed a $1,000 level downward in the last 3 minutes",2435,0.00478751118232848,0.553182751540041,0.5044798128250249,0.04893722623283803,0.014063492787908386,3.4797348689163217,0.0005019102161107902,0.4907749077490775,round numbers
2018,10,"approaching a $100 level from below (within 10 bp, rising)",19410,0.03816246080040896,0.49489953632148376,0.5044798128250249,-0.00996038947649458,0.0056980811004497135,-1.7480252212816818,0.08045966021573214,1.0,round numbers
2018,10,"approaching a $100 level from above (within 10 bp, falling)",17078,0.03357746035803112,0.5054456025295702,0.5044798128250249,0.0009993451776312279,0.005903013883465427,0.1692940584860274,0.8655653491717084,1.0,round numbers
2018,10,crossed a $100 level upward in the last 3 minutes,27733,0.054526508262634804,0.4714599935095374,0.5044798128250249,-0.03492410903536969,0.004688212825116158,-7.44934377728562,9.370282327836321e-14,0.007380073800738007,round numbers
2018,10,crossed a $100 level downward in the last 3 minutes,28147,0.055340483469815085,0.5407681102781824,0.5044798128250249,0.03841415538420401,0.0045337233494267696,8.472981790796958,0.0,0.0036900369003690036,round numbers
2018,10,10 minutes before funding settlement (00:00 UTC),3541,0.00696204398218692,0.5204744422479526,0.5044798128250249,0.01610676543227807,0.0192098066019243,0.8384657777171275,0.4017691601667015,1.0,time
2018,10,10 minutes after funding settlement (00:00 UTC),3550,0.006979739095386491,0.5166197183098592,0.5044798128250249,0.01222523443154655,0.019211985286945864,0.6363337390151624,0.5245589187792803,1.0,time
2018,10,10 minutes before funding settlement (08:00 UTC),3510,0.0069010941478328406,0.5096866096866097,0.5044798128250249,0.0052429791543441295,0.0189827605403234,0.27619687574981167,0.7823968567334636,1.0,time
2018,10,10 minutes after funding settlement (08:00 UTC),3510,0.0069010941478328406,0.5319088319088319,0.5044798128250249,0.027619624714288138,0.01968359168831377,1.4031801284867143,0.16056313168425684,1.0,time
2018,10,10 minutes before funding settlement (16:00 UTC),3550,0.006979739095386491,0.5414084507042254,0.5044798128250249,0.037188201825368195,0.018556564387871063,2.00404563302004,0.04506517240603802,1.0,time
2018,10,10 minutes after funding settlement (16:00 UTC),3550,0.006979739095386491,0.4783098591549296,0.5044798128250249,-0.026353896995268966,0.018916958509533476,-1.3931360573628968,0.16357865129463423,1.0,time
2018,10,10 minutes after the US equity open (13:30 UTC),3540,0.0069600778584980785,0.5333333333333333,0.5044798128250249,0.029055750796086355,0.018554618936985928,1.5659578294096868,0.11735848998717802,1.0,time
2018,10,10 minutes after the US equity close (20:00 UTC),3550,0.006979739095386491,0.508169014084507,0.5044798128250249,0.003715131910925318,0.018554163265084567,0.2002317139203197,0.8412993652512051,1.0,time
2018,10,10 minutes after the London open (07:00 UTC),3510,0.0069010941478328406,0.49173789173789173,0.5044798128250249,-0.012830465336379993,0.01928588988700501,-0.6652773302944793,0.5058731274787456,1.0,time
2018,10,last 5 minutes of the hour,42385,0.08333415255153702,0.5017105107939129,0.5044798128250249,-0.0030210594611114194,0.004807376034401807,-0.6284217085355039,0.5297277197236911,1.0,time
2018,10,first 5 minutes of the hour,42386,0.08333611867522586,0.4951634973812108,0.5044798128250249,-0.010163284093129055,0.004401021182361905,-2.3093013353038905,0.020926865618289714,1.0,time
2018,10,last 5 minutes of a 4-hour block,10595,0.0208310804832732,0.509296838131194,0.5044798128250249,0.004919503887589327,0.010020861755811796,0.4909262304448182,0.623478624060301,1.0,time
2018,10,first 5 minutes of a 4-hour block,10600,0.02084091110171741,0.5008490566037735,0.5044798128250249,-0.0037080350500923176,0.009152176639034042,-0.40515335273114644,0.6853647910668181,1.0,time
2018,10,last 5 minutes of the UTC day,1770,0.0034800389292490392,0.5248587570621469,0.5044798128250249,0.020450111420974526,0.023174946267398272,0.8824232507387967,0.377547966888208,1.0,time
2018,10,first 5 minutes of the UTC day,1775,0.0034898695476932454,0.5115492957746479,0.5044798128250249,0.007094240924991224,0.02178452154705097,0.3256551175415459,0.7446853055684077,1.0,time
2018,10,Saturday or Sunday,146250,0.287545589493035,0.5080957264957265,0.5044798128250249,0.0050752912991706145,0.0032826690192560076,1.546086818195546,0.12208360186975176,1.0,time
2018,10,first hour of the week (Monday 00:00 to 01:00 UTC),3120,0.006134305909184747,0.5038461538461538,0.5044798128250249,-0.0006375700284640962,0.01936608400824523,-0.03292199022748465,0.9737367966336614,1.0,time
2018,10,volume climax at a new 1h high (hour's largest volume),2981,0.005861014716435811,0.45790003354579,0.5044798128250249,-0.04685439356947518,0.009640687785969054,-4.860067519006946,1.1734572489263684e-06,0.15498154981549817,volume and flow
2018,10,volume climax at a new 1h low (hour's largest volume),3608,0.007093774269339284,0.5285476718403548,0.5044798128250249,0.024239810761201408,0.009430732563192034,2.5702998784854656,0.010161051507345809,0.992619926199262,volume and flow
2018,10,"absorption: heavy taker selling in the last 5 minutes, price did not fall",11315,0.022246689539238914,0.49836500220945645,0.5044798128250249,-0.006253940078900677,0.007227352072513789,-0.8653155424218122,0.38686562241955524,1.0,volume and flow
2018,10,"absorption: heavy taker buying in the last 5 minutes, price did not rise",25394,0.04992774495443508,0.51618492557297,0.5044798128250249,0.012320234261954943,0.005387833812693954,2.286676740646301,0.022214698291906254,1.0,volume and flow
2018,10,delta divergence: new 4h high with net taker selling over the hour,1590,0.0031261366652576114,0.5012578616352201,0.5044798128250249,-0.003232055035555459,0.017060997591542375,-0.18944115185607208,0.849747073837414,1.0,volume and flow
2018,10,delta divergence: new 4h low with net taker buying over the hour,2437,0.004791443429706162,0.5609355765285187,0.5044798128250249,0.056727570649164005,0.01585621715925424,3.5776232174050304,0.00034673278025532106,0.4317343173431734,volume and flow
2018,10,taker buying above 70% of the last minute,109938,0.216151706103831,0.5111972202514145,0.5044798128250249,0.008569779992758986,0.0020750659686081777,4.129883156682025,3.629476466948667e-05,0.2029520295202952,volume and flow
2018,10,taker selling above 70% of the last minute,74425,0.14632875554201114,0.5004904266039637,0.5044798128250249,-0.004673211434683022,0.0025165343624584096,-1.8570028307174589,0.0633107513525224,1.0,volume and flow
2018,10,bullish engulfing,30808,0.060572338605821695,0.5103869124902622,0.5044798128250249,0.006287977146075208,0.0027131378951940825,2.317603228797702,0.02047089457128215,1.0,candles
2018,10,bearish engulfing,31489,0.06191126883792259,0.49944425037314616,0.5044798128250249,-0.005367895684708579,0.002660741889327067,-2.017443219968316,0.043649280798293555,1.0,candles
2018,10,pin bar at a new 1h high (long upper wick),3103,0.006100881806474445,0.44054141153722204,0.5044798128250249,-0.06433087636098811,0.00970266328503165,-6.630228677545855,3.3516744935013776e-11,0.01107011070110701,candles
2018,10,pin bar at a new 1h low (long lower wick),2991,0.0058806759533242235,0.5707121364092277,0.5044798128250249,0.06662411843539728,0.010122365371587545,6.5818725159244345,4.6455950197810125e-11,0.014760147601476014,candles
2018,10,inside bar (last minute inside the previous one),148824,0.29260639186811244,0.5062221147126807,0.5044798128250249,0.0024629878862731935,0.001560536997677926,1.5782950932519457,0.11449783264619273,1.0,candles
2018,10,doji at a new 1h high,3336,0.00655898862597446,0.447242206235012,0.5044798128250249,-0.057615506038801056,0.009837950872718031,-5.856453928691253,4.7285468873781156e-09,0.04059040590405904,candles
2018,10,doji at a new 1h low,3008,0.005914100056034525,0.5558510638297872,0.5044798128250249,0.0516768732034707,0.009658648790139437,5.350321181180941,8.779826932148183e-08,0.09225092250922509,candles
2018,10,squeeze: last hour's range under 40% of the previous day's median hourly range,3864,0.007597101933682648,0.4865424430641822,0.5044798128250249,-0.018074684985093625,0.020117000890818665,-0.8984781122787967,0.36893070904526803,1.0,volatility
2018,15,failed breakout above the 1h high,38961,0.07660289809480741,0.4755011421678088,0.5051316332750044,-0.032088568445862276,0.005826481970755458,-5.507365955463806,3.642425627781165e-08,0.07749077490774908,levels
2018,15,failed breakdown below the 1h low,37370,0.07347476455437368,0.5413433235215414,0.5051316332750044,0.0390833286144876,0.005720934491230301,6.8316336560747155,8.395284467610509e-12,0.01107011070110701,levels
2018,15,wick rejection at the 1h high,14607,0.028719451052869587,0.4455398096802903,0.5051316332750044,-0.06135387315159535,0.005703089527702109,-10.75800631457316,0.0,0.0036900369003690036,levels
2018,15,wick rejection at the 1h low,13750,0.027034466487092273,0.5643636363636364,0.5051316332750044,0.06087780198623671,0.005689767229121178,10.699524169399051,0.0,0.0036900369003690036,levels
2018,15,failed breakout above the 4h high,15555,0.03058335463321602,0.4406943105110897,0.5051316332750044,-0.06647020460385694,0.008464187311884919,-7.853111250329178,3.9968028886505635e-15,0.007380073800738007,levels
2018,15,failed breakdown below the 4h low,15221,0.029926662865456834,0.571841534721766,0.5051316332750044,0.06876789505813352,0.008539887248732522,8.052553043758271,8.881784197001252e-16,0.007380073800738007,levels
2018,15,wick rejection at the 4h high,5037,0.009903462377853365,0.40540003970617433,0.5051316332750044,-0.10072916102539786,0.009762217786205604,-10.31826611855885,0.0,0.0036900369003690036,levels
2018,15,wick rejection at the 4h low,4946,0.009724543363284245,0.5875454913061059,0.5051316332750044,0.08322316531099805,0.009035863993893377,9.210316287102371,0.0,0.0036900369003690036,levels
2018,15,failed breakout above the daily high,4136,0.008131967519317355,0.45551257253384914,0.5051316332750044,-0.05002586948694876,0.015840177516029525,-3.158163438277437,0.0015876651894890514,0.7416974169741697,levels
2018,15,failed breakdown below the daily low,5623,0.011055622185957806,0.5738929397118976,0.5051316332750044,0.06953000389049468,0.014789053287397531,4.701450629685984,2.5831972561007888e-06,0.15867158671586715,levels
2018,15,wick rejection at the daily high,1235,0.002428186626295197,0.3910931174089069,0.5051316332750044,-0.114316096683234,0.01810865503865956,-6.312787804460597,2.740532245582017e-10,0.02952029520295203,levels
2018,15,wick rejection at the daily low,1729,0.0033994612768132753,0.584731058415269,0.5051316332750044,0.07987094331922073,0.012539606483751325,6.369493605937041,1.8965340409238252e-10,0.02952029520295203,levels
2018,15,"liquidity sweep of the 1h low (took it out, closed back above)",10059,0.019777432610448085,0.5662590714782781,0.5051316332750044,0.06236077421280284,0.005899558801828782,10.570413196571895,0.0,0.0036900369003690036,levels
2018,15,"liquidity sweep of the 1h high (took it out, closed back below)",10788,0.021210750870018284,0.4416944753429737,0.5051316332750044,-0.064811866281141,0.00591830548347982,-10.95108497897834,0.0,0.0036900369003690036,levels
2018,15,retest from above of a 4h high broken in the last hour,5902,0.011604176087768625,0.44730599796679094,0.5051316332750044,-0.05850453220181584,0.011832820198655702,-4.944259375162516,7.64338837555556e-07,0.14760147601476015,levels
2018,15,retest from below of a 4h low broken in the last hour,4626,0.009095377597766461,0.5471249459576308,0.5051316332750044,0.042378763539141384,0.01320295069118258,3.2097948807340084,0.0013282972302819385,0.6974169741697417,levels
2018,15,acceptance above the 4h high (last 5 closes all above it),12075,0.023741176933210123,0.43262939958592134,0.5051316332750044,-0.07426538124523857,0.010387433545489492,-7.149540925581818,8.706368959110478e-13,0.007380073800738007,levels
2018,15,acceptance below the 4h low (last 5 closes all below it),12839,0.02524331019838383,0.5410078666562816,0.5051316332750044,0.036805321529600143,0.00991328381265994,3.7127275103934014,0.00020503760510037772,0.36900369003690037,levels
2018,15,"support held (4h low tested within 3 bp, no close below, price now 3+ bp above)",10985,0.02159808104441517,0.5431042330450615,0.5051316332750044,0.038810839425368004,0.011064619010106377,3.507652580709588,0.00045207902112887055,0.46494464944649444,levels
2018,15,"resistance held (4h high tested within 3 bp, no close above, price now 3+ bp below)",12168,0.02392402823381373,0.4746877054569362,0.5051316332750044,-0.03119012115725034,0.011349418228645375,-2.7481691597660927,0.005992908136345898,0.985239852398524,levels
2018,15,"repeated rejection at the 4h high (2+ touches in 30 minutes, no close above)",8337,0.01639173433475551,0.48530646515533166,0.5051316332750044,-0.020155552582983238,0.014329886561893095,-1.4065395769832616,0.15956396101531367,1.0,levels
2018,15,"repeated rejection at the 4h low (2+ touches in 30 minutes, no close below)",7194,0.014144432866046676,0.53628023352794,0.5051316332750044,0.03159550069133321,0.014517210893574967,2.176416732040227,0.02952411378429365,1.0,levels
2018,15,rejecting the ups (3+ up-minutes undone by the next minute in the last 15),94176,0.18516348479188377,0.5149188752973156,0.5051316332750044,0.012011295320769277,0.004390844567109267,2.735531886221372,0.006227955211899117,0.985239852398524,levels
2018,15,rejecting the downs (3+ down-minutes undone by the next minute in the last 15),96253,0.18924716383869764,0.49067561530549697,0.5051316332750044,-0.017830363736934696,0.003995793231192424,-4.46228388339648,8.109069741912833e-06,0.16974169741697417,levels
2018,15,lower highs (three successive 10-minute highs declining),156778,0.3082479699573347,0.5458546479735678,0.5051316332750044,0.058869382278576965,0.0034680186900730788,16.974932242172102,0.0,0.0036900369003690036,levels
2018,15,higher lows (three successive 10-minute lows rising),161096,0.3167377755057903,0.4645739186571982,0.5051316332750044,-0.05935893009134141,0.003531200253878362,-16.80984532841114,0.0,0.0036900369003690036,levels
2018,15,approaching the previous day's high from below (within 10 bp),4830,0.009496470773284048,0.4645962732919255,0.5051316332750044,-0.04092399349119408,0.020200718747441098,-2.025868188297908,0.04277829394713972,1.0,levels
2018,15,approaching the previous day's low from above (within 10 bp),3931,0.007728908200782525,0.5013991350801322,0.5051316332750044,-0.003761571032069755,0.01987394687383034,-0.18927146459382582,0.8498800590381628,1.0,levels
2018,15,broke above the previous day's high in the last 5 minutes,2778,0.00546194530190126,0.45464362850971923,0.5051316332750044,-0.05076528195857849,0.017381328160165587,-2.920679104081472,0.0034926937409562875,0.9261992619926199,levels
2018,15,broke below the previous day's low in the last 5 minutes,3033,0.005963311771298244,0.5258819650511045,0.5051316332750044,0.020874814804950126,0.016560373795600596,1.2605279966866265,0.20747895484209833,1.0,levels
2018,15,crossed above the daily open in the last 5 minutes,8669,0.01704449381648021,0.47133464067366476,0.5051316332750044,-0.034383034011948144,0.009452070390710717,-3.637619335308698,0.00027516970958774145,0.3800738007380074,levels
2018,15,crossed below the daily open in the last 5 minutes,8658,0.017022866243290538,0.5097020097020097,0.5051316332750044,0.004649524663446036,0.00919842255926395,0.5054697839210908,0.6132289159320936,1.0,levels
2018,15,reclaimed the session VWAP in the last 5 minutes after 30+ minutes below,4146,0.008151628949489786,0.4609261939218524,0.5051316332750044,-0.04456874724342397,0.013371081765255774,-3.3332192582378855,0.0008584726045484103,0.6309963099630996,levels
2018,15,lost the session VWAP in the last 5 minutes after 30+ minutes above,4420,0.008690352136214389,0.5298642533936652,0.5051316332750044,0.02494943953381079,0.012378173952849611,2.0155993629469973,0.04384188645827081,1.0,levels
2018,15,"approaching a $1,000 level from below (within 10 bp, rising)",1194,0.0023475747625882307,0.5041876046901173,0.5051316332750044,-0.0009462499774532951,0.02537960808681527,-0.03728386877435167,0.9702586674035203,1.0,round numbers
2018,15,"approaching a $1,000 level from above (within 10 bp, falling)",1008,0.0019818721613810188,0.5168650793650794,0.5051316332750044,0.011756746458589706,0.024687531001610974,0.4762220433393086,0.6339161968348452,1.0,round numbers
2018,15,"crossed a $1,000 level upward in the last 3 minutes",2408,0.004734472385521323,0.5041528239202658,0.5051316332750044,-0.0009834655452044538,0.018385725625993058,-0.05349071150143058,0.957340931203668,1.0,round numbers
2018,15,"crossed a $1,000 level downward in the last 3 minutes",2435,0.004787558246986886,0.5273100616016427,0.5051316332750044,0.022285119634931627,0.015500018161334445,1.4377479692587039,0.15050557713263335,1.0,round numbers
2018,15,"approaching a $100 level from below (within 10 bp, rising)",19410,0.03816283596468807,0.4992787223080886,0.5051316332750044,-0.006085137054135437,0.006140458772810902,-0.9909906212675147,0.3216901598942581,1.0,round numbers
2018,15,"approaching a $100 level from above (within 10 bp, falling)",17078,0.033577790448477224,0.5087246750204942,0.5051316332750044,0.003717879938993973,0.006662061812876965,0.5580674637103724,0.5767983171335871,1.0,round numbers
2018,15,crossed a $100 level upward in the last 3 minutes,27733,0.054527044297202176,0.47939278116323514,0.5051316332750044,-0.02722325578592233,0.004836430381773372,-5.628790996044565,1.814771333208398e-08,0.055350553505535055,round numbers
2018,15,crossed a $100 level downward in the last 3 minutes,28147,0.05534102750634081,0.5364692507194372,0.5051316332750044,0.033173471439867264,0.004658189508361603,7.121537537345742,1.0673684158746255e-12,0.007380073800738007,round numbers
2018,15,10 minutes before funding settlement (00:00 UTC),3540,0.006960146281040483,0.5307909604519774,0.5051316332750044,0.025839171591027443,0.021679568480245055,1.191867431059466,0.23331323043911434,1.0,time
2018,15,10 minutes after funding settlement (00:00 UTC),3550,0.006979807711212913,0.5115492957746479,0.5051316332750044,0.006462771401306133,0.02037342363060506,0.317215776714019,0.7510798795640554,1.0,time
2018,15,10 minutes before funding settlement (08:00 UTC),3510,0.006901161990523191,0.5102564102564102,0.5051316332750044,0.005160389666428067,0.021384376669666028,0.24131587963226145,0.8093103043454468,1.0,time
2018,15,10 minutes after funding settlement (08:00 UTC),3510,0.006901161990523191,0.5170940170940171,0.5051316332750044,0.012045511847531332,0.021498676874231473,0.5602908457110307,0.575281070445907,1.0,time
2018,15,10 minutes before funding settlement (16:00 UTC),3550,0.006979807711212913,0.5245070422535211,0.5051316332750044,0.01951159616790743,0.02098263955593472,0.9298923577224001,0.3524268202634939,1.0,time
2018,15,10 minutes after funding settlement (16:00 UTC),3550,0.006979807711212913,0.48507042253521127,0.5051316332750044,-0.020202218339140265,0.02086209998511474,-0.9683693565630831,0.332859937792076,1.0,time
2018,15,10 minutes after the US equity open (13:30 UTC),3540,0.006960146281040483,0.514406779661017,0.5051316332750044,0.009340155232719916,0.020251745534907002,0.46120247840467476,0.644653343727299,1.0,time
2018,15,10 minutes after the US equity close (20:00 UTC),3550,0.006979807711212913,0.504225352112676,0.5051316332750044,-0.0009126512928598896,0.01979415403862322,-0.04610711279093233,0.9632248768520606,1.0,time
2018,15,10 minutes after the London open (07:00 UTC),3510,0.006901161990523191,0.48205128205128206,0.5051316332750044,-0.023240739330622484,0.02030309519649002,-1.1446894725017258,0.2523378139156698,1.0,time
2018,15,last 5 minutes of the hour,42385,0.0833349717858477,0.501568951279934,0.5051316332750044,-0.0038865691233048727,0.004591481296809603,-0.8464739094125159,0.3972884227246054,1.0,time
2018,15,first 5 minutes of the hour,42386,0.08333693792886494,0.49690935686311516,0.5051316332750044,-0.008969791357482715,0.0043712382107826,-2.052002413265146,0.040169427883572695,1.0,time
2018,15,last 5 minutes of a 4-hour block,10595,0.02083128526769037,0.5115620575743275,0.5051316332750044,0.0065672281013196,0.010513288600333006,0.6246597378779828,0.5321944033360206,1.0,time
2018,15,first 5 minutes of a 4-hour block,10600,0.020841115982776586,0.504245283018868,0.5051316332750044,-0.0009052159670961402,0.009530201275202824,-0.09498392961032978,0.9243275915168665,1.0,time
2018,15,last 5 minutes of the UTC day,1770,0.0034800731405202415,0.5282485875706214,0.5051316332750044,0.02319768393239241,0.0239062659411453,0.9703599880258446,0.3318670855149035,1.0,time
2018,15,first 5 minutes of the UTC day,1775,0.0034899038556064567,0.5211267605633803,0.5051316332750044,0.016051144238540815,0.022375496257645313,0.7173536646391215,0.4731559022487615,1.0,time
2018,15,Saturday or Sunday,146250,0.2875484162717996,0.509305982905983,0.5051316332750044,0.005859134467965488,0.003989300889380421,1.4687120952853148,0.14191089540326862,1.0,time
2018,15,first hour of the week (Monday 00:00 to 01:00 UTC),3120,0.006134366213798392,0.5060897435897436,0.5051316332750044,0.000964023990938423,0.024834030751893717,0.038818667842106594,0.9690349612656544,1.0,time
2018,15,volume climax at a new 1h high (hour's largest volume),2981,0.005861072334401605,0.46192552834619255,0.5051316332750044,-0.04346083200892953,0.010496375658228281,-4.140556076121367,3.4646489577516704e-05,0.1992619926199262,volume and flow
2018,15,volume climax at a new 1h low (hour's largest volume),3608,0.007093844006213012,0.518569844789357,0.5051316332750044,0.013534221168064353,0.009583954014483769,1.412175094706291,0.1578984118100788,1.0,volume and flow
2018,15,"absorption: heavy taker selling in the last 5 minutes, price did not fall",11312,0.022241009811053657,0.4855905233380481,0.5051316332750044,-0.019985610086980743,0.007419315299608733,-2.693727019262102,0.007065800842046999,0.985239852398524,volume and flow
2018,15,"absorption: heavy taker buying in the last 5 minutes, price did not rise",25394,0.04992823577987063,0.5102386390485941,0.5051316332750044,0.005375389487321303,0.005295015411449458,1.01517919583351,0.31002041568895145,1.0,volume and flow
2018,15,delta divergence: new 4h high with net taker selling over the hour,1590,0.003126167397416488,0.45031446540880504,0.5051316332750044,-0.05498907291315469,0.019175857554280643,-2.867620014254822,0.0041357191523392345,0.9630996309963099,volume and flow
2018,15,delta divergence: new 4h low with net taker buying over the hour,2437,0.004791490533021372,0.5633976200246205,0.5051316332750044,0.058546511806679136,0.017212205881363244,3.4014531437874087,0.0006702861815550687,0.5498154981549815,volume and flow
2018,15,taker buying above 70% of the last minute,109938,0.2161538310296691,0.5097145663919663,0.5051316332750044,0.005846725159073141,0.00214531376496423,2.725347338257827,0.006423387360482646,0.985239852398524,volume and flow
2018,15,taker selling above 70% of the last minute,74424,0.14632822791529856,0.5028485434805977,0.5051316332750044,-0.00267443515068011,0.002679471759441947,-0.998120297874352,0.3182210285831979,1.0,volume and flow
2018,15,bullish engulfing,30808,0.060572934075224634,0.5089262529213191,0.5051316332750044,0.004039291376578769,0.002882172330168837,1.401474621866954,0.16107219134134643,1.0,candles
2018,15,bearish engulfing,31489,0.061911877469967166,0.5007780494775953,0.5051316332750044,-0.00464091133108846,0.0027942778981993343,-1.660862484035363,0.09674106842972652,1.0,candles
2018,15,pin bar at a new 1h high (long upper wick),3103,0.00610094178250526,0.44150821785369,0.5051316332750044,-0.06401396086984901,0.010423146469147387,-6.141519843295971,8.173561827362619e-10,0.02952029520295203,candles
2018,15,pin bar at a new 1h low (long lower wick),2991,0.005880733764574035,0.5683717820127048,0.5051316332750044,0.06361424718905295,0.010419905417885391,6.105069541213052,1.0275593709252462e-09,0.033210332103321034,candles
2018,15,inside bar (last minute inside the previous one),148822,0.2926053361121488,0.5054158659338001,0.5051316332750044,0.00040180209620677143,0.0015483501038425294,0.25950338699860065,0.7952468690638534,1.0,candles
2018,15,doji at a new 1h high,3336,0.0065590531055228956,0.4433453237410072,0.5051316332750044,-0.06219424488908265,0.009736439345961488,-6.3877812698417085,1.6830981053317373e-10,0.02952029520295203,candles
2018,15,doji at a new 1h low,3008,0.005914158195867167,0.5581781914893617,0.5051316332750044,0.05336215041357473,0.010182974138960962,5.240330544433616,1.6028922034116988e-07,0.1033210332103321,candles
2018,15,squeeze: last hour's range under 40% of the previous day's median hourly range,3864,0.007597176618627239,0.48938923395445133,0.5051316332750044,-0.01586291266979134,0.02463322078441934,-0.6439642143679696,0.5195986397097161,1.0,volatility
2018,30,failed breakout above the 1h high,38954,0.0765913939382023,0.4639318170149407,0.5072955888280459,-0.04696054544915418,0.006018423826329591,-7.802798008958708,5.995204332975845e-15,0.007380073800738007,levels
2018,30,failed breakdown below the 1h low,37370,0.07347693154671202,0.5684238694139684,0.5072955888280459,0.0659759941951239,0.006245691995832234,10.563440246356985,0.0,0.0036900369003690036,levels
2018,30,wick rejection at the 1h high,14607,0.028720298076072317,0.44061066611898403,0.5072955888280459,-0.0686567654785446,0.006285260603711368,-10.92345565401117,0.0,0.0036900369003690036,levels
2018,30,wick rejection at the 1h low,13750,0.02703526381501981,0.5738181818181818,0.5072955888280459,0.06837102159629416,0.006470981276921356,10.565788814771915,0.0,0.0036900369003690036,levels
2018,30,failed breakout above the 4h high,15555,0.030584256628555136,0.4177434908389585,0.5072955888280459,-0.09237739184804455,0.009844608359052287,-9.383551735006497,0.0,0.0036900369003690036,levels
2018,30,failed breakdown below the 4h low,15221,0.029927545492975747,0.5971355364299323,0.5072955888280459,0.09261158502592648,0.010054377889336398,9.211070644574606,0.0,0.0036900369003690036,levels
2018,30,wick rejection at the 4h high,5037,0.00990375446081853,0.39686321222950166,0.5072955888280459,-0.11153701177647185,0.01081719725265731,-10.311082359995988,0.0,0.0036900369003690036,levels
2018,30,wick rejection at the 4h low,4946,0.009724830169388217,0.5964415689446017,0.5072955888280459,0.09002142316847583,0.010226892815142585,8.802421693046828,0.0,0.0036900369003690036,levels
2018,30,failed breakout above the daily high,4136,0.008132207355557959,0.4185203094777563,0.5072955888280459,-0.0895031374227847,0.018121367367127626,-4.939094032448371,7.848636058849223e-07,0.14760147601476015,levels
2018,30,failed breakdown below the daily low,5623,0.011055948249589555,0.5923884047661391,0.5072955888280459,0.08604411522318245,0.017689928191071756,4.864017213286913,1.1502690353548672e-06,0.15498154981549817,levels
2018,30,wick rejection at the daily high,1235,0.0024282582408399612,0.39433198380566803,0.5072955888280459,-0.11323857753144961,0.01796948770175388,-6.301714295416288,2.943714161318667e-10,0.02952029520295203,levels
2018,30,wick rejection at the daily low,1729,0.0033995615371759454,0.6061307113938693,0.5072955888280459,0.09917226478273344,0.017352829158916797,5.7150487608975,1.0967257102478811e-08,0.055350553505535055,levels
2018,30,"liquidity sweep of the 1h low (took it out, closed back above)",10059,0.019778015906566127,0.573118600258475,0.5072955888280459,0.06715112749823304,0.0067149343453713015,10.000265683092085,0.0,0.0036900369003690036,levels
2018,30,"liquidity sweep of the 1h high (took it out, closed back below)",10788,0.02121137643901336,0.4352057842046719,0.5072955888280459,-0.07365206632776339,0.006405392612021186,-11.498446822687875,0.0,0.0036900369003690036,levels
2018,30,retest from above of a 4h high broken in the last hour,5902,0.011604518329908867,0.4151135208403931,0.5072955888280459,-0.09326435591540017,0.01420634879528717,-6.564977198528294,5.204081610088451e-11,0.014760147601476014,levels
2018,30,retest from below of a 4h low broken in the last hour,4626,0.009095645847875028,0.5955469087764808,0.5072955888280459,0.08906139081803488,0.015363146662796204,5.797080036585751,6.747949088392602e-09,0.04428044280442804,levels
2018,30,acceptance above the 4h high (last 5 closes all above it),12075,0.023741877132099215,0.4246790890269151,0.5072955888280459,-0.08462567211060201,0.011721881222562966,-7.219461663517759,5.220268661787486e-13,0.007380073800738007,levels
2018,30,acceptance below the 4h low (last 5 closes all below it),12839,0.02524405469971195,0.5484850845081393,0.5072955888280459,0.042256213854027114,0.010713254620646368,3.9442928736699483,8.003579554527462e-05,0.25092250922509224,levels
2018,30,"support held (4h low tested within 3 bp, no close below, price now 3+ bp above)",10985,0.021598718036944915,0.5687756030951298,0.5072955888280459,0.06283721761252292,0.013364180480005025,4.701913275306149,2.5773497287495672e-06,0.15867158671586715,levels
2018,30,"resistance held (4h high tested within 3 bp, no close above, price now 3+ bp below)",12168,0.023924733825538985,0.45808678500986194,0.5072955888280459,-0.05041496852086863,0.013374089093026377,-3.769600170164591,0.00016350927564667828,0.3284132841328413,levels
2018,30,"repeated rejection at the 4h high (2+ touches in 30 minutes, no close above)",8337,0.016392217776423284,0.46827395945783856,0.5072955888280459,-0.03967194045780498,0.017818262274010694,-2.2264764008816704,0.025982287985365726,1.0,levels
2018,30,"repeated rejection at the 4h low (2+ touches in 30 minutes, no close below)",7194,0.014144850028018364,0.5639421740339171,0.5072955888280459,0.057459338937856264,0.016731923493150443,3.434114371929708,0.0005944932983259488,0.5276752767527675,levels
2018,30,rejecting the ups (3+ up-minutes undone by the next minute in the last 15),94176,0.1851689458213313,0.5200581889228678,0.5072955888280459,0.015662878862276908,0.004802928697631627,3.261110011897623,0.0011097697456043942,0.6531365313653137,levels
2018,30,rejecting the downs (3+ down-minutes undone by the next minute in the last 15),96251,0.1892488129061434,0.49132996020820563,0.5072955888280459,-0.019692390062442167,0.004539197850078377,-4.338297362848404,1.435907905555922e-05,0.18450184501845018,levels
2018,30,lower highs (three successive 10-minute highs declining),156775,0.30825116251634405,0.5540743103173338,0.5072955888280459,0.06762385269695975,0.0036284642192464466,18.637045485597696,0.0,0.0036900369003690036,levels
2018,30,higher lows (three successive 10-minute lows rising),161096,0.3167471170577768,0.4603155882206883,0.5072955888280459,-0.06875931559198456,0.0039760551431610594,-17.293350599086324,0.0,0.0036900369003690036,levels
2018,30,approaching the previous day's high from below (within 10 bp),4830,0.009496750852839686,0.4509316770186335,0.5072955888280459,-0.05690431793933298,0.027393624695185786,-2.077283257419142,0.037775423419208254,1.0,levels
2018,30,approaching the previous day's low from above (within 10 bp),3931,0.007729136149588573,0.5090307809717629,0.5072955888280459,0.0017487081470716204,0.022664225400972543,0.07715719889533845,0.9384984904313765,1.0,levels
2018,30,broke above the previous day's high in the last 5 minutes,2778,0.005462106391136366,0.46508279337652986,0.5072955888280459,-0.04244463255023817,0.020931612619935862,-2.0277765177926472,0.042583062019990514,1.0,levels
2018,30,broke below the previous day's low in the last 5 minutes,3033,0.005963487647342188,0.5146719419716452,0.5072955888280459,0.007420605834831173,0.020461815348521213,0.3626562799261828,0.7168616628941096,1.0,levels
2018,30,crossed above the daily open in the last 5 minutes,8669,0.017044996509993218,0.4794093897796747,0.5072955888280459,-0.028369761534719873,0.010825564153060338,-2.6206266143367567,0.008776833170476284,0.992619926199262,levels
2018,30,crossed below the daily open in the last 5 minutes,8658,0.017023368298941202,0.5088935088935089,0.5072955888280459,0.0016255931361235376,0.010756686416862143,0.15112396821155477,0.8798779257380172,1.0,levels
2018,30,reclaimed the session VWAP in the last 5 minutes after 30+ minutes below,4146,0.008151869365605247,0.46695610226724554,0.5072955888280459,-0.04067103149652446,0.01290772083367658,-3.1509072763963624,0.0016276415353433382,0.7564575645756457,levels
2018,30,lost the session VWAP in the last 5 minutes after 30+ minutes above,4420,0.008690608440900914,0.5319004524886878,0.5072955888280459,0.024820569511546875,0.012726315901444919,1.9503342289915027,0.05113629546585119,1.0,levels
2018,30,"approaching a $1,000 level from below (within 10 bp, rising)",1194,0.0023476439996460837,0.5,0.5072955888280459,-0.007312756577145141,0.026374630766188265,-0.27726479441448504,0.781576790191354,1.0,round numbers
2018,30,"approaching a $1,000 level from above (within 10 bp, falling)",1008,0.001981930612766543,0.5049603174603174,0.5072955888280459,-0.0023399089048179444,0.025768794779208404,-0.0908039714261648,0.9276483543492056,1.0,round numbers
2018,30,"crossed a $1,000 level upward in the last 3 minutes",2408,0.004734612019386742,0.5232558139534884,0.5072955888280459,0.016036150074329125,0.022085453637317422,0.7260955712149426,0.4677801838575497,1.0,round numbers
2018,30,"crossed a $1,000 level downward in the last 3 minutes",2435,0.004787699446514417,0.5359342915811088,0.5072955888280459,0.028776475870661566,0.019176707484263932,1.500595234832415,0.1334602845906332,1.0,round numbers
2018,30,"approaching a $100 level from below (within 10 bp, rising)",19410,0.038163961501784326,0.5039670273055126,0.5072955888280459,-0.003460632986605927,0.007224547363564546,-0.4790103535148633,0.631931263118517,1.0,round numbers
2018,30,"approaching a $100 level from above (within 10 bp, falling)",17078,0.03357878075875697,0.5187961119569037,0.5072955888280459,0.011900114463429423,0.00820455350010574,1.4504280413645978,0.1469391921576817,1.0,round numbers
2018,30,crossed a $100 level upward in the last 3 minutes,27733,0.05452865246414141,0.495510763350521,0.5072955888280459,-0.012464497743098324,0.005097605007922309,-2.4451674313186196,0.01447849099176124,0.996309963099631,round numbers
2018,30,crossed a $100 level downward in the last 3 minutes,28147,0.0553426596800991,0.537712722492628,0.5072955888280459,0.032199118522999726,0.005109080221206334,6.3023317561838965,2.932007969747019e-10,0.02952029520295203,round numbers
2018,30,10 minutes before funding settlement (00:00 UTC),3540,0.006960351556739646,0.5322033898305085,0.5072955888280459,0.025082383207467474,0.023301308494173476,1.0764366822463793,0.28173200431050405,1.0,time
2018,30,10 minutes after funding settlement (00:00 UTC),3550,0.006980013566786933,0.52,0.5072955888280459,0.012793711451454803,0.022538239382714976,0.5676446697636265,0.570276268943807,1.0,time
2018,30,10 minutes before funding settlement (08:00 UTC),3510,0.006901365526597784,0.5202279202279202,0.5072955888280459,0.01302220237844931,0.023279056217879606,0.559395632562094,0.5758917413792046,1.0,time
2018,30,10 minutes after funding settlement (08:00 UTC),3510,0.006901365526597784,0.501994301994302,0.5072955888280459,-0.005338127200783971,0.02258568557281286,-0.23635001840323375,0.813161077055943,1.0,time
2018,30,10 minutes before funding settlement (16:00 UTC),3550,0.006980013566786933,0.5256338028169014,0.5072955888280459,0.018467114700000953,0.023164385778224016,0.7972201325260783,0.425323195578275,1.0,time
2018,30,10 minutes after funding settlement (16:00 UTC),3550,0.006980013566786933,0.5123943661971831,0.5072955888280459,0.005134617065917668,0.021717234923451515,0.23643051631646783,0.8130986187187608,1.0,time
2018,30,10 minutes after the US equity open (13:30 UTC),3540,0.006960351556739646,0.48361581920903957,0.5072955888280459,-0.023845744383044487,0.022272777318216957,-1.0706228523885521,0.2843390438953879,1.0,time
2018,30,10 minutes after the US equity close (20:00 UTC),3550,0.006980013566786933,0.5073239436619719,0.5072955888280459,2.8554142226133727e-05,0.021766429006175748,0.0013118432159006015,0.9989533008520555,1.0,time
2018,30,10 minutes after the London open (07:00 UTC),3510,0.006901365526597784,0.48376068376068376,0.5072955888280459,-0.023698456780017307,0.02134311726355148,-1.1103559282077382,0.2668456815077951,1.0,time
2018,30,last 5 minutes of the hour,42385,0.08333742958542652,0.5030317329243836,0.5072955888280459,-0.004651499953504001,0.004121011640676095,-1.1287276909367998,0.2590127241821383,1.0,time
2018,30,first 5 minutes of the hour,42386,0.08333939578643125,0.5007549662624452,0.5072955888280459,-0.00713527180674689,0.004165867083106604,-1.7127939188654855,0.08675045928634839,1.0,time
2018,30,last 5 minutes of a 4-hour block,10595,0.02083189964510072,0.5144879660217083,0.5072955888280459,0.007345395740583793,0.010121602902626705,0.7257146729869787,0.46801370479537785,1.0,time
2018,30,first 5 minutes of a 4-hour block,10600,0.020841730650124363,0.509245283018868,0.5072955888280459,0.001991194122393125,0.009566454300933868,0.20814337891090398,0.8351170173264015,1.0,time
2018,30,last 5 minutes of the UTC day,1770,0.003480175778369823,0.5344632768361582,0.5072955888280459,0.027262566531812582,0.024311976247358476,1.1213636544571193,0.2621331004152634,1.0,time
2018,30,first 5 minutes of the UTC day,1775,0.0034900067833934663,0.5194366197183099,0.5072955888280459,0.012183551567881756,0.024176152167554053,0.5039491596281754,0.6142971038943359,1.0,time
2018,30,Saturday or Sunday,146250,0.2875568969415743,0.5140239316239317,0.5072955888280459,0.009444042291941401,0.005550874430744184,1.7013611836784561,0.08887518546483042,1.0,time
2018,30,first hour of the week (Monday 00:00 to 01:00 UTC),3120,0.006134547134753586,0.4967948717948718,0.5072955888280459,-0.01056553178591857,0.036888490613351345,-0.2864181106421986,0.7745579051851419,1.0,time
2018,30,volume climax at a new 1h high (hour's largest volume),2981,0.005861245195096294,0.46930560214693057,0.5072955888280459,-0.038213968118133324,0.010338596830396882,-3.696243188996311,0.00021881338310181242,0.3726937269372694,volume and flow
2018,30,volume climax at a new 1h low (hour's largest volume),3608,0.007094053225061198,0.5357538802660754,0.5072955888280459,0.028661618485079088,0.009945961566739294,2.8817342891136444,0.003954930887048125,0.955719557195572,volume and flow
2018,30,"absorption: heavy taker selling in the last 5 minutes, price did not fall",11312,0.022241665765491206,0.5015912305516266,0.5072955888280459,-0.005834118796732457,0.007860074963735943,-0.742247220751628,0.4579375632250604,1.0,volume and flow
2018,30,"absorption: heavy taker buying in the last 5 minutes, price did not rise",25394,0.04992970831408095,0.513782783334646,0.5072955888280459,0.006828120575256058,0.005784397844911387,1.180437576793382,0.23782622406688292,1.0,volume and flow
2018,30,delta divergence: new 4h high with net taker selling over the hour,1590,0.0031262595975186545,0.42641509433962266,0.5072955888280459,-0.08113414087502024,0.023354630450249547,-3.4740066235624516,0.0005127483762905616,0.5018450184501845,volume and flow
2018,30,delta divergence: new 4h low with net taker buying over the hour,2437,0.004791631848523875,0.5794009027492819,0.5072955888280459,0.07245247952965483,0.01890585271085897,3.8322777944863735,0.00012696225854647025,0.28413284132841327,volume and flow
2018,30,taker buying above 70% of the last minute,109937,0.21615823985686056,0.5070085594476836,0.5072955888280459,-0.0003661828125995914,0.0021603398992747556,-0.1695024068770484,0.8654014793405305,1.0,volume and flow
2018,30,taker selling above 70% of the last minute,74422,0.14632861117392032,0.5071081131923356,0.5072955888280459,-0.0002196110097681947,0.002840919288328334,-0.07730279796066264,0.9383826651192149,1.0,volume and flow
2018,30,bullish engulfing,30806,0.060570788151672744,0.5097383626566253,0.5072955888280459,0.002600274504742317,0.002770895952783674,0.9384237261345203,0.3480266976396489,1.0,candles
2018,30,bearish engulfing,31488,0.061911737236897725,0.5070185467479674,0.5072955888280459,-0.0002953262406912849,0.002744041488290233,-0.10762455376551096,0.9142935190301371,1.0,candles
2018,30,pin bar at a new 1h high (long upper wick),3103,0.006101121717673198,0.4302288108282307,0.5072955888280459,-0.07753985811212838,0.010422573382198434,-7.439607788664271,1.0103029524088925e-13,0.007380073800738007,candles
2018,30,pin bar at a new 1h low (long lower wick),2991,0.005880907205143582,0.5850885991307255,0.5072955888280459,0.07825321017019515,0.010000398404433147,7.825009265181449,5.10702591327572e-15,0.007380073800738007,candles
2018,30,inside bar (last minute inside the previous one),148821,0.29261199972473184,0.5070184987333777,0.5072955888280459,-0.00039170878578709267,0.00162620717476227,-0.2408726218074615,0.8096538421006305,1.0,candles
2018,30,doji at a new 1h high,3336,0.006559246551774988,0.4394484412470024,0.5072955888280459,-0.06829511205932165,0.010297132120099127,-6.632440106893005,3.301825479695708e-11,0.01107011070110701,candles
2018,30,doji at a new 1h low,3008,0.00591433262222397,0.5801196808510638,0.5072955888280459,0.07325736041956532,0.011249411712036828,6.512105903385172,7.410450031386517e-11,0.025830258302583026,candles
2018,30,squeeze: last hour's range under 40% of the previous day's median hourly range,3864,0.0075974006822717485,0.4994824016563147,0.5072955888280459,-0.007873001518842015,0.02949007519885492,-0.26697122559889974,0.7894913158892931,1.0,volatility
2019,1,failed breakout above the 1h high,43486,0.08447623413860894,0.5074736696867957,0.5057637167522709,0.0018677318910623741,0.0024658195138862497,0.7574487429206606,0.4487810633107081,1.0,levels
2019,1,failed breakdown below the 1h low,39163,0.07607834147933454,0.4913311033373337,0.5057637167522709,-0.015621035919913318,0.0026302666651042456,-5.9389552120922335,2.868442150472106e-09,0.04059040590405904,levels
2019,1,wick rejection at the 1h high,14743,0.028639863862059318,0.5039001560062403,0.5057637167522709,-0.0019185065113337396,0.004278824025621196,-0.44837237985154405,0.6538844718487302,1.0,levels
2019,1,wick rejection at the 1h low,12576,0.024430233190616428,0.5113708651399491,0.5057637167522709,0.005747562684334184,0.004572076135280478,1.2571012630308254,0.20871696987581823,1.0,levels
2019,1,failed breakout above the 4h high,17947,0.034863978615775525,0.5088872792110102,0.5057637167522709,0.0032363961032760846,0.0035481289506824783,0.9121416240110348,0.36169416921781905,1.0,levels
2019,1,failed breakdown below the 4h low,14032,0.02725866985772342,0.4987884834663626,0.5057637167522709,-0.007170696946626198,0.004135759861583641,-1.7338281686114232,0.08294857605156825,1.0,levels
2019,1,wick rejection at the 4h high,5378,0.010447343678366345,0.4875418371141688,0.5057637167522709,-0.018414259738169403,0.00710553962326429,-2.5915357192406843,0.009554862210648496,0.992619926199262,levels
2019,1,wick rejection at the 4h low,3767,0.007317802833098926,0.5367666578178922,0.5057637167522709,0.03123148692915334,0.007741316918259142,4.03438940156149,5.474446750652895e-05,0.2140221402214022,levels
2019,1,failed breakout above the daily high,5190,0.01008213344937176,0.5090558766859344,0.5057637167522709,0.003325689983892377,0.006526729404033328,0.509549236381272,0.6103672957560082,1.0,levels
2019,1,failed breakdown below the daily low,3326,0.006461112881042481,0.504810583283223,0.5057637167522709,-0.0009593318202287815,0.008234040819005493,-0.1165080233771114,0.9072499276685104,1.0,levels
2019,1,wick rejection at the daily high,1519,0.0029508209459721975,0.48847926267281105,0.5057637167522709,-0.017335608355707022,0.013481377192011482,-1.285892984730032,0.19848041235438796,1.0,levels
2019,1,wick rejection at the daily low,845,0.001641503422874593,0.5668639053254438,0.5057637167522709,0.06120064964905403,0.01665381775517976,3.674872065296804,0.00023796862702241128,0.3726937269372694,levels
2019,1,"liquidity sweep of the 1h low (took it out, closed back above)",10270,0.019950580062629668,0.5153846153846153,0.5057637167522709,0.009816748458418845,0.004833496121526164,2.0309830010413314,0.04225671903362893,1.0,levels
2019,1,"liquidity sweep of the 1h high (took it out, closed back below)",11706,0.02274016457771596,0.4999145737228772,0.5057637167522709,-0.005985248566842238,0.004547118356625489,-1.3162728782111615,0.18808247056654448,1.0,levels
2019,1,retest from above of a 4h high broken in the last hour,7865,0.015278608782140444,0.5003178639542276,0.5057637167522709,-0.0055303488343114715,0.005736604752480892,-0.9640456459754837,0.33502304150343454,1.0,levels
2019,1,retest from below of a 4h low broken in the last hour,5566,0.010812553907360929,0.5062881782249371,0.5057637167522709,0.0005301942263196135,0.006623171606599225,0.08005141008143837,0.9361963677978744,1.0,levels
2019,1,acceptance above the 4h high (last 5 closes all above it),12546,0.024371954962585377,0.4912322652638291,0.5057637167522709,-0.014894458561699575,0.004843808877644984,-3.0749476162117126,0.0021053952875009774,0.8081180811808119,levels
2019,1,acceptance below the 4h low (last 5 closes all below it),8486,0.01648496810238319,0.516026396417629,0.5057637167522709,0.01043469528427754,0.0049302335681221604,2.1164707797508937,0.03430478782756308,1.0,levels
2019,1,"support held (4h low tested within 3 bp, no close below, price now 3+ bp above)",11395,0.022136013613794067,0.5087318999561211,0.5057637167522709,0.0030353742904669634,0.004748312502643578,0.639253269193434,0.5226581833768145,1.0,levels
2019,1,"resistance held (4h high tested within 3 bp, no close above, price now 3+ bp below)",15225,0.0295762007257582,0.5068637110016421,0.5057637167522709,0.0011335194480945887,0.0040499328716454555,0.27988598429140105,0.7795649805709588,1.0,levels
2019,1,"repeated rejection at the 4h high (2+ touches in 30 minutes, no close above)",10178,0.019771860163334445,0.5030457850265279,0.5057637167522709,-0.0027727542347396605,0.005008673029130669,-0.5535905854930431,0.5798590705341733,1.0,levels
2019,1,"repeated rejection at the 4h low (2+ touches in 30 minutes, no close below)",7725,0.01500664371799554,0.5058899676375405,0.5057637167522709,0.00012817435210543682,0.006628423317106035,0.019337080022432493,0.9845722038721869,1.0,levels
2019,1,rejecting the ups (3+ up-minutes undone by the next minute in the last 15),109526,0.21276604011096176,0.5080346219162574,0.5057637167522709,0.0028846636193217146,0.0016996272327180187,1.6972331131153995,0.08965259710315454,1.0,levels
2019,1,rejecting the downs (3+ down-minutes undone by the next minute in the last 15),108414,0.2106058604586108,0.5034036194587415,0.5057637167522709,-0.0029897578095785526,0.0016758536744863137,-1.784020797934509,0.07442028569993653,1.0,levels
2019,1,lower highs (three successive 10-minute highs declining),153919,0.29900421934370947,0.5104048233161598,0.5057637167522709,0.0066207339501298534,0.0015559795637902975,4.255026289678277,2.0902445430071026e-05,0.1918819188191882,levels
2019,1,higher lows (three successive 10-minute lows rising),159087,0.30904361542585845,0.5014363210067447,0.5057637167522709,-0.006262907242970628,0.0015284414834464434,-4.097577375908798,4.174966334402619e-05,0.2029520295202952,levels
2019,1,approaching the previous day's high from below (within 10 bp),4381,0.00851056390013443,0.5108422734535494,0.5057637167522709,0.005122149078315541,0.00768949341127822,0.6661230856642465,0.505332429745529,1.0,levels
2019,1,approaching the previous day's low from above (within 10 bp),3557,0.006909855236881571,0.4981726173741917,0.5057637167522709,-0.007643917743126782,0.006754856925273107,-1.1316180087437944,0.25779506553576725,1.0,levels
2019,1,broke above the previous day's high in the last 5 minutes,2388,0.004638946951271631,0.490787269681742,0.5057637167522709,-0.015046245806641712,0.009331512755887793,-1.6124122851515326,0.10687225328816763,1.0,levels
2019,1,broke below the previous day's low in the last 5 minutes,2284,0.004436915760763989,0.5201401050788091,0.5057637167522709,0.01444045942856953,0.009559266217236347,1.5106242571769668,0.13088421009471207,1.0,levels
2019,1,crossed above the daily open in the last 5 minutes,9347,0.018157553246874344,0.4999465069006098,0.5057637167522709,-0.005924789533084618,0.00487792200946271,-1.2146134197289509,0.22451356812839407,1.0,levels
2019,1,crossed below the daily open in the last 5 minutes,9409,0.018277994918138515,0.5037729833138485,0.5057637167522709,-0.0020277975110239987,0.0052626731729301475,-0.38531701369077476,0.7000025577674265,1.0,levels
2019,1,reclaimed the session VWAP in the last 5 minutes after 30+ minutes below,4022,0.007813167771362857,0.4813525609149677,0.5057637167522709,-0.02460338622159619,0.007849638042176683,-3.134333849459094,0.0017224476713850745,0.7712177121771218,levels
2019,1,lost the session VWAP in the last 5 minutes after 30+ minutes above,4311,0.008374581368061977,0.5339828346091394,0.5057637167522709,0.028457436978370332,0.00721964168927175,3.941668880971966,8.091663146703176e-05,0.25092250922509224,levels
2019,1,"approaching a $1,000 level from below (within 10 bp, rising)",2187,0.004248482823463592,0.5098308184727938,0.5057637167522709,0.004084454455118625,0.011367339805255243,0.35931489029916547,0.719359536276682,1.0,round numbers
2019,1,"approaching a $1,000 level from above (within 10 bp, falling)",1545,0.003001328743599108,0.47702265372168284,0.5057637167522709,-0.028827584087317892,0.012073458794407792,-2.387682318563949,0.01695499068029771,1.0,round numbers
2019,1,"crossed a $1,000 level upward in the last 3 minutes",1928,0.003745347454795521,0.5186721991701245,0.5057637167522709,0.012957010925746082,0.010038315010472414,1.2907555612897936,0.19678845165278736,1.0,round numbers
2019,1,"crossed a $1,000 level downward in the last 3 minutes",1919,0.003727863986386206,0.5033871808233454,0.5057637167522709,-0.0023854284818550786,0.011498259769783352,-0.20745995738623188,0.8356506617254351,1.0,round numbers
2019,1,"approaching a $100 level from below (within 10 bp, rising)",20027,0.03890460242592837,0.5102611474509412,0.5057637167522709,0.004679484169856973,0.0033963655555243823,1.3777916697587294,0.16826761869690987,1.0,round numbers
2019,1,"approaching a $100 level from above (within 10 bp, falling)",18519,0.03597515016356756,0.49225120146876183,0.5057637167522709,-0.014016770714781634,0.0039036446423349655,-3.5906881898956615,0.00032980600138743377,0.42066420664206644,round numbers
2019,1,crossed a $100 level upward in the last 3 minutes,19856,0.038572416526151385,0.5008561643835616,0.5057637167522709,-0.005104443073057241,0.0037349112369326164,-1.3666839047156003,0.17172440496004415,1.0,round numbers
2019,1,crossed a $100 level downward in the last 3 minutes,19601,0.038077051587887455,0.5254833937044029,0.5057637167522709,0.02050026666344129,0.0036163869641804027,5.668714898735223,1.4387253610692596e-08,0.055350553505535055,round numbers
2019,1,10 minutes before funding settlement (00:00 UTC),3590,0.006973961287715727,0.4955431754874652,0.5057637167522709,-0.010292319502577474,0.007967799107131641,-1.291739332805875,0.19644743123199992,1.0,time
2019,1,10 minutes after funding settlement (00:00 UTC),3590,0.006973961287715727,0.5047353760445682,0.5057637167522709,-0.001035562681756308,0.008856938265485056,-0.11692106806161584,0.9069226027605959,1.0,time
2019,1,10 minutes before funding settlement (08:00 UTC),3560,0.006915683059684676,0.4941011235955056,0.5057637167522709,-0.011743809622024481,0.007677032430659321,-1.529732970141419,0.12608283915147256,1.0,time
2019,1,10 minutes after funding settlement (08:00 UTC),3560,0.006915683059684676,0.5008426966292134,0.5057637167522709,-0.004955289333557378,0.009814289879275531,-0.5049055402389608,0.6136251826716423,1.0,time
2019,1,10 minutes before funding settlement (16:00 UTC),3590,0.006973961287715727,0.5325905292479108,0.5057637167522709,0.02701521556315667,0.007938992568328132,3.4028518518749276,0.0006668642916747292,0.5498154981549815,time
2019,1,10 minutes after funding settlement (16:00 UTC),3590,0.006973961287715727,0.5044568245125348,0.5057637167522709,-0.0013160704642053433,0.008198858116963215,-0.16051875095660326,0.8724724520148699,1.0,time
2019,1,10 minutes after the US equity open (13:30 UTC),3580,0.006954535211705377,0.508659217877095,0.5057637167522709,0.0029157790126370653,0.008461258586211688,0.3446034632942864,0.7303925017758406,1.0,time
2019,1,10 minutes after the US equity close (20:00 UTC),3590,0.006973961287715727,0.5278551532033426,0.5057637167522709,0.022246583261521513,0.009064241939410259,2.454323639001292,0.014114988232617254,0.996309963099631,time
2019,1,10 minutes after the London open (07:00 UTC),3560,0.006915683059684676,0.5078651685393258,0.5057637167522709,0.0021160859669292487,0.008912251782154131,0.2374356132045656,0.812318864168545,1.0,time
2019,1,last 5 minutes of the hour,42900,0.08333786608440241,0.5103496503496503,0.5057637167522709,0.005002861389932445,0.002525307210571353,1.9810902091395617,0.04758115808065533,1.0,time
2019,1,first 5 minutes of the hour,42900,0.08333786608440241,0.5106759906759907,0.5057637167522709,0.005358870779069491,0.0030519845048665034,1.7558643467961816,0.07911157399926005,1.0,time
2019,1,last 5 minutes of a 4-hour block,10725,0.020834466521100603,0.509090909090909,0.5057637167522709,0.0033979875974768925,0.005115927358583313,0.6641977806381232,0.5065637337458129,1.0,time
2019,1,first 5 minutes of a 4-hour block,10725,0.020834466521100603,0.512913752913753,0.5057637167522709,0.0073021730412410335,0.005152530695078157,1.4172012693134026,0.15642409079581254,1.0,time
2019,1,last 5 minutes of the UTC day,1795,0.0034869806438578635,0.48467966573816157,0.5057637167522709,-0.021157827950639252,0.011288465577495002,-1.874287325003682,0.06089083357590486,1.0,time
2019,1,first 5 minutes of the UTC day,1795,0.0034869806438578635,0.5030640668523677,0.5057637167522709,-0.002709096466845473,0.012942497392453895,-0.20931790710075848,0.8342000735506718,1.0,time
2019,1,Saturday or Sunday,148365,0.2882149767275609,0.5068580864759209,0.5057637167522709,0.0015375003517474894,0.0019272698721209908,0.7977607983128207,0.42500931441912315,1.0,time
2019,1,first hour of the week (Monday 00:00 to 01:00 UTC),3120,0.006060935715229266,0.5153846153846153,0.5057637167522709,0.009679565858765726,0.010342412705572577,0.9359098437011991,0.3493196085141932,1.0,time
2019,1,volume climax at a new 1h high (hour's largest volume),3351,0.006509678071068357,0.4780662488809311,0.5057637167522709,-0.027878950866439434,0.008943838311368931,-3.1171125746986275,0.0018263181807864903,0.7933579335793358,volume and flow
2019,1,volume climax at a new 1h low (hour's largest volume),3725,0.007236213313855455,0.5718120805369128,0.5057637167522709,0.06652978751885374,0.008458102726609079,7.86580509474683,3.774758283725532e-15,0.007380073800738007,volume and flow
2019,1,"absorption: heavy taker selling in the last 5 minutes, price did not fall",6667,0.012951364876100487,0.512674366281686,0.5057637167522709,0.007001326260430485,0.006011685624528758,1.1646194923872624,0.2441730500382011,1.0,volume and flow
2019,1,"absorption: heavy taker buying in the last 5 minutes, price did not rise",15323,0.029766576270659633,0.5009462898910135,0.5057637167522709,-0.004965224597953344,0.004258024171047418,-1.1660865224097503,0.24357946522535556,1.0,volume and flow
2019,1,delta divergence: new 4h high with net taker selling over the hour,1271,0.0024690542609155123,0.47206923682140045,0.5057637167522709,-0.033777879347798856,0.013064793727287602,-2.585412372584892,0.00972625924008308,0.992619926199262,volume and flow
2019,1,delta divergence: new 4h low with net taker buying over the hour,1909,0.0037084379103758556,0.5610267155578837,0.5057637167522709,0.055468701039386614,0.011322543092597963,4.898961353977881,9.634459003926565e-07,0.15129151291512916,volume and flow
2019,1,taker buying above 70% of the last minute,93736,0.18209226609061877,0.5146368524366305,0.5057637167522709,0.010848577799782322,0.0019732154154933593,5.497918633009398,3.843001694647796e-08,0.07749077490774908,volume and flow
2019,1,taker selling above 70% of the last minute,53384,0.10370416417365358,0.5042522104001199,0.5057637167522709,-0.0016863922510109708,0.002614679800005517,-0.6449708492058617,0.518946076748962,1.0,volume and flow
2019,1,bullish engulfing,31815,0.06180406082692921,0.524092409240924,0.5057637167522709,0.019536102985915793,0.0035814790768690387,5.454758374016366,4.903948225276622e-08,0.07749077490774908,candles
2019,1,bearish engulfing,31538,0.0612659585214425,0.4871266408776714,0.5057637167522709,-0.019853414333675545,0.003282578468904031,-6.048115687636279,1.4654970570404657e-09,0.04059040590405904,candles
2019,1,pin bar at a new 1h high (long upper wick),2642,0.005132369281934526,0.49205147615442846,0.5057637167522709,-0.013782979940703655,0.009686664657562925,-1.4228819132230932,0.15477039022911754,1.0,candles
2019,1,pin bar at a new 1h low (long lower wick),2849,0.005534489055348776,0.5149175149175149,0.5057637167522709,0.009204741707481423,0.009033345987375417,1.0189736693740659,0.30821546709807013,1.0,candles
2019,1,inside bar (last minute inside the previous one),114583,0.22258980674939585,0.5060000174545962,0.5057637167522709,0.0003039588422905082,0.001692656788368256,0.17957499971599594,0.8574862329342894,1.0,candles
2019,1,doji at a new 1h high,2706,0.005256696168400768,0.500369549150037,0.5057637167522709,-0.005422672946333473,0.009924111032319495,-0.5464139738736951,0.5847814067039616,1.0,candles
2019,1,doji at a new 1h low,2315,0.0044971365963960746,0.5053995680345572,0.5057637167522709,-0.0003657937421381874,0.010757160220362643,-0.03400467545753965,0.9728734223828206,1.0,candles
2019,1,squeeze: last hour's range under 40% of the previous day's median hourly range,4032,0.007832593847373207,0.5218253968253969,0.5057637167522709,0.016188477845093807,0.008511213757987603,1.9020175389087421,0.05716886170947788,1.0,volatility
2019,3,failed breakout above the 1h high,43486,0.0844765623482332,0.5082325346088397,0.5036462886337588,0.005009424976431198,0.0035737256115580987,1.4017374362009716,0.16099366714991725,1.0,levels
2019,3,failed breakdown below the 1h low,39163,0.0760786370612118,0.48716901156704034,0.5036462886337588,-0.017834068707219652,0.003659456822061994,-4.873419628755365,1.0968290140578318e-06,0.15498154981549817,levels
2019,3,wick rejection at the 1h high,14743,0.0286399751345261,0.46957878315132606,0.5036462886337588,-0.035071965708235564,0.004871207034233358,-7.1998511789296735,6.0285110237146e-13,0.007380073800738007,levels
2019,3,wick rejection at the 1h low,12576,0.024430328107698584,0.5411100508905853,0.5036462886337588,0.03840193410703152,0.004965432519697087,7.733854796072066,1.0436096431476471e-14,0.007380073800738007,levels
2019,3,failed breakout above the 4h high,17947,0.034864114070361524,0.5087758399732546,0.5036462886337588,0.005314848835565766,0.0050603081971721305,1.050301410205782,0.2935795570334945,1.0,levels
2019,3,failed breakdown below the 4h low,14032,0.02725877576393341,0.4977194982896237,0.5036462886337588,-0.006092874647920521,0.005577127929500444,-1.0924753251027315,0.27462423033551997,1.0,levels
2019,3,wick rejection at the 4h high,5378,0.010447384268702528,0.4458906656749721,0.5036462886337588,-0.0583653886014987,0.008201336754190056,-7.116570182498588,1.106448266341431e-12,0.007380073800738007,levels
2019,3,wick rejection at the 4h low,3767,0.0073178312644482,0.5694186355189806,0.5036462886337588,0.0662572059383324,0.00871190658372706,7.605362305203548,2.842170943040401e-14,0.007380073800738007,levels
2019,3,failed breakout above the daily high,5190,0.010082172620782096,0.5109826589595375,0.5036462886337588,0.007411090216651206,0.008681186402309322,0.8536955518752308,0.3932736993984933,1.0,levels
2019,3,failed breakdown below the daily low,3326,0.006461137983953999,0.5108238123872519,0.5036462886337588,0.007224200308510231,0.012189954385403904,0.5926355489205437,0.5534250830401841,1.0,levels
2019,3,wick rejection at the daily high,1519,0.002950832410591138,0.4687294272547729,0.5036462886337588,-0.03502020012052692,0.016186321987674317,-2.1635674952712773,0.03049755843558577,1.0,levels
2019,3,wick rejection at the daily low,845,0.0016415098004934243,0.5952662721893491,0.5036462886337588,0.0917706259374641,0.016969825154214135,5.4078710360003095,6.377832018067409e-08,0.09225092250922509,levels
2019,3,"liquidity sweep of the 1h low (took it out, closed back above)",10270,0.019950657575227772,0.5460564751703992,0.5036462886337588,0.04327352175117227,0.005354726585283855,8.081369060018652,6.661338147750939e-16,0.007380073800738007,levels
2019,3,"liquidity sweep of the 1h high (took it out, closed back below)",11706,0.022740252928492338,0.4642063898855288,0.5036462886337588,-0.04035764172873896,0.005203116371016232,-7.7564364990085,8.659739592076221e-15,0.007380073800738007,levels
2019,3,retest from above of a 4h high broken in the last hour,7865,0.01527866814305418,0.4907819453273999,0.5036462886337588,-0.01306394295541441,0.006824588377853691,-1.9142462859456695,0.05558869413738021,1.0,levels
2019,3,retest from below of a 4h low broken in the last hour,5566,0.010812595916622958,0.5084441250449155,0.5036462886337588,0.004850280534660301,0.008133311873407776,0.5963475408484591,0.550943077750494,1.0,levels
2019,3,acceptance above the 4h high (last 5 closes all above it),12546,0.024372049653243195,0.4740156225091663,0.5036462886337588,-0.030370866388218176,0.006572750266943736,-4.620724225741856,3.8240280184620445e-06,0.16236162361623616,levels
2019,3,acceptance below the 4h low (last 5 closes all below it),8486,0.016485032150280708,0.544661795899128,0.5036462886337588,0.04170298226883351,0.006851463282182967,6.086726375266568,1.1524268206386523e-09,0.033210332103321034,levels
2019,3,"support held (4h low tested within 3 bp, no close below, price now 3+ bp above)",11395,0.022136099617304814,0.5127687582272926,0.5036462886337588,0.009328976752249196,0.006606883180989907,1.4120087334208684,0.157947389686925,1.0,levels
2019,3,"resistance held (4h high tested within 3 bp, no close above, price now 3+ bp below)",15223,0.029572430405812304,0.49687972147408527,0.5036462886337588,-0.006972768882177516,0.005480498165223802,-1.2722874220491187,0.20327101592004304,1.0,levels
2019,3,"repeated rejection at the 4h high (2+ touches in 30 minutes, no close above)",10178,0.019771936981564583,0.49675771271369623,0.5036462886337588,-0.007027523675307179,0.007151307802049939,-0.9826907007544443,0.3257596888831371,1.0,levels
2019,3,"repeated rejection at the 4h low (2+ touches in 30 minutes, no close below)",7725,0.01500670202226237,0.5053721682847896,0.5036462886337588,0.001752174004203022,0.008095260818732507,0.21644441648482474,0.8286413473595433,1.0,levels
2019,3,rejecting the ups (3+ up-minutes undone by the next minute in the last 15),109525,0.21276492414087844,0.5161561287377311,0.5036462886337588,0.015890857111924506,0.002354620597597878,6.748797291646875,1.4907630685456752e-11,0.01107011070110701,levels
2019,3,rejecting the downs (3+ down-minutes undone by the next minute in the last 15),108414,0.2106066787108806,0.4921504602726585,0.5036462886337588,-0.014562864988934776,0.002281676411396681,-6.382528616325757,1.7418755327014424e-10,0.02952029520295203,levels
2019,3,lower highs (three successive 10-minute highs declining),153919,0.2990053810439614,0.5204425704428953,0.5036462886337588,0.023960642999158177,0.002012169618987732,11.907864413146307,0.0,0.0036900369003690036,levels
2019,3,higher lows (three successive 10-minute lows rising),159085,0.3090409309011792,0.4894050350441588,0.5036462886337588,-0.02061084979776595,0.0020483383062571718,-10.062229337216833,0.0,0.0036900369003690036,levels
2019,3,approaching the previous day's high from below (within 10 bp),4381,0.008510596965635138,0.49942935402876054,0.5036462886337588,-0.004253131291260037,0.009337264132710209,-0.4555008009637974,0.6487489914711366,1.0,levels
2019,3,approaching the previous day's low from above (within 10 bp),3557,0.006909882083260485,0.4967669384312623,0.5036462886337588,-0.006927216451340423,0.010658189496371458,-0.6499430746374671,0.5157289929293265,1.0,levels
2019,3,broke above the previous day's high in the last 5 minutes,2388,0.004638964974648873,0.4807370184254606,0.5036462886337588,-0.023016040815496297,0.012428918315677051,-1.8518136680056316,0.06405258427203386,1.0,levels
2019,3,broke below the previous day's low in the last 5 minutes,2284,0.004436932999203527,0.5354640980735552,0.5036462886337588,0.031959612097352985,0.011567045419828855,2.7629883809884666,0.0057274805272102824,0.981549815498155,levels
2019,3,crossed above the daily open in the last 5 minutes,9347,0.01815762379315034,0.4800470739274634,0.5036462886337588,-0.024035644904089604,0.006383802037781869,-3.765098723587783,0.00016648329080259927,0.3284132841328413,levels
2019,3,crossed below the daily open in the last 5 minutes,9409,0.01827806593235814,0.5145073865447976,0.5036462886337588,0.011063313891783166,0.006081711281970466,1.8191119865523553,0.06889434671519612,1.0,levels
2019,3,reclaimed the session VWAP in the last 5 minutes after 30+ minutes below,4022,0.007813198127318996,0.4435604177026355,0.5036462886337588,-0.06055903063587981,0.010810520931557795,-5.60186054116018,2.120631470425849e-08,0.05904059040590406,levels
2019,3,lost the session VWAP in the last 5 minutes after 30+ minutes above,4311,0.008374613905239234,0.5590350266759453,0.5036462886337588,0.05585651478762521,0.009536312661379227,5.857244489669107,4.706100620310849e-09,0.04059040590405904,levels
2019,3,"approaching a $1,000 level from below (within 10 bp, rising)",2187,0.0042484993297977735,0.48148148148148145,0.5036462886337588,-0.022259376096705863,0.012067593049309383,-1.8445580660328735,0.06510185177365524,1.0,round numbers
2019,3,"approaching a $1,000 level from above (within 10 bp, falling)",1545,0.003001340404452474,0.47508090614886733,0.5036462886337588,-0.02865137501436521,0.014050935739349414,-2.039107967316903,0.0414392532203236,1.0,round numbers
2019,3,"crossed a $1,000 level upward in the last 3 minutes",1928,0.0037453620063329254,0.48132780082987553,0.5036462886337588,-0.02240239287500828,0.014683707356538183,-1.5256632627613091,0.12709374812554142,1.0,round numbers
2019,3,"crossed a $1,000 level downward in the last 3 minutes",1919,0.0037278784699963092,0.5247524752475248,0.5036462886337588,0.02118516232427803,0.013062170994438484,1.621871458680038,0.10483087386678935,1.0,round numbers
2019,3,"approaching a $100 level from below (within 10 bp, rising)",20027,0.03890475357926841,0.48938932441204375,0.5036462886337588,-0.014834080466852972,0.004476609832979606,-3.3136862537290845,0.0009207476054859942,0.6383763837638377,round numbers
2019,3,"approaching a $100 level from above (within 10 bp, falling)",18519,0.03597528993531091,0.5089907662400778,0.5036462886337588,0.005543921800469587,0.005072201215415629,1.0930011576867822,0.2743932914528586,1.0,round numbers
2019,3,crossed a $100 level upward in the last 3 minutes,19856,0.0385725663888727,0.479552780016116,0.5036462886337588,-0.025060142633071547,0.004917761577688553,-5.095843350106111,3.471921374842424e-07,0.12546125461254612,round numbers
2019,3,crossed a $100 level downward in the last 3 minutes,19599,0.03807331429570488,0.5378335629368846,0.5036462886337588,0.03554041572107425,0.00445055485491339,7.9856145760877,1.3322676295501878e-15,0.007380073800738007,round numbers
2019,3,10 minutes before funding settlement (00:00 UTC),3588,0.006970103152864386,0.49108138238573024,0.5036462886337588,-0.012653099657847167,0.011147907765225604,-1.1350201243426867,0.2563668865384767,1.0,time
2019,3,10 minutes after funding settlement (00:00 UTC),3590,0.006973988383161412,0.509192200557103,0.5036462886337588,0.0055848606768259534,0.012310289739586236,0.4536741859833485,0.6500633492417556,1.0,time
2019,3,10 minutes before funding settlement (08:00 UTC),3560,0.006915709928706024,0.5014044943820225,0.5036462886337588,-0.002257405815548008,0.011282290617545087,-0.20008399819426004,0.8414148879133387,1.0,time
2019,3,10 minutes after funding settlement (08:00 UTC),3560,0.006915709928706024,0.49550561797752807,0.5036462886337588,-0.008197361228669042,0.013380288137264326,-0.6126445966316117,0.5401113634433885,1.0,time
2019,3,10 minutes before funding settlement (16:00 UTC),3590,0.006973988383161412,0.5350974930362117,0.5036462886337588,0.031672085156404184,0.011702522661841637,2.7064322857222236,0.006801045077049039,0.985239852398524,time
2019,3,10 minutes after funding settlement (16:00 UTC),3590,0.006973988383161412,0.483008356545961,0.5036462886337588,-0.020782871592855023,0.012431761410561631,-1.6717559890747704,0.09457244860568492,1.0,time
2019,3,10 minutes after the US equity open (13:30 UTC),3580,0.006954562231676282,0.5039106145251396,0.5036462886337588,0.00026617703614340016,0.011661840381210648,0.02282461665075265,0.9817901718900073,1.0,time
2019,3,10 minutes after the US equity close (20:00 UTC),3590,0.006973988383161412,0.5167130919220055,0.5036462886337588,0.013158571009606823,0.012583638773868444,1.045688869973946,0.29570470314706987,1.0,time
2019,3,10 minutes after the London open (07:00 UTC),3560,0.006915709928706024,0.500561797752809,0.5036462886337588,-0.0031059708745653225,0.012592780909181924,-0.2466469397796502,0.8051814738664251,1.0,time
2019,3,last 5 minutes of the hour,42898,0.08333430464090759,0.5122150216793324,0.5036462886337588,0.009347718681909423,0.003671299921369368,2.5461604560007705,0.010891511188004577,0.992619926199262,time
2019,3,first 5 minutes of the hour,42900,0.08333818987120462,0.5060839160839161,0.5036462886337588,0.002659244034410979,0.0037541546158243086,0.7083469666384752,0.4787298174824064,1.0,time
2019,3,last 5 minutes of a 4-hour block,10723,0.020830662237504127,0.5125431315863098,0.5036462886337588,0.009086112697198279,0.006674411246268403,1.3613354589557594,0.1734077021338316,1.0,time
2019,3,first 5 minutes of a 4-hour block,10725,0.020834547467801154,0.5034965034965035,0.5036462886337588,-0.00015297224474974946,0.007267200700554341,-0.021049679381784623,0.9832060260247761,1.0,time
2019,3,last 5 minutes of the UTC day,1793,0.00348310896128368,0.4807585052983826,0.5036462886337588,-0.022967782624857658,0.015200168108199803,-1.5110216190614087,0.13078294284147507,1.0,time
2019,3,first 5 minutes of the UTC day,1795,0.003486994191580706,0.49526462395543175,0.5036462886337588,-0.008410993764730035,0.017364064380967915,-0.48439084192460163,0.6281085166288933,1.0,time
2019,3,Saturday or Sunday,148365,0.28821609650912056,0.503656522764803,0.5036462886337588,1.437814341409549e-05,0.0024099835620073765,0.005966075304729187,0.9952397888649887,1.0,time
2019,3,first hour of the week (Monday 00:00 to 01:00 UTC),3120,0.006060959263360336,0.5173076923076924,0.5036462886337588,0.01374470980011877,0.013753057579767771,0.9993930237257728,0.317604337987492,1.0,time
2019,3,volume climax at a new 1h high (hour's largest volume),3351,0.006509703362666822,0.44553864518054315,0.5036462886337588,-0.058488385492935946,0.008970056100781951,-6.520403533244046,7.011857761085594e-11,0.02214022140221402,volume and flow
2019,3,volume climax at a new 1h low (hour's largest volume),3725,0.007236241428210657,0.5769127516778524,0.5036462886337588,0.07380050128894333,0.008358369578904092,8.82953315144264,0.0,0.0036900369003690036,volume and flow
2019,3,"absorption: heavy taker selling in the last 5 minutes, price did not fall",6667,0.012951415195135691,0.4984250787460627,0.5036462886337588,-0.005289719237810631,0.007946278673531393,-0.6656850904852339,0.5056124053350661,1.0,volume and flow
2019,3,"absorption: heavy taker buying in the last 5 minutes, price did not rise",15323,0.0297666919206636,0.4993147555961626,0.5036462886337588,-0.004464424176666093,0.004982790698605181,-0.8959686341864224,0.3702695154920024,1.0,volume and flow
2019,3,delta divergence: new 4h high with net taker selling over the hour,1271,0.0024690638537599317,0.4138473642800944,0.5036462886337588,-0.09002119242595563,0.015378547893649567,-5.853686124886282,4.807956255348245e-09,0.04059040590405904,volume and flow
2019,3,delta divergence: new 4h low with net taker buying over the hour,1909,0.0037084523185111798,0.5971712938711368,0.5036462886337588,0.0938731292612327,0.013848489742294594,6.778582430872249,1.2136069926782511e-11,0.01107011070110701,volume and flow
2019,3,taker buying above 70% of the last minute,93736,0.18209297356100784,0.4992318852948707,0.5036462886337588,-0.005397194541912009,0.0022035454711960005,-2.4493229717572462,0.014312504656524005,0.996309963099631,volume and flow
2019,3,taker selling above 70% of the last minute,53384,0.10370456708821416,0.5088603326839503,0.5036462886337588,0.005817327477897205,0.002421509114143411,2.4023562182441083,0.016289836973041982,1.0,volume and flow
2019,3,bullish engulfing,31815,0.06180430094993881,0.5075278956467075,0.5036462886337588,0.004137310602552291,0.0031437890707026747,1.3160267783574782,0.1881650549687004,1.0,candles
2019,3,bearish engulfing,31538,0.06126619655380073,0.5037098103874691,0.5036462886337588,6.76674830256685e-05,0.0032107656044830083,0.02107518622075316,0.9831856790254991,1.0,candles
2019,3,pin bar at a new 1h high (long upper wick),2642,0.005132389222371156,0.45420136260408783,0.5036462886337588,-0.04970000580381018,0.00993306230368272,-5.003492808595765,5.630076733709188e-07,0.13284132841328414,candles
2019,3,pin bar at a new 1h low (long lower wick),2849,0.005534510558113332,0.5538785538785539,0.5036462886337588,0.0505118234650721,0.00968220803964461,5.216973572375973,1.818701962363889e-07,0.1033210332103321,candles
2019,3,inside bar (last minute inside the previous one),114583,0.22259067156205684,0.5057731077035861,0.5036462886337588,0.0027357776553835755,0.0016008410082359406,1.7089627522712498,0.08745784926905986,1.0,candles
2019,3,doji at a new 1h high,2706,0.005256716591875984,0.46747967479674796,0.5036462886337588,-0.03635773615188348,0.010748266537046842,-3.3826604528801543,0.0007178732888144523,0.5682656826568265,candles
2019,3,doji at a new 1h low,2315,0.004497154068807428,0.542548596112311,0.5036462886337588,0.039078047478772415,0.010806404411737889,3.6161933229452288,0.00029896713398080976,0.3874538745387454,candles
2019,3,squeeze: last hour's range under 40% of the previous day's median hourly range,4032,0.007832624278804125,0.5262896825396826,0.5036462886337588,0.022822151241835176,0.013196674368708455,1.7293865563547095,0.08373993445875438,1.0,volatility
2019,5,failed breakout above the 1h high,43486,0.08447689056040779,0.504507197718806,0.5046234420165978,-0.00012697035890540942,0.004209330684256148,-0.030164025691853426,0.9759362388069668,1.0,levels
2019,5,failed breakdown below the 1h low,39163,0.07607893264538589,0.4870668743456834,0.5046234420165978,-0.01900223762748765,0.004336880460152408,-4.381545168717855,1.1784060729880252e-05,0.18081180811808117,levels
2019,5,wick rejection at the 1h high,14742,0.028638143785161472,0.4577397910731244,0.5046234420165978,-0.04826589663111497,0.005033388877467532,-9.589145167618991,0.0,0.0036900369003690036,levels
2019,5,wick rejection at the 1h low,12576,0.024430423025518292,0.5600349872773537,0.5046234420165978,0.05679917308676519,0.005295880934706207,10.72516051381283,0.0,0.0036900369003690036,levels
2019,5,failed breakout above the 4h high,17947,0.03486424952600006,0.4985234300997381,0.5046234420165978,-0.00632036676070058,0.006408373963853607,-0.9862668434068561,0.32400218570552086,1.0,levels
2019,5,failed breakdown below the 4h low,14032,0.027258881670966337,0.5048460661345496,0.5046234420165978,0.00022886265806698614,0.007035077944254033,0.032531644976856566,0.9740480803365386,1.0,levels
2019,5,wick rejection at the 4h high,5378,0.010447424859354116,0.4369654146522871,0.5046234420165978,-0.06837234227266231,0.008548420997875039,-7.99824228236516,1.3322676295501878e-15,0.007380073800738007,levels
2019,5,wick rejection at the 4h low,3767,0.0073178596960184,0.5938412529864614,0.5046234420165978,0.08987550732255856,0.008908481499123835,10.088757251322571,0.0,0.0036900369003690036,levels
2019,5,failed breakout above the daily high,5190,0.010082211792496814,0.5077071290944123,0.5046234420165978,0.0031150941164501678,0.011511101701529714,0.2706165054589173,0.7866859998452991,1.0,levels
2019,5,failed breakdown below the daily low,3326,0.006461163087060579,0.5378833433553818,0.5046234420165978,0.03347619650393041,0.014402524237801433,2.324328426823089,0.020107898366990895,1.0,levels
2019,5,wick rejection at the daily high,1519,0.0029508438752991637,0.46148782093482554,0.5046234420165978,-0.04326328427921289,0.015094413956498619,-2.86617846866368,0.004154599560633354,0.966789667896679,levels
2019,5,wick rejection at the daily low,845,0.0016415161781618128,0.6047337278106509,0.5046234420165978,0.10027488864602896,0.01918744958300822,5.226066560447363,1.7315404865492212e-07,0.1033210332103321,levels
2019,5,"liquidity sweep of the 1h low (took it out, closed back above)",10270,0.019950735088428186,0.5645569620253165,0.5046234420165978,0.061153578860269286,0.005411364142213992,11.300954297865651,0.0,0.0036900369003690036,levels
2019,5,"liquidity sweep of the 1h high (took it out, closed back below)",11705,0.02273839865725919,0.45228534814181975,0.5046234420165978,-0.053555868564636455,0.005527510446698026,-9.688967407855227,0.0,0.0036900369003690036,levels
2019,5,retest from above of a 4h high broken in the last hour,7865,0.01527872750442918,0.48849332485696123,0.5046234420165978,-0.016380388654302303,0.00813118778890337,-2.014513633132003,0.04395563498807298,1.0,levels
2019,5,retest from below of a 4h low broken in the last hour,5566,0.01081263792621142,0.522098454904779,0.5046234420165978,0.017666029266230843,0.008699383161290491,2.030722056805027,0.04228319756822718,1.0,levels
2019,5,acceptance above the 4h high (last 5 closes all above it),12546,0.024372144344636807,0.4567192730750837,0.5046234420165978,-0.049100862243560195,0.007662862524091874,-6.407639715470315,1.4778955836902696e-10,0.02952029520295203,levels
2019,5,acceptance below the 4h low (last 5 closes all below it),8486,0.016485096198675907,0.5624558095687013,0.5046234420165978,0.05880171955562563,0.008447516064068924,6.9608295633477075,3.382849556032852e-12,0.01107011070110701,levels
2019,5,"support held (4h low tested within 3 bp, no close below, price now 3+ bp above)",11395,0.022136185621483853,0.522071083808688,0.5046234420165978,0.017842609099079088,0.007990685034640701,2.2329260910333675,0.02555381869052331,1.0,levels
2019,5,"resistance held (4h high tested within 3 bp, no close above, price now 3+ bp below)",15221,0.029568660056569173,0.4976676959463899,0.5046234420165978,-0.007167684908664762,0.006581188345875133,-1.0891171217060251,0.27610224044676723,1.0,levels
2019,5,"repeated rejection at the 4h high (2+ touches in 30 minutes, no close above)",10178,0.019772013800391633,0.4871291019846728,0.5046234420165978,-0.017847215421538165,0.008858435921103679,-2.0147140624475575,0.04393461790013142,1.0,levels
2019,5,"repeated rejection at the 4h low (2+ touches in 30 minutes, no close below)",7725,0.015006760326982253,0.5105501618122977,0.5046234420165978,0.006017015708318363,0.009589325077585767,0.6274701983336268,0.530351065244355,1.0,levels
2019,5,rejecting the ups (3+ up-minutes undone by the next minute in the last 15),109524,0.2127638081621235,0.5199590957233118,0.5046234420165978,0.01948037179402473,0.0028333279289937596,6.875438453374889,6.179945444273471e-12,0.01107011070110701,levels
2019,5,rejecting the downs (3+ down-minutes undone by the next minute in the last 15),108414,0.2106074969695086,0.4898444850296087,0.5046234420165978,-0.018721937350877293,0.002780947124956783,-6.732216223337306,1.6709744699028306e-11,0.01107011070110701,levels
2019,5,lower highs (three successive 10-minute highs declining),153919,0.2990065427532403,0.5302789129347254,0.5046234420165978,0.03659873091953347,0.002408446695181743,15.195989594767305,0.0,0.0036900369003690036,levels
2019,5,higher lows (three successive 10-minute lows rising),159083,0.3090382463556398,0.4810822023723465,0.5046234420165978,-0.0340702499379843,0.002496206964208098,-13.64880814231396,0.0,0.0036900369003690036,levels
2019,5,approaching the previous day's high from below (within 10 bp),4381,0.008510630031392782,0.4930381191508788,0.5046234420165978,-0.011684767599763335,0.010372698804059381,-1.1264925185324453,0.25995710554647555,1.0,levels
2019,5,approaching the previous day's low from above (within 10 bp),3557,0.0069099089298480095,0.49114422265954455,0.5046234420165978,-0.0135730076034975,0.01219092837780796,-1.113369481212394,0.26554977665065005,1.0,levels
2019,5,broke above the previous day's high in the last 5 minutes,2388,0.004638982998166164,0.47110552763819097,0.5046234420165978,-0.03367412808607623,0.01373627218952308,-2.451475016035292,0.014227206273771387,0.996309963099631,levels
2019,5,broke below the previous day's low in the last 5 minutes,2284,0.004436950237777018,0.5306479859894921,0.5046234420165978,0.026140528195687796,0.014236473801838932,1.8361659326280089,0.06633311945650666,1.0,levels
2019,5,crossed above the daily open in the last 5 minutes,9347,0.018157694339974512,0.4691344816518669,0.5046234420165978,-0.03614527522408406,0.00771539234505218,-4.6848265917758205,2.8019705493598224e-06,0.15867158671586715,levels
2019,5,crossed below the daily open in the last 5 minutes,9409,0.01827813694712958,0.5171644170475077,0.5046234420165978,0.01277446851586983,0.007549582736107407,1.6920761004145766,0.09063146467085503,1.0,levels
2019,5,reclaimed the session VWAP in the last 5 minutes after 30+ minutes below,4022,0.007813228483511018,0.43610144206862256,0.5046234420165978,-0.06906159396102818,0.01192548983564207,-5.791090757095923,6.9930774504456394e-09,0.04428044280442804,levels
2019,5,lost the session VWAP in the last 5 minutes after 30+ minutes above,4311,0.008374646442669319,0.5581071677105081,0.5046234420165978,0.05393541573139915,0.010239527283996734,5.267373603827818,1.3838938173194038e-07,0.1033210332103321,levels
2019,5,"approaching a $1,000 level from below (within 10 bp, rising)",2187,0.004248515836260218,0.4773662551440329,0.5046234420165978,-0.02737348355092456,0.013869047631189941,-1.9737104002270962,0.04841468191160603,1.0,round numbers
2019,5,"approaching a $1,000 level from above (within 10 bp, falling)",1545,0.0030013520653964505,0.47572815533980584,0.5046234420165978,-0.028982272680762255,0.01472351919188853,-1.9684337897103532,0.04901814725665288,1.0,round numbers
2019,5,"crossed a $1,000 level upward in the last 3 minutes",1928,0.003745376557983402,0.48599585062240663,0.5046234420165978,-0.018697621025670685,0.01732020809256414,-1.0795263501307408,0.2803531537270989,1.0,round numbers
2019,5,"crossed a $1,000 level downward in the last 3 minutes",1919,0.0037278929537189567,0.5190203230849401,0.5046234420165978,0.014450751924617977,0.014763857290408832,0.9787924415935488,0.3276825450988081,1.0,round numbers
2019,5,"approaching a $100 level from below (within 10 bp, rising)",20027,0.03890490473378298,0.48494532381285266,0.5046234420165978,-0.020474683827508666,0.005068705764419252,-4.039430335695282,5.3581179030537385e-05,0.2140221402214022,round numbers
2019,5,"approaching a $100 level from above (within 10 bp, falling)",18519,0.03597542970814037,0.5208704573681084,0.5046234420165978,0.016853320809646855,0.005639335595031787,2.9885295041661477,0.0028032343375150592,0.8929889298892989,round numbers
2019,5,crossed a $100 level upward in the last 3 minutes,19856,0.03857271625275852,0.4804593070104754,0.5046234420165978,-0.02513360647717494,0.005029520467174737,-4.997217257830028,5.816352781629064e-07,0.13284132841328414,round numbers
2019,5,crossed a $100 level downward in the last 3 minutes,19598,0.03807151959717776,0.5413817736503724,0.5046234420165978,0.0382131648897448,0.00464719921738886,8.222837692595366,2.220446049250313e-16,0.0036900369003690036,round numbers
2019,5,10 minutes before funding settlement (00:00 UTC),3586,0.006966244988033444,0.4916341327384272,0.5046234420165978,-0.013080430763417528,0.014040682014346441,-0.9316093584380195,0.35153844492808073,1.0,time
2019,5,10 minutes after funding settlement (00:00 UTC),3590,0.006974015478817642,0.5197771587743732,0.5046234420165978,0.01526014121884467,0.01491716680602562,1.0229919271721564,0.30631166276692423,1.0,time
2019,5,10 minutes before funding settlement (08:00 UTC),3560,0.006915736797936158,0.501123595505618,0.5046234420165978,-0.0035242190825730546,0.014647739998876428,-0.24059814571008115,0.8098665874828712,1.0,time
2019,5,10 minutes after funding settlement (08:00 UTC),3560,0.006915736797936158,0.48764044943820223,0.5046234420165978,-0.01710126039419474,0.015554081585629797,-1.0994709202242041,0.2715627113375789,1.0,time
2019,5,10 minutes before funding settlement (16:00 UTC),3590,0.006974015478817642,0.5389972144846796,0.5046234420165978,0.03461517926407154,0.013425491966757953,2.5783173793392513,0.00992827628008186,0.992619926199262,time
2019,5,10 minutes after funding settlement (16:00 UTC),3590,0.006974015478817642,0.48746518105849584,0.5046234420165978,-0.01727876332095707,0.014708738920346916,-1.1747277189790202,0.24010366598773825,1.0,time
2019,5,10 minutes after the US equity open (13:30 UTC),3580,0.006954589251857148,0.4977653631284916,0.5046234420165978,-0.0069061080328032265,0.014193127698792012,-0.4865811242853124,0.6265552027391903,1.0,time
2019,5,10 minutes after the US equity close (20:00 UTC),3590,0.006974015478817642,0.5256267409470752,0.5046234420165978,0.021150804971739823,0.014775522227575714,1.4314759672091895,0.15229384993975592,1.0,time
2019,5,10 minutes after the London open (07:00 UTC),3560,0.006915736797936158,0.5073033707865169,0.5046234420165978,0.002698591518586757,0.015254602131601161,0.1769034351277116,0.8595842403382268,1.0,time
2019,5,last 5 minutes of the hour,42896,0.0833307431697386,0.5159222305110034,0.5046234420165978,0.012325916256290204,0.004708852032344492,2.617605346616349,0.008854915081241366,0.992619926199262,time
2019,5,first 5 minutes of the hour,42900,0.08333851366052279,0.5065268065268065,0.5046234420165978,0.0020764093818421703,0.004122880888704845,0.5036306985076278,0.6145209160020366,1.0,time
2019,5,last 5 minutes of a 4-hour block,10721,0.020826857924346503,0.514690793769238,0.5046234420165978,0.010281482732767189,0.008418920935514789,1.2212352166647957,0.22199697392313866,1.0,time
2019,5,first 5 minutes of a 4-hour block,10725,0.020834628415130698,0.5080652680652681,0.5046234420165978,0.0035150610392802317,0.008004028891391783,0.43916146318020277,0.6605445461675541,1.0,time
2019,5,last 5 minutes of the UTC day,1791,0.003479237248624623,0.48576214405360135,0.5046234420165978,-0.01892715000831563,0.01958133723834389,-0.9665912893452833,0.3337483908132821,1.0,time
2019,5,first 5 minutes of the UTC day,1795,0.003487007739408821,0.5158774373259053,0.5046234420165978,0.011293375396719929,0.019302182405316,0.5850828242929478,0.5584920271686054,1.0,time
2019,5,Saturday or Sunday,148365,0.28821721629938146,0.5042968355070266,0.5046234420165978,-0.00045885699549108594,0.0027748442616962335,-0.1653631527452252,0.8686581542088698,1.0,time
2019,5,first hour of the week (Monday 00:00 to 01:00 UTC),3120,0.006060982811674385,0.5208333333333334,0.5046234420165978,0.016308738299247394,0.017079590599577723,0.9548670504813278,0.3396449343260357,1.0,time
2019,5,volume climax at a new 1h high (hour's largest volume),3351,0.006509728654461816,0.44792599224112206,0.5046234420165978,-0.057068953175240744,0.009519344251487729,-5.9950508845524455,2.0342174611442942e-09,0.04059040590405904,volume and flow
2019,5,volume climax at a new 1h low (hour's largest volume),3725,0.007236269542784322,0.5774496644295302,0.5046234420165978,0.07335705382729119,0.009094603781557268,8.065997770683559,6.661338147750939e-16,0.007380073800738007,volume and flow
2019,5,"absorption: heavy taker selling in the last 5 minutes, price did not fall",6667,0.0129514655145619,0.5005249737513124,0.5046234420165978,-0.004152245935324705,0.008301858344907006,-0.5001586106166229,0.6169633992836971,1.0,volume and flow
2019,5,"absorption: heavy taker buying in the last 5 minutes, price did not rise",15323,0.02976680757156622,0.5080597794165633,0.5046234420165978,0.0035417644199170484,0.0055744747720792385,0.6353539238632155,0.5251976117583326,1.0,volume and flow
2019,5,delta divergence: new 4h high with net taker selling over the hour,1271,0.0024690734466788922,0.4177812745869394,0.5046234420165978,-0.0870571178476805,0.01723114338498385,-5.052312310484676,4.3649320580207984e-07,0.12915129151291513,volume and flow
2019,5,delta divergence: new 4h low with net taker buying over the hour,1909,0.003708466726758462,0.6128863279203771,0.5046234420165978,0.10866586966576908,0.014204957517986588,7.649855307780701,2.020605904817785e-14,0.007380073800738007,volume and flow
2019,5,taker buying above 70% of the last minute,93736,0.1820936810368943,0.4949965861568661,0.5046234420165978,-0.011770120411755791,0.002219804924291683,-5.302321966652776,1.143389538604822e-07,0.0959409594095941,volume and flow
2019,5,taker selling above 70% of the last minute,53383,0.10370302738320952,0.5134218758780885,0.5046234420165978,0.009816427066358657,0.002647659913433488,3.7075860900989754,0.00020924429296775848,0.36900369003690037,volume and flow
2019,5,bullish engulfing,31815,0.061804541074814284,0.5055162659123055,0.5046234420165978,0.000951639540795246,0.003178218829541908,0.2994254303541492,0.7646154610965694,1.0,candles
2019,5,bearish engulfing,31538,0.06126643458800858,0.50852939311307,0.5046234420165978,0.004160872946689542,0.0030215008014252824,1.3770881492822384,0.16848499615842272,1.0,candles
2019,5,pin bar at a new 1h high (long upper wick),2642,0.005132409162962733,0.4489023467070401,0.5046234420165978,-0.056008554125958065,0.009664808849383708,-5.795102106911255,6.827962639732732e-09,0.04428044280442804,candles
2019,5,pin bar at a new 1h low (long lower wick),2849,0.0055345320610449755,0.5731835731835732,0.5046234420165978,0.06894169116708226,0.010224136348758902,6.743033231892592,1.5511369966247912e-11,0.01107011070110701,candles
2019,5,inside bar (last minute inside the previous one),114583,0.22259153638143786,0.5065672918321217,0.5046234420165978,0.0025004227590679218,0.0017050680663651392,1.4664650686927228,0.14252163084547687,1.0,candles
2019,5,doji at a new 1h high,2706,0.0052567370155099,0.45454545454545453,0.5046234420165978,-0.05034262541361295,0.011329908125349628,-4.443339244823703,8.857334064193978e-06,0.16974169741697417,candles
2019,5,doji at a new 1h low,2315,0.004497171541354552,0.558963282937365,0.5046234420165978,0.05458532047056308,0.011164428019173032,4.88921782439924,1.0123742499867916e-06,0.15129151291512916,candles
2019,5,squeeze: last hour's range under 40% of the previous day's median hourly range,4032,0.007832654710471513,0.5362103174603174,0.5046234420165978,0.031836237700911374,0.0164920944909624,1.9303938452667426,0.0535580569589762,1.0,volatility
2019,10,failed breakout above the 1h high,43486,0.08447771110200228,0.49629765901669504,0.5056365745012753,-0.010200642406883842,0.005261975032923129,-1.9385577360326598,0.05255521409056518,1.0,levels
2019,10,failed breakdown below the 1h low,39163,0.07607967161586983,0.5023108546331997,0.5056365745012753,-0.003599574298675856,0.005443036749180717,-0.6613172874898672,0.5084088572045091,1.0,levels
2019,10,wick rejection at the 1h high,14741,0.02863647931183865,0.43416321823485515,0.5056365745012753,-0.07358044104413652,0.00532335979949142,-13.822180693321952,0.0,0.0036900369003690036,levels
2019,10,wick rejection at the 1h low,12576,0.02443066032329441,0.5719624681933843,0.5056365745012753,0.06798685751449374,0.005376704437919559,12.644707980414916,0.0,0.0036900369003690036,levels
2019,10,failed breakout above the 4h high,17947,0.034864588169701394,0.4844820861425308,0.5056365745012753,-0.021918673897403484,0.008367140988464306,-2.6196133096863723,0.008802952268985864,0.992619926199262,levels
2019,10,failed breakdown below the 4h low,14032,0.027259146442149107,0.5245153933865451,0.5056365745012753,0.019407860599479743,0.00851705870211995,2.2787045714090244,0.022684632824328643,1.0,levels
2019,10,wick rejection at the 4h high,5378,0.01044752633736302,0.41465228709557456,0.5056365745012753,-0.0919448840029069,0.009072175980985859,-10.134821480051956,0.0,0.0036900369003690036,levels
2019,10,wick rejection at the 4h low,3767,0.007317930775910467,0.6140164587204672,0.5056365745012753,0.10917884746715012,0.009265167586178234,11.783796294200117,0.0,0.0036900369003690036,levels
2019,10,failed breakout above the daily high,5190,0.010082309723115298,0.48921001926782276,0.5056365745012753,-0.016593859666108213,0.015316872454177809,-1.0833712767244525,0.27864365959910753,1.0,levels
2019,10,failed breakdown below the daily low,3326,0.006461225845680439,0.5628382441371016,0.5056365745012753,0.05757366609523129,0.017817407730433246,3.2313155183002222,0.0012322183777160323,0.6826568265682657,levels
2019,10,wick rejection at the daily high,1519,0.002950872537458986,0.4377880184331797,0.5056365745012753,-0.06804936105883574,0.016439952984115352,-4.139267376530003,3.4841669031671074e-05,0.1992619926199262,levels
2019,10,wick rejection at the daily low,845,0.0016415321225496005,0.6260355029585799,0.5056365745012753,0.120596892129615,0.019286105898182783,6.253045211214885,4.025255684325657e-10,0.02952029520295203,levels
2019,10,"liquidity sweep of the 1h low (took it out, closed back above)",10270,0.019950928874064376,0.576728334956183,0.5056365745012753,0.07253898049536789,0.0054631013184770864,13.277985573877132,0.0,0.0036900369003690036,levels
2019,10,"liquidity sweep of the 1h high (took it out, closed back below)",11704,0.022736676878485827,0.42754613807245384,0.5056365745012753,-0.07990726202574533,0.005573146828338995,-14.337907198034593,0.0,0.0036900369003690036,levels
2019,10,retest from above of a 4h high broken in the last hour,7865,0.015278875909884743,0.4626827717736809,0.5056365745012753,-0.043620271442114,0.009624036391710623,-4.532430018623477,5.830899647785159e-06,0.16974169741697417,levels
2019,10,retest from below of a 4h low broken in the last hour,5566,0.010812742951610742,0.5328781890046712,0.5056365745012753,0.027539390857785007,0.009791265075930923,2.8126488910491116,0.004913526995647732,0.974169741697417,levels
2019,10,acceptance above the 4h high (last 5 closes all above it),12546,0.024372381076339985,0.4312928423401881,0.5056365745012753,-0.07620093027204927,0.010187916613824047,-7.479540043412974,7.460698725481052e-14,0.007380073800738007,levels
2019,10,acceptance below the 4h low (last 5 closes all below it),8486,0.016485256321841314,0.5704690077775159,0.5056365745012753,0.06591912698103486,0.011400342845800868,5.782205664570439,7.372749299960901e-09,0.04428044280442804,levels
2019,10,"support held (4h low tested within 3 bp, no close below, price now 3+ bp above)",11395,0.022136400634855263,0.5388328214129003,0.5056365745012753,0.033947727406129946,0.010108715787314022,3.3582631187170975,0.0007843391461508364,0.6051660516605166,levels
2019,10,"resistance held (4h high tested within 3 bp, no close above, price now 3+ bp below)",15221,0.029568947263109432,0.48682740950003284,0.5056365745012753,-0.019382278574243184,0.008620319528087008,-2.2484408508398337,0.02454809278018666,1.0,levels
2019,10,"repeated rejection at the 4h high (2+ touches in 30 minutes, no close above)",10178,0.01977220585007081,0.48644134407545686,0.5056365745012753,-0.019582418026072135,0.01104396831124473,-1.7731323989886625,0.07620677048375968,1.0,levels
2019,10,"repeated rejection at the 4h low (2+ touches in 30 minutes, no close below)",7725,0.0150069060907641,0.5203883495145631,0.5056365745012753,0.014976526337602047,0.013439576001398064,1.1143600315995164,0.26512476267823715,1.0,levels
2019,10,rejecting the ups (3+ up-minutes undone by the next minute in the last 15),109524,0.21276587478121,0.525829955078339,0.5056365745012753,0.02565104830974063,0.003525241100969559,7.2763954507071125,3.4283687000424834e-13,0.007380073800738007,levels
2019,10,rejecting the downs (3+ down-minutes undone by the next minute in the last 15),108414,0.2106095426438963,0.4848266829007324,0.5056365745012753,-0.02636197512475802,0.0035545372876683626,-7.4164294790814935,1.2034817586936697e-13,0.007380073800738007,levels
2019,10,lower highs (three successive 10-minute highs declining),153919,0.2990094470659313,0.5431103372553097,0.5056365745012753,0.05345829925550921,0.0029492717679905694,18.12593191163662,0.0,0.0036900369003690036,levels
2019,10,higher lows (three successive 10-minute lows rising),159080,0.3090354201836573,0.46997108373145585,0.5056365745012753,-0.05161695955427886,0.0029736616896320054,-17.35804706172427,0.0,0.0036900369003690036,levels
2019,10,approaching the previous day's high from below (within 10 bp),4381,0.008510712696911006,0.4987445788632732,0.5056365745012753,-0.006951154920441682,0.01382323767686653,-0.5028601173569186,0.6150626231997975,1.0,levels
2019,10,approaching the previous day's low from above (within 10 bp),3557,0.0069099760472295015,0.48748945740792804,0.5056365745012753,-0.018273385751189863,0.017665479482624896,-1.0344121012488159,0.3009435495314301,1.0,levels
2019,10,broke above the previous day's high in the last 5 minutes,2388,0.004639028057572126,0.495393634840871,0.5056365745012753,-0.010290678406262466,0.016396041734636393,-0.6276318743763357,0.5302451231048022,1.0,levels
2019,10,broke below the previous day's low in the last 5 minutes,2284,0.00443699333479679,0.547723292469352,0.5056365745012753,0.04227428870529537,0.015139586903198632,2.7923013339527665,0.005233459368586102,0.974169741697417,levels
2019,10,crossed above the daily open in the last 5 minutes,9347,0.018157870709433272,0.4661388680860169,0.5056365745012753,-0.04022816422004383,0.008933797645978233,-4.502918670667845,6.702653873036368e-06,0.16974169741697417,levels
2019,10,crossed below the daily open in the last 5 minutes,9409,0.018278314486472415,0.5115315123817621,0.5056365745012753,0.006004693557729812,0.00854657883908386,0.7025844692697503,0.48231474395622564,1.0,levels
2019,10,reclaimed the session VWAP in the last 5 minutes after 30+ minutes below,4022,0.007813304375023068,0.4527598209845848,0.5056365745012753,-0.053293149111804605,0.013012456140974004,-4.095548798354338,4.2116949838799655e-05,0.2029520295202952,levels
2019,10,lost the session VWAP in the last 5 minutes after 30+ minutes above,4311,0.008374727787350683,0.5599628856413825,0.5056365745012753,0.05478512162047555,0.012284112542470072,4.459835533992872,8.202257014033876e-06,0.16974169741697417,levels
2019,10,"approaching a $1,000 level from below (within 10 bp, rising)",2187,0.004248557102977487,0.4673068129858253,0.5056365745012753,-0.038493302509242766,0.017127769348452587,-2.2474206492464504,0.02461315656034202,1.0,round numbers
2019,10,"approaching a $1,000 level from above (within 10 bp, falling)",1545,0.00300138121815282,0.47508090614886733,0.5056365745012753,-0.03064765364443689,0.01842279467411403,-1.663572448511304,0.09619790158387276,1.0,round numbers
2019,10,"crossed a $1,000 level upward in the last 3 minutes",1928,0.0037454129376042955,0.4662863070539419,0.5056365745012753,-0.03949820453360575,0.019032086961443536,-2.0753480484627795,0.03795428932690892,1.0,round numbers
2019,10,"crossed a $1,000 level downward in the last 3 minutes",1919,0.0037279291635179683,0.5184992183428869,0.5056365745012753,0.012910774293624416,0.014992319790023178,0.8611592118129743,0.3891503612014173,1.0,round numbers
2019,10,"approaching a $100 level from below (within 10 bp, rising)",20026,0.03890333998364296,0.4768301208429042,0.5056365745012753,-0.029972483369030578,0.005971326762425615,-5.019400974274508,5.183285640697477e-07,0.12915129151291513,round numbers
2019,10,"approaching a $100 level from above (within 10 bp, falling)",18519,0.03597577914496574,0.5240563745342621,0.5056365745012753,0.01910719630742208,0.006323722080831089,3.0215110757857557,0.0025151643859466777,0.8487084870848709,round numbers
2019,10,crossed a $100 level upward in the last 3 minutes,19853,0.03856726299287245,0.4731778572507933,0.5056365745012753,-0.033760778056636354,0.005361568287663486,-6.296810232617394,3.038329587923272e-10,0.02952029520295203,round numbers
2019,10,crossed a $100 level downward in the last 3 minutes,19598,0.03807188939375985,0.5464333095213797,0.5056365745012753,0.042411417828711606,0.0049134669885950175,8.63166841807539,0.0,0.0036900369003690036,round numbers
2019,10,10 minutes before funding settlement (00:00 UTC),3581,0.006956599444793041,0.502652890254119,0.5056365745012753,-0.003004585948094718,0.019156046766336515,-0.15684791255441938,0.8753647113789931,1.0,time
2019,10,10 minutes after funding settlement (00:00 UTC),3590,0.006974083218879368,0.5242339832869081,0.5056365745012753,0.018728019552516795,0.018515531480872868,1.0114762069813352,0.31178856327836835,1.0,time
2019,10,10 minutes before funding settlement (08:00 UTC),3560,0.006915803971924944,0.4935393258426966,0.5056365745012753,-0.012181493479568706,0.01958542105679471,-0.6219674034193213,0.5339633021336885,1.0,time
2019,10,10 minutes after funding settlement (08:00 UTC),3560,0.006915803971924944,0.4794943820224719,0.5056365745012753,-0.026324245802482216,0.01918089509678347,-1.3724200914323672,0.16993269909246722,1.0,time
2019,10,10 minutes before funding settlement (16:00 UTC),3590,0.006974083218879368,0.5331476323119777,0.5056365745012753,0.027704269693060057,0.017301439418342328,1.601269641396949,0.10931720999917816,1.0,time
2019,10,10 minutes after funding settlement (16:00 UTC),3590,0.006974083218879368,0.5011142061281337,0.5056365745012753,-0.004554129249517258,0.018309600696146438,-0.24872903156625098,0.8035703904797233,1.0,time
2019,10,10 minutes after the US equity open (13:30 UTC),3580,0.006954656803227893,0.48379888268156424,0.5056365745012753,-0.021990629097974557,0.018030188492946502,-1.2196560843818909,0.22259527595257822,1.0,time
2019,10,10 minutes after the US equity close (20:00 UTC),3590,0.006974083218879368,0.5044568245125348,0.5056365745012753,-0.0011880354468135623,0.01845013644181773,-0.06439168894821005,0.9486583475533283,1.0,time
2019,10,10 minutes after the London open (07:00 UTC),3560,0.006915803971924944,0.5098314606741573,0.5056365745012753,0.004224099215010879,0.018014072604523975,0.23448885256241597,0.8146054863475238,1.0,time
2019,10,last 5 minutes of the hour,42895,0.08332960993700013,0.514162489800676,0.5056365745012753,0.009300960728986452,0.004849326270677517,1.917990295935889,0.05511224162391759,1.0,time
2019,10,first 5 minutes of the hour,42900,0.08333932314482587,0.5048251748251749,0.5056365745012753,-0.000885169067014191,0.004262203089405319,-0.20767876341098837,0.8354798004911972,1.0,time
2019,10,last 5 minutes of a 4-hour block,10720,0.02082511757838073,0.5174440298507462,0.5056365745012753,0.012058576625525341,0.009189415821171918,1.3122245048203207,0.18944439605796726,1.0,time
2019,10,first 5 minutes of a 4-hour block,10725,0.020834830786206467,0.4968764568764569,0.5056365745012753,-0.00894651678822711,0.008634878961907705,-1.0360905842101757,0.3001598845184148,1.0,time
2019,10,last 5 minutes of the UTC day,1790,0.0034773284016139465,0.511731843575419,0.5056365745012753,0.006116538286446649,0.022993895542124995,0.26600704848993956,0.7902337806297974,1.0,time
2019,10,first 5 minutes of the UTC day,1795,0.003487041609439684,0.5247910863509749,0.5056365745012753,0.01922153815303662,0.021361447065340815,0.8998237850760485,0.3682140345137368,1.0,time
2019,10,Saturday or Sunday,148365,0.28822001581310236,0.5042698749705119,0.5056365745012753,-0.0019201151495215063,0.0035340281024322687,-0.5433219809995289,0.5869081325529268,1.0,time
2019,10,first hour of the week (Monday 00:00 to 01:00 UTC),3120,0.006061041683260064,0.5307692307692308,0.5056365745012753,0.02528591525431123,0.023411206706359048,1.0800773993184627,0.28010771515996646,1.0,time
2019,10,volume climax at a new 1h high (hour's largest volume),3351,0.006509791884809126,0.43927185914652345,0.5056365745012753,-0.06679956663151854,0.009876152717498159,-6.763723541168599,1.3449019675704221e-11,0.01107011070110701,volume and flow
2019,10,volume climax at a new 1h low (hour's largest volume),3725,0.007236339830174274,0.5753020134228188,0.5056365745012753,0.07017323630644001,0.009315190981709407,7.5332042514454916,4.951594689828198e-14,0.007380073800738007,volume and flow
2019,10,"absorption: heavy taker selling in the last 5 minutes, price did not fall",6667,0.01295159131483809,0.4964751762411879,0.5056365745012753,-0.009281609877970609,0.009136644980616513,-1.0158663160997983,0.3096930510180591,1.0,volume and flow
2019,10,"absorption: heavy taker buying in the last 5 minutes, price did not rise",15323,0.029767096702754473,0.5163479736344058,0.5056365745012753,0.011040028736119645,0.006528018642944733,1.6911760428336617,0.09080318515576002,1.0,volume and flow
2019,10,delta divergence: new 4h high with net taker selling over the hour,1271,0.002469097429302417,0.3760818253343824,0.5056365745012753,-0.129875424243021,0.01762768983861283,-7.367693976469536,1.7363888105137448e-13,0.007380073800738007,volume and flow
2019,10,delta divergence: new 4h low with net taker buying over the hour,1909,0.003708502747866494,0.6275536930330016,0.5056365745012753,0.1223709314673318,0.014292821573812804,8.561705667097872,0.0,0.0036900369003690036,volume and flow
2019,10,taker buying above 70% of the last minute,93735,0.1820935071090968,0.49056382354510053,0.5056365745012753,-0.018428452503048254,0.0021391996491609447,-8.614648244859437,0.0,0.0036900369003690036,volume and flow
2019,10,taker selling above 70% of the last minute,53383,0.10370403467226666,0.5202967236760766,0.5056365745012753,0.016356370821596578,0.0025142391745177663,6.505495176183366,7.743783392299974e-11,0.025830258302583026,volume and flow
2019,10,bullish engulfing,31814,0.06180319875360117,0.4954108254227699,0.5056365745012753,-0.010899364680118817,0.0028109619244652655,-3.87745013024046,0.00010555695525904518,0.2656826568265683,candles
2019,10,bearish engulfing,31538,0.061267029681620476,0.5137294692117446,0.5056365745012753,0.008621082849283979,0.003028307078892956,2.846832446211349,0.004415659673597139,0.966789667896679,candles
2019,10,pin bar at a new 1h high (long upper wick),2642,0.005132459015119579,0.4129447388342165,0.5056365745012753,-0.09317002701213623,0.009713391275010842,-9.59191536449583,0.0,0.0036900369003690036,candles
2019,10,pin bar at a new 1h low (long lower wick),2849,0.005534585819105103,0.5844155844155844,0.5056365745012753,0.0792174456657162,0.009703536393559685,8.163770655644004,2.220446049250313e-16,0.0036900369003690036,candles
2019,10,inside bar (last minute inside the previous one),114583,0.22259369845929097,0.5068727472661738,0.5056365745012753,0.0015901244464426867,0.0016501119825427207,0.9636463847698403,0.3352232431176061,1.0,candles
2019,10,doji at a new 1h high,2706,0.005256788075289016,0.4286770140428677,0.5056365745012753,-0.07736625848343309,0.010772197974320271,-7.182030878736698,6.867839630331218e-13,0.007380073800738007,candles
2019,10,doji at a new 1h low,2315,0.004497215223316361,0.5818574514038877,0.5056365745012753,0.07656520711763815,0.010616451198735043,7.211939817211324,5.515587986337778e-13,0.007380073800738007,candles
2019,10,squeeze: last hour's range under 40% of the previous day's median hourly range,4032,0.007832730790674543,0.5416666666666666,0.5056365745012753,0.03631453413505992,0.021075566895530144,1.7230632188955146,0.08487709330589799,1.0,volatility
2019,15,failed breakout above the 1h high,43486,0.0844785316595371,0.4839488571034356,0.5070363160941647,-0.025217823709343445,0.0056357100550252425,-4.474648884191132,7.653698006260257e-06,0.16974169741697417,levels
2019,15,failed breakdown below the 1h low,39163,0.07608041060070946,0.5194699078211578,0.5070363160941647,0.013457439229183521,0.005675224653583348,2.371261060244808,0.01772750479402707,1.0,levels
2019,15,wick rejection at the 1h high,14741,0.02863675746661538,0.42887185401261785,0.5070363160941647,-0.08046882840418002,0.005726524206953174,-14.05194940178099,0.0,0.0036900369003690036,levels
2019,15,wick rejection at the 1h low,12576,0.024430897625680417,0.5662372773536896,0.5070363160941647,0.06068351397706517,0.005789571186923415,10.481521345506152,0.0,0.0036900369003690036,levels
2019,15,failed breakout above the 4h high,17947,0.03486492681998143,0.47027358332869,0.5070363160941647,-0.038090764481644335,0.00923264495327912,-4.125661137669525,3.6967124137810004e-05,0.2029520295202952,levels
2019,15,failed breakdown below the 4h low,14032,0.027259411218475478,0.546536488027366,0.5070363160941647,0.04060709750240821,0.009558118365311024,4.24844053509342,2.1526376864589025e-05,0.1918819188191882,levels
2019,15,wick rejection at the 4h high,5378,0.010447627817343295,0.40572703607288957,0.5070363160941647,-0.10237889662961147,0.00927828869962831,-11.034243484330553,0.0,0.0036900369003690036,levels
2019,15,wick rejection at the 4h low,3767,0.007318001857183376,0.6071144146535705,0.5070363160941647,0.100815869278016,0.009114772419455002,11.060711627075825,0.0,0.0036900369003690036,levels
2019,15,failed breakout above the daily high,5190,0.010082407655636241,0.4813102119460501,0.5070363160941647,-0.025988127039129505,0.016331829104742117,-1.591256366476648,0.1115518922101899,1.0,levels
2019,15,failed breakdown below the daily low,3326,0.006461288605519487,0.5808779314491882,0.5070363160941647,0.0743218301493086,0.018455702582668418,4.027038787409999,5.6483717640665176e-05,0.2140221402214022,levels
2019,15,wick rejection at the daily high,1519,0.0029509012001756167,0.4522712310730744,0.5070363160941647,-0.05492716967199757,0.016875389449918947,-3.254868270448205,0.0011344497193044312,0.6605166051660517,levels
2019,15,wick rejection at the daily low,845,0.0016415480672471337,0.6414201183431952,0.5070363160941647,0.13460476243665076,0.021869688651004877,6.1548549951791784,7.514622257787096e-10,0.02952029520295203,levels
2019,15,"liquidity sweep of the 1h low (took it out, closed back above)",10270,0.019951122663465163,0.5712755598831548,0.5070363160941647,0.06554697961960043,0.005659086523973999,11.582607783415044,0.0,0.0036900369003690036,levels
2019,15,"liquidity sweep of the 1h high (took it out, closed back below)",11704,0.02273689772669876,0.427717019822283,0.5070363160941647,-0.08116473044707179,0.005921152501726289,-13.707589936825395,0.0,0.0036900369003690036,levels
2019,15,retest from above of a 4h high broken in the last hour,7865,0.01527902431822332,0.4540368722186904,0.5070363160941647,-0.05382178828757034,0.01009438569606704,-5.331853755948745,9.721521743166761e-08,0.09225092250922509,levels
2019,15,retest from below of a 4h low broken in the last hour,5566,0.01081284797905035,0.5506647502694934,0.5070363160941647,0.044105338495545654,0.011854833885982524,3.720451835912859,0.00019886666687907173,0.36531365313653136,levels
2019,15,acceptance above the 4h high (last 5 closes all above it),12546,0.024372617812642057,0.42029332058026464,0.5070363160941647,-0.08890996408836133,0.01105883107828963,-8.039725307216848,8.881784197001252e-16,0.007380073800738007,levels
2019,15,acceptance below the 4h low (last 5 closes all below it),8486,0.01648541644811737,0.5811925524393118,0.5070363160941647,0.07539922395185839,0.012531081126489341,6.016976762880629,1.7770458438093328e-09,0.04059040590405904,levels
2019,15,"support held (4h low tested within 3 bp, no close below, price now 3+ bp above)",11395,0.022136615652403654,0.5433962264150943,0.5070363160941647,0.037183016465217156,0.01202577498764675,3.0919434717024648,0.0019885071220016037,0.8044280442804428,levels
2019,15,"resistance held (4h high tested within 3 bp, no close above, price now 3+ bp below)",15221,0.029569234475229137,0.47782668681426976,0.5070363160941647,-0.0300996529763764,0.010184371304376412,-2.955474822824068,0.0031218817631537554,0.9114391143911439,levels
2019,15,"repeated rejection at the 4h high (2+ touches in 30 minutes, no close above)",10178,0.01977239790348086,0.484476321477697,0.5070363160941647,-0.023015057490950175,0.01335396996857831,-1.7234618278387819,0.08480504241824005,1.0,levels
2019,15,"repeated rejection at the 4h low (2+ touches in 30 minutes, no close below)",7725,0.015007051857377642,0.5231067961165049,0.5070363160941647,0.01631532494993393,0.015186895097983854,1.074302867351726,0.28268696033123497,1.0,levels
2019,15,rejecting the ups (3+ up-minutes undone by the next minute in the last 15),109523,0.21276599878000924,0.5230682139824512,0.5070363160941647,0.02036484433274177,0.0039293773439898665,5.182715364277901,2.186786320912404e-07,0.11439114391143912,levels
2019,15,rejecting the downs (3+ down-minutes undone by the next minute in the last 15),108414,0.21061158835802454,0.4864685372737838,0.5070363160941647,-0.026055334125818508,0.003997496169371703,-6.517913469298882,7.129208334788473e-11,0.02214022140221402,levels
2019,15,lower highs (three successive 10-minute highs declining),153919,0.2990123514350433,0.5511340380329913,0.5070363160941647,0.062907987079519,0.003230115136900059,19.475462766287578,0.0,0.0036900369003690036,levels
2019,15,higher lows (three successive 10-minute lows rising),159080,0.30903842193807574,0.46474729695750566,0.5070363160941647,-0.06120314136029864,0.0034294697270769404,-17.8462404485093,0.0,0.0036900369003690036,levels
2019,15,approaching the previous day's high from below (within 10 bp),4381,0.008510795364035139,0.5094727231225747,0.5070363160941647,0.00245732078273575,0.01604192184053775,0.15318119656499815,0.8782553856314288,1.0,levels
2019,15,approaching the previous day's low from above (within 10 bp),3557,0.006910043165914857,0.4880517289850998,0.5070363160941647,-0.01911668422222962,0.01920316917604327,-0.9954963187054799,0.3194949338253248,1.0,levels
2019,15,broke above the previous day's high in the last 5 minutes,2388,0.004639073117853438,0.501675041876047,0.5070363160941647,-0.005386261478950383,0.01721132107713801,-0.31294875360294183,0.7543195965226965,1.0,levels
2019,15,broke below the previous day's low in the last 5 minutes,2284,0.0044370364326537905,0.5297723292469352,0.5070363160941647,0.022837343276915223,0.018854027702215524,1.2112713335109624,0.2257914315614158,1.0,levels
2019,15,crossed above the daily open in the last 5 minutes,9347,0.018158047082318295,0.4663528404835776,0.5070363160941647,-0.0414358700905888,0.009422552004100079,-4.397520976542089,1.0949430545137417e-05,0.17712177121771217,levels
2019,15,crossed below the daily open in the last 5 minutes,9409,0.018278492029264237,0.5131257306833883,0.5070363160941647,0.006202792278444336,0.009467948949104027,0.6551357967589506,0.5123803264594529,1.0,levels
2019,15,reclaimed the session VWAP in the last 5 minutes after 30+ minutes below,4022,0.007813380268009434,0.4512680258577822,0.5070363160941647,-0.05620746049916153,0.013771297525285183,-4.081493439231868,4.4747241063625154e-05,0.2029520295202952,levels
2019,15,lost the session VWAP in the last 5 minutes after 30+ minutes above,4311,0.008374809133612299,0.5615866388308977,0.5070363160941647,0.05501102960995996,0.011075252121836757,4.967022782397549,6.798860350265556e-07,0.14391143911439114,levels
2019,15,"approaching a $1,000 level from below (within 10 bp, rising)",2187,0.004248598370496427,0.4609053497942387,0.5070363160941647,-0.04632779449211388,0.021112219801234306,-2.194359234996472,0.028209594097728274,1.0,round numbers
2019,15,"approaching a $1,000 level from above (within 10 bp, falling)",1545,0.0030014103714755282,0.4640776699029126,0.5070363160941647,-0.04308797087391886,0.018723544897065444,-2.3012720673782274,0.02137625758510109,1.0,round numbers
2019,15,"crossed a $1,000 level upward in the last 3 minutes",1928,0.0037454493179319213,0.47925311203319504,0.5070363160941647,-0.027887655862598837,0.018868677840757915,-1.4779867512687708,0.1394113244485824,1.0,round numbers
2019,15,"crossed a $1,000 level downward in the last 3 minutes",1919,0.0037279653740204133,0.5195414278269932,0.5070363160941647,0.012551904799298352,0.018499970044864474,0.6784824390990144,0.4974658545404016,1.0,round numbers
2019,15,"approaching a $100 level from below (within 10 bp, rising)",20022,0.038895947221801314,0.48177005294176406,0.5070363160941647,-0.026288790562650377,0.00699907344386642,-3.7560386776178696,0.0001726240267210244,0.3284132841328413,round numbers
2019,15,"approaching a $100 level from above (within 10 bp, falling)",18519,0.03597612858857949,0.5249743506668827,0.5070363160941647,0.01860745890706539,0.006853118967099825,2.7151810725007577,0.00662395424365414,0.985239852398524,round numbers
2019,15,crossed a $100 level upward in the last 3 minutes,19853,0.038567637608351885,0.4745882234423009,0.5070363160941647,-0.03374974040934742,0.005582883999541896,-6.045216130608617,1.4920984447996943e-09,0.04059040590405904,round numbers
2019,15,crossed a $100 level downward in the last 3 minutes,19598,0.038072259197525826,0.5432697214001428,0.5070363160941647,0.037667491817785614,0.005223398197710525,7.211300075551526,5.542233338928781e-13,0.007380073800738007,round numbers
2019,15,10 minutes before funding settlement (00:00 UTC),3580,0.0069547243559109325,0.5036312849162011,0.5070363160941647,-0.0034288780798589213,0.021448698014313507,-0.159864159473489,0.872988081950903,1.0,time
2019,15,10 minutes after funding settlement (00:00 UTC),3590,0.006974150960257053,0.5125348189415042,0.5070363160941647,0.005537119555001135,0.020238543455645748,0.27359278928032243,0.7843975759654094,1.0,time
2019,15,10 minutes before funding settlement (08:00 UTC),3560,0.0069158711472186935,0.48174157303370785,0.5070363160941647,-0.02547089649864559,0.02155968936757533,-1.181412963071375,0.23743871083635448,1.0,time
2019,15,10 minutes after funding settlement (08:00 UTC),3560,0.0069158711472186935,0.48258426966292134,0.5070363160941647,-0.024622331301871192,0.020510109866728483,-1.2004972894764234,0.22994626470260293,1.0,time
2019,15,10 minutes before funding settlement (16:00 UTC),3590,0.006974150960257053,0.5267409470752089,0.5070363160941647,0.01984301919239939,0.02075664125198329,0.95598410896577,0.3390802630328773,1.0,time
2019,15,10 minutes after funding settlement (16:00 UTC),3590,0.006974150960257053,0.5022284122562675,0.5070363160941647,-0.0048416703780131964,0.02024281625510166,-0.23917968315268304,0.8109662560169262,1.0,time
2019,15,10 minutes after the US equity open (13:30 UTC),3580,0.0069547243559109325,0.48268156424581005,0.5070363160941647,-0.02452531867951152,0.020123011767828967,-1.2187697826982642,0.2229315834687089,1.0,time
2019,15,10 minutes after the US equity close (20:00 UTC),3590,0.006974150960257053,0.5011142061281337,0.5070363160941647,-0.005963701722122905,0.020182396685014935,-0.2954902638768787,0.7676193887842084,1.0,time
2019,15,10 minutes after the London open (07:00 UTC),3560,0.0069158711472186935,0.49325842696629213,0.5070363160941647,-0.013873838809395578,0.020025257796509127,-0.6928169889435388,0.4884244092235832,1.0,time
2019,15,last 5 minutes of the hour,42895,0.08333041934268141,0.5122275323464274,0.5070363160941647,0.0056631269999602996,0.004534342032215593,1.2489412928546004,0.21168654706317414,1.0,time
2019,15,first 5 minutes of the hour,42900,0.08334013264485447,0.5077389277389277,0.5070363160941647,0.0007664911160454313,0.004401034315477623,0.17416158591398026,0.8617384741077114,1.0,time
2019,15,last 5 minutes of a 4-hour block,10720,0.02082531985904056,0.5036380597014926,0.5070363160941647,-0.0034705313174385743,0.009436528881737452,-0.3677762619001894,0.7130400706375606,1.0,time
2019,15,first 5 minutes of a 4-hour block,10725,0.020835033161213618,0.4991142191142191,0.5070363160941647,-0.008090666280189562,0.008460233889407297,-0.9563170931148305,0.33891205667447544,1.0,time
2019,15,last 5 minutes of the UTC day,1790,0.0034773621779554662,0.5139664804469274,0.5070363160941647,0.006954347136467476,0.023595876129887797,0.294727226833452,0.7682022625392475,1.0,time
2019,15,first 5 minutes of the UTC day,1795,0.0034870754801285264,0.5259052924791087,0.5070363160941647,0.018935004173714298,0.02210744028001746,0.8564991665194874,0.3917217336667256,1.0,time
2019,15,Saturday or Sunday,148365,0.28822281538120825,0.5052337141509116,0.5070363160941647,-0.0025325368418748218,0.0041803891891313725,-0.6058136521018628,0.5446385030973486,1.0,time
2019,15,first hour of the week (Monday 00:00 to 01:00 UTC),3120,0.006061100555989417,0.5368589743589743,0.5070363160941647,0.03000451866960019,0.029263658469668694,1.0253167320381142,0.30521376336464323,1.0,time
2019,15,volume climax at a new 1h high (hour's largest volume),3351,0.0065098551163847865,0.44076395105938526,0.5070363160941647,-0.06670661543657586,0.010684226143844991,-6.243467195329298,4.2797609900446787e-10,0.02952029520295203,volume and flow
2019,15,volume climax at a new 1h low (hour's largest volume),3725,0.007236410118929672,0.5718120805369128,0.5070363160941647,0.06524792518882372,0.0091763767055857,7.110423567191507,1.1568523916594131e-12,0.007380073800738007,volume and flow
2019,15,"absorption: heavy taker selling in the last 5 minutes, price did not fall",6667,0.012951717117558154,0.49062546872656365,0.5070363160941647,-0.01662618501262869,0.00928110994086284,-1.7914005025871937,0.07322904834194155,1.0,volume and flow
2019,15,"absorption: heavy taker buying in the last 5 minutes, price did not rise",15323,0.02976738583955956,0.5158258826600535,0.5070363160941647,0.009059236349722832,0.006388614077083843,1.4180284237576026,0.15618246646221445,1.0,volume and flow
2019,15,delta divergence: new 4h high with net taker selling over the hour,1271,0.0024691214123918424,0.3815892997639654,0.5070363160941647,-0.12575752693271824,0.017654619230820165,-7.123208112762907,1.0544898287889737e-12,0.007380073800738007,volume and flow
2019,15,delta divergence: new 4h low with net taker buying over the hour,1909,0.0037085387696742934,0.6265060240963856,0.5070363160941647,0.11991441526025637,0.015703108540583568,7.6363488764244405,2.2426505097428162e-14,0.007380073800738007,volume and flow
2019,15,taker buying above 70% of the last minute,93735,0.1820952758383551,0.4951618925694778,0.5070363160941647,-0.014518101160080954,0.00220683076175443,-6.578710706633013,4.745448478615799e-11,0.014760147601476014,volume and flow
2019,15,taker selling above 70% of the last minute,53382,0.10370309932045738,0.5196320857217789,0.5070363160941647,0.014053121926522971,0.002699456200019363,5.205908481279367,1.9304977816325675e-07,0.11439114391143912,volume and flow
2019,15,bullish engulfing,31814,0.06180379906674593,0.4958823159615264,0.5070363160941647,-0.011888771369509887,0.0028608865613790387,-4.155624878666674,3.243996982882358e-05,0.1992619926199262,candles
2019,15,bearish engulfing,31538,0.06126762478679302,0.5139197158982814,0.5070363160941647,0.007332654104481473,0.0030304259495402405,2.4196777042494446,0.0155342685102684,1.0,candles
2019,15,pin bar at a new 1h high (long upper wick),2642,0.005132508868244884,0.4057532172596518,0.5070363160941647,-0.10180561706694607,0.00992098310591922,-10.261646046570236,0.0,0.0036900369003690036,candles
2019,15,pin bar at a new 1h low (long lower wick),2849,0.005534639578209566,0.5749385749385749,0.5070363160941647,0.0682801649477367,0.010110890731942313,6.753130535970099,1.446887054612489e-11,0.01107011070110701,candles
2019,15,inside bar (last minute inside the previous one),114582,0.2225939179187113,0.5058997050147492,0.5070363160941647,-0.001462055810487639,0.0016766905264272883,-0.8719890686106545,0.38321434106444596,1.0,candles
2019,15,doji at a new 1h high,2706,0.005256839136060051,0.41611234294161126,0.5070363160941647,-0.09140447175689592,0.010980283710089848,-8.324418036020672,0.0,0.0036900369003690036,candles
2019,15,doji at a new 1h low,2315,0.004497258906126763,0.5762419006479481,0.5070363160941647,0.06951822601486701,0.010971803123997122,6.336080335129175,2.356839168271563e-10,0.02952029520295203,candles
2019,15,squeeze: last hour's range under 40% of the previous day's median hourly range,4032,0.007832806872355554,0.5443948412698413,0.5070363160941647,0.03765345743584814,0.023389952618459605,1.6098133266901797,0.10743861498345098,1.0,volatility
2019,30,failed breakout above the 1h high,43486,0.08448099342778824,0.46051602814698983,0.5083896235597182,-0.05229120866859066,0.006084497861160954,-8.59416994825161,0.0,0.0036900369003690036,levels
2019,30,failed breakdown below the 1h low,39163,0.07608262764136667,0.5505196231136532,0.5083896235597182,0.04559931527900918,0.0057416679839176615,7.941823770850609,1.9984014443252818e-15,0.007380073800738007,levels
2019,30,wick rejection at the 1h high,14741,0.02863759196336813,0.4128620853402076,0.5083896235597182,-0.09834386983597171,0.006324161102100363,-15.550500413930001,0.0,0.0036900369003690036,levels
2019,30,wick rejection at the 1h low,12576,0.024431609560499123,0.5825381679389313,0.5083896235597182,0.07600548060583301,0.006450388630408121,11.783085479149507,0.0,0.0036900369003690036,levels
2019,30,failed breakout above the 4h high,17947,0.034865942810295626,0.4496016047250237,0.5083896235597182,-0.060911764947840064,0.010146214048073067,-6.003398376895884,1.9322972111268655e-09,0.04059040590405904,levels
2019,30,failed breakdown below the 4h low,14032,0.027260205578317723,0.5888683010262258,0.5083896235597182,0.08273402396820229,0.010698832623898752,7.732995446941879,1.0436096431476471e-14,0.007380073800738007,levels
2019,30,wick rejection at the 4h high,5378,0.010447932269112935,0.385459278542209,0.5083896235597182,-0.12422827360605398,0.010663883030485502,-11.649440757265898,0.0,0.0036900369003690036,levels
2019,30,wick rejection at the 4h low,3767,0.007318215109287547,0.6349880541544995,0.5083896235597182,0.127531735266724,0.010563625305249753,12.072724238273123,0.0,0.0036900369003690036,levels
2019,30,failed breakout above the daily high,5190,0.010082701464614381,0.4576107899807322,0.5083896235597182,-0.05129603619829143,0.017625658462654247,-2.9103046735518534,0.0036107658178776703,0.933579335793358,levels
2019,30,failed breakdown below the daily low,3326,0.006461476892352106,0.6121467227901383,0.5083896235597182,0.10443188343204102,0.01851033312980893,5.641815449764355,1.6826640747424904e-08,0.055350553505535055,levels
2019,30,wick rejection at the daily high,1519,0.002950987191666521,0.4325213956550362,0.5083896235597182,-0.07609277671414372,0.01825047690230691,-4.169358265072261,3.0545850469021474e-05,0.1992619926199262,levels
2019,30,wick rejection at the daily low,845,0.001641595903198295,0.642603550295858,0.5083896235597182,0.13443461404780876,0.02328842240185161,5.77259428432216,7.80602382732809e-09,0.04797047970479705,levels
2019,30,"liquidity sweep of the 1h low (took it out, closed back above)",10270,0.0199517040542562,0.586952288218111,0.5083896235597182,0.08016203383383269,0.006424327891310871,12.477886432642185,0.0,0.0036900369003690036,levels
2019,30,"liquidity sweep of the 1h high (took it out, closed back below)",11704,0.02273756029708029,0.41105604921394395,0.5083896235597182,-0.09959819429401467,0.006526599857229481,-15.260349412058757,0.0,0.0036900369003690036,levels
2019,30,retest from above of a 4h high broken in the last hour,7865,0.015279469560537978,0.4221233312142403,0.5083896235597182,-0.08760484795313328,0.011252403578351968,-7.785434226841331,6.8833827526759706e-15,0.007380073800738007,levels
2019,30,retest from below of a 4h low broken in the last hour,5566,0.01081316307361149,0.587495508444125,0.5083896235597182,0.07997062024218349,0.01458165485892878,5.484330894940577,4.150372800992841e-08,0.07749077490774908,levels
2019,30,acceptance above the 4h high (last 5 closes all above it),12546,0.02437332804914297,0.4044316913757373,0.5083896235597182,-0.1065550329575422,0.012830936832214297,-8.304540373857758,0.0,0.0036900369003690036,levels
2019,30,acceptance below the 4h low (last 5 closes all below it),8486,0.016485896845610335,0.5976903134574594,0.5083896235597182,0.0907975692583668,0.013657934211308518,6.647972369290525,2.971578538790709e-11,0.01107011070110701,levels
2019,30,"support held (4h low tested within 3 bp, no close below, price now 3+ bp above)",11395,0.02213726073011192,0.5561211057481351,0.5083896235597182,0.04881204720414567,0.012976010584827039,3.761714502701009,0.0001687526085931701,0.3284132841328413,levels
2019,30,"resistance held (4h high tested within 3 bp, no close above, price now 3+ bp below)",15221,0.029570096145066567,0.45089021746271596,0.5083896235597182,-0.059251477998144675,0.011363484826968997,-5.214199596370555,1.846126076454624e-07,0.1033210332103321,levels
2019,30,"repeated rejection at the 4h high (2+ touches in 30 minutes, no close above)",10178,0.019772974086097333,0.47720573786598547,0.5083896235597182,-0.031812921771524116,0.01602754420319389,-1.984890596351286,0.047156644846299,1.0,levels
2019,30,"repeated rejection at the 4h low (2+ touches in 30 minutes, no close below)",7725,0.015007489174209266,0.5571521035598705,0.5083896235597182,0.04950543223853676,0.017799651815115804,2.78125846239845,0.005414860779592523,0.981549815498155,levels
2019,30,rejecting the ups (3+ up-minutes undone by the next minute in the last 15),109522,0.2127702562249511,0.5266978323989701,0.5083896235597182,0.023256500385081313,0.004305514715911633,5.401561002482156,6.606346514281825e-08,0.09225092250922509,levels
2019,30,rejecting the downs (3+ down-minutes undone by the next minute in the last 15),108414,0.21061772573886386,0.49061929271127347,0.5083896235597182,-0.022511692278722295,0.004682621356638811,-4.807497887226399,1.5283103369512219e-06,0.15498154981549817,levels
2019,30,lower highs (three successive 10-minute highs declining),153909,0.2990016377104691,0.5589601647726904,0.5083896235597182,0.07214074088248051,0.003869543497097542,18.643217458749763,0.0,0.0036900369003690036,levels
2019,30,higher lows (three successive 10-minute lows rising),159080,0.3090474275512246,0.460554438018607,0.5083896235597182,-0.06923078001081967,0.003930349427452976,-17.614408410420644,0.0,0.0036900369003690036,levels
2019,30,approaching the previous day's high from below (within 10 bp),4381,0.008511043375043468,0.520429125770372,0.5083896235597182,0.012142850538281902,0.021121574132390752,0.5749027256287859,0.5653570864559807,1.0,levels
2019,30,approaching the previous day's low from above (within 10 bp),3557,0.00691024452979448,0.4984537531627776,0.5083896235597182,-0.010005007444907288,0.02699621942006326,-0.370607724334604,0.710929727973346,1.0,levels
2019,30,broke above the previous day's high in the last 5 minutes,2388,0.004639208303949738,0.5125628140703518,0.5083896235597182,0.004192641045788759,0.02029231099794201,0.20661229991073785,0.8363126535943153,1.0,levels
2019,30,broke below the previous day's low in the last 5 minutes,2284,0.00443716573124841,0.5232049036777583,0.5083896235597182,0.014881310961072702,0.022092791740309623,0.6735821862621761,0.5005769816131083,1.0,levels
2019,30,crossed above the daily open in the last 5 minutes,9347,0.01815857622153191,0.4681716058628437,0.5083896235597182,-0.04096182613899246,0.011363893604804911,-3.60455910302371,0.0003126832891542364,0.4095940959409594,levels
2019,30,crossed below the daily open in the last 5 minutes,9409,0.018279024678334626,0.5120629184823042,0.5083896235597182,0.0037416893546381447,0.011072835028712348,0.3379161113604402,0.7354264059007294,1.0,levels
2019,30,reclaimed the session VWAP in the last 5 minutes after 30+ minutes below,4022,0.007813607955814844,0.4405768274490303,0.5083896235597182,-0.06834683145671278,0.013509453180745316,-5.059185634110328,4.210508133262181e-07,0.12915129151291513,levels
2019,30,lost the session VWAP in the last 5 minutes after 30+ minutes above,4311,0.008375053181879113,0.5379262352122477,0.5083896235597182,0.02978607158614277,0.013363201430318123,2.2289622544014653,0.02581641633236864,1.0,levels
2019,30,"approaching a $1,000 level from below (within 10 bp, rising)",2187,0.004248722177863516,0.47690900777320533,0.5083896235597182,-0.03161493887847766,0.027221190066365347,-1.1614091375652695,0.24547555475741234,1.0,round numbers
2019,30,"approaching a $1,000 level from above (within 10 bp, falling)",1545,0.0030014978348418533,0.44660194174757284,0.5083896235597182,-0.06197369572568312,0.02308493550616428,-2.6845947093564337,0.007261780558801112,0.988929889298893,round numbers
2019,30,"crossed a $1,000 level upward in the last 3 minutes",1928,0.0037455584631554,0.4725103734439834,0.5083896235597182,-0.036014143194570525,0.02191519174458435,-1.6433414598560512,0.10031230476032937,1.0,round numbers
2019,30,"crossed a $1,000 level downward in the last 3 minutes",1919,0.003728074009748554,0.515372589890568,0.5083896235597182,0.00700909676232131,0.018631401950810915,0.37619803280644937,0.7067696777781762,1.0,round numbers
2019,30,"approaching a $100 level from below (within 10 bp, rising)",20017,0.03888736709387015,0.4890343208272968,0.5083896235597182,-0.020138433384125243,0.008308353360682386,-2.4238778142762123,0.015355771033304322,1.0,round numbers
2019,30,"approaching a $100 level from above (within 10 bp, falling)",18519,0.03597717696015293,0.5187105135266483,0.5083896235597182,0.010706063923243359,0.008220650561124818,1.3023377947570205,0.19280093702639323,1.0,round numbers
2019,30,crossed a $100 level upward in the last 3 minutes,19853,0.03856876149845651,0.48143857351533775,0.5083896235597182,-0.028032217973679996,0.00655767943881204,-4.2747161149368695,1.913809886189277e-05,0.1918819188191882,round numbers
2019,30,crossed a $100 level downward in the last 3 minutes,19598,0.038073368651929215,0.5431166445555669,0.5083896235597182,0.03610152777159448,0.006237746231173438,5.787591613005247,7.1402745938087264e-09,0.04428044280442804,round numbers
2019,30,10 minutes before funding settlement (00:00 UTC),3580,0.006954927021834197,0.4963687150837989,0.5083896235597182,-0.012105098552947169,0.023055319406646003,-0.5250457969997897,0.5995513547787663,1.0,time
2019,30,10 minutes after funding settlement (00:00 UTC),3590,0.006974354192286248,0.48467966573816157,0.5083896235597182,-0.023876480855911097,0.022503665169900582,-1.0610040931397569,0.2886880410190944,1.0,time
2019,30,10 minutes before funding settlement (08:00 UTC),3560,0.006916072680930095,0.48174157303370785,0.5083896235597182,-0.026833633888275032,0.022510882836434938,-1.1920293878853794,0.23324972230872065,1.0,time
2019,30,10 minutes after funding settlement (08:00 UTC),3560,0.006916072680930095,0.46797752808988763,0.5083896235597182,-0.04069353491494626,0.02241081504725913,-1.8157989715739111,0.06940121512080011,1.0,time
2019,30,10 minutes before funding settlement (16:00 UTC),3590,0.006974354192286248,0.5245125348189416,0.5083896235597182,0.01623614790543426,0.023152035206982516,0.7012838292737883,0.4831259033410249,1.0,time
2019,30,10 minutes after funding settlement (16:00 UTC),3590,0.006974354192286248,0.5239554317548747,0.5083896235597182,0.015675132118562307,0.02204772220598367,0.7109637890080153,0.47710667532541207,1.0,time
2019,30,10 minutes after the US equity open (13:30 UTC),3580,0.006954927021834197,0.473463687150838,0.5083896235597182,-0.03517054498255201,0.02129802491445171,-1.651352419946093,0.09866663430140998,1.0,time
2019,30,10 minutes after the US equity close (20:00 UTC),3590,0.006974354192286248,0.46573816155988856,0.5083896235597182,-0.04295101760955777,0.02175127312261701,-1.9746438457846973,0.04830857961016832,1.0,time
2019,30,10 minutes after the London open (07:00 UTC),3560,0.006916072680930095,0.4904494382022472,0.5083896235597182,-0.01806512507548308,0.02200439041900909,-0.8209782107791103,0.41165867957929647,1.0,time
2019,30,last 5 minutes of the hour,42895,0.08333284765407203,0.5108054551812565,0.5083896235597182,0.002635451281695622,0.003950292716353287,0.6671534164507534,0.5046741430621231,1.0,time
2019,30,first 5 minutes of the hour,42900,0.08334256123929806,0.5019347319347319,0.5083896235597182,-0.007041770842674988,0.003984045223364865,-1.7674926984708306,0.07714575074577756,1.0,time
2019,30,last 5 minutes of a 4-hour block,10720,0.02082592672459849,0.5012126865671642,0.5083896235597182,-0.007329582337231022,0.009488621917060994,-0.7724601529387617,0.4398419385905834,1.0,time
2019,30,first 5 minutes of a 4-hour block,10725,0.020835640309824516,0.48214452214452214,0.5083896235597182,-0.02680357097913616,0.008984969487659818,-2.983156594571507,0.0028529198641005227,0.9003690036900369,time
2019,30,last 5 minutes of the UTC day,1790,0.0034774635109170986,0.48435754189944136,0.5083896235597182,-0.02411594397548289,0.024141187246182926,-0.9989543484153196,0.3178168065736471,1.0,time
2019,30,first 5 minutes of the UTC day,1795,0.003487177096143124,0.4813370473537604,0.5083896235597182,-0.027147243451545344,0.023815969355831624,-1.1398756458719586,0.25433811266506545,1.0,time
2019,30,Saturday or Sunday,148365,0.2882312144118521,0.5016951437333603,0.5083896235597182,-0.009405413614515412,0.00569021323462743,-1.6529105723629771,0.0983490651379686,1.0,time
2019,30,first hour of the week (Monday 00:00 to 01:00 UTC),3120,0.006061277181039859,0.5346153846153846,0.5083896235597182,0.026385692048787712,0.0403898107424505,0.6532759516264784,0.5135783930994005,1.0,time
2019,30,volume climax at a new 1h high (hour's largest volume),3351,0.006510044818482233,0.42166517457475383,0.5083896235597182,-0.08729272856021897,0.010275226854081344,-8.495455117426054,0.0,0.0036900369003690036,volume and flow
2019,30,volume climax at a new 1h low (hour's largest volume),3725,0.007236620993388934,0.5838926174496645,0.5083896235597182,0.07605336325509604,0.009497281783769938,8.007908471776092,1.1102230246251565e-15,0.007380073800738007,volume and flow
2019,30,"absorption: heavy taker selling in the last 5 minutes, price did not fall",6667,0.012952094540382288,0.48687565621718915,0.5083896235597182,-0.02179627475376794,0.010504105431789635,-2.075024369786281,0.03798427623966494,1.0,volume and flow
2019,30,"absorption: heavy taker buying in the last 5 minutes, price did not rise",15323,0.029768253283677486,0.5239182927625139,0.5083896235597182,0.01600511347453981,0.006371374132958525,2.5120347888137426,0.012003725471388726,0.992619926199262,volume and flow
2019,30,delta divergence: new 4h high with net taker selling over the hour,1271,0.0024691933644556603,0.34067663257277736,0.5083896235597182,-0.16812813185449427,0.022757666884597225,-7.3877578359443445,1.4943601911454607e-13,0.007380073800738007,volume and flow
2019,30,delta divergence: new 4h low with net taker buying over the hour,1909,0.0037086468392965033,0.6547930853850183,0.5083896235597182,0.14694844169914734,0.017008410048744486,8.639751821481672,0.0,0.0036900369003690036,volume and flow
2019,30,taker buying above 70% of the last minute,93731,0.18209281136411762,0.4993972111681301,0.5083896235597182,-0.010994416623951841,0.002196368524212822,-5.005724905792955,5.565219012293454e-07,0.12915129151291513,volume and flow
2019,30,taker selling above 70% of the last minute,53381,0.10370417859009254,0.5170191641220659,0.5083896235597182,0.009628004902190845,0.0027879032534714613,3.453493190698844,0.0005533762738501036,0.5202952029520295,volume and flow
2019,30,bullish engulfing,31813,0.0618036573591093,0.5023732436425361,0.5083896235597182,-0.0064127087729278776,0.0027989194356906727,-2.2911373193367575,0.021955472814128907,1.0,candles
2019,30,bearish engulfing,31537,0.0612674674546327,0.5140945556013571,0.5083896235597182,0.006077271047771227,0.002908757797447756,2.0893011625456177,0.03668062181541276,1.0,candles
2019,30,pin bar at a new 1h high (long upper wick),2642,0.0051326584334318295,0.39931869795609387,0.5083896235597182,-0.10963363761833378,0.010161760510604873,-10.78884288838725,0.0,0.0036900369003690036,candles
2019,30,pin bar at a new 1h low (long lower wick),2849,0.005534800861789281,0.5942435942435943,0.5083896235597182,0.08633180000494334,0.01032138887674214,8.364358812163392,0.0,0.0036900369003690036,candles
2019,30,inside bar (last minute inside the previous one),114580,0.2225965190395984,0.5066678303368826,0.5083896235597182,-0.0022147999912587313,0.001764695027591213,-1.2550610483001734,0.20945659920498416,1.0,candles
2019,30,doji at a new 1h high,2706,0.005256992324324954,0.4146341463414634,0.5083896235597182,-0.09425095375872466,0.011505613626003932,-8.191736383855904,2.220446049250313e-16,0.0036900369003690036,candles
2019,30,doji at a new 1h low,2315,0.004497389959649767,0.5904967602591793,0.5083896235597182,0.08247807275576413,0.011751598426258666,7.01845568271537,2.2433166435575913e-12,0.01107011070110701,candles
2019,30,squeeze: last hour's range under 40% of the previous day's median hourly range,4032,0.007833035126266895,0.5359623015873016,0.5083896235597182,0.027790360900690203,0.027433912707051353,1.0129929768839439,0.3110635155363277,1.0,volatility
2020,1,failed breakout above the 1h high,43368,0.08440704092674914,0.5041966426858513,0.5016251586232668,0.0028085450386023947,0.002666416830208425,1.0533030720417633,0.29220211140424723,1.0,levels
2020,1,failed breakdown below the 1h low,41646,0.0810555161970899,0.5002881429188878,0.5016251586232668,-0.0014549472007775455,0.0024274167584910464,-0.5993808832736177,0.5489189219699537,1.0,levels
2020,1,wick rejection at the 1h high,13731,0.026724614438415246,0.48838394872915303,0.5016251586232668,-0.013604792734456694,0.0045910584054809946,-2.963323820540974,0.003043362223046797,0.9077490774907749,levels
2020,1,wick rejection at the 1h low,11423,0.022232559225840606,0.526569202486212,0.5016251586232668,0.025511223653750803,0.004750724683033097,5.369964659257666,7.875207352903146e-08,0.09225092250922509,levels
2020,1,failed breakout above the 4h high,18764,0.03652033102632173,0.4993071839693029,0.5016251586232668,-0.0024058366031045053,0.003555604791464842,-0.6766321748917843,0.4986393596162322,1.0,levels
2020,1,failed breakdown below the 4h low,15450,0.030070300274817243,0.5035598705501618,0.5016251586232668,0.0019946929426361004,0.004059741798076526,0.49133492765012055,0.6231895801625913,1.0,levels
2020,1,wick rejection at the 4h high,5659,0.011014098980918497,0.48630500088354833,0.5016251586232668,-0.015490774665171791,0.0071448961285723875,-2.1680895546156784,0.030151873431152776,1.0,levels
2020,1,wick rejection at the 4h low,3866,0.007524387110837765,0.5318158303155717,0.5016251586232668,0.030419560239286714,0.008457138523896051,3.5969093037006292,0.0003220207010485865,0.42066420664206644,levels
2020,1,failed breakout above the daily high,5955,0.011590203115633442,0.5029387069689337,0.5016251586232668,0.0013289511595366843,0.00682073089698637,0.19483999289927417,0.8455182124264393,1.0,levels
2020,1,failed breakdown below the daily low,3456,0.006726405032347469,0.49363425925925924,0.5016251586232668,-0.008045013382509014,0.007801829858264084,-1.0311700624933955,0.3024610769993581,1.0,levels
2020,1,wick rejection at the daily high,1823,0.0035481008026531933,0.48875479978058145,0.5016251586232668,-0.012916186775350225,0.012673498591890707,-1.0191492650352134,0.30813210868984786,1.0,levels
2020,1,wick rejection at the daily low,908,0.0017672383591931429,0.5176211453744494,0.5016251586232668,0.016024305518574367,0.01815386710881936,0.882693776621818,0.3774017455247973,1.0,levels
2020,1,"liquidity sweep of the 1h low (took it out, closed back above)",9923,0.019313112597217574,0.528973092814673,0.5016251586232668,0.027886509489112754,0.004814155956129123,5.792606168815358,6.930248819259077e-09,0.04428044280442804,levels
2020,1,"liquidity sweep of the 1h high (took it out, closed back below)",11234,0.021864708950634103,0.4886060174470358,0.5016251586232668,-0.013310164039029626,0.004785515905213964,-2.7813436007030714,0.005413440763814892,0.981549815498155,levels
2020,1,retest from above of a 4h high broken in the last hour,7787,0.015155820598058374,0.5059714909464492,0.5016251586232668,0.004413218267504737,0.005833530033028653,0.756526192977099,0.4493337742398342,1.0,levels
2020,1,retest from below of a 4h low broken in the last hour,5646,0.010988797110137097,0.5086787105915692,0.5016251586232668,0.00713192322563394,0.0064820354013231,1.100259838781224,0.2712189251835677,1.0,levels
2020,1,acceptance above the 4h high (last 5 closes all above it),15541,0.03024741337028704,0.4869699504536388,0.5016251586232668,-0.015112316658582925,0.004092282575238566,-3.6928819994063895,0.00022172692199196042,0.3726937269372694,levels
2020,1,acceptance below the 4h low (last 5 closes all below it),8731,0.01699312567633847,0.5272019241782155,0.5016251586232668,0.02601890813077612,0.005390228839382777,4.827050744241776,1.3856982294946363e-06,0.15498154981549817,levels
2020,1,"support held (4h low tested within 3 bp, no close below, price now 3+ bp above)",9986,0.01943572935561974,0.5069096735429601,0.5016251586232668,0.005389259101007848,0.004751923562389661,1.1341215889208627,0.25674354892938145,1.0,levels
2020,1,"resistance held (4h high tested within 3 bp, no close above, price now 3+ bp below)",15353,0.029881509392832954,0.49495212662020455,0.5016251586232668,-0.006878574182093755,0.004021651163722605,-1.7103855859359678,0.08719459466820312,1.0,levels
2020,1,"resistance flipped to support (4h high broken, retested within 5 bp, last 3 closes above)",542,0.0010548933818091226,0.5129151291512916,0.5016251586232668,0.011301892819962411,0.021312414217732403,0.5302962256879835,0.5959065631459901,1.0,levels
2020,1,"repeated rejection at the 4h high (2+ touches in 30 minutes, no close above)",9703,0.018884927091686196,0.5061321240853345,0.5016251586232668,0.004593717481791049,0.005102088283901884,0.900360249799117,0.3679285674579278,1.0,levels
2020,1,"repeated rejection at the 4h low (2+ touches in 30 minutes, no close below)",6287,0.01223637396943534,0.5091458565293463,0.5016251586232668,0.007613863993253367,0.006386786088053864,1.1921276035054134,0.2332112149890797,1.0,levels
2020,1,rejecting the ups (3+ up-minutes undone by the next minute in the last 15),106581,0.20743836075018102,0.5077828130717482,0.5016251586232668,0.007769306693053868,0.0016536314062620921,4.698330391907465,2.6229687952739056e-06,0.15867158671586715,levels
2020,1,rejecting the downs (3+ down-minutes undone by the next minute in the last 15),110032,0.2141550342937664,0.494474334738985,0.5016251586232668,-0.009099535145402904,0.0017489758802736405,-5.202779093774131,1.9633019343601177e-07,0.11439114391143912,levels
2020,1,lower highs (three successive 10-minute highs declining),146436,0.285008057672695,0.5168879237346008,0.5016251586232668,0.021346765198015427,0.0015959387194213579,13.375679741484785,0.0,0.0036900369003690036,levels
2020,1,higher lows (three successive 10-minute lows rising),155139,0.30194668701196586,0.4891355494105286,0.5016251586232668,-0.017892056352080243,0.0015811002242649946,-11.316206321074754,0.0,0.0036900369003690036,levels
2020,1,approaching the previous day's high from below (within 10 bp),5409,0.010527524542814658,0.5071177666851544,0.5016251586232668,0.0055510468437737215,0.006592111726094813,0.8420741447387723,0.39974645257576324,1.0,levels
2020,1,approaching the previous day's low from above (within 10 bp),3133,0.006097750858317309,0.5023938716884775,0.5016251586232668,0.0007734292440474411,0.00848960864248979,0.09110305040169833,0.9274107088548267,1.0,levels
2020,1,broke above the previous day's high in the last 5 minutes,3294,0.006411104796456181,0.48360655737704916,0.5016251586232668,-0.01813486577114609,0.008964618553852983,-2.0229378040130603,0.04307956032784577,1.0,levels
2020,1,broke below the previous day's low in the last 5 minutes,1958,0.003810850999229266,0.5112359550561798,0.5016251586232668,0.009647561853643016,0.009323062982958853,1.0348060365222564,0.30075950324175427,1.0,levels
2020,1,crossed above the daily open in the last 5 minutes,8368,0.016286619592211695,0.47872848948374763,0.5016251586232668,-0.02327575246564967,0.0052763333658547296,-4.411349862060726,1.0272817399847867e-05,0.17712177121771217,levels
2020,1,crossed below the daily open in the last 5 minutes,8208,0.01597521195182524,0.5214424951267057,0.5016251586232668,0.020139062292065635,0.0058486058005541705,3.4433953969264617,0.0005744587701683734,0.5276752767527675,levels
2020,1,reclaimed the session VWAP in the last 5 minutes after 30+ minutes below,4119,0.00801680044219885,0.45447924253459576,0.5016251586232668,-0.04752693000212843,0.007967719992006059,-5.9649347680154134,2.4473179038864146e-09,0.04059040590405904,levels
2020,1,lost the session VWAP in the last 5 minutes after 30+ minutes above,4123,0.00802458563320851,0.5639097744360902,0.5016251586232668,0.06278846724500886,0.007988538787002715,7.859818787781962,3.774758283725532e-15,0.007380073800738007,levels
2020,1,"approaching a $1,000 level from below (within 10 bp, rising)",2054,0.00399769558346114,0.502921129503408,0.5016251586232668,0.001301172571985476,0.01170005603153687,0.11121079834816479,0.9114491889085918,1.0,round numbers
2020,1,"approaching a $1,000 level from above (within 10 bp, falling)",1626,0.003164680145427368,0.4797047970479705,0.5016251586232668,-0.021989952742138275,0.015006935746414901,-1.4653193105988735,0.14283382039752968,1.0,round numbers
2020,1,"crossed a $1,000 level upward in the last 3 minutes",2318,0.004511518190098794,0.49396031061259704,0.5016251586232668,-0.007699584827676076,0.010117292345548697,-0.761032158081669,0.44663785977029535,1.0,round numbers
2020,1,"crossed a $1,000 level downward in the last 3 minutes",2270,0.004418095897982857,0.5374449339207048,0.5016251586232668,0.035978732789188506,0.010825811265701748,3.3234213959720553,0.0008892047860122876,0.6309963099630996,round numbers
2020,1,"approaching a $100 level from below (within 10 bp, rising)",28754,0.05596384557295113,0.4954441121235306,0.5016251586232668,-0.006547467987057687,0.0033182744379014694,-1.9731544540958499,0.04847796779642555,1.0,round numbers
2020,1,"approaching a $100 level from above (within 10 bp, falling)",25149,0.04894744217549377,0.49727623364746115,0.5016251586232668,-0.004572749360722661,0.0031607649963163913,-1.446722349194521,0.14797470239634425,1.0,round numbers
2020,1,crossed a $100 level upward in the last 3 minutes,27492,0.053507617809402955,0.48814200494689364,0.5016251586232668,-0.014245390591699492,0.003189673094022966,-4.466097362263708,7.96593684060376e-06,0.16974169741697417,round numbers
2020,1,crossed a $100 level downward in the last 3 minutes,26658,0.05188440548388855,0.532147948083127,0.5016251586232668,0.03219310982374263,0.003281147214587286,9.811540817375969,0.0,0.0036900369003690036,round numbers
2020,1,10 minutes before funding settlement (00:00 UTC),3580,0.006967745953646973,0.5072625698324023,0.5016251586232668,0.005676966872087408,0.007534538950725197,0.7534590914207168,0.45117408515158797,1.0,time
2020,1,10 minutes after funding settlement (00:00 UTC),3580,0.006967745953646973,0.5025139664804469,0.5016251586232668,0.0008950442984690943,0.008350913143999779,0.10717921298369547,0.9146468060619573,1.0,time
2020,1,10 minutes before funding settlement (08:00 UTC),3570,0.006948282976122819,0.492436974789916,0.5016251586232668,-0.009252472631422815,0.007681794775303265,-1.2044675628629433,0.22840891201515,1.0,time
2020,1,10 minutes after funding settlement (08:00 UTC),3580,0.006967745953646973,0.49860335195530725,0.5016251586232668,-0.003043009585687151,0.008187999842377948,-0.3716426043314876,0.7101589638282211,1.0,time
2020,1,10 minutes before funding settlement (16:00 UTC),3560,0.006928819998598666,0.5157303370786517,0.5016251586232668,0.014203592591786829,0.007344831236303604,1.9338215045135603,0.053135077835876565,1.0,time
2020,1,10 minutes after funding settlement (16:00 UTC),3560,0.006928819998598666,0.49157303370786515,0.5016251586232668,-0.010122260234545821,0.007450539315515753,-1.3585942984645698,0.17427518288637356,1.0,time
2020,1,10 minutes after the US equity open (13:30 UTC),3570,0.006948282976122819,0.5081232492997199,0.5016251586232668,0.006543557163294023,0.00837694940061534,0.7811384371992693,0.4347210771564656,1.0,time
2020,1,10 minutes after the US equity close (20:00 UTC),3580,0.006967745953646973,0.505586592178771,0.5016251586232668,0.003989229493163382,0.007485734409447261,0.5329109042566129,0.5940952565890838,1.0,time
2020,1,10 minutes after the London open (07:00 UTC),3570,0.006948282976122819,0.49411764705882355,0.5016251586232668,-0.007560040867703122,0.008844059857969242,-0.8548156603543212,0.39265320713966445,1.0,time
2020,1,last 5 minutes of the hour,42820,0.08334046975842552,0.5080803362914526,0.5016251586232668,0.007042066825492466,0.0025671580197950826,2.7431372635388382,0.006085524139025855,0.985239852398524,time
2020,1,first 5 minutes of the hour,42820,0.08334046975842552,0.5005604857543204,0.5016251586232668,-0.0011614703538463944,0.002554772750867977,-0.4546276585468465,0.6493771330425258,1.0,time
2020,1,last 5 minutes of a 4-hour block,10695,0.020815654462082226,0.5005142589995325,0.5016251586232668,-0.0011345153022478405,0.004561649322959147,-0.24870725957335954,0.8035872329333995,1.0,time
2020,1,first 5 minutes of a 4-hour block,10710,0.020844848928368458,0.4995331465919701,0.5016251586232668,-0.0021365480526830405,0.004870748656128623,-0.4386487999118426,0.6609160313634985,1.0,time
2020,1,last 5 minutes of the UTC day,1790,0.0034838729768234865,0.505586592178771,0.5016251586232668,0.003975282936301228,0.011654432239811198,0.3410962331328143,0.7330311368973246,1.0,time
2020,1,first 5 minutes of the UTC day,1790,0.0034838729768234865,0.488268156424581,0.5016251586232668,-0.013403698983363466,0.011781445495992846,-1.1376956238453413,0.25524760139350233,1.0,time
2020,1,Saturday or Sunday,145233,0.28266666147653935,0.5011808610990615,0.5016251586232668,-0.0006193738675520644,0.0018617594870884515,-0.3326819988551175,0.7393743391146108,1.0,time
2020,1,first hour of the week (Monday 00:00 to 01:00 UTC),3000,0.005838893257246067,0.5113333333333333,0.5016251586232668,0.009765192627454677,0.008096902687459401,1.2060405076349932,0.22780187192104573,1.0,time
2020,1,volume climax at a new 1h high (hour's largest volume),3708,0.007216872065956138,0.4900215749730313,0.5016251586232668,-0.011687933974444398,0.008474159184226608,-1.379244090221925,0.16781950827369552,1.0,volume and flow
2020,1,volume climax at a new 1h low (hour's largest volume),3791,0.007378414779406613,0.5642310735953574,0.5016251586232668,0.06307128104430393,0.008253229752320663,7.642012028875047,2.1316282072803006e-14,0.007380073800738007,volume and flow
2020,1,"absorption: heavy taker selling in the last 5 minutes, price did not fall",9685,0.018849893732142717,0.5019101703665462,0.5016251586232668,0.0002904873998978985,0.005418175895871706,0.0536135048917904,0.9572430966403844,1.0,volume and flow
2020,1,"absorption: heavy taker buying in the last 5 minutes, price did not rise",5178,0.01007792976200671,0.5050212437234454,0.5016251586232668,0.0034306590410314586,0.007001790705879299,0.4899688072867967,0.6241559717390643,1.0,volume and flow
2020,1,delta divergence: new 4h high with net taker selling over the hour,3235,0.006296273229063675,0.4862442040185471,0.5016251586232668,-0.015478410908954243,0.008438770912030555,-1.834202050311352,0.06662400720638062,1.0,volume and flow
2020,1,delta divergence: new 4h low with net taker buying over the hour,705,0.0013721399154528256,0.5475177304964539,0.5016251586232668,0.0459556294266632,0.018363488465380093,2.502554430946027,0.01233006640990042,0.992619926199262,volume and flow
2020,1,taker buying above 70% of the last minute,57799,0.11249406379185513,0.5036073288465198,0.5016251586232668,0.0022334162988495443,0.0024399121076164494,0.9153675215913286,0.35999872277011713,1.0,volume and flow
2020,1,taker selling above 70% of the last minute,74622,0.14523663088073865,0.5058829835705287,0.5016251586232668,0.0049812908473712,0.0021152231672838047,2.354971770552118,0.018524112887043476,1.0,volume and flow
2020,1,bullish engulfing,39924,0.07770399146743065,0.5057609457970144,0.5016251586232668,0.004484229721787303,0.002938183691466875,1.5261910733527253,0.12696228593411107,1.0,candles
2020,1,bearish engulfing,40052,0.07795311757973981,0.5001248377109757,0.5016251586232668,-0.0016271633697767518,0.0030819929934412997,-0.5279581664330423,0.5975283716637632,1.0,candles
2020,1,pin bar at a new 1h high (long upper wick),2427,0.004723664645112068,0.4800164812525752,0.5016251586232668,-0.02171123395894531,0.01012463120147259,-2.1443975120582652,0.03200104944567328,1.0,candles
2020,1,pin bar at a new 1h low (long lower wick),2684,0.0052238631674828145,0.5324143070044709,0.5016251586232668,0.030950831288776515,0.010385571533794963,2.9801760247918545,0.002880827890703763,0.9040590405904059,candles
2020,1,inside bar (last minute inside the previous one),104198,0.20280033320617522,0.4965066507994395,0.5016251586232668,-0.006420609587574122,0.001596754662363855,-4.021037006442163,5.794250057911121e-05,0.22140221402214022,candles
2020,1,doji at a new 1h high,2253,0.004385008836191796,0.4793608521970706,0.5016251586232668,-0.02236236559693694,0.009539216455314858,-2.3442560195263784,0.019065079489981596,1.0,candles
2020,1,doji at a new 1h low,1797,0.003497497061090394,0.5381190873678353,0.5016251586232668,0.03662201413136412,0.011082056460403306,3.304622590781436,0.0009510437308248854,0.6383763837638377,candles
2020,1,squeeze: last hour's range under 40% of the previous day's median hourly range,2646,0.00514990385289103,0.4988662131519274,0.5016251586232668,-0.002773227325427563,0.009272696921499466,-0.29907451401734275,0.7648831916850787,1.0,volatility
2020,3,failed breakout above the 1h high,43368,0.0844073694904962,0.4988470761852057,0.503914020015804,-0.005534059211222242,0.003728702706052753,-1.4841781840742836,0.1377616558032737,1.0,levels
2020,3,failed breakdown below the 1h low,41644,0.08105193910399888,0.5063154355969648,0.503914020015804,0.0026132223172866675,0.0035278476729441355,0.7407412562985819,0.45885033927159435,1.0,levels
2020,3,wick rejection at the 1h high,13731,0.02672471846693422,0.4481829437040274,0.503914020015804,-0.05726137031240658,0.004969882405052384,-11.52167509118418,0.0,0.0036900369003690036,levels
2020,3,wick rejection at the 1h low,11423,0.022232645768537587,0.5794449794274709,0.503914020015804,0.07724839562784869,0.004958985492748406,15.577459490617606,0.0,0.0036900369003690036,levels
2020,3,failed breakout above the 4h high,18764,0.03652047318575149,0.4979748454487316,0.503914020015804,-0.006164297633505789,0.0051177615264539475,-1.2044909872494542,0.22839986349591745,1.0,levels
2020,3,failed breakdown below the 4h low,15448,0.030066524716131367,0.5165069911962714,0.503914020015804,0.012983334941380265,0.005476633743328578,2.3706779656748194,0.0177554937466462,1.0,levels
2020,3,wick rejection at the 4h high,5659,0.01101414185451757,0.44742887435942746,0.503914020015804,-0.05711420966351921,0.007676577445191355,-7.440061677394505,1.0058620603103918e-13,0.007380073800738007,levels
2020,3,wick rejection at the 4h low,3866,0.007524416400347221,0.6001034661148474,0.503914020015804,0.09691870277570935,0.008503755929584297,11.39716421523015,0.0,0.0036900369003690036,levels
2020,3,failed breakout above the daily high,5955,0.011590248231781609,0.5000839630562552,0.503914020015804,-0.003874968809946422,0.010016022205189228,-0.3868770186969862,0.6988472553551888,1.0,levels
2020,3,failed breakdown below the daily low,3456,0.006726431215623382,0.5063657407407407,0.503914020015804,0.0024683237347564724,0.012124980024650128,0.2035734269036618,0.8386868605368163,1.0,levels
2020,3,wick rejection at the daily high,1823,0.0035481146140281905,0.4487109160724081,0.503914020015804,-0.05539966831616083,0.012470451431470467,-4.442474967374001,8.892998235143779e-06,0.16974169741697417,levels
2020,3,wick rejection at the daily low,908,0.0017672452383640136,0.5781938325991189,0.503914020015804,0.07441131562653636,0.01769209929176377,4.205906512246242,2.6003771754767868e-05,0.1918819188191882,levels
2020,3,"liquidity sweep of the 1h low (took it out, closed back above)",9923,0.01931318777564549,0.5780509926433538,0.503914020015804,0.0755969915200504,0.005223080793825017,14.473640080280756,0.0,0.0036900369003690036,levels
2020,3,"liquidity sweep of the 1h high (took it out, closed back below)",11234,0.02186479406143318,0.44712479971515046,0.503914020015804,-0.058058660966161246,0.0052302109956388985,-11.100634566095371,0.0,0.0036900369003690036,levels
2020,3,retest from above of a 4h high broken in the last hour,7787,0.015155879593767152,0.4931295749325799,0.503914020015804,-0.010950408150658064,0.0074783172405046144,-1.4642877265687064,0.14311534921610036,1.0,levels
2020,3,retest from below of a 4h low broken in the last hour,5646,0.010988839885245839,0.520368402408785,0.503914020015804,0.016637205985695624,0.008154314318571837,2.040294908402488,0.04132096163772858,1.0,levels
2020,3,acceptance above the 4h high (last 5 closes all above it),15541,0.03024753111169068,0.4778971752139502,0.503914020015804,-0.026828335721257368,0.005654898008910172,-4.744265180200447,2.092645684959038e-06,0.15498154981549817,levels
2020,3,acceptance below the 4h low (last 5 closes all below it),8731,0.016993191823960575,0.5619058527087389,0.503914020015804,0.05899433473969351,0.006763288568022747,8.722729208779059,0.0,0.0036900369003690036,levels
2020,3,"support held (4h low tested within 3 bp, no close below, price now 3+ bp above)",9986,0.01943580501134696,0.514920889244943,0.503914020015804,0.011225036856731596,0.006094970577214585,1.841688440415977,0.06552073603661723,1.0,levels
2020,3,"resistance held (4h high tested within 3 bp, no close above, price now 3+ bp below)",15353,0.02988162570991487,0.4892203478147593,0.503914020015804,-0.01514626729114088,0.005544296111943511,-2.7318647823504274,0.006297698171392918,0.985239852398524,levels
2020,3,"resistance flipped to support (4h high broken, retested within 5 bp, last 3 closes above)",542,0.001054897488098343,0.5,0.503914020015804,-0.003918153265842106,0.023660378006036695,-0.16559977464613754,0.8684719246500239,1.0,levels
2020,3,"repeated rejection at the 4h high (2+ touches in 30 minutes, no close above)",9703,0.018885000603354653,0.5094300731732454,0.503914020015804,0.005622228954642039,0.007132707527778894,0.788232088971239,0.43056096253103693,1.0,levels
2020,3,"repeated rejection at the 4h low (2+ touches in 30 minutes, no close below)",6287,0.012236421600875059,0.5139176077620486,0.503914020015804,0.010127512255976856,0.008926048788196656,1.1346019382471841,0.25654214067848535,1.0,levels
2020,3,rejecting the ups (3+ up-minutes undone by the next minute in the last 15),106581,0.20743916822695477,0.5179628639250898,0.503914020015804,0.017725887207745372,0.0021897065445008884,8.09509715000908,6.661338147750939e-16,0.007380073800738007,levels
2020,3,rejecting the downs (3+ down-minutes undone by the next minute in the last 15),110030,0.214151975305278,0.4884213396346451,0.503914020015804,-0.019714601162454215,0.00226251586025055,-8.71357479026513,0.0,0.0036900369003690036,levels
2020,3,lower highs (three successive 10-minute highs declining),146436,0.2850091670980977,0.533386598923762,0.503914020015804,0.04122091857924787,0.002034472850675834,20.261228143474437,0.0,0.0036900369003690036,levels
2020,3,higher lows (three successive 10-minute lows rising),155139,0.3019478623728576,0.47773287181173013,0.503914020015804,-0.03750600677632804,0.0021357048357630516,-17.561418669976355,0.0,0.0036900369003690036,levels
2020,3,approaching the previous day's high from below (within 10 bp),5408,0.010525619217040292,0.5138683431952663,0.503914020015804,0.010060213152346176,0.009746722376359512,1.0321637124647183,0.3019954311479145,1.0,levels
2020,3,approaching the previous day's low from above (within 10 bp),3133,0.006097774594487285,0.4969677625279285,0.503914020015804,-0.006988874066602868,0.011991765907422895,-0.5828060788175292,0.5600238523354317,1.0,levels
2020,3,broke above the previous day's high in the last 5 minutes,3294,0.006411129752391036,0.470856102003643,0.503914020015804,-0.03327122414718958,0.012279842295061419,-2.709417869362236,0.006740139032856085,0.985239852398524,levels
2020,3,broke below the previous day's low in the last 5 minutes,1958,0.0038108658333884785,0.5536261491317671,0.503914020015804,0.049902300086369755,0.011973309219360842,4.16779514937088,3.075601402469097e-05,0.1992619926199262,levels
2020,3,crossed above the daily open in the last 5 minutes,8368,0.01628668298968069,0.4684512428298279,0.503914020015804,-0.03604991065258095,0.007199537824338935,-5.0072534560079305,5.521220340920507e-07,0.12915129151291513,levels
2020,3,crossed below the daily open in the last 5 minutes,8208,0.015975274137105533,0.5258284600389863,0.503914020015804,0.022270212777392828,0.007612934127271887,2.925312685632473,0.0034411026863809813,0.9261992619926199,levels
2020,3,reclaimed the session VWAP in the last 5 minutes after 30+ minutes below,4119,0.008016831648481687,0.4340859431900947,0.503914020015804,-0.07039240085267767,0.010295681071784807,-6.837080554640258,8.08242361927114e-12,0.01107011070110701,levels
2020,3,lost the session VWAP in the last 5 minutes after 30+ minutes above,4123,0.008024616869796067,0.5663351928207616,0.503914020015804,0.06292613089650068,0.010271943879978165,6.126019732171126,9.010463486447406e-10,0.02952029520295203,levels
2020,3,"approaching a $1,000 level from below (within 10 bp, rising)",2053,0.003995764839604978,0.47588894301022894,0.503914020015804,-0.02813750787019692,0.014416623144096249,-1.951740542078296,0.05096901661835673,1.0,round numbers
2020,3,"approaching a $1,000 level from above (within 10 bp, falling)",1626,0.003164692464295029,0.48769987699877,0.503914020015804,-0.016265618697954565,0.016283847703746523,-0.9988805467771745,0.3178525609094236,1.0,round numbers
2020,3,"crossed a $1,000 level upward in the last 3 minutes",2318,0.004511535751682581,0.5012942191544435,0.503914020015804,-0.002631673751577468,0.012488364292639977,-0.210730059590626,0.8330979171114341,1.0,round numbers
2020,3,"crossed a $1,000 level downward in the last 3 minutes",2270,0.004418113095910034,0.5436123348017621,0.503914020015804,0.03987448476930999,0.013616827084440156,2.928324236038384,0.003407944532176632,0.9261992619926199,round numbers
2020,3,"approaching a $100 level from below (within 10 bp, rising)",28753,0.055962117113084235,0.48224533092199073,0.503914020015804,-0.02295319868684642,0.004151523181092294,-5.528861982846324,3.22314788192557e-08,0.07749077490774908,round numbers
2020,3,"approaching a $100 level from above (within 10 bp, falling)",25148,0.048945686403500235,0.5090663273421345,0.503914020015804,0.00541746906845586,0.003979401223906936,1.3613779469909908,0.17339428161055115,1.0,round numbers
2020,3,crossed a $100 level upward in the last 3 minutes,27492,0.05350782609372628,0.48374072457442163,0.503914020015804,-0.02131374774936068,0.0040443457553924695,-5.270011279560435,1.364153756622244e-07,0.1033210332103321,round numbers
2020,3,crossed a $100 level downward in the last 3 minutes,26658,0.05188460744967827,0.5450146297546703,0.503914020015804,0.043349796935909235,0.003672577746188543,11.803643089897365,0.0,0.0036900369003690036,round numbers
2020,3,10 minutes before funding settlement (00:00 UTC),3578,0.006963880465711939,0.505030743432085,0.503914020015804,0.0011245546806541995,0.011527372182444602,0.0975551637316629,0.9222855287685319,1.0,time
2020,3,10 minutes after funding settlement (00:00 UTC),3580,0.006967773076369128,0.47793296089385473,0.503914020015804,-0.026163359473677317,0.012601240631597527,-2.0762526673820405,0.03787058849065472,1.0,time
2020,3,10 minutes before funding settlement (08:00 UTC),3570,0.006948310023083181,0.5019607843137255,0.503914020015804,-0.001966902349387234,0.011058078298883058,-0.17787017745984893,0.858824932279912,1.0,time
2020,3,10 minutes after funding settlement (08:00 UTC),3580,0.006967773076369128,0.5019553072625699,0.503914020015804,-0.0019724563817048457,0.012587862724939215,-0.15669509787368374,0.8754851506853327,1.0,time
2020,3,10 minutes before funding settlement (16:00 UTC),3560,0.006928846969797234,0.5224719101123596,0.503914020015804,0.018687372037672345,0.010820093641333187,1.7270989195773538,0.08414989962211061,1.0,time
2020,3,10 minutes after funding settlement (16:00 UTC),3560,0.006928846969797234,0.4974719101123595,0.503914020015804,-0.006487057733765955,0.010546977356783277,-0.6150632085688333,0.5385129780596825,1.0,time
2020,3,10 minutes after the US equity open (13:30 UTC),3570,0.006948310023083181,0.49411764705882355,0.503914020015804,-0.00986491746185758,0.011771078907584666,-0.838063999001922,0.4019947607513621,1.0,time
2020,3,10 minutes after the US equity close (20:00 UTC),3580,0.006967773076369128,0.4930167597765363,0.503914020015804,-0.01097372264848534,0.011208188081788346,-0.9790808798360568,0.32754001814187195,1.0,time
2020,3,10 minutes after the London open (07:00 UTC),3570,0.006948310023083181,0.49327731092436977,0.503914020015804,-0.010711133366765102,0.012761406135419283,-0.8393380206775451,0.4012796533199252,1.0,time
2020,3,last 5 minutes of the hour,42818,0.0833369015597691,0.5139660890279789,0.503914020015804,0.010965936153947142,0.0039843537538709626,2.7522496322755696,0.005918738458535078,0.981549815498155,time
2020,3,first 5 minutes of the hour,42820,0.08334079417042628,0.49591312470808036,0.503914020015804,-0.00872832046723715,0.0035323689361918763,-2.4709538060446334,0.013475322411641066,0.996309963099631,time
2020,3,last 5 minutes of a 4-hour block,10693,0.020811842878663434,0.5122042457682596,0.503914020015804,0.008466427715820846,0.006555493975722601,1.2915011053591283,0.19652997206610068,1.0,time
2020,3,first 5 minutes of a 4-hour block,10710,0.020844930069249545,0.4977591036414566,0.503914020015804,-0.006285946489336669,0.006765656444920852,-0.92909631763163,0.3528391726668674,1.0,time
2020,3,last 5 minutes of the UTC day,1788,0.0034799939275273746,0.5151006711409396,0.503914020015804,0.011225716550563702,0.016722804542385256,0.6712819325317859,0.5020409422440375,1.0,time
2020,3,first 5 minutes of the UTC day,1790,0.003483886538184564,0.4441340782122905,0.503914020015804,-0.059988936451657426,0.017057603356088705,-3.5168443772169433,0.0004367097436828171,0.45018450184501846,time
2020,3,Saturday or Sunday,145233,0.28266776178779823,0.5029435458883311,0.503914020015804,-0.0013528935070471482,0.0023290255321879293,-0.5808839312191718,0.5613186828921348,1.0,time
2020,3,first hour of the week (Monday 00:00 to 01:00 UTC),3000,0.005838915985784186,0.5096666666666667,0.503914020015804,0.005786433147870529,0.01258115422782817,0.4599286395417963,0.645567442492575,1.0,time
2020,3,volume climax at a new 1h high (hour's largest volume),3708,0.007216900158429254,0.47303128371089537,0.503914020015804,-0.031107234107668524,0.009883647339916745,-3.1473435906638243,0.0016476122807731475,0.7564575645756457,volume and flow
2020,3,volume climax at a new 1h low (hour's largest volume),3791,0.007378443500702616,0.5935109469796888,0.503914020015804,0.09026292687000315,0.008830599128062026,10.221608473106214,0.0,0.0036900369003690036,volume and flow
2020,3,"absorption: heavy taker selling in the last 5 minutes, price did not fall",9685,0.018849967107439948,0.4924109447599381,0.503914020015804,-0.011724073658697542,0.006343287974634132,-1.8482644498531953,0.06456409587974932,1.0,volume and flow
2020,3,"absorption: heavy taker buying in the last 5 minutes, price did not rise",5178,0.010077968991463505,0.5251062186172267,0.503914020015804,0.021407947229775237,0.008436811373095064,2.537445283895411,0.011166482210760664,0.992619926199262,volume and flow
2020,3,delta divergence: new 4h high with net taker selling over the hour,3235,0.006296297738003947,0.44945904173106643,0.503914020015804,-0.05480001549836244,0.01105701331931723,-4.956131815688754,7.191043940313335e-07,0.14760147601476015,volume and flow
2020,3,delta divergence: new 4h low with net taker buying over the hour,705,0.0013721452566592836,0.6085106382978723,0.503914020015804,0.10474033723899168,0.020119750542787012,5.205846713469387,1.9311401144861406e-07,0.11439114391143912,volume and flow
2020,3,taker buying above 70% of the last minute,57799,0.11249450168744672,0.49846883164068584,0.503914020015804,-0.006135385510817992,0.0025317460762503377,-2.4233810682565973,0.015376787320791507,1.0,volume and flow
2020,3,taker selling above 70% of the last minute,74621,0.14523524992506726,0.509400838905938,0.503914020015804,0.006419098225158404,0.002409460852937339,2.6641222318814495,0.007718950949335612,0.988929889298893,volume and flow
2020,3,bullish engulfing,39924,0.07770429393881595,0.49764552650035065,0.503914020015804,-0.0067966200799350895,0.0027020579522214496,-2.515349485508765,0.011891444050561084,0.992619926199262,candles
2020,3,bearish engulfing,40052,0.07795342102087607,0.5041196444621991,0.503914020015804,0.00022300874064606901,0.002562615020896795,0.08702389505546035,0.9306525186494927,1.0,candles
2020,3,pin bar at a new 1h high (long upper wick),2427,0.004723683032499406,0.4330449114132674,0.503914020015804,-0.07120546062872979,0.01061898456710806,-6.705486779713972,2.0073498419037605e-11,0.01107011070110701,candles
2020,3,pin bar at a new 1h low (long lower wick),2684,0.0052238835019482515,0.6020864381520119,0.503914020015804,0.09868795250313,0.009415821616246576,10.481077119478176,0.0,0.0036900369003690036,candles
2020,3,inside bar (last minute inside the previous one),104198,0.20280112262891353,0.5012764160540509,0.503914020015804,-0.0033085896588954666,0.0016576108495766678,-1.9959990366499092,0.04593402765631294,1.0,candles
2020,3,doji at a new 1h high,2253,0.004385025905323923,0.43364403018197956,0.503914020015804,-0.07057948269382125,0.010333617821015615,-6.830084479250125,8.486544800234697e-12,0.01107011070110701,candles
2020,3,doji at a new 1h low,1797,0.0034975106754847273,0.5904284919309961,0.503914020015804,0.08681811921396843,0.012320658366006002,7.046548701773015,1.8340884366807586e-12,0.01107011070110701,candles
2020,3,squeeze: last hour's range under 40% of the previous day's median hourly range,2646,0.005149923899461652,0.4969765684051398,0.503914020015804,-0.0069733639040935325,0.016200167817841372,-0.4304501028942251,0.666868255796377,1.0,volatility
2020,5,failed breakout above the 1h high,43368,0.08440769805680119,0.49469655045194616,0.5058584018435476,-0.012190853251946465,0.004344005854778489,-2.8063620675226058,0.005010435831386273,0.974169741697417,levels
2020,5,failed breakdown below the 1h low,41642,0.08104836198305929,0.5197877143268815,0.5058584018435476,0.0151578297563002,0.004187000809494797,3.6202118045754905,0.0002943619561168731,0.3837638376383764,levels
2020,5,wick rejection at the 1h high,13731,0.026724822496263078,0.43529240404923164,0.5058584018435476,-0.0725036448328048,0.005202404042077387,-13.936565527473558,0.0,0.0036900369003690036,levels
2020,5,wick rejection at the 1h low,11423,0.02223273231190832,0.5944147772038869,0.5058584018435476,0.0905699937877128,0.004935974779761625,18.348957972610776,0.0,0.0036900369003690036,levels
2020,5,failed breakout above the 4h high,18764,0.03652061534628799,0.4908335109784694,0.5058584018435476,-0.015594408250341862,0.00613812523983128,-2.5405816338101483,0.011066825522414225,0.992619926199262,levels
2020,5,failed breakdown below the 4h low,15446,0.03006274912805182,0.5301696232034183,0.5058584018435476,0.025064736237334517,0.0066559245429469675,3.765778304066664,0.00016603106743051654,0.3284132841328413,levels
2020,5,wick rejection at the 4h high,5659,0.011014184728450423,0.4317017140837604,0.5058584018435476,-0.07498255952177196,0.0075192778439171605,-9.972042671947586,0.0,0.0036900369003690036,levels
2020,5,wick rejection at the 4h low,3866,0.007524445690084703,0.6135540610450078,0.5058584018435476,0.10851215300344874,0.00923537683753034,11.749618333112469,0.0,0.0036900369003690036,levels
2020,5,failed breakout above the daily high,5955,0.011590293348281017,0.4935348446683459,0.5058584018435476,-0.012468065714316301,0.011753848330074089,-1.0607645567805035,0.2887969133686199,1.0,levels
2020,5,failed breakdown below the daily low,3456,0.006726457399103139,0.5269097222222222,0.5058584018435476,0.02119388011035861,0.013807250652175728,1.5349819195915666,0.12478826930201747,1.0,levels
2020,5,wick rejection at the daily high,1823,0.0035481284255107124,0.4459681843115743,0.5058584018435476,-0.06010347237076391,0.012066745296453622,-4.980918291896667,6.328325719007211e-07,0.13284132841328414,levels
2020,5,wick rejection at the daily low,908,0.0017672521175884405,0.5991189427312775,0.5058584018435476,0.09342564756121963,0.019086382513951203,4.894885004684889,9.83632290285641e-07,0.15129151291512916,levels
2020,5,"liquidity sweep of the 1h low (took it out, closed back above)",9923,0.019313262954658694,0.5951829083946387,0.5058584018435476,0.09108362862152308,0.005249070128006943,17.352336013865997,0.0,0.0036900369003690036,levels
2020,5,"liquidity sweep of the 1h high (took it out, closed back below)",11234,0.02186487917289487,0.4359978636282713,0.5058584018435476,-0.07142217545179508,0.00553486055626868,-12.9040604954182,0.0,0.0036900369003690036,levels
2020,5,retest from above of a 4h high broken in the last hour,7787,0.015155938589935226,0.4846539103634262,0.5058584018435476,-0.021530811131420635,0.00814858623150266,-2.6422756684075974,0.008235099864850604,0.988929889298893,levels
2020,5,retest from below of a 4h low broken in the last hour,5646,0.010988882660687593,0.5267445979454481,0.5058584018435476,0.02111826220729418,0.00916372210717974,2.304550701155386,0.02119174969337001,1.0,levels
2020,5,acceptance above the 4h high (last 5 closes all above it),15541,0.03024764885401096,0.4665079467215752,0.5058584018435476,-0.040577839358131584,0.006465101852747112,-6.276442395240764,3.4640756929604777e-10,0.02952029520295203,levels
2020,5,acceptance below the 4h low (last 5 closes all below it),8731,0.016993257972097657,0.5708395372809529,0.5058584018435476,0.06610446567574091,0.008689004464259182,7.607829636600023,2.7977620220553945e-14,0.007380073800738007,levels
2020,5,"support held (4h low tested within 3 bp, no close below, price now 3+ bp above)",9986,0.019435880667663177,0.5251351892649709,0.5058584018435476,0.019658874969388895,0.007951904049204506,2.4722223567769954,0.01342759692625517,0.996309963099631,levels
2020,5,"resistance held (4h high tested within 3 bp, no close above, price now 3+ bp below)",15353,0.029881742027902343,0.48687552921253174,0.5058584018435476,-0.01956758619376675,0.006804421363260855,-2.8757164127750983,0.004031117024918096,0.9630996309963099,levels
2020,5,"resistance flipped to support (4h high broken, retested within 5 bp, last 3 closes above)",542,0.0010549015944195316,0.5166051660516605,0.5058584018435476,0.010758112958625943,0.02983868949775886,0.360542407850518,0.7184415490882987,1.0,levels
2020,5,"repeated rejection at the 4h high (2+ touches in 30 minutes, no close above)",9703,0.018885074115595417,0.5134494486241369,0.5058584018435476,0.007737163690325621,0.008806530647950403,0.8785711422155033,0.3796338483277255,1.0,levels
2020,5,"repeated rejection at the 4h low (2+ touches in 30 minutes, no close below)",6287,0.0122364692326856,0.5126451407666613,0.5058584018435476,0.0068708134201327375,0.01079717087500812,0.6363531243204087,0.5245462864735013,1.0,levels
2020,5,rejecting the ups (3+ up-minutes undone by the next minute in the last 15),106581,0.20743997571001493,0.5217534082059654,0.5058584018435476,0.020055271367815153,0.0027140992202160487,7.389291894133003,1.4765966227514582e-13,0.007380073800738007,levels
2020,5,rejecting the downs (3+ down-minutes undone by the next minute in the last 15),110028,0.21414891629297458,0.48602173992074743,0.5058584018435476,-0.025242265785556273,0.0028955640321299395,-8.717564352043835,0.0,0.0036900369003690036,levels
2020,5,lower highs (three successive 10-minute highs declining),146436,0.2850102765321375,0.5450777131306509,0.5058584018435476,0.05485297200759859,0.0024674501505853323,22.230630270113576,0.0,0.0036900369003690036,levels
2020,5,higher lows (three successive 10-minute lows rising),155139,0.30194903774289983,0.47083583109340654,0.5058584018435476,-0.05017193964878719,0.00242058907731753,-20.727161053038866,0.0,0.0036900369003690036,levels
2020,5,approaching the previous day's high from below (within 10 bp),5406,0.010521767563527653,0.510913799482057,0.5058584018435476,0.005109154979651254,0.01092725470075998,0.46756071122748855,0.6400987666698046,1.0,levels
2020,5,approaching the previous day's low from above (within 10 bp),3133,0.006097798330842053,0.4985636769869135,0.5058584018435476,-0.007339479522616377,0.014637793604414698,-0.5014061354439934,0.6160853226821479,1.0,levels
2020,5,broke above the previous day's high in the last 5 minutes,3294,0.00641115470852018,0.46751669702489373,0.5058584018435476,-0.03858910554436212,0.013701180921241193,-2.8164802556936333,0.00485530272234147,0.974169741697417,levels
2020,5,broke below the previous day's low in the last 5 minutes,1958,0.003810880667663179,0.5725229826353422,0.5058584018435476,0.06691960341473546,0.012546824594810149,5.333588822339638,9.629042851955205e-08,0.09225092250922509,levels
2020,5,crossed above the daily open in the last 5 minutes,8368,0.01628674638764325,0.4702437858508604,0.5058584018435476,-0.036204265686066994,0.008290278294263305,-4.367074831627736,1.2592159477353704e-05,0.18081180811808117,levels
2020,5,crossed below the daily open in the last 5 minutes,8208,0.015975336322869956,0.5300925925925926,0.5058584018435476,0.024627625346793636,0.008427784548820979,2.9221944633407797,0.0034757445389683728,0.9261992619926199,levels
2020,5,reclaimed the session VWAP in the last 5 minutes after 30+ minutes below,4119,0.008016862855007474,0.4170915270696771,0.5058584018435476,-0.08948425779630553,0.011711630175931274,-7.6406321282417045,2.1538326677728037e-14,0.007380073800738007,levels
2020,5,lost the session VWAP in the last 5 minutes after 30+ minutes above,4123,0.008024648106626807,0.5656075673053602,0.5058584018435476,0.060232510160428854,0.011465489403841959,5.253374543283395,1.4933741154798952e-07,0.1033210332103321,levels
2020,5,"approaching a $1,000 level from below (within 10 bp, rising)",2051,0.003991887767812656,0.47976596782057535,0.5058584018435476,-0.026197009544927874,0.015622320423489365,-1.6768961866598668,0.0935627839740436,1.0,round numbers
2020,5,"approaching a $1,000 level from above (within 10 bp, falling)",1626,0.003164704783258595,0.4747847478474785,0.5058584018435476,-0.031172305139248513,0.017464005139162058,-1.784945944006072,0.07427008537317015,1.0,round numbers
2020,5,"crossed a $1,000 level upward in the last 3 minutes",2318,0.004511553313403089,0.49611734253666956,0.5058584018435476,-0.00978520578445724,0.013558140051077992,-0.7217218399863947,0.4704655117317782,1.0,round numbers
2020,5,"crossed a $1,000 level downward in the last 3 minutes",2270,0.004418130293971101,0.5607929515418503,0.5058584018435476,0.05517833477072409,0.015655633773129698,3.5245034196845206,0.00042427733831051917,0.45018450184501846,round numbers
2020,5,"approaching a $100 level from below (within 10 bp, rising)",28751,0.055958442326856005,0.48053980731105006,0.5058584018435476,-0.026819364387837274,0.004977696831061168,-5.387906354698544,7.128317447424593e-08,0.09225092250922509,round numbers
2020,5,"approaching a $100 level from above (within 10 bp, falling)",25148,0.0489458769307424,0.5153888977254653,0.5058584018435476,0.01002098161475884,0.004631643830194202,2.1635907211670604,0.03049577429074013,1.0,round numbers
2020,5,crossed a $100 level upward in the last 3 minutes,27492,0.05350803437967115,0.479957805907173,0.5058584018435476,-0.027364834438292795,0.00407822555933659,-6.709985517020856,1.9464430067728244e-11,0.01107011070110701,round numbers
2020,5,crossed a $100 level downward in the last 3 minutes,26658,0.05188480941704036,0.5518793607922575,0.5058584018435476,0.04853941736806622,0.004239959573691903,11.448084946197023,0.0,0.0036900369003690036,round numbers
2020,5,10 minutes before funding settlement (00:00 UTC),3576,0.0069600149476831095,0.49384787472035796,0.5058584018435476,-0.012094706460945681,0.014140148814276065,-0.8553450617672934,0.3923601480115557,1.0,time
2020,5,10 minutes after funding settlement (00:00 UTC),3580,0.006967800199302441,0.473463687150838,0.5058584018435476,-0.03262201839901191,0.015520242581991903,-2.101901321881602,0.03556192073897546,1.0,time
2020,5,10 minutes before funding settlement (08:00 UTC),3570,0.00694833707025411,0.4980392156862745,0.5058584018435476,-0.007873896645220424,0.013969664269090794,-0.5636425109114588,0.5729974494245362,1.0,time
2020,5,10 minutes after funding settlement (08:00 UTC),3580,0.006967800199302441,0.5106145251396648,0.5058584018435476,0.004789495544124112,0.01527929614813057,0.31346310050480364,0.7539288505724495,1.0,time
2020,5,10 minutes before funding settlement (16:00 UTC),3560,0.0069288739412057794,0.5188202247191012,0.5058584018435476,0.013052260342111821,0.013180663338138577,0.9902582295949235,0.3220479175126534,1.0,time
2020,5,10 minutes after funding settlement (16:00 UTC),3560,0.0069288739412057794,0.5109550561797753,0.5058584018435476,0.0051322148056552885,0.013414803782865177,0.382578447566315,0.702032353009896,1.0,time
2020,5,10 minutes after the US equity open (13:30 UTC),3570,0.00694833707025411,0.48935574229691875,0.5058584018435476,-0.01661812790075995,0.013992208459830926,-1.1876701200148325,0.23496340021246498,1.0,time
2020,5,10 minutes after the US equity close (20:00 UTC),3580,0.006967800199302441,0.49385474860335193,0.5058584018435476,-0.012087879167065052,0.014112135533218929,-0.8565591748046264,0.39168855622511023,1.0,time
2020,5,10 minutes after the London open (07:00 UTC),3570,0.00694833707025411,0.4935574229691877,0.5058584018435476,-0.012387048260982692,0.015094220172520323,-0.8206484415494247,0.41184654662210374,1.0,time
2020,5,last 5 minutes of the hour,42816,0.08333333333333333,0.5168161434977578,0.5058584018435476,0.011953899986411165,0.0048913615165353894,2.4438798780259154,0.014530263540724064,0.996309963099631,time
2020,5,first 5 minutes of the hour,42820,0.08334111858495266,0.4966837926202709,0.5058584018435476,-0.010008749611539025,0.004122247724519046,-2.427983537235568,0.015183032448720324,1.0,time
2020,5,last 5 minutes of a 4-hour block,10691,0.020808031265570504,0.5148255542044711,0.5058584018435476,0.009157706197808424,0.007737334472311945,1.1835737786157856,0.2365818252241021,1.0,time
2020,5,first 5 minutes of a 4-hour block,10710,0.02084501121076233,0.49607843137254903,0.5058584018435476,-0.009988174071493883,0.008177639541553367,-1.2214006279856888,0.22193436954963053,1.0,time
2020,5,last 5 minutes of the UTC day,1786,0.0034761148480318884,0.503919372900336,0.5058584018435476,-0.0019457927422541488,0.01913744023754609,-0.10167466067048314,0.919014915747352,1.0,time
2020,5,first 5 minutes of the UTC day,1790,0.0034839000996512207,0.435195530726257,0.5058584018435476,-0.07090991417434883,0.019758345320149206,-3.5888589365849466,0.00033212848311148235,0.42435424354243545,time
2020,5,Saturday or Sunday,145233,0.2826688621076233,0.5038730866951726,0.5058584018435476,-0.002767641112315422,0.0028482696947833928,-0.9716920828755641,0.3312037566322672,1.0,time
2020,5,first hour of the week (Monday 00:00 to 01:00 UTC),3000,0.005838938714499252,0.515,0.5058584018435476,0.009195288884712327,0.018011515461705558,0.5105227766237945,0.6096852618200264,1.0,time
2020,5,volume climax at a new 1h high (hour's largest volume),3708,0.007216928251121076,0.4665587918015103,0.5058584018435476,-0.039585294270587656,0.009559616196819432,-4.140887401291072,3.45964769252749e-05,0.1992619926199262,volume and flow
2020,5,volume climax at a new 1h low (hour's largest volume),3791,0.007378472222222222,0.606963861777895,0.5058584018435476,0.10185700904623363,0.008466793109505362,12.030175738188577,0.0,0.0036900369003690036,volume and flow
2020,5,"absorption: heavy taker selling in the last 5 minutes, price did not fall",9685,0.01885004048330842,0.4862157976251936,0.5058584018435476,-0.020019981683564225,0.007129202836455357,-2.8081655330651487,0.004982460867818395,0.974169741697417,volume and flow
2020,5,"absorption: heavy taker buying in the last 5 minutes, price did not rise",5178,0.01007800822122571,0.5326380842023948,0.5058584018435476,0.02705231582008516,0.009242963380461842,2.9268011466181356,0.0034246777157416197,0.9261992619926199,volume and flow
2020,5,delta divergence: new 4h high with net taker selling over the hour,3235,0.006296322247135028,0.43060278207109737,0.5058584018435476,-0.07573245571821896,0.011709737127188678,-6.467477014695472,9.965273051193435e-11,0.025830258302583026,volume and flow
2020,5,delta divergence: new 4h low with net taker buying over the hour,705,0.0013721505979073243,0.6397163120567376,0.5058584018435476,0.1340418357983253,0.02363392531951987,5.671585823604879,1.4148169302785618e-08,0.055350553505535055,volume and flow
2020,5,taker buying above 70% of the last minute,57799,0.11249493958644743,0.49531998823509055,0.5058584018435476,-0.01187420114939558,0.002338246104400967,-5.078251227296547,3.8092478571449817e-07,0.12546125461254612,volume and flow
2020,5,taker selling above 70% of the last minute,74621,0.14523581527154958,0.5128985138231865,0.5058584018435476,0.008236320736666691,0.0023503110061550334,3.5043535579322387,0.00045771723080934024,0.46494464944649444,volume and flow
2020,5,bullish engulfing,39924,0.07770459641255606,0.4941138162508767,0.5058584018435476,-0.012734082320033369,0.002658489330729899,-4.789969315595174,1.6680681913516793e-06,0.15498154981549817,candles
2020,5,bearish engulfing,40052,0.0779537244643747,0.5167532208129432,0.5058584018435476,0.011815913429146119,0.002573389493049019,4.591575997750079,4.3991139362375975e-06,0.16605166051660517,candles
2020,5,pin bar at a new 1h high (long upper wick),2427,0.004723701420029896,0.43510506798516685,0.5058584018435476,-0.07108913771917352,0.010348542169193066,-6.869483310489978,6.4435123903194835e-12,0.01107011070110701,candles
2020,5,pin bar at a new 1h low (long lower wick),2684,0.005223903836571998,0.6218330849478391,0.5058584018435476,0.11658370516900562,0.010036816219734419,11.615606245711502,0.0,0.0036900369003690036,candles
2020,5,inside bar (last minute inside the previous one),104198,0.2028019120577977,0.5035413347665022,0.5058584018435476,-0.002906513590651416,0.0015173324628560813,-1.915541690303306,0.055423457681891275,1.0,candles
2020,5,doji at a new 1h high,2253,0.004385042974588939,0.4309809143364403,0.5058584018435476,-0.07520727463839832,0.010765900150331863,-6.985693122565328,2.8346214264729497e-12,0.01107011070110701,candles
2020,5,doji at a new 1h low,1797,0.003497524289985052,0.5993322203672788,0.5058584018435476,0.09380189292267493,0.011330226866285783,8.278906859472672,2.220446049250313e-16,0.0036900369003690036,candles
2020,5,squeeze: last hour's range under 40% of the previous day's median hourly range,2646,0.005149943946188341,0.4973544973544973,0.5058584018435476,-0.008547925827920189,0.0205279731371807,-0.4164037906128202,0.6771145551439051,1.0,volatility
2020,10,failed breakout above the 1h high,43368,0.08440851948375494,0.4687096476664822,0.5080393236886103,-0.0429554849068195,0.005482101771134742,-7.835586915404551,4.6629367034256575e-15,0.007380073800738007,levels
2020,10,failed breakdown below the 1h low,41637,0.0810394190588707,0.5486946706054711,0.5080393236886103,0.044240577626544875,0.005104023482615851,8.66778489112108,0.0,0.0036900369003690036,levels
2020,10,wick rejection at the 1h high,13731,0.026725082573128552,0.43704027383293276,0.5080393236886103,-0.07294860741236775,0.0055272674275412695,-13.197951495684723,0.0,0.0036900369003690036,levels
2020,10,wick rejection at the 1h low,11423,0.022232948673282897,0.6090344042720827,0.5080393236886103,0.10329155645655452,0.005257874697953228,19.6451156389793,0.0,0.0036900369003690036,levels
2020,10,failed breakout above the 4h high,18764,0.036520970752471356,0.4673843530164144,0.5080393236886103,-0.042196009916217025,0.00788426394587457,-5.351927612506685,8.702221210299399e-08,0.09225092250922509,levels
2020,10,failed breakdown below the 4h low,15441,0.030053310029253367,0.5630464348163979,0.5080393236886103,0.05671147878183558,0.00869132212560175,6.52506925439829,6.797007401360133e-11,0.02214022140221402,levels
2020,10,wick rejection at the 4h high,5659,0.01101429191474288,0.42710726276727334,0.5080393236886103,-0.08183339785367255,0.00826983717408078,-9.895406176817334,0.0,0.0036900369003690036,levels
2020,10,wick rejection at the 4h low,3866,0.007524518915426042,0.6267459906880497,0.5080393236886103,0.11960664949598265,0.00969572049551989,12.336024904105827,0.0,0.0036900369003690036,levels
2020,10,failed breakout above the daily high,5955,0.01159040614106624,0.47825356842989086,0.5080393236886103,-0.03013503252475558,0.014611381812252106,-2.0624354980229453,0.03916629260483662,1.0,levels
2020,10,failed breakdown below the daily low,3456,0.006726522858694362,0.5509259259259259,0.5080393236886103,0.043177033540395704,0.017986227575190583,2.400560838002084,0.016369969341170743,1.0,levels
2020,10,wick rejection at the daily high,1823,0.003548162954687448,0.44048272078990675,0.5080393236886103,-0.06779715826408922,0.015128113677698314,-4.481534162718184,7.410836686316813e-06,0.16974169741697417,levels
2020,10,wick rejection at the daily low,908,0.0017672693158838197,0.6189427312775331,0.5080393236886103,0.11109975076945999,0.021767763672911875,5.103866085596756,3.3278380562329346e-07,0.12546125461254612,levels
2020,10,"liquidity sweep of the 1h low (took it out, closed back above)",9923,0.01931345090475236,0.6099969767207498,0.5080393236886103,0.10396558729820726,0.005467962305435054,19.013588882071733,0.0,0.0036900369003690036,levels
2020,10,"liquidity sweep of the 1h high (took it out, closed back below)",11234,0.021865091954448048,0.4382232508456471,0.5080393236886103,-0.07137673164376196,0.005827945736537012,-12.24732261940625,0.0,0.0036900369003690036,levels
2020,10,retest from above of a 4h high broken in the last hour,7787,0.015156086082364871,0.47720559907538207,0.5080393236886103,-0.03130823491671275,0.008994795870989461,-3.4807054396520427,0.0005000951403504317,0.4907749077490775,levels
2020,10,retest from below of a 4h low broken in the last hour,5646,0.010988989600748948,0.5322352107686857,0.5080393236886103,0.024464729740782065,0.009943210913574132,2.460445619974092,0.013876459942831154,0.996309963099631,levels
2020,10,acceptance above the 4h high (last 5 closes all above it),15541,0.03024794321382207,0.4487484717843125,0.5080393236886103,-0.061140217738533675,0.008207629154960398,-7.4491934984151555,9.392486788328824e-14,0.007380073800738007,levels
2020,10,acceptance below the 4h low (last 5 closes all below it),8731,0.016993423344693424,0.5819493757874241,0.5080393236886103,0.0751877493539197,0.011015249568749906,6.8257871857235255,8.744338586552658e-12,0.01107011070110701,levels
2020,10,"support held (4h low tested within 3 bp, no close below, price now 3+ bp above)",9986,0.019436069811030642,0.5578810334468256,0.5080393236886103,0.05082963815384289,0.010356619105097869,4.907937391346455,9.203922424205757e-07,0.15129151291512916,levels
2020,10,"resistance held (4h high tested within 3 bp, no close above, price now 3+ bp below)",15353,0.02988203282683291,0.4804924119064678,0.5080393236886103,-0.02839542479809093,0.00910934874982372,-3.1171739690656177,0.0018259378691825034,0.7933579335793358,levels
2020,10,"resistance flipped to support (4h high broken, retested within 5 bp, last 3 closes above)",542,0.0010549118603623681,0.4575645756457565,0.5080393236886103,-0.050528050682800085,0.03320626864224501,-1.5216419293349421,0.1280988254384292,1.0,levels
2020,10,"repeated rejection at the 4h high (2+ touches in 30 minutes, no close above)",9703,0.018885257898701213,0.5166443368030506,0.5080393236886103,0.008770649084337001,0.012138038752264746,0.7225754723101828,0.4699407418432642,1.0,levels
2020,10,"repeated rejection at the 4h low (2+ touches in 30 minutes, no close below)",6287,0.012236588313834331,0.5431843486559568,0.5080393236886103,0.035580407769257305,0.012986741622667322,2.7397486454303936,0.006148618696155239,0.985239852398524,levels
2020,10,rejecting the ups (3+ up-minutes undone by the next minute in the last 15),106581,0.20744199444516892,0.5246432290933656,0.5080393236886103,0.02094976681628713,0.003499637620308983,5.986267462297275,2.147111821670933e-09,0.04059040590405904,levels
2020,10,rejecting the downs (3+ down-minutes undone by the next minute in the last 15),110025,0.21414516132171502,0.4908429902294933,0.5080393236886103,-0.021882328151136887,0.003906003760976695,-5.60222915547455,2.1161253638268818e-08,0.05904059040590406,levels
2020,10,lower highs (three successive 10-minute highs declining),146432,0.2850052648276426,0.5591195913461539,0.5080393236886103,0.07144145983848416,0.0031834966231630295,22.44119227853994,0.0,0.0036900369003690036,levels
2020,10,higher lows (three successive 10-minute lows rising),155139,0.30195197620803954,0.46179232817022153,0.5080393236886103,-0.06625188230913426,0.0030078082080423956,-22.026631263252547,0.0,0.0036900369003690036,levels
2020,10,approaching the previous day's high from below (within 10 bp),5404,0.010517977294092689,0.5284974093264249,0.5080393236886103,0.020675550609669968,0.01499288816127133,1.3790238670010044,0.16788739530750263,1.0,levels
2020,10,approaching the previous day's low from above (within 10 bp),3133,0.006097857672537452,0.49249920204277053,0.5080393236886103,-0.01563546448290043,0.01680811245698746,-0.9302332146403782,0.35225034811810274,1.0,levels
2020,10,broke above the previous day's high in the last 5 minutes,3294,0.006411217099693063,0.4981785063752277,0.5080393236886103,-0.009924445085419176,0.014860650922149155,-0.6678338073756394,0.5042396837496199,1.0,levels
2020,10,broke below the previous day's low in the last 5 minutes,1958,0.0038109177538551966,0.5526046986721144,0.5080393236886103,0.044735859665336664,0.01814663236705751,2.465243068821293,0.01369203327166435,0.996309963099631,levels
2020,10,crossed above the daily open in the last 5 minutes,8367,0.016284958552863348,0.4854786661885981,0.5080393236886103,-0.022934139003123633,0.009123038280805027,-2.5138707409983487,0.011941419197693426,0.992619926199262,levels
2020,10,crossed below the daily open in the last 5 minutes,8208,0.01597549178939911,0.5260721247563352,0.5080393236886103,0.018325560915669392,0.009544681880301024,1.919976081496331,0.0548609206979398,1.0,levels
2020,10,reclaimed the session VWAP in the last 5 minutes after 30+ minutes below,4119,0.00801694087238486,0.4396698227725176,0.5080393236886103,-0.06892204487465664,0.012543458829298072,-5.4946602697553955,3.914632729085099e-08,0.07749077490774908,levels
2020,10,lost the session VWAP in the last 5 minutes after 30+ minutes above,4123,0.008024726199767608,0.5442638855202523,0.5080393236886103,0.03651760561819917,0.012808874246498635,2.8509613659593405,0.004358726510591326,0.966789667896679,levels
2020,10,"approaching a $1,000 level from below (within 10 bp, rising)",2049,0.0039880339518127165,0.46412884333821375,0.5080393236886103,-0.044086298003644775,0.022041364241740656,-2.0001619464260156,0.045482779440005006,1.0,round numbers
2020,10,"approaching a $1,000 level from above (within 10 bp, falling)",1626,0.0031647355810871043,0.477859778597786,0.5080393236886103,-0.03027535859540126,0.018752895198548024,-1.6144365056626233,0.1064327787622894,1.0,round numbers
2020,10,"crossed a $1,000 level upward in the last 3 minutes",2318,0.004511597218302526,0.4913718723037101,0.5080393236886103,-0.016742989007532627,0.017666064465818136,-0.9477486646744917,0.3432574200948546,1.0,round numbers
2020,10,"crossed a $1,000 level downward in the last 3 minutes",2270,0.004418173289709549,0.5462555066079295,0.5080393236886103,0.038385777938110155,0.016101556408756854,2.3839793473153934,0.017126563496878466,1.0,round numbers
2020,10,"approaching a $100 level from below (within 10 bp, rising)",28749,0.05595509423165631,0.4861734321193781,0.5080393236886103,-0.023161918925282354,0.0054753163728771615,-4.230243030342238,2.3343897341820963e-05,0.1918819188191882,round numbers
2020,10,"approaching a $100 level from above (within 10 bp, falling)",25148,0.048946353255337326,0.5114522029584858,0.5080393236886103,0.0035885244555419193,0.005501438809788523,0.6522883521228992,0.5142151727064728,1.0,round numbers
2020,10,crossed a $100 level upward in the last 3 minutes,27491,0.05350660876978203,0.48637735986322794,0.5080393236886103,-0.02288654524806233,0.004170542939234287,-5.487665654454167,4.072800141585731e-08,0.07749077490774908,round numbers
2020,10,crossed a $100 level downward in the last 3 minutes,26658,0.05188531434232474,0.5449396053717458,0.5080393236886103,0.03891963940790455,0.004374668664941743,8.89659135097557,0.0,0.0036900369003690036,round numbers
2020,10,10 minutes before funding settlement (00:00 UTC),3571,0.006950351020948369,0.47717726127135257,0.5080393236886103,-0.031078065884205086,0.01884699817268729,-1.6489663552492315,0.09915452761943144,1.0,time
2020,10,10 minutes after funding settlement (00:00 UTC),3580,0.006967868007559553,0.47849162011173185,0.5080393236886103,-0.029755032717413976,0.019170198320510732,-1.5521504900436127,0.1206262193651686,1.0,time
2020,10,10 minutes before funding settlement (08:00 UTC),3570,0.006948404689102683,0.49327731092436977,0.5080393236886103,-0.014865302904648048,0.018701880133463713,-0.7948560678693054,0.4266972319753548,1.0,time
2020,10,10 minutes after funding settlement (08:00 UTC),3580,0.006967868007559553,0.5164804469273743,0.5080393236886103,0.008500352573514003,0.018819765510978522,0.45167154545869964,0.6515056199104425,1.0,time
2020,10,10 minutes before funding settlement (16:00 UTC),3560,0.006928941370645813,0.5275280898876404,0.5080393236886103,0.01962474490589705,0.01700162203332174,1.1542866243840861,0.24838267838322237,1.0,time
2020,10,10 minutes after funding settlement (16:00 UTC),3560,0.006928941370645813,0.5219101123595505,0.5080393236886103,0.013967569138591984,0.018319676634852795,0.7624353539089758,0.44580021249166313,1.0,time
2020,10,10 minutes after the US equity open (13:30 UTC),3570,0.006948404689102683,0.48515406162464986,0.5080393236886103,-0.023045390765215668,0.01867037202274652,-1.2343294893716614,0.21708015158278204,1.0,time
2020,10,10 minutes after the US equity close (20:00 UTC),3580,0.006967868007559553,0.49748603351955306,0.5080393236886103,-0.010627340071950042,0.017837305547489243,-0.5957929040154797,0.5513135847470416,1.0,time
2020,10,10 minutes after the London open (07:00 UTC),3570,0.006948404689102683,0.5170868347338936,0.5080393236886103,0.009110816686670575,0.018453235845124406,0.4937246108561375,0.6215006817530826,1.0,time
2020,10,last 5 minutes of the hour,42815,0.08333219797309002,0.5088637159873876,0.5080393236886103,0.0008993359393167921,0.005116633395280811,0.17576712456012,0.860476898293463,1.0,time
2020,10,first 5 minutes of the hour,42820,0.08334192963231846,0.49820177487155537,0.5080393236886103,-0.01073197207886789,0.0044902179405408894,-2.390078214683522,0.01684478505832465,1.0,time
2020,10,last 5 minutes of a 4-hour block,10690,0.020806287430394307,0.5024321796071094,0.5080393236886103,-0.005726286851645113,0.009641608464280757,-0.5939140624574492,0.5525695929680801,1.0,time
2020,10,first 5 minutes of a 4-hour block,10710,0.02084521406730805,0.4939309056956116,0.5080393236886103,-0.014408771928290931,0.00902635160742615,-1.596300759704127,0.11042166057263669,1.0,time
2020,10,last 5 minutes of the UTC day,1785,0.0034742023445513415,0.45546218487394957,0.5080393236886103,-0.052760439256424874,0.022543175362067014,-2.3404173728428646,0.01926220013648594,1.0,time
2020,10,first 5 minutes of the UTC day,1790,0.0034839340037797766,0.45363128491620114,0.5080393236886103,-0.05459825549126224,0.0217699296947106,-2.50796655096814,0.012142816116518018,0.992619926199262,time
2020,10,Saturday or Sunday,145233,0.28267161294466386,0.504802627502014,0.5080393236886103,-0.004512154049671757,0.003789415119760677,-1.1907257207430801,0.23376127719772777,1.0,time
2020,10,first hour of the week (Monday 00:00 to 01:00 UTC),3000,0.0058389955370610775,0.5423333333333333,0.5080393236886103,0.03449542829659591,0.024944370239986503,1.38289433506318,0.16669726757430015,1.0,time
2020,10,volume climax at a new 1h high (hour's largest volume),3708,0.007216998483807492,0.46548004314994607,0.5080393236886103,-0.04286866361900543,0.009351763353403968,-4.584019291228277,4.561221281784711e-06,0.16605166051660517,volume and flow
2020,10,volume climax at a new 1h low (hour's largest volume),3791,0.007378544026999515,0.6022157742020575,0.5080393236886103,0.0948765009528556,0.00865192851481934,10.965936760844436,0.0,0.0036900369003690036,volume and flow
2020,10,"absorption: heavy taker selling in the last 5 minutes, price did not fall",9685,0.018850223925478846,0.4938564790913784,0.5080393236886103,-0.014455330820107748,0.0077271975444530554,-1.8707080719690494,0.0613855553726701,1.0,volume and flow
2020,10,"absorption: heavy taker buying in the last 5 minutes, price did not rise",5178,0.010078106296967421,0.537466203167246,0.5080393236886103,0.029726465962438442,0.010149498240889322,2.9288606448227474,0.003402069107017569,0.9261992619926199,volume and flow
2020,10,delta divergence: new 4h high with net taker selling over the hour,3235,0.006296383520797529,0.41947449768160744,0.5080393236886103,-0.08912599746873967,0.013648314561470667,-6.530183420621275,6.568923183181141e-11,0.02214022140221402,volume and flow
2020,10,delta divergence: new 4h low with net taker buying over the hour,705,0.0013721639512093533,0.6326241134751773,0.5080393236886103,0.12475597543876205,0.023237489178089252,5.368737322808314,7.928980405580432e-08,0.09225092250922509,volume and flow
2020,10,taker buying above 70% of the last minute,57799,0.11249603434886442,0.4952853855603038,0.5080393236886103,-0.014370570298183727,0.0025605464727239337,-5.612305986735784,1.996479981336563e-08,0.05904059040590406,volume and flow
2020,10,taker selling above 70% of the last minute,74619,0.1452333359933202,0.5136761414653105,0.5080393236886103,0.006594569037446929,0.0023899924553581102,2.7592426171315325,0.005793550472793063,0.981549815498155,volume and flow
2020,10,bullish engulfing,39923,0.07770340627536314,0.4925481551987576,0.5080393236886103,-0.016796298062093595,0.002544531701609995,-6.60093880986671,4.085620730620576e-11,0.01107011070110701,candles
2020,10,bearish engulfing,40052,0.07795448308345676,0.5215220213722161,0.5080393236886103,0.014622594477433193,0.0025176540208381483,5.808023801683921,6.321453138724564e-09,0.04059040590405904,candles
2020,10,pin bar at a new 1h high (long upper wick),2427,0.004723747389482412,0.44252163164400493,0.5080393236886103,-0.06582864995799753,0.010631941500559568,-6.191592566092742,5.955933524148804e-10,0.02952029520295203,candles
2020,10,pin bar at a new 1h low (long lower wick),2684,0.005223954673823978,0.6188524590163934,0.5080393236886103,0.1113950580619869,0.009813734112155878,11.350935004852671,0.0,0.0036900369003690036,candles
2020,10,inside bar (last minute inside the previous one),104197,0.20280193932505106,0.506713245103026,0.5080393236886103,-0.0016634242492531426,0.0016907984881973884,-0.9838098749582924,0.32520900305829636,1.0,candles
2020,10,doji at a new 1h high,2253,0.0043850856483328695,0.4456280514869064,0.5080393236886103,-0.06268615636633507,0.010858969495006488,-5.772753703301347,7.798639511946703e-09,0.04797047970479705,candles
2020,10,doji at a new 1h low,1797,0.003497558326699586,0.6254869226488592,0.5080393236886103,0.11785982055702149,0.01139914899889514,10.339352575218117,0.0,0.0036900369003690036,candles
2020,10,squeeze: last hour's range under 40% of the previous day's median hourly range,2646,0.005149994063687871,0.49017384731670444,0.5080393236886103,-0.017957959758055808,0.024457619529411934,-0.7342480627135504,0.4627975656406207,1.0,volatility
2020,15,failed breakout above the 1h high,43368,0.08440934092669654,0.46179210477771626,0.5092665760964767,-0.05185119665463911,0.005818867278581912,-8.910874603635145,0.0,0.0036900369003690036,levels
2020,15,failed breakdown below the 1h low,41635,0.08103631501298215,0.5645010207757896,0.5092665760964767,0.06010514406789991,0.005383548413092276,11.164596183760498,0.0,0.0036900369003690036,levels
2020,15,wick rejection at the 1h high,13731,0.026725342655056036,0.42830092491442723,0.5092665760964767,-0.08318890312311294,0.005818367603191208,-14.297636175047828,0.0,0.0036900369003690036,levels
2020,15,wick rejection at the 1h low,11422,0.022231218688081717,0.6036596042724567,0.5092665760964767,0.09653921252152109,0.005896287384070654,16.37288114251866,0.0,0.0036900369003690036,levels
2020,15,failed breakout above the 4h high,18764,0.03652132616557217,0.4618418247708378,0.5092665760964767,-0.04922241935765859,0.008638435022838748,-5.698071378382979,1.2117032266445449e-08,0.055350553505535055,levels
2020,15,failed breakdown below the 4h low,15437,0.030045817097523853,0.5777677009781693,0.5092665760964767,0.07062305219068277,0.009617267545056702,7.343359416779788,2.0827783941967937e-13,0.007380073800738007,levels
2020,15,wick rejection at the 4h high,5659,0.011014399103121558,0.4147375861459622,0.5092665760964767,-0.09558176566452464,0.00878123521498717,-10.884774558981482,0.0,0.0036900369003690036,levels
2020,15,wick rejection at the 4h low,3865,0.007522645791405693,0.6341526520051747,0.5092665760964767,0.12583267051799152,0.01094583670526409,11.495938949781323,0.0,0.0036900369003690036,levels
2020,15,failed breakout above the daily high,5955,0.011590518936046805,0.48547439126784214,0.5092665760964767,-0.024071182323164242,0.01656030880234101,-1.4535467067957981,0.14607202143261255,1.0,levels
2020,15,failed breakdown below the daily low,3456,0.006726588319559658,0.5662615740740741,0.5092665760964767,0.057380976181746424,0.01910615718672548,3.0032714386759785,0.002670940902698815,0.8745387453874539,levels
2020,15,wick rejection at the daily high,1823,0.003548197484536243,0.43664289632473946,0.5092665760964767,-0.07288228049606066,0.0155000866907623,-4.702056314271896,2.5755443859853955e-06,0.15867158671586715,levels
2020,15,wick rejection at the daily low,908,0.0017672865145139378,0.6343612334801763,0.5092665760964767,0.1253161268847942,0.022484447972492622,5.573458020321665,2.497318529748327e-08,0.07011070110701106,levels
2020,15,"liquidity sweep of the 1h low (took it out, closed back above)",9922,0.01931169250771728,0.6006853456964322,0.5092665760964767,0.09321898599334,0.005881811732523105,15.848685784669291,0.0,0.0036900369003690036,levels
2020,15,"liquidity sweep of the 1h high (took it out, closed back below)",11234,0.021865304740142706,0.4283425316004985,0.5092665760964767,-0.08273302735108423,0.0061311000134786995,-13.493994090653022,0.0,0.0036900369003690036,levels
2020,15,retest from above of a 4h high broken in the last hour,7787,0.015156233577665235,0.4587132400154103,0.5092665760964767,-0.051331325642353154,0.010800344998641936,-4.752748699120971,2.0066970305432363e-06,0.15498154981549817,levels
2020,15,retest from below of a 4h low broken in the last hour,5646,0.010989096542891732,0.5488841657810839,0.5092665760964767,0.040057788590725396,0.010308712162613566,3.885818903354612,0.00010198551478834972,0.26199261992619927,levels
2020,15,acceptance above the 4h high (last 5 closes all above it),15541,0.030248237579362455,0.4415417283315102,0.5092665760964767,-0.06983730310106961,0.00966744260426531,-7.223968732977752,5.049294315995212e-13,0.007380073800738007,levels
2020,15,acceptance below the 4h low (last 5 closes all below it),8731,0.01699358872050792,0.5983277975031497,0.5092665760964767,0.09060085507555327,0.012830076472187243,7.061598991397736,1.646016656309257e-12,0.01107011070110701,levels
2020,15,"support held (4h low tested within 3 bp, no close below, price now 3+ bp above)",9986,0.019436258958079496,0.5713999599439215,0.5092665760964767,0.06336496165096162,0.01177551968830959,5.381075598206387,7.404208957062508e-08,0.09225092250922509,levels
2020,15,"resistance held (4h high tested within 3 bp, no close above, price now 3+ bp below)",15353,0.029882323631423444,0.48010160880609654,0.5092665760964767,-0.0300633294298408,0.009498117701479306,-3.165188132503193,0.0015498270632487987,0.7306273062730627,levels
2020,15,"resistance flipped to support (4h high broken, retested within 5 bp, last 3 closes above)",542,0.0010549221265050157,0.45940959409594095,0.5092665760964767,-0.04990963277647742,0.033969314174120836,-1.469256415382697,0.14176325364628428,1.0,levels
2020,15,"repeated rejection at the 4h high (2+ touches in 30 minutes, no close above)",9703,0.018885441685384072,0.501185200453468,0.5092665760964767,-0.008236933775492061,0.014226332197469457,-0.578992087430464,0.5625945121993081,1.0,levels
2020,15,"repeated rejection at the 4h low (2+ touches in 30 minutes, no close below)",6287,0.012236707397300801,0.550978209002704,0.5092665760964767,0.042228369102803476,0.016079318265947117,2.626253700832266,0.008633044541215718,0.992619926199262,levels
2020,15,rejecting the ups (3+ up-minutes undone by the next minute in the last 15),106581,0.20744401321961453,0.5250654431840572,0.5092665760964767,0.019934070716897234,0.003907359984616365,5.101672432378767,3.366650873637411e-07,0.12546125461254612,levels
2020,15,rejecting the downs (3+ down-minutes undone by the next minute in the last 15),110025,0.21414724532973128,0.48953419677346055,0.5092665760964767,-0.02510951219009916,0.0044701605866104875,-5.617138736650738,1.941455329834696e-08,0.05904059040590406,levels
2020,15,lower highs (three successive 10-minute highs declining),146427,0.2849983066748154,0.5669719382354347,0.5092665760964767,0.08070660905793609,0.0035344868957144504,22.834038274634004,0.0,0.0036900369003690036,levels
2020,15,higher lows (three successive 10-minute lows rising),155139,0.301954914730372,0.4563907205796093,0.5092665760964767,-0.07574848191423555,0.0036107166628968367,-20.978794235674922,0.0,0.0036900369003690036,levels
2020,15,approaching the previous day's high from below (within 10 bp),5404,0.010518079652459603,0.5242413027387121,0.5092665760964767,0.015133906273876785,0.01707809019098767,0.8861591726376491,0.37553176061677007,1.0,levels
2020,15,approaching the previous day's low from above (within 10 bp),3133,0.006097917015387849,0.4953718480689435,0.5092665760964767,-0.013979976765727598,0.01963884766810375,-0.711853210635828,0.47655567852660186,1.0,levels
2020,15,broke above the previous day's high in the last 5 minutes,3294,0.006411279492080299,0.5012143290831815,0.5092665760964767,-0.00810420533878331,0.016767787673372926,-0.48331989268045805,0.6288686175996818,1.0,levels
2020,15,broke below the previous day's low in the last 5 minutes,1958,0.003810954840769042,0.5321756894790602,0.5092665760964767,0.022996752969635104,0.020232493634781773,1.13662474753489,0.25569519003130603,1.0,levels
2020,15,crossed above the daily open in the last 5 minutes,8366,0.016283170683285907,0.4961749940234282,0.5092665760964767,-0.013308283118569741,0.010108416349370673,-1.3165547063559846,0.18798792957785837,1.0,levels
2020,15,crossed below the daily open in the last 5 minutes,8207,0.015973700908167278,0.5265017667844523,0.5092665760964767,0.017514969573355965,0.009521664273032969,1.8394861519074397,0.06584371289097746,1.0,levels
2020,15,reclaimed the session VWAP in the last 5 minutes after 30+ minutes below,4119,0.008017018891280737,0.44889536295217286,0.5092665760964767,-0.060859121874075106,0.013595461069054526,-4.476429417506137,7.590174544880313e-06,0.16974169741697417,levels
2020,15,lost the session VWAP in the last 5 minutes after 30+ minutes above,4123,0.008024804294428376,0.5602716468590832,0.5092665760964767,0.051417687643215304,0.013477917105692898,3.8149579968478315,0.00013620609932485372,0.2988929889298893,levels
2020,15,"approaching a $1,000 level from below (within 10 bp, rising)",2049,0.003988072762377818,0.4777940458760371,0.5092665760964767,-0.031598547527163456,0.023173660159473638,-1.3635544540531133,0.1727078350709692,1.0,round numbers
2020,15,"approaching a $1,000 level from above (within 10 bp, falling)",1626,0.0031647663795150473,0.4821648216482165,0.5092665760964767,-0.02718779747564415,0.02056524663473316,-1.322026327159432,0.18615938430544565,1.0,round numbers
2020,15,"crossed a $1,000 level upward in the last 3 minutes",2318,0.004511641124056507,0.5090595340811044,0.5092665760964767,-0.00020798034806368548,0.018620988974981913,-0.011169135449417637,0.9910885045520079,1.0,round numbers
2020,15,"crossed a $1,000 level downward in the last 3 minutes",2270,0.004418216286284845,0.5502202643171806,0.5092665760964767,0.041135433462772486,0.016351180941543725,2.5157469426724393,0.011878043384152992,0.992619926199262,round numbers
2020,15,"approaching a $100 level from below (within 10 bp, rising)",28749,0.05595563877286475,0.49507808967268424,0.5092665760964767,-0.01502947001913052,0.006056432047179841,-2.4815716418594915,0.013080441312462776,0.992619926199262,round numbers
2020,15,"approaching a $100 level from above (within 10 bp, falling)",25146,0.048942936887629386,0.5042153821681381,0.5092665760964767,-0.005311136549271178,0.005748633612326982,-0.9238954693307181,0.3555407422049477,1.0,round numbers
2020,15,crossed a $100 level upward in the last 3 minutes,27489,0.05350323678135863,0.48801338717305104,0.5092665760964767,-0.022454581726357337,0.00463250520844114,-4.847178948755767,1.2522946073456609e-06,0.15498154981549817,round numbers
2020,15,crossed a $100 level downward in the last 3 minutes,26656,0.051881926575862915,0.5438175270108043,0.5092665760964767,0.03644161194981399,0.004757530274895169,7.659775102664369,1.865174681370263e-14,0.007380073800738007,round numbers
2020,15,10 minutes before funding settlement (00:00 UTC),3570,0.006948472309267355,0.4546218487394958,0.5092665760964767,-0.05502708150910679,0.021510978467647577,-2.5580929101792043,0.010524796818181414,0.992619926199262,time
2020,15,10 minutes after funding settlement (00:00 UTC),3580,0.006967935817136451,0.4840782122905028,0.5092665760964767,-0.02536510623823679,0.020833104183321995,-1.217538491385403,0.22339940069271713,1.0,time
2020,15,10 minutes before funding settlement (08:00 UTC),3570,0.006948472309267355,0.49859943977591037,0.5092665760964767,-0.01074177524843245,0.021553147831809907,-0.49838544848557365,0.618212391172094,1.0,time
2020,15,10 minutes after funding settlement (08:00 UTC),3580,0.006967935817136451,0.5201117318435754,0.5092665760964767,0.010921254346427212,0.019917853914703156,0.5483148130916481,0.5834757578352596,1.0,time
2020,15,10 minutes before funding settlement (16:00 UTC),3560,0.006929008801398258,0.5348314606741573,0.5092665760964767,0.025743259851770173,0.02015711724295074,1.2771300350883752,0.20155634265615796,1.0,time
2020,15,10 minutes after funding settlement (16:00 UTC),3560,0.006929008801398258,0.5292134831460674,0.5092665760964767,0.020086083700335933,0.020378336325531363,0.9856586612112552,0.3243006415130365,1.0,time
2020,15,10 minutes after the US equity open (13:30 UTC),3570,0.006948472309267355,0.492436974789916,0.5092665760964767,-0.01694735956521487,0.020848616181205995,-0.8128769515404137,0.41628861033529585,1.0,time
2020,15,10 minutes after the US equity close (20:00 UTC),3580,0.006967935817136451,0.5058659217877095,0.5092665760964767,-0.003424516117277121,0.019695702266193688,-0.1738712370340339,0.8619666578113909,1.0,time
2020,15,10 minutes after the London open (07:00 UTC),3570,0.006948472309267355,0.515686274509804,0.5092665760964767,0.00646461762991879,0.02054137165295054,0.3147120717710309,0.752980277726796,1.0,time
2020,15,last 5 minutes of the hour,42815,0.08333300894153552,0.5068550741562536,0.5092665760964767,-0.002630728458366871,0.004803195233862517,-0.5477038367752035,0.5838952772153161,1.0,time
2020,15,first 5 minutes of the hour,42820,0.08334274069547007,0.5034096216721158,0.5092665760964767,-0.006389470399006725,0.004376413216247898,-1.4599787733217555,0.14429590781551505,1.0,time
2020,15,last 5 minutes of a 4-hour block,10690,0.02080648991206387,0.49663236669784844,0.5092665760964767,-0.012902668643600068,0.009922831211132422,-1.3003011307019479,0.19349778068286194,1.0,time
2020,15,first 5 minutes of a 4-hour block,10710,0.020845416927802063,0.5002801120448179,0.5092665760964767,-0.00917777867460201,0.00894495719573191,-1.0260282384560981,0.30487827372928944,1.0,time
2020,15,last 5 minutes of the UTC day,1785,0.0034742361546336773,0.4492997198879552,0.5092665760964767,-0.06017592157088153,0.02326014923449998,-2.587082351201223,0.00967924560345379,0.992619926199262,time
2020,15,first 5 minutes of the UTC day,1790,0.0034839679085682256,0.45977653631284915,0.5092665760964767,-0.049663064305910554,0.022507142381536203,-2.206546858061012,0.02734573313476729,1.0,time
2020,15,Saturday or Sunday,145233,0.2826743638352453,0.5055118327101967,0.5092665760964767,-0.00523436386067988,0.0044540320795660145,-1.1751967132643326,0.23991602488136032,1.0,time
2020,15,first hour of the week (Monday 00:00 to 01:00 UTC),3000,0.0058390523607288695,0.552,0.5092665760964767,0.04298441213668458,0.029501841673744672,1.4570077560594732,0.14511423926218248,1.0,time
2020,15,volume climax at a new 1h high (hour's largest volume),3708,0.007217068717860883,0.46952535059331174,0.5092665760964767,-0.04003012567091663,0.009747879521062068,-4.106547027425222,4.016177244992036e-05,0.2029520295202952,volume and flow
2020,15,volume climax at a new 1h low (hour's largest volume),3791,0.007378615833174382,0.6001055130572408,0.5092665760964767,0.09151418497498054,0.009108357165024275,10.047276728057101,0.0,0.0036900369003690036,volume and flow
2020,15,"absorption: heavy taker selling in the last 5 minutes, price did not fall",9685,0.0188504073712197,0.49922560660815696,0.5092665760964767,-0.010233882339406697,0.007868735154452383,-1.300575268900242,0.19340387684601779,1.0,volume and flow
2020,15,"absorption: heavy taker buying in the last 5 minutes, price did not rise",5178,0.010078204374618028,0.5191193511008111,0.5092665760964767,0.009953084221274167,0.009898527411907788,1.0055116086561267,0.3146505624916909,1.0,volume and flow
2020,15,delta divergence: new 4h high with net taker selling over the hour,3235,0.006296444795652631,0.41731066460587324,0.5092665760964767,-0.09253857552285144,0.01498836017910263,-6.174029341239906,6.657117079811314e-10,0.02952029520295203,volume and flow
2020,15,delta divergence: new 4h low with net taker buying over the hour,705,0.0013721773047712844,0.6553191489361702,0.5092665760964767,0.14625325824140112,0.02803648647187134,5.216533048395176,1.823030617575938e-07,0.1033210332103321,volume and flow
2020,15,taker buying above 70% of the last minute,57798,0.1124951827818024,0.4988753936122357,0.5092665760964767,-0.011708311079156986,0.002592432618449897,-4.516341522564925,6.29171635413428e-06,0.16974169741697417,volume and flow
2020,15,taker selling above 70% of the last minute,74619,0.14523474936840916,0.5164100296171217,0.5092665760964767,0.008357210959812233,0.0025057320611239476,3.3352372703662505,0.0008522664621204434,0.6273062730627307,volume and flow
2020,15,bullish engulfing,39922,0.07770221611500598,0.49752016432042484,0.5092665760964767,-0.01273602949209357,0.0024405198849440112,-5.218572309393722,1.8030758441867079e-07,0.1033210332103321,candles
2020,15,bearish engulfing,40052,0.07795524171730422,0.5189004294417258,0.5092665760964767,0.010448357586449575,0.002519243922440423,4.14741799846365,3.362458409972291e-05,0.1992619926199262,candles
2020,15,pin bar at a new 1h high (long upper wick),2427,0.004723793359829655,0.41738772146683145,0.5092665760964767,-0.09231493128908175,0.00976021486219278,-9.458288838155946,0.0,0.0036900369003690036,candles
2020,15,pin bar at a new 1h low (long lower wick),2684,0.005224005512065429,0.61698956780924,0.5092665760964767,0.10828869243895878,0.009771187842577377,11.082449153939828,0.0,0.0036900369003690036,candles
2020,15,inside bar (last minute inside the previous one),104197,0.20280391294362202,0.5075673963741758,0.5092665760964767,-0.002131445136133392,0.0016407002592825723,-1.29910696611056,0.1939072227883556,1.0,candles
2020,15,doji at a new 1h high,2253,0.004385128322907381,0.42254771415889925,0.5092665760964767,-0.08710081016718985,0.010732611716797052,-8.11552793164714,4.440892098500626e-16,0.007380073800738007,candles
2020,15,doji at a new 1h low,1797,0.003497592364076593,0.6149137451307735,0.5092665760964767,0.10601797670005775,0.012434240843595415,8.526292681122154,0.0,0.0036900369003690036,candles
2020,15,squeeze: last hour's range under 40% of the previous day's median hourly range,2646,0.005150044182162863,0.4690098261526833,0.5092665760964767,-0.04046514723991679,0.02642827500340169,-1.5311308526458256,0.12573705604703567,1.0,volatility
2020,30,failed breakout above the 1h high,43368,0.0844118053514531,0.4688941154768493,0.5115529023857118,-0.046591674246343195,0.006116482477662486,-7.617396831675215,2.5979218776228663e-14,0.007380073800738007,levels
2020,30,failed breakdown below the 1h low,41635,0.08103868095848897,0.5529962771706497,0.5115529023857118,0.04509806226464885,0.006394841196087537,7.052256792903716,1.7603696278456482e-12,0.01107011070110701,levels
2020,30,wick rejection at the 1h high,13731,0.02672612293121201,0.4206539946107348,0.5115529023857118,-0.09339499386209515,0.005748483602686873,-16.246892279285934,0.0,0.0036900369003690036,levels
2020,30,wick rejection at the 1h low,11421,0.02222992134566837,0.6159705805095876,0.5115529023857118,0.10679164806063812,0.006430995827343445,16.605771629734097,0.0,0.0036900369003690036,levels
2020,30,failed breakout above the 4h high,18764,0.036522392446381335,0.45294180345342144,0.5115529023857118,-0.060832860538513944,0.008983758197104034,-6.771426746339162,1.2751799616239623e-11,0.01107011070110701,levels
2020,30,failed breakdown below the 4h low,15437,0.03004669431863082,0.5598885793871866,0.5115529023857118,0.04983299373109529,0.011208424570365853,4.446030164029439,8.747167146383461e-06,0.16974169741697417,levels
2020,30,wick rejection at the 4h high,5659,0.011014720680775527,0.40095423219650117,0.5115529023857118,-0.11183045137470815,0.008445989589471632,-13.240657023081186,0.0,0.0036900369003690036,levels
2020,30,wick rejection at the 4h low,3865,0.007522865423431244,0.6424320827943079,0.5115529023857118,0.1318712299245407,0.01177171313516484,11.202382220019507,0.0,0.0036900369003690036,levels
2020,30,failed breakout above the daily high,5955,0.011590857334161205,0.4686817800167926,0.5115529023857118,-0.04337386262260934,0.0173372767382905,-2.5017690654274065,0.01235745020212553,0.992619926199262,levels
2020,30,failed breakdown below the daily low,3456,0.006726784709800357,0.5659722222222222,0.5115529023857118,0.05478786601590879,0.022117337928602796,2.4771455856382927,0.0132437867985018,0.996309963099631,levels
2020,30,wick rejection at the daily high,1823,0.003548301078115177,0.4317059791552386,0.5115529023857118,-0.080131253042033,0.013844194685759726,-5.788076147502952,7.119713707481878e-09,0.04428044280442804,levels
2020,30,wick rejection at the daily low,908,0.0017673381124128252,0.6662995594713657,0.5115529023857118,0.15502063095495078,0.02437803947473314,6.35902780925527,2.030347001635846e-10,0.02952029520295203,levels
2020,30,"liquidity sweep of the 1h low (took it out, closed back above)",9921,0.019310309926484186,0.6141517992137889,0.5115529023857118,0.10461912454732336,0.006551779452672674,15.968047353096718,0.0,0.0036900369003690036,levels
2020,30,"liquidity sweep of the 1h high (took it out, closed back below)",11234,0.02186594312207674,0.42193341641445614,0.5115529023857118,-0.09162290724986044,0.00603136717691218,-15.191067723515337,0.0,0.0036900369003690036,levels
2020,30,retest from above of a 4h high broken in the last hour,7787,0.015156676080791487,0.4543469885706947,0.5115529023857118,-0.05808630918811003,0.011788538981510754,-4.927354380319147,8.33504998132284e-07,0.14760147601476015,levels
2020,30,retest from below of a 4h low broken in the last hour,5646,0.010989417381809264,0.5832447750619908,0.5115529023857118,0.0724884788254645,0.0133768386623623,5.418954407323568,5.994860163838212e-08,0.08856088560885608,levels
2020,30,acceptance above the 4h high (last 5 closes all above it),15541,0.030249120710360924,0.43079595907599255,0.5115529023857118,-0.0832759681217049,0.010522440738382082,-7.914130399228013,2.4424906541753444e-15,0.007380073800738007,levels
2020,30,acceptance below the 4h low (last 5 closes all below it),8731,0.016994084867264732,0.6284503493299737,0.5115529023857118,0.11891835557111297,0.01463533445144895,8.12542794738385,4.440892098500626e-16,0.007380073800738007,levels
2020,30,"support held (4h low tested within 3 bp, no close below, price now 3+ bp above)",9986,0.0194368264213155,0.5701982775886241,0.5115529023857118,0.05980785000203381,0.012600598922015906,4.746429147707961,2.07039201582937e-06,0.15498154981549817,levels
2020,30,"resistance held (4h high tested within 3 bp, no close above, price now 3+ bp below)",15353,0.029883196079156505,0.4728066175991663,0.5115529023857118,-0.03993981408212677,0.011641191406660822,-3.430904336756642,0.0006015727058148457,0.5313653136531366,levels
2020,30,"resistance flipped to support (4h high broken, retested within 5 bp, last 3 closes above)",542,0.0010549529261318848,0.4612546125461255,0.5115529023857118,-0.05035140820500711,0.031198481873940035,-1.6139057152990972,0.10654787879810734,1.0,levels
2020,30,"repeated rejection at the 4h high (2+ touches in 30 minutes, no close above)",9703,0.018885993066896083,0.487890343192827,0.5115529023857118,-0.024118052566441728,0.017203900918234358,-1.4018944122654813,0.16094677932505164,1.0,levels
2020,30,"repeated rejection at the 4h low (2+ touches in 30 minutes, no close below)",6287,0.012237064661607304,0.5538412597423255,0.5115529023857118,0.042812253673120804,0.019151980345859826,2.2353956562186914,0.025391385036929615,1.0,levels
2020,30,rejecting the ups (3+ up-minutes undone by the next minute in the last 15),106573,0.2074344985178106,0.5346851453932985,0.5115529023857118,0.029186537849965277,0.00437806692229006,6.66653533808901,2.6191271373932068e-11,0.01107011070110701,levels
2020,30,rejecting the downs (3+ down-minutes undone by the next minute in the last 15),110025,0.2141534975971598,0.4890070438536696,0.5115529023857118,-0.02868990122511833,0.004875229787473492,-5.884830556876459,3.984619967312142e-09,0.04059040590405904,levels
2020,30,lower highs (three successive 10-minute highs declining),146414,0.2849813242189553,0.5699523269632686,0.5115529023857118,0.08167538353283521,0.004325581766529254,18.881941884633388,0.0,0.0036900369003690036,levels
2020,30,higher lows (three successive 10-minute lows rising),155139,0.30196373064054327,0.45902062021799805,0.5115529023857118,-0.07525723873333867,0.004152526743837841,-18.123239987561057,0.0,0.0036900369003690036,levels
2020,30,approaching the previous day's high from below (within 10 bp),5398,0.010506708293837479,0.5413115968877362,0.5115529023857118,0.030074680395975273,0.02220370438829278,1.3544893171894585,0.17558031931784446,1.0,levels
2020,30,approaching the previous day's low from above (within 10 bp),3133,0.006098095050869363,0.5030322374720715,0.5115529023857118,-0.008572943538202038,0.025736197448174774,-0.33310839938438674,0.7390524593262007,1.0,levels
2020,30,broke above the previous day's high in the last 5 minutes,3294,0.006411466676528465,0.4978749241044323,0.5115529023857118,-0.013766240070754276,0.02009983176640743,-0.6848932981499678,0.4934112553684864,1.0,levels
2020,30,broke below the previous day's low in the last 5 minutes,1958,0.003811066105841753,0.5362614913176711,0.5115529023857118,0.024803115243784202,0.02414422082534598,1.027289943345222,0.3042839564134787,1.0,levels
2020,30,crossed above the daily open in the last 5 minutes,8366,0.01628364608859658,0.47956012431269424,0.5115529023857118,-0.032522360684367535,0.010969632266678696,-2.96476307443389,0.0030291612190174177,0.9077490774907749,levels
2020,30,crossed below the daily open in the last 5 minutes,8206,0.01597222087055027,0.5415549597855228,0.5115529023857118,0.03048903500097655,0.010853531407276134,2.8091350047171657,0.0049674810774316125,0.974169741697417,levels
2020,30,reclaimed the session VWAP in the last 5 minutes after 30+ minutes below,4119,0.008017252957079765,0.43311483369749937,0.5115529023857118,-0.07907200898607836,0.013997378756004963,-5.649058324734978,1.6132911673238937e-08,0.055350553505535055,levels
2020,30,lost the session VWAP in the last 5 minutes after 30+ minutes above,4123,0.008025038587530923,0.5573611447974776,0.5115529023857118,0.04617882929881578,0.014269471618021685,3.2361975646311985,0.001211335134120306,0.6789667896678967,levels
2020,30,"approaching a $1,000 level from below (within 10 bp, rising)",2045,0.003980403568154435,0.4665036674816626,0.5115529023857118,-0.045229265634365245,0.022437839318539942,-2.0157585136547973,0.04382523364011792,1.0,round numbers
2020,30,"approaching a $1,000 level from above (within 10 bp, falling)",1626,0.003164858778395654,0.5079950799507995,0.5115529023857118,-0.003569118189946874,0.028484825671284634,-0.12529893042473061,0.9002868989089552,1.0,round numbers
2020,30,"crossed a $1,000 level upward in the last 3 minutes",2318,0.004511772846445957,0.4870578084555651,0.5115529023857118,-0.024606111114128026,0.018646567291697357,-1.3196054120419387,0.18696679499182545,1.0,round numbers
2020,30,"crossed a $1,000 level downward in the last 3 minutes",2269,0.004416398873419274,0.5570736007051564,0.5115529023857118,0.045722627680824024,0.02057630632434152,2.222100845511554,0.026276491157158688,1.0,round numbers
2020,30,"approaching a $100 level from below (within 10 bp, rising)",28745,0.05594948682963289,0.4859279874760828,0.5115529023857118,-0.027143584535083698,0.006611455901692141,-4.105538165676421,4.0337467476669886e-05,0.2029520295202952,round numbers
2020,30,"approaching a $100 level from above (within 10 bp, falling)",25144,0.04894047301597806,0.5272033089405027,0.5115529023857118,0.016455759193560793,0.006919295977226449,2.378241839592034,0.017395412910919728,1.0,round numbers
2020,30,crossed a $100 level upward in the last 3 minutes,27489,0.053504798867969335,0.4825202808396086,0.5115529023857118,-0.03067381800919805,0.004941906383902037,-6.20687961818058,5.404696690192168e-10,0.02952029520295203,round numbers
2020,30,crossed a $100 level downward in the last 3 minutes,26654,0.05187954851129014,0.5591656036617393,0.5115529023857118,0.050217987810797116,0.005267901898070663,9.532825170717235,0.0,0.0036900369003690036,round numbers
2020,30,10 minutes before funding settlement (00:00 UTC),3570,0.006948675177658355,0.4843137254901961,0.5115529023857118,-0.027429777509625553,0.02315924864970768,-1.1843984200226536,0.23625538535926416,1.0,time
2020,30,10 minutes after funding settlement (00:00 UTC),3580,0.00696813925378625,0.4849162011173184,0.5115529023857118,-0.02682361193162247,0.022846054385347106,-1.1741026034161273,0.24035393082379453,1.0,time
2020,30,10 minutes before funding settlement (08:00 UTC),3570,0.006948675177658355,0.5176470588235295,0.5115529023857118,0.006136799061123965,0.02334784987773447,0.2628421500592346,0.7926722463504285,1.0,time
2020,30,10 minutes after funding settlement (08:00 UTC),3580,0.00696813925378625,0.5142458100558659,0.5115529023857118,0.002711803897339715,0.0225034102310349,0.12050635301487828,0.9040820473432556,1.0,time
2020,30,10 minutes before funding settlement (16:00 UTC),3560,0.0069292111015304605,0.528370786516854,0.5115529023857118,0.016935231928226213,0.022133370097352837,0.7651447499290529,0.4441853551209123,1.0,time
2020,30,10 minutes after funding settlement (16:00 UTC),3560,0.0069292111015304605,0.4842696629213483,0.5115529023857118,-0.027473609907131102,0.02274630927012087,-1.2078271503685183,0.22711375577253512,1.0,time
2020,30,10 minutes after the US equity open (13:30 UTC),3570,0.006948675177658355,0.5285714285714286,0.5115529023857118,0.017137609870024995,0.02219012872440901,0.7723078168164805,0.43993213679743426,1.0,time
2020,30,10 minutes after the US equity close (20:00 UTC),3580,0.00696813925378625,0.5393854748603352,0.5115529023857118,0.0280278746078787,0.021940844078479953,1.2774291867544438,0.20145076595260547,1.0,time
2020,30,10 minutes after the London open (07:00 UTC),3570,0.006948675177658355,0.49635854341736696,0.5115529023857118,-0.015300678412632052,0.022390426644180016,-0.6833580554664949,0.4943806176095151,1.0,time
2020,30,last 5 minutes of the hour,42815,0.08333544194158052,0.5129510685507416,0.5115529023857118,0.0015252756886240393,0.0041586245453609175,0.36677407926270583,0.7137875439660379,1.0,time
2020,30,first 5 minutes of the hour,42820,0.08334517397964447,0.5031527323680524,0.5115529023857118,-0.009163940208691934,0.004304433531894854,-2.1289538195419357,0.03325808133283248,1.0,time
2020,30,last 5 minutes of a 4-hour block,10690,0.020807097380719276,0.5086997193638915,0.5115529023857118,-0.0029138109704310855,0.009264244851071114,-0.3145222322242699,0.7531244337048779,1.0,time
2020,30,first 5 minutes of a 4-hour block,10710,0.020846025532975064,0.49673202614379086,0.5115529023857118,-0.015136410236181952,0.009592322489484901,-1.5779713674946267,0.11457218781101286,1.0,time
2020,30,last 5 minutes of the UTC day,1785,0.0034743375888291773,0.4745098039215686,0.5115529023857118,-0.03717224740054814,0.024271482245424664,-1.5315194607678053,0.12564106050767654,1.0,time
2020,30,first 5 minutes of the UTC day,1790,0.003484069626893125,0.47430167597765366,0.5115529023857118,-0.03738146603849163,0.02400777177222089,-1.5570568727975531,0.11945698315291398,1.0,time
2020,30,Saturday or Sunday,145233,0.28268261682825097,0.5093126217870594,0.5115529023857118,-0.0031231371931160767,0.0058631180948746225,-0.5326751299528212,0.594258484826955,1.0,time
2020,30,first hour of the week (Monday 00:00 to 01:00 UTC),3000,0.005839222838368365,0.552,0.5115529023857118,0.04068466443603447,0.03902015158226733,1.0426577751820825,0.2971068206413128,1.0,time
2020,30,volume climax at a new 1h high (hour's largest volume),3708,0.0072172794282233,0.4522653721682848,0.5115529023857118,-0.059718535575721265,0.00956316629844274,-6.244640500024118,4.247759921582883e-10,0.02952029520295203,volume and flow
2020,30,volume climax at a new 1h low (hour's largest volume),3789,0.007374938444859246,0.6104513064133017,0.5115529023857118,0.099633192690749,0.008558049204522331,11.642044852710102,0.0,0.0036900369003690036,volume and flow
2020,30,"absorption: heavy taker selling in the last 5 minutes, price did not fall",9683,0.018847064914640294,0.49209955592275123,0.5115529023857118,-0.019827027741876058,0.008019294501346618,-2.4724154647951457,0.013420344921353022,0.996309963099631,volume and flow
2020,30,"absorption: heavy taker buying in the last 5 minutes, price did not rise",5178,0.0100784986190238,0.5212437234453456,0.5115529023857118,0.009789484364280177,0.010203831690666645,0.9593929673726911,0.3373608166021982,1.0,volume and flow
2020,30,delta divergence: new 4h high with net taker selling over the hour,3235,0.0062966286273738875,0.4024729520865533,0.5115529023857118,-0.10977113839161456,0.016092908921277297,-6.821087407415837,9.035439063609374e-12,0.01107011070110701,volume and flow
2020,30,delta divergence: new 4h low with net taker buying over the hour,705,0.0013722173670165658,0.6382978723404256,0.5115529023857118,0.12691913058991589,0.028181271114676575,4.503669478692089,6.679005705834129e-06,0.16974169741697417,volume and flow
2020,30,taker buying above 70% of the last minute,57797,0.11249652079639214,0.49706732183331315,0.5115529023857118,-0.01632171691923634,0.002681683202402715,-6.086370270959868,1.1549916578701414e-09,0.033210332103321034,volume and flow
2020,30,taker selling above 70% of the last minute,74614,0.1452292576206724,0.5201972820114188,0.5115529023857118,0.010113097228438783,0.0027184059037381986,3.7202307479290795,0.00019904084091870722,0.36531365313653136,volume and flow
2020,30,bullish engulfing,39921,0.07770253831016784,0.49610480699381276,0.5115529023857118,-0.016749580296572697,0.002483668896944002,-6.743886158570493,1.5420553722833574e-11,0.01107011070110701,candles
2020,30,bearish engulfing,40050,0.07795362489221767,0.5207990012484395,0.5115529023857118,0.010027802410314646,0.002367856025807703,4.234971341593308,2.285808555635427e-05,0.1918819188191882,candles
2020,30,pin bar at a new 1h high (long upper wick),2427,0.004723931276240007,0.41409147095179233,0.5115529023857118,-0.09792401776413051,0.010587577698982874,-9.248953872946581,0.0,0.0036900369003690036,candles
2020,30,pin bar at a new 1h low (long lower wick),2684,0.005224158032726898,0.6233233979135618,0.5115529023857118,0.11235746870049856,0.009704171585132431,11.578264843610063,0.0,0.0036900369003690036,candles
2020,30,inside bar (last minute inside the previous one),104194,0.2028039948069845,0.5103076952607636,0.5115529023857118,-0.0015619836487348326,0.0016630880469496016,-0.939206827684071,0.34762456420411203,1.0,candles
2020,30,doji at a new 1h high,2253,0.0043852563516146425,0.4145583666222814,0.5115529023857118,-0.09742175513391682,0.011011862588849992,-8.846982456225048,0.0,0.0036900369003690036,candles
2020,30,doji at a new 1h low,1797,0.003497694480182651,0.6171396772398442,0.5115529023857118,0.10595738140219746,0.01132771402706011,9.353818532943372,0.0,0.0036900369003690036,candles
2020,30,squeeze: last hour's range under 40% of the previous day's median hourly range,2646,0.0051501945434408985,0.463718820861678,0.5115529023857118,-0.04808171169323566,0.03146164680035055,-1.5282643021947575,0.12644692928738643,1.0,volatility
2021,1,failed breakout above the 1h high,44729,0.08674917040493549,0.49062129714502895,0.4979606798121847,-0.008036546400302824,0.002286930635758143,-3.5141190006572365,0.00044121510591565993,0.4575645756457565,levels
2021,1,failed breakdown below the 1h low,45608,0.08845393735223898,0.5006797053148571,0.4979606798121847,0.0029828723024423187,0.002364455450015304,1.2615472634187341,0.2071117427905378,1.0,levels
2021,1,wick rejection at the 1h high,13030,0.02527089115286077,0.46861089792785876,0.4979606798121847,-0.030110706264881548,0.0048453457233970905,-6.214356618452154,5.153537596669366e-10,0.02952029520295203,levels
2021,1,wick rejection at the 1h low,13379,0.02594775539018605,0.5367366768816803,0.4979606798121847,0.039808949965541574,0.0043664663915647705,9.116971572813505,0.0,0.0036900369003690036,levels
2021,1,failed breakout above the 4h high,20247,0.03926782296024344,0.4815528226403912,0.4979606798121847,-0.017078492387285316,0.0035444009903674635,-4.8184425051508395,1.4468320479466001e-06,0.15498154981549817,levels
2021,1,failed breakdown below the 4h low,19494,0.03780742533644419,0.5012311480455525,0.4979606798121847,0.003398974716169789,0.0032274511381333157,1.0531452129545418,0.2922744437117195,1.0,levels
2021,1,wick rejection at the 4h high,5836,0.011318566444213005,0.47069910897875256,0.4979606798121847,-0.027573665195052832,0.006816730235103012,-4.044998737526856,5.232340608607444e-05,0.21033210332103322,levels
2021,1,wick rejection at the 4h low,5770,0.011190563465234584,0.5488734835355286,0.4979606798121847,0.051488994585008496,0.006850732414310671,7.515837938357046,5.6621374255882984e-14,0.007380073800738007,levels
2021,1,failed breakout above the daily high,6409,0.012429865034434742,0.497737556561086,0.4979606798121847,-0.0002259315497694092,0.005951508248901231,-0.037962066138633135,0.9697179270488545,1.0,levels
2021,1,failed breakdown below the daily low,5761,0.01117310851355571,0.50512063877799,0.4979606798121847,0.007240861901563089,0.006337525181952003,1.142537772028679,0.25323055479891776,1.0,levels
2021,1,wick rejection at the daily high,2047,0.003970031787406446,0.466047874938935,0.4979606798121847,-0.032040004710418735,0.010965862842042684,-2.9217951356803975,0.00348020371577773,0.9261992619926199,levels
2021,1,wick rejection at the daily low,1706,0.0033086830626846103,0.570926143024619,0.4979606798121847,0.07320768423732865,0.011597941493272958,6.312127396037529,2.7522562007220586e-10,0.02952029520295203,levels
2021,1,"liquidity sweep of the 1h low (took it out, closed back above)",12316,0.02388613165300332,0.5364566417668074,0.4979606798121847,0.03943798280400812,0.004523134706715409,8.719170522481969,0.0,0.0036900369003690036,levels
2021,1,"liquidity sweep of the 1h high (took it out, closed back below)",11756,0.02280004577076218,0.46929227628445047,0.4979606798121847,-0.029337295201109892,0.004987228791224598,-5.882484327314411,4.041536216803365e-09,0.04059040590405904,levels
2021,1,retest from above of a 4h high broken in the last hour,5617,0.010893829286693702,0.4808616699305679,0.4979606798121847,-0.017287335159668127,0.007018215224029355,-2.4632096064080207,0.013769938965452866,0.996309963099631,levels
2021,1,retest from below of a 4h low broken in the last hour,4502,0.008731354717588579,0.49000444247001335,0.4979606798121847,-0.00802631797145631,0.007518626475379699,-1.0675245003511058,0.28573505618965855,1.0,levels
2021,1,acceptance above the 4h high (last 5 closes all above it),16235,0.03148679338961585,0.4796427471512165,0.4979606798121847,-0.01891345676645706,0.003843564192710563,-4.920811990684847,8.618589251163655e-07,0.14760147601476015,levels
2021,1,acceptance below the 4h low (last 5 closes all below it),13229,0.02565683952887146,0.5351122533827197,0.4979606798121847,0.03812986540858043,0.004216929818951023,9.042091532380631,0.0,0.0036900369003690036,levels
2021,1,"support held (4h low tested within 3 bp, no close below, price now 3+ bp above)",8206,0.015915037052983538,0.4900073117231294,0.4979606798121847,-0.008081993312079039,0.005694860481529013,-1.4191731892805044,0.15584853035128576,1.0,levels
2021,1,"resistance held (4h high tested within 3 bp, no close above, price now 3+ bp below)",10305,0.019985919672312374,0.4932557011159631,0.4979606798121847,-0.004800929691386069,0.0045957111825360095,-1.0446543528735885,0.2961827490838531,1.0,levels
2021,1,"repeated rejection at the 4h high (2+ touches in 30 minutes, no close above)",5306,0.010290663734234784,0.5,0.4979606798121847,0.002060524351027937,0.006792328090734885,0.3033605449416684,0.7616151103547428,1.0,levels
2021,1,"repeated rejection at the 4h low (2+ touches in 30 minutes, no close below)",4031,0.007817878913060764,0.49392210369635325,0.4979606798121847,-0.004070397994480279,0.006907452865688994,-0.5892762605299763,0.5556759671207119,1.0,levels
2021,1,rejecting the ups (3+ up-minutes undone by the next minute in the last 15),114171,0.2214276986809875,0.5041998405899922,0.4979606798121847,0.008013592016101134,0.0016524278310604203,4.849586690245064,1.2371899091867533e-06,0.15498154981549817,levels
2021,1,rejecting the downs (3+ down-minutes undone by the next minute in the last 15),115534,0.2240711541407994,0.48934512784115497,0.4979606798121847,-0.011103533548220634,0.001560722697318803,-7.114353861384613,1.1244338793403585e-12,0.007380073800738007,levels
2021,1,lower highs (three successive 10-minute highs declining),151909,0.2946182505095876,0.5184222132987513,0.4979606798121847,0.029007744389968282,0.0014900350822264368,19.467826453202964,0.0,0.0036900369003690036,levels
2021,1,higher lows (three successive 10-minute lows rising),150740,0.29235104623040925,0.47996550351598777,0.4979606798121847,-0.025429524343020704,0.0015345747513742418,-16.57105613151009,0.0,0.0036900369003690036,levels
2021,1,approaching the previous day's high from below (within 10 bp),4839,0.009384945686008693,0.5209754081421781,0.4979606798121847,0.023232766582505948,0.007217513765282993,3.21894316215343,0.001286639856102667,0.6900369003690037,levels
2021,1,approaching the previous day's low from above (within 10 bp),3012,0.005841590495196979,0.4910358565737052,0.4979606798121847,-0.006965512912503358,0.008600834138836987,-0.8098648107920892,0.41801787834435844,1.0,levels
2021,1,broke above the previous day's high in the last 5 minutes,3787,0.0073446557786556975,0.48217586480063374,0.4979606798121847,-0.015901606840119153,0.007488764871197443,-2.123395127717037,0.033720755151323445,1.0,levels
2021,1,broke below the previous day's low in the last 5 minutes,3028,0.005872621520403869,0.49834874504623516,0.4979606798121847,0.00039035765682660095,0.009351002743112844,0.04174500505992315,0.9667019763610274,1.0,levels
2021,1,crossed above the daily open in the last 5 minutes,8626,0.01672960146466439,0.4948991421284489,0.4979606798121847,-0.003113627429744914,0.0053549593895814655,-0.581447440255615,0.5609389320986051,1.0,levels
2021,1,crossed below the daily open in the last 5 minutes,8658,0.01679166351507817,0.5050820050820051,0.4979606798121847,0.007242946388432647,0.0051905199406314705,1.3954182762568257,0.16288974318728622,1.0,levels
2021,1,reclaimed the session VWAP in the last 5 minutes after 30+ minutes below,4062,0.007878001524399113,0.465041851304776,0.4979606798121847,-0.03318022234965923,0.0076936502880733506,-4.312676181954228,1.612902629721802e-05,0.18450184501845018,levels
2021,1,lost the session VWAP in the last 5 minutes after 30+ minutes above,3968,0.0076956942513086365,0.540070564516129,0.4979606798121847,0.042436462746347214,0.008084164363417372,5.249332007446752,1.5265173614054106e-07,0.1033210332103321,levels
2021,1,"approaching a $1,000 level from below (within 10 bp, rising)",12995,0.0252030107852207,0.49865332820315506,0.4979606798121847,0.0007105565555021731,0.004434831772122569,0.1602217608272639,0.8727063881702772,1.0,round numbers
2021,1,"approaching a $1,000 level from above (within 10 bp, falling)",11150,0.021624745691051234,0.48179372197309417,0.4979606798121847,-0.01652429143918782,0.004876773582637832,-3.3883655164999236,0.000703104986269798,0.5682656826568265,round numbers
2021,1,"crossed a $1,000 level upward in the last 3 minutes",17402,0.03375011879064337,0.48299046086656705,0.4979606798121847,-0.015493113362022859,0.003951399723468132,-3.9209177623833504,8.821236568068436e-05,0.25092250922509224,round numbers
2021,1,"crossed a $1,000 level downward in the last 3 minutes",17367,0.0336822384230033,0.5015258824206829,0.4979606798121847,0.003689472293958329,0.003833973855050208,0.9623102382658302,0.3358937875945367,1.0,round numbers
2021,1,"approaching a $100 level from below (within 10 bp, rising)",121250,0.23515698789596073,0.494160824742268,0.4979606798121847,-0.004968150339065669,0.0017168062459790227,-2.8938328659402917,0.003805706739644643,0.9520295202952029,round numbers
2021,1,"approaching a $100 level from above (within 10 bp, falling)",120456,0.23361707327006884,0.5017018662416152,0.4979606798121847,0.0048816150503165345,0.001804068623543055,2.7058921077677245,0.006812117420712083,0.985239852398524,round numbers
2021,1,crossed a $100 level upward in the last 3 minutes,130412,0.25292612870505593,0.48441861178419166,0.4979606798121847,-0.01812681255271298,0.001937255821104424,-9.356953457173733,0.0,0.0036900369003690036,round numbers
2021,1,crossed a $100 level downward in the last 3 minutes,131569,0.25517005971532913,0.5129019753893395,0.4979606798121847,0.020060009364613107,0.0019364874164087401,10.358967063062485,0.0,0.0036900369003690036,round numbers
2021,1,10 minutes before funding settlement (00:00 UTC),3590,0.006962586280795868,0.4949860724233983,0.4979606798121847,-0.002995463562289802,0.008450897807490476,-0.3544550686241602,0.7229978710211569,1.0,time
2021,1,10 minutes after funding settlement (00:00 UTC),3590,0.006962586280795868,0.4977715877437326,0.4979606798121847,-0.00019041786929652194,0.008657126082838881,-0.021995506069154916,0.9824515403092731,1.0,time
2021,1,10 minutes before funding settlement (08:00 UTC),3570,0.006923797499287256,0.49299719887955185,0.4979606798121847,-0.0049980866726381246,0.007900667262041439,-0.6326157660950118,0.5269845888480957,1.0,time
2021,1,10 minutes after funding settlement (08:00 UTC),3570,0.006923797499287256,0.4988795518207283,0.4979606798121847,0.000925278449155964,0.008236518816130243,0.11233853401074204,0.9105549894396254,1.0,time
2021,1,10 minutes before funding settlement (16:00 UTC),3590,0.006962586280795868,0.5050139275766017,0.4979606798121847,0.007102700932486106,0.007347002363858159,0.9667481485273727,0.3336699509743424,1.0,time
2021,1,10 minutes after funding settlement (16:00 UTC),3590,0.006962586280795868,0.47938718662952645,0.4979606798121847,-0.018703719443052325,0.007421570653402208,-2.5201834377845795,0.011729368991315825,0.992619926199262,time
2021,1,10 minutes after the US equity open (13:30 UTC),3590,0.006962586280795868,0.5,0.4979606798121847,0.002053618685098124,0.008204026984209467,0.25031837280042896,0.8023411492139754,1.0,time
2021,1,10 minutes after the US equity close (20:00 UTC),3590,0.006962586280795868,0.4877437325905292,0.4979606798121847,-0.01028858236407243,0.008538131896715208,-1.2050156273681665,0.2281972691009,1.0,time
2021,1,10 minutes after the London open (07:00 UTC),3561,0.006906342547608381,0.490873350182533,0.4979606798121847,-0.007136617555118685,0.008523175383816712,-0.8373191015955463,0.4024132250477801,1.0,time
2021,1,last 5 minutes of the hour,42975,0.08334739426663021,0.5040139616055846,0.4979606798121847,0.006603681433444475,0.002456750618038769,2.6879738565879396,0.007188702465643182,0.988929889298893,time
2021,1,first 5 minutes of the hour,42966,0.08332993931495133,0.49534515663547923,0.4979606798121847,-0.002853287446467734,0.0026929273078032025,-1.0595486325233738,0.28934999324026034,1.0,time
2021,1,last 5 minutes of a 4-hour block,10740,0.020829575670124688,0.508193668528864,0.4979606798121847,0.010450671775225018,0.0047689382495935745,2.19140429761607,0.028422548389720026,1.0,time
2021,1,first 5 minutes of a 4-hour block,10737,0.020823757352898396,0.48765949520350194,0.4979606798121847,-0.010520255864086947,0.004982435810403003,-2.111468419145779,0.03473206962020381,1.0,time
2021,1,last 5 minutes of the UTC day,1795,0.003481293140397934,0.4958217270194986,0.4979606798121847,-0.0021464251277597546,0.011807833704129078,-0.18177975584201966,0.8557555723152319,1.0,time
2021,1,first 5 minutes of the UTC day,1795,0.003481293140397934,0.4863509749303621,0.4979606798121847,-0.011650262862007932,0.011411258116934853,-1.0209446445452306,0.3072806657703899,1.0,time
2021,1,Saturday or Sunday,146523,0.2841724316493184,0.5004743282624571,0.4979606798121847,0.0035115278614708534,0.0016772057090254494,2.0936775033464725,0.03628871827238478,1.0,time
2021,1,first hour of the week (Monday 00:00 to 01:00 UTC),3060,0.005934683570817648,0.4980392156862745,0.4979606798121847,7.900474223554443e-05,0.009482738790378312,0.008331426603852762,0.9933525602461688,1.0,time
2021,1,volume climax at a new 1h high (hour's largest volume),3756,0.0072845331673173485,0.48482428115015974,0.4979606798121847,-0.013232793384329367,0.008929624674672213,-1.4818980490705913,0.13836742424998527,1.0,volume and flow
2021,1,volume climax at a new 1h low (hour's largest volume),4354,0.008444317734424849,0.5461644464859899,0.4979606798121847,0.048614281109928104,0.008211585164946543,5.9202066511411,3.215373300946567e-09,0.04059040590405904,volume and flow
2021,1,"absorption: heavy taker selling in the last 5 minutes, price did not fall",3289,0.006378815119091256,0.5068409851018547,0.4979606798121847,0.008937314768237725,0.008549265700873925,1.045389754037488,0.2958428702255991,1.0,volume and flow
2021,1,"absorption: heavy taker buying in the last 5 minutes, price did not rise",2384,0.00462362275582656,0.4828020134228188,0.4979606798121847,-0.015229079909787113,0.01153654936808964,-1.3200723564631116,0.18681086119279167,1.0,volume and flow
2021,1,delta divergence: new 4h high with net taker selling over the hour,3076,0.0059657145960245374,0.48081924577373214,0.4979606798121847,-0.017244308662337837,0.008970293920431971,-1.9223794465708461,0.05455802986806213,1.0,volume and flow
2021,1,delta divergence: new 4h low with net taker buying over the hour,1342,0.0026027272392278706,0.5409836065573771,0.4979606798121847,0.043135195894516476,0.0136812302415358,3.1528740568636384,0.0016167154191504274,0.7564575645756457,volume and flow
2021,1,taker buying above 70% of the last minute,29705,0.05761103773566609,0.4816697525669079,0.4979606798121847,-0.017286840039099804,0.0029453456076502273,-5.869205975081174,4.378871487631386e-09,0.04059040590405904,volume and flow
2021,1,taker selling above 70% of the last minute,36438,0.07066928103054035,0.5105658927493276,0.4979606798121847,0.013563753656094468,0.0027327792947893555,4.963354955871023,6.92857883066722e-07,0.14391143911439114,volume and flow
2021,1,bullish engulfing,45334,0.087922531045571,0.504235231834826,0.4979606798121847,0.006879406888358031,0.0027371629921597715,2.513334758676465,0.01195957900020117,0.992619926199262,candles
2021,1,bearish engulfing,45158,0.08758118976829521,0.491452234377076,0.4979606798121847,-0.007133177617694997,0.0027447476406117347,-2.598846433876592,0.009353760788968435,0.992619926199262,candles
2021,1,pin bar at a new 1h high (long upper wick),2258,0.0043792534323223034,0.4371124889282551,0.4979606798121847,-0.061115832603628295,0.010431373257891058,-5.858848216115341,4.66088456718694e-09,0.04059040590405904,candles
2021,1,pin bar at a new 1h low (long lower wick),2443,0.004738049661276966,0.5669259107654523,0.4979606798121847,0.06929354722120767,0.009999675021855434,6.929579918323215,4.22084589501992e-12,0.01107011070110701,candles
2021,1,inside bar (last minute inside the previous one),91339,0.17714642571075592,0.49975366491859996,0.4979606798121847,0.002178984405535267,0.0019246239218782956,1.1321611358798522,0.25756669600229753,1.0,candles
2021,1,doji at a new 1h high,2038,0.003952576835727571,0.4705593719332679,0.4979606798121847,-0.027510043439365084,0.011481049101550398,-2.3961262769662866,0.016569380844152493,1.0,candles
2021,1,doji at a new 1h low,2069,0.00401269944706592,0.5625906234896085,0.4979606798121847,0.06489032906498282,0.011058703305340553,5.867806312666467,4.415986687433815e-09,0.04059040590405904,candles
2021,1,squeeze: last hour's range under 40% of the previous day's median hourly range,2479,0.004807869467992467,0.5127067365873336,0.4979606798121847,0.014817296402118763,0.012972870142039855,1.1421756511769792,0.2533810147918767,1.0,volatility
2021,3,failed breakout above the 1h high,44729,0.08674950689570238,0.47526213418587493,0.4979044279505286,-0.02479308134582936,0.0031368968826269526,-7.903696638273529,2.6645352591003757e-15,0.007380073800738007,levels
2021,3,failed breakdown below the 1h low,45608,0.08845428045561479,0.513528328363445,0.4979044279505286,0.017140007437833837,0.003330420624767323,5.146499307135208,2.653924440210176e-07,0.12177121771217712,levels
2021,3,wick rejection at the 1h high,13030,0.025270989175948534,0.4366078280890253,0.4979044279505286,-0.06288578587568883,0.0048578897080824085,-12.945083082281876,0.0,0.0036900369003690036,levels
2021,3,wick rejection at the 1h low,13379,0.0259478560387579,0.5564690933552583,0.4979044279505286,0.06012477439509645,0.004921761534664174,12.216108799996734,0.0,0.0036900369003690036,levels
2021,3,failed breakout above the 4h high,20247,0.039267975275934765,0.45942608781547883,0.4979044279505286,-0.04005106433930028,0.004736158830928494,-8.456444508945768,0.0,0.0036900369003690036,levels
2021,3,failed breakdown below the 4h low,19494,0.03780757198740911,0.5170821791320406,0.4979044279505286,0.019931305447002556,0.0045676687220376775,4.363561952476935,1.2796168073148095e-05,0.18450184501845018,levels
2021,3,wick rejection at the 4h high,5836,0.011318610347723381,0.44294037011651816,0.4979044279505286,-0.055593296697272254,0.0079732204187682,-6.972502173201049,3.113509450258789e-12,0.01107011070110701,levels
2021,3,wick rejection at the 4h low,5770,0.011190606872235076,0.5670710571923744,0.4979044279505286,0.06994940554019263,0.007173600133805818,9.750948510574746,0.0,0.0036900369003690036,levels
2021,3,failed breakout above the daily high,6409,0.012429913248553658,0.4857232017475425,0.4979044279505286,-0.012334543508760454,0.008112385435649377,-1.5204582679907026,0.1283958395853575,1.0,levels
2021,3,failed breakdown below the daily low,5761,0.011173151852850307,0.5294219753515015,0.4979044279505286,0.03187367683232917,0.008112471695328353,3.928972331661131,8.530965331887685e-05,0.25092250922509224,levels
2021,3,wick rejection at the daily high,2047,0.003970047186735737,0.44357596482657546,0.4979044279505286,-0.054545009385012555,0.013573966014086855,-4.018354645090946,5.8605944275536004e-05,0.22140221402214022,levels
2021,3,wick rejection at the daily low,1706,0.003308695896712832,0.5826494724501758,0.4979044279505286,0.08502637090417026,0.013547174979405349,6.276317463488057,3.4668601323062376e-10,0.02952029520295203,levels
2021,3,"liquidity sweep of the 1h low (took it out, closed back above)",12316,0.02388622430475688,0.5577297823968821,0.4979044279505286,0.06128932501105472,0.005037278910060915,12.167149388659434,0.0,0.0036900369003690036,levels
2021,3,"liquidity sweep of the 1h high (took it out, closed back below)",11756,0.022800134209704604,0.437138482477033,0.4979044279505286,-0.06218374316328018,0.004987273692212861,-12.4684841861344,0.0,0.0036900369003690036,levels
2021,3,retest from above of a 4h high broken in the last hour,5617,0.010893871542694007,0.46555100587502224,0.4979044279505286,-0.03270975797710152,0.008309556868723604,-3.936402204576996,8.271230413647856e-05,0.25092250922509224,levels
2021,3,retest from below of a 4h low broken in the last hour,4502,0.00873138858558099,0.49333629498000886,0.4979044279505286,-0.004608370443609178,0.008582008937709532,-0.5369803826887081,0.5912811648026626,1.0,levels
2021,3,acceptance above the 4h high (last 5 closes all above it),16235,0.03148691552352452,0.4556821681552202,0.4979044279505286,-0.04359492966285672,0.00545718839801286,-7.988533010649046,1.3322676295501878e-15,0.007380073800738007,levels
2021,3,acceptance below the 4h low (last 5 closes all below it),13229,0.025656939049011757,0.5586212109758864,0.4979044279505286,0.062315610854862924,0.00576485774673165,10.809566097306108,0.0,0.0036900369003690036,levels
2021,3,"support held (4h low tested within 3 bp, no close below, price now 3+ bp above)",8206,0.015915098785712484,0.49610041433097735,0.4979044279505286,-0.0018331890036369924,0.008228804341688723,-0.22277708006127941,0.8237090072117403,1.0,levels
2021,3,"resistance held (4h high tested within 3 bp, no close above, price now 3+ bp below)",10305,0.01998599719556022,0.48500727802037846,0.4979044279505286,-0.013160169031506908,0.006695322548996998,-1.9655765551546707,0.0493475444992002,1.0,levels
2021,3,"repeated rejection at the 4h high (2+ touches in 30 minutes, no close above)",5306,0.010290703650620332,0.49604221635883905,0.4979044279505286,-0.0018815743153656195,0.008899666728829823,-0.21142076132698276,0.8325589576788179,1.0,levels
2021,3,"repeated rejection at the 4h low (2+ touches in 30 minutes, no close below)",4031,0.007817909237778092,0.483006698089804,0.4979044279505286,-0.015015116680124452,0.010533376463744139,-1.4254799239167473,0.15401851935032762,1.0,levels
2021,3,rejecting the ups (3+ up-minutes undone by the next minute in the last 15),114171,0.22142855757538144,0.5075106638288182,0.4979044279505286,0.012338284394780685,0.0022523412050583077,5.477981918135391,4.3020408124760934e-08,0.07749077490774908,levels
2021,3,rejecting the downs (3+ down-minutes undone by the next minute in the last 15),115534,0.22407202328887474,0.4872591618051829,0.4979044279505286,-0.013719399821703893,0.0022173854595540403,-6.187196620502388,6.12435657743049e-10,0.02952029520295203,levels
2021,3,lower highs (three successive 10-minute highs declining),151909,0.2946193933023151,0.533760343363461,0.4979044279505286,0.05083201192728526,0.002163372155652831,23.496656270842088,0.0,0.0036900369003690036,levels
2021,3,higher lows (three successive 10-minute lows rising),150740,0.2923521802288935,0.46584848082791563,0.4979044279505286,-0.045299294687266456,0.0021321370011734924,-21.245958708251152,0.0,0.0036900369003690036,levels
2021,3,approaching the previous day's high from below (within 10 bp),4839,0.009384982089210665,0.5141558173176276,0.4979044279505286,0.016405353314119187,0.010035086560999901,1.6347993825859484,0.10209111025808815,1.0,levels
2021,3,approaching the previous day's low from above (within 10 bp),3012,0.005841613154102608,0.4900398406374502,0.4979044279505286,-0.007910799141402247,0.011930353441444889,-0.6630817083692507,0.5072782249315089,1.0,levels
2021,3,broke above the previous day's high in the last 5 minutes,3787,0.007344684267791029,0.48613678373382624,0.4979044279505286,-0.011854713343294021,0.009698978979186288,-1.2222640515804677,0.2216077888970518,1.0,levels
2021,3,broke below the previous day's low in the last 5 minutes,3028,0.005872644299675531,0.5033025099075297,0.4979044279505286,0.005429970240783011,0.01144159330020213,0.4745816512012434,0.6350851871809577,1.0,levels
2021,3,crossed above the daily open in the last 5 minutes,8626,0.016729666357001693,0.4863204266172038,0.4979044279505286,-0.011781095124070606,0.006754298704095298,-1.7442366173304473,0.08111783870755773,1.0,levels
2021,3,crossed below the daily open in the last 5 minutes,8658,0.016791728648147538,0.5086625086625086,0.4979044279505286,0.010941812661104167,0.006932145956232502,1.5784163706574417,0.11446998674533893,1.0,levels
2021,3,reclaimed the session VWAP in the last 5 minutes after 30+ minutes below,4062,0.007878032082325629,0.4460856720827179,0.4979044279505286,-0.052230227273942,0.010667797343811247,-4.896064819251796,9.777482685713323e-07,0.15129151291512916,levels
2021,3,lost the session VWAP in the last 5 minutes after 30+ minutes above,3968,0.0076957241020847115,0.540070564516129,0.4979044279505286,0.04249315214070315,0.010737317845063599,3.957520188362409,7.573188858023272e-05,0.24723247232472326,levels
2021,3,"approaching a $1,000 level from below (within 10 bp, rising)",12995,0.025203108545007766,0.4956521739130435,0.4979044279505286,-0.0023104854531525443,0.0052098998183806875,-0.443479823738852,0.6574187097642874,1.0,round numbers
2021,3,"approaching a $1,000 level from above (within 10 bp, falling)",11150,0.021624829571130173,0.473542600896861,0.4979044279505286,-0.024900291616137993,0.0061742831132877984,-4.032904089310316,5.5091768769388594e-05,0.2140221402214022,round numbers
2021,3,"crossed a $1,000 level upward in the last 3 minutes",17402,0.033750249703749534,0.47925525801631996,0.4979044279505286,-0.019300568955894493,0.0049806660832329075,-3.8750979554458826,0.0001065818165491006,0.2693726937269373,round numbers
2021,3,"crossed a $1,000 level downward in the last 3 minutes",17367,0.03368236907280876,0.5104508550699602,0.4979044279505286,0.01298375059905843,0.004595999321326313,2.825011426527274,0.004727892996013283,0.9704797047970479,round numbers
2021,3,"approaching a $100 level from below (within 10 bp, rising)",121250,0.23515790004480122,0.4901938144329897,0.4979044279505286,-0.010081314192812552,0.0021194656953380333,-4.756535675471117,1.96943447861031e-06,0.15498154981549817,round numbers
2021,3,"approaching a $100 level from above (within 10 bp, falling)",120456,0.23361797944574494,0.5057365345022249,0.4979044279505286,0.010219585456913538,0.002085220175647247,4.900962294660997,9.536836054202524e-07,0.15129151291512916,round numbers
2021,3,crossed a $100 level upward in the last 3 minutes,130412,0.2529271097784958,0.4822332300708524,0.4979044279505286,-0.02097679903098848,0.0020440035223466095,-10.262604149970425,0.0,0.0036900369003690036,round numbers
2021,3,crossed a $100 level downward in the last 3 minutes,131568,0.25516911004613946,0.5145856135230451,0.4979044279505286,0.02239593684621466,0.0020193876565065346,11.090459414295319,0.0,0.0036900369003690036,round numbers
2021,3,10 minutes before funding settlement (00:00 UTC),3588,0.006958734394727808,0.5044593088071349,0.4979044279505286,0.0066008141691986655,0.01251732954651761,0.5273340567305786,0.5979616280133755,1.0,time
2021,3,10 minutes after funding settlement (00:00 UTC),3590,0.006962613287924423,0.48969359331476325,0.4979044279505286,-0.008268404337676782,0.011961893388506773,-0.6912287268519908,0.48942181376654004,1.0,time
2021,3,10 minutes before funding settlement (08:00 UTC),3570,0.006923824355958271,0.523249299719888,0.4979044279505286,0.025521578697547953,0.011236564026028913,2.2712974035860563,0.02312898030999455,1.0,time
2021,3,10 minutes after funding settlement (08:00 UTC),3570,0.006923824355958271,0.49327731092436977,0.4979044279505286,-0.004659377739233361,0.012078255882021329,-0.38576577485569896,0.699670144699386,1.0,time
2021,3,10 minutes before funding settlement (16:00 UTC),3590,0.006962613287924423,0.5211699164345404,0.4979044279505286,0.023428612855194986,0.011241421155336776,2.0841326493734678,0.03714810295123594,1.0,time
2021,3,10 minutes after funding settlement (16:00 UTC),3590,0.006962613287924423,0.47158774373259055,0.4979044279505286,-0.02650120183800131,0.010653724134473732,-2.4875059184466486,0.012864231309141383,0.992619926199262,time
2021,3,10 minutes after the US equity open (13:30 UTC),3590,0.006962613287924423,0.5027855153203342,0.4979044279505286,0.004915310777942383,0.011842817255581964,0.4150457337864952,0.678108423935643,1.0,time
2021,3,10 minutes after the US equity close (20:00 UTC),3590,0.006962613287924423,0.49415041782729807,0.4979044279505286,-0.0037803311068276835,0.011865919170365079,-0.318587296319108,0.7500394879342764,1.0,time
2021,3,10 minutes after the London open (07:00 UTC),3561,0.0069063693365735025,0.4804830103903398,0.4979044279505286,-0.017542573048777488,0.011692242004190926,-1.5003600714464849,0.13352115654737884,1.0,time
2021,3,last 5 minutes of the hour,42973,0.08334383866907416,0.5138342680287622,0.4979044279505286,0.017378206518684713,0.003697610484923564,4.699847804289194,2.6035545215297162e-06,0.15867158671586715,time
2021,3,first 5 minutes of the hour,42966,0.08333026254288602,0.4874784713494391,0.4979044279505286,-0.011373732736079611,0.0037473346186692132,-3.035152686769871,0.0024041394258675908,0.8302583025830258,time
2021,3,last 5 minutes of a 4-hour block,10738,0.020825777572627425,0.5297075805550382,0.4979044279505286,0.03247956479661973,0.006737264974834084,4.820882794122194,1.4292431631535152e-06,0.15498154981549817,time
2021,3,first 5 minutes of a 4-hour block,10737,0.02082383812602912,0.48113998323554064,0.4979044279505286,-0.017120969002047348,0.006759475204506027,-2.5328843562639456,0.011312826842070134,0.992619926199262,time
2021,3,last 5 minutes of the UTC day,1793,0.0034774277507655963,0.5131065253764641,0.4979044279505286,0.015255146094305783,0.017231948173482562,0.8852827283789776,0.3760041629136006,1.0,time
2021,3,first 5 minutes of the UTC day,1795,0.0034813066439622117,0.44958217270194983,0.4979044279505286,-0.0484910675241233,0.016035597150641064,-3.023963939015813,0.002494861745387711,0.8487084870848709,time
2021,3,Saturday or Sunday,146523,0.28417353392383016,0.498665738484743,0.4979044279505286,0.0010635406349077114,0.0020865719101066794,0.5097071563919099,0.6102566385885484,1.0,time
2021,3,first hour of the week (Monday 00:00 to 01:00 UTC),3060,0.005934706590821375,0.49869281045751634,0.4979044279505286,0.0007930892590404803,0.015621320493585838,0.050769668247068175,0.959509060927519,1.0,time
2021,3,volume climax at a new 1h high (hour's largest volume),3756,0.007284561423243492,0.47949946751863687,0.4979044279505286,-0.018540016319559482,0.009063260305185625,-2.045623285138533,0.040793448703635216,1.0,volume and flow
2021,3,volume climax at a new 1h low (hour's largest volume),4354,0.00844435048903146,0.5523656407900781,0.4979044279505286,0.05492501895018154,0.008734334758826118,6.288403234680162,3.207478727063062e-10,0.02952029520295203,volume and flow
2021,3,"absorption: heavy taker selling in the last 5 minutes, price did not fall",3289,0.006378839861833825,0.5183946488294314,0.4979044279505286,0.020621763807901983,0.01130795452343951,1.8236511090627834,0.06820483460680538,1.0,volume and flow
2021,3,"absorption: heavy taker buying in the last 5 minutes, price did not rise",2384,0.004623640690365411,0.4823825503355705,0.4979044279505286,-0.015593978568793465,0.012790888053069835,-1.2191474512241458,0.222788232565855,1.0,volume and flow
2021,3,delta divergence: new 4h high with net taker selling over the hour,3076,0.005965737736394298,0.44960988296488946,0.4979044279505286,-0.04858438669474352,0.010533581455830018,-4.61233312700625,3.981741780290093e-06,0.16605166051660517,volume and flow
2021,3,delta divergence: new 4h low with net taker buying over the hour,1342,0.0026027373349288515,0.5387481371087929,0.4979044279505286,0.04095029201216055,0.015849937215615832,2.5836248721424018,0.009776806799865145,0.992619926199262,volume and flow
2021,3,taker buying above 70% of the last minute,29704,0.05760932175613011,0.4851198491785618,0.4979044279505286,-0.013566113361595022,0.0031875437957205703,-4.255977088003678,2.0813802238173196e-05,0.1918819188191882,volume and flow
2021,3,taker selling above 70% of the last minute,36438,0.07066955514913374,0.5091388111312366,0.4979044279505286,0.01208868518507522,0.0029329861767404685,4.121630466908577,3.762003165497241e-05,0.2029520295202952,volume and flow
2021,3,bullish engulfing,45334,0.0879228720876785,0.49775003308774873,0.4979044279505286,-0.0001692782968182316,0.0024748358717751958,-0.06839980733623703,0.9454673751961198,1.0,candles
2021,3,bearish engulfing,45158,0.08758152948637636,0.4970326409495549,0.4979044279505286,-0.0009554683833646327,0.002288465448326758,-0.41751488276269855,0.6763018407165156,1.0,candles
2021,3,pin bar at a new 1h high (long upper wick),2258,0.004379270418978649,0.4087688219663419,0.4979044279505286,-0.0895276718692839,0.010534040057142743,-8.498892294279676,0.0,0.0036900369003690036,candles
2021,3,pin bar at a new 1h low (long lower wick),2443,0.004738068039665561,0.5669259107654523,0.4979044279505286,0.06935006815640415,0.010176732856897288,6.814570956277199,9.454659277707833e-12,0.01107011070110701,candles
2021,3,inside bar (last minute inside the previous one),91338,0.17714517339622313,0.4968468764369704,0.4979044279505286,-0.0012852224710440119,0.0018751437884650672,-0.6853994232069285,0.4930919079294065,1.0,candles
2021,3,doji at a new 1h high,2038,0.003952592167350968,0.4470068694798822,0.4979044279505286,-0.051099534088841214,0.011822318845993041,-4.322293684894183,1.544154558263955e-05,0.18450184501845018,candles
2021,3,doji at a new 1h low,2069,0.004012715011898505,0.5732237796036733,0.4979044279505286,0.07562280441566532,0.01094534324905765,6.909130458030738,4.8763215687586126e-12,0.01107011070110701,candles
2021,3,squeeze: last hour's range under 40% of the previous day's median hourly range,2479,0.004807888117204637,0.509883017345704,0.4979044279505286,0.012036459345033557,0.01930800189082874,0.6233922812464012,0.5330267690425345,1.0,volatility
2021,5,failed breakout above the 1h high,44729,0.0867498433890797,0.4700306288984775,0.49699675529325515,-0.029527644971722944,0.0040081271460428525,-7.366943187137919,1.745270594710746e-13,0.007380073800738007,levels
2021,5,failed breakdown below the 1h low,45608,0.08845462356165233,0.5161155937554815,0.49699675529325515,0.020974094056544712,0.0042255102215237395,4.9636831901879415,6.916873831475101e-07,0.14391143911439114,levels
2021,5,wick rejection at the 1h high,13030,0.025271087199796746,0.4205679201841903,0.49699675529325515,-0.07841034989872203,0.005053938670512335,-15.514701505226874,0.0,0.0036900369003690036,levels
2021,5,wick rejection at the 1h low,13379,0.025947956688110563,0.5660363255848718,0.49699675529325515,0.07087872846801302,0.004802531447115305,14.758618292981117,0.0,0.0036900369003690036,levels
2021,5,failed breakout above the 4h high,20247,0.039268127592807726,0.4484615004692053,0.49699675529325515,-0.050519043052502044,0.006009946453723263,-8.405905683436604,0.0,0.0036900369003690036,levels
2021,5,failed breakdown below the 4h low,19494,0.037807718639511725,0.5271365548373859,0.49699675529325515,0.031324092001148274,0.005686636606928193,5.508368859544363,3.6217389753900875e-08,0.07749077490774908,levels
2021,5,wick rejection at the 4h high,5836,0.011318654251574353,0.43420150788211104,0.49699675529325515,-0.06351414202480832,0.007780322942675709,-8.163432609773567,2.220446049250313e-16,0.0036900369003690036,levels
2021,5,wick rejection at the 4h low,5770,0.011190650279572311,0.5766031195840554,0.49699675529325515,0.08050729325456707,0.007569064356437609,10.63635998630324,0.0,0.0036900369003690036,levels
2021,5,failed breakout above the daily high,6409,0.012429961463046611,0.47230457169605244,0.49699675529325515,-0.025002969545110165,0.010375842820488037,-2.409729019385254,0.01596437294626063,1.0,levels
2021,5,failed breakdown below the daily low,5761,0.011173195192481123,0.5426141294914077,0.49699675529325515,0.04613282525955825,0.009810524179746696,4.702381280991795,2.571447381916059e-06,0.15867158671586715,levels
2021,5,wick rejection at the daily high,2047,0.003970062586184492,0.4421104054714216,0.49699675529325515,-0.05510512059943257,0.014275353461293378,-3.8601580513467666,0.00011331370906897398,0.28044280442804426,levels
2021,5,wick rejection at the daily low,1706,0.0033087087308406177,0.597303634232122,0.49699675529325515,0.10063986694529936,0.013906738134199185,7.2367701163371825,4.594102875898898e-13,0.007380073800738007,levels
2021,5,"liquidity sweep of the 1h low (took it out, closed back above)",12316,0.023886316957229217,0.5654433257551152,0.49699675529325515,0.07012151519943494,0.00514325439451528,13.633685954599464,0.0,0.0036900369003690036,levels
2021,5,"liquidity sweep of the 1h high (took it out, closed back below)",11756,0.022800222649333117,0.4219972779857094,0.49699675529325515,-0.07674938026580441,0.005242014074259808,-14.641200725246376,0.0,0.0036900369003690036,levels
2021,5,retest from above of a 4h high broken in the last hour,5617,0.010893913799022128,0.4616343243724408,0.49699675529325515,-0.035751909137104465,0.009197684330483296,-3.8870554644514383,0.00010146757586348976,0.26199261992619927,levels
2021,5,retest from below of a 4h low broken in the last hour,4502,0.008731422453836143,0.49822301199466906,0.49699675529325515,0.001237057977212852,0.010032727333352903,0.12330226229714862,0.9018677494507954,1.0,levels
2021,5,acceptance above the 4h high (last 5 closes all above it),16235,0.03148703765838067,0.446997228210656,0.49699675529325515,-0.051625046877754655,0.006570751142940573,-7.856795327459499,3.9968028886505635e-15,0.007380073800738007,levels
2021,5,acceptance below the 4h low (last 5 closes all below it),13229,0.025657038569924108,0.5686748809433819,0.49699675529325515,0.07356560111536331,0.0069654436945014615,10.561509695848404,0.0,0.0036900369003690036,levels
2021,5,"support held (4h low tested within 3 bp, no close below, price now 3+ bp above)",8206,0.015915160518920345,0.4979283451133317,0.49699675529325515,0.0009466560023095316,0.009638472600667558,0.09821639190466408,0.9217604665376937,1.0,levels
2021,5,"resistance held (4h high tested within 3 bp, no close above, price now 3+ bp below)",10305,0.019986074719409476,0.4732654051431344,0.49699675529325515,-0.024215319331637175,0.008440292133223474,-2.869014359860668,0.0041175310443291036,0.9630996309963099,levels
2021,5,"repeated rejection at the 4h high (2+ touches in 30 minutes, no close above)",5306,0.010290743567315543,0.4900113079532605,0.49699675529325515,-0.007058080233757813,0.011317099879205341,-0.6236651005198528,0.5328475472317256,1.0,levels
2021,5,"repeated rejection at the 4h low (2+ touches in 30 minutes, no close below)",4031,0.007817939562730674,0.47878938228727363,0.49699675529325515,-0.018350838754287946,0.012160804859834425,-1.5090151487339796,0.13129491154826267,1.0,levels
2021,5,rejecting the ups (3+ up-minutes undone by the next minute in the last 15),114170,0.2214274770223173,0.5092756415871069,0.49699675529325515,0.015771024447267468,0.002693594358242139,5.855010944394672,4.769786121627817e-09,0.04059040590405904,levels
2021,5,rejecting the downs (3+ down-minutes undone by the next minute in the last 15),115534,0.2240728924436928,0.48506067477971854,0.49699675529325515,-0.015382992032754117,0.0026405368621016303,-5.825706224192089,5.6871582998496706e-09,0.04059040590405904,levels
2021,5,lower highs (three successive 10-minute highs declining),151909,0.2946205361039082,0.538921327900256,0.49699675529325515,0.05943548792225217,0.0024956609015185033,23.815530341517235,0.0,0.0036900369003690036,levels
2021,5,higher lows (three successive 10-minute lows rising),150740,0.2923533142361751,0.4592410773517315,0.49699675529325515,-0.053353853979787536,0.0024355661425129555,-21.906140444512165,0.0,0.0036900369003690036,levels
2021,5,approaching the previous day's high from below (within 10 bp),4839,0.009385018492695046,0.5118826203761108,0.49699675529325515,0.015026892749194554,0.012379503651135637,1.2138526044875844,0.22480401431041974,1.0,levels
2021,5,approaching the previous day's low from above (within 10 bp),3012,0.005841635813184021,0.4913678618857902,0.49699675529325515,-0.005661968565812137,0.012658904537916684,-0.4472716062320464,0.6546789653770264,1.0,levels
2021,5,broke above the previous day's high in the last 5 minutes,3787,0.007344712757147373,0.49458674412463693,0.49699675529325515,-0.0024278429779104327,0.010945091058828122,-0.22182026306233207,0.8244538047426873,1.0,levels
2021,5,broke below the previous day's low in the last 5 minutes,3028,0.0058726670791239095,0.51221928665786,0.49699675529325515,0.015312456322751966,0.013465255205664679,1.1371827781110446,0.2554618848645829,1.0,levels
2021,5,crossed above the daily open in the last 5 minutes,8626,0.01672973124984242,0.4732204961743566,0.49699675529325515,-0.024180797360140616,0.007587671495231236,-3.1868534866510716,0.0014382961334451494,0.7158671586715867,levels
2021,5,crossed below the daily open in the last 5 minutes,8658,0.016791793781722197,0.5112035112035112,0.49699675529325515,0.01444938703766474,0.008104372511180617,1.7829124978807032,0.07460054831391827,1.0,levels
2021,5,reclaimed the session VWAP in the last 5 minutes after 30+ minutes below,4062,0.007878062640489208,0.43525356967011325,0.49699675529325515,-0.06223346475683089,0.012463168210243007,-4.9933904210394555,5.932845323908253e-07,0.13284132841328414,levels
2021,5,lost the session VWAP in the last 5 minutes after 30+ minutes above,3968,0.0076957539530923625,0.5410786290322581,0.49699675529325515,0.044423747973077965,0.0121053948336595,3.669747958121621,0.00024278973356639533,0.3726937269372694,levels
2021,5,"approaching a $1,000 level from below (within 10 bp, rising)",12995,0.025203206305553238,0.48695652173913045,0.49699675529325515,-0.010299822095303113,0.0062228041306543165,-1.6551737575291647,0.09788925680199956,1.0,round numbers
2021,5,"approaching a $1,000 level from above (within 10 bp, falling)",11150,0.02162491345185984,0.4798206278026906,0.49699675529325515,-0.017555769486286343,0.006934809075439013,-2.5315433049863687,0.011356179357680185,0.992619926199262,round numbers
2021,5,"crossed a $1,000 level upward in the last 3 minutes",17402,0.03375038061787129,0.47080795310883805,0.49699675529325515,-0.02710355756845073,0.0053447612071803605,-5.071051169140869,3.9562437259554883e-07,0.12546125461254612,round numbers
2021,5,"crossed a $1,000 level downward in the last 3 minutes",17367,0.03368249972362779,0.5173029308458571,0.49699675529325515,0.021013978890783047,0.004960488051435171,4.236272454018566,2.272609985687346e-05,0.1918819188191882,round numbers
2021,5,"approaching a $100 level from below (within 10 bp, rising)",121250,0.235158812200718,0.48131958762886595,0.49699675529325515,-0.020497284814770422,0.0021997207548439452,-9.3181303897933,0.0,0.0036900369003690036,round numbers
2021,5,"approaching a $100 level from above (within 10 bp, falling)",120456,0.233618885628451,0.5097878063359235,0.49699675529325515,0.016690196043201433,0.0021991515081561243,7.589379804575314,3.219646771412954e-14,0.007380073800738007,round numbers
2021,5,crossed a $100 level upward in the last 3 minutes,130412,0.25292809085954665,0.477831794620127,0.49699675529325515,-0.025653435015617843,0.002114955562077221,-12.129538547099358,0.0,0.0036900369003690036,round numbers
2021,5,crossed a $100 level downward in the last 3 minutes,131566,0.25516622091546115,0.5178085523615524,0.49699675529325515,0.02794153226224061,0.0020601488509721356,13.562870590178793,0.0,0.0036900369003690036,round numbers
2021,5,10 minutes before funding settlement (00:00 UTC),3586,0.006954882478777524,0.4902398215281651,0.49699675529325515,-0.006804256569889089,0.015028428907302386,-0.4527590084005965,0.6507222837200453,1.0,time
2021,5,10 minutes after funding settlement (00:00 UTC),3590,0.006962640295262496,0.5061281337047354,0.49699675529325515,0.009195402692800336,0.014853183524592466,0.6190863175948427,0.5358594964533332,1.0,time
2021,5,10 minutes before funding settlement (08:00 UTC),3570,0.006923851212837635,0.5330532212885154,0.49699675529325515,0.036307856189372545,0.013838725878902357,2.623641548151857,0.008699528802583512,0.992619926199262,time
2021,5,10 minutes after funding settlement (08:00 UTC),3570,0.006923851212837635,0.5011204481792717,0.49699675529325515,0.004152443788981108,0.015162173923980676,0.27386862924804956,0.7841855804195612,1.0,time
2021,5,10 minutes before funding settlement (16:00 UTC),3590,0.006962640295262496,0.5286908077994429,0.49699675529325515,0.031916274041906556,0.014181514176890049,2.2505547463977273,0.02441375236497656,1.0,time
2021,5,10 minutes after funding settlement (16:00 UTC),3590,0.006962640295262496,0.46295264623955434,0.49699675529325515,-0.03428280791351418,0.013826841880708126,-2.4794387763519015,0.01315893186291861,0.992619926199262,time
2021,5,10 minutes after the US equity open (13:30 UTC),3590,0.006962640295262496,0.5011142061281337,0.49699675529325515,0.004146320170776707,0.01455563146229313,0.28486020558557656,0.7757512447056079,1.0,time
2021,5,10 minutes after the US equity close (20:00 UTC),3590,0.006962640295262496,0.49415041782729807,0.49699675529325515,-0.002866294443145012,0.014616479205080477,-0.1961001964240971,0.8445317425203125,1.0,time
2021,5,10 minutes after the London open (07:00 UTC),3561,0.0069063961257464475,0.485256950294861,0.49699675529325515,-0.011821448605242146,0.014668271924003853,-0.805919652055057,0.4202891790928436,1.0,time
2021,5,last 5 minutes of the hour,42971,0.08334028304393445,0.513485839286961,0.49699675529325515,0.01798822800729244,0.004483717854305244,4.011900077526116,6.0231995218762435e-05,0.22140221402214022,time
2021,5,first 5 minutes of the hour,42966,0.08333058577332823,0.48768793930084253,0.49699675529325515,-0.010155041553629007,0.0043106555534227695,-2.355799814616514,0.018482875139798738,1.0,time
2021,5,last 5 minutes of a 4-hour block,10736,0.020821979445665224,0.5192809239940388,0.49699675529325515,0.022758036059845443,0.008049495930792355,2.827262260334511,0.0046947861065727015,0.9704797047970479,time
2021,5,first 5 minutes of a 4-hour block,10737,0.020823918899786464,0.4860761851541399,0.49699675529325515,-0.011152815463838506,0.00792124443522589,-1.407962543642988,0.1591421614974755,1.0,time
2021,5,last 5 minutes of the UTC day,1791,0.0034735623311462757,0.490787269681742,0.49699675529325515,-0.006231129829368909,0.01885326441538739,-0.33050668001469674,0.7410171460355588,1.0,time
2021,5,first 5 minutes of the UTC day,1795,0.003481320147631248,0.46629526462395543,0.49699675529325515,-0.0308087457766954,0.019419675644638035,-1.586470667196854,0.11263258101361662,1.0,time
2021,5,Saturday or Sunday,146523,0.2841746362068932,0.4975123359472574,0.49699675529325515,0.0007202603876317326,0.0026235777330281935,0.27453365629856585,0.783674542796283,1.0,time
2021,5,first hour of the week (Monday 00:00 to 01:00 UTC),3060,0.005934729611003687,0.4973856209150327,0.49699675529325515,0.000391187212108679,0.019683061918380915,0.01987430683959649,0.9841436412683267,1.0,time
2021,5,volume climax at a new 1h high (hour's largest volume),3756,0.00728458967938884,0.4645899893503727,0.49699675529325515,-0.032644568227681914,0.009595931925876868,-3.401917445834619,0.0006691484770684486,0.5498154981549815,volume and flow
2021,5,volume climax at a new 1h low (hour's largest volume),4354,0.008444383243892174,0.5551217271474507,0.49699675529325515,0.0586199814432522,0.00856147550760901,6.846948448448367,7.544187496932864e-12,0.01107011070110701,volume and flow
2021,5,"absorption: heavy taker selling in the last 5 minutes, price did not fall",3289,0.006378864604768342,0.5053207661903314,0.49699675529325515,0.008377449513254587,0.012021802967806337,0.6968546677806059,0.4858937499191782,1.0,volume and flow
2021,5,"absorption: heavy taker buying in the last 5 minutes, price did not rise",2384,0.004623658625043396,0.4899328859060403,0.49699675529325515,-0.007096682022256273,0.013753975579012272,-0.5159731440184739,0.6058731663902361,1.0,volume and flow
2021,5,delta divergence: new 4h high with net taker selling over the hour,3076,0.0059657608769435756,0.43140442132639795,0.49699675529325515,-0.0659859906080531,0.011725838967409072,-5.627400375483179,1.8294575854227446e-08,0.055350553505535055,volume and flow
2021,5,delta divergence: new 4h low with net taker buying over the hour,1342,0.002602747430708153,0.5588673621460507,0.49699675529325515,0.06203206063924588,0.01799717147746057,3.446767216555893,0.0005673371943912819,0.5239852398523985,volume and flow
2021,5,taker buying above 70% of the last minute,29703,0.05760760576328187,0.48294785038548294,0.49699675529325515,-0.014907701922988237,0.003170652482568253,-4.701777317113253,2.5790668287672958e-06,0.15867158671586715,volume and flow
2021,5,taker selling above 70% of the last minute,36438,0.07066982926985371,0.5074647346177068,0.49699675529325515,0.011264004606917344,0.002883031596942876,3.907000054686021,9.344913248843234e-05,0.25461254612546125,volume and flow
2021,5,bullish engulfing,45334,0.08792321313243175,0.4938015617417391,0.49699675529325515,-0.003503206744784715,0.002359118898449397,-1.4849640461476126,0.1375533485272349,1.0,candles
2021,5,bearish engulfing,45158,0.08758186920709297,0.4990699322379202,0.49699675529325515,0.0022721785930134852,0.0022922579510434504,0.9912403584331227,0.32156822799117446,1.0,candles
2021,5,pin bar at a new 1h high (long upper wick),2258,0.0043792874057667725,0.3954827280779451,0.49699675529325515,-0.10196054173160041,0.01029035069758698,-9.908364129466403,0.0,0.0036900369003690036,candles
2021,5,pin bar at a new 1h low (long lower wick),2443,0.004738086418196734,0.5710192386410151,0.49699675529325515,0.0743748779468148,0.010478541530816428,7.097827281409833,1.2674306049120787e-12,0.007380073800738007,candles
2021,5,inside bar (last minute inside the previous one),91338,0.17714586052609632,0.49481048413584705,0.49699675529325515,-0.002656936451466252,0.0018206582420646183,-1.4593273960374342,0.14447501852863276,1.0,candles
2021,5,doji at a new 1h high,2038,0.003952607499093305,0.4254170755642787,0.49699675529325515,-0.07186372884251219,0.011427718202235074,-6.288545759595019,3.2045366360478056e-10,0.02952029520295203,candles
2021,5,doji at a new 1h low,2068,0.004010791122730596,0.5836557059961315,0.49699675529325515,0.08700792130123858,0.011832178260206822,7.353499870252776,1.9317880628477724e-13,0.007380073800738007,candles
2021,5,squeeze: last hour's range under 40% of the previous day's median hourly range,2479,0.004807906766561483,0.49294070189592576,0.49699675529325515,-0.004075648736467596,0.022906504542832527,-0.17792538922062956,0.8587815712623426,1.0,volatility
2021,10,failed breakout above the 1h high,44729,0.08675068463394388,0.45898633995841626,0.4968056880862057,-0.04141185489159699,0.005208775679698121,-7.950400907646122,1.7763568394002505e-15,0.007380073800738007,levels
2021,10,failed breakdown below the 1h low,45608,0.08845548133839148,0.5245790212243466,0.4968056880862057,0.030468433049128107,0.005400843517220246,5.641421187631423,1.6865223440021282e-08,0.055350553505535055,levels
2021,10,wick rejection at the 1h high,13030,0.025271332262744278,0.42133537989255565,0.4968056880862057,-0.0774269914199277,0.005656269631035553,-13.688702355186757,0.0,0.0036900369003690036,levels
2021,10,wick rejection at the 1h low,13379,0.02594820831490834,0.5747066297929592,0.4968056880862057,0.07997618029323295,0.00538828733491356,14.842597530949218,0.0,0.0036900369003690036,levels
2021,10,failed breakout above the 4h high,20247,0.03926850839015989,0.4237664839235442,0.4968056880862057,-0.07602457585758332,0.007802544209036789,-9.743562333108322,0.0,0.0036900369003690036,levels
2021,10,failed breakdown below the 4h low,19494,0.03780808527474574,0.549810198009644,0.4968056880862057,0.05508725350136967,0.00705307678141302,7.810386191532915,5.773159728050814e-15,0.007380073800738007,levels
2021,10,wick rejection at the 4h high,5836,0.01131876401269191,0.42563399588759426,0.4968056880862057,-0.07198649029435517,0.008240779643353492,-8.735398033900234,0.0,0.0036900369003690036,levels
2021,10,wick rejection at the 4h low,5770,0.011190758799388679,0.5890814558058926,0.4968056880862057,0.09332009034183952,0.00827601841127748,11.275964564635943,0.0,0.0036900369003690036,levels
2021,10,failed breakout above the daily high,6409,0.012430082000915431,0.44109845529723823,0.4968056880862057,-0.05640839374880502,0.01378980415456126,-4.0905870102692345,4.302827440394452e-05,0.2029520295202952,levels
2021,10,failed breakdown below the daily low,5761,0.011173303543029147,0.5702135045998958,0.4968056880862057,0.07423729231493753,0.011781236179436955,6.301316023569052,2.951290323238709e-10,0.02952029520295203,levels
2021,10,wick rejection at the daily high,2047,0.003970101085329051,0.4509037616023449,0.4968056880862057,-0.046084888148315684,0.013857303746321947,-3.32567496476706,0.0008820472138320046,0.6309963099630996,levels
2021,10,wick rejection at the daily low,1706,0.003308740816595682,0.6213364595545134,0.4968056880862057,0.12494417937439989,0.015111421204458417,8.268195140873766,2.220446049250313e-16,0.0036900369003690036,levels
2021,10,"liquidity sweep of the 1h low (took it out, closed back above)",12316,0.02388654859155476,0.5727508931471257,0.4968056880862057,0.07780366611210798,0.005545056943951096,14.031175314976922,0.0,0.0036900369003690036,levels
2021,10,"liquidity sweep of the 1h high (took it out, closed back below)",11756,0.022800443751406118,0.42335828513099694,0.4968056880862057,-0.07516110960709865,0.005735878429224081,-13.103678980390463,0.0,0.0036900369003690036,levels
2021,10,retest from above of a 4h high broken in the last hour,5617,0.010894019441276638,0.4413387929499733,0.4968056880862057,-0.05607780786534161,0.009965218554561926,-5.627353535529839,1.829954254795041e-08,0.055350553505535055,levels
2021,10,retest from below of a 4h low broken in the last hour,4502,0.00873150712562354,0.5166592625499777,0.4968056880862057,0.020028453044243055,0.010705639499362114,1.8708320082547552,0.061368369529282374,1.0,levels
2021,10,acceptance above the 4h high (last 5 closes all above it),16235,0.031487342999666414,0.44323991376655375,0.4968056880862057,-0.055307252757599734,0.008024171019820087,-6.892581504181326,5.4789506265251475e-12,0.01107011070110701,levels
2021,10,acceptance below the 4h low (last 5 closes all below it),13229,0.025657287375582812,0.5819789855620229,0.4968056880862057,0.08741615898824828,0.008863136924031607,9.86289163052724,0.0,0.0036900369003690036,levels
2021,10,"support held (4h low tested within 3 bp, no close below, price now 3+ bp above)",8206,0.015915314854035266,0.4975627589568608,0.4968056880862057,0.000769314757238404,0.012791645946891682,0.060141967689884696,0.9520425650553386,1.0,levels
2021,10,"resistance held (4h high tested within 3 bp, no close above, price now 3+ bp below)",10305,0.019986268531663836,0.46870451237263466,0.4968056880862057,-0.028674267320180857,0.010088560618625543,-2.842255541116768,0.004479557022748937,0.966789667896679,levels
2021,10,"repeated rejection at the 4h high (2+ touches in 30 minutes, no close above)",5306,0.010290843360408376,0.4653222766679231,0.4968056880862057,-0.03181077108064734,0.015439380892999807,-2.0603657168060603,0.03936359177037008,1.0,levels
2021,10,"repeated rejection at the 4h low (2+ touches in 30 minutes, no close below)",4031,0.00781801537614138,0.4954105680972463,0.4968056880862057,-0.0014061130020298629,0.016222786903621538,-0.08667518166782832,0.9309297043185618,1.0,levels
2021,10,rejecting the ups (3+ up-minutes undone by the next minute in the last 15),114165,0.22141992692066004,0.5121534620943371,0.4968056880862057,0.019712518389315925,0.00336153615895571,5.864139922100313,4.514666640531573e-09,0.04059040590405904,levels
2021,10,rejecting the downs (3+ down-minutes undone by the next minute in the last 15),115534,0.2240750653602377,0.483545969151938,0.4968056880862057,-0.017088919742505537,0.0034042468981760154,-5.019882591847767,5.17030709357158e-07,0.12915129151291513,levels
2021,10,lower highs (three successive 10-minute highs declining),151909,0.29462339314667846,0.5431541251670408,0.4968056880862057,0.06570736345736644,0.003178031106145934,20.67549412285368,0.0,0.0036900369003690036,levels
2021,10,higher lows (three successive 10-minute lows rising),150740,0.2923561492928682,0.45161868117288045,0.4968056880862057,-0.06385557772906653,0.0031715818116583782,-20.133668787713628,0.0,0.0036900369003690036,levels
2021,10,approaching the previous day's high from below (within 10 bp),4839,0.009385109502641563,0.5054763380863815,0.4968056880862057,0.008752795948607728,0.01502016986602165,0.5827361492367766,0.5600709341257115,1.0,levels
2021,10,approaching the previous day's low from above (within 10 bp),3012,0.00584169246165662,0.4960159362549801,0.4968056880862057,-0.0007943924274808056,0.015655851424309537,-0.050740927845503,0.9595319629322618,1.0,levels
2021,10,broke above the previous day's high in the last 5 minutes,3787,0.007344783981505186,0.4961711116979139,0.4968056880862057,-0.0006392717008399385,0.013582175608337766,-0.047066958878628044,0.9624598611345445,1.0,levels
2021,10,broke below the previous day's low in the last 5 minutes,3028,0.00587272402851801,0.4990092470277411,0.4968056880862057,0.0022165762823296853,0.014724933516882253,0.15053217590343365,0.8803447672484068,1.0,levels
2021,10,crossed above the daily open in the last 5 minutes,8626,0.01672989348414675,0.47820542545791794,0.4968056880862057,-0.01891673763397167,0.008849344989755622,-2.13764269060258,0.03254575410727023,1.0,levels
2021,10,crossed below the daily open in the last 5 minutes,8658,0.016791956617869527,0.4963039963039963,0.4968056880862057,-0.0005102600467787322,0.00889167266604104,-0.05738628331736847,0.9542374893228283,1.0,levels
2021,10,reclaimed the session VWAP in the last 5 minutes after 30+ minutes below,4062,0.007878139036935322,0.4404234367306745,0.4968056880862057,-0.05682996572699267,0.013026416090196096,-4.362670847721798,1.2848417773492216e-05,0.18450184501845018,levels
2021,10,lost the session VWAP in the last 5 minutes after 30+ minutes above,3968,0.007695828581624657,0.5299899193548387,0.4968056880862057,0.033441592028380096,0.012740937514419678,2.624735580920341,0.00867162809457267,0.992619926199262,levels
2021,10,"approaching a $1,000 level from below (within 10 bp, rising)",12995,0.025203450710234988,0.4886494805694498,0.4968056880862057,-0.008367086981071581,0.006599791674330519,-1.2677804685282488,0.2048763589925322,1.0,round numbers
2021,10,"approaching a $1,000 level from above (within 10 bp, falling)",11150,0.021625123156530982,0.4802690582959641,0.4968056880862057,-0.016902140663703158,0.007601285168480646,-2.223589865275582,0.026176051052087868,1.0,round numbers
2021,10,"crossed a $1,000 level upward in the last 3 minutes",17402,0.033750707907619026,0.47281921618204803,0.4968056880862057,-0.024824309937879208,0.005938759507929939,-4.18004970646339,2.9144538336023373e-05,0.19557195571955718,round numbers
2021,10,"crossed a $1,000 level downward in the last 3 minutes",17367,0.03368282635510973,0.5221972706857834,0.4968056880862057,0.02627665459344175,0.005546880015041872,4.737195418358692,2.1669618752717668e-06,0.15867158671586715,round numbers
2021,10,"approaching a $100 level from below (within 10 bp, rising)",121250,0.2351610926214692,0.48316701030927833,0.4968056880862057,-0.01783209202010083,0.002161799768195889,-8.248725105092618,2.220446049250313e-16,0.0036900369003690036,round numbers
2021,10,"approaching a $100 level from above (within 10 bp, falling)",120455,0.2336192116430439,0.5079988377402349,0.4968056880862057,0.014605206477091126,0.0022360676408807365,6.5316478849175,6.504996541423225e-11,0.02214022140221402,round numbers
2021,10,crossed a $100 level upward in the last 3 minutes,130412,0.2529305435954725,0.48011686041161855,0.4968056880862057,-0.022339057675984486,0.0020472555705463515,-10.911709313372564,0.0,0.0036900369003690036,round numbers
2021,10,crossed a $100 level downward in the last 3 minutes,131564,0.25516481640949257,0.5173831747286491,0.4968056880862057,0.027626899340668698,0.002034030492342063,13.582342764615095,0.0,0.0036900369003690036,round numbers
2021,10,10 minutes before funding settlement (00:00 UTC),3581,0.006945252558164793,0.4783580005585032,0.4968056880862057,-0.01857670745266038,0.01762715663776919,-1.05386863204339,0.29194306596987296,1.0,time
2021,10,10 minutes after funding settlement (00:00 UTC),3590,0.006962707814524325,0.53008356545961,0.4968056880862057,0.033511206110060976,0.019784262760398096,1.6938314313707927,0.09029731956163611,1.0,time
2021,10,10 minutes before funding settlement (08:00 UTC),3570,0.006923918355947588,0.534733893557423,0.4968056880862057,0.0381926482494942,0.017531823267245894,2.1784755451447095,0.029370650952778243,1.0,time
2021,10,10 minutes after funding settlement (08:00 UTC),3570,0.006923918355947588,0.5140056022408963,0.4968056880862057,0.017319835280108553,0.019397148343426332,0.8929062650581946,0.3719073717629158,1.0,time
2021,10,10 minutes before funding settlement (16:00 UTC),3590,0.006962707814524325,0.5097493036211699,0.4968056880862057,0.013034370045134858,0.01701562916018607,0.7660233966330942,0.4436623809717357,1.0,time
2021,10,10 minutes after funding settlement (16:00 UTC),3590,0.006962707814524325,0.46629526462395543,0.4968056880862057,-0.03072434812100855,0.01901854404470118,-1.6154942275704203,0.10620370939183532,1.0,time
2021,10,10 minutes after the US equity open (13:30 UTC),3590,0.006962707814524325,0.4969359331476323,0.4968056880862057,0.0001311582781951537,0.018686354171715637,0.007018933548507807,0.9943997472715236,1.0,time
2021,10,10 minutes after the US equity close (20:00 UTC),3590,0.006962707814524325,0.4894150417827298,0.4968056880862057,-0.007442466019791205,0.018114163659780094,-0.4108644572046202,0.6811719258863631,1.0,time
2021,10,10 minutes after the London open (07:00 UTC),3561,0.0069064630995880555,0.4776748104465038,0.4968056880862057,-0.019263923214536405,0.018910933809760257,-1.0186658897084164,0.30836161160878817,1.0,time
2021,10,last 5 minutes of the hour,42970,0.08333915175211984,0.49988363974866185,0.4968056880862057,0.0033577867630535385,0.0049083656460103976,0.6840946671898424,0.49391538910795263,1.0,time
2021,10,first 5 minutes of the hour,42966,0.0833313938604045,0.48729227761485827,0.4968056880862057,-0.010378244010571747,0.004903269920807371,-2.1165965117545205,0.03429410642662112,1.0,time
2021,10,last 5 minutes of a 4-hour block,10735,0.020820241891063684,0.5011644154634374,0.4968056880862057,0.0044514067423632175,0.009536324078779898,0.46678434012833403,0.6406541808853978,1.0,time
2021,10,first 5 minutes of a 4-hour block,10737,0.020824120836921357,0.4975318990407004,0.4968056880862057,0.0007416552735300397,0.009327668310726135,0.07951132574870726,0.9366259234902874,1.0,time
2021,10,last 5 minutes of the UTC day,1790,0.003471656542617978,0.47039106145251397,0.4968056880862057,-0.026506648613774608,0.021431843347811327,-1.2367880906745023,0.21616576457004988,1.0,time
2021,10,first 5 minutes of the UTC day,1795,0.0034813539072621625,0.5225626740947075,0.4968056880862057,0.025846968453116903,0.022638729423367573,1.1417146240741676,0.2535726600662609,1.0,time
2021,10,Saturday or Sunday,146523,0.2841773919519631,0.49704824498542893,0.4968056880862057,0.00033885057065274893,0.003366441323011086,0.10065542159804133,0.9198239999889815,1.0,time
2021,10,first hour of the week (Monday 00:00 to 01:00 UTC),3060,0.00593478716224079,0.4980392156862745,0.4968056880862057,0.0012408920301591464,0.0246094451653676,0.05042340539661699,0.9597849852978515,1.0,time
2021,10,volume climax at a new 1h high (hour's largest volume),3756,0.007284660320711243,0.4629925452609159,0.4968056880862057,-0.03406126758977418,0.009348769806979525,-3.6433956866009267,0.000269064724213397,0.3763837638376384,volume and flow
2021,10,volume climax at a new 1h low (hour's largest volume),4354,0.008444465132155686,0.5661460725769407,0.4968056880862057,0.06993091365273535,0.007928177096887444,8.820553930384554,0.0,0.0036900369003690036,volume and flow
2021,10,"absorption: heavy taker selling in the last 5 minutes, price did not fall",3289,0.00637892646294443,0.5159622985709942,0.4968056880862057,0.01927959359456366,0.012370132343922412,1.5585600103976207,0.11910055412239484,1.0,volume and flow
2021,10,"absorption: heavy taker buying in the last 5 minutes, price did not rise",2384,0.004623703462347073,0.48322147651006714,0.4968056880862057,-0.013647312703135794,0.015143547204494607,-0.9011965637142973,0.36748381768674987,1.0,volume and flow
2021,10,delta divergence: new 4h high with net taker selling over the hour,3076,0.005965818729102179,0.4232769830949285,0.4968056880862057,-0.07396999658227937,0.014223648430544295,-5.200493877747565,1.9875966650317878e-07,0.11439114391143912,volume and flow
2021,10,delta divergence: new 4h low with net taker buying over the hour,1342,0.0026027726704990653,0.5819672131147541,0.4968056880862057,0.08538375954439498,0.020088484611977545,4.250383301360911,2.1340500093947057e-05,0.1918819188191882,volume and flow
2021,10,taker buying above 70% of the last minute,29703,0.05760816440524123,0.4842945157054843,0.4968056880862057,-0.013275977049212628,0.003462716681880973,-3.833977269546933,0.00012608779821654537,0.28413284132841327,volume and flow
2021,10,taker selling above 70% of the last minute,36436,0.07066663563509981,0.5104292458008562,0.4968056880862057,0.014659494899293524,0.0030630275007503204,4.785949488113485,1.7018085713971232e-06,0.15498154981549817,volume and flow
2021,10,bullish engulfing,45334,0.08792406575589018,0.48863987294304495,0.4968056880862057,-0.008952999236766623,0.002358454682254689,-3.796129433450692,0.00014697278415254367,0.31365313653136534,candles
2021,10,bearish engulfing,45157,0.08758077904748605,0.5051929933343667,0.4968056880862057,0.009192381150635087,0.002256800512859634,4.073191714666552,4.637322124279031e-05,0.2029520295202952,candles
2021,10,pin bar at a new 1h high (long upper wick),2258,0.004379329873313628,0.4136403897254207,0.4968056880862057,-0.08353110864020402,0.011140866242763248,-7.497721166382656,6.483702463810914e-14,0.007380073800738007,candles
2021,10,pin bar at a new 1h low (long lower wick),2443,0.004738132365148447,0.5771592304543594,0.4968056880862057,0.08073608060470205,0.01051605385486155,7.677412242176558,1.6209256159527285e-14,0.007380073800738007,candles
2021,10,inside bar (last minute inside the previous one),91337,0.17714563890117221,0.4947173653612446,0.4968056880862057,-0.0025379007801238918,0.001798814564774833,-1.4108740443968855,0.15828175669226896,1.0,candles
2021,10,doji at a new 1h high,2038,0.003952645828969519,0.4421000981354269,0.4968056880862057,-0.0549226798522125,0.012006552036690852,-4.574392355471757,4.77604081750016e-06,0.16605166051660517,candles
2021,10,doji at a new 1h low,2068,0.004010830016834625,0.5773694390715667,0.4968056880862057,0.08088817972460755,0.011433490326089271,7.074670762613455,1.4981349494291862e-12,0.01107011070110701,candles
2021,10,squeeze: last hour's range under 40% of the previous day's median hourly range,2479,0.004807953390586575,0.4945542557482856,0.4968056880862057,-0.002262309416148023,0.028298693023915633,-0.07994395409837877,0.9362818313621346,1.0,volatility
2021,15,failed breakout above the 1h high,44726,0.08674570741991354,0.4607163618476949,0.49937839289835706,-0.04233435458752227,0.0056810296532694956,-7.451880587026752,9.192646643896296e-14,0.007380073800738007,levels
2021,15,failed breakdown below the 1h low,45608,0.08845633913176713,0.5250613927381161,0.49937839289835706,0.028175282153019843,0.005547417998481285,5.078990290750288,3.7944609987405897e-07,0.12546125461254612,levels
2021,15,wick rejection at the 1h high,13030,0.025271577330444783,0.41818879508825785,0.49937839289835706,-0.08329458331351386,0.005776547300602647,-14.419441056913708,0.0,0.0036900369003690036,levels
2021,15,wick rejection at the 1h low,13379,0.025948459946586396,0.5819567979669632,0.49937839289835706,0.08477827062834664,0.005673633511084709,14.94250033293715,0.0,0.0036900369003690036,levels
2021,15,failed breakout above the 4h high,20247,0.039268889194897585,0.4197658912431471,0.49937839289835706,-0.08286658021149529,0.008325722027533993,-9.95308033795114,0.0,0.0036900369003690036,levels
2021,15,failed breakdown below the 4h low,19494,0.037808451917090605,0.5585821278342054,0.49937839289835706,0.06153009247878666,0.008053075156633987,7.640570997043187,2.1538326677728037e-14,0.007380073800738007,levels
2021,15,wick rejection at the 4h high,5836,0.011318873775938277,0.4230637422892392,0.49937839289835706,-0.0771883356371697,0.009065848874403423,-8.514187331657796,0.0,0.0036900369003690036,levels
2021,15,wick rejection at the 4h low,5770,0.011190867321309778,0.6020797227036395,0.49937839289835706,0.10386365417870275,0.008651716067217175,12.004977205881712,0.0,0.0036900369003690036,levels
2021,15,failed breakout above the daily high,6409,0.012430202541122074,0.44016227180527384,0.49937839289835706,-0.059961454112360035,0.014931134313544862,-4.01586730473422,5.92275753723559e-05,0.22140221402214022,levels
2021,15,failed breakdown below the daily low,5761,0.01117341189567862,0.574726609963548,0.49937839289835706,0.07619962688264775,0.014603889544312547,5.217762477005555,1.8109748878281096e-07,0.1033210332103321,levels
2021,15,wick rejection at the daily high,2047,0.003970139585220297,0.4504152418172936,0.49937839289835706,-0.04915831645918084,0.015584252221895509,-3.1543583714664574,0.001608514303063524,0.7564575645756457,levels
2021,15,wick rejection at the daily low,1706,0.003308772902973047,0.6260257913247362,0.49937839289835706,0.12706783704242453,0.016129931416561424,7.877766728255118,3.3306690738754696e-15,0.007380073800738007,levels
2021,15,"liquidity sweep of the 1h low (took it out, closed back above)",12316,0.02388678023037283,0.5802208509256253,0.49937839289835706,0.08282077979268415,0.005901768559158805,14.033213766771095,0.0,0.0036900369003690036,levels
2021,15,"liquidity sweep of the 1h high (took it out, closed back below)",11756,0.022800664857767373,0.4214869003062266,0.49937839289835706,-0.07970890870570768,0.005890148396765355,-13.532580732512745,0.0,0.0036900369003690036,levels
2021,15,retest from above of a 4h high broken in the last hour,5617,0.010894125085580074,0.4327933060352501,0.49937839289835706,-0.06731846261540808,0.01106047819970848,-6.086397115920575,1.1547980349746467e-09,0.033210332103321034,levels
2021,15,retest from below of a 4h low broken in the last hour,4502,0.00873159179905314,0.5310972900932919,0.49937839289835706,0.03199829322968284,0.011872954397494724,2.695057368066258,0.007037651305016768,0.985239852398524,levels
2021,15,acceptance above the 4h high (last 5 closes all above it),16235,0.03148764834687422,0.4390514320911611,0.49937839289835706,-0.062288272012458734,0.00917928800171147,-6.785741116396515,1.1549206035965653e-11,0.01107011070110701,levels
2021,15,acceptance below the 4h low (last 5 closes all below it),13229,0.02565753618606708,0.5939224431173936,0.49937839289835706,0.09703369577977394,0.00986811243815891,9.833055347500427,0.0,0.0036900369003690036,levels
2021,15,"support held (4h low tested within 3 bp, no close below, price now 3+ bp above)",8206,0.015915469192143507,0.4950036558615647,0.49937839289835706,-0.0044454890813099834,0.013993294510267781,-0.3176870949187871,0.7507223012523472,1.0,levels
2021,15,"resistance held (4h high tested within 3 bp, no close above, price now 3+ bp below)",10305,0.01998646234767717,0.47268316351285783,0.49937839289835706,-0.027239653698508226,0.011495528717128821,-2.3695868514442484,0.017807972046201437,1.0,levels
2021,15,"repeated rejection at the 4h high (2+ touches in 30 minutes, no close above)",5306,0.010290943155436686,0.4636260836788541,0.49937839289835706,-0.03612405986612888,0.018321826567311187,-1.9716407495407402,0.048650631889151974,1.0,levels
2021,15,"repeated rejection at the 4h low (2+ touches in 30 minutes, no close below)",4031,0.00781809119102248,0.4919374844951625,0.49937839289835706,-0.007499540494672663,0.01870817078191113,-0.40086979010924706,0.6885159928397266,1.0,levels
2021,15,rejecting the ups (3+ up-minutes undone by the next minute in the last 15),114160,0.2214123766725692,0.5167484232655921,0.49937839289835706,0.022309666692364283,0.0038732533743792057,5.759929582696101,8.414903440723265e-09,0.04797047970479705,levels
2021,15,rejecting the downs (3+ down-minutes undone by the next minute in the last 15),115532,0.22407335933545255,0.4815116158293806,0.49937839289835706,-0.023026374057313337,0.0038802876043180583,-5.934192618013455,2.9529498846159186e-09,0.04059040590405904,levels
2021,15,lower highs (three successive 10-minute highs declining),151909,0.29462625024486083,0.5436544246884648,0.49937839289835706,0.06276960519933944,0.003629928077573633,17.292244875908608,0.0,0.0036900369003690036,levels
2021,15,higher lows (three successive 10-minute lows rising),150740,0.29235898440454694,0.4570784131617354,0.49937839289835706,-0.05977604294322564,0.0036011137651325424,-16.59932088844339,0.0,0.0036900369003690036,levels
2021,15,approaching the previous day's high from below (within 10 bp),4839,0.009385200514353209,0.5027898326100434,0.49937839289835706,0.003443760090660497,0.01736330983733386,0.19833546270399835,0.8427826075326226,1.0,levels
2021,15,approaching the previous day's low from above (within 10 bp),3012,0.005841749111227912,0.4907038512616202,0.49937839289835706,-0.008725513899806081,0.017905528775992413,-0.4873083620688811,0.6260398227157133,1.0,levels
2021,15,broke above the previous day's high in the last 5 minutes,3787,0.007344855207244389,0.4811196197517824,0.49937839289835706,-0.01839387348401511,0.014552440830150743,-1.2639717074750392,0.20624018205278016,1.0,levels
2021,15,broke below the previous day's low in the last 5 minutes,3028,0.005872780979016639,0.49966974900924704,0.49937839289835706,0.000293077289621857,0.015680460659069424,0.018690604567943223,0.9850879234157937,1.0,levels
2021,15,crossed above the daily open in the last 5 minutes,8626,0.0167300557215976,0.48585671226524463,0.49937839289835706,-0.013751748145862053,0.009440982290115644,-1.4566014132088374,0.14522643736893825,1.0,levels
2021,15,crossed below the daily open in the last 5 minutes,8658,0.016792119457175052,0.4984984984984985,0.49937839289835706,-0.0008949220376191502,0.010091003786707681,-0.08868513544688006,0.9293321461776771,1.0,levels
2021,15,reclaimed the session VWAP in the last 5 minutes after 30+ minutes below,4062,0.00787821543486314,0.42688330871491875,0.49937839289835706,-0.0730707513042001,0.01359108448371668,-5.376373856828373,7.600090135007065e-08,0.09225092250922509,levels
2021,15,lost the session VWAP in the last 5 minutes after 30+ minutes above,3968,0.007695903211604367,0.5231854838709677,0.49937839289835706,0.023991728996849482,0.012645460629646735,1.8972601868374737,0.05779360679761125,1.0,levels
2021,15,"approaching a $1,000 level from below (within 10 bp, rising)",12995,0.025203695119656942,0.4916506348595614,0.49937839289835706,-0.00792756189175775,0.00732718309205598,-1.0819385556712364,0.279279831351535,1.0,round numbers
2021,15,"approaching a $1,000 level from above (within 10 bp, falling)",11150,0.02162533286526933,0.4790134529147982,0.49937839289835706,-0.020815072862832462,0.008392724966191015,-2.4801328468028245,0.013133344121531776,0.992619926199262,round numbers
2021,15,"crossed a $1,000 level upward in the last 3 minutes",17402,0.033751035203714516,0.47701413630617173,0.49937839289835706,-0.023145439122825184,0.006329383620526541,-3.656823556683031,0.00025536002495729626,0.3763837638376384,round numbers
2021,15,"crossed a $1,000 level downward in the last 3 minutes",17367,0.03368315299292667,0.5197788910001727,0.49937839289835706,0.02111160347147123,0.0061082611677778405,3.4562378542094234,0.0005477717284076977,0.5166051660516605,round numbers
2021,15,"approaching a $100 level from below (within 10 bp, rising)",121250,0.23516337308644897,0.48550927835051544,0.49937839289835706,-0.018133434069194043,0.0020311380781732175,-8.92772099743364,0.0,0.0036900369003690036,round numbers
2021,15,"approaching a $100 level from above (within 10 bp, falling)",120454,0.2336195376639598,0.5106513689873312,0.49937839289835706,0.014709373011170535,0.002163602341158037,6.79855661613749,1.0567324792987165e-11,0.01107011070110701,round numbers
2021,15,crossed a $100 level upward in the last 3 minutes,130411,0.2529310568872321,0.4861246367254296,0.49937839289835706,-0.017741008102550526,0.0019873007885215462,-8.927188176556283,0.0,0.0036900369003690036,round numbers
2021,15,crossed a $100 level downward in the last 3 minutes,131562,0.2551634118762837,0.5172770252808562,0.49937839289835706,0.02403028082654579,0.0020562906464426417,11.686227755846621,0.0,0.0036900369003690036,round numbers
2021,15,10 minutes before funding settlement (00:00 UTC),3580,0.00694338041772773,0.4888268156424581,0.49937839289835706,-0.010625353124716519,0.019862173236622288,-0.5349542065782243,0.5926815234524603,1.0,time
2021,15,10 minutes after funding settlement (00:00 UTC),3590,0.006962775335095685,0.5267409470752089,0.49937839289835706,0.027554409338567565,0.020741486352172277,1.3284684072644468,0.1840234137233332,1.0,time
2021,15,10 minutes before funding settlement (08:00 UTC),3570,0.006923985500359776,0.5235294117647059,0.49937839289835706,0.02431940608143407,0.019925518185096615,1.2205156149777767,0.22226947378683826,1.0,time
2021,15,10 minutes after funding settlement (08:00 UTC),3570,0.006923985500359776,0.5190476190476191,0.49937839289835706,0.019806365134266535,0.02145240487596595,0.9232701531032754,0.35586643791022365,1.0,time
2021,15,10 minutes before funding settlement (16:00 UTC),3590,0.006962775335095685,0.4863509749303621,0.49937839289835706,-0.013118760953186814,0.019410635880470522,-0.6758542602092648,0.4991331805872339,1.0,time
2021,15,10 minutes after funding settlement (16:00 UTC),3590,0.006962775335095685,0.4832869080779944,0.49937839289835706,-0.016204311802906102,0.02084733451757635,-0.7772845871132483,0.436990886378652,1.0,time
2021,15,10 minutes after the US equity open (13:30 UTC),3590,0.006962775335095685,0.49025069637883006,0.49937839289835706,-0.009191696235362257,0.020486230404675548,-0.4486767967456056,0.6536648253093573,1.0,time
2021,15,10 minutes after the US equity close (20:00 UTC),3590,0.006962775335095685,0.4991643454038997,0.49937839289835706,-0.00021554830890613275,0.019711456245195953,-0.010935179330480256,0.9912751631262502,1.0,time
2021,15,10 minutes after the London open (07:00 UTC),3561,0.006906530074728617,0.4689693906206122,0.49937839289835706,-0.030620483568412793,0.021023608318264976,-1.456480881153508,0.14525973107354284,1.0,time
2021,15,last 5 minutes of the hour,42970,0.08333995993010072,0.5007679776588317,0.49937839289835706,0.0015159216064100645,0.004696242833483015,0.3227945530418337,0.7468508384226271,1.0,time
2021,15,first 5 minutes of the hour,42966,0.08333220196315354,0.4922729600148955,0.49937839289835706,-0.007751371760498893,0.004547659023893583,-1.7044751419956674,0.08829235622344855,1.0,time
2021,15,last 5 minutes of a 4-hour block,10735,0.020820443794499214,0.5156963204471355,0.49937839289835706,0.01666489812349986,0.009880892594337914,1.686578207828047,0.09168448518865602,1.0,time
2021,15,first 5 minutes of a 4-hour block,10737,0.020824322777972804,0.5083356617304647,0.49937839289835706,0.009147764839829264,0.00938719169641075,0.9744943041194065,0.32981116589455883,1.0,time
2021,15,last 5 minutes of the UTC day,1790,0.003471690208863865,0.5139664804469274,0.49937839289835706,0.014638909306678771,0.023040132923857884,0.6353656619541588,0.5251899579235271,1.0,time
2021,15,first 5 minutes of the UTC day,1795,0.0034813876675478424,0.5247910863509749,0.49937839289835706,0.025501473969599953,0.02357342726225231,1.0817889857888838,0.2793463018197748,1.0,time
2021,15,Saturday or Sunday,146523,0.2841801477504805,0.49998976269937145,0.49937839289835706,0.0008540833271012405,0.00413667458316237,0.20646616259776424,0.8364267936324272,1.0,time
2021,15,first hour of the week (Monday 00:00 to 01:00 UTC),3060,0.005934844714594094,0.49869281045751634,0.49937839289835706,-0.0006896755581819458,0.03179650819350561,-0.021690292342314843,0.982695007541192,1.0,time
2021,15,volume climax at a new 1h high (hour's largest volume),3756,0.007284730963403731,0.4667199148029819,0.49937839289835706,-0.032898132137193115,0.009483574334253429,-3.468959168524611,0.0005224788547837367,0.5055350553505535,volume and flow
2021,15,volume climax at a new 1h low (hour's largest volume),4354,0.008444547022007413,0.5629306384933395,0.49937839289835706,0.0640934860517508,0.008220189974707375,7.797080876349506,6.439293542825908e-15,0.007380073800738007,volume and flow
2021,15,"absorption: heavy taker selling in the last 5 minutes, price did not fall",3289,0.0063789883223202525,0.5038005472788082,0.49937839289835706,0.004450544350893426,0.01255181715970607,0.35457370787558906,0.7229089760290379,1.0,volume and flow
2021,15,"absorption: heavy taker buying in the last 5 minutes, price did not rise",2381,0.004617929825309979,0.49685006299874,0.49937839289835706,-0.002540059717142884,0.015051741731629839,-0.16875520205114763,0.8659891964313473,1.0,volume and flow
2021,15,delta divergence: new 4h high with net taker selling over the hour,3076,0.005965876582382821,0.4115734720416125,0.49937839289835706,-0.08833189805885128,0.014832743148810968,-5.955196363386917,2.597597470455071e-09,0.04059040590405904,volume and flow
2021,15,delta divergence: new 4h low with net taker buying over the hour,1342,0.0026027979107795013,0.5998509687034277,0.49937839289835706,0.10073476804889114,0.022085206229839262,4.561187566036339,5.086511836172036e-06,0.16605166051660517,volume and flow
2021,15,taker buying above 70% of the last minute,29701,0.05760484407456182,0.4911282448402411,0.49937839289835706,-0.008754446588824294,0.003395740099650559,-2.578067323151491,0.009935463873516959,0.992619926199262,volume and flow
2021,15,taker selling above 70% of the last minute,36436,0.07066732092187922,0.5098528927434406,0.49937839289835706,0.011270990551493387,0.0030420201846328506,3.7051005145956033,0.00021130692136672735,0.36900369003690037,volume and flow
2021,15,bullish engulfing,45334,0.08792491839588518,0.4916839458243261,0.49937839289835706,-0.008436199200287653,0.002322559026934133,-3.6322862422247066,0.00028092125678869095,0.3837638376383764,candles
2021,15,bearish engulfing,45156,0.08757968886673559,0.5065107626893436,0.49937839289835706,0.007816978320142665,0.0022307218537661773,3.504237118108242,0.00045791742655820755,0.46494464944649444,candles
2021,15,pin bar at a new 1h high (long upper wick),2258,0.004379372341684138,0.4158547387068202,0.49937839289835706,-0.08389104431070615,0.011350054573220822,-7.391245898379876,1.454392162258955e-13,0.007380073800738007,candles
2021,15,pin bar at a new 1h low (long lower wick),2443,0.004738178312991298,0.5759312320916905,0.49937839289835706,0.07691728701455997,0.0109524475142965,7.022840046862396,2.1740387268209815e-12,0.01107011070110701,candles
2021,15,inside bar (last minute inside the previous one),91337,0.1771473567636865,0.4966223983708683,0.49937839289835706,-0.00334931721996945,0.0018191014399520124,-1.841193210235601,0.06559325000281668,1.0,candles
2021,15,doji at a new 1h high,2038,0.0039526841595891385,0.436702649656526,0.49937839289835706,-0.0629244637730374,0.012026863952807174,-5.231992647455722,1.6769242239256243e-07,0.1033210332103321,candles
2021,15,doji at a new 1h low,2068,0.004010868911693001,0.5812379110251451,0.49937839289835706,0.08218916810602239,0.01103909419714421,7.445281889820684,9.681144774731365e-14,0.007380073800738007,candles
2021,15,squeeze: last hour's range under 40% of the previous day's median hourly range,2479,0.004808000015515934,0.490923759580476,0.49937839289835706,-0.008495479583851995,0.03164756853296973,-0.2684401986522786,0.7883605005143708,1.0,volatility
2021,30,failed breakout above the 1h high,44716,0.08672883565044687,0.49132301636997944,0.5024341329443893,-0.012166284240807457,0.006486222966732432,-1.8757116897164687,0.06069487986520894,1.0,levels
2021,30,failed breakdown below the 1h low,45608,0.08845891261171797,0.502894229082617,0.5024341329443893,0.0005047453642995636,0.006055535293819152,0.08335272437677874,0.933571078121449,1.0,levels
2021,30,wick rejection at the 1h high,13029,0.02527037301390268,0.4331875047969913,0.5024341329443893,-0.07104188303120662,0.006391893109195346,-11.114372818438737,0.0,0.0036900369003690036,levels
2021,30,wick rejection at the 1h low,13379,0.025949214870903674,0.5745571417893715,0.5024341329443893,0.07404440296757553,0.00581791171955894,12.726972586856112,0.0,0.0036900369003690036,levels
2021,30,failed breakout above the 4h high,20247,0.03927003165342602,0.4568578060947301,0.5024341329443893,-0.047439268422214964,0.009652643311803967,-4.914640155013572,8.894567633532802e-07,0.15129151291512916,levels
2021,30,failed breakdown below the 4h low,19494,0.037809551886792456,0.5360623781676414,0.5024341329443893,0.03494967684328487,0.009379546172943483,3.7261586220559098,0.00019442008143788492,0.35793357933579334,levels
2021,30,wick rejection at the 4h high,5836,0.011319203078450845,0.41792323509252916,0.5024341329443893,-0.0854784457379989,0.010130752642607354,-8.437521747248908,0.0,0.0036900369003690036,levels
2021,30,wick rejection at the 4h low,5770,0.011191192899702086,0.6098786828422877,0.5024341329443893,0.10866059153840046,0.00945537596883514,11.491937697299937,0.0,0.0036900369003690036,levels
2021,30,failed breakout above the daily high,6409,0.012430564175769612,0.45498517709471054,0.5024341329443893,-0.048046197187216144,0.017243767141885035,-2.7862935512804587,0.005331456651413102,0.981549815498155,levels
2021,30,failed breakdown below the daily low,5761,0.011173736966236346,0.5696927616733206,0.5024341329443893,0.06801865124676076,0.017824964274369522,3.815920761455025,0.0001356760423147918,0.2952029520295203,levels
2021,30,wick rejection at the daily high,2047,0.003970255089374379,0.4416218856863703,0.5024341329443893,-0.06105464979208597,0.01698522738873666,-3.5945735900228732,0.0003249232980375716,0.42066420664206644,levels
2021,30,wick rejection at the daily low,1706,0.003308869165839126,0.6436107854630715,0.5024341329443893,0.14164533841143667,0.018061019310045077,7.8425993560982,4.440892098500626e-15,0.007380073800738007,levels
2021,30,"liquidity sweep of the 1h low (took it out, closed back above)",12316,0.023887475173783517,0.5708834037025008,0.5024341329443893,0.07012436478089246,0.005876559327451554,11.932894891967814,0.0,0.0036900369003690036,levels
2021,30,"liquidity sweep of the 1h high (took it out, closed back below)",11755,0.022799388654419068,0.43564440663547427,0.5024341329443893,-0.06834801936620488,0.006488046370019368,-10.534452972166543,0.0,0.0036900369003690036,levels
2021,30,retest from above of a 4h high broken in the last hour,5617,0.010894442030784508,0.42691828378137797,0.5024341329443893,-0.07634761381591759,0.011635141358760082,-6.5618123116686995,5.315770046365742e-11,0.014760147601476014,levels
2021,30,retest from below of a 4h low broken in the last hour,4502,0.00873184582919563,0.5475344291426033,0.5024341329443893,0.04549757399998433,0.012768380781957751,3.563300216130324,0.0003662214378667983,0.4354243542435424,levels
2021,30,acceptance above the 4h high (last 5 closes all above it),16235,0.03148856442403178,0.4312904219279335,0.5024341329443893,-0.07345675890150644,0.011406642220123712,-6.439823173546487,1.1961276413785527e-10,0.025830258302583026,levels
2021,30,acceptance below the 4h low (last 5 closes all below it),13229,0.025658282646474677,0.5788797339179076,0.5024341329443893,0.0784587169080242,0.011531715563841525,6.803733275735382,1.0194289856713112e-11,0.01107011070110701,levels
2021,30,"support held (4h low tested within 3 bp, no close below, price now 3+ bp above)",8206,0.015915932224428997,0.5048744820862784,0.5024341329443893,0.0024798177531776266,0.014562034239421843,0.17029336096905667,0.8647794321836864,1.0,levels
2021,30,"resistance held (4h high tested within 3 bp, no close above, price now 3+ bp below)",10305,0.019987043818272095,0.4655992236778263,0.5024341329443893,-0.03758614519758713,0.014228071233862606,-2.641689416632427,0.008249366480005405,0.988929889298893,levels
2021,30,"repeated rejection at the 4h high (2+ touches in 30 minutes, no close above)",5306,0.010291242552135055,0.47776102525442893,0.5024341329443893,-0.024929664918378835,0.021947778512376726,-1.1358627892258242,0.2560139937289505,1.0,levels
2021,30,"repeated rejection at the 4h low (2+ touches in 30 minutes, no close below)",4031,0.00781831864448858,0.5083105929049864,0.5024341329443893,0.00592276603269748,0.023871018260121044,0.24811534925563108,0.8040451598857283,1.0,levels
2021,30,rejecting the ups (3+ up-minutes undone by the next minute in the last 15),114152,0.22140330188679244,0.5201047725839232,0.5024341329443893,0.022695497787693697,0.004191893761336954,5.414139546431454,6.158412557688564e-08,0.08856088560885608,levels
2021,30,rejecting the downs (3+ down-minutes undone by the next minute in the last 15),115525,0.2240663015143992,0.4889504436269206,0.5024341329443893,-0.017377373020123932,0.004439434368026836,-3.914321415646365,9.065880661229819e-05,0.25461254612546125,levels
2021,30,lower highs (three successive 10-minute highs declining),151909,0.2946348218718967,0.526532331856572,0.5024341329443893,0.03416414597632178,0.003952820115066541,8.642980196873106,0.0,0.0036900369003690036,levels
2021,30,higher lows (three successive 10-minute lows rising),150740,0.2923674900695134,0.4837136791826987,0.5024341329443893,-0.026455050466137497,0.004183442886507416,-6.3237508396400575,2.552893452190119e-10,0.02952029520295203,levels
2021,30,approaching the previous day's high from below (within 10 bp),4839,0.009385473560079445,0.4810911345319281,0.5024341329443893,-0.021545210415159,0.019617982816701223,-1.0982378064281453,0.2721006615401087,1.0,levels
2021,30,approaching the previous day's low from above (within 10 bp),3012,0.00584191906653426,0.499667994687915,0.5024341329443893,-0.002782392769847042,0.023228274432554628,-0.11978473811844992,0.9046536721032177,1.0,levels
2021,30,broke above the previous day's high in the last 5 minutes,3787,0.007345068892750745,0.47108529178769476,0.5024341329443893,-0.031580804340262225,0.017217558893874035,-1.8342207821050984,0.06662122772274404,1.0,levels
2021,30,broke below the previous day's low in the last 5 minutes,3028,0.00587295183714002,0.5059445178335535,0.5024341329443893,0.003531123004500758,0.018270638410344788,0.1932676311136148,0.8467493750167232,1.0,levels
2021,30,crossed above the daily open in the last 5 minutes,8626,0.016730542452830188,0.47704613957801995,0.5024341329443893,-0.025819975563668274,0.01023730731727056,-2.5221452051272717,0.011664154885672406,0.992619926199262,levels
2021,30,crossed below the daily open in the last 5 minutes,8658,0.016792607994041708,0.5101640101640101,0.5024341329443893,0.007861899007746698,0.010707790895503931,0.7342223138712778,0.462813256018606,1.0,levels
2021,30,reclaimed the session VWAP in the last 5 minutes after 30+ minutes below,4062,0.00787844463753724,0.4428852781880847,0.5024341329443893,-0.06002173265406868,0.013880031811375638,-4.324322412926803,1.530013960771015e-05,0.18450184501845018,levels
2021,30,lost the session VWAP in the last 5 minutes after 30+ minutes above,3968,0.007696127110228402,0.5236895161290323,0.5024341329443893,0.021420236043968477,0.01394858331341959,1.535656744678909,0.12462258909365231,1.0,levels
2021,30,"approaching a $1,000 level from below (within 10 bp, rising)",12995,0.025204428376365443,0.477106579453636,0.5024341329443893,-0.02598242567779352,0.008790320837302981,-2.9557994706556543,0.0031185977893670724,0.9114391143911439,round numbers
2021,30,"approaching a $1,000 level from above (within 10 bp, falling)",11150,0.02162596201588878,0.49632286995515695,0.5024341329443893,-0.006246346235662892,0.009328137130169155,-0.6696241863191414,0.5030973919034647,1.0,round numbers
2021,30,"crossed a $1,000 level upward in the last 3 minutes",17402,0.03375201713008937,0.46747500287323296,0.5024341329443893,-0.036180287763522334,0.006877018203567746,-5.261042895706204,1.4324060870762878e-07,0.1033210332103321,round numbers
2021,30,"crossed a $1,000 level downward in the last 3 minutes",17367,0.033684132944389274,0.5410260839523233,0.5024341329443893,0.03993720099569997,0.006739153390267875,5.926145122824176,3.101285450668456e-09,0.04059040590405904,round numbers
2021,30,"approaching a $100 level from below (within 10 bp, rising)",121247,0.235164396102284,0.47951701897778914,0.5024341329443893,-0.029963450772703404,0.0022752930161563825,-13.169051440820665,0.0,0.0036900369003690036,round numbers
2021,30,"approaching a $100 level from above (within 10 bp, falling)",120452,0.23362245531281034,0.5202570318467107,0.5024341329443893,0.023256029649976417,0.002292632662408129,10.143809791817594,0.0,0.0036900369003690036,round numbers
2021,30,crossed a $100 level upward in the last 3 minutes,130408,0.2529325968222443,0.4777084227961475,0.5024341329443893,-0.033097027179967264,0.0021827086803159353,-15.163281970902617,0.0,0.0036900369003690036,round numbers
2021,30,crossed a $100 level downward in the last 3 minutes,131559,0.25516501675769615,0.5312293343670901,0.5024341329443893,0.03865984019353369,0.0022052277882199586,17.530996298908235,0.0,0.0036900369003690036,round numbers
2021,30,10 minutes before funding settlement (00:00 UTC),3580,0.006943582423038729,0.5189944134078213,0.5024341329443893,0.01667607214486233,0.02308027613600501,0.7225248106476428,0.46997187703527876,1.0,time
2021,30,10 minutes after funding settlement (00:00 UTC),3590,0.006962977904667328,0.5197771587743732,0.5024341329443893,0.01746463167444634,0.022334370803206233,0.7819621080142176,0.43423684271350793,1.0,time
2021,30,10 minutes before funding settlement (08:00 UTC),3570,0.006924186941410129,0.5361344537815126,0.5024341329443893,0.03393529516475602,0.022939742921541596,1.4793232548778494,0.13905394050983277,1.0,time
2021,30,10 minutes after funding settlement (08:00 UTC),3570,0.006924186941410129,0.5117647058823529,0.5024341329443893,0.009395630036770575,0.022109719807468904,0.4249547311584034,0.670869675307203,1.0,time
2021,30,10 minutes before funding settlement (16:00 UTC),3590,0.006962977904667328,0.5183844011142061,0.5024341329443893,0.016062108274836895,0.02209112452524288,0.7270842304330499,0.46717435842092536,1.0,time
2021,30,10 minutes after funding settlement (16:00 UTC),3590,0.006962977904667328,0.5083565459610028,0.5024341329443893,0.005963939797649309,0.021816614975817352,0.27336687218709427,0.7845712154330113,1.0,time
2021,30,10 minutes after the US equity open (13:30 UTC),3590,0.006962977904667328,0.47075208913649025,0.5024341329443893,-0.031904191991804276,0.022023218738178994,-1.4486616316667569,0.1474321003923902,1.0,time
2021,30,10 minutes after the US equity close (20:00 UTC),3590,0.006962977904667328,0.5153203342618384,0.5024341329443893,0.012976556795696204,0.022805763390741737,0.5690033950349668,0.5693538359562318,1.0,time
2021,30,10 minutes after the London open (07:00 UTC),3561,0.006906731007944389,0.4771131704577366,0.5024341329443893,-0.025497063848144208,0.02211536792369403,-1.1529115832989187,0.24894667717936625,1.0,time
2021,30,last 5 minutes of the hour,42970,0.08334238455809334,0.5057249243658366,0.5024341329443893,0.0035899897257286595,0.0038808900409011077,0.9250428865268999,0.35494359969917055,1.0,time
2021,30,first 5 minutes of the hour,42966,0.08333462636544191,0.5049341339663921,0.5024341329443893,0.0027272776892295347,0.004182061716516831,0.652137121376831,0.5143127187697105,1.0,time
2021,30,last 5 minutes of a 4-hour block,10735,0.020821049528301886,0.5268747088961342,0.5024341329443893,0.024960275075328386,0.009648513889956831,2.586955396448112,0.009682812536274676,0.992619926199262,time
2021,30,first 5 minutes of a 4-hour block,10737,0.020824928624627606,0.5222129086336965,0.5024341329443893,0.020199427321536567,0.009686142349213469,2.0853944318892643,0.03703351186102055,1.0,time
2021,30,last 5 minutes of the UTC day,1790,0.0034717912115193646,0.524022346368715,0.5024341329443893,0.0216634243104582,0.02473312578493862,0.8758870390595866,0.3810914462053727,1.0,time
2021,30,first 5 minutes of the UTC day,1795,0.003481488952333664,0.5286908077994429,0.5024341329443893,0.026348406541338854,0.023554022793298348,1.1186372184727431,0.2632949387167154,1.0,time
2021,30,Saturday or Sunday,146523,0.28418841546673285,0.5050538140769708,0.5024341329443893,0.003659735591300395,0.00575970452259173,0.6354033574023691,0.5251653789520396,1.0,time
2021,30,first hour of the week (Monday 00:00 to 01:00 UTC),3060,0.005935017378351539,0.47875816993464054,0.5024341329443893,-0.023817319213184696,0.04391385046595897,-0.5423646289374544,0.5875673413992573,1.0,time
2021,30,volume climax at a new 1h high (hour's largest volume),3756,0.007284942899702085,0.4464856230031949,0.5024341329443893,-0.056359082640107194,0.00928956195284269,-6.066925752388228,1.3038179424995633e-09,0.03690036900369004,volume and flow
2021,30,volume climax at a new 1h low (hour's largest volume),4354,0.008444792701092354,0.5760220486908589,0.5024341329443893,0.0742146430221775,0.008232592713550705,9.01473516356779,0.0,0.0036900369003690036,volume and flow
2021,30,"absorption: heavy taker selling in the last 5 minutes, price did not fall",3289,0.006379173907646475,0.48738218303435693,0.5024341329443893,-0.015148585370566015,0.013404543860245617,-1.1301082325891574,0.2584306211833627,1.0,volume and flow
2021,30,"absorption: heavy taker buying in the last 5 minutes, price did not rise",2381,0.004618064175769613,0.5115497690046199,0.5024341329443893,0.009157927959263623,0.015886802753669504,0.5764487733158481,0.5643118855811746,1.0,volume and flow
2021,30,delta divergence: new 4h high with net taker selling over the hour,3076,0.005966050148957299,0.3940182054616385,0.5024341329443893,-0.10906662443369969,0.016462039127983344,-6.625341100562718,3.4644731528032935e-11,0.01107011070110701,volume and flow
2021,30,delta divergence: new 4h low with net taker buying over the hour,1342,0.0026028736345580935,0.589418777943368,0.5024341329443893,0.08721164589269925,0.02534909947484988,3.440423829620706,0.0005808038935735116,0.5276752767527675,volume and flow
2021,30,taker buying above 70% of the last minute,29701,0.05760651998510427,0.4859095653345005,0.5024341329443893,-0.017534679473405868,0.003672560292257884,-4.774510989069583,1.8014444702618704e-06,0.15498154981549817,volume and flow
2021,30,taker selling above 70% of the last minute,36435,0.07066743731380337,0.5219706326334569,0.5024341329443893,0.021022075921452887,0.0034370540809756265,6.116306414208547,9.576910375841408e-10,0.02952029520295203,volume and flow
2021,30,bullish engulfing,45331,0.08792165777060576,0.49356952196068915,0.5024341329443893,-0.009719133295098659,0.0022972755673787582,-4.230721569980568,2.3294286326747127e-05,0.1918819188191882,candles
2021,30,bearish engulfing,45154,0.08757835774577954,0.5123134163086327,0.5024341329443893,0.01082754168328992,0.002192165907479348,4.9391980991712074,7.844448997040843e-07,0.14760147601476015,candles
2021,30,pin bar at a new 1h high (long upper wick),2258,0.004379499751737835,0.42648361381753763,0.5024341329443893,-0.07628460754666366,0.011494047061488629,-6.636879694207883,3.203926013384262e-11,0.01107011070110701,candles
2021,30,pin bar at a new 1h low (long lower wick),2443,0.0047383161618669315,0.5624232501023332,0.5024341329443893,0.06027471782757832,0.010131273832950831,5.9493720949029685,2.6917308382223837e-09,0.04059040590405904,candles
2021,30,inside bar (last minute inside the previous one),91333,0.17714475235849056,0.5002791980992631,0.5024341329443893,-0.0026188504616123653,0.0018098988636011672,-1.4469595590560358,0.14790825042059463,1.0,candles
2021,30,doji at a new 1h high,2038,0.003952799155908639,0.4411187438665358,0.5024341329443893,-0.06155871832769799,0.011569190344412825,-5.320918447627314,1.0324468058264813e-07,0.0959409594095941,candles
2021,30,doji at a new 1h low,2068,0.004010985600794439,0.5710831721470019,0.5024341329443893,0.06892549838415907,0.011470018927054813,6.009187850735068,1.864549847852004e-09,0.04059040590405904,candles
2021,30,squeeze: last hour's range under 40% of the previous day's median hourly range,2479,0.004808139895729891,0.48527632109721663,0.5024341329443893,-0.01724070758112406,0.03527458741316817,-0.4887571718184866,0.6250136224207892,1.0,volatility
2022,1,failed breakout above the 1h high,42279,0.08043949771689497,0.5024953286501573,0.4998477929984779,0.002879131547196767,0.0025731398948206333,1.1189176122884152,0.26317528853953953,1.0,levels
2022,1,failed breakdown below the 1h low,42379,0.08062975646879757,0.4964959059911749,0.4998477929984779,-0.003645851093057817,0.0024586672652749855,-1.4828566453663883,0.1381125023009815,1.0,levels
2022,1,wick rejection at the 1h high,12512,0.02380517503805175,0.4671515345268542,0.4998477929984779,-0.03349357898193961,0.004409930065016913,-7.595036313078392,3.086420008457935e-14,0.007380073800738007,levels
2022,1,wick rejection at the 1h low,13507,0.025698249619482496,0.5261716147182942,0.4998477929984779,0.027018140642296296,0.00426355634192147,6.336996271549198,2.342877003513877e-10,0.02952029520295203,levels
2022,1,failed breakout above the 4h high,16657,0.031691400304414,0.4927658041664165,0.4998477929984779,-0.007313772524882911,0.003957034348109626,-1.8482964466499723,0.06455946950237723,1.0,levels
2022,1,failed breakdown below the 4h low,16456,0.0313089802130898,0.49483471074380164,0.4998477929984779,-0.005175109660641886,0.004041939958602139,-1.2803529279617605,0.20042104099306135,1.0,levels
2022,1,wick rejection at the 4h high,4557,0.008670091324200914,0.4663155584814571,0.4998477929984779,-0.033825504732135636,0.00768048810639954,-4.404082691561169,1.0623241936347227e-05,0.17712177121771217,levels
2022,1,wick rejection at the 4h low,5184,0.009863013698630137,0.5298996913580247,0.4998477929984779,0.030351253185485816,0.006738626157719781,4.504071375248406,6.666380006459249e-06,0.16974169741697417,levels
2022,1,failed breakout above the daily high,4253,0.008091704718417048,0.48530449094756645,0.4998477929984779,-0.014661942157448038,0.007499622018861411,-1.9550241492935942,0.0505802199607166,1.0,levels
2022,1,failed breakdown below the daily low,5203,0.00989916286149163,0.48395156640399767,0.4998477929984779,-0.016055159230469906,0.006768098806458701,-2.3721815667272312,0.017683398527999383,1.0,levels
2022,1,wick rejection at the daily high,1168,0.0022222222222222222,0.4623287671232877,0.4998477929984779,-0.037602587180034786,0.015609723706239408,-2.4089207398978205,0.015999772297355497,1.0,levels
2022,1,wick rejection at the daily low,1641,0.003122146118721461,0.5338208409506399,0.4998477929984779,0.03407944897149645,0.011490621270060472,2.965849119080495,0.0030184853440777815,0.9077490774907749,levels
2022,1,"liquidity sweep of the 1h low (took it out, closed back above)",12631,0.02403158295281583,0.5274325073232523,0.4998477929984779,0.028263941581462837,0.004492146504974151,6.291856587973298,3.1369129516178873e-10,0.02952029520295203,levels
2022,1,"liquidity sweep of the 1h high (took it out, closed back below)",11820,0.022488584474885845,0.46658206429780036,0.4998477929984779,-0.034031038586702755,0.004497599548458963,-7.566489239435066,3.8413716652030416e-14,0.007380073800738007,levels
2022,1,retest from above of a 4h high broken in the last hour,7088,0.013485540334855403,0.48038939051918733,0.4998477929984779,-0.0197243966255653,0.005871384048621995,-3.3594117608768217,0.0007810859090482403,0.6051660516605166,levels
2022,1,retest from below of a 4h low broken in the last hour,6397,0.012170852359208523,0.516335782397999,0.4998477929984779,0.016691134736101843,0.0063718517803307,2.61951082848879,0.008805597703360313,0.992619926199262,levels
2022,1,acceptance above the 4h high (last 5 closes all above it),12453,0.023692922374429225,0.4624588452581707,0.4998477929984779,-0.038296298979250576,0.004677606103853675,-8.18715773175085,2.220446049250313e-16,0.0036900369003690036,levels
2022,1,acceptance below the 4h low (last 5 closes all below it),13645,0.02596080669710807,0.5109563942836204,0.4998477929984779,0.01140467587086924,0.004331268476985861,2.633102965440226,0.008460869315779718,0.992619926199262,levels
2022,1,"support held (4h low tested within 3 bp, no close below, price now 3+ bp above)",12285,0.023373287671232878,0.5116809116809117,0.4998477929984779,0.01211631684148562,0.004520411925230194,2.6803567997552826,0.007354372360661943,0.988929889298893,levels
2022,1,"resistance held (4h high tested within 3 bp, no close above, price now 3+ bp below)",13107,0.024937214611872146,0.49217975127794306,0.4998477929984779,-0.007864151760732574,0.0040823854556422835,-1.9263618896798425,0.054059202561925535,1.0,levels
2022,1,"repeated rejection at the 4h high (2+ touches in 30 minutes, no close above)",8053,0.015321537290715373,0.49956537936172857,0.4998477929984779,-0.00028680797584657025,0.005221275571112104,-0.054930633700584715,0.9561937265510669,1.0,levels
2022,1,"repeated rejection at the 4h low (2+ touches in 30 minutes, no close below)",7538,0.014341704718417047,0.5039798355001327,0.4998477929984779,0.004192165298496586,0.005951586653472856,0.704377763877534,0.48119754990530517,1.0,levels
2022,1,rejecting the ups (3+ up-minutes undone by the next minute in the last 15),111158,0.21148782343987824,0.5075478148221451,0.4998477929984779,0.00976525417433427,0.0016498643984712174,5.918822288294034,3.242550894455576e-09,0.04059040590405904,levels
2022,1,rejecting the downs (3+ down-minutes undone by the next minute in the last 15),115352,0.21946727549467276,0.49080206671752546,0.4998477929984779,-0.011589169802823207,0.0016265424468053793,-7.125033733724556,1.0405010186786967e-12,0.007380073800738007,levels
2022,1,lower highs (three successive 10-minute highs declining),156206,0.29719558599695584,0.5131941154629144,0.4998477929984779,0.018990094823705284,0.0015109895308885466,12.567985704399979,0.0,0.0036900369003690036,levels
2022,1,higher lows (three successive 10-minute lows rising),155351,0.29556887366818874,0.4872965091953061,0.4998477929984779,-0.017817616703751038,0.0015213389393067443,-11.711799549330086,0.0,0.0036900369003690036,levels
2022,1,approaching the previous day's high from below (within 10 bp),5701,0.010846651445966514,0.48166988247675846,0.4998477929984779,-0.018377242060892085,0.007109950411952049,-2.584721551643928,0.009745766833990865,0.992619926199262,levels
2022,1,approaching the previous day's low from above (within 10 bp),5685,0.0108162100456621,0.5104661389621812,0.4998477929984779,0.01073445205182083,0.006904930386818004,1.554606846191187,0.12003973227905784,1.0,levels
2022,1,broke above the previous day's high in the last 5 minutes,3030,0.005764840182648402,0.47161716171617163,0.4998477929984779,-0.028394319999196616,0.008682336831354779,-3.2703545774284373,0.001074127539487435,0.6494464944649446,levels
2022,1,broke below the previous day's low in the last 5 minutes,3462,0.00658675799086758,0.5179087232813403,0.4998477929984779,0.01818068203553941,0.008366018101655917,2.1731583430283083,0.029768401834998626,1.0,levels
2022,1,crossed above the daily open in the last 5 minutes,9787,0.01862062404870624,0.4831919893736589,0.4998477929984779,-0.016971829684798267,0.005040387618746383,-3.367167561017739,0.0007594452898336268,0.5904059040590406,levels
2022,1,crossed below the daily open in the last 5 minutes,9924,0.018881278538812784,0.5046352277307538,0.4998477929984779,0.004879567199722656,0.005022063845321766,0.9716258793221336,0.33123670303884767,1.0,levels
2022,1,range breakout upward (prior hour under 15 bp),650,0.0012366818873668188,0.48923076923076925,0.4998477929984779,-0.010630169906291398,0.020870375155163746,-0.5093425406711619,0.6105121443187327,1.0,levels
2022,1,range breakdown downward (prior hour under 15 bp),637,0.0012119482496194824,0.5117739403453689,0.4998477929984779,0.011940618758895238,0.023134768313046696,0.5161330598742762,0.6057614793115986,1.0,levels
2022,1,reclaimed the session VWAP in the last 5 minutes after 30+ minutes below,4341,0.008259132420091323,0.46579129232895644,0.4998477929984779,-0.03434012027015454,0.007395306594904889,-4.643501906170286,3.42552830678855e-06,0.15867158671586715,levels
2022,1,lost the session VWAP in the last 5 minutes after 30+ minutes above,4524,0.00860730593607306,0.5240937223695844,0.4998477929984779,0.024456433375272646,0.007395002667990999,3.3071568021376696,0.0009424812006537664,0.6383763837638377,levels
2022,1,"approaching a $1,000 level from below (within 10 bp, rising)",7287,0.013864155251141553,0.5032249210923563,0.4998477929984779,0.0034246073823007706,0.005839079558955824,0.5864978114655416,0.5575410318033083,1.0,round numbers
2022,1,"approaching a $1,000 level from above (within 10 bp, falling)",6998,0.013314307458143075,0.49128322377822237,0.4998477929984779,-0.008680139263185116,0.0055299914852560556,-1.5696478532250757,0.11649705913269548,1.0,round numbers
2022,1,"crossed a $1,000 level upward in the last 3 minutes",7519,0.014305555555555556,0.4714722702487033,0.4998477929984779,-0.028787341665263866,0.006011828277906871,-4.788450423817946,1.680740721932139e-06,0.15498154981549817,round numbers
2022,1,"crossed a $1,000 level downward in the last 3 minutes",7614,0.014486301369863014,0.5193065405831363,0.4998477929984779,0.019744776365570593,0.006249353304580038,3.1594911350427255,0.001580449084314095,0.7380073800738007,round numbers
2022,1,"approaching a $100 level from below (within 10 bp, rising)",73207,0.13928272450532725,0.49529416585845615,0.4998477929984779,-0.005290502781421125,0.002079778130875811,-2.5437822923896465,0.010965940821866305,0.992619926199262,round numbers
2022,1,"approaching a $100 level from above (within 10 bp, falling)",74646,0.14202054794520547,0.5028936580660719,0.4998477929984779,0.0035500443050230923,0.002136467235553611,1.6616422877663224,0.0965845190934369,1.0,round numbers
2022,1,crossed a $100 level upward in the last 3 minutes,66554,0.1266248097412481,0.47381074015085495,0.4998477929984779,-0.02981199046873434,0.0020300330074546715,-14.685470807252385,0.0,0.0036900369003690036,round numbers
2022,1,crossed a $100 level downward in the last 3 minutes,67813,0.12902016742770167,0.5221122793564655,0.4998477929984779,0.02556257392577399,0.0022235577594190183,11.49624911585526,0.0,0.0036900369003690036,round numbers
2022,1,10 minutes before funding settlement (00:00 UTC),3650,0.006944444444444444,0.473972602739726,0.4998477929984779,-0.02605613564517678,0.0071745382287887035,-3.6317508966114893,0.000281504787551734,0.3837638376383764,time
2022,1,10 minutes after funding settlement (00:00 UTC),3650,0.006944444444444444,0.4983561643835616,0.4998477929984779,-0.0015020595842513695,0.007412581720607011,-0.20263649574015988,0.8394191622564962,1.0,time
2022,1,10 minutes before funding settlement (08:00 UTC),3650,0.006944444444444444,0.5065753424657534,0.4998477929984779,0.006774595267745931,0.007862894560632881,0.861590501501097,0.3889128997458262,1.0,time
2022,1,10 minutes after funding settlement (08:00 UTC),3650,0.006944444444444444,0.5010958904109589,0.4998477929984779,0.0012568253664144158,0.008007761397955658,0.15695090100153047,0.8752835437302755,1.0,time
2022,1,10 minutes before funding settlement (16:00 UTC),3650,0.006944444444444444,0.5090410958904109,0.4998477929984779,0.009257591723345115,0.0075662773004769,1.2235332324869475,0.2211283602136347,1.0,time
2022,1,10 minutes after funding settlement (16:00 UTC),3650,0.006944444444444444,0.4989041095890411,0.4998477929984779,-0.0009502825941182236,0.007744127787957621,-0.122710086937866,0.9023366760163263,1.0,time
2022,1,10 minutes after the US equity open (13:30 UTC),3650,0.006944444444444444,0.4884931506849315,0.4998477929984779,-0.011434045406648163,0.007862163169892064,-1.4543129110363067,0.14585957253094795,1.0,time
2022,1,10 minutes after the US equity close (20:00 UTC),3650,0.006944444444444444,0.5082191780821917,0.4998477929984779,0.008429926238145369,0.007953778227343567,1.0598643810767687,0.28920630213584353,1.0,time
2022,1,10 minutes after the London open (07:00 UTC),3650,0.006944444444444444,0.5046575342465753,0.4998477929984779,0.004843375802279892,0.008073780538556287,0.5998894544074344,0.5485799109656879,1.0,time
2022,1,last 5 minutes of the hour,43800,0.08333333333333333,0.5015525114155251,0.4998477929984779,0.0018596928185969364,0.0022962886878800104,0.8098689108266479,0.41801552164542266,1.0,time
2022,1,first 5 minutes of the hour,43800,0.08333333333333333,0.4990639269406393,0.4998477929984779,-0.0008551266085512488,0.002467029302701616,-0.34662199091628515,0.7288753226613209,1.0,time
2022,1,last 5 minutes of a 4-hour block,10950,0.020833333333333332,0.5,0.4998477929984779,0.00015544544836298968,0.004382068114760001,0.035473078987386567,0.9717025127164576,1.0,time
2022,1,first 5 minutes of a 4-hour block,10950,0.020833333333333332,0.5049315068493151,0.4998477929984779,0.005191877975323056,0.0045271991965753836,1.1468189823081942,0.25145644223138564,1.0,time
2022,1,last 5 minutes of the UTC day,1825,0.003472222222222222,0.47013698630136985,0.4998477929984779,-0.02981432867166245,0.010440006696811029,-2.8557767765387965,0.004293168552311988,0.966789667896679,time
2022,1,first 5 minutes of the UTC day,1825,0.003472222222222222,0.4843835616438356,0.4998477929984779,-0.015518113693857083,0.010506430615759572,-1.4770110098647604,0.13967268603043026,1.0,time
2022,1,Saturday or Sunday,151200,0.2876712328767123,0.5029100529100529,0.4998477929984779,0.004298941798941747,0.001487520973247831,2.8900041587686,0.0038523672999966063,0.9520295202952029,time
2022,1,first hour of the week (Monday 00:00 to 01:00 UTC),3120,0.005936073059360731,0.49166666666666664,0.4998477929984779,-0.008229980094931866,0.007564358021648036,-1.0879945226520111,0.2765975255821984,1.0,time
2022,1,volume climax at a new 1h high (hour's largest volume),3754,0.007142313546423136,0.4381992541289291,0.4998477929984779,-0.06209201954184729,0.008302218856960242,-7.478966841471767,7.482903185973555e-14,0.007380073800738007,volume and flow
2022,1,volume climax at a new 1h low (hour's largest volume),4057,0.0077187975646879755,0.5294552625092432,0.4998477929984779,0.029837781304433653,0.007758757920859635,3.8456904582902314,0.00012021344540458223,0.28044280442804426,volume and flow
2022,1,"absorption: heavy taker selling in the last 5 minutes, price did not fall",2556,0.004863013698630137,0.5152582159624414,0.4998477929984779,0.015485730282460308,0.009543349341925283,1.6226724735339306,0.10465943872449235,1.0,volume and flow
2022,1,"absorption: heavy taker buying in the last 5 minutes, price did not rise",1863,0.0035445205479452055,0.5029522275899088,0.4998477929984779,0.003115477465323313,0.011240374181054447,0.27716848346333733,0.7816507384873297,1.0,volume and flow
2022,1,delta divergence: new 4h high with net taker selling over the hour,1312,0.0024961948249619483,0.43597560975609756,0.4998477929984779,-0.06403201963843369,0.01506336033407509,-4.250845642561291,2.1296490593458728e-05,0.1918819188191882,volume and flow
2022,1,delta divergence: new 4h low with net taker buying over the hour,841,0.001600076103500761,0.5422116527942925,0.4998477929984779,0.042431753831149444,0.015502542620859108,2.7370835139041207,0.0061986554567223795,0.985239852398524,volume and flow
2022,1,taker buying above 70% of the last minute,28906,0.05499619482496195,0.4936345395419636,0.4998477929984779,-0.006574844908019684,0.00329154154934059,-1.9974971633995788,0.04577120229681575,1.0,volume and flow
2022,1,taker selling above 70% of the last minute,34292,0.06524353120243531,0.5138807885221043,0.4998477929984779,0.015012461525596987,0.0028917516748194986,5.191476728904828,2.0863266736448338e-07,0.11439114391143912,volume and flow
2022,1,bullish engulfing,46254,0.08800228310502282,0.49647598045574437,0.4998477929984779,-0.003697172131322146,0.00279996815614563,-1.3204336353637627,0.18669027980976072,1.0,candles
2022,1,bearish engulfing,45597,0.08675228310502284,0.503519968418975,0.4998477929984779,0.004021006954150752,0.002789903079727826,1.4412711980457142,0.14950808087362732,1.0,candles
2022,1,pin bar at a new 1h high (long upper wick),2429,0.0046213850837138505,0.46480032935364346,0.4998477929984779,-0.035210183461478195,0.010150526223697566,-3.46880375317646,0.0005227811777410718,0.5055350553505535,candles
2022,1,pin bar at a new 1h low (long lower wick),2662,0.00506468797564688,0.5262960180315552,0.4998477929984779,0.026582858919002694,0.009627186198224499,2.7612282936737276,0.0057584408652398,0.981549815498155,candles
2022,1,inside bar (last minute inside the previous one),99105,0.18855593607305937,0.49947025881640683,0.4998477929984779,-0.00046526211584324573,0.0019539040552497933,-0.2381192231999156,0.8117886255380404,1.0,candles
2022,1,doji at a new 1h high,1832,0.0034855403348554035,0.4568777292576419,0.4998477929984779,-0.043120361500098126,0.011815124313268149,-3.649590165689143,0.00026265903405775504,0.3763837638376384,candles
2022,1,doji at a new 1h low,2122,0.004037290715372907,0.5409990574929312,0.4998477929984779,0.04131807758546613,0.009994410017746213,4.134118723576597,3.563192541156113e-05,0.2029520295202952,candles
2022,1,squeeze: last hour's range under 40% of the previous day's median hourly range,7799,0.014838280060882801,0.5067316322605462,0.4998477929984779,0.006987522071496721,0.006286232404885474,1.1115596149557285,0.26632754460818386,1.0,volatility
2022,3,failed breakout above the 1h high,42279,0.08043980380442849,0.49381489628420727,0.4997907145765395,-0.006498561287293092,0.0035298505472647398,-1.8410301513554983,0.06561714033587651,1.0,levels
2022,3,failed breakdown below the 1h low,42379,0.08063006328030167,0.5039052360839095,0.4997907145765395,0.004475370950295099,0.00343900509337188,1.3013563018329473,0.19313652381625102,1.0,levels
2022,3,wick rejection at the 1h high,12512,0.023805265621254266,0.4439737851662404,0.4997907145765395,-0.05717806851910667,0.0046285228101009684,-12.35341616861544,0.0,0.0036900369003690036,levels
2022,3,wick rejection at the 1h low,13507,0.025698347406192566,0.5392018953135411,0.4997907145765395,0.040450696796090146,0.004619112029879123,8.757245231211396,0.0,0.0036900369003690036,levels
2022,3,failed breakout above the 4h high,16657,0.031691520896198234,0.478837725881011,0.4997907145765395,-0.021638753710925995,0.005866951473198547,-3.688244876368301,0.00022580628205148834,0.3726937269372694,levels
2022,3,failed breakdown below the 4h low,16456,0.031309099349693115,0.5020053475935828,0.4997907145765395,0.0022862122639498716,0.005347850812203512,0.4275011297497036,0.6690143624357585,1.0,levels
2022,3,wick rejection at the 4h high,4557,0.008670124315541535,0.4369102479701558,0.4997907145765395,-0.06343041620022621,0.008040499777758517,-7.888864865799296,3.1086244689504383e-15,0.007380073800738007,levels
2022,3,wick rejection at the 4h low,5184,0.009863051229266473,0.5422453703703703,0.4997907145765395,0.042877559358368345,0.007948644142916253,5.394323684320472,6.878212888139501e-08,0.09225092250922509,levels
2022,3,failed breakout above the daily high,4253,0.00809173550888702,0.4740183399952974,0.4997907145765395,-0.025982619062524193,0.011589147377920786,-2.2419784834236656,0.02496276296008615,1.0,levels
2022,3,failed breakdown below the daily low,5203,0.009899200529682382,0.49817413030943686,0.4997907145765395,-0.0016327471586402575,0.009648711923641124,-0.16921918402804895,0.8656242407185122,1.0,levels
2022,3,wick rejection at the daily high,1168,0.0022222306781989275,0.4246575342465753,0.4997907145765395,-0.07530051544547128,0.014098662165236269,-5.3409688495936365,9.245114318545689e-08,0.09225092250922509,levels
2022,3,wick rejection at the daily low,1641,0.003122157999079144,0.5423522242535039,0.4997907145765395,0.042694809618333496,0.014300127089796761,2.9856244878268625,0.002829999235089531,0.8966789667896679,levels
2022,3,"liquidity sweep of the 1h low (took it out, closed back above)",12631,0.02403167439754337,0.541841501068799,0.4997907145765395,0.0430862205146893,0.0048664090544345865,8.85380164978658,0.0,0.0036900369003690036,levels
2022,3,"liquidity sweep of the 1h high (took it out, closed back below)",11820,0.022488670048211753,0.44289340101522845,0.4997907145765395,-0.058206295740958036,0.004812672262425411,-12.094381783567409,0.0,0.0036900369003690036,levels
2022,3,retest from above of a 4h high broken in the last hour,7088,0.013485591649892123,0.45753386004514673,0.4997907145765395,-0.04283450314939141,0.007549979866839254,-5.673459254842196,1.3994239767001204e-08,0.055350553505535055,levels
2022,3,retest from below of a 4h low broken in the last hour,6397,0.01217089867160834,0.5200875410348601,0.4997907145765395,0.02054690070481452,0.008353167101677612,2.4597736947807465,0.013902464869156805,0.996309963099631,levels
2022,3,acceptance above the 4h high (last 5 closes all above it),12453,0.023693012530489083,0.45458925560106,0.4997907145765395,-0.046298407729967295,0.006724430926373788,-6.8851042172774815,5.774491995680364e-12,0.01107011070110701,levels
2022,3,acceptance below the 4h low (last 5 closes all below it),13645,0.025960905482897575,0.5141077317698791,0.4997907145765395,0.01469860632281661,0.006715449064702975,2.188774895200062,0.028613205275298315,1.0,levels
2022,3,"support held (4h low tested within 3 bp, no close below, price now 3+ bp above)",12285,0.023373376611022113,0.5281237281237281,0.4997907145765395,0.029011100935248557,0.006440758950213427,4.504298508840673,6.659254638829992e-06,0.16974169741697417,levels
2022,3,"resistance held (4h high tested within 3 bp, no close above, price now 3+ bp below)",13107,0.024937309502699782,0.4856946669718471,0.4997907145765395,-0.014456555195956844,0.0059182930807425505,-2.442689978128461,0.014578254506655508,0.996309963099631,levels
2022,3,"repeated rejection at the 4h high (2+ touches in 30 minutes, no close above)",8053,0.015321595592068462,0.49136967589718117,0.4997907145765395,-0.008552070037954884,0.007463899560445416,-1.1457911469329218,0.25188157916041964,1.0,levels
2022,3,"repeated rejection at the 4h low (2+ touches in 30 minutes, no close below)",7538,0.014341759291321504,0.5149907137171663,0.4997907145765395,0.015421165788355007,0.00790675900075486,1.950377618298818,0.051131127508217356,1.0,levels
2022,3,rejecting the ups (3+ up-minutes undone by the next minute in the last 15),111156,0.2114848230016096,0.5093022418942748,0.4997907145765395,0.012062579890906366,0.0023025116478782442,5.238878987657668,1.6155492521541248e-07,0.1033210332103321,levels
2022,3,rejecting the downs (3+ down-minutes undone by the next minute in the last 15),115350,0.21946430541973144,0.4862938881664499,0.4997907145765395,-0.017291747839088156,0.002239204415436707,-7.722273017988751,1.1324274851176597e-14,0.007380073800738007,levels
2022,3,lower highs (three successive 10-minute highs declining),156205,0.2971948142877256,0.5189718638968023,0.4997907145765395,0.02729227061809908,0.0021699931239510116,12.577123087103022,0.0,0.0036900369003690036,levels
2022,3,higher lows (three successive 10-minute lows rising),155351,0.2955699983637685,0.48004840651170577,0.4997907145765395,-0.028025933050802476,0.0021774795281322237,-12.870813566197922,0.0,0.0036900369003690036,levels
2022,3,approaching the previous day's high from below (within 10 bp),5701,0.010846692719530896,0.4832485528854587,0.4997907145765395,-0.01672355697476363,0.008809570116733192,-1.8983397320373612,0.05765134321523546,1.0,levels
2022,3,approaching the previous day's low from above (within 10 bp),5685,0.010816251203391185,0.5072999120492524,0.4997907145765395,0.007591306955707922,0.008851346423767314,0.8576443167249697,0.391088896126355,1.0,levels
2022,3,broke above the previous day's high in the last 5 minutes,3030,0.005764862118957835,0.4646864686468647,0.4997907145765395,-0.03530779047347943,0.011281483724662776,-3.129711599573738,0.0017497799991823548,0.7822878228782287,levels
2022,3,broke below the previous day's low in the last 5 minutes,3462,0.0065867830547300405,0.5109763142692085,0.4997907145765395,0.011259765324106108,0.010763996760150715,1.0460580372702055,0.29553423764777254,1.0,levels
2022,3,crossed above the daily open in the last 5 minutes,9787,0.01862069490370968,0.4807397568202718,0.4997907145765395,-0.01941243070577936,0.006277536143341527,-3.0923646256294015,0.0019856877934076866,0.8044280442804428,levels
2022,3,crossed below the daily open in the last 5 minutes,9924,0.018881350385655957,0.5047359935509875,0.4997907145765395,0.005040449466934438,0.006687614677036313,0.7536991454131096,0.45102989516680214,1.0,levels
2022,3,range breakout upward (prior hour under 15 bp),650,0.0012366865931757731,0.4430769230769231,0.4997907145765395,-0.05678401553032941,0.023031852547510813,-2.4654558469924903,0.013683903890075122,0.996309963099631,levels
2022,3,range breakdown downward (prior hour under 15 bp),637,0.0012119528613122577,0.5447409733124019,0.4997907145765395,0.045004802434946256,0.029174161556255167,1.5426253929582725,0.12292169325815538,1.0,levels
2022,3,reclaimed the session VWAP in the last 5 minutes after 30+ minutes below,4341,0.008259163847655432,0.45473393227366965,0.4997907145765395,-0.0454320127400184,0.009657101654097448,-4.704518432892532,2.544658766368002e-06,0.15867158671586715,levels
2022,3,lost the session VWAP in the last 5 minutes after 30+ minutes above,4524,0.00860733868850338,0.5366931918656057,0.4997907145765395,0.03722286711326728,0.009827585624930236,3.787590211256136,0.00015211546259696895,0.3173431734317343,levels
2022,3,"approaching a $1,000 level from below (within 10 bp, rising)",7287,0.013864208006879783,0.5033621517771374,0.4997907145765395,0.003621648488571272,0.007402105271643675,0.489272761689198,0.6246486023117543,1.0,round numbers
2022,3,"approaching a $1,000 level from above (within 10 bp, falling)",6998,0.013314358121606246,0.47999428408116607,0.4997907145765395,-0.02006356397128284,0.008250803117372163,-2.431710426956955,0.015027716314208295,1.0,round numbers
2022,3,"crossed a $1,000 level upward in the last 3 minutes",7519,0.014305609990905598,0.48157999734007184,0.4997907145765395,-0.01847501357525183,0.007211059650207475,-2.562038656096857,0.010405973563069049,0.992619926199262,round numbers
2022,3,"crossed a $1,000 level downward in the last 3 minutes",7614,0.014486356492985132,0.5253480430785396,0.4997907145765395,0.025933003231748908,0.007578696450176873,3.4218289915996936,0.00062201422194752,0.5424354243542435,round numbers
2022,3,"approaching a $100 level from below (within 10 bp, rising)",73207,0.1392832545024905,0.4916333137541492,0.4997907145765395,-0.009477451048864105,0.0025723127635146484,-3.684408514894085,0.0002292343395629004,0.3726937269372694,round numbers
2022,3,"approaching a $100 level from above (within 10 bp, falling)",74646,0.14202108836030577,0.5071805589046968,0.4997907145765395,0.008613083874094873,0.0025634026173454957,3.360019926567002,0.0007793685101251668,0.6051660516605166,round numbers
2022,3,crossed a $100 level upward in the last 3 minutes,66554,0.12662529157264676,0.47017459506566095,0.4997907145765395,-0.033909980704853404,0.0026429060482267086,-12.830566083726561,0.0,0.0036900369003690036,round numbers
2022,3,crossed a $100 level downward in the last 3 minutes,67813,0.12902065837389032,0.5282762892070841,0.4997907145765395,0.03270522418747884,0.002765546948771363,11.825951536280606,0.0,0.0036900369003690036,round numbers
2022,3,10 minutes before funding settlement (00:00 UTC),3648,0.0069406656798541855,0.46957236842105265,0.4997907145765395,-0.030429547471274243,0.010241796061560596,-2.9711143717733366,0.00296721255660648,0.9077490774907749,time
2022,3,10 minutes after funding settlement (00:00 UTC),3650,0.006944470869371649,0.5142465753424658,0.4997907145765395,0.014556951088708692,0.011363403197479017,1.2810379809402668,0.20018032581218392,1.0,time
2022,3,10 minutes before funding settlement (08:00 UTC),3650,0.006944470869371649,0.5134246575342466,0.4997907145765395,0.013729285581485007,0.011395855859290843,1.2047612527752147,0.22829548209486772,1.0,time
2022,3,10 minutes after funding settlement (08:00 UTC),3650,0.006944470869371649,0.5057534246575343,0.4997907145765395,0.006004407514064003,0.011794190936060931,0.5090987204307019,0.6106830286760259,1.0,time
2022,3,10 minutes before funding settlement (16:00 UTC),3650,0.006944470869371649,0.5043835616438356,0.4997907145765395,0.004624965002024528,0.011264862978682722,0.4105655799610407,0.6813911069501515,1.0,time
2022,3,10 minutes after funding settlement (16:00 UTC),3650,0.006944470869371649,0.48246575342465753,0.4997907145765395,-0.017446115190606848,0.011733426350621889,-1.4868730300320314,0.13704834861188697,1.0,time
2022,3,10 minutes after the US equity open (13:30 UTC),3650,0.006944470869371649,0.4778082191780822,0.4997907145765395,-0.022136219731541007,0.01132926769228394,-1.9538967859870935,0.05071342475692253,1.0,time
2022,3,10 minutes after the US equity close (20:00 UTC),3650,0.006944470869371649,0.5134246575342466,0.4997907145765395,0.013729285581485007,0.01150971369210708,1.1928433624634838,0.2329307240834777,1.0,time
2022,3,10 minutes after the London open (07:00 UTC),3650,0.006944470869371649,0.4876712328767123,0.4997907145765395,-0.012204233644856899,0.011719894740964618,-1.0413262161988,0.2977241734643248,1.0,time
2022,3,last 5 minutes of the hour,43798,0.08332984524294232,0.49924654093794235,0.4997907145765395,-0.0005936417104595026,0.0034299344848086753,-0.1730766908489847,0.8625911464452467,1.0,time
2022,3,first 5 minutes of the hour,43800,0.08333365043245979,0.49420091324200915,0.4997907145765395,-0.00609796720166228,0.003504913689345832,-1.739833771142143,0.08188821066018326,1.0,time
2022,3,last 5 minutes of a 4-hour block,10948,0.020829607418597483,0.5039276580197296,0.4997907145765395,0.004224947439723792,0.006381172273416347,0.6620958122890236,0.507909819476617,1.0,time
2022,3,first 5 minutes of a 4-hour block,10950,0.020833412608114946,0.4968036529680365,0.4997907145765395,-0.003050616357793967,0.00654123334289447,-0.4663671509452805,0.6409527203022369,1.0,time
2022,3,last 5 minutes of the UTC day,1823,0.0034684302451683607,0.45474492594624244,0.4997907145765395,-0.04520257059330224,0.014793655036943567,-3.055537693722057,0.0022465736185772744,0.8154981549815498,time
2022,3,first 5 minutes of the UTC day,1825,0.0034722354346858244,0.48164383561643836,0.4997907145765395,-0.018210108744954823,0.015363691563897698,-1.1852690916905522,0.23591106996144173,1.0,time
2022,3,Saturday or Sunday,151198,0.2876685223307547,0.5001388907260678,0.4997907145765395,0.0004887838884609086,0.0018880545750255043,0.2588822881109281,0.7957260644782693,1.0,time
2022,3,first hour of the week (Monday 00:00 to 01:00 UTC),3120,0.005936095647243711,0.48205128205128206,0.4997907145765395,-0.017845364314689305,0.013010406065881773,-1.3716223939763594,0.1701810187662478,1.0,time
2022,3,volume climax at a new 1h high (hour's largest volume),3754,0.007142340724279773,0.42434736281299945,0.4997907145765395,-0.07598607016697156,0.008392063125932133,-9.054516038156178,0.0,0.0036900369003690036,volume and flow
2022,3,volume climax at a new 1h low (hour's largest volume),4057,0.007718826936175556,0.5284693122997288,0.4997907145765395,0.028901684826529217,0.008145318234323216,3.5482572927281852,0.0003877892086319168,0.43911439114391143,volume and flow
2022,3,"absorption: heavy taker selling in the last 5 minutes, price did not fall",2556,0.004863032203318887,0.4980438184663537,0.4997907145765395,-0.0017554328366009564,0.011211991449996581,-0.15656744338682954,0.8755857624566528,1.0,volume and flow
2022,3,"absorption: heavy taker buying in the last 5 minutes, price did not rise",1863,0.003544534035517639,0.5147611379495437,0.4997907145765395,0.015023675301448769,0.012960583617212586,1.1591820048517143,0.2463820049383587,1.0,volume and flow
2022,3,delta divergence: new 4h high with net taker selling over the hour,1312,0.0024962043234563296,0.4009146341463415,0.4997907145765395,-0.09912351297183447,0.01595109924478456,-6.2142120396024945,5.158282689876614e-10,0.02952029520295203,volume and flow
2022,3,delta divergence: new 4h low with net taker buying over the hour,841,0.0016000821920935772,0.5624256837098692,0.4997907145765395,0.06273535085104126,0.018001224328729783,3.4850602217603743,0.0004920262909751116,0.4870848708487085,volume and flow
2022,3,taker buying above 70% of the last minute,28906,0.054996404095906,0.4802117207500173,0.4997907145765395,-0.02071843314817312,0.003165586590365579,-6.544895410926177,5.953704196315357e-11,0.01845018450184502,volume and flow
2022,3,taker selling above 70% of the last minute,34292,0.06524377946643632,0.5219001516388662,0.4997907145765395,0.023652623621703728,0.002951264382705127,8.01440350797164,1.1102230246251565e-15,0.007380073800738007,volume and flow
2022,3,bullish engulfing,46254,0.08800261797038801,0.49042244995027456,0.4997907145765395,-0.010272249472269623,0.0026589028884431106,-3.8633413491398394,0.00011184654383278314,0.2730627306273063,candles
2022,3,bearish engulfing,45596,0.08675071061914238,0.5128958680586017,0.4997907145765395,0.01435002866626578,0.0026362931638308873,5.443259825251477,5.231425359575326e-08,0.07749077490774908,candles
2022,3,pin bar at a new 1h high (long upper wick),2429,0.0046214026689599275,0.43515850144092216,0.4997907145765395,-0.0649322914003968,0.010345909280192193,-6.276131912804727,3.470996823295991e-10,0.02952029520295203,candles
2022,3,pin bar at a new 1h low (long lower wick),2662,0.005064707247744474,0.5484598046581518,0.4997907145765395,0.04891683955343534,0.0101816857259777,4.804394956782865,1.552201640775408e-06,0.15498154981549817,candles
2022,3,inside bar (last minute inside the previous one),99104,0.18855475096937202,0.49986882466903454,0.4997907145765395,9.626045945598793e-05,0.0016323703178079314,0.05896974381723239,0.9529762070952392,1.0,candles
2022,3,doji at a new 1h high,1832,0.003485553597996948,0.4383187772925764,0.4997907145765395,-0.06168695045607475,0.011833885216354693,-5.212738616969346,1.8607299034911762e-07,0.1070110701107011,candles
2022,3,doji at a new 1h low,2122,0.004037306078029216,0.557492931196984,0.4997907145765395,0.0579361224798699,0.010762255755357145,5.383269436895787,7.314492234122838e-08,0.09225092250922509,candles
2022,3,squeeze: last hour's range under 40% of the previous day's median hourly range,7799,0.014838336523350546,0.5126298243364534,0.4997907145765395,0.013032490235769578,0.00775559877239439,1.680397686656765,0.09287996585070246,1.0,volatility
2022,5,failed breakout above the 1h high,42279,0.08044010989429143,0.48778353319614937,0.5000608832639518,-0.013351332740699495,0.004245954865797071,-3.1444829638322402,0.0016638059853208986,0.7564575645756457,levels
2022,5,failed breakdown below the 1h low,42379,0.08063037009414074,0.5082942023171854,0.5000608832639518,0.008955395942409627,0.004137778320636412,2.164300561425978,0.030441289678765582,1.0,levels
2022,5,wick rejection at the 1h high,12512,0.023805356205146157,0.44021739130434784,0.5000608832639518,-0.06130282760717537,0.004663314195700299,-13.145763942669406,0.0,0.0036900369003690036,levels
2022,5,wick rejection at the 1h low,13507,0.02569844519364683,0.5506774265195824,0.5000608832639518,0.05195161909157675,0.004739324129207294,10.961820224831563,0.0,0.0036900369003690036,levels
2022,5,failed breakout above the 4h high,16657,0.03169164148890022,0.4725340697604611,0.5000608832639518,-0.028427735092379836,0.006869484160819923,-4.138263430974529,3.499444432031318e-05,0.1992619926199262,levels
2022,5,failed breakdown below the 4h low,16456,0.0313092184872031,0.5143412736995625,0.5000608832639518,0.014741949348696326,0.006786101405082259,2.17237386662919,0.029827474539051213,1.0,levels
2022,5,wick rejection at the 4h high,4557,0.008670157307133235,0.4307658547289884,0.5000608832639518,-0.0699010819110712,0.008039892874468251,-8.69428026000836,0.0,0.0036900369003690036,levels
2022,5,wick rejection at the 4h low,5184,0.009863088760188434,0.5495756172839507,0.5000608832639518,0.05000796703760735,0.00786136855064963,6.361229182350813,2.001454557643001e-10,0.02952029520295203,levels
2022,5,failed breakout above the daily high,4253,0.00809176629959132,0.4599106513049612,0.5000608832639518,-0.04047776860285379,0.013752270740157337,-2.943351637534057,0.0032467940306275533,0.9188191881918819,levels
2022,5,failed breakdown below the daily low,5203,0.009899238198159804,0.5068229867384202,0.5000608832639518,0.0068297124245843,0.012551748510795891,0.544124383842617,0.5863558819363504,1.0,levels
2022,5,wick rejection at the daily high,1168,0.0022222391342399867,0.413527397260274,0.5000608832639518,-0.08672621238680822,0.013965950258366874,-6.209832541459278,5.304108263715079e-10,0.02952029520295203,levels
2022,5,wick rejection at the daily low,1641,0.0031221698795272416,0.5716026812918952,0.5000608832639518,0.07176586324454376,0.013761071723686045,5.215136196188689,1.8368222520770416e-07,0.1033210332103321,levels
2022,5,"liquidity sweep of the 1h low (took it out, closed back above)",12631,0.024031765842966842,0.553637875069274,0.5000608832639518,0.0548962455233985,0.004856838949490973,11.302875408119506,0.0,0.0036900369003690036,levels
2022,5,"liquidity sweep of the 1h high (took it out, closed back below)",11820,0.022488755622188907,0.43781725888324874,0.5000608832639518,-0.0636756096041855,0.004857771985680241,-13.107986499137612,0.0,0.0036900369003690036,levels
2022,5,retest from above of a 4h high broken in the last hour,7088,0.01348564296531937,0.452313769751693,0.5000608832639518,-0.048399816152478126,0.009172559265179568,-5.27658800049526,1.316113258376106e-07,0.0996309963099631,levels
2022,5,retest from below of a 4h low broken in the last hour,6397,0.012170944984360612,0.5269657652024387,0.5000608832639518,0.027236374352302195,0.009122759414718594,2.9855412287163055,0.0028307697576894775,0.8966789667896679,levels
2022,5,acceptance above the 4h high (last 5 closes all above it),12453,0.02369310268723506,0.45129687625471776,0.5000608832639518,-0.04994741627192684,0.007955589499308963,-6.278279727261614,3.4233949008921627e-10,0.02952029520295203,levels
2022,5,acceptance below the 4h low (last 5 closes all below it),13645,0.025961004269438884,0.5202638329058263,0.5000608832639518,0.020741417674681184,0.008019502140311833,2.5863722350568095,0.009699212151245362,0.992619926199262,levels
2022,5,"support held (4h low tested within 3 bp, no close below, price now 3+ bp above)",12285,0.023373465551488216,0.5327635327635327,0.5000608832639518,0.03348531741260513,0.0076466830205691155,4.379064402503889,1.1918990757697756e-05,0.18081180811808117,levels
2022,5,"resistance held (4h high tested within 3 bp, no close above, price now 3+ bp below)",13107,0.024937404394249577,0.4853131914244297,0.5000608832639518,-0.015124866758282562,0.00680199975568829,-2.2235911939917568,0.02617596157346913,1.0,levels
2022,5,"repeated rejection at the 4h high (2+ touches in 30 minutes, no close above)",8053,0.01532165389386525,0.4856575189370421,0.5000608832639518,-0.014627481536348519,0.009184401082656028,-1.5926440281415075,0.11124007055414054,1.0,levels
2022,5,"repeated rejection at the 4h low (2+ touches in 30 minutes, no close below)",7538,0.014341813864641284,0.5220217564340673,0.5000608832639518,0.022280414731014775,0.00972528515909667,2.2909780398752115,0.021964683794448714,1.0,levels
2022,5,rejecting the ups (3+ up-minutes undone by the next minute in the last 15),111154,0.2114818225405064,0.5100761106213002,0.5000608832639518,0.012701327177537247,0.002811065518066187,4.518331961993848,6.232871039291155e-06,0.16974169741697417,levels
2022,5,rejecting the downs (3+ down-minutes undone by the next minute in the last 15),115349,0.21946323792418512,0.48639346678341383,0.5000608832639518,-0.017510279008755292,0.002749213398385435,-6.369196010407476,1.9002155404734822e-10,0.02952029520295203,levels
2022,5,lower highs (three successive 10-minute highs declining),156205,0.29719594517462083,0.5236964245702762,0.5000608832639518,0.03363034283033128,0.002527825458861152,13.304060496915238,0.0,0.0036900369003690036,levels
2022,5,higher lows (three successive 10-minute lows rising),155351,0.29557112306790767,0.47604457003817163,0.5000608832639518,-0.03409331163477464,0.0026168453196404214,-13.02840155621402,0.0,0.0036900369003690036,levels
2022,5,approaching the previous day's high from below (within 10 bp),5701,0.010846733993409387,0.4811436590071917,0.5000608832639518,-0.01912466440426641,0.011272940417762625,-1.6965107323845983,0.08978919941278751,1.0,levels
2022,5,approaching the previous day's low from above (within 10 bp),5685,0.010816292361433496,0.5101143359718557,0.5000608832639518,0.010163382827952261,0.010292559323008842,0.9874495263031606,0.32342231515787745,1.0,levels
2022,5,broke above the previous day's high in the last 5 minutes,3030,0.0057648840554342115,0.45544554455445546,0.5000608832639518,-0.04487403230282189,0.01265732216964455,-3.5453022133260643,0.0003921631755212651,0.44280442804428044,levels
2022,5,broke below the previous day's low in the last 5 minutes,3462,0.0065868081187832475,0.5225303292894281,0.5000608832639518,0.022618429279085916,0.012996219231155017,1.740385328747316,0.08179137993670738,1.0,levels
2022,5,crossed above the daily open in the last 5 minutes,9787,0.018620765759252353,0.4838050475120057,0.5000608832639518,-0.01656427524118398,0.007172847377162562,-2.3093026200337867,0.020926794376854074,1.0,levels
2022,5,crossed below the daily open in the last 5 minutes,9924,0.018881422233045914,0.501813784764208,0.5000608832639518,0.0017866357237327213,0.007506836869950921,0.23800113878648893,0.8118802109552881,1.0,levels
2022,5,range breakout upward (prior hour under 15 bp),650,0.0012366912990205406,0.44461538461538463,0.5000608832639518,-0.05551415251795866,0.02529154930979595,-2.1949684393773716,0.028165861759245514,1.0,levels
2022,5,range breakdown downward (prior hour under 15 bp),637,0.0012119574730401297,0.565149136577708,0.5000608832639518,0.06516723322906559,0.029644148709155344,2.1983169045748054,0.02792653057758665,1.0,levels
2022,5,reclaimed the session VWAP in the last 5 minutes after 30+ minutes below,4341,0.008259195275458717,0.4570375489518544,0.5000608832639518,-0.04338163167950643,0.010931711928327913,-3.9684206795725516,7.235053109733158e-05,0.24354243542435425,levels
2022,5,lost the session VWAP in the last 5 minutes after 30+ minutes above,4524,0.008607371441182963,0.5298408488063661,0.5000608832639518,0.03003851822633108,0.011527463078562509,2.6058221155523253,0.009165404778485042,0.992619926199262,levels
2022,5,"approaching a $1,000 level from below (within 10 bp, rising)",7287,0.013864260763019505,0.5078907643749142,0.5000608832639518,0.00793996282603121,0.008885774941231587,0.8935588486704026,0.37155797235058885,1.0,round numbers
2022,5,"approaching a $1,000 level from above (within 10 bp, falling)",6998,0.013314408785454989,0.4794226921977708,0.5000608832639518,-0.02091668435208094,0.009474051682399214,-2.207786599997097,0.027259152607554737,1.0,round numbers
2022,5,"crossed a $1,000 level upward in the last 3 minutes",7519,0.014305664426669914,0.4827769650219444,0.5000608832639518,-0.017534764701629568,0.007198472362745027,-2.435900815897966,0.014854757035657418,1.0,round numbers
2022,5,"crossed a $1,000 level downward in the last 3 minutes",7614,0.014486411616526761,0.5254793800893092,0.5000608832639518,0.025792132269886858,0.007770709525788953,3.3191476510979485,0.0009029267338058755,0.6309963099630996,round numbers
2022,5,"approaching a $100 level from below (within 10 bp, rising)",73207,0.13928378450368725,0.4894613903042059,0.5000608832639518,-0.012314735994178871,0.002871409936089948,-4.288741861410452,1.7968806079071697e-05,0.18450184501845018,round numbers
2022,5,"approaching a $100 level from above (within 10 bp, falling)",74646,0.14202162877951888,0.5084934222865257,0.5000608832639518,0.009828381816407106,0.0028391759726263364,3.46170223725707,0.000536770665427122,0.5166051660516605,round numbers
2022,5,crossed a $100 level upward in the last 3 minutes,66554,0.1266257734077124,0.47242840400276465,0.5000608832639518,-0.031638761964619566,0.002640645046062703,-11.981452036423486,0.0,0.0036900369003690036,round numbers
2022,5,crossed a $100 level downward in the last 3 minutes,67813,0.12902114932381525,0.5247813841003938,0.5000608832639518,0.02838243525345102,0.00278419720465924,10.194118148654908,0.0,0.0036900369003690036,round numbers
2022,5,10 minutes before funding settlement (00:00 UTC),3646,0.0069368868865059856,0.4621503017004937,0.5000608832639518,-0.03817539999507097,0.012068655802464068,-3.1631857449507064,0.0015605273033987288,0.7380073800738007,time
2022,5,10 minutes after funding settlement (00:00 UTC),3650,0.006944497294499958,0.5315068493150685,0.5000608832639518,0.03166586959686013,0.014983484568101266,2.1133848707178857,0.03456783982658718,1.0,time
2022,5,10 minutes before funding settlement (08:00 UTC),3650,0.006944497294499958,0.5126027397260274,0.5000608832639518,0.012629562424160967,0.014636117634726846,0.8629038614854418,0.3881903274098395,1.0,time
2022,5,10 minutes after funding settlement (08:00 UTC),3650,0.006944497294499958,0.4967123287671233,0.5000608832639518,-0.003371971141296337,0.014727631349033774,-0.22895542815970607,0.8189035591200251,1.0,time
2022,5,10 minutes before funding settlement (16:00 UTC),3650,0.006944497294499958,0.5098630136986302,0.5000608832639518,0.009870677326668353,0.013670372816732449,0.7220488759887154,0.4702644283465611,1.0,time
2022,5,10 minutes after funding settlement (16:00 UTC),3650,0.006944497294499958,0.47534246575342465,0.5000608832639518,-0.024891274901738925,0.014803978501228018,-1.6813909112117493,0.09268700975555899,1.0,time
2022,5,10 minutes after the US equity open (13:30 UTC),3650,0.006944497294499958,0.4756164383561644,0.5000608832639518,-0.02461538639198957,0.014568466828171495,-1.6896346528647774,0.09109787209700859,1.0,time
2022,5,10 minutes after the US equity close (20:00 UTC),3650,0.006944497294499958,0.5147945205479452,0.5000608832639518,0.01483667050215498,0.014275476336489127,1.0393117646261234,0.29865976512874104,1.0,time
2022,5,10 minutes after the London open (07:00 UTC),3650,0.006944497294499958,0.486027397260274,0.5000608832639518,-0.014131623021517603,0.014962838785377222,-0.9444479903992588,0.344940767561285,1.0,time
2022,5,last 5 minutes of the hour,43796,0.08332635712600553,0.4959357018905836,0.5000608832639518,-0.004500163613775088,0.004171773502705927,-1.0787171477205455,0.28071383903724567,1.0,time
2022,5,first 5 minutes of the hour,43800,0.08333396753399949,0.495662100456621,0.5000608832639518,-0.00479867547344065,0.003968875768802765,-1.2090767645489189,0.22663335498115633,1.0,time
2022,5,last 5 minutes of a 4-hour block,10946,0.020825881475505903,0.5003654302941714,0.5000608832639518,0.00031102438724428527,0.007354931164804601,0.042287871942653085,0.9662692134264308,1.0,time
2022,5,first 5 minutes of a 4-hour block,10950,0.020833491883499873,0.49625570776255706,0.5000608832639518,-0.0038861373115327003,0.00772521741735556,-0.5030456881125521,0.614932150491065,1.0,time
2022,5,last 5 minutes of the UTC day,1821,0.0034646382392560064,0.4415156507413509,0.5000608832639518,-0.05874877577766968,0.01672433816040268,-3.5127713404388112,0.0004434589403845557,0.4575645756457565,time
2022,5,first 5 minutes of the UTC day,1825,0.003472248647249979,0.5090410958904109,0.5000608832639518,0.009011502804883054,0.019032041188992033,0.4734911361002743,0.6358628233696193,1.0,time
2022,5,Saturday or Sunday,151196,0.28766581176416867,0.49933199290986535,0.5000608832639518,-0.001023242132869695,0.0022562455902017794,-0.45351540511074634,0.6501776530192496,1.0,time
2022,5,first hour of the week (Monday 00:00 to 01:00 UTC),3120,0.005936118235298595,0.47628205128205126,0.5000608832639518,-0.023920828850241938,0.01651690449685185,-1.448263435488247,0.1475433895228524,1.0,time
2022,5,volume climax at a new 1h high (hour's largest volume),3754,0.0071423679023432446,0.42567927543953116,0.5000608832639518,-0.07491669038920629,0.008576306244116321,-8.735309614276197,0.0,0.0036900369003690036,volume and flow
2022,5,volume climax at a new 1h low (hour's largest volume),4057,0.0077188563078866654,0.5506531920138032,0.5000608832639518,0.05098586128685856,0.007979658838126716,6.389478838775502,1.66451963323766e-10,0.02952029520295203,volume and flow
2022,5,"absorption: heavy taker selling in the last 5 minutes, price did not fall",2556,0.004863050708148464,0.49726134585289516,0.5000608832639518,-0.002813218233981507,0.013387318618641097,-0.21014053031234028,0.8335579930280013,1.0,volume and flow
2022,5,"absorption: heavy taker buying in the last 5 minutes, price did not rise",1863,0.003544547523192718,0.5083199141170156,0.5000608832639518,0.008288409514479622,0.014921168392699826,0.5554799259912329,0.5785664369248418,1.0,volume and flow
2022,5,delta divergence: new 4h high with net taker selling over the hour,1312,0.0024962138220229984,0.38871951219512196,0.5000608832639518,-0.11161999845177933,0.015206318916084502,-7.340369425878156,2.1294077612310502e-13,0.007380073800738007,volume and flow
2022,5,delta divergence: new 4h low with net taker buying over the hour,841,0.00160008828073273,0.5683709869203329,0.5000608832639518,0.06841958102615375,0.021260963285652315,3.2180847173714757,0.0012904969549369927,0.6900369003690037,volume and flow
2022,5,taker buying above 70% of the last minute,28906,0.05499661336844268,0.4886874697294679,0.5000608832639518,-0.012035315106143807,0.003305488085463187,-3.6410099794558293,0.00027157060848281844,0.3763837638376384,volume and flow
2022,5,taker selling above 70% of the last minute,34292,0.06524402773232672,0.5177884054589992,0.5000608832639518,0.018964866468883068,0.003196436811236664,5.933127287927141,2.972182500116105e-09,0.04059040590405904,volume and flow
2022,5,bullish engulfing,46253,0.08800105023630317,0.4949300585907941,0.5000608832639518,-0.005625910725540972,0.002425829118319839,-2.31917025113358,0.020385806823307817,1.0,candles
2022,5,bearish engulfing,45596,0.08675104072329318,0.5096499692955523,0.5000608832639518,0.010499969295552303,0.0024616905006388974,4.2653490732596895,1.995898987616762e-05,0.1918819188191882,candles
2022,5,pin bar at a new 1h high (long upper wick),2429,0.004621420254339835,0.4215726636475916,0.5000608832639518,-0.07885263076126825,0.010268416089279826,-7.679142535292273,1.5987211554602254e-14,0.007380073800738007,candles
2022,5,pin bar at a new 1h low (long lower wick),2662,0.005064726519988736,0.5510894064613073,0.5000608832639518,0.051288284331172385,0.009724855790075511,5.273937777412959,1.335271955227313e-07,0.0996309963099631,candles
2022,5,inside bar (last minute inside the previous one),99102,0.18855166325466707,0.5004137151621562,0.5000608832639518,0.00043481745198908905,0.0015817852617557168,0.27489031697416344,0.7834005066150649,1.0,candles
2022,5,doji at a new 1h high,1832,0.003485566861239431,0.435589519650655,0.5000608832639518,-0.06469686887547504,0.011156087686506586,-5.799243488712143,6.661474927227573e-09,0.04428044280442804,candles
2022,5,doji at a new 1h low,2122,0.004037321440802441,0.556550424128181,0.5000608832639518,0.05671853180879172,0.010705663110186862,5.297993335398513,1.1708223901507608e-07,0.0959409594095941,candles
2022,5,squeeze: last hour's range under 40% of the previous day's median hourly range,7799,0.014838392986247994,0.5083985126298244,0.5000608832639518,0.00846320979879217,0.009501798469932298,0.8906955694307072,0.3730925123391038,1.0,volatility
2022,10,failed breakout above the 1h high,42277,0.08043706988894407,0.48811410459587956,0.5011292050282444,-0.014153572318093555,0.005326189997083666,-2.657354004615548,0.007875669427737764,0.988929889298893,levels
2022,10,failed breakdown below the 1h low,42379,0.08063113713895405,0.5127067651431133,0.5011292050282444,0.012592943466499307,0.0051378653434044795,2.451006911394627,0.014245721796081634,0.996309963099631,levels
2022,10,wick rejection at the 1h high,12512,0.023805582667891952,0.4282289002557545,0.5011292050282444,-0.07467805949118506,0.005264033045600639,-14.186472395646616,0.0,0.0036900369003690036,levels
2022,10,wick rejection at the 1h low,13507,0.025698689665538413,0.5560079958540016,0.5011292050282444,0.05632630300673436,0.005359814029379645,10.509003241154184,0.0,0.0036900369003690036,levels
2022,10,failed breakout above the 4h high,16657,0.03169194297467042,0.46707090112265115,0.5011292050282444,-0.035173004766914095,0.007556098609932693,-4.654916059549334,3.2411272326005047e-06,0.15867158671586715,levels
2022,10,failed breakdown below the 4h low,16456,0.03130951633494485,0.522484200291687,0.5011292050282444,0.02204522045333368,0.008146698985610908,2.706031055310993,0.006809267785223394,0.985239852398524,levels
2022,10,wick rejection at the 4h high,4557,0.008670239787210968,0.4186965108624095,0.5011292050282444,-0.08315365630518418,0.008797759400798525,-9.451685652785272,0.0,0.0036900369003690036,levels
2022,10,wick rejection at the 4h low,5184,0.009863182588742959,0.5628858024691358,0.5011292050282444,0.06237178171230506,0.009447965814075745,6.601609588741577,4.067168823951306e-11,0.01107011070110701,levels
2022,10,failed breakout above the daily high,4253,0.008091843277377277,0.4648483423465789,0.5011292050282444,-0.03657683671192058,0.015782765900434113,-2.3175175341677288,0.020475556623543723,1.0,levels
2022,10,failed breakdown below the daily low,5203,0.009899332370607564,0.5120123005958102,0.5011292050282444,0.010991908119427185,0.01509107694658276,0.7283713520469595,0.466386295100069,1.0,levels
2022,10,wick rejection at the daily high,1168,0.002222260274624185,0.4246575342465753,0.5011292050282444,-0.07664198922970239,0.01663218047515582,-4.608054208177077,4.064547090898429e-06,0.16605166051660517,levels
2022,10,wick rejection at the daily low,1641,0.0031221995810430544,0.56672760511883,0.5011292050282444,0.06580385285239243,0.01771229569200846,3.7151509887045417,0.00020308239333144407,0.36900369003690037,levels
2022,10,"liquidity sweep of the 1h low (took it out, closed back above)",12631,0.024031994459570275,0.558388092787586,0.5011292050282444,0.05866881643075511,0.005564973037246135,10.542515846543576,0.0,0.0036900369003690036,levels
2022,10,"liquidity sweep of the 1h high (took it out, closed back below)",11820,0.02248896955998105,0.42851099830795264,0.5011292050282444,-0.07428888724417076,0.005419347800652217,-13.708086282122384,0.0,0.0036900369003690036,levels
2022,10,retest from above of a 4h high broken in the last hour,7088,0.013485771255596081,0.4441309255079007,0.5011292050282444,-0.057777453035714355,0.010367052944875482,-5.573180087237253,2.501307649893647e-08,0.07011070110701106,levels
2022,10,retest from below of a 4h low broken in the last hour,6397,0.012171060767783315,0.5450992652806003,0.5011292050282444,0.04451181627310019,0.010395838875059429,4.2816954752817615,1.85474692051546e-05,0.1918819188191882,levels
2022,10,acceptance above the 4h high (last 5 closes all above it),12453,0.023693328082101863,0.4570786155946358,0.5011292050282444,-0.04511962347555587,0.010473744020629953,-4.307879148725091,1.6482739680467873e-05,0.18450184501845018,levels
2022,10,acceptance below the 4h low (last 5 closes all below it),13645,0.02596125123908134,0.5282521069989007,0.5011292050282444,0.027845814147701486,0.010399900768798542,2.677507676923575,0.007417215276620759,0.988929889298893,levels
2022,10,"support held (4h low tested within 3 bp, no close below, price now 3+ bp above)",12285,0.023373687905614823,0.543019943019943,0.5011292050282444,0.042893312900676994,0.010452956539802568,4.1034622824029405,4.07012832939202e-05,0.2029520295202952,levels
2022,10,"resistance held (4h high tested within 3 bp, no close above, price now 3+ bp below)",13107,0.024937641626283556,0.4881361104753185,0.5011292050282444,-0.013325398566915003,0.009134089580425284,-1.4588644494435286,0.14460241956795583,1.0,levels
2022,10,"repeated rejection at the 4h high (2+ touches in 30 minutes, no close above)",8053,0.015321799650298427,0.4789519433751397,0.5011292050282444,-0.022522344503238312,0.012919802736541834,-1.7432421347685942,0.08129132833080166,1.0,levels
2022,10,"repeated rejection at the 4h low (2+ touches in 30 minutes, no close below)",7538,0.014341950299757796,0.5232157070841071,0.5011292050282444,0.022407874680858808,0.013293922932359536,1.685572783509558,0.09187811504416032,1.0,levels
2022,10,rejecting the ups (3+ up-minutes undone by the next minute in the last 15),111149,0.2114743212878455,0.5110707248828149,0.5011292050282444,0.012607731267302968,0.0037111599867371155,3.3972481144332978,0.0006806722011034605,0.5571955719557196,levels
2022,10,rejecting the downs (3+ down-minutes undone by the next minute in the last 15),115348,0.21946342307992336,0.4868051461663835,0.5011292050282444,-0.01835155364324159,0.0032848158346743556,-5.586783115669221,2.313143099286208e-08,0.05904059040590406,levels
2022,10,lower highs (three successive 10-minute highs declining),156205,0.2971987724295127,0.5257578182516565,0.5011292050282444,0.035043497730575524,0.0032525437698158206,10.774181751460306,0.0,0.0036900369003690036,levels
2022,10,higher lows (three successive 10-minute lows rising),155347,0.295566324385311,0.4758572743599812,0.5011292050282444,-0.03587552887248174,0.0032313515725260152,-11.102329185566488,0.0,0.0036900369003690036,levels
2022,10,approaching the previous day's high from below (within 10 bp),5701,0.010846837179479861,0.4776355025434134,0.5011292050282444,-0.023751329286396727,0.01493223711490881,-1.5906075629272363,0.11169792137921175,1.0,levels
2022,10,approaching the previous day's low from above (within 10 bp),5685,0.010816395257909667,0.5080035180299033,0.5011292050282444,0.00694948133865525,0.01391569831196468,0.49939867787160236,0.6174985504274328,1.0,levels
2022,10,broke above the previous day's high in the last 5 minutes,3030,0.005764938897355548,0.4537953795379538,0.5011292050282444,-0.04760828434052167,0.014198667557417013,-3.3530107066738344,0.000799376142434749,0.6051660516605166,levels
2022,10,broke below the previous day's low in the last 5 minutes,3462,0.006586870779750795,0.5291738879260544,0.5011292050282444,0.02823063443888929,0.014966528435587854,1.886251348159113,0.05926109200673957,1.0,levels
2022,10,crossed above the daily open in the last 5 minutes,9787,0.018620942900468236,0.4764483498518443,0.5011292050282444,-0.02514915617757768,0.008679323775889211,-2.8975939631888092,0.0037603707619973115,0.948339483394834,levels
2022,10,crossed below the daily open in the last 5 minutes,9924,0.018881601853913025,0.5080612656187021,0.5011292050282444,0.0070654679430703915,0.008212909434895367,0.8602880622365472,0.3896302717556266,1.0,levels
2022,10,range breakout upward (prior hour under 15 bp),650,0.0012367030637891441,0.3953846153846154,0.5011292050282444,-0.10587552623129953,0.028999757035637407,-3.650910802500536,0.0002613119873438041,0.3763837638376384,levels
2022,10,range breakdown downward (prior hour under 15 bp),637,0.001211969002513361,0.6263736263736264,0.5011292050282444,0.12539639789265467,0.03369006855920178,3.7220582579789707,0.00019760541455871028,0.36162361623616235,levels
2022,10,reclaimed the session VWAP in the last 5 minutes after 30+ minutes below,4341,0.008259273846013345,0.4646394839898641,0.5011292050282444,-0.03679360953531574,0.012437796888973226,-2.958209549790546,0.0030943169497357204,0.9114391143911439,levels
2022,10,lost the session VWAP in the last 5 minutes after 30+ minutes above,4524,0.008607453323972442,0.5287356321839081,0.5011292050282444,0.027846111258576056,0.01298358156687232,2.1447172427079417,0.03197546142212615,1.0,levels
2022,10,"approaching a $1,000 level from below (within 10 bp, rising)",7287,0.013864392655125374,0.5118704542335666,0.5011292050282444,0.010892263827935955,0.01090940281177812,0.9984289713985387,0.31807139093595405,1.0,round numbers
2022,10,"approaching a $1,000 level from above (within 10 bp, falling)",6998,0.013314535446763738,0.47713632466418976,0.5011292050282444,-0.02431664519849641,0.010722035821151535,-2.2679130721170107,0.023334505443033615,1.0,round numbers
2022,10,"crossed a $1,000 level upward in the last 3 minutes",7519,0.01430580051789319,0.47971804761271447,0.5011292050282444,-0.021721906679353087,0.008063308537794394,-2.69391981933198,0.0070617150316407695,0.985239852398524,round numbers
2022,10,"crossed a $1,000 level downward in the last 3 minutes",7614,0.014486549427216219,0.5269240872077752,0.5011292050282444,0.02617405390513816,0.008965869380602412,2.9192990432991945,0.0035081950422013453,0.9261992619926199,round numbers
2022,10,"approaching a $100 level from below (within 10 bp, rising)",73207,0.13928510952432596,0.4864835329954786,0.5011292050282444,-0.017015706588591584,0.0031807777904559243,-5.349542693503465,8.817675856143126e-08,0.09225092250922509,round numbers
2022,10,"approaching a $100 level from above (within 10 bp, falling)",74646,0.1420229798455453,0.513986013986014,0.5011292050282444,0.01498502716943989,0.003018430478737889,4.964509626773201,6.887487009610282e-07,0.14391143911439114,round numbers
2022,10,crossed a $100 level upward in the last 3 minutes,66554,0.12662697801141953,0.4712413979625567,0.5011292050282444,-0.03422112466633809,0.002555190095664248,-13.392790119375425,0.0,0.0036900369003690036,round numbers
2022,10,crossed a $100 level downward in the last 3 minutes,67813,0.12902237671497419,0.5299721292377567,0.5011292050282444,0.033115574313754226,0.003083148088784515,10.740831565703205,0.0,0.0036900369003690036,round numbers
2022,10,10 minutes before funding settlement (00:00 UTC),3641,0.006927439777317344,0.46141170008239496,0.5011292050282444,-0.039994564885513895,0.01680499698582755,-2.379920979411255,0.017316350943144654,1.0,time
2022,10,10 minutes after funding settlement (00:00 UTC),3650,0.006944563358200578,0.5438356164383562,0.5011292050282444,0.04300506279340399,0.018465962734083838,2.3288827889827117,0.019865275948113492,1.0,time
2022,10,10 minutes before funding settlement (08:00 UTC),3650,0.006944563358200578,0.5147945205479452,0.5011292050282444,0.013760878814492505,0.017549464905610736,0.7841195665226817,0.4329699553358539,1.0,time
2022,10,10 minutes after funding settlement (08:00 UTC),3650,0.006944563358200578,0.49616438356164383,0.5011292050282444,-0.004999541096507243,0.018762875837091866,-0.26645921125927685,0.7898855688616411,1.0,time
2022,10,10 minutes before funding settlement (16:00 UTC),3650,0.006944563358200578,0.5054794520547945,0.5011292050282444,0.004380668858992687,0.016699053324522494,0.26233037130073067,0.7930667487742893,1.0,time
2022,10,10 minutes after funding settlement (16:00 UTC),3650,0.006944563358200578,0.4843835616438356,0.5011292050282444,-0.01686274780493352,0.019500167227457142,-0.8647488818039462,0.38717663359547183,1.0,time
2022,10,10 minutes after the US equity open (13:30 UTC),3650,0.006944563358200578,0.47698630136986303,0.5011292050282444,-0.02431173806371284,0.018129749313744982,-1.3409858924679676,0.17992503299963403,1.0,time
2022,10,10 minutes after the US equity close (20:00 UTC),3650,0.006944563358200578,0.5189041095890411,0.5011292050282444,0.01789920673603662,0.017763527435011323,1.0076380832310299,0.31362823930756,1.0,time
2022,10,10 minutes after the London open (07:00 UTC),3650,0.006944563358200578,0.49232876712328766,0.5011292050282444,-0.008861980489948351,0.018644942117810086,-0.47530211860959226,0.6345716492401912,1.0,time
2022,10,last 5 minutes of the hour,43795,0.08332524719791624,0.49400616508733874,0.5011292050282444,-0.007770520480827048,0.00451921413939599,-1.7194406463477756,0.08553416643095524,1.0,time
2022,10,first 5 minutes of the hour,43800,0.08333476029840693,0.49995433789954336,0.5011292050282444,-0.00128167522648015,0.0044993404897904635,-0.28485846523249864,0.7757525780951631,1.0,time
2022,10,last 5 minutes of a 4-hour block,10945,0.02082417697411105,0.49611694837825493,0.5011292050282444,-0.005118852541212027,0.008898139532208799,-0.575272226591098,0.5651072018623742,1.0,time
2022,10,first 5 minutes of a 4-hour block,10950,0.020833690074601733,0.5046575342465753,0.5011292050282444,0.003603401365596115,0.008533117623882168,0.42228427222320847,0.6728175366158922,1.0,time
2022,10,last 5 minutes of the UTC day,1820,0.003462768578609603,0.47417582417582416,0.5011292050282444,-0.027047038487438946,0.02189227570807281,-1.235460344465939,0.21665922632054313,1.0,time
2022,10,first 5 minutes of the UTC day,1825,0.003472281679100289,0.555068493150685,0.5011292050282444,0.05412723312235168,0.021178791062247404,2.5557281793500035,0.010596585989747886,0.992619926199262,time
2022,10,Saturday or Sunday,151191,0.28765903525745307,0.4975163865574009,0.5011292050282444,-0.005071754468240097,0.0032244423305820636,-1.5729090330248097,0.11573988319863893,1.0,time
2022,10,first hour of the week (Monday 00:00 to 01:00 UTC),3120,0.005936174706187891,0.47435897435897434,0.5011292050282444,-0.026930092402625783,0.024998706945522423,-1.0772594143093988,0.2813643885077135,1.0,time
2022,10,volume climax at a new 1h high (hour's largest volume),3754,0.007142435848406841,0.4232818327117741,0.5011292050282444,-0.07840739208447456,0.008116883655762307,-9.659790063494611,0.0,0.0036900369003690036,volume and flow
2022,10,volume climax at a new 1h low (hour's largest volume),4057,0.0077189297381423955,0.5432585654424451,0.5011292050282444,0.042457083659857564,0.008809477050241135,4.819478320645085,1.4393409191182371e-06,0.15498154981549817,volume and flow
2022,10,"absorption: heavy taker selling in the last 5 minutes, price did not fall",2556,0.004863096970838541,0.4874804381846635,0.5011292050282444,-0.013715466487107919,0.014135828896113027,-0.9702626275335933,0.3319156007141313,1.0,volume and flow
2022,10,"absorption: heavy taker buying in the last 5 minutes, price did not rise",1863,0.0035445812428295006,0.5212023617820719,0.5011292050282444,0.020144560786135135,0.01648271930041831,1.2221624611191364,0.22164619650915363,1.0,volume and flow
2022,10,delta divergence: new 4h high with net taker selling over the hour,1312,0.002496237568755934,0.40015243902439024,0.5011292050282444,-0.10122945878193046,0.017150536923644575,-5.902407559169214,3.5823484179076104e-09,0.04059040590405904,volume and flow
2022,10,delta divergence: new 4h low with net taker buying over the hour,841,0.0016001035025333386,0.5945303210463734,0.5011292050282444,0.09355080699206175,0.022870792553286667,4.090405121470876,4.306203453041668e-05,0.2029520295202952,volume and flow
2022,10,taker buying above 70% of the last minute,28906,0.054997136556752306,0.4912128969764063,0.5011292050282444,-0.010493415877817214,0.003418641719013538,-3.069469321530754,0.002144394283544182,0.8118081180811808,volume and flow
2022,10,taker selling above 70% of the last minute,34292,0.06524464840531896,0.5201796337338155,0.5011292050282444,0.020380122641792064,0.0034811736817810875,5.854382603330753,4.787852558862937e-09,0.04059040590405904,volume and flow
2022,10,bullish engulfing,46252,0.08799998477903921,0.49472455245178587,0.5011292050282444,-0.007022645251718307,0.0024628676723329667,-2.851409895305525,0.004352582037040698,0.966789667896679,candles
2022,10,bearish engulfing,45596,0.08675186599466125,0.5105711027283095,0.5011292050282444,0.010338808641912833,0.0022883199751113892,4.518078220861384,6.240343242813751e-06,0.16974169741697417,candles
2022,10,pin bar at a new 1h high (long upper wick),2429,0.004621464218375124,0.42857142857142855,0.5011292050282444,-0.07289465650355781,0.010413990346893616,-6.999685430407713,2.5652813206988867e-12,0.01107011070110701,candles
2022,10,pin bar at a new 1h low (long lower wick),2662,0.005064774701241079,0.5623591284748309,0.5011292050282444,0.06154161787587775,0.010101213506967598,6.092497483933755,1.1116259024390729e-09,0.033210332103321034,candles
2022,10,inside bar (last minute inside the previous one),99101,0.18855155434548918,0.5032138928971454,0.5011292050282444,0.0025690946603754705,0.0016352050858037734,1.571114646523161,0.11615602109760426,1.0,candles
2022,10,doji at a new 1h high,1832,0.003485600019787249,0.4284934497816594,0.5011292050282444,-0.07288982000463551,0.011151409130812378,-6.5363775240955135,6.302669497415536e-11,0.02214022140221402,candles
2022,10,doji at a new 1h low,2122,0.004037359848247021,0.5466540999057493,0.5011292050282444,0.04570944033660573,0.011523228410557742,3.9667217127038903,7.286799031835933e-05,0.24354243542435425,candles
2022,10,squeeze: last hour's range under 40% of the previous day's median hourly range,7799,0.014838534145371592,0.5117322733683806,0.5011292050282444,0.010762772101462592,0.012623869506225903,0.8525731429776389,0.39389606143877387,1.0,volatility
2022,15,failed breakout above the 1h high,42275,0.0804340298257564,0.48489651094027203,0.5005365439718714,-0.01700805982265291,0.0056132256381245405,-3.0299975306774853,0.0024455573817696585,0.8376383763837638,levels
2022,15,failed breakdown below the 1h low,42379,0.08063190419836144,0.5154911630760518,0.5005365439718714,0.016266193239108218,0.005679440622877549,2.8640484722361226,0.004182640007318383,0.966789667896679,levels
2022,15,wick rejection at the 1h high,12512,0.023805809134946516,0.4323049872122762,0.5005365439718714,-0.06989547509920319,0.0057080028480932755,-12.245171728067962,0.0,0.0036900369003690036,levels
2022,15,wick rejection at the 1h low,13507,0.02569893414208141,0.5470496779447693,0.5005365439718714,0.04774000111756105,0.005309357452992383,8.991672069593754,0.0,0.0036900369003690036,levels
2022,15,failed breakout above the 4h high,16657,0.0316922444661768,0.4665906225610854,0.5005365439718714,-0.03505695499884931,0.008459913142942846,-4.1438906530728845,3.414626091924333e-05,0.1992619926199262,levels
2022,15,failed breakdown below the 4h low,16456,0.031309814188353574,0.5314778804083617,0.5005365439718714,0.03194141624400293,0.008994828983588042,3.5510865523161375,0.0003836442307012522,0.43911439114391143,levels
2022,15,wick rejection at the 4h high,4557,0.008670322268857998,0.4206714944042133,0.5005365439718714,-0.08056356160994332,0.009657728156728454,-8.341875056176168,0.0,0.0036900369003690036,levels
2022,15,wick rejection at the 4h low,5184,0.0098632764190827,0.5513117283950617,0.5005365439718714,0.05128098293289973,0.009624285616249718,5.328289805356205,9.91418442897185e-08,0.09225092250922509,levels
2022,15,failed breakout above the daily high,4253,0.00809192025662784,0.4535621913943099,0.5005365439718714,-0.04735756622701853,0.01722022044207681,-2.7501138203377766,0.005957456729339894,0.985239852398524,levels
2022,15,failed breakdown below the daily low,5203,0.009899426544847085,0.5202767634057275,0.5005365439718714,0.019937590142957595,0.017142807008996435,1.1630294929234446,0.24481753656536442,1.0,levels
2022,15,wick rejection at the daily high,1168,0.0022222814154106083,0.4143835616438356,0.5005365439718714,-0.08634486491665616,0.01868234225014254,-4.621736598150448,3.805409972690299e-06,0.16236162361623616,levels
2022,15,wick rejection at the daily low,1641,0.00312222928312398,0.5435709932967703,0.5005365439718714,0.0431692335700814,0.017957788868537217,2.4039281164350736,0.0162199623729955,1.0,levels
2022,15,"liquidity sweep of the 1h low (took it out, closed back above)",12631,0.024032223080523454,0.5490459979415723,0.5005365439718714,0.04970395039354175,0.005488071497643883,9.056724281904938,0.0,0.0036900369003690036,levels
2022,15,"liquidity sweep of the 1h high (took it out, closed back below)",11820,0.022489183501843656,0.4319796954314721,0.5005365439718714,-0.07013410735033909,0.005838113396108742,-12.013145787316386,0.0,0.0036900369003690036,levels
2022,15,retest from above of a 4h high broken in the last hour,7088,0.013485899548313692,0.4380643340857788,0.5005365439718714,-0.06332622094047008,0.012198510709950063,-5.191307565833937,2.0882234119667942e-07,0.11439114391143912,levels
2022,15,retest from below of a 4h low broken in the last hour,6397,0.012171176553408956,0.5641707050179772,0.5005365439718714,0.06441820640957058,0.011487064062225674,5.607891281933814,2.048066050086561e-08,0.05904059040590406,levels
2022,15,acceptance above the 4h high (last 5 closes all above it),12453,0.02369355348125711,0.4517786878663776,0.5005365439718714,-0.04994113915702575,0.011479123968168846,-4.350605437793907,1.3576215371458034e-05,0.18450184501845018,levels
2022,15,acceptance below the 4h low (last 5 closes all below it),13645,0.02596149821342273,0.5259069256137779,0.5005365439718714,0.02604659014543298,0.010886929831614904,2.3924642252947614,0.016735659536863068,1.0,levels
2022,15,"support held (4h low tested within 3 bp, no close below, price now 3+ bp above)",12285,0.023373910263972023,0.5420431420431421,0.5005365439718714,0.042499989000385485,0.011893437401804603,3.5733983006407315,0.0003523781384935365,0.4317343173431734,levels
2022,15,"resistance held (4h high tested within 3 bp, no close above, price now 3+ bp below)",13107,0.024937878862831202,0.49011978332188905,0.5005365439718714,-0.01068317640914379,0.011183873656819636,-0.9552304270380834,0.3394611819179574,1.0,levels
2022,15,"repeated rejection at the 4h high (2+ touches in 30 minutes, no close above)",8053,0.015321945409504819,0.4788277660499193,0.5005365439718714,-0.022046574330307656,0.015820310139141203,-1.393561449580055,0.1634500766166318,1.0,levels
2022,15,"repeated rejection at the 4h low (2+ touches in 30 minutes, no close below)",7538,0.014342086737470176,0.5383390819846113,0.5005365439718714,0.038352594246023386,0.014750112754849252,2.6001560044627166,0.009318138899196304,0.992619926199262,levels
2022,15,rejecting the ups (3+ up-minutes undone by the next minute in the last 15),111145,0.211468722530661,0.509370641954204,0.5005365439718714,0.011203230911377648,0.004172845943739209,2.6847937983875445,0.007257456609579105,0.988929889298893,levels
2022,15,rejecting the downs (3+ down-minutes undone by the next minute in the last 15),115348,0.21946551087738259,0.48757672434719285,0.5005365439718714,-0.016603775752749128,0.003649425474678016,-4.549695799505005,5.37235241848677e-06,0.16974169741697417,levels
2022,15,lower highs (three successive 10-minute highs declining),156205,0.297201599738197,0.5253865113152588,0.5005365439718714,0.03535859975510819,0.0037079041427804387,9.536006971473084,0.0,0.0036900369003690036,levels
2022,15,higher lows (three successive 10-minute lows rising),155342,0.29555962297321464,0.4765871432066022,0.5005365439718714,-0.033997768365226055,0.0036276587419614144,-9.371820996272662,0.0,0.0036900369003690036,levels
2022,15,approaching the previous day's high from below (within 10 bp),5701,0.010846940367513594,0.476407647781091,0.5005365439718714,-0.024393490932278272,0.017942114837328417,-1.3595660909230065,0.17396727475786378,1.0,levels
2022,15,approaching the previous day's low from above (within 10 bp),5685,0.010816498156343586,0.5175021987686895,0.5005365439718714,0.017151170399826943,0.01620949140451196,1.0580942962252882,0.29001245453580604,1.0,levels
2022,15,broke above the previous day's high in the last 5 minutes,3030,0.005764993740320328,0.4498349834983498,0.5005365439718714,-0.0509955494971569,0.01550560053385142,-3.288847109521799,0.0010059865411844449,0.6420664206642066,levels
2022,15,broke below the previous day's low in the last 5 minutes,3462,0.006586933441910553,0.52368573079145,0.5005365439718714,0.023302680021900946,0.01742883284102524,1.3370189636020504,0.18121644684975635,1.0,levels
2022,15,crossed above the daily open in the last 5 minutes,9787,0.018621120045054472,0.4783897006232758,0.5005365439718714,-0.02256706742008996,0.00994879044970564,-2.2683227206537113,0.023309544087634082,1.0,levels
2022,15,crossed below the daily open in the last 5 minutes,9924,0.01888178147819767,0.5003022974607013,0.5005365439718714,-0.00023875462380362755,0.009202712164616225,-0.02594394125697228,0.9793020517744611,1.0,levels
2022,15,range breakout upward (prior hour under 15 bp),650,0.0012367148287815886,0.41384615384615386,0.5005365439718714,-0.08679773417067105,0.034402664335320514,-2.5229945368375897,0.011636020873312392,0.992619926199262,levels
2022,15,range breakdown downward (prior hour under 15 bp),637,0.0012119805322059567,0.6530612244897959,0.5005365439718714,0.15270976177627515,0.03260826371388291,4.683161394798805,2.824839158366288e-06,0.15867158671586715,levels
2022,15,reclaimed the session VWAP in the last 5 minutes after 30+ minutes below,4341,0.008259352418062886,0.46947707901405206,0.5005365439718714,-0.03131813245080611,0.013506288285851854,-2.318781576994219,0.020406882620601863,1.0,levels
2022,15,lost the session VWAP in the last 5 minutes after 30+ minutes above,4524,0.008607535208319856,0.5064102564102564,0.5005365439718714,0.005924709584734678,0.013732704431891804,0.43143064893871713,0.6661552686336325,1.0,levels
2022,15,"approaching a $1,000 level from below (within 10 bp, rising)",7287,0.013864524549740671,0.5183202964182791,0.5005365439718714,0.018033782263322307,0.011634109170895366,1.5500784803048586,0.12112268046385921,1.0,round numbers
2022,15,"approaching a $1,000 level from above (within 10 bp, falling)",6998,0.013314662110482395,0.4719919977136325,0.5005365439718714,-0.02892973591691822,0.012501597367172667,-2.31408315811573,0.02066316106545396,1.0,round numbers
2022,15,"crossed a $1,000 level upward in the last 3 minutes",7519,0.014305936611705792,0.48822981779491953,0.5005365439718714,-0.012485340669140144,0.00872778194532041,-1.43052848333756,0.15256539685292414,1.0,round numbers
2022,15,"crossed a $1,000 level downward in the last 3 minutes",7614,0.014486687240527716,0.5253480430785396,0.5005365439718714,0.0251762191189433,0.009158715885475947,2.74888089484992,0.005979911122307335,0.985239852398524,round numbers
2022,15,"approaching a $100 level from below (within 10 bp, rising)",73207,0.139286434570175,0.4897755679101725,0.5005365439718714,-0.012502389289432259,0.0033760846923009515,-3.703221461814492,0.00021287889087107104,0.3726937269372694,round numbers
2022,15,"approaching a $100 level from above (within 10 bp, falling)",74646,0.14202433093727762,0.5150041529351874,0.5005365439718714,0.016862493290888847,0.003240645661082502,5.203436306966099,1.9563682385204118e-07,0.11439114391143912,round numbers
2022,15,crossed a $100 level upward in the last 3 minutes,66554,0.12662818263804593,0.4790095260991075,0.5005365439718714,-0.024648170967763616,0.0029137340948384694,-8.459306911851218,0.0,0.0036900369003690036,round numbers
2022,15,crossed a $100 level downward in the last 3 minutes,67813,0.12902360412948594,0.5239555837376314,0.5005365439718714,0.026888259976728057,0.003123411268984897,8.608619762541451,0.0,0.0036900369003690036,round numbers
2022,15,10 minutes before funding settlement (00:00 UTC),3640,0.006925603041176896,0.5052197802197802,0.5005365439718714,0.0047158966762718135,0.01971710192165844,0.23917798340797697,0.8109675739747786,1.0,time
2022,15,10 minutes after funding settlement (00:00 UTC),3650,0.006944629423158151,0.523013698630137,0.5005365439718714,0.022634341774124045,0.020235206937756163,1.1185624067867288,0.2633268688435799,1.0,time
2022,15,10 minutes before funding settlement (08:00 UTC),3650,0.006944629423158151,0.5101369863013698,0.5005365439718714,0.009667580090646721,0.019704525771317708,0.4906273920440673,0.6236900089654924,1.0,time
2022,15,10 minutes after funding settlement (08:00 UTC),3650,0.006944629423158151,0.48547945205479454,0.5005365439718714,-0.01516238909048001,0.02030565899345422,-0.7467075604572989,0.4552401050428312,1.0,time
2022,15,10 minutes before funding settlement (16:00 UTC),3650,0.006944629423158151,0.49534246575342467,0.5005365439718714,-0.005230401418029329,0.019149298258577977,-0.2731380203807916,0.7847471214495831,1.0,time
2022,15,10 minutes after funding settlement (16:00 UTC),3650,0.006944629423158151,0.4865753424657534,0.5005365439718714,-0.014058834904652207,0.020754845981738174,-0.6773760170045265,0.4981674109790388,1.0,time
2022,15,10 minutes after the US equity open (13:30 UTC),3650,0.006944629423158151,0.466027397260274,0.5005365439718714,-0.03475047588892444,0.02033432998340685,-1.708956032349303,0.08745909411786967,1.0,time
2022,15,10 minutes after the US equity close (20:00 UTC),3650,0.006944629423158151,0.5241095890410958,0.5005365439718714,0.023737895959951794,0.019920436502103917,1.1916353317581516,0.2334042649134611,1.0,time
2022,15,10 minutes after the London open (07:00 UTC),3650,0.006944629423158151,0.4945205479452055,0.5005365439718714,-0.006058067057400196,0.020141126357903456,-0.30078094689192925,0.7635815381989941,1.0,time
2022,15,last 5 minutes of the hour,43795,0.08332603988690719,0.49544468546637743,0.5005365439718714,-0.005554710537283958,0.004521571065961687,-1.22849126028334,0.21926260821456145,1.0,time
2022,15,first 5 minutes of the hour,43800,0.08333555307789782,0.49874429223744293,0.5005365439718714,-0.0019551884448517076,0.004526796261526174,-0.43191438975707985,0.6658036358785748,1.0,time
2022,15,last 5 minutes of a 4-hour block,10945,0.020824375078483826,0.505710370031978,0.5005365439718714,0.005283859124374457,0.00943305939297224,0.5601426752715036,0.575382123985053,1.0,time
2022,15,first 5 minutes of a 4-hour block,10950,0.020833888269474455,0.5013698630136987,0.5005365439718714,0.0008510497165332698,0.008922784808544694,0.09537938376797814,0.9240134907846693,1.0,time
2022,15,last 5 minutes of the UTC day,1820,0.003462801520588448,0.5258241758241758,0.5005365439718714,0.025375502179838527,0.022876767797937705,1.109225848859911,0.2673327641864809,1.0,time
2022,15,first 5 minutes of the UTC day,1825,0.0034723147115790754,0.5364383561643835,0.5005365439718714,0.03602690895850147,0.022698008834904217,1.5872277264735455,0.11246107727738486,1.0,time
2022,15,Saturday or Sunday,151186,0.287652258621805,0.498286878414668,0.5005365439718714,-0.0031581002178106,0.0036787133984476058,-0.8584795486224338,0.3906277186697442,1.0,time
2022,15,first hour of the week (Monday 00:00 to 01:00 UTC),3120,0.005936231178151625,0.46282051282051284,0.5005365439718714,-0.037941259237381786,0.029620430483109816,-1.280915186530347,0.20022345800436092,1.0,time
2022,15,volume climax at a new 1h high (hour's largest volume),3754,0.007142503795763205,0.43180607352157696,0.5005365439718714,-0.06922490963008876,0.008574862628189668,-8.073005088444615,6.661338147750939e-16,0.007380073800738007,volume and flow
2022,15,volume climax at a new 1h low (hour's largest volume),4057,0.007719003169795238,0.5491742666995316,0.5005365439718714,0.04901607798902852,0.008287366818450995,5.914553930435312,3.327761843863186e-09,0.04059040590405904,volume and flow
2022,15,"absorption: heavy taker selling in the last 5 minutes, price did not fall",2556,0.004863143234408831,0.5074334898278561,0.5005365439718714,0.006930650602572586,0.014058360155587875,0.4929913962844245,0.6220186665853342,1.0,volume and flow
2022,15,"absorption: heavy taker buying in the last 5 minutes, price did not rise",1863,0.0035446149631078454,0.5351583467525497,0.5005365439718714,0.03474496028680352,0.017109901070047128,2.0306932310455386,0.04228612343653482,1.0,volume and flow
2022,15,delta divergence: new 4h high with net taker selling over the hour,1312,0.0024962613159406834,0.39253048780487804,0.5005365439718714,-0.10827634221148746,0.017593905251752594,-6.1541960504022635,7.545928326635476e-10,0.02952029520295203,volume and flow
2022,15,delta divergence: new 4h low with net taker buying over the hour,841,0.001600118724623563,0.5802615933412604,0.5005365439718714,0.07985282336727306,0.02411400640916637,3.3114706039440587,0.0009280699001670278,0.6383763837638377,volume and flow
2022,15,taker buying above 70% of the last minute,28906,0.054997659755016304,0.491455061232962,0.5005365439718714,-0.009610010845639949,0.003781573138437923,-2.5412732991882883,0.011044954669303664,0.992619926199262,volume and flow
2022,15,taker selling above 70% of the last minute,34292,0.06524526909012036,0.516097048874373,0.5005365439718714,0.016646617971492084,0.0032312018686447546,5.151834719157947,2.579503288746565e-07,0.12177121771217712,volume and flow
2022,15,bullish engulfing,46252,0.08800082193970159,0.4971893107325089,0.5005365439718714,-0.003670215193046167,0.0023297067653635524,-1.5753979202929547,0.11516462415265383,1.0,candles
2022,15,bearish engulfing,45596,0.08675269128173124,0.5072155452232652,0.5005365439718714,0.007313463929904895,0.0023148908189514657,3.159312685519027,0.00158141720766114,0.7416974169741697,candles
2022,15,pin bar at a new 1h high (long upper wick),2429,0.00462150818324689,0.4400988060930424,0.5005365439718714,-0.06071834822201028,0.010160417997016558,-5.975969516198964,2.2872577165600205e-09,0.04059040590405904,candles
2022,15,pin bar at a new 1h low (long lower wick),2662,0.005064822883410137,0.5503380916604057,0.5005365439718714,0.05005506774105983,0.009968672620989076,5.021236993546032,5.133976666016338e-07,0.12915129151291513,candles
2022,15,inside bar (last minute inside the previous one),99101,0.18855334807243723,0.5020231884642941,0.5005365439718714,0.0018320914737786076,0.0016299466187726234,1.1240193100055036,0.26100483414903186,1.0,candles
2022,15,doji at a new 1h high,1832,0.003485633178965954,0.42958515283842796,0.5005365439718714,-0.07119956670548006,0.010784239262139835,-6.602187226635443,4.051359248080644e-11,0.01107011070110701,candles
2022,15,doji at a new 1h low,2122,0.004037398256422355,0.5414703110273327,0.5005365439718714,0.04109970292438769,0.011204537014456348,3.6681304074733228,0.00024433056317896273,0.3726937269372694,candles
2022,15,squeeze: last hour's range under 40% of the previous day's median hourly range,7799,0.014838675307180938,0.507372740094884,0.5005365439718714,0.006939164126387287,0.014929351504928181,0.4648001036144583,0.6420746135723228,1.0,volatility
2022,30,failed breakout above the 1h high,42275,0.080436325444136,0.47408633944411593,0.5015059811138742,-0.029818100071212106,0.0062055408575057485,-4.805076746073859,1.5469215584040796e-06,0.15498154981549817,levels
2022,30,failed breakdown below the 1h low,42379,0.08063420546415233,0.5328110620826353,0.5015059811138742,0.034050734924900905,0.006313111706695774,5.393653162953893,6.903942306735189e-08,0.09225092250922509,levels
2022,30,wick rejection at the 1h high,12511,0.02380458586946388,0.4368156022700024,0.5015059811138742,-0.06626785775416633,0.006248787772336336,-10.60491413191165,0.0,0.0036900369003690036,levels
2022,30,wick rejection at the 1h low,13507,0.025699667599620224,0.5440142148515584,0.5015059811138742,0.04362949731625032,0.00606241272258544,7.196721720002532,6.16839912481737e-13,0.007380073800738007,levels
2022,30,failed breakout above the 4h high,16657,0.03169314897511469,0.4589061655760341,0.5015059811138742,-0.04399412799026586,0.010778049156800591,-4.08182662281764,4.4683125743461005e-05,0.2029520295202952,levels
2022,30,failed breakdown below the 4h low,16456,0.03131070778258313,0.5460014584346136,0.5015059811138742,0.045933693784190766,0.00957303784820456,4.798235890481276,1.6006919687505672e-06,0.15498154981549817,levels
2022,30,wick rejection at the 4h high,4557,0.008670569723215322,0.42374369102479703,0.5015059811138742,-0.07844243065331524,0.011115937692571925,-7.056753359254014,1.7044143874045403e-12,0.01107011070110701,levels
2022,30,wick rejection at the 4h low,5184,0.009863557920813743,0.5615354938271605,0.5015059811138742,0.06062751572624714,0.01137642807738536,5.32922243377652,9.863413641397756e-08,0.09225092250922509,levels
2022,30,failed breakout above the daily high,4253,0.008092151203167603,0.44885962849753114,0.5015059811138742,-0.053075850423204396,0.01954947655574489,-2.714949951312497,0.006628578707745136,0.985239852398524,levels
2022,30,failed breakdown below the daily low,5203,0.009899709078316726,0.5698635402652316,0.5015059811138742,0.06904104541543299,0.019434521792198216,3.5524952017676497,0.0003815959780197886,0.43911439114391143,levels
2022,30,wick rejection at the daily high,1168,0.0022223448401833433,0.4169520547945205,0.5015059811138742,-0.08474225282767084,0.02324441262272723,-3.645704204407991,0.0002666605651568954,0.3763837638376384,levels
2022,30,wick rejection at the daily low,1641,0.0031223183927575914,0.5563680682510664,0.5015059811138742,0.055033920559580896,0.02096912007591562,2.624522171666654,0.00867706430383075,0.992619926199262,levels
2022,30,"liquidity sweep of the 1h low (took it out, closed back above)",12631,0.024032908969482715,0.5450874831763123,0.5015059811138742,0.04465468401851602,0.006140126771962289,7.272599683515179,3.526068326209497e-13,0.007380073800738007,levels
2022,30,"liquidity sweep of the 1h high (took it out, closed back below)",11819,0.022487922659355255,0.436077502326762,0.5015059811138742,-0.06693367816499274,0.006457581570339253,-10.365130883120434,0.0,0.0036900369003690036,levels
2022,30,retest from above of a 4h high broken in the last hour,7088,0.013486284441112618,0.4264954853273138,0.5015059811138742,-0.07603593807518932,0.013935544838683851,-5.456258722236695,4.862712610353981e-08,0.07749077490774908,levels
2022,30,retest from below of a 4h low broken in the last hour,6397,0.01217152392350415,0.5730811317805221,0.5015059811138742,0.07245706354906212,0.01358104574714452,5.335160848294511,9.545989776427177e-08,0.09225092250922509,levels
2022,30,acceptance above the 4h high (last 5 closes all above it),12453,0.023694229704454773,0.45651650204769934,0.5015059811138742,-0.046081340943581406,0.013996494649807293,-3.2923486984804344,0.0009935434129930698,0.6420664206642066,levels
2022,30,acceptance below the 4h low (last 5 closes all below it),13645,0.025962239164641885,0.5428362037376329,0.5015059811138742,0.042431848420653506,0.012711719899755473,3.3380100218751467,0.0008438070587621915,0.6236162361623616,levels
2022,30,"support held (4h low tested within 3 bp, no close below, price now 3+ bp above)",12285,0.0233745773644284,0.5414733414733415,0.5015059811138742,0.04092394016490919,0.014468346575812398,2.828515335216271,0.004676446054723504,0.9704797047970479,levels
2022,30,"resistance held (4h high tested within 3 bp, no close above, price now 3+ bp below)",13107,0.024938590599557435,0.47920958266575114,0.5015059811138742,-0.022866660738663558,0.013580114031326139,-1.6838342215621704,0.09221371153448077,1.0,levels
2022,30,"repeated rejection at the 4h high (2+ touches in 30 minutes, no close above)",8053,0.015322382703764096,0.47547497826896806,0.5015059811138742,-0.02643606637102519,0.01930254430202419,-1.3695638231615368,0.17082309902508697,1.0,levels
2022,30,"repeated rejection at the 4h low (2+ touches in 30 minutes, no close below)",7538,0.014342496066183257,0.5374104537012471,0.5015059811138742,0.03642692562485039,0.01789463808633658,2.0356335483903476,0.04178716639770075,1.0,levels
2022,30,rejecting the ups (3+ up-minutes undone by the next minute in the last 15),111145,0.21147475792994666,0.506671465203113,0.5015059811138742,0.0065508164021208515,0.004683281717041804,1.3987662493766608,0.161883090334352,1.0,levels
2022,30,rejecting the downs (3+ down-minutes undone by the next minute in the last 15),115348,0.21947177450810643,0.49681832368138157,0.5015059811138742,-0.006005750054123293,0.004296976486154781,-1.3976688198025575,0.162212541630546,1.0,levels
2022,30,lower highs (three successive 10-minute highs declining),156205,0.2972100819870198,0.5240741333504049,0.5015059811138742,0.032112231063784025,0.003953074109471881,8.123356702784942,4.440892098500626e-16,0.007380073800738007,levels
2022,30,higher lows (three successive 10-minute lows rising),155329,0.2955433233568823,0.4795047930521667,0.5015059811138742,-0.031231428122092286,0.0039173708735075145,-7.9725482040275795,1.5543122344752192e-15,0.007380073800738007,levels
2022,30,approaching the previous day's high from below (within 10 bp),5701,0.010847249943394898,0.447816172601298,0.5015059811138742,-0.054278581856547214,0.0225759513429207,-2.404265540444998,0.016204997461623183,1.0,levels
2022,30,approaching the previous day's low from above (within 10 bp),5685,0.010816806863392387,0.5211961301671064,0.5015059811138742,0.01990546259767778,0.02131998991204012,0.9336525335988312,0.3504831572259506,1.0,levels
2022,30,broke above the previous day's high in the last 5 minutes,3030,0.005765158275475625,0.42376237623762375,0.5015059811138742,-0.07819440801471239,0.019877923277351,-3.9337312516850025,8.363729488003457e-05,0.25092250922509224,levels
2022,30,broke below the previous day's low in the last 5 minutes,3462,0.006587121435543438,0.5340843443096476,0.5015059811138742,0.03279438378416344,0.01929709634309725,1.699446548904975,0.08923507763044358,1.0,levels
2022,30,crossed above the daily open in the last 5 minutes,9787,0.018621651499036287,0.477776642484929,0.5015059811138742,-0.024179602765020625,0.01053802346246369,-2.2945102419963357,0.021761207441161057,1.0,levels
2022,30,crossed below the daily open in the last 5 minutes,9924,0.018882320371557793,0.5004030632809351,0.5015059811138742,-0.0011241442854814654,0.011048192356376576,-0.10174915942992739,0.918955781013542,1.0,levels
2022,30,range breakout upward (prior hour under 15 bp),650,0.0012367501251020318,0.4,0.5015059811138742,-0.10163167409953111,0.03707314353557105,-2.7413826939713717,0.006118120264579252,0.985239852398524,levels
2022,30,range breakdown downward (prior hour under 15 bp),637,0.0012120151225999912,0.5824175824175825,0.5015059811138742,0.08100978638989131,0.03839452605699941,2.1099306257779173,0.03486433184990556,1.0,levels
2022,30,reclaimed the session VWAP in the last 5 minutes after 30+ minutes below,4341,0.008259588143181416,0.4821469707440682,0.5015059811138742,-0.019520239508603376,0.01313336698795213,-1.4863088442217622,0.1371974484303624,1.0,levels
2022,30,lost the session VWAP in the last 5 minutes after 30+ minutes above,4524,0.008607780870710142,0.5148099027409372,0.5015059811138742,0.013419433167175088,0.013258709959988853,1.0121220848537493,0.3114796840586318,1.0,levels
2022,30,"approaching a $1,000 level from below (within 10 bp, rising)",7287,0.013864920248643857,0.5313572114724853,0.5015059811138742,0.03027093445062079,0.013578322521806383,2.2293574483892664,0.025790131065046795,1.0,round numbers
2022,30,"approaching a $1,000 level from above (within 10 bp, falling)",6998,0.013315042116098491,0.48356673335238637,0.5015059811138742,-0.018181332975787334,0.013605468244864588,-1.3363254133241549,0.18144293352841223,1.0,round numbers
2022,30,"crossed a $1,000 level upward in the last 3 minutes",7519,0.014306344908680274,0.4978055592499003,0.5015059811138742,-0.003754129738849865,0.01042419991166297,-0.3601360076229553,0.7187454266690065,1.0,round numbers
2022,30,"crossed a $1,000 level downward in the last 3 minutes",7614,0.014487100696195186,0.5344102968216443,0.5015059811138742,0.033388011187894806,0.010427240331106542,3.2019988153808727,0.0013647755931220917,0.7011070110701108,round numbers
2022,30,"approaching a $100 level from below (within 10 bp, rising)",73207,0.13929040985899147,0.49293100386575056,0.5015059811138742,-0.00996268351874513,0.0036987932800398382,-2.6934956253185973,0.007070707334530191,0.985239852398524,round numbers
2022,30,"approaching a $100 level from above (within 10 bp, falling)",74646,0.14202838436671733,0.5102885620126999,0.5015059811138742,0.010236446915954267,0.0036579631089132857,2.7984008069986603,0.005135634085009055,0.974169741697417,round numbers
2022,30,crossed a $100 level upward in the last 3 minutes,66554,0.12663179665544713,0.4844336929410704,0.5015059811138742,-0.019547641083595302,0.0030773828984693706,-6.352034091473606,2.1248625081682349e-10,0.02952029520295203,round numbers
2022,30,crossed a $100 level downward in the last 3 minutes,67813,0.12902728651314474,0.5192662173919455,0.5015059811138742,0.0203912659984144,0.0033673744626696762,6.055538587843323,1.3994863046207229e-09,0.04059040590405904,round numbers
2022,30,10 minutes before funding settlement (00:00 UTC),3640,0.006925800700571379,0.4887362637362637,0.5015059811138742,-0.012858774688355668,0.023389388084411586,-0.5497696067100492,0.5824774075138746,1.0,time
2022,30,10 minutes after funding settlement (00:00 UTC),3650,0.006944827625572948,0.5273972602739726,0.5015059811138742,0.026072347116617323,0.02227889853341237,1.170270921496222,0.2418919599728817,1.0,time
2022,30,10 minutes before funding settlement (08:00 UTC),3650,0.006944827625572948,0.48904109589041095,0.5015059811138742,-0.012552057096343716,0.021879897596553,-0.5736798831417379,0.5661844437926489,1.0,time
2022,30,10 minutes after funding settlement (08:00 UTC),3650,0.006944827625572948,0.4723287671232877,0.5015059811138742,-0.02938126178913386,0.02190757272434028,-1.3411463770465992,0.17987293235540203,1.0,time
2022,30,10 minutes before funding settlement (16:00 UTC),3650,0.006944827625572948,0.4641095890410959,0.5015059811138742,-0.037657919834768516,0.022258813814228333,-1.6918206041463328,0.09068018380459497,1.0,time
2022,30,10 minutes after funding settlement (16:00 UTC),3650,0.006944827625572948,0.45972602739726026,0.5015059811138742,-0.04207213745910693,0.02202870921695237,-1.9098775622645188,0.05614897967383481,1.0,time
2022,30,10 minutes after the US equity open (13:30 UTC),3650,0.006944827625572948,0.45972602739726026,0.5015059811138742,-0.04207213745910693,0.021017730921249617,-2.0017449845915865,0.045312165602142906,1.0,time
2022,30,10 minutes after the US equity close (20:00 UTC),3650,0.006944827625572948,0.5315068493150685,0.5015059811138742,0.030210676139434622,0.021922722779634606,1.378053102395621,0.16818689354112215,1.0,time
2022,30,10 minutes after the London open (07:00 UTC),3650,0.006944827625572948,0.5273972602739726,0.5015059811138742,0.026072347116617323,0.021829417553181883,1.1943675113226733,0.23233423966054723,1.0,time
2022,30,last 5 minutes of the hour,43795,0.08332841804437459,0.4962666971115424,0.5015059811138742,-0.005715551900446536,0.004074698707915294,-1.4026931339349846,0.16070836564971636,1.0,time
2022,30,first 5 minutes of the hour,43800,0.08333793150687538,0.5007990867579909,0.5015059811138742,-0.0007711613474368217,0.004162050690712137,-0.18528398732810103,0.8530062968404066,1.0,time
2022,30,last 5 minutes of a 4-hour block,10945,0.02082496941421806,0.49693924166285974,0.5015059811138742,-0.00466386428204002,0.009779625798582799,-0.47689598539812,0.6334361908718642,1.0,time
2022,30,first 5 minutes of a 4-hour block,10950,0.020834482876718845,0.49561643835616437,0.5015059811138742,-0.006014859239541981,0.009881480507011552,-0.6087002079571019,0.5427231691652434,1.0,time
2022,30,last 5 minutes of the UTC day,1820,0.0034629003502856894,0.5021978021978022,0.5015059811138742,0.0006942251163264412,0.024767258517682033,0.028029953974551308,0.977638260710985,1.0,time
2022,30,first 5 minutes of the UTC day,1825,0.003472413812786474,0.5254794520547945,0.5015059811138742,0.02405700682370926,0.02347669736526384,1.024718530439637,0.30549601694676953,1.0,time
2022,30,Saturday or Sunday,151171,0.28763192794122966,0.4975425180755568,0.5015059811138742,-0.005563785343246641,0.005116549525541636,-1.087409652828028,0.27685580707137647,1.0,time
2022,30,first hour of the week (Monday 00:00 to 01:00 UTC),3120,0.005936400600489753,0.4362179487179487,0.5015059811138742,-0.06567792285661045,0.041374961723415586,-1.5873832898180287,0.11242586156810219,1.0,time
2022,30,volume climax at a new 1h high (hour's largest volume),3754,0.007142707645589274,0.42115077250932337,0.5015059811138742,-0.08093329144413158,0.008886307248558161,-9.107640460807083,0.0,0.0036900369003690036,volume and flow
2022,30,volume climax at a new 1h low (hour's largest volume),4057,0.007719223473136836,0.5412866650234163,0.5015059811138742,0.04009014872663419,0.008492566257385797,4.7206165382305585,2.3513084552728714e-06,0.15867158671586715,volume and flow
2022,30,"absorption: heavy taker selling in the last 5 minutes, price did not fall",2556,0.004863282030401221,0.48982785602503914,0.5015059811138742,-0.01173519665987427,0.014361512813636868,-0.8171281683313474,0.41385518698064194,1.0,volume and flow
2022,30,"absorption: heavy taker buying in the last 5 minutes, price did not rise",1863,0.0035447161277924392,0.5426731078904992,0.5015059811138742,0.041313571660386184,0.01868232868033095,2.211371631839545,0.027010112632307237,1.0,volume and flow
2022,30,delta divergence: new 4h high with net taker selling over the hour,1312,0.0024963325602059476,0.42073170731707316,0.5015059811138742,-0.08097641786532711,0.021769090764598757,-3.7197887013734285,0.00019938951689657536,0.36531365313653136,volume and flow
2022,30,delta divergence: new 4h low with net taker buying over the hour,841,0.0016001643926320135,0.5921521997621879,0.5015059811138742,0.09079149997372526,0.02904713456637165,3.1256611479617713,0.0017740584045586871,0.7822878228782287,volume and flow
2022,30,taker buying above 70% of the last minute,28906,0.054999229409537435,0.4994810765930949,0.5015059811138742,-0.0021427543593580123,0.004223659795557825,-0.5073217217001295,0.6119290998867231,1.0,volume and flow
2022,30,taker selling above 70% of the last minute,34292,0.06524713121538289,0.5107896885570978,0.5015059811138742,0.009931723938215287,0.004305082863852572,2.3069762539547254,0.021056143935852534,1.0,volume and flow
2022,30,bullish engulfing,46251,0.08800143082476011,0.5009621413591058,0.5015059811138742,-0.0005963164561324508,0.0022177052590915797,-0.26888895793876366,0.78801513443798,1.0,candles
2022,30,bearish engulfing,45595,0.08675326454465715,0.5056914135321855,0.5015059811138742,0.004583024779414524,0.0024039194374036316,1.9064801873578796,0.05658793381014271,1.0,candles
2022,30,pin bar at a new 1h high (long upper wick),2429,0.004621640082881285,0.43968711403869903,0.5015059811138742,-0.06210589818360385,0.010493989995398871,-5.918234933598603,3.25414917234923e-09,0.04059040590405904,candles
2022,30,pin bar at a new 1h low (long lower wick),2662,0.00506496743541786,0.5627347858752817,0.5015059811138742,0.06154050541730527,0.011318174725581491,5.437317138973883,5.408881476043348e-08,0.07749077490774908,candles
2022,30,inside bar (last minute inside the previous one),99099,0.18855492407305577,0.5013067740340468,0.5015059811138742,-0.0002454966894708255,0.001729086789030716,-0.14198054778293975,0.88709537063855,1.0,candles
2022,30,doji at a new 1h high,1831,0.003483829967787416,0.4336428181321682,0.5015059811138742,-0.06810041324217786,0.012226954952926422,-5.569695276081686,2.5518524182643887e-08,0.07011070110701106,candles
2022,30,doji at a new 1h low,2122,0.004037513485333095,0.5395852968897267,0.5015059811138742,0.038233684793801404,0.011651118549215564,3.2815462852170163,0.001032395789521523,0.6420664206642066,candles
2022,30,squeeze: last hour's range under 40% of the previous day's median hourly range,7799,0.014839098808724225,0.495191691242467,0.5015059811138742,-0.0064093995851559615,0.019972561419473563,-0.32091024533822166,0.7482784095941422,1.0,volatility
2023,1,failed breakout above the 1h high,44248,0.08443936407128722,0.5090173567166878,0.5241488413632278,-0.016527015309249493,0.0026560539115610565,-6.222394521930462,4.896238969820388e-10,0.02952029520295203,levels
2023,1,failed breakdown below the 1h low,43301,0.08263218458802224,0.5343294612133669,0.5241488413632278,0.011097642275107567,0.0027590446806880216,4.022277113808883,5.763818800286202e-05,0.22140221402214022,levels
2023,1,wick rejection at the 1h high,12332,0.023533408012274316,0.48475510866039573,0.5241488413632278,-0.040343144380025286,0.004745190930145531,-8.501901182464747,0.0,0.0036900369003690036,levels
2023,1,wick rejection at the 1h low,12154,0.02319372696895735,0.5529043936152707,0.5241488413632278,0.029438337002908432,0.00503171922293138,5.850552405378104,4.89943063897158e-09,0.04059040590405904,levels
2023,1,failed breakout above the 4h high,17838,0.0340406205094834,0.5019060432783944,0.5241488413632278,-0.02302663917044334,0.0037016968741688592,-6.220563150680323,4.953737420265725e-10,0.02952029520295203,levels
2023,1,failed breakdown below the 4h low,16800,0.032059783863623785,0.5307142857142857,0.5241488413632278,0.006782902747097808,0.0040668838606018895,1.6678378285663544,0.09534792418932736,1.0,levels
2023,1,wick rejection at the 4h high,4672,0.00891567322683633,0.4672517123287671,0.5241488413632278,-0.05740896863913697,0.007545761358481652,-7.60810816984129,2.7755575615628914e-14,0.007380073800738007,levels
2023,1,wick rejection at the 4h low,4271,0.008150436719139119,0.5497541559353781,0.5241488413632278,0.025815723996946205,0.00759149672299446,3.4006105698170166,0.000672355380546108,0.5498154981549815,levels
2023,1,failed breakout above the daily high,4336,0.008274477549563853,0.4944649446494465,0.5241488413632278,-0.02993156477453146,0.008160301731213541,-3.6679482892209494,0.00024450461687131053,0.3726937269372694,levels
2023,1,failed breakdown below the daily low,3086,0.005889076964472798,0.5233311730395334,0.5241488413632278,-0.0008225121611155073,0.009414417060534136,-0.0873672959065658,0.9303795640351677,1.0,levels
2023,1,wick rejection at the daily high,1376,0.0026258489640682337,0.4484011627906977,0.5241488413632278,-0.07594710419741085,0.015125544192588063,-5.021115487178772,5.137225869145112e-07,0.12915129151291513,levels
2023,1,wick rejection at the daily low,846,0.0016144391159896264,0.5591016548463357,0.5241488413632278,0.03500933392121497,0.01642870139502458,2.130986076100788,0.03309028929766544,1.0,levels
2023,1,"liquidity sweep of the 1h low (took it out, closed back above)",9147,0.017455407321462307,0.5393025035530775,0.5241488413632278,0.01542287475069093,0.005440106982473756,2.8350315169128812,0.004582116500127187,0.9704797047970479,levels
2023,1,"liquidity sweep of the 1h high (took it out, closed back below)",8874,0.016934435833678423,0.47396889790398916,0.5241488413632278,-0.051044350741543065,0.0058867373664393385,-8.671076619206783,0.0,0.0036900369003690036,levels
2023,1,retest from above of a 4h high broken in the last hour,11825,0.022565889534961386,0.5287103594080338,0.5241488413632278,0.004666829196942723,0.005853403606220331,0.7972847100417522,0.4252856982669919,1.0,levels
2023,1,retest from below of a 4h low broken in the last hour,11298,0.021560204648286996,0.5443441317047265,0.5241488413632278,0.02064029942101775,0.005203792135105608,3.966395829259784,7.296764485120733e-05,0.24354243542435425,levels
2023,1,acceptance above the 4h high (last 5 closes all above it),15435,0.029454926424704354,0.4988662131519274,0.5241488413632278,-0.02604992689125113,0.004037987243060727,-6.451215747651972,1.1095635521485292e-10,0.025830258302583026,levels
2023,1,acceptance below the 4h low (last 5 closes all below it),11261,0.0214895967909683,0.5386732972204955,0.5241488413632278,0.014843435296788554,0.004517712173669845,3.2856088936562062,0.0010176219945638998,0.6420664206642066,levels
2023,1,"support held (4h low tested within 3 bp, no close below, price now 3+ bp above)",16646,0.031765902511540565,0.5466778805719091,0.5241488413632278,0.023268173747568177,0.004702197457632772,4.948361687746324,7.48407428252662e-07,0.14760147601476015,levels
2023,1,"resistance held (4h high tested within 3 bp, no close above, price now 3+ bp below)",17189,0.03280212052570412,0.5191110593984525,0.5241488413632278,-0.005208636279799839,0.004062546925481571,-1.2821110439684118,0.19980369533365772,1.0,levels
2023,1,"resistance flipped to support (4h high broken, retested within 5 bp, last 3 closes above)",2306,0.004400586999375979,0.5437987857762359,0.5241488413632278,0.019736797909297055,0.01856577756496741,1.063074134128338,0.28774833336739336,1.0,levels
2023,1,"support flipped to resistance (4h low broken, retested within 5 bp, last 3 closes below)",1841,0.0035132179817221067,0.5486148832156437,0.5241488413632278,0.024552299432273994,0.015057878682781706,1.6305284395968014,0.10298985954208528,1.0,levels
2023,1,"repeated rejection at the 4h high (2+ touches in 30 minutes, no close above)",11310,0.02158310449390387,0.537842617152962,0.5241488413632278,0.01399584967576728,0.006181398897654595,2.264188075789401,0.02356254966840532,1.0,levels
2023,1,"repeated rejection at the 4h low (2+ touches in 30 minutes, no close below)",11629,0.022191858723219108,0.5489723965947201,0.5241488413632278,0.025386938586008045,0.006348092910955604,3.9991441433056227,6.357195519290926e-05,0.23247232472324722,levels
2023,1,rejecting the ups (3+ up-minutes undone by the next minute in the last 15),82433,0.1573085811446488,0.5168439823856951,0.5241488413632278,-0.00866848625022798,0.0024327416587805626,-3.5632580298613172,0.0003662803224706579,0.4354243542435424,levels
2023,1,rejecting the downs (3+ down-minutes undone by the next minute in the last 15),82321,0.1570948492522246,0.5057518737624664,0.5241488413632278,-0.021825667555170014,0.0023134614118970466,-9.434204280620738,0.0,0.0036900369003690036,levels
2023,1,lower highs (three successive 10-minute highs declining),153551,0.2930245161930533,0.5328392521051638,0.5241488413632278,0.012292379213971527,0.0015614030914393178,7.872649465962235,3.552713678800501e-15,0.007380073800738007,levels
2023,1,higher lows (three successive 10-minute lows rising),157048,0.29969791286990405,0.5142822576537109,0.5241488413632278,-0.014089039417190752,0.0014449679783618962,-9.75041636089607,0.0,0.0036900369003690036,levels
2023,1,approaching the previous day's high from below (within 10 bp),6519,0.012440341131366873,0.5249271360638135,0.5241488413632278,0.0007880989199956501,0.008299150898970403,0.09496139178448026,0.9243454931830382,1.0,levels
2023,1,approaching the previous day's low from above (within 10 bp),5984,0.0114193896809479,0.5569852941176471,0.5241488413632278,0.03321575642053276,0.013996254467142415,2.373188948408306,0.017635239865616992,1.0,levels
2023,1,broke above the previous day's high in the last 5 minutes,2709,0.005169640148009335,0.49206349206349204,0.5241488413632278,-0.032252080952283546,0.0097373241273001,-3.3122119106480015,0.000925614040023115,0.6383763837638377,levels
2023,1,broke below the previous day's low in the last 5 minutes,1956,0.0037326748355504835,0.50920245398773,0.5241488413632278,-0.015002386405707613,0.010676726294299804,-1.4051485438675368,0.15997711152786254,1.0,levels
2023,1,crossed above the daily open in the last 5 minutes,10057,0.019191978947408598,0.5320672168638759,0.5241488413632278,0.00807331845854009,0.005477699966684603,1.4738518917870733,0.1405214730818265,1.0,levels
2023,1,crossed below the daily open in the last 5 minutes,10105,0.019283578329876094,0.5149925779317169,0.5241488413632278,-0.009336300717712187,0.00522925571807489,-1.785397620820363,0.0741968442957115,1.0,levels
2023,1,range breakout upward (prior hour under 15 bp),4955,0.009455727919300943,0.601816347124117,0.5241488413632278,0.07840891916697867,0.010592465475160118,7.402329453029766,1.3389289676979388e-13,0.007380073800738007,levels
2023,1,range breakdown downward (prior hour under 15 bp),5019,0.009577860429257606,0.5546921697549313,0.5241488413632278,0.03083869712862153,0.00766141960234329,4.025193597174776,5.6928461245497886e-05,0.2140221402214022,levels
2023,1,reclaimed the session VWAP in the last 5 minutes after 30+ minutes below,4759,0.009081697107558667,0.5007354486236605,0.5241488413632278,-0.023627974850423894,0.007629350328672612,-3.0969838626527975,0.0019550051615155883,0.7970479704797048,levels
2023,1,lost the session VWAP in the last 5 minutes after 30+ minutes above,4674,0.008919489867772475,0.5314505776636713,0.5241488413632278,0.007367450197834358,0.007294032061055309,1.0100655078239986,0.3124639061384711,1.0,levels
2023,1,"approaching a $1,000 level from below (within 10 bp, rising)",6839,0.013051003681150183,0.524199444363211,0.5241488413632278,5.1272153041237445e-05,0.006439944279274283,0.007961583333297925,0.9936476426881637,1.0,round numbers
2023,1,"approaching a $1,000 level from above (within 10 bp, falling)",6820,0.013014745592256799,0.5001466275659824,0.5241488413632278,-0.024318715695148208,0.0075365823333025566,-3.226756455335062,0.0012520197749079642,0.6863468634686347,round numbers
2023,1,"crossed a $1,000 level upward in the last 3 minutes",4719,0.009005364288835752,0.5041322314049587,0.5241488413632278,-0.020198504852556254,0.008061393856752405,-2.5055846682937504,0.012224912536630717,0.992619926199262,round numbers
2023,1,"crossed a $1,000 level downward in the last 3 minutes",4638,0.008850790330921853,0.5,0.5241488413632278,-0.02436448632319499,0.006893242994037733,-3.5345462715109415,0.0004084759093267998,0.44649446494464945,round numbers
2023,1,"approaching a $100 level from below (within 10 bp, rising)",75630,0.14432627700034922,0.5355546740711358,0.5241488413632278,0.013329651713416713,0.002394817046711598,5.566041769963219,2.605908022701442e-08,0.07011070110701106,round numbers
2023,1,"approaching a $100 level from above (within 10 bp, falling)",73381,0.1400344642676534,0.5112767610144315,0.5241488413632278,-0.014968135133269556,0.0022128253267420777,-6.764264197620606,1.3398837594991164e-11,0.01107011070110701,round numbers
2023,1,crossed a $100 level upward in the last 3 minutes,45324,0.0864927168949336,0.5028461742123378,0.5241488413632278,-0.02331964675583209,0.002752993963385951,-8.470649433299478,0.0,0.0036900369003690036,round numbers
2023,1,crossed a $100 level downward in the last 3 minutes,44461,0.08484583633098673,0.5231551247160433,0.5241488413632278,-0.0010858461739391423,0.0029673262509246805,-0.365934205448683,0.714414171677241,1.0,round numbers
2023,1,10 minutes before funding settlement (00:00 UTC),3640,0.006946286503785154,0.5321428571428571,0.5241488413632278,0.008049932920028091,0.008723027118246834,0.9228370852119944,0.3560921113872846,1.0,time
2023,1,10 minutes after funding settlement (00:00 UTC),3640,0.006946286503785154,0.5151098901098901,0.5241488413632278,-0.009102177586663096,0.008920176199186877,-1.0204033399578822,0.3075372105110925,1.0,time
2023,1,10 minutes before funding settlement (08:00 UTC),3640,0.006946286503785154,0.5131868131868131,0.5241488413632278,-0.01103870619225722,0.008576174828565564,-1.2871363297643426,0.19804677467608878,1.0,time
2023,1,10 minutes after funding settlement (08:00 UTC),3640,0.006946286503785154,0.5263736263736264,0.5241488413632278,0.00224034710324561,0.009033894551082137,0.2479934972206696,0.8041394381463483,1.0,time
2023,1,10 minutes before funding settlement (16:00 UTC),3640,0.006946286503785154,0.5068681318681318,0.5241488413632278,-0.017401585896352212,0.007534459234103106,-2.309599847270748,0.02091031807467636,1.0,time
2023,1,10 minutes after funding settlement (16:00 UTC),3640,0.006946286503785154,0.5258241758241758,0.5241488413632278,0.0016870532159329876,0.00836161124078774,0.20176173794155633,0.8401029950417924,1.0,time
2023,1,10 minutes after the US equity open (13:30 UTC),3630,0.006927203299104425,0.5052341597796143,0.5241488413632278,-0.019046621402227792,0.007970813305629609,-2.3895455422065384,0.016869232242471055,1.0,time
2023,1,10 minutes after the US equity close (20:00 UTC),3640,0.006946286503785154,0.5293956043956044,0.5241488413632278,0.0052834634834649785,0.008445079322586547,0.6256262708313753,0.5315601032721351,1.0,time
2023,1,10 minutes after the London open (07:00 UTC),3640,0.006946286503785154,0.5354395604395604,0.5241488413632278,0.011369696243903826,0.008987257513361878,1.265090738414899,0.20583880252653253,1.0,time
2023,1,last 5 minutes of the hour,43665,0.08332681323840076,0.5263254322684072,0.5241488413632278,0.002374445916618173,0.0025211078772537187,0.941826384361106,0.34628153459073463,1.0,time
2023,1,first 5 minutes of the hour,43670,0.08333635484074112,0.5221433478360431,0.5241488413632278,-0.002187818332029856,0.002817619992170605,-0.7764774306362123,0.43746714171664625,1.0,time
2023,1,last 5 minutes of a 4-hour block,10920,0.02083885951135546,0.5239010989010989,0.5241488413632278,-0.000253015006299373,0.005200537046376552,-0.048651707322354326,0.9611968622385929,1.0,time
2023,1,first 5 minutes of a 4-hour block,10920,0.02083885951135546,0.5226190476190476,0.5241488413632278,-0.001562351364778114,0.005136855321084936,-0.304145487291656,0.7610170534234613,1.0,time
2023,1,last 5 minutes of the UTC day,1820,0.003473143251892577,0.5417582417582417,0.5241488413632278,0.01767077352283042,0.012523353562811722,1.411025683671827,0.15823704104916025,1.0,time
2023,1,first 5 minutes of the UTC day,1820,0.003473143251892577,0.5126373626373626,0.5241488413632278,-0.011551599084273279,0.011755115190411915,-0.9826870172820905,0.32576150232356915,1.0,time
2023,1,Saturday or Sunday,150300,0.2868205663513485,0.5449900199600798,0.5241488413632278,0.029222910271301306,0.004320016275464612,6.764537077619787,1.337352451002971e-11,0.01107011070110701,time
2023,1,first hour of the week (Monday 00:00 to 01:00 UTC),3120,0.0059539598603872744,0.49775641025641026,0.5241488413632278,-0.02655051178827772,0.007767840669083444,-3.4180041686424696,0.0006308214074177698,0.5424354243542435,time
2023,1,volume climax at a new 1h high (hour's largest volume),3756,0.007167651678081604,0.4629925452609159,0.5241488413632278,-0.06159780773227025,0.008677821583802302,-7.098303086485025,1.262989712813578e-12,0.007380073800738007,volume and flow
2023,1,volume climax at a new 1h low (hour's largest volume),3896,0.007434816543611802,0.5644250513347022,0.5241488413632278,0.04057789920780963,0.0082164843450522,4.938596302717332,7.868691704882025e-07,0.14760147601476015,volume and flow
2023,1,"absorption: heavy taker selling in the last 5 minutes, price did not fall",7651,0.014600559901225333,0.5608417200365965,0.5241488413632278,0.037236553198863875,0.007152360839390123,5.2061905201694225,1.9275674434382495e-07,0.11439114391143912,volume and flow
2023,1,"absorption: heavy taker buying in the last 5 minutes, price did not rise",2736,0.005221164800647302,0.5427631578947368,0.5241488413632278,0.018712015045815433,0.011277406909521904,1.6592480164935994,0.0970658255584953,1.0,volume and flow
2023,1,delta divergence: new 4h high with net taker selling over the hour,2077,0.003963581612187298,0.4949446316803081,0.5241488413632278,-0.029320423574661802,0.011623848138998265,-2.5224369093649064,0.011654485420676375,0.992619926199262,volume and flow
2023,1,taker buying above 70% of the last minute,75598,0.14426521074537088,0.5849096536945422,0.5241488413632278,0.07100425633535234,0.0033274092868616507,21.33920122652606,0.0,0.0036900369003690036,volume and flow
2023,1,taker selling above 70% of the last minute,101378,0.19346171241228882,0.49878671901201443,0.5241488413632278,-0.03144565204346261,0.002892711285271235,-10.870650038105726,0.0,0.0036900369003690036,volume and flow
2023,1,bullish engulfing,40562,0.07740529482597071,0.5454366155515014,0.5241488413632278,0.023073809191499817,0.0030078293524402906,7.671249425363756,1.709743457922741e-14,0.007380073800738007,candles
2023,1,bearish engulfing,39969,0.07627366078840352,0.4977857839825865,0.5241488413632278,-0.028539900034833143,0.003172836147701427,-8.995075291079553,0.0,0.0036900369003690036,candles
2023,1,pin bar at a new 1h high (long upper wick),2945,0.005620003778474527,0.48081494057724955,0.5241488413632278,-0.0435788138846715,0.00966439132044817,-4.509214542302971,6.5068081778196785e-06,0.16974169741697417,candles
2023,1,pin bar at a new 1h low (long lower wick),3278,0.006255474494342784,0.5713849908480781,0.5241488413632278,0.04753349404447249,0.008998834672127058,5.2821832799865165,1.2765339585385505e-07,0.0996309963099631,candles
2023,1,inside bar (last minute inside the previous one),130902,0.24980296591167148,0.5479519029502987,0.5241488413632278,0.031729079835669305,0.002750635926839778,11.53517974736956,0.0,0.0036900369003690036,candles
2023,1,doji at a new 1h high,2445,0.004665843544438104,0.5153374233128835,0.5241488413632278,-0.008852723473011581,0.012925352866782851,-0.6849115505204032,0.4933997368281493,1.0,candles
2023,1,doji at a new 1h low,2293,0.004375778833291032,0.5778456170955081,0.5241488413632278,0.05393277362151394,0.010316659481937475,5.227736140360167,1.7159816212419798e-07,0.1033210332103321,candles
2023,1,squeeze: last hour's range under 40% of the previous day's median hourly range,15760,0.03007513057682803,0.5628172588832487,0.5241488413632278,0.03986743585925123,0.006059598307521564,6.579220904752911,4.729194813535287e-11,0.014760147601476014,volatility
2023,3,failed breakout above the 1h high,44248,0.08443968634725077,0.48806725727716505,0.5069911587175274,-0.020669202408810095,0.003717530901402325,-5.559927531742445,2.6988669077354643e-08,0.07011070110701106,levels
2023,3,failed breakdown below the 1h low,43301,0.08263249996660427,0.5227823837786656,0.5069911587175274,0.017213630372302613,0.0038823388241094464,4.433830006130693,9.257362944659064e-06,0.16974169741697417,levels
2023,3,wick rejection at the 1h high,12332,0.02353349783118551,0.462536490431398,0.5069911587175274,-0.04552605561726064,0.00494506560256669,-9.206360294518795,0.0,0.0036900369003690036,levels
2023,3,wick rejection at the 1h low,12154,0.02319381549142302,0.5549613296034227,0.5069911587175274,0.049109200624101956,0.004972070567034712,9.877011993695444,0.0,0.0036900369003690036,levels
2023,3,failed breakout above the 4h high,17838,0.03404075043080499,0.48133198789101916,0.5069911587175274,-0.026563409210017763,0.005361170935801915,-4.954777515603399,7.24130976514914e-07,0.14760147601476015,levels
2023,3,failed breakdown below the 4h low,16800,0.032059906224774296,0.5282142857142857,0.5069911587175274,0.02192607490199361,0.005493229658568281,3.9914724606122283,6.566431470433898e-05,0.23616236162361623,levels
2023,3,wick rejection at the 4h high,4672,0.008915707254889613,0.4492722602739726,0.5069911587175274,-0.05823813258475197,0.007545188963161861,-7.718578403945883,1.176836406102666e-14,0.007380073800738007,levels
2023,3,wick rejection at the 4h low,4271,0.008150467826548274,0.5780847576679935,0.5069911587175274,0.07167780660709477,0.00794961809769618,9.016509438090766,0.0,0.0036900369003690036,levels
2023,3,failed breakout above the daily high,4336,0.008274509130394127,0.48108856088560886,0.5069911587175274,-0.026118717397498326,0.010952098974565646,-2.384813856974314,0.017087765076935213,1.0,levels
2023,3,failed breakdown below the daily low,3086,0.005889099441050802,0.5265716137394686,0.5069911587175274,0.019696449370922187,0.011835946292887298,1.6641212188296752,0.0960882074910967,1.0,levels
2023,3,wick rejection at the daily high,1376,0.0026258589860291325,0.4476744186046512,0.5069911587175274,-0.059472907581674894,0.014694389901293129,-4.04732064285576,5.180725132225561e-05,0.21033210332103322,levels
2023,3,wick rejection at the daily low,846,0.0016144452777475625,0.6099290780141844,0.5069911587175274,0.10310437566907105,0.015211935750577202,6.7778603170315685,1.219691014853197e-11,0.01107011070110701,levels
2023,3,"liquidity sweep of the 1h low (took it out, closed back above)",9147,0.017455473942738716,0.5587624357712911,0.5069911587175274,0.052691023847550866,0.005544305690573202,9.503628910133807,0.0,0.0036900369003690036,levels
2023,3,"liquidity sweep of the 1h high (took it out, closed back below)",8874,0.016934500466586136,0.4548118097813838,0.5069911587175274,-0.05307820176876232,0.00586295843896803,-9.053143105361139,0.0,0.0036900369003690036,levels
2023,3,retest from above of a 4h high broken in the last hour,11825,0.022565975661187856,0.48972515856236787,0.5069911587175274,-0.017664619529527026,0.007358102880339604,-2.4007029823850106,0.01636361247707252,1.0,levels
2023,3,retest from below of a 4h low broken in the last hour,11298,0.021560286936160713,0.533457249070632,0.5069911587175274,0.027049280604351078,0.006061628174350185,4.462378725044579,8.105480387765596e-06,0.16974169741697417,levels
2023,3,acceptance above the 4h high (last 5 closes all above it),15435,0.02945503884401138,0.48072562358276644,0.5069911587175274,-0.027062667043757427,0.0059746073111574104,-4.529614355276315,5.909144458415838e-06,0.16974169741697417,levels
2023,3,acceptance below the 4h low (last 5 closes all below it),11261,0.02148967880935615,0.5545688659976912,0.5069911587175274,0.0486225911467868,0.00657385628546696,7.396357485678285,1.3988810110276972e-13,0.007380073800738007,levels
2023,3,"support held (4h low tested within 3 bp, no close below, price now 3+ bp above)",16646,0.031766023751047194,0.5256518082422204,0.5069911587175274,0.019272872035524302,0.006130329561664248,3.1438557815955566,0.001667375913286362,0.7564575645756457,levels
2023,3,"resistance held (4h high tested within 3 bp, no close above, price now 3+ bp below)",17189,0.03280224572009793,0.4869393216592007,0.5069911587175274,-0.020731889595066055,0.005432323267179042,-3.8163946759803093,0.00013541583955678504,0.2952029520295203,levels
2023,3,"resistance flipped to support (4h high broken, retested within 5 bp, last 3 closes above)",2306,0.004400603794900567,0.5186470078057241,0.5069911587175274,0.011707368578792843,0.020234007800613338,0.57859859965251,0.5628600498459124,1.0,levels
2023,3,"support flipped to resistance (4h low broken, retested within 5 bp, last 3 closes below)",1841,0.0035132313904648496,0.530146659424226,0.5069911587175274,0.023237138149871273,0.016142363170170943,1.43951278415112,0.15000529050330513,1.0,levels
2023,3,"repeated rejection at the 4h high (2+ touches in 30 minutes, no close above)",11310,0.021583186869178407,0.5052166224580018,0.5069911587175274,-0.0018136812815463532,0.007061055118653972,-0.25685697832253856,0.7972891828538691,1.0,levels
2023,3,"repeated rejection at the 4h low (2+ touches in 30 minutes, no close below)",11629,0.022191943421898824,0.5187032418952618,0.5069911587175274,0.011977895967355323,0.006672318017414733,1.7951626310516144,0.07262779238897377,1.0,levels
2023,3,rejecting the ups (3+ up-minutes undone by the next minute in the last 15),82433,0.15730918153731066,0.5148666189511482,0.5069911587175274,0.009345610585846709,0.002823153888619125,3.3103440175618197,0.0009318137071472332,0.6383763837638377,levels
2023,3,rejecting the downs (3+ down-minutes undone by the next minute in the last 15),82319,0.15709163217364255,0.4924258069218528,0.5069911587175274,-0.017279875668140376,0.0026823546786468016,-6.442054738584293,1.1786682740932974e-10,0.025830258302583026,levels
2023,3,lower highs (three successive 10-minute highs declining),153551,0.29302563456668557,0.5258904207722516,0.5069911587175274,0.026732598774130256,0.002143674689851757,12.470455009187479,0.0,0.0036900369003690036,levels
2023,3,higher lows (three successive 10-minute lows rising),157046,0.2996952400580895,0.48885676808068973,0.5069911587175274,-0.025894998398043045,0.002118948975017761,-12.220680489876353,0.0,0.0036900369003690036,levels
2023,3,approaching the previous day's high from below (within 10 bp),6519,0.01244038861186331,0.5089737689829729,0.5069911587175274,0.0020075854080936484,0.010330402144780605,0.1943375853095877,0.8459115577691787,1.0,levels
2023,3,approaching the previous day's low from above (within 10 bp),5984,0.011419433264824367,0.5404411764705882,0.5069911587175274,0.03383641038335472,0.010280029515547346,3.291470158931071,0.0009966518997863716,0.6420664206642066,levels
2023,3,broke above the previous day's high in the last 5 minutes,2709,0.005169659878744855,0.4625322997416021,0.5069911587175274,-0.04468989050987976,0.012343537087962077,-3.6205092747250847,0.0002940237103896681,0.3837638376383764,levels
2023,3,broke below the previous day's low in the last 5 minutes,1956,0.0037326890818844354,0.5255623721881391,0.5069911587175274,0.01864079375794958,0.014972200211566668,1.245027016373236,0.21312181962004484,1.0,levels
2023,3,crossed above the daily open in the last 5 minutes,10057,0.01919205219658066,0.5051208113751616,0.5069911587175274,-0.0019069455407193514,0.007433130648388185,-0.25654675410997346,0.7975286834777879,1.0,levels
2023,3,crossed below the daily open in the last 5 minutes,10105,0.019283651928651443,0.5116279069767442,0.5069911587175274,0.004727919819359938,0.006620424883456001,0.7141414490140495,0.4751397178865615,1.0,levels
2023,3,range breakout upward (prior hour under 15 bp),4955,0.009455764008556942,0.5299697275479314,0.5069911587175274,0.023197922914976687,0.01299473916385229,1.7851780341622236,0.07423244371375959,1.0,levels
2023,3,range breakdown downward (prior hour under 15 bp),5019,0.00957789698465132,0.5387527395895597,0.5069911587175274,0.032068731882430646,0.011286526799410316,2.8413286436449283,0.004492598837434469,0.966789667896679,levels
2023,3,reclaimed the session VWAP in the last 5 minutes after 30+ minutes below,4759,0.009081731769267909,0.4734187854591301,0.5069911587175274,-0.033880062901999186,0.009949471479716454,-3.4052123241992267,0.0006611262906706106,0.5498154981549815,levels
2023,3,lost the session VWAP in the last 5 minutes after 30+ minutes above,4674,0.008919523910392562,0.5340179717586649,0.5069911587175274,0.027270048894287746,0.009890203783504895,2.75727876707347,0.005828463876898171,0.981549815498155,levels
2023,3,"approaching a $1,000 level from below (within 10 bp, rising)",6839,0.013051053492335202,0.5149875712823512,0.5069911587175274,0.00810215421285898,0.008934622234147087,0.906826724233901,0.3644984353251939,1.0,round numbers
2023,3,"approaching a $1,000 level from above (within 10 bp, falling)",6820,0.013014795265057184,0.4907624633431085,0.5069911587175274,-0.016442693666089137,0.008641557697526276,-1.9027465002977422,0.057073631159127336,1.0,round numbers
2023,3,"crossed a $1,000 level upward in the last 3 minutes",4719,0.009005398659208921,0.4825174825174825,0.5069911587175274,-0.024696074193474526,0.009533455954584484,-2.59046397351829,0.009584665326089814,0.992619926199262,round numbers
2023,3,"crossed a $1,000 level downward in the last 3 minutes",4638,0.008850824111339474,0.5170332039672273,0.5069911587175274,0.010131719315305099,0.009465059176557787,1.0704338056753449,0.2844240894747272,1.0,round numbers
2023,3,"approaching a $100 level from below (within 10 bp, rising)",75628,0.1443230111885256,0.5074311101708362,0.5069911587175274,0.000514155994681853,0.0029348691706315598,0.17518872726146456,0.8609313416978501,1.0,round numbers
2023,3,"approaching a $100 level from above (within 10 bp, falling)",73381,0.14003499873096203,0.5037407503304671,0.5069911587175274,-0.0037796984554764324,0.0029839016130627626,-1.2666967432605263,0.2052637449653092,1.0,round numbers
2023,3,crossed a $100 level upward in the last 3 minutes,45324,0.0864930470078375,0.4815108993027976,0.5069911587175274,-0.027892791982885357,0.0033812041746597975,-8.249366362411939,2.220446049250313e-16,0.0036900369003690036,round numbers
2023,3,crossed a $100 level downward in the last 3 minutes,44461,0.08484616015831487,0.5299475945210409,0.5069911587175274,0.025084783349086703,0.003170819164821469,7.911136537645812,2.4424906541753444e-15,0.007380073800738007,round numbers
2023,3,10 minutes before funding settlement (00:00 UTC),3638,0.006942496359864814,0.4925783397471138,0.5069911587175274,-0.0145135794428643,0.011859216344595122,-1.2238228076072593,0.2210190784595465,1.0,time
2023,3,10 minutes after funding settlement (00:00 UTC),3640,0.0069463130153677635,0.4956043956043956,0.5069911587175274,-0.011466412402845294,0.012089667990049206,-0.9484472536618125,0.342901813039719,1.0,time
2023,3,10 minutes before funding settlement (08:00 UTC),3640,0.0069463130153677635,0.4846153846153846,0.5069911587175274,-0.022532290444523595,0.01200964351349843,-1.8761831206062085,0.060630139049173026,1.0,time
2023,3,10 minutes after funding settlement (08:00 UTC),3640,0.0069463130153677635,0.5038461538461538,0.5069911587175274,-0.0031670038715865267,0.012822223980369592,-0.2469933356674401,0.8049133816914618,1.0,time
2023,3,10 minutes before funding settlement (16:00 UTC),3640,0.0069463130153677635,0.4967032967032967,0.5069911587175274,-0.010359824598677458,0.011012632987061462,-0.940721861052577,0.3468474130282342,1.0,time
2023,3,10 minutes after funding settlement (16:00 UTC),3640,0.0069463130153677635,0.5222527472527473,0.5069911587175274,0.015368341848224776,0.01199398555659014,1.2813373649412627,0.20007519401684393,1.0,time
2023,3,10 minutes after the US equity open (13:30 UTC),3630,0.0069272297378530166,0.4925619834710744,0.5069911587175274,-0.014529826694013703,0.011474053630091248,-1.2663202702755847,0.20539844267006369,1.0,time
2023,3,10 minutes after the US equity close (20:00 UTC),3640,0.0069463130153677635,0.5041208791208791,0.5069911587175274,-0.0028903569205445123,0.012451677670138364,-0.2321259027991201,0.8164402267462165,1.0,time
2023,3,10 minutes after the London open (07:00 UTC),3640,0.0069463130153677635,0.5203296703296704,0.5069911587175274,0.013431813190931119,0.0119545542810973,1.1235728974161487,0.2611942591969547,1.0,time
2023,3,last 5 minutes of the hour,43663,0.08332331461263809,0.5081419050454619,0.5069911587175274,0.00125534591015386,0.003393480518168899,0.36992872168638136,0.7114356003310811,1.0,time
2023,3,first 5 minutes of the hour,43670,0.08333667290689842,0.5009617586443783,0.5069911587175274,-0.006577551315671615,0.0035161562683026057,-1.8706652417490168,0.061391495427075116,1.0,time
2023,3,last 5 minutes of a 4-hour block,10918,0.02083512239060034,0.5102582890639311,0.5069911587175274,0.003336649854496665,0.006391345564705322,0.5220574948916104,0.6016302998413274,1.0,time
2023,3,first 5 minutes of a 4-hour block,10920,0.02083893904610329,0.5055860805860806,0.5069911587175274,-0.00143498162608513,0.0068432292273422875,-0.20969363708461297,0.8339067920019336,1.0,time
2023,3,last 5 minutes of the UTC day,1818,0.0034693398521809323,0.4977997799779978,0.5069911587175274,-0.009223377771604369,0.01573603418860973,-0.5861310201194503,0.557787472034361,1.0,time
2023,3,first 5 minutes of the UTC day,1820,0.0034731565076838817,0.48956043956043954,0.5069911587175274,-0.017491469769145562,0.015798475683637892,-1.1071618629170068,0.2682239528892776,1.0,time
2023,3,Saturday or Sunday,150298,0.2868178443911385,0.514990219430731,0.5069911587175274,0.011216013539170122,0.002746373412640113,4.083936105537837,4.4279210624109666e-05,0.2029520295202952,time
2023,3,first hour of the week (Monday 00:00 to 01:00 UTC),3120,0.00595398258460094,0.47884615384615387,0.5069911587175274,-0.02831358345416729,0.01170193225522826,-2.4195648066170587,0.015539091560905494,1.0,time
2023,3,volume climax at a new 1h high (hour's largest volume),3756,0.007167679034538824,0.44515441959531415,0.5069911587175274,-0.06228316485716473,0.008338073321579943,-7.469731010396414,8.038014698286133e-14,0.007380073800738007,volume and flow
2023,3,volume climax at a new 1h low (hour's largest volume),3896,0.007434844919745277,0.5939425051334702,0.5069911587175274,0.0876026585971702,0.008412212262454226,10.413747996845306,0.0,0.0036900369003690036,volume and flow
2023,3,"absorption: heavy taker selling in the last 5 minutes, price did not fall",7651,0.014600615626532625,0.5350934518363613,0.5069911587175274,0.02851868345412223,0.007226436338202872,3.9464380670396224,7.932242759389752e-05,0.25092250922509224,volume and flow
2023,3,"absorption: heavy taker buying in the last 5 minutes, price did not rise",2736,0.00522118472803467,0.5091374269005848,0.5069911587175274,0.0021575330617294997,0.012265682212529121,0.1758999641720399,0.8603725334986572,1.0,volume and flow
2023,3,delta divergence: new 4h high with net taker selling over the hour,2077,0.00396359673981287,0.46172363986519016,0.5069911587175274,-0.04544765502964487,0.01370483018299108,-3.3161779039078847,0.0009125771522739967,0.6309963099630996,volume and flow
2023,3,taker buying above 70% of the last minute,75597,0.1442638530282299,0.5301797690384539,0.5069911587175274,0.027097850666919943,0.0031772813842625867,8.528627902186594,0.0,0.0036900369003690036,volume and flow
2023,3,taker selling above 70% of the last minute,101378,0.1934624507889981,0.491487304937955,0.5069911587175274,-0.01922273029289101,0.002725476643407542,-7.052979279564725,1.751265799043722e-12,0.01107011070110701,volume and flow
2023,3,bullish engulfing,40562,0.07740559025531517,0.5148168236280263,0.5069911587175274,0.00848223751178434,0.00260156087699482,3.260441678221482,0.0011123884163362074,0.6531365313653137,candles
2023,3,bearish engulfing,39969,0.0762739518986907,0.5004378393254773,0.5069911587175274,-0.007094440397691804,0.002593384648572184,-2.735591267418709,0.006226831612017314,0.985239852398524,candles
2023,3,pin bar at a new 1h high (long upper wick),2945,0.005620025228092874,0.44889643463497453,0.5069911587175274,-0.05842306317147905,0.009482440441397445,-6.161184299816086,7.220288811282671e-10,0.02952029520295203,candles
2023,3,pin bar at a new 1h low (long lower wick),3278,0.006255498369333937,0.5732153752287981,0.5069911587175274,0.06664108973946647,0.009507486974636591,7.009327482356475,2.3947510641164627e-12,0.01107011070110701,candles
2023,3,inside bar (last minute inside the previous one),130902,0.249803919323536,0.5174099708178638,0.5069911587175274,0.013888118544876371,0.002107889403346272,6.588637204034044,4.4388270836748234e-11,0.014760147601476014,candles
2023,3,doji at a new 1h high,2445,0.004665861352355544,0.4621676891615542,0.5069911587175274,-0.04503359004331414,0.012243385131437556,-3.6781976193561534,0.0002348879426676831,0.3726937269372694,candles
2023,3,doji at a new 1h low,2293,0.004375795534131396,0.5739206279982556,0.5069911587175274,0.06722362612370847,0.011388057173428157,5.90299338157187,3.569645912193664e-09,0.04059040590405904,candles
2023,3,squeeze: last hour's range under 40% of the previous day's median hourly range,15760,0.030075245363240646,0.5236675126903553,0.5069911587175274,0.017193451237434654,0.0069680986193527295,2.467452339104776,0.013607833540017378,0.996309963099631,volatility
2023,5,failed breakout above the 1h high,44248,0.08444000862567436,0.4849710721388537,0.5043653163924071,-0.021182931141891848,0.004368126199646542,-4.84943203875518,1.2381548075701687e-06,0.15498154981549817,levels
2023,5,failed breakdown below the 1h low,43301,0.08263281534759369,0.5255998706727327,0.5043653163924071,0.02314727912179626,0.004543039225216546,5.095108797061494,3.4854103625470145e-07,0.12546125461254612,levels
2023,5,wick rejection at the 1h high,12332,0.023533587650782322,0.4544275056762893,0.5043653163924071,-0.05114135016275234,0.0049687324338725195,-10.292635162665402,0.0,0.0036900369003690036,levels
2023,5,wick rejection at the 1h low,12154,0.023193904014564413,0.5523284515385881,0.5043653163924071,0.049102002273843426,0.005221363351524861,9.40405770831933,0.0,0.0036900369003690036,levels
2023,5,failed breakout above the 4h high,17838,0.034040880353118315,0.4720260118847404,0.5043653163924071,-0.033478957701117584,0.006460305543612181,-5.182256082952748,2.1921794890467083e-07,0.11439114391143912,levels
2023,5,failed breakdown below the 4h low,16800,0.03206002858685882,0.5322619047619047,0.5043653163924071,0.028820576888430427,0.006317213474620882,4.562229376008233,5.061330890843152e-06,0.16605166051660517,levels
2023,5,wick rejection at the 4h high,4672,0.008915741283202645,0.4394263698630137,0.5043653163924071,-0.06552313383876446,0.00854774498376068,-7.665546171914079,1.7763568394002505e-14,0.007380073800738007,levels
2023,5,wick rejection at the 4h low,4271,0.008150498934194884,0.5780847576679935,0.5043653163924071,0.07432522897513194,0.008983333174550086,8.273680551634932,2.220446049250313e-16,0.0036900369003690036,levels
2023,5,failed breakout above the daily high,4336,0.008274540711465469,0.4808579335793358,0.5043653163924071,-0.023703518542254165,0.013993859255757538,-1.693851432191713,0.09029351792157714,1.0,levels
2023,5,failed breakdown below the daily low,3086,0.005889121917800377,0.5398574206092028,0.5043653163924071,0.035702359766212055,0.0152763151313433,2.337105477286172,0.0194337002911924,1.0,levels
2023,5,wick rejection at the daily high,1376,0.002625869008066532,0.4491279069767442,0.5043653163924071,-0.05538283749221251,0.016369265433989054,-3.3833428699381884,0.0007160917103976594,0.5682656826568265,levels
2023,5,wick rejection at the daily low,846,0.0016144514395525335,0.6193853427895981,0.5043653163924071,0.11520602092351606,0.01734364127596818,6.642550955153152,3.08300052154209e-11,0.01107011070110701,levels
2023,5,"liquidity sweep of the 1h low (took it out, closed back above)",9147,0.01745554056452367,0.5593090630807915,0.5043653163924071,0.05591985803874211,0.005720359408797823,9.77558472160652,0.0,0.0036900369003690036,levels
2023,5,"liquidity sweep of the 1h high (took it out, closed back below)",8874,0.016934565099987215,0.4525580347081361,0.5043653163924071,-0.05269972867018796,0.0061195077650516684,-8.611759424696638,0.0,0.0036900369003690036,levels
2023,5,retest from above of a 4h high broken in the last hour,11825,0.022566061788071762,0.47830866807610994,0.5043653163924071,-0.02665821934110857,0.008190288353162802,-3.2548572396494566,0.001134493780936996,0.6605166051660517,levels
2023,5,retest from below of a 4h low broken in the last hour,11298,0.02156036922466256,0.5400070808992742,0.5043653163924071,0.03642714725140861,0.007461505094842598,4.882010638388104,1.0500958953496564e-06,0.15129151291512916,levels
2023,5,acceptance above the 4h high (last 5 closes all above it),15435,0.029455151264176544,0.4713313896987366,0.5043653163924071,-0.03403647625011724,0.007103738249820887,-4.791347182728113,1.6566517511140688e-06,0.15498154981549817,levels
2023,5,acceptance below the 4h low (last 5 closes all below it),11261,0.02148976082837007,0.5679779770890685,0.5043653163924071,0.0650097036802737,0.007839883026587268,8.2921777607915,2.220446049250313e-16,0.0036900369003690036,levels
2023,5,"support held (4h low tested within 3 bp, no close below, price now 3+ bp above)",16646,0.031766144991479284,0.5222275621770996,0.5043653163924071,0.018448276407909026,0.00709424844629861,2.6004553614885486,0.00931001304565604,0.992619926199262,levels
2023,5,"resistance held (4h high tested within 3 bp, no close above, price now 3+ bp below)",17189,0.0328023709154474,0.4736750247251149,0.5043653163924071,-0.031731148572335055,0.006651870035557767,-4.7702598521491355,1.839884169463346e-06,0.15498154981549817,levels
2023,5,"resistance flipped to support (4h high broken, retested within 5 bp, last 3 closes above)",2306,0.00440062059055336,0.492194275802255,0.5043653163924071,-0.0122248374616018,0.020308041725297814,-0.6019702749760095,0.5471939239937109,1.0,levels
2023,5,"support flipped to resistance (4h low broken, retested within 5 bp, last 3 closes below)",1841,0.003513244799309946,0.534492123845736,0.5043653163924071,0.03023302346578749,0.019420192709220133,1.5567828763838036,0.11952204406380029,1.0,levels
2023,5,"repeated rejection at the 4h high (2+ touches in 30 minutes, no close above)",11310,0.021583269245081745,0.4894783377541998,0.5043653163924071,-0.015215376199383845,0.008427860288705322,-1.8053664486791359,0.07101735777392548,1.0,levels
2023,5,"repeated rejection at the 4h low (2+ touches in 30 minutes, no close below)",11629,0.022192028121225074,0.512253848138275,0.5043653163924071,0.008067567429124956,0.007930131628418349,1.017330834738492,0.3089960727634211,1.0,levels
2023,5,rejecting the ups (3+ up-minutes undone by the next minute in the last 15),82433,0.15730978193455555,0.5166498853614451,0.5043653163924071,0.014577799416302106,0.0035674832524391453,4.0862979262299355,4.3831088794688e-05,0.2029520295202952,levels
2023,5,rejecting the downs (3+ down-minutes undone by the next minute in the last 15),82317,0.15708841507050345,0.4855619130920709,0.5043653163924071,-0.022307681655495293,0.003105187253414865,-7.184005290168212,6.770140004164205e-13,0.007380073800738007,levels
2023,5,lower highs (three successive 10-minute highs declining),153551,0.2930267529488547,0.5295960299835234,0.5043653163924071,0.035688356944702015,0.0026429251994191084,13.503354901056603,0.0,0.0036900369003690036,levels
2023,5,higher lows (three successive 10-minute lows rising),157044,0.29969256722587245,0.4803367209189781,0.5043653163924071,-0.03431149570731323,0.0024359680397760593,-14.085363661202845,0.0,0.0036900369003690036,levels
2023,5,approaching the previous day's high from below (within 10 bp),6519,0.012440436092722183,0.5085135757017948,0.5043653163924071,0.004200515554702466,0.011476497071877569,0.3660102493290888,0.7143574275958093,1.0,levels
2023,5,approaching the previous day's low from above (within 10 bp),5984,0.011419476849033524,0.5558155080213903,0.5043653163924071,0.05204451273730615,0.009127725453226801,5.701805231105801,1.1854523362941904e-08,0.055350553505535055,levels
2023,5,broke above the previous day's high in the last 5 minutes,2709,0.005169679609630985,0.44518272425249167,0.5043653163924071,-0.05949013708859657,0.014417902566729722,-4.126129776037886,3.689191379074863e-05,0.2029520295202952,levels
2023,5,broke below the previous day's low in the last 5 minutes,1956,0.0037327033283271346,0.5444785276073619,0.5043653163924071,0.04026350292633807,0.018112799687124356,2.2229309450686263,0.026220456748076604,1.0,levels
2023,5,crossed above the daily open in the last 5 minutes,10057,0.019192125446311856,0.4956746544695237,0.5043653163924071,-0.008860717932997864,0.007617475588456516,-1.1632092325212504,0.2447446215604585,1.0,levels
2023,5,crossed below the daily open in the last 5 minutes,10105,0.019283725527988595,0.5080653142008906,0.5043653163924071,0.003772750493485466,0.007870970114688989,0.4793247132833945,0.6317076436130269,1.0,levels
2023,5,range breakout upward (prior hour under 15 bp),4955,0.009455800098088421,0.4996972754793138,0.5043653163924071,-0.004712602338750316,0.013771859110228815,-0.34219071666585016,0.7322073710341046,1.0,levels
2023,5,range breakdown downward (prior hour under 15 bp),5019,0.009577933540324074,0.532376967523411,0.5043653163924071,0.028282539413861496,0.013101258249873725,2.158765125795005,0.030868393346582534,1.0,levels
2023,5,reclaimed the session VWAP in the last 5 minutes after 30+ minutes below,4759,0.009081766431241735,0.4633326329060727,0.5043653163924071,-0.041408748064466094,0.01165461295444474,-3.5529921264930526,0.0003808758645251764,0.43911439114391143,levels
2023,5,lost the session VWAP in the last 5 minutes after 30+ minutes above,4674,0.008919557953272508,0.5271715875053488,0.5043653163924071,0.02301152373246651,0.01213029747817631,1.8970288052594488,0.05782413644430773,1.0,levels
2023,5,"approaching a $1,000 level from below (within 10 bp, rising)",6839,0.013051103303900446,0.5113320660915338,0.5043653163924071,0.007058875816618793,0.010333215023119829,0.6831248358642555,0.4945279630430621,1.0,round numbers
2023,5,"approaching a $1,000 level from above (within 10 bp, falling)",6820,0.013014844938236736,0.4873900293255132,0.5043653163924071,-0.017199131091117204,0.009365015355095888,-1.8365299403122124,0.06627931820299193,1.0,round numbers
2023,5,"crossed a $1,000 level upward in the last 3 minutes",4719,0.009005433029844452,0.4761602034329307,0.5043653163924071,-0.028461420374594038,0.009686156103048132,-2.9383606945625753,0.003299529023378156,0.922509225092251,round numbers
2023,5,"crossed a $1,000 level downward in the last 3 minutes",4638,0.008850857892014953,0.5241483398016387,0.5043653163924071,0.019959683733526523,0.009866842313556213,2.0229049070849743,0.043082952540891783,1.0,round numbers
2023,5,"approaching a $100 level from below (within 10 bp, rising)",75628,0.1443235620218428,0.5012693711323848,0.5043653163924071,-0.0036181261077348204,0.0031269466997832338,-1.1570795587867346,0.24723985728543552,1.0,round numbers
2023,5,"approaching a $100 level from above (within 10 bp, falling)",73380,0.1400336248633155,0.5026301444535296,0.5043653163924071,-0.0020177206796041514,0.003279033623324654,-0.615340039593238,0.5383301804786473,1.0,round numbers
2023,5,crossed a $100 level upward in the last 3 minutes,45324,0.08649337712326127,0.4748036360427147,0.5043653163924071,-0.03236066341434862,0.0034445227644444953,-9.394817693872168,0.0,0.0036900369003690036,round numbers
2023,5,crossed a $100 level downward in the last 3 minutes,44461,0.0848464839881149,0.5359303659386878,0.5043653163924071,0.03449153502008806,0.0033292511612859287,10.360148078093829,0.0,0.0036900369003690036,round numbers
2023,5,10 minutes before funding settlement (00:00 UTC),3636,0.006938706187013016,0.4834983498349835,0.5043653163924071,-0.02101276798061702,0.013557088716454294,-1.5499469259291443,0.12115425526051382,1.0,time
2023,5,10 minutes after funding settlement (00:00 UTC),3640,0.006946339527152745,0.4868131868131868,0.5043653163924071,-0.017674905473751334,0.014763186721056799,-1.1972283361113043,0.23121756811347183,1.0,time
2023,5,10 minutes before funding settlement (08:00 UTC),3640,0.006946339527152745,0.48104395604395606,0.5043653163924071,-0.02348449160073235,0.014520632382673192,-1.6173187903823887,0.10580948528283307,1.0,time
2023,5,10 minutes after funding settlement (08:00 UTC),3640,0.006946339527152745,0.5068681318681318,0.5043653163924071,0.0025203224914683853,0.015689719652664615,0.16063527884899806,0.8723806672042762,1.0,time
2023,5,10 minutes before funding settlement (16:00 UTC),3640,0.006946339527152745,0.49945054945054945,0.5043653163924071,-0.004949145386078602,0.01376114756896,-0.35964626941738653,0.7191116776346305,1.0,time
2023,5,10 minutes after funding settlement (16:00 UTC),3640,0.006946339527152745,0.5170329670329671,0.5043653163924071,0.012756259953292104,0.014378560869122616,0.8871722329795648,0.3749861794028586,1.0,time
2023,5,10 minutes after the US equity open (13:30 UTC),3630,0.006927256176803424,0.4859504132231405,0.5043653163924071,-0.018543357758840195,0.0142217742869571,-1.3038709084172748,0.1922776007367526,1.0,time
2023,5,10 minutes after the US equity close (20:00 UTC),3640,0.006946339527152745,0.5043956043956044,0.5043653163924071,3.0499865619426636e-05,0.014694846686331343,0.002075548406217575,0.9983439531604945,1.0,time
2023,5,10 minutes after the London open (07:00 UTC),3640,0.006946339527152745,0.5307692307692308,0.5043653163924071,0.02658860787467543,0.014895083942191972,1.7850592838460118,0.07425170134559256,1.0,time
2023,5,last 5 minutes of the hour,43661,0.08331981596016923,0.5030805524381027,0.5043653163924071,-0.001401540009998259,0.004041265997910584,-0.34680716654703836,0.7287361927825253,1.0,time
2023,5,first 5 minutes of the hour,43670,0.08333699097548362,0.4968170368674147,0.5043653163924071,-0.008234519611547364,0.003996514319679874,-2.0604253989528956,0.039357890855599376,1.0,time
2023,5,last 5 minutes of a 4-hour block,10916,0.020831385241318508,0.5008244778307073,0.5043653163924071,-0.003616168357859939,0.007614333777962039,-0.47491592348185707,0.6348469012577822,1.0,time
2023,5,first 5 minutes of a 4-hour block,10920,0.020839018581458237,0.4978937728937729,0.5043653163924071,-0.006609274288338907,0.008091424758820256,-0.8168245377471136,0.4140287073932516,1.0,time
2023,5,last 5 minutes of the UTC day,1816,0.0034655364234366442,0.4631057268722467,0.5043653163924071,-0.04140307337899751,0.01760151322177352,-2.352245108550148,0.018660474072441202,1.0,time
2023,5,first 5 minutes of the UTC day,1820,0.0034731697635763726,0.4747252747252747,0.5043653163924071,-0.029743345354886652,0.018627396062283943,-1.5967527213913635,0.11032083850492524,1.0,time
2023,5,Saturday or Sunday,150296,0.28681512241015084,0.5085497950710598,0.5043653163924071,0.005867312684466608,0.0027604220910056715,2.125512871232327,0.03354384122414533,1.0,time
2023,5,first hour of the week (Monday 00:00 to 01:00 UTC),3120,0.005954005308988067,0.4778846153846154,0.5043653163924071,-0.02663931161054872,0.01455214214585573,-1.8306110085747938,0.06715862425109909,1.0,time
2023,5,volume climax at a new 1h high (hour's largest volume),3756,0.007167706391204866,0.43929712460063897,0.5043653163924071,-0.06553794856456086,0.008944977127232667,-7.32678771922545,2.3581137043038325e-13,0.007380073800738007,volume and flow
2023,5,volume climax at a new 1h low (hour's largest volume),3896,0.0074348732960953555,0.5998459958932238,0.5043653163924071,0.09619588370779009,0.00828795280909556,11.606712287529017,0.0,0.0036900369003690036,volume and flow
2023,5,"absorption: heavy taker selling in the last 5 minutes, price did not fall",7651,0.014600671352265289,0.5216311593255784,0.5043653163924071,0.017521671094362534,0.0074826023742892295,2.3416547102072776,0.019198467223123794,1.0,volume and flow
2023,5,"absorption: heavy taker buying in the last 5 minutes, price did not rise",2736,0.0052212046555741515,0.4926900584795322,0.5043653163924071,-0.011736536773316097,0.012489314861986131,-0.9397262302225022,0.3473580069246096,1.0,volume and flow
2023,5,delta divergence: new 4h high with net taker selling over the hour,2077,0.0039636118675539156,0.44583533943187287,0.5043653163924071,-0.05876289024969977,0.015358813320733702,-3.8260045891939147,0.00013023986242255425,0.2878228782287823,volume and flow
2023,5,taker buying above 70% of the last minute,75596,0.14426249530072496,0.5145642626593999,0.5043653163924071,0.011918311644616986,0.0029563485383587956,4.031429816199339,5.543855220557781e-05,0.2140221402214022,volume and flow
2023,5,taker selling above 70% of the last minute,101378,0.19346318917134367,0.4939927794985105,0.5043653163924071,-0.01286058708621074,0.002818895746488116,-4.562278368127991,5.0601496761615294e-06,0.16605166051660517,volume and flow
2023,5,bullish engulfing,40562,0.07740588568691474,0.5040925003698042,0.5043653163924071,-0.00029570535771950013,0.0026593480460395517,-0.11119468102713405,0.9114619694032877,1.0,candles
2023,5,bearish engulfing,39969,0.07627424301120002,0.5095198779053767,0.5043653163924071,0.005580185973998009,0.002616488206126683,2.132700602636629,0.03294929445416184,1.0,candles
2023,5,pin bar at a new 1h high (long upper wick),2945,0.005620046677874954,0.4407470288624788,0.5043653163924071,-0.06397784601085926,0.009342608318773277,-6.847964061845612,7.490896791750856e-12,0.01107011070110701,candles
2023,5,pin bar at a new 1h low (long lower wick),3278,0.006255522244507335,0.5661989017693716,0.5043653163924071,0.062222821621735314,0.008801686763859564,7.069420134016498,1.5558665467096944e-12,0.01107011070110701,candles
2023,5,inside bar (last minute inside the previous one),130902,0.2498048727426782,0.5117798047394234,0.5043653163924071,0.009883413098300542,0.0018771918589926663,5.2649989136454876,1.4019018634847669e-07,0.1033210332103321,candles
2023,5,doji at a new 1h high,2445,0.004665879160408918,0.4597137014314928,0.5043653163924071,-0.04486093064231478,0.011474796735949281,-3.9095185452628014,9.248025580266273e-05,0.25461254612546125,candles
2023,5,doji at a new 1h low,2293,0.004375812235099243,0.5508068033144352,0.5043653163924071,0.046645599306185614,0.011690599575264273,3.990009152728265,6.607074563036441e-05,0.23616236162361623,candles
2023,5,squeeze: last hour's range under 40% of the previous day's median hourly range,15760,0.030075360150529466,0.5107868020304569,0.5043653163924071,0.006620602647074092,0.007535420824077568,0.8785975994757451,0.3796194978388594,1.0,volatility
2023,10,failed breakout above the 1h high,44248,0.0844408143324962,0.48069969264147533,0.5038949489706342,-0.025334524181796103,0.005197348333814012,-4.874509568075201,1.0907909895330192e-06,0.15129151291512916,levels
2023,10,failed breakdown below the 1h low,43301,0.08263360381059975,0.5385787857093369,0.5038949489706342,0.037808052358113464,0.00546149415216785,6.922657299396024,4.432454403513475e-12,0.01107011070110701,levels
2023,10,wick rejection at the 1h high,12332,0.023533812202773983,0.45142718131689913,0.5038949489706342,-0.053732293354770644,0.005255295063132459,-10.224410372639115,0.0,0.0036900369003690036,levels
2023,10,wick rejection at the 1h low,12154,0.023194125325374227,0.560309363172618,0.5038949489706342,0.05775396694944679,0.005600135302107885,10.312959211486955,0.0,0.0036900369003690036,levels
2023,10,failed breakout above the 4h high,17838,0.03404120516324054,0.46709272339948427,0.5038949489706342,-0.03809916713618133,0.007646174182394551,-4.982775205920018,6.267875196641626e-07,0.13284132841328414,levels
2023,10,failed breakdown below the 4h low,16800,0.03206033449615658,0.5498214285714286,0.5038949489706342,0.04744766769826314,0.00821216302144707,5.777730857795656,7.571479443413409e-09,0.04428044280442804,levels
2023,10,wick rejection at the 4h high,4672,0.008915826355121639,0.4396404109589041,0.5038949489706342,-0.06483257398352277,0.00889681244166976,-7.287168793158794,3.1663560662309465e-13,0.007380073800738007,levels
2023,10,wick rejection at the 4h low,4271,0.008150576704350283,0.574338562397565,0.5038949489706342,0.07102248766034014,0.009484064733756386,7.48861270500945,6.94999613415348e-14,0.007380073800738007,levels
2023,10,failed breakout above the daily high,4336,0.008274619665198506,0.463330258302583,0.5038949489706342,-0.04090314866637457,0.01700496653849604,-2.4053648428991345,0.016156327016955352,1.0,levels
2023,10,failed breakdown below the daily low,3086,0.005889178110424952,0.5524951393389501,0.5038949489706342,0.04888810110319297,0.01989560094261399,2.4572316887639483,0.014001235576997173,0.996309963099631,levels
2023,10,wick rejection at the daily high,1376,0.002625894063494729,0.47238372093023256,0.5038949489706342,-0.03159419103909217,0.017047151250624722,-1.8533413926232598,0.06383344184715001,1.0,levels
2023,10,wick rejection at the daily low,846,0.0016144668442707418,0.6040189125295509,0.5038949489706342,0.10028587177384429,0.021961883133648667,4.566360323636927,4.962654432505431e-06,0.16605166051660517,levels
2023,10,"liquidity sweep of the 1h low (took it out, closed back above)",9147,0.017455707121210966,0.5641193834043949,0.5038949489706342,0.061294371022508454,0.006131493825937011,9.996645640125307,0.0,0.0036900369003690036,levels
2023,10,"liquidity sweep of the 1h high (took it out, closed back below)",8874,0.01693472668564842,0.4519945909398242,0.5038949489706342,-0.05279441705415022,0.006210718743726413,-8.500532584490168,0.0,0.0036900369003690036,levels
2023,10,retest from above of a 4h high broken in the last hour,11825,0.02256627710815783,0.46723044397463004,0.5038949489706342,-0.037510988353796904,0.009488249889354516,-3.953414885908825,7.704367765559716e-05,0.24723247232472326,levels
2023,10,retest from below of a 4h low broken in the last hour,11298,0.021560574948665298,0.547087980173482,0.5038949489706342,0.04414481887888111,0.009007770157822436,4.900748809686859,9.547206114568496e-07,0.15129151291512916,levels
2023,10,acceptance above the 4h high (last 5 closes all above it),15435,0.029455432318343855,0.4610949141561386,0.5038949489706342,-0.04409898961851105,0.009273005620817426,-4.755630636037906,1.9782788360789283e-06,0.15498154981549817,levels
2023,10,acceptance below the 4h low (last 5 closes all below it),11261,0.021489965878644,0.575614954266939,0.5038949489706342,0.07329511481270101,0.011011688800665125,6.656119341864607,2.8115287875607464e-11,0.01107011070110701,levels
2023,10,"support held (4h low tested within 3 bp, no close below, price now 3+ bp above)",16646,0.031766448096608474,0.5271536705514839,0.5038949489706342,0.02402180913388785,0.008978747077422166,2.675407707417526,0.007463842053793357,0.988929889298893,levels
2023,10,"resistance held (4h high tested within 3 bp, no close above, price now 3+ bp below)",17189,0.03280268390800211,0.4683809412996684,0.5038949489706342,-0.03671847210501139,0.008230436731553133,-4.461303002821625,8.14628113698923e-06,0.16974169741697417,levels
2023,10,"resistance flipped to support (4h high broken, retested within 5 bp, last 3 closes above)",2306,0.004400662580246254,0.4679098005203816,0.5038949489706342,-0.036144206909090204,0.02266577916060679,-1.5946598020291742,0.11078833174414493,1.0,levels
2023,10,"support flipped to resistance (4h low broken, retested within 5 bp, last 3 closes below)",1840,0.0035113699686266727,0.5668478260869565,0.5038949489706342,0.06317470688485449,0.023951343798467802,2.6376268244663525,0.008348840028852278,0.988929889298893,levels
2023,10,"repeated rejection at the 4h high (2+ touches in 30 minutes, no close above)",11310,0.021583475187591124,0.4812555260831123,0.5038949489706342,-0.02313883945476347,0.010533055581764521,-2.1967831912728975,0.02803593408881566,1.0,levels
2023,10,"repeated rejection at the 4h low (2+ touches in 30 minutes, no close below)",11629,0.022192239872369336,0.5095021068019606,0.5038949489706342,0.005734417397745384,0.009852572218469408,0.5820223664025295,0.5605516154849197,1.0,levels
2023,10,rejecting the ups (3+ up-minutes undone by the next minute in the last 15),82429,0.1573036495347435,0.5166021667131714,0.5038949489706342,0.015079236709072519,0.00436081958730281,3.457890519703684,0.0005444225729502872,0.5166051660516605,levels
2023,10,rejecting the downs (3+ down-minutes undone by the next minute in the last 15),82315,0.15708609726494813,0.48495413958573774,0.5038949489706342,-0.02247063350531786,0.003699778264739159,-6.073508166550106,1.2514562719445621e-09,0.03690036900369004,levels
2023,10,lower highs (three successive 10-minute highs declining),153551,0.2930295489416273,0.5353400498857057,0.5038949489706342,0.04447866366691344,0.003296533611080417,13.492555791759653,0.0,0.0036900369003690036,levels
2023,10,higher lows (three successive 10-minute lows rising),157039,0.2996858850560674,0.47337285642420035,0.5038949489706342,-0.04358343191308878,0.0031354164730775353,-13.900364524879183,0.0,0.0036900369003690036,levels
2023,10,approaching the previous day's high from below (within 10 bp),6519,0.012440554796455044,0.5083601779414021,0.5038949489706342,0.004521478673972346,0.016142313568124088,0.28010103105051937,0.7793999936915237,1.0,levels
2023,10,approaching the previous day's low from above (within 10 bp),5984,0.011419585811011962,0.5650066844919787,0.5038949489706342,0.06181766768207653,0.015146643134278326,4.081278414896905,4.478866503054846e-05,0.2029520295202952,levels
2023,10,broke above the previous day's high in the last 5 minutes,2709,0.005169728937505248,0.4654854189737911,0.5038949489706342,-0.03860912872687433,0.017799254545580807,-2.169143018209164,0.030071827613235014,1.0,levels
2023,10,broke below the previous day's low in the last 5 minutes,1956,0.0037327389449096585,0.5501022494887525,0.5038949489706342,0.04638042654255514,0.019886411365949895,2.332267279855685,0.019686634710734507,1.0,levels
2023,10,crossed above the daily open in the last 5 minutes,10057,0.01919230857308611,0.4877199960226708,0.5038949489706342,-0.016491462178922722,0.008658741271408898,-1.9046027201872184,0.0568317327370671,1.0,levels
2023,10,crossed below the daily open in the last 5 minutes,10105,0.019283909528789417,0.4983671449777338,0.5038949489706342,-0.0056364977046970965,0.008462103309757198,-0.6660870824157811,0.5053554406871481,1.0,levels
2023,10,range breakout upward (prior hour under 15 bp),4955,0.00945589032312237,0.479313824419778,0.5038949489706342,-0.024815779843337604,0.013990725554446614,-1.7737307294581666,0.07610770093177566,1.0,levels
2023,10,range breakdown downward (prior hour under 15 bp),5019,0.009578024930726778,0.5431360828850369,0.5038949489706342,0.03962062121214338,0.01552388509714339,2.5522361808407177,0.010703393522493165,0.992619926199262,levels
2023,10,reclaimed the session VWAP in the last 5 minutes after 30+ minutes below,4759,0.009081853087333877,0.46606429922252574,0.5038949489706342,-0.03817737102300006,0.012306031384542565,-3.1023300550780433,0.0019200375531580605,0.7933579335793358,levels
2023,10,lost the session VWAP in the last 5 minutes after 30+ minutes above,4674,0.008919643061609276,0.5239623448866068,0.5038949489706342,0.020248000856322057,0.012162455242093057,1.664795508249496,0.09595356039079816,1.0,levels
2023,10,"approaching a $1,000 level from below (within 10 bp, rising)",6839,0.013051227834477073,0.5089925427694107,0.5038949489706342,0.005165003435377402,0.012032205546261398,0.4292648937486156,0.6677304619482622,1.0,round numbers
2023,10,"approaching a $1,000 level from above (within 10 bp, falling)",6820,0.013014969122844515,0.4912023460410557,0.5038949489706342,-0.012859975108536648,0.011412116964502273,-1.1268702510268673,0.2597973428709808,1.0,round numbers
2023,10,"crossed a $1,000 level upward in the last 3 minutes",4719,0.009005518957581124,0.4835770290315745,0.5038949489706342,-0.02050255609666718,0.010018750930661038,-2.0464183847431388,0.04071522478244116,1.0,round numbers
2023,10,"crossed a $1,000 level downward in the last 3 minutes",4638,0.008850942344831797,0.5297542043984476,0.5038949489706342,0.026090178089853033,0.011042817184593136,2.3626378716342304,0.01814539060828868,1.0,round numbers
2023,10,"approaching a $100 level from below (within 10 bp, rising)",75628,0.14432493912353153,0.5030279790553763,0.5038949489706342,-0.0010131999340613485,0.0035295488102609096,-0.28706216814903635,0.7740647190315959,1.0,round numbers
2023,10,"approaching a $100 level from above (within 10 bp, falling)",73376,0.1400273276184515,0.501390100305277,0.5038949489706342,-0.002912707282221594,0.003698432885930745,-0.7875517474717089,0.4309589484717984,1.0,round numbers
2023,10,crossed a $100 level upward in the last 3 minutes,45324,0.08649420242284528,0.4828126378960374,0.5038949489706342,-0.023078464450376146,0.003629938879649928,-6.35781075537058,2.0464940853059943e-10,0.02952029520295203,round numbers
2023,10,crossed a $100 level downward in the last 3 minutes,44461,0.08484729357342961,0.5335912372641192,0.5038949489706342,0.0324495443054974,0.003332724284345194,9.736642319294953,0.0,0.0036900369003690036,round numbers
2023,10,10 minutes before funding settlement (00:00 UTC),3631,0.006929230628306222,0.459928394381713,0.5038949489706342,-0.0442733347359911,0.016493976713706414,-2.684212273635634,0.0072700930406430775,0.988929889298893,time
2023,10,10 minutes after funding settlement (00:00 UTC),3640,0.006946405807500592,0.47087912087912087,0.5038949489706342,-0.033246773673237806,0.018385155419624467,-1.8083487963202054,0.07055223178117531,1.0,time
2023,10,10 minutes before funding settlement (08:00 UTC),3640,0.006946405807500592,0.4898351648351648,0.5038949489706342,-0.014158132267676982,0.017418379212438554,-0.8128271921859749,0.41631714280928445,1.0,time
2023,10,10 minutes after funding settlement (08:00 UTC),3640,0.006946405807500592,0.49148351648351646,0.5038949489706342,-0.012498250406323852,0.019802524695327648,-0.6311442908728088,0.5279461836297461,1.0,time
2023,10,10 minutes before funding settlement (16:00 UTC),3640,0.006946405807500592,0.5129120879120879,0.5038949489706342,0.009080213791266556,0.01719089049048441,0.5281991527019896,0.5973611174209446,1.0,time
2023,10,10 minutes after funding settlement (16:00 UTC),3640,0.006946405807500592,0.5087912087912088,0.5038949489706342,0.004930509137883843,0.018676013825926496,0.2640022214504463,0.7917782069935546,1.0,time
2023,10,10 minutes after the US equity open (13:30 UTC),3630,0.006927322275062403,0.46831955922865015,0.5038949489706342,-0.0358235510249712,0.018159175428646437,-1.972752075981318,0.04852381566009978,1.0,time
2023,10,10 minutes after the US equity close (20:00 UTC),3640,0.006946405807500592,0.5167582417582418,0.5038949489706342,0.012953271467757266,0.018768344204068792,0.6901659159122372,0.49008985489088075,1.0,time
2023,10,10 minutes after the London open (07:00 UTC),3640,0.006946405807500592,0.5131868131868131,0.5038949489706342,0.009356860768158781,0.018916371745676386,0.4946435232907404,0.6208517740392185,1.0,time
2023,10,last 5 minutes of the hour,43660,0.08331870262513072,0.4975950526797984,0.5038949489706342,-0.006872504444976779,0.004493657436558832,-1.5293788060176718,0.12617056341086652,1.0,time
2023,10,first 5 minutes of the hour,43670,0.08333778615756891,0.502083810396153,0.5038949489706342,-0.001975797133482171,0.004438628275812593,-0.4451368780415512,0.656220839608344,1.0,time
2023,10,last 5 minutes of a 4-hour block,10915,0.02082967565628268,0.49473202015574896,0.5038949489706342,-0.009357849790869344,0.008944608547246198,-1.0462000367529076,0.2954686859519171,1.0,time
2023,10,first 5 minutes of a 4-hour block,10920,0.020839217422501773,0.4928571428571429,0.5038949489706342,-0.011272720793040758,0.009808609858123344,-1.1492679346100059,0.2504455158328325,1.0,time
2023,10,last 5 minutes of the UTC day,1815,0.0034636611375312015,0.456198347107438,0.5038949489706342,-0.04786238093198003,0.021041796565800852,-2.2746337643892334,0.02292790887984686,1.0,time
2023,10,first 5 minutes of the UTC day,1820,0.003473202903750296,0.46703296703296704,0.5038949489706342,-0.0369904573013774,0.02141058527330853,-1.7276714685371768,0.08404714157977256,1.0,time
2023,10,Saturday or Sunday,150291,0.28680831736677787,0.5057787891490508,0.5038949489706342,0.0026414219687210805,0.003385985895569521,0.7801042444321212,0.4353295183446919,1.0,time
2023,10,first hour of the week (Monday 00:00 to 01:00 UTC),3120,0.005954062120714793,0.46826923076923077,0.5038949489706342,-0.03583910646766286,0.02049803609838864,-1.7484165944307313,0.08039191648369481,1.0,time
2023,10,volume climax at a new 1h high (hour's largest volume),3756,0.007167774783783577,0.4480830670926518,0.5038949489706342,-0.056214817025936004,0.008912457211996237,-6.30744313142625,2.8368285498459045e-10,0.02952029520295203,volume and flow
2023,10,volume climax at a new 1h low (hour's largest volume),3896,0.007434944237918215,0.5790554414784395,0.5038949489706342,0.07572349245168386,0.009028264241428609,8.387381054290184,0.0,0.0036900369003690036,volume and flow
2023,10,"absorption: heavy taker selling in the last 5 minutes, price did not fall",7651,0.014600810668457974,0.5081688668147955,0.5038949489706342,0.004337245139262258,0.008659292006000916,0.5008775701589153,0.6164572890298474,1.0,volume and flow
2023,10,"absorption: heavy taker buying in the last 5 minutes, price did not rise",2736,0.0052212544750883565,0.4641812865497076,0.5038949489706342,-0.03992210589498579,0.013357340050961624,-2.988776638363093,0.0028009681099716577,0.8929889298892989,volume and flow
2023,10,delta divergence: new 4h high with net taker selling over the hour,2077,0.003963649687411738,0.42657679345209437,0.5038949489706342,-0.0776258371436695,0.01922623052115619,-4.037496432712145,5.402466606652112e-05,0.2140221402214022,volume and flow
2023,10,taker buying above 70% of the last minute,75596,0.14426387181972933,0.5073813429281973,0.5038949489706342,0.004074146039593773,0.0027011375858618644,1.508307485304869,0.1314758483461418,1.0,volume and flow
2023,10,taker selling above 70% of the last minute,101376,0.1934612184453791,0.49699139835858586,0.5038949489706342,-0.008559477572475438,0.002657998956904421,-3.2202712308224686,0.0012806936396729807,0.6863468634686347,volume and flow
2023,10,bullish engulfing,40561,0.07740471592253613,0.5028229087054067,0.5038949489706342,-0.001161983248483156,0.0024329242616122396,-0.47760765380881115,0.632929482279917,1.0,candles
2023,10,bearish engulfing,39969,0.07627497080219536,0.5061422602516951,0.5038949489706342,0.002432879060354609,0.0026824360283433392,0.9069662928204646,0.3644246223782539,1.0,candles
2023,10,pin bar at a new 1h high (long upper wick),2945,0.005620100303046495,0.4461799660441426,0.5038949489706342,-0.058041180180815,0.009206820508361422,-6.304150290331319,2.897793116574121e-10,0.02952029520295203,candles
2023,10,pin bar at a new 1h low (long lower wick),3278,0.00625558193323817,0.5573520439292251,0.5038949489706342,0.053793605263802835,0.00881432528319204,6.1029748205890915,1.0411225215278819e-09,0.033210332103321034,candles
2023,10,inside bar (last minute inside the previous one),130901,0.24980534796913048,0.5049464862758879,0.5038949489706342,0.001401685952315157,0.0017722100640733273,0.7909253991558196,0.428987525802603,1.0,candles
2023,10,doji at a new 1h high,2445,0.004665923681137074,0.4462167689161554,0.5038949489706342,-0.05794856362980699,0.00998266507388791,-5.804919147431438,6.439707211924883e-09,0.04059040590405904,candles
2023,10,doji at a new 1h low,2293,0.004375853988076609,0.5617095508068033,0.5038949489706342,0.058068701997386785,0.011429895023293299,5.080423037923531,3.7659528429045963e-07,0.12546125461254612,candles
2023,10,squeeze: last hour's range under 40% of the previous day's median hourly range,15760,0.030075647122584977,0.5032360406091371,0.5038949489706342,-0.0006793399501130448,0.009586343212199618,-0.07086538996940087,0.9435048888999751,1.0,volatility
2023,15,failed breakout above the 1h high,44248,0.08444162005469392,0.48038329416018805,0.5037489957195228,-0.02552071180947585,0.005533313710151113,-4.612193189527092,3.984424078451454e-06,0.16605166051660517,levels
2023,15,failed breakdown below the 1h low,43301,0.08263439228865263,0.5398489642271541,0.5037489957195228,0.03935177883733165,0.005913296840141282,6.654795100120738,2.8369528948246625e-11,0.01107011070110701,levels
2023,15,wick rejection at the 1h high,12332,0.023534036759050928,0.4472915990917937,0.5037489957195228,-0.05781808967549018,0.006338984762883167,-9.121033073629398,0.0,0.0036900369003690036,levels
2023,15,wick rejection at the 1h low,12154,0.023194346640407475,0.5643409577093961,0.5037489957195228,0.062030724107170476,0.005980604660748117,10.371982036246317,0.0,0.0036900369003690036,levels
2023,15,failed breakout above the 4h high,17838,0.03404152997956134,0.46428971857831597,0.5037489957195228,-0.04084986918782535,0.008810348909233677,-4.636577916342528,3.5422470567869624e-06,0.15867158671586715,levels
2023,15,failed breakdown below the 4h low,16800,0.03206064041129222,0.5532142857142858,0.5037489957195228,0.051103707587406566,0.008770927722166182,5.826488281080639,5.660584001532243e-09,0.04059040590405904,levels
2023,15,wick rejection at the 4h high,4672,0.00891591142866412,0.4379280821917808,0.5037489957195228,-0.06641304636685663,0.010582388498602317,-6.27580875296992,3.4782154934021037e-10,0.02952029520295203,levels
2023,15,wick rejection at the 4h low,4271,0.008150654475989824,0.5914305783188949,0.5037489957195228,0.08840211771581952,0.010476419166619576,8.438199761755447,0.0,0.0036900369003690036,levels
2023,15,failed breakout above the daily high,4336,0.008274698620438276,0.46148523985239853,0.5037489957195228,-0.042616393681125575,0.018468947413060998,-2.307461964561544,0.021029080281278256,1.0,levels
2023,15,failed breakdown below the daily low,3086,0.005889234304121892,0.5576798444588464,0.5037489957195228,0.05425034171274867,0.020694792592895184,2.621448920989601,0.00875568818666217,0.992619926199262,levels
2023,15,wick rejection at the daily high,1376,0.0026259191194010767,0.47093023255813954,0.5037489957195228,-0.03290516947503491,0.01942329694967515,-1.694108346296237,0.09024469662976631,1.0,levels
2023,15,wick rejection at the daily low,846,0.0016144822492829294,0.6040189125295509,0.5037489957195228,0.10043206259234227,0.023043122538541808,4.358439808856639,1.3099293778795484e-05,0.18450184501845018,levels
2023,15,"liquidity sweep of the 1h low (took it out, closed back above)",9147,0.01745587368107678,0.5703509347326993,0.5037489957195228,0.06778518870465278,0.006629532852088265,10.224730794312427,0.0,0.0036900369003690036,levels
2023,15,"liquidity sweep of the 1h high (took it out, closed back below)",8874,0.01693488827439328,0.44658553076402974,0.5037489957195228,-0.058148198195287604,0.0073315167549769175,-7.93126444890334,2.220446049250313e-15,0.007380073800738007,levels
2023,15,retest from above of a 4h high broken in the last hour,11825,0.022566492432353005,0.46190274841437634,0.5037489957195228,-0.04281237238252783,0.010065934987554013,-4.253193810159019,2.1074302890999874e-05,0.1918819188191882,levels
2023,15,retest from below of a 4h low broken in the last hour,11298,0.021560780676594015,0.5553195255797486,0.5037489957195228,0.052706932471377255,0.010366738298288361,5.084234882256035,3.691109387027325e-07,0.12546125461254612,levels
2023,15,acceptance above the 4h high (last 5 closes all above it),15435,0.029455713377874723,0.4444444444444444,0.5037489957195228,-0.06110442572536434,0.010657959269263825,-5.73322004537788,9.854165483602628e-09,0.055350553505535055,levels
2023,15,acceptance below the 4h low (last 5 closes all below it),11261,0.02149017093283105,0.5891128674185241,0.5037489957195228,0.08723864509402035,0.012459282049502543,7.001899848434967,2.525091247207456e-12,0.01107011070110701,levels
2023,15,"support held (4h low tested within 3 bp, no close below, price now 3+ bp above)",16646,0.03176675120752204,0.5207857743602067,0.5037489957195228,0.017595738074406286,0.01034235201846163,1.7013284834046443,0.08888132227430434,1.0,levels
2023,15,"resistance held (4h high tested within 3 bp, no close above, price now 3+ bp below)",17189,0.03280299690652987,0.4696026528593868,0.5037489957195228,-0.03530443410279688,0.00929995140833684,-3.796195544758288,0.00014693361541540106,0.31365313653136534,levels
2023,15,"resistance flipped to support (4h high broken, retested within 5 bp, last 3 closes above)",2306,0.004400704570740467,0.46097137901127494,0.5037489957195228,-0.0429667004633667,0.024637103636216823,-1.7439834283200872,0.08116197953088444,1.0,levels
2023,15,"support flipped to resistance (4h low broken, retested within 5 bp, last 3 closes below)",1837,0.0035056783592585595,0.5585193249863909,0.5037489957195228,0.05496301190827457,0.028960652165301293,1.897851318905296,0.05771567070034833,1.0,levels
2023,15,"repeated rejection at the 4h high (2+ touches in 30 minutes, no close above)",11310,0.02158368113403065,0.48797524314765695,0.5037489957195228,-0.016121718605581314,0.011874728256035626,-1.3576494769374658,0.1745749354052979,1.0,levels
2023,15,"repeated rejection at the 4h low (2+ touches in 30 minutes, no close below)",11629,0.022192451627554594,0.5041706079628515,0.5037489957195228,0.00043118121150775846,0.011870106515750222,0.03632496565516343,0.9710232433589912,1.0,levels
2023,15,rejecting the ups (3+ up-minutes undone by the next minute in the last 15),82425,0.15729751701790243,0.5185683955110707,0.5037489957195228,0.017585565594996244,0.0048304715792485435,3.6405484032952242,0.00027205795458051796,0.3800738007380074,levels
2023,15,rejecting the downs (3+ down-minutes undone by the next minute in the last 15),82315,0.15708759615806658,0.48414019316042034,0.5037489957195228,-0.023263155779564948,0.004370399931787297,-5.322889470678571,1.0213180701157398e-07,0.0959409594095941,levels
2023,15,lower highs (three successive 10-minute highs declining),153551,0.2930323449877578,0.5387200343859695,0.5037489957195228,0.04946624986095166,0.0037557552881647524,13.170786184294588,0.0,0.0036900369003690036,levels
2023,15,higher lows (three successive 10-minute lows rising),157034,0.29967920275874177,0.4684654278691239,0.5037489957195228,-0.050382007773280335,0.003539651867516506,-14.233605354141623,0.0,0.0036900369003690036,levels
2023,15,approaching the previous day's high from below (within 10 bp),6519,0.012440673502453212,0.5037582451296211,0.5037489957195228,9.365928557492076e-06,0.019931005898089237,0.0004699175046849982,0.9996250600919601,1.0,levels
2023,15,approaching the previous day's low from above (within 10 bp),5984,0.0114196947750698,0.5625,0.5037489957195228,0.059429673006797024,0.020468140248068797,2.903520900605726,0.003689923407025786,0.948339483394834,levels
2023,15,broke above the previous day's high in the last 5 minutes,2709,0.00516977826632087,0.4839424141749723,0.5037489957195228,-0.019909509292986516,0.020257558204492845,-0.9828188122184867,0.3256966213637087,1.0,levels
2023,15,broke below the previous day's low in the last 5 minutes,1956,0.0037327745621718793,0.5695296523517382,0.5037489957195228,0.06602712098985986,0.021724620198354458,3.0392761938761588,0.002371473320224471,0.8265682656826568,levels
2023,15,crossed above the daily open in the last 5 minutes,10057,0.01919249170335511,0.4704186139007656,0.5037489957195228,-0.033982592442263815,0.009411124385144442,-3.61089611097965,0.0003051408810068601,0.3985239852398524,levels
2023,15,crossed below the daily open in the last 5 minutes,10105,0.01928409353310166,0.5090549233052944,0.5037489957195228,0.005410259536716033,0.008645532921041787,0.6257867023498763,0.5314548550565314,1.0,levels
2023,15,range breakout upward (prior hour under 15 bp),4955,0.009455980549878151,0.46841574167507566,0.5037489957195228,-0.035670554110317665,0.015367943566286166,-2.3211013208410582,0.02028137612507508,1.0,levels
2023,15,range breakdown downward (prior hour under 15 bp),5019,0.00957811632287355,0.546124726041044,0.5037489957195228,0.04278553515416417,0.01693466292965823,2.526506451996305,0.011520327231729688,0.992619926199262,levels
2023,15,reclaimed the session VWAP in the last 5 minutes after 30+ minutes below,4759,0.009081939745079742,0.46858583736079007,0.5037489957195228,-0.03548543494069212,0.012872837794122217,-2.756613227651706,0.005840338825544578,0.981549815498155,levels
2023,15,lost the session VWAP in the last 5 minutes after 30+ minutes above,4674,0.008919728171570227,0.538938810440736,0.5037489957195228,0.035506523256983,0.013116106120566694,2.707093319510967,0.006787517487315986,0.985239852398524,levels
2023,15,"approaching a $1,000 level from below (within 10 bp, rising)",6839,0.013051352367430206,0.5059219184091241,0.5037489957195228,0.0022016572947474167,0.01318515490496364,0.16698000976223557,0.8673857779832297,1.0,round numbers
2023,15,"approaching a $1,000 level from above (within 10 bp, falling)",6820,0.013015093309822198,0.4975073313782991,0.5037489957195228,-0.006323971419334995,0.012187255126035593,-0.5189003884742772,0.6038302068651418,1.0,round numbers
2023,15,"crossed a $1,000 level upward in the last 3 minutes",4719,0.009005604886957617,0.4738292011019284,0.5037489957195228,-0.03019168903995817,0.011197622939120886,-2.6962587688569273,0.007012316825523834,0.985239852398524,round numbers
2023,15,"crossed a $1,000 level downward in the last 3 minutes",4638,0.008851026799260316,0.5379473911168607,0.5037489957195228,0.03450378936165399,0.012054127166247128,2.8624046258835203,0.004204397766414125,0.966789667896679,round numbers
2023,15,"approaching a $100 level from below (within 10 bp, rising)",75625,0.1443205911371413,0.4977719008264463,0.5037489957195228,-0.006985203606827084,0.0038066353521035647,-1.8350072861502291,0.06650460988472817,1.0,round numbers
2023,15,"approaching a $100 level from above (within 10 bp, falling)",73376,0.14002866373922485,0.5025621456607064,0.5037489957195228,-0.001380104206701649,0.00390995447259232,-0.35297193774909424,0.7241094786207358,1.0,round numbers
2023,15,crossed a $100 level upward in the last 3 minutes,45324,0.08649502773817908,0.4822169270143853,0.5037489957195228,-0.023570828138816335,0.003595886301468578,-6.554942554549039,5.5663251785631473e-11,0.014760147601476014,round numbers
2023,15,crossed a $100 level downward in the last 3 minutes,44461,0.08484810317419424,0.5330289467173478,0.5037489957195228,0.03199463509760747,0.0036386557020968045,8.792982276165977,0.0,0.0036900369003690036,round numbers
2023,15,10 minutes before funding settlement (00:00 UTC),3630,0.006927388374582782,0.46198347107438015,0.5037489957195228,-0.04205686890990051,0.018847420931891932,-2.2314389359626183,0.025652068160185726,1.0,time
2023,15,10 minutes after funding settlement (00:00 UTC),3640,0.0069464720891133135,0.4728021978021978,0.5037489957195228,-0.03116327272149033,0.01966316820804892,-1.5848551155013748,0.112999256489134,1.0,time
2023,15,10 minutes before funding settlement (08:00 UTC),3640,0.0069464720891133135,0.5019230769230769,0.5037489957195228,-0.0018386912136419964,0.019492636027063793,-0.09432747890480984,0.9248490222183328,1.0,time
2023,15,10 minutes after funding settlement (08:00 UTC),3640,0.0069464720891133135,0.4936813186813187,0.5037489957195228,-0.010138101074353756,0.02061370368652814,-0.4918136608793596,0.6228510783299672,1.0,time
2023,15,10 minutes before funding settlement (16:00 UTC),3640,0.0069464720891133135,0.5291208791208791,0.5037489957195228,0.025549361326706932,0.01955744695870794,1.3063750795617572,0.19142503621236062,1.0,time
2023,15,10 minutes after funding settlement (16:00 UTC),3640,0.0069464720891133135,0.5052197802197802,0.5037489957195228,0.0014810727306426852,0.02028276911205591,0.07302122912607371,0.9417892242056094,1.0,time
2023,15,10 minutes after the US equity open (13:30 UTC),3630,0.006927388374582782,0.46170798898071624,0.5037489957195228,-0.042334272687266805,0.01964915780903042,-2.1545082541812905,0.031200335362983944,1.0,time
2023,15,10 minutes after the US equity close (20:00 UTC),3640,0.0069464720891133135,0.5087912087912088,0.5037489957195228,0.005077483670284488,0.019776709931003132,0.25674056443153503,0.797379054968298,1.0,time
2023,15,10 minutes after the London open (07:00 UTC),3640,0.0069464720891133135,0.5005494505494505,0.5037489957195228,-0.003221926190427271,0.020508408970337462,-0.15710268871112018,0.8751639186122435,1.0,time
2023,15,last 5 minutes of the hour,43660,0.0833194976402987,0.5042143838754009,0.5037489957195228,0.000507688507260684,0.004591492504930533,0.11057156397740109,0.9119560978415513,1.0,time
2023,15,first 5 minutes of the hour,43670,0.08333858135482923,0.499931302953973,0.5037489957195228,-0.004164779588075651,0.004471651836231642,-0.9313738503365685,0.3516602126920312,1.0,time
2023,15,last 5 minutes of a 4-hour block,10915,0.020829874410074674,0.4957398076042144,0.5037489957195228,-0.008179567478616756,0.010017698255497693,-0.816511664655883,0.41420755478841387,1.0,time
2023,15,first 5 minutes of a 4-hour block,10920,0.02083941626733994,0.4936813186813187,0.5037489957195228,-0.010281946807769837,0.009709476802621604,-1.0589599230510198,0.2896180320125601,1.0,time
2023,15,last 5 minutes of the UTC day,1815,0.003463694187291391,0.46005509641873277,0.5037489957195228,-0.04384576763127179,0.02225776262150738,-1.969909032496564,0.04884879705987921,1.0,time
2023,15,first 5 minutes of the UTC day,1820,0.0034732360445566567,0.4576923076923077,0.5037489957195228,-0.046217211311420925,0.02224040310316265,-2.078074354005243,0.03770251134949665,1.0,time
2023,15,Saturday or Sunday,150286,0.2868015121935394,0.5025218583234633,0.5037489957195228,-0.0017206113263557032,0.003977063830250262,-0.43263357084400417,0.6652809966480528,1.0,time
2023,15,first hour of the week (Monday 00:00 to 01:00 UTC),3120,0.005954118933525697,0.4637820512820513,0.5037489957195228,-0.04020633775434235,0.023353480724637974,-1.7216421923745429,0.08513435509035694,1.0,time
2023,15,volume climax at a new 1h high (hour's largest volume),3756,0.007167843177667474,0.4488817891373802,0.5037489957195228,-0.055263325432317933,0.008983699801897262,-6.151510697257149,7.674834101578654e-10,0.02952029520295203,volume and flow
2023,15,volume climax at a new 1h low (hour's largest volume),3896,0.007435015181094909,0.5934291581108829,0.5037489957195228,0.09035193036526712,0.00929459403567325,9.720911964362358,0.0,0.0036900369003690036,volume and flow
2023,15,"absorption: heavy taker selling in the last 5 minutes, price did not fall",7651,0.01460094998730933,0.5033328976604365,0.5037489957195228,-0.0004222635074399017,0.009102794712906575,-0.04638833685232813,0.9630007323502678,1.0,volume and flow
2023,15,"absorption: heavy taker buying in the last 5 minutes, price did not rise",2736,0.005221304295553304,0.45760233918128657,0.5037489957195228,-0.04638886692839539,0.013730864594435272,-3.378437432643205,0.0007289901909608432,0.5682656826568265,volume and flow
2023,15,delta divergence: new 4h high with net taker selling over the hour,2077,0.003963687507991306,0.42946557534906116,0.5037489957195228,-0.074579028333425,0.020801727282680316,-3.5852324818968326,0.000336778065794352,0.4317343173431734,volume and flow
2023,15,taker buying above 70% of the last minute,75594,0.14426143162209665,0.502870598195624,0.5037489957195228,-0.0010264788293508076,0.002575591087022688,-0.3985410706392018,0.690231390241274,1.0,volume and flow
2023,15,taker selling above 70% of the last minute,101375,0.19346115605325884,0.4977755856966708,0.5037489957195228,-0.0074062273226935815,0.0027484832091826264,-2.694659839270448,0.007046052253510959,0.985239852398524,volume and flow
2023,15,bullish engulfing,40560,0.07740354613583407,0.5021942800788954,0.5037489957195228,-0.0016851524131874518,0.002405730757147825,-0.7004742356062018,0.48363118974305497,1.0,candles
2023,15,bearish engulfing,39968,0.07627379023562662,0.5064051240992794,0.5037489957195228,0.002875449837494659,0.0025979463179331514,1.1068164948774928,0.26837327514446807,1.0,candles
2023,15,pin bar at a new 1h high (long upper wick),2945,0.005620153929241404,0.4370118845500849,0.5037489957195228,-0.06711430388814321,0.010091080794604725,-6.650853883166449,2.913980168273156e-11,0.01107011070110701,candles
2023,15,pin bar at a new 1h low (long lower wick),3278,0.006255641623108088,0.5674191580231849,0.5037489957195228,0.06407096731362194,0.009157387564187885,6.996642532001868,2.6216806503498447e-12,0.01107011070110701,candles
2023,15,inside bar (last minute inside the previous one),130901,0.2498077315761049,0.5053208149670362,0.5037489957195228,0.0020952218700088787,0.0021068207186559704,0.9944946200004664,0.31998212334155296,1.0,candles
2023,15,doji at a new 1h high,2445,0.00466596820271485,0.43803680981595094,0.5037489957195228,-0.06602023421716496,0.011659590233656324,-5.662311701709068,1.4934721903614445e-08,0.055350553505535055,candles
2023,15,doji at a new 1h low,2293,0.004375895741850776,0.5660706498037505,0.5037489957195228,0.06259556575386882,0.012491810599603364,5.010928180087547,5.416812949299299e-07,0.12915129151291513,candles
2023,15,squeeze: last hour's range under 40% of the previous day's median hourly range,15760,0.030075934100116983,0.5009517766497462,0.5037489957195228,-0.0028839567633384133,0.011169825869733477,-0.2581917387945124,0.7962589333244923,1.0,volatility
2023,30,failed breakout above the 1h high,44248,0.08444403731354677,0.48510667148797687,0.5055058092489961,-0.022280601724403104,0.006239985242211977,-3.5706176953240645,0.00035614038325237907,0.4317343173431734,levels
2023,30,failed breakdown below the 1h low,43301,0.08263675781309639,0.5320200457264267,0.5055058092489961,0.028902658465171593,0.006422271351543831,4.500379520436141,6.783224291151413e-06,0.16974169741697417,levels
2023,30,wick rejection at the 1h high,12332,0.02353471045359471,0.44120986052546224,0.5055058092489961,-0.06584560599527417,0.0064670391038108305,-10.181723805639793,0.0,0.0036900369003690036,levels
2023,30,wick rejection at the 1h low,12154,0.02319501061084902,0.5766825736383083,0.5055058092489961,0.07286691321450234,0.006847388873456992,10.6415619970061,0.0,0.0036900369003690036,levels
2023,30,failed breakout above the 4h high,17838,0.034042504465717036,0.4633366969391187,0.5055058092489961,-0.043655246224424404,0.009880366356237945,-4.418383352441458,9.944192552069353e-06,0.17712177121771217,levels
2023,30,failed breakdown below the 4h low,16800,0.032061558191728116,0.5430952380952381,0.5055058092489961,0.038834524203851806,0.010337698063241337,3.756593002260256,0.00017224227889034438,0.3284132841328413,levels
2023,30,wick rejection at the 4h high,4672,0.008916166659032962,0.4233732876712329,0.5055058092489961,-0.08287141694249273,0.011110478610499876,-7.458852120391619,8.72635297355373e-14,0.007380073800738007,levels
2023,30,wick rejection at the 4h low,4271,0.008150887799813737,0.5860454226176539,0.5055058092489961,0.08120147750094708,0.011421487438445238,7.109536121155225,1.1644019082268642e-12,0.007380073800738007,levels
2023,30,failed breakout above the daily high,4336,0.0082749354951984,0.45064575645756455,0.5055058092489961,-0.055317804051695396,0.020796597626663645,-2.659944912372184,0.00781534329119915,0.988929889298893,levels
2023,30,failed breakdown below the daily low,3086,0.005889402891647201,0.5602721970187946,0.5055058092489961,0.0550908399217368,0.023430650429552894,2.3512296462863516,0.018711481625245163,1.0,levels
2023,30,wick rejection at the daily high,1376,0.0026259942899891603,0.4425872093023256,0.5055058092489961,-0.06308425885019936,0.021714565587612852,-2.905158686950016,0.003670669471582677,0.948339483394834,levels
2023,30,wick rejection at the daily low,846,0.0016145284660834516,0.6111111111111112,0.5055058092489961,0.10577608035487862,0.02739424459728784,3.8612519494460145,0.000112807501954304,0.2767527675276753,levels
2023,30,"liquidity sweep of the 1h low (took it out, closed back above)",9147,0.017456373379746256,0.5812834809227069,0.5055058092489961,0.07712397660587367,0.007200335027111509,10.71116501044435,0.0,0.0036900369003690036,levels
2023,30,"liquidity sweep of the 1h high (took it out, closed back below)",8874,0.016935373059130673,0.4432048681541582,0.5055058092489961,-0.06337420693155033,0.007271927828677579,-8.714911427149726,0.0,0.0036900369003690036,levels
2023,30,retest from above of a 4h high broken in the last hour,11825,0.022567138429594347,0.4505708245243129,0.5055058092489961,-0.05620333312348552,0.01158135971162758,-4.852913174526294,1.2166096439170104e-06,0.15498154981549817,levels
2023,30,retest from below of a 4h low broken in the last hour,11298,0.02156139788393716,0.5698353690918747,0.5055058092489961,0.06574716053082275,0.012338346894357982,5.3286847171469365,9.892655272736306e-08,0.09225092250922509,levels
2023,30,acceptance above the 4h high (last 5 closes all above it),15435,0.029456556588650207,0.42986718496922577,0.5055058092489961,-0.07793430040999422,0.011899340066646516,-6.549464085696791,5.774403177838394e-11,0.014760147601476014,levels
2023,30,acceptance below the 4h low (last 5 closes all below it),11261,0.021490786118872045,0.6008347393659533,0.5055058092489961,0.09742261878030511,0.013573106217000806,7.177621483450838,7.09432512735475e-13,0.007380073800738007,levels
2023,30,"support held (4h low tested within 3 bp, no close below, price now 3+ bp above)",16640,0.03175621001847356,0.5230769230769231,0.5055058092489961,0.018147406685936174,0.011284518569777195,1.6081684454434357,0.10779829200302915,1.0,levels
2023,30,"resistance held (4h high tested within 3 bp, no close above, price now 3+ bp below)",17189,0.03280393593795325,0.47204607597882364,0.5055058092489961,-0.03459457137330335,0.010861895451552323,-3.184947924384531,0.001447800589776005,0.7195571955719557,levels
2023,30,"resistance flipped to support (4h high broken, retested within 5 bp, last 3 closes above)",2306,0.004400830547031252,0.4032957502168257,0.5055058092489961,-0.10266185646612153,0.023246297086678133,-4.416267076142396,1.0041999900956e-05,0.17712177121771217,levels
2023,30,"support flipped to resistance (4h low broken, retested within 5 bp, last 3 closes below)",1837,0.0035057787141788426,0.6118671747414263,0.5055058092489961,0.10673555673527868,0.03649501558432143,2.9246612181509297,0.003448314077882486,0.9261992619926199,levels
2023,30,"repeated rejection at the 4h high (2+ touches in 30 minutes, no close above)",11310,0.02158429899693125,0.5003536693191866,0.5055058092489961,-0.0052657984990711615,0.0161709940297178,-0.3256323321494081,0.7447025468459261,1.0,levels
2023,30,"repeated rejection at the 4h low (2+ touches in 30 minutes, no close below)",11629,0.022193086917357517,0.5163814601427466,0.5055058092489961,0.011122493355527285,0.016825315332031302,0.6610570521880661,0.5085757264655268,1.0,levels
2023,30,rejecting the ups (3+ up-minutes undone by the next minute in the last 15),82425,0.15730201987816608,0.5232150439793752,0.5055058092489961,0.021014924858154704,0.005220778302306784,4.025247509335787,5.691541996499794e-05,0.2140221402214022,levels
2023,30,rejecting the downs (3+ down-minutes undone by the next minute in the last 15),82306,0.157074917174308,0.48908949529803414,0.5055058092489961,-0.01947541280410181,0.005022674335426378,-3.8774986199555244,0.00010553592606044049,0.2656826568265683,levels
2023,30,lower highs (three successive 10-minute highs declining),153546,0.29303119131589794,0.5412905578784208,0.5055058092489961,0.05061715338761785,0.004093991857047449,12.363765037901786,0.0,0.0036900369003690036,levels
2023,30,higher lows (three successive 10-minute lows rising),157030,0.29968014778851587,0.46999936317901037,0.5055058092489961,-0.050700327797167044,0.004236343959059624,-11.967944125203045,0.0,0.0036900369003690036,levels
2023,30,approaching the previous day's high from below (within 10 bp),6519,0.012441029634040214,0.4913330265378125,0.5055058092489961,-0.014351328008221809,0.02535469095073439,-0.5660225966116983,0.5713784196337328,1.0,levels
2023,30,approaching the previous day's low from above (within 10 bp),5984,0.011420021679720302,0.5994318181818182,0.5055058092489961,0.09501103703558111,0.025394225045076525,3.7414426652882646,0.00018296692207053766,0.34686346863468637,levels
2023,30,broke above the previous day's high in the last 5 minutes,2709,0.005169926258416159,0.4603174603174603,0.5055058092489961,-0.04542318344034496,0.022331498794167716,-2.0340409687238754,0.041947464954600555,1.0,levels
2023,30,broke below the previous day's low in the last 5 minutes,1956,0.0037328814180369167,0.5971370143149284,0.5055058092489961,0.0919745350989356,0.023659814997135695,3.887373384367977,0.00010133481552832002,0.26199261992619927,levels
2023,30,crossed above the daily open in the last 5 minutes,10057,0.01919304111513153,0.46982201451725164,0.5055058092489961,-0.03638207743990246,0.01075162820102928,-3.3838667743755795,0.0007147267474727492,0.5682656826568265,levels
2023,30,crossed below the daily open in the last 5 minutes,10105,0.019284645567107895,0.5107372587827808,0.5055058092489961,0.005334320004411142,0.010225712664916679,0.5216575293292388,0.601908800231505,1.0,levels
2023,30,range breakout upward (prior hour under 15 bp),4955,0.009456251240476953,0.4676084762865792,0.5055058092489961,-0.03825912082114147,0.014089308152239272,-2.715471931463206,0.006618138619309377,0.985239852398524,levels
2023,30,range breakdown downward (prior hour under 15 bp),5019,0.009578390509778776,0.5523012552301255,0.5055058092489961,0.04724800583179456,0.017612032635622856,2.682711689747196,0.007302791720177115,0.988929889298893,levels
2023,30,reclaimed the session VWAP in the last 5 minutes after 30+ minutes below,4759,0.009082199728240125,0.4624921201933179,0.5055058092489961,-0.043407928532398665,0.012673634166212063,-3.4250577192865723,0.0006146688199906158,0.5387453874538746,levels
2023,30,lost the session VWAP in the last 5 minutes after 30+ minutes above,4674,0.008919983511198644,0.5218228498074454,0.5055058092489961,0.016463898259453602,0.012872144260148901,1.2790330753536128,0.20088540881284378,1.0,levels
2023,30,"approaching a $1,000 level from below (within 10 bp, rising)",6839,0.01305172598054932,0.49758736657406055,0.5055058092489961,-0.008023158744365544,0.015100922846811532,-0.5313025452652773,0.5952091419025312,1.0,round numbers
2023,30,"approaching a $1,000 level from above (within 10 bp, falling)",6820,0.013015465884975343,0.5013196480938417,0.5055058092489961,-0.004241364489979582,0.014981013092709607,-0.28311599914718777,0.777087917582632,1.0,round numbers
2023,30,"crossed a $1,000 level upward in the last 3 minutes",4719,0.009005862684926487,0.48336511972875607,0.5055058092489961,-0.022341897581984127,0.01421178922135316,-1.5720678961671841,0.11593480590139915,1.0,round numbers
2023,30,"crossed a $1,000 level downward in the last 3 minutes",4638,0.00885128017221637,0.5373005605864597,0.5055058092489961,0.032078688799585975,0.014146589955985502,2.267591617442287,0.02335410907531732,1.0,round numbers
2023,30,"approaching a $100 level from below (within 10 bp, rising)",75622,0.14431899723659902,0.4966279654068922,0.5055058092489961,-0.010375179317331062,0.004347311885805513,-2.3865734941188026,0.0170062078459301,1.0,round numbers
2023,30,"approaching a $100 level from above (within 10 bp, falling)",73375,0.1400307638284554,0.5131039182282794,0.5055058092489961,0.008835326497385942,0.0044988261969105105,1.9639181667994747,0.049539582719883235,1.0,round numbers
2023,30,crossed a $100 level upward in the last 3 minutes,45320,0.08648987007435228,0.47720653133274493,0.5055058092489961,-0.030978614236663815,0.003960618559525258,-7.821660624742689,5.10702591327572e-15,0.007380073800738007,round numbers
2023,30,crossed a $100 level downward in the last 3 minutes,44460,0.08484862364310905,0.5384390463337831,0.5055058092489961,0.035986655252478905,0.004034703952881904,8.919280242798086,0.0,0.0036900369003690036,round numbers
2023,30,10 minutes before funding settlement (00:00 UTC),3630,0.006927586680712683,0.4793388429752066,0.5055058092489961,-0.02634950475195258,0.02226000772811332,-1.1837149867057062,0.23652590443255272,1.0,time
2023,30,10 minutes after funding settlement (00:00 UTC),3640,0.006946670941541092,0.49230769230769234,0.5055058092489961,-0.01329044126342871,0.022127642515752808,-0.6006261739797704,0.5480890007592847,1.0,time
2023,30,10 minutes before funding settlement (08:00 UTC),3640,0.006946670941541092,0.4967032967032967,0.5055058092489961,-0.008864088451367769,0.02169568217126606,-0.40856463426199335,0.6828591887320175,1.0,time
2023,30,10 minutes after funding settlement (08:00 UTC),3640,0.006946670941541092,0.5087912087912088,0.5055058092489961,0.0033083817817997074,0.022745228049363547,0.14545388485969837,0.884352523009621,1.0,time
2023,30,10 minutes before funding settlement (16:00 UTC),3640,0.006946670941541092,0.5043956043956044,0.5055058092489961,-0.0011179710302612333,0.021912927272725306,-0.05101878979230471,0.9593105479562674,1.0,time
2023,30,10 minutes after funding settlement (16:00 UTC),3640,0.006946670941541092,0.48131868131868133,0.5055058092489961,-0.024356323293581117,0.022379483305613526,-1.0883326911963036,0.276448263596764,1.0,time
2023,30,10 minutes after the US equity open (13:30 UTC),3630,0.006927586680712683,0.4677685950413223,0.5055058092489961,-0.03800046572791149,0.021738411385078284,-1.7480792434536332,0.08045030662880759,1.0,time
2023,30,10 minutes after the US equity close (20:00 UTC),3640,0.006946670941541092,0.5112637362637362,0.5055058092489961,0.005798205238583987,0.021492636914229615,0.2697763546521913,0.7873323148266782,1.0,time
2023,30,10 minutes after the London open (07:00 UTC),3640,0.006946670941541092,0.47445054945054943,0.5055058092489961,-0.03127249956242639,0.022576220270386995,-1.3851964229568676,0.16599241419119992,1.0,time
2023,30,last 5 minutes of the hour,43660,0.08332188277683629,0.5016262024736601,0.5055058092489961,-0.004232245433204329,0.004475764099232374,-0.9455917111293219,0.344356873591698,1.0,time
2023,30,first 5 minutes of the hour,43670,0.08334096703766469,0.5048316922372338,0.5055058092489961,-0.0007354065006961452,0.004271898082068819,-0.17214982346676172,0.8633197439343951,1.0,time
2023,30,last 5 minutes of a 4-hour block,10915,0.020830470694209072,0.49628950984883186,0.5055058092489961,-0.009412363359283138,0.010561735704968907,-0.8911758088071612,0.37283486026499624,1.0,time
2023,30,first 5 minutes of a 4-hour block,10920,0.020840012824623277,0.5009157509157509,0.5055058092489961,-0.004687751126847384,0.00970884919325363,-0.4828328294670343,0.6292144385549545,1.0,time
2023,30,last 5 minutes of the UTC day,1815,0.0034637933403563414,0.4953168044077135,0.5055058092489961,-0.010224420119601951,0.024251406045238275,-0.42160112698329505,0.6733161835494834,1.0,time
2023,30,first 5 minutes of the UTC day,1820,0.003473335470770546,0.506043956043956,0.5055058092489961,0.0005400224741743953,0.02388411135513051,0.022610113733973772,0.9819612762978589,1.0,time
2023,30,Saturday or Sunday,150271,0.28678109589459383,0.5039828044000506,0.5055058092489961,-0.0021353960757053425,0.005514202435992929,-0.38725384141992003,0.6985682938872153,1.0,time
2023,30,first hour of the week (Monday 00:00 to 01:00 UTC),3120,0.005954289378463793,0.4564102564102564,0.5055058092489961,-0.04938963300595339,0.03154904350386732,-1.565487492509849,0.11746864782000799,1.0,time
2023,30,volume climax at a new 1h high (hour's largest volume),3756,0.007168048367150644,0.4299787007454739,0.5055058092489961,-0.07607239913996272,0.009447980640410239,-8.051709887570176,8.881784197001252e-16,0.007380073800738007,volume and flow
2023,30,volume climax at a new 1h low (hour's largest volume),3896,0.007435228018748378,0.5924024640657084,0.5055058092489961,0.08754759111917543,0.009458695590395262,9.255778482613898,0.0,0.0036900369003690036,volume and flow
2023,30,"absorption: heavy taker selling in the last 5 minutes, price did not fall",7651,0.01460136795981618,0.5052934256959875,0.5055058092489961,-0.0002155305945259478,0.00885282087328468,-0.024345979390180416,0.9805766377368459,1.0,volume and flow
2023,30,"absorption: heavy taker buying in the last 5 minutes, price did not rise",2736,0.0052214537626528645,0.4791666666666667,0.5055058092489961,-0.026477393065979127,0.013905650719698516,-1.9040743651407617,0.05690049977494782,1.0,volume and flow
2023,30,delta divergence: new 4h high with net taker selling over the hour,2077,0.003963800974060672,0.4366875300914781,0.5055058092489961,-0.06909214667581165,0.022297619317520844,-3.0986333425076005,0.0019441546108589502,0.7970479704797048,volume and flow
2023,30,taker buying above 70% of the last minute,75588,0.14425411074978245,0.4952373392602,0.5055058092489961,-0.011999438288617548,0.0029487308934575264,-4.069356859671802,4.714309243003534e-05,0.2029520295202952,volume and flow
2023,30,taker selling above 70% of the last minute,101372,0.19346096886975372,0.5063725683620723,0.5055058092489961,0.0010746648080521837,0.0029188410732208,0.368182021937338,0.7127375146750661,1.0,volume and flow
2023,30,bullish engulfing,40559,0.07740385349394648,0.49951921891565376,0.5055058092489961,-0.0064888525234081396,0.00243016648414379,-2.6701267447091506,0.007582261997921558,0.988929889298893,candles
2023,30,bearish engulfing,39966,0.07627215682682179,0.51383676124706,0.5055058092489961,0.009018838242923821,0.002513560653795457,3.5880726527547466,0.00033313147097402407,0.42435424354243545,candles
2023,30,pin bar at a new 1h high (long upper wick),2945,0.005620314813966625,0.4407470288624788,0.5055058092489961,-0.06512480227751433,0.010750508491567229,-6.057834597181953,1.3796614961592013e-09,0.03690036900369004,candles
2023,30,pin bar at a new 1h low (long lower wick),3278,0.0062558206995526645,0.5790115924344112,0.5055058092489961,0.07396851696495965,0.010324174353125241,7.164593936034078,7.8026474170656e-13,0.007380073800738007,candles
2023,30,inside bar (last minute inside the previous one),130896,0.24980534053955022,0.5063027136046938,0.5055058092489961,0.0010622634347607907,0.002290052611713802,0.4638598385588298,0.642748168310683,1.0,candles
2023,30,doji at a new 1h high,2445,0.004666101772546146,0.44212678936605315,0.5055058092489961,-0.06367613922906862,0.01449114920089626,-4.3941400606882395,1.1121210030662354e-05,0.18081180811808117,candles
2023,30,doji at a new 1h low,2293,0.00437602100795432,0.5560401221107719,0.5055058092489961,0.05075642403966196,0.01601245769286543,3.1698084712053407,0.0015253944895543547,0.7306273062730627,candles
2023,30,squeeze: last hour's range under 40% of the previous day's median hourly range,15760,0.03007679506557352,0.4991751269035533,0.5055058092489961,-0.006526993387967084,0.015059298498580757,-0.4334194842198135,0.6647100480314709,1.0,volatility
2024,1,failed breakout above the 1h high,49479,0.09388091985428051,0.5070838133349502,0.5122533394049787,-0.0057051288106605424,0.002346695544275573,-2.431132928418169,0.015051691249946542,1.0,levels
2024,1,failed breakdown below the 1h low,48253,0.09155472070431087,0.5176258470975897,0.5122533394049787,0.005913958512477779,0.002627135458016763,2.2511052844386845,0.024378869808986625,1.0,levels
2024,1,wick rejection at the 1h high,13531,0.025673573163327263,0.4976720124159338,0.5122533394049787,-0.01496554602997463,0.004621327098426075,-3.238365454605361,0.0012021670867319312,0.6752767527675276,levels
2024,1,wick rejection at the 1h low,12529,0.02377238919247116,0.514965280549126,0.5122533394049787,0.0027779803747857157,0.004337732133710216,0.6404222965260906,0.5218980911614202,1.0,levels
2024,1,failed breakout above the 4h high,21675,0.041125910746812384,0.49633217993079587,0.5122533394049787,-0.016604014700807024,0.003241114918258414,-5.12293303988402,3.008191991060727e-07,0.12177121771217712,levels
2024,1,failed breakdown below the 4h low,19653,0.037289389799635704,0.5133058566122221,0.5122533394049787,0.0010932851431068036,0.00358603128882208,0.3048732861073055,0.7604626623747115,1.0,levels
2024,1,wick rejection at the 4h high,5615,0.010653840315725562,0.5024042742653606,0.5122533394049787,-0.009955125456555303,0.007156139745067665,-1.3911306669796135,0.16418580694338436,1.0,levels
2024,1,wick rejection at the 4h low,4923,0.00934084699453552,0.5185862279098111,0.5122533394049787,0.006392600810904203,0.006650844929638932,0.9611712314049173,0.336466078827208,1.0,levels
2024,1,failed breakout above the daily high,7081,0.013435412871888281,0.4949865838158452,0.5122533394049787,-0.017501900853138352,0.005545254527198658,-3.156194322062964,0.0015984233109540558,0.7490774907749077,levels
2024,1,failed breakdown below the daily low,5726,0.01086445051608986,0.5125742228431714,0.5122533394049787,0.00032440795233790176,0.006729891804816735,0.04820403681760763,0.9615536330143954,1.0,levels
2024,1,wick rejection at the daily high,1928,0.003658166363084396,0.5145228215767634,0.5122533394049787,0.002277814797257305,0.012219179408721382,0.1864130741571341,0.8521208404327076,1.0,levels
2024,1,wick rejection at the daily low,1413,0.002681010928961749,0.5109695682944091,0.5122533394049787,-0.001287222167268065,0.012307382977331107,-0.10458942974627439,0.916701602541591,1.0,levels
2024,1,"liquidity sweep of the 1h low (took it out, closed back above)",9928,0.018837279902853672,0.5106768734891217,0.5122533394049787,-0.0016067323834938474,0.004799249440733608,-0.33478826290142655,0.7377848149589503,1.0,levels
2024,1,"liquidity sweep of the 1h high (took it out, closed back below)",10306,0.019554493017607772,0.4953425189210169,0.5122533394049787,-0.017248098301770876,0.005188305518698916,-3.324418394330838,0.0008860315989900336,0.6309963099630996,levels
2024,1,retest from above of a 4h high broken in the last hour,9519,0.01806124772313297,0.5107679378085933,0.5122533394049787,-0.001512723266029803,0.005881015776120178,-0.2572214263005729,0.797007844546429,1.0,levels
2024,1,retest from below of a 4h low broken in the last hour,7883,0.014957119004250152,0.5208676899657491,0.5122533394049787,0.008745152852698501,0.006229770350326653,1.4037680943150588,0.16038791775122352,1.0,levels
2024,1,acceptance above the 4h high (last 5 closes all above it),18747,0.03557035519125683,0.4942657491865365,0.5122533394049787,-0.01865101338937941,0.004099584809241975,-4.549488364610277,5.377650726057226e-06,0.16974169741697417,levels
2024,1,acceptance below the 4h low (last 5 closes all below it),14665,0.027825212507589556,0.5152403682236618,0.5122533394049787,0.003072522407609135,0.004058058917017199,0.75714090663512,0.4489654488745849,1.0,levels
2024,1,"support held (4h low tested within 3 bp, no close below, price now 3+ bp above)",13799,0.026182073466909532,0.5249655772157402,0.5122533394049787,0.013054019097819003,0.0048447819395205215,2.694449257113713,0.0070505061192416285,0.985239852398524,levels
2024,1,"resistance held (4h high tested within 3 bp, no close above, price now 3+ bp below)",16060,0.030472070431086823,0.5158779576587795,0.5122533394049787,0.003738539286240461,0.004167269836294675,0.8971195610324528,0.36965512185406,1.0,levels
2024,1,"resistance flipped to support (4h high broken, retested within 5 bp, last 3 closes above)",1407,0.0026696265938069216,0.5223880597014925,0.5122533394049787,0.010161848637879611,0.013956561323758599,0.7281054696890734,0.4665490258512546,1.0,levels
2024,1,"support flipped to resistance (4h low broken, retested within 5 bp, last 3 closes below)",927,0.001758879781420765,0.5210355987055016,0.5122533394049787,0.008797733456020973,0.01527814643083419,0.5758377494187045,0.564724855261945,1.0,levels
2024,1,"repeated rejection at the 4h high (2+ touches in 30 minutes, no close above)",9545,0.01811057984213722,0.5308538501833421,0.5122533394049787,0.018943590180830028,0.0055727558945771714,3.399321725048816,0.000675532026929826,0.5535055350553506,levels
2024,1,"repeated rejection at the 4h low (2+ touches in 30 minutes, no close below)",7906,0.015000758955676988,0.5159372628383506,0.5122533394049787,0.0037400266719658237,0.006022491489967317,0.6210098724416994,0.534593127530786,1.0,levels
2024,1,rejecting the ups (3+ up-minutes undone by the next minute in the last 15),97199,0.18442433211900425,0.5103138921182316,0.5122533394049787,-0.002378010236359973,0.001948690985626555,-1.2203116111790195,0.22234676981481405,1.0,levels
2024,1,rejecting the downs (3+ down-minutes undone by the next minute in the last 15),99919,0.1895852307225258,0.5066804111330178,0.5122533394049787,-0.006876637103898742,0.002044477575472989,-3.363517989336633,0.0007695582063780293,0.5977859778597786,levels
2024,1,lower highs (three successive 10-minute highs declining),149334,0.2833447176684882,0.519700804907121,0.5122533394049787,0.010391977406366437,0.0015446225119035548,6.727842774711098,1.7219781156541103e-11,0.01107011070110701,levels
2024,1,higher lows (three successive 10-minute lows rising),154875,0.29385815118397085,0.5036319612590799,0.5122533394049787,-0.012209130729688433,0.0016170300582460473,-7.550342473492037,4.3520742565306136e-14,0.007380073800738007,levels
2024,1,approaching the previous day's high from below (within 10 bp),6492,0.012317850637522769,0.5035428219346888,0.5122533394049787,-0.008819150448261426,0.007228100722543792,-1.2201200269325654,0.22241937765929576,1.0,levels
2024,1,approaching the previous day's low from above (within 10 bp),4673,0.008866499696417729,0.49497111063556604,0.5122533394049787,-0.017436832438939065,0.008350265500442417,-2.0881770092238647,0.03678187040423975,1.0,levels
2024,1,broke above the previous day's high in the last 5 minutes,3104,0.00588949605343048,0.523840206185567,0.5122533394049787,0.011655511871757729,0.008313100472610382,1.4020655602755878,0.16089567017995599,1.0,levels
2024,1,broke below the previous day's low in the last 5 minutes,2682,0.00508879781420765,0.5011185682326622,0.5122533394049787,-0.011191723590862956,0.009691886401929693,-1.154751833310246,0.24819206676722816,1.0,levels
2024,1,crossed above the daily open in the last 5 minutes,10043,0.019055479659987856,0.5094095389823757,0.5122533394049787,-0.0028990430790288846,0.005045467087137054,-0.5745836864974748,0.5655728876383914,1.0,levels
2024,1,crossed below the daily open in the last 5 minutes,10069,0.019104811778992106,0.5010428046479293,0.5122533394049787,-0.011428881384749512,0.005131072141137564,-2.227386610513669,0.02592144650761008,1.0,levels
2024,1,range breakout upward (prior hour under 15 bp),1176,0.002231329690346084,0.6284013605442177,0.5122533394049787,0.11640776524201024,0.014535970471136741,8.008255484087188,1.1102230246251565e-15,0.007380073800738007,levels
2024,1,range breakdown downward (prior hour under 15 bp),1146,0.002174408014571949,0.518324607329843,0.5122533394049787,0.006084498106311287,0.018919180514031495,0.3216047387358396,0.7477521534308131,1.0,levels
2024,1,reclaimed the session VWAP in the last 5 minutes after 30+ minutes below,4326,0.008208105646630237,0.4960702727693019,0.5122533394049787,-0.01631699828140659,0.007670800522412255,-2.1271571635492545,0.033407026981987054,1.0,levels
2024,1,lost the session VWAP in the last 5 minutes after 30+ minutes above,4610,0.008746964177292047,0.5093275488069414,0.5122533394049787,-0.0029516082093095086,0.007048774573576998,-0.4187406163298075,0.6754057085025904,1.0,levels
2024,1,"approaching a $1,000 level from below (within 10 bp, rising)",18939,0.03593465391621129,0.5072073499128782,0.5122533394049787,-0.005234074134702893,0.004129615011085729,-1.2674484475313808,0.20499498593759546,1.0,round numbers
2024,1,"approaching a $1,000 level from above (within 10 bp, falling)",16835,0.03194254705525197,0.4960498960498961,0.5122533394049787,-0.01673810093170941,0.003803676713905012,-4.40050566614148,1.0799890731272299e-05,0.17712177121771217,round numbers
2024,1,"crossed a $1,000 level upward in the last 3 minutes",14841,0.028159153005464482,0.508388922579341,0.5122533394049787,-0.003976388559493671,0.004392699540875954,-0.9052266203257631,0.36534534183583367,1.0,round numbers
2024,1,"crossed a $1,000 level downward in the last 3 minutes",14681,0.027855570734669096,0.5118179960493154,0.5122533394049787,-0.00044781756965095454,0.004218634901859744,-0.10615224594418886,0.9154615590054338,1.0,round numbers
2024,1,"approaching a $100 level from below (within 10 bp, rising)",172740,0.32775500910746813,0.5153293967812898,0.5122533394049787,0.004575798136073783,0.0015459250349373005,2.9599094604605893,0.0030772946542252377,0.9077490774907749,round numbers
2024,1,"approaching a $100 level from above (within 10 bp, falling)",171275,0.3249753339404979,0.5070500656838418,0.5122533394049787,-0.00770827198287638,0.0016164314945334775,-4.7686969778456865,1.8542131754450963e-06,0.15498154981549817,round numbers
2024,1,crossed a $100 level upward in the last 3 minutes,115924,0.2199529447480267,0.5028380663193126,0.5122533394049787,-0.012070134772350083,0.0019678013008526955,-6.133817864191778,8.579474908287921e-10,0.02952029520295203,round numbers
2024,1,crossed a $100 level downward in the last 3 minutes,113847,0.21601206739526413,0.5133556439783218,0.5122533394049787,0.0014060223729218668,0.002134109387456433,0.65883331997225,0.5100028082789554,1.0,round numbers
2024,1,10 minutes before funding settlement (00:00 UTC),3660,0.006944444444444444,0.5117486338797814,0.5122533394049787,-0.000508234934464391,0.008150963764864119,-0.06235274123720309,0.9502819287145756,1.0,time
2024,1,10 minutes after funding settlement (00:00 UTC),3660,0.006944444444444444,0.510655737704918,0.5122533394049787,-0.0016087737399212987,0.008440428924847917,-0.1906033158084186,0.8488363921821116,1.0,time
2024,1,10 minutes before funding settlement (08:00 UTC),3660,0.006944444444444444,0.5098360655737705,0.5122533394049787,-0.002434177844013896,0.008641346993316125,-0.2816896307828715,0.7781815060961708,1.0,time
2024,1,10 minutes after funding settlement (08:00 UTC),3660,0.006944444444444444,0.5103825136612021,0.5122533394049787,-0.0018839084412854978,0.008638741373550442,-0.21807672666918015,0.8273693304404268,1.0,time
2024,1,10 minutes before funding settlement (16:00 UTC),3660,0.006944444444444444,0.5103825136612021,0.5122533394049787,-0.0018839084412854978,0.007857686314070833,-0.23975358215967024,0.8105212935497588,1.0,time
2024,1,10 minutes after funding settlement (16:00 UTC),3660,0.006944444444444444,0.5155737704918033,0.5122533394049787,0.003343650884634508,0.008546370702948024,0.3912363505927884,0.6956225414518677,1.0,time
2024,1,10 minutes after the US equity open (13:30 UTC),3660,0.006944444444444444,0.48633879781420764,0.5122533394049787,-0.02609576216133591,0.008390769877916078,-3.110055756625878,0.0018705203135420678,0.7933579335793358,time
2024,1,10 minutes after the US equity close (20:00 UTC),3660,0.006944444444444444,0.5076502732240438,0.5122533394049787,-0.004635255454927489,0.008204693086622292,-0.564951717997258,0.5721066048820598,1.0,time
2024,1,10 minutes after the London open (07:00 UTC),3660,0.006944444444444444,0.5191256830601093,0.5122533394049787,0.006920402002369208,0.009048233959732904,0.764834555910786,0.44437006789170286,1.0,time
2024,1,last 5 minutes of the hour,43920,0.08333333333333333,0.5154143897996357,0.5122533394049787,0.0034484186123530103,0.0024746238204981456,1.393512251756648,0.16346494274785273,1.0,time
2024,1,first 5 minutes of the hour,43920,0.08333333333333333,0.5086293260473589,0.5122533394049787,-0.003953469117403463,0.0026130209366748407,-1.512987922107654,0.13028272680712427,1.0,time
2024,1,last 5 minutes of a 4-hour block,10980,0.020833333333333332,0.5091985428051001,0.5122533394049787,-0.0031197922722164817,0.004906835458691461,-0.6358053573388943,0.5249032951980195,1.0,time
2024,1,first 5 minutes of a 4-hour block,10980,0.020833333333333332,0.5153005464480874,0.5122533394049787,0.0031120412355152283,0.005010547989474419,0.6210979801116855,0.5345351581909861,1.0,time
2024,1,last 5 minutes of the UTC day,1830,0.003472222222222222,0.4989071038251366,0.5122533394049787,-0.013392738142838145,0.01176416761296157,-1.1384348288341493,0.25493895764521657,1.0,time
2024,1,first 5 minutes of the UTC day,1830,0.003472222222222222,0.5010928961748634,0.5122533394049787,-0.011199329791892754,0.011327453596649344,-0.9886890903005342,0.3228152821619661,1.0,time
2024,1,Saturday or Sunday,149760,0.28415300546448086,0.5265491452991453,0.5122533394049787,0.01997047693612586,0.0030862215878350555,6.470849991732087,9.745315665554699e-11,0.025830258302583026,time
2024,1,first hour of the week (Monday 00:00 to 01:00 UTC),3180,0.006033697632058288,0.5015723270440252,0.5122533394049787,-0.010745849568046695,0.009312996644345258,-1.1538551959611676,0.24855954050113604,1.0,time
2024,1,volume climax at a new 1h high (hour's largest volume),3507,0.006654143897996357,0.48902195608782434,0.5122533394049787,-0.023387003805821316,0.007835968099698463,-2.9845710840401805,0.002839762106109811,0.8966789667896679,volume and flow
2024,1,volume climax at a new 1h low (hour's largest volume),3829,0.00726510321797207,0.535910159310525,0.5122533394049787,0.02382994692966911,0.008013359368426905,2.9737773927324995,0.0029415839247743936,0.9040590405904059,volume and flow
2024,1,"absorption: heavy taker selling in the last 5 minutes, price did not fall",8410,0.015957043108682453,0.5302021403091558,0.5122533394049787,0.018239855057627707,0.005433133106210731,3.357152254704995,0.0007874973456982737,0.6051660516605166,volume and flow
2024,1,"absorption: heavy taker buying in the last 5 minutes, price did not rise",5116,0.009707043108682452,0.5105551211884285,0.5122533394049787,-0.001714864479983036,0.007809331317064566,-0.21959171795359722,0.8261891421027299,1.0,volume and flow
2024,1,delta divergence: new 4h high with net taker selling over the hour,1961,0.003720780206435944,0.5058643549209587,0.5122533394049787,-0.006412845271774215,0.011162946637205904,-0.5744760304058352,0.5656457161977801,1.0,volume and flow
2024,1,delta divergence: new 4h low with net taker buying over the hour,931,0.0017664693381906496,0.5456498388829216,0.5122533394049787,0.0334555977655866,0.01720850497534169,1.9441315682870532,0.05187958731555975,1.0,volume and flow
2024,1,taker buying above 70% of the last minute,98004,0.18595173041894353,0.5285090404473287,0.5122533394049787,0.019968964556261293,0.00254851117924884,7.83554128341985,4.6629367034256575e-15,0.007380073800738007,volume and flow
2024,1,taker selling above 70% of the last minute,113077,0.21455107771706133,0.5068404715370942,0.5122533394049787,-0.006891432038829248,0.0021895590808421457,-3.14740629706081,0.0016472589364939783,0.7564575645756457,volume and flow
2024,1,bullish engulfing,46362,0.0879667577413479,0.5195634355722358,0.5122533394049787,0.008015164172255007,0.002701556120118657,2.9668693952221012,0.0030084872552140762,0.9077490774907749,candles
2024,1,bearish engulfing,44371,0.08418905585913783,0.4966982939307205,0.5122533394049787,-0.016984996274368225,0.002845085506570075,-5.969942286495522,2.3733752740895397e-09,0.04059040590405904,candles
2024,1,pin bar at a new 1h high (long upper wick),2854,0.00541514875531269,0.4712683952347582,0.5122533394049787,-0.04120809211896742,0.009519263918016697,-4.328915814695993,1.4984519537408758e-05,0.18450184501845018,candles
2024,1,pin bar at a new 1h low (long lower wick),2884,0.005472070431086824,0.5298196948682385,0.5122533394049787,0.01766300869084103,0.009495439479648643,1.8601570499920252,0.06286330965013476,1.0,candles
2024,1,inside bar (last minute inside the previous one),110363,0.2094015634486946,0.5206636282087294,0.5122533394049787,0.01063787684736317,0.0021951377223816348,4.846109079580441,1.2590630940056968e-06,0.15498154981549817,candles
2024,1,doji at a new 1h high,2161,0.004100258044930176,0.4988431281813975,0.5122533394049787,-0.013465422932287752,0.012004584341880285,-1.1216900601306996,0.2619942442787684,1.0,candles
2024,1,doji at a new 1h low,1946,0.0036923193685488766,0.5113052415210688,0.5122533394049787,-0.0009516115376215772,0.011559754792175629,-0.08232108333869573,0.9343913892400384,1.0,candles
2024,1,squeeze: last hour's range under 40% of the previous day's median hourly range,12574,0.02385777170613236,0.5434229362175919,0.5122533394049787,0.0319314090807159,0.006640869507290325,4.80831750204724,1.5220589033582144e-06,0.15498154981549817,volatility
2024,3,failed breakout above the 1h high,49479,0.09388127611291786,0.4950989308595566,0.5045803148919054,-0.01046373260192146,0.0032401208490807766,-3.229426644654327,0.0012403869763133457,0.6863468634686347,levels
2024,3,failed breakdown below the 1h low,48253,0.09155506813550446,0.5099786541769423,0.5045803148919054,0.005942395731084571,0.003574878596694421,1.6622650449107053,0.0964596432104774,1.0,levels
2024,3,wick rejection at the 1h high,13531,0.025673670589217476,0.48340846944054394,0.5045803148919054,-0.02172972731237277,0.005085261531138197,-4.273079600590211,1.9279159275686908e-05,0.1918819188191882,levels
2024,3,wick rejection at the 1h low,12529,0.023772479403762158,0.5254210232261154,0.5045803148919054,0.021348208173317507,0.004787246799364307,4.459391601902018,8.219262892961154e-06,0.16974169741697417,levels
2024,3,failed breakout above the 4h high,21675,0.04112606681112178,0.4827681660899654,0.5045803148919054,-0.022747671040968198,0.00443306945331109,-5.131359046039265,2.876575972976525e-07,0.12177121771217712,levels
2024,3,failed breakdown below the 4h low,19653,0.037289531305143085,0.5147814583015315,0.5045803148919054,0.010596273481325968,0.005080645354819049,2.0856156533884587,0.03701345226846309,1.0,levels
2024,3,wick rejection at the 4h high,5615,0.010653880744841929,0.48619768477292963,0.5045803148919054,-0.01858058546064273,0.00778329222078153,-2.387239863747147,0.01697541163990479,1.0,levels
2024,3,wick rejection at the 4h low,4923,0.009340882441114303,0.5309770465163518,0.5045803148919054,0.02664562527773584,0.007830856150804954,3.402645223536237,0.0006673687760425651,0.5498154981549815,levels
2024,3,failed breakout above the daily high,7081,0.013435463856496115,0.48185284564327074,0.5045803148919054,-0.023036981784766597,0.008027762321661833,-2.8696641556769076,0.0041090798052161315,0.9630996309963099,levels
2024,3,failed breakdown below the daily low,5726,0.010864491744428295,0.5316101990918617,0.5045803148919054,0.027326775729268893,0.007998754952654738,3.4163786603062896,0.000634599378479539,0.5424354243542435,levels
2024,3,wick rejection at the daily high,1928,0.003658180245067718,0.504149377593361,0.5045803148919054,-0.0004325195329554221,0.01262514179469684,-0.03425858814014278,0.9726709473469763,1.0,levels
2024,3,wick rejection at the daily low,1413,0.0026810211028426793,0.5428167020523709,0.5045803148919054,0.03833917529850639,0.014747522102475567,2.599702853950675,0.009330451417642438,0.992619926199262,levels
2024,3,"liquidity sweep of the 1h low (took it out, closed back above)",9928,0.018837351386427545,0.5246776792908945,0.5045803148919054,0.020483213896684394,0.005243769431120713,3.906200332745497,9.37587896834291e-05,0.25830258302583026,levels
2024,3,"liquidity sweep of the 1h high (took it out, closed back below)",10306,0.019554567222856797,0.48544537162817775,0.5045803148919054,-0.019516581569998526,0.005728362769562882,-3.40700866113055,0.0006567904281338244,0.5498154981549815,levels
2024,3,retest from above of a 4h high broken in the last hour,9519,0.018061316261825524,0.4903876457611094,0.5045803148919054,-0.014453722381896017,0.006657238907508427,-2.171128689041677,0.029921445942782343,1.0,levels
2024,3,retest from below of a 4h low broken in the last hour,7883,0.014957175763417438,0.5260687555499175,0.5045803148919054,0.021814727369508957,0.007518308160381546,2.9015473832881415,0.0037132461808322414,0.948339483394834,levels
2024,3,acceptance above the 4h high (last 5 closes all above it),18747,0.03557049017338408,0.48647783645383263,0.5045803148919054,-0.018770141574501575,0.005547273012434962,-3.3836700541736033,0.0007152389919611313,0.5682656826568265,levels
2024,3,acceptance below the 4h low (last 5 closes all below it),14665,0.02782531809850523,0.5290146607569042,0.5045803148919054,0.025133699035658097,0.005933286956958857,4.236049801397189,2.27486343284955e-05,0.1918819188191882,levels
2024,3,"support held (4h low tested within 3 bp, no close below, price now 3+ bp above)",13799,0.02618217282245303,0.5267048336836002,0.5045803148919054,0.022719361028560314,0.006557693670777824,3.464535272484833,0.000531148479725907,0.5129151291512916,levels
2024,3,"resistance held (4h high tested within 3 bp, no close above, price now 3+ bp below)",16060,0.03047218606627985,0.5058530510585305,0.5045803148919054,0.001312738168347427,0.005197386260232909,0.2525766034346271,0.8005954116657483,1.0,levels
2024,3,"resistance flipped to support (4h high broken, retested within 5 bp, last 3 closes above)",1407,0.0026696367244866594,0.509594882729211,0.5045803148919054,0.005027990746051758,0.018782150757267215,0.26770047855708545,0.7889298814187433,1.0,levels
2024,3,"support flipped to resistance (4h low broken, retested within 5 bp, last 3 closes below)",927,0.00175888645600507,0.4994606256742179,0.5045803148919054,-0.005128710036307105,0.019811143324443524,-0.2588800632207412,0.7957277811827888,1.0,levels
2024,3,"repeated rejection at the 4h high (2+ touches in 30 minutes, no close above)",9545,0.018110648568034942,0.5157674174960712,0.5045803148919054,0.011393445287751547,0.007208157829798341,1.5806320500712865,0.11396219320102885,1.0,levels
2024,3,"repeated rejection at the 4h low (2+ touches in 30 minutes, no close below)",7906,0.015000815880448848,0.5183405008854035,0.5045803148919054,0.013969743544303359,0.008150362711781753,1.714002681636414,0.08652823336910487,1.0,levels
2024,3,rejecting the ups (3+ up-minutes undone by the next minute in the last 15),97199,0.18442503197112922,0.51178510066976,0.5045803148919054,0.008833995721162946,0.002442690232768819,3.616502658689352,0.0002986102521158607,0.3874538745387454,levels
2024,3,rejecting the downs (3+ down-minutes undone by the next minute in the last 15),99919,0.18958595015919155,0.4981034638056826,0.5045803148919054,-0.007992027146487612,0.0025731069719591216,-3.1059832465506143,0.0018964746014966671,0.7933579335793358,levels
2024,3,lower highs (three successive 10-minute highs declining),149334,0.2833457929029785,0.5190914326275329,0.5045803148919054,0.020248423286885198,0.0022355493540057655,9.057470930177898,0.0,0.0036900369003690036,levels
2024,3,higher lows (three successive 10-minute lows rising),154875,0.2938592663147629,0.4894011299435028,0.5045803148919054,-0.021495976969328368,0.0021201591971743163,-10.138850421221932,0.0,0.0036900369003690036,levels
2024,3,approaching the previous day's high from below (within 10 bp),6492,0.0123178973812135,0.48305606900800985,0.5045803148919054,-0.021792685953127167,0.008731597677084106,-2.4958417415774448,0.012565864976515906,0.992619926199262,levels
2024,3,approaching the previous day's low from above (within 10 bp),4673,0.00886653334294681,0.4986090306013268,0.5045803148919054,-0.006024702516320812,0.010709689159932806,-0.5625469074173028,0.5737434537617161,1.0,levels
2024,3,broke above the previous day's high in the last 5 minutes,3104,0.005889518402847613,0.510631443298969,0.5045803148919054,0.006086977774685476,0.01242188587205606,0.4900204234188447,0.6241194467906261,1.0,levels
2024,3,broke below the previous day's low in the last 5 minutes,2682,0.005088817125140882,0.49589858314690527,0.5045803148919054,-0.008726137462756856,0.013408801991395925,-0.6507768157331422,0.5151905683020868,1.0,levels
2024,3,crossed above the daily open in the last 5 minutes,10043,0.01905555197158459,0.4969630588469581,0.5045803148919054,-0.007765226726403396,0.006448762683791073,-1.2041421133268322,0.22853465512216076,1.0,levels
2024,3,crossed below the daily open in the last 5 minutes,10069,0.019104884277794013,0.49627569768596685,0.5045803148919054,-0.00846636615151658,0.0067072817836678145,-1.262264867435885,0.2068534940813067,1.0,levels
2024,3,range breakout upward (prior hour under 15 bp),1176,0.0022313381577798944,0.5255102040816326,0.5045803148919054,0.02097669529035273,0.023177529327649923,0.9050444934753387,0.36544181615821025,1.0,levels
2024,3,range breakdown downward (prior hour under 15 bp),1146,0.002174416265999795,0.5026178010471204,0.5045803148919054,-0.0019667904659659285,0.019654509027738912,-0.10006815551536528,0.9202902166194771,1.0,levels
2024,3,reclaimed the session VWAP in the last 5 minutes after 30+ minutes below,4326,0.008208136794690325,0.49260286638927414,0.5045803148919054,-0.012076574679612706,0.01028201989668039,-1.1745332921901561,0.24018148501136838,1.0,levels
2024,3,lost the session VWAP in the last 5 minutes after 30+ minutes above,4610,0.0087469973702086,0.5080260303687636,0.5045803148919054,0.0034761210989694424,0.010174329717580685,0.3416560299754091,0.7326097658719273,1.0,levels
2024,3,"approaching a $1,000 level from below (within 10 bp, rising)",18939,0.035934790280776716,0.4992871851734516,0.5045803148919054,-0.005490427063533754,0.004792044583192379,-1.145737892921715,0.25190361992357047,1.0,round numbers
2024,3,"approaching a $1,000 level from above (within 10 bp, falling)",16835,0.031942668270599085,0.49183249183249184,0.5045803148919054,-0.013168458769523494,0.00501371342881609,-2.626488122324339,0.008627100333088444,0.992619926199262,round numbers
2024,3,"crossed a $1,000 level upward in the last 3 minutes",14841,0.028159259863615147,0.5033353547604609,0.5045803148919054,-0.0012810330746885201,0.005668207501661243,-0.22600320724198505,0.8211989258445551,1.0,round numbers
2024,3,"crossed a $1,000 level downward in the last 3 minutes",14681,0.02785567644078795,0.5183570601457667,0.5045803148919054,0.014171502029062921,0.0053111513214126336,2.668254239326334,0.007624653723461883,0.988929889298893,round numbers
2024,3,"approaching a $100 level from below (within 10 bp, rising)",172740,0.327756252869812,0.5044228320018525,0.5045803148919054,-0.00023426456657305028,0.001954991499016254,-0.11982894385521957,0.904618653257014,1.0,round numbers
2024,3,"approaching a $100 level from above (within 10 bp, falling)",171274,0.32497466975815786,0.5046533624484744,0.5045803148919054,0.00010821454143483678,0.0020955197426519383,0.05164090761458934,0.958814823245375,1.0,round numbers
2024,3,crossed a $100 level upward in the last 3 minutes,115924,0.21995377942387456,0.4963251785652669,0.5045803148919054,-0.010582880999719935,0.0024011670112523017,-4.407390635522913,1.0462339746775129e-05,0.17712177121771217,round numbers
2024,3,crossed a $100 level downward in the last 3 minutes,113847,0.216012887116299,0.5133117253858248,0.5045803148919054,0.011137186250170794,0.002313916860182473,4.813131552744089,1.4858340942058845e-06,0.15498154981549817,round numbers
2024,3,10 minutes before funding settlement (00:00 UTC),3658,0.006940676004386781,0.4972662657189721,0.5045803148919054,-0.007365168420658763,0.010524450446944429,-0.699815012459591,0.48404283809985893,1.0,time
2024,3,10 minutes after funding settlement (00:00 UTC),3660,0.00694447079717212,0.5024590163934426,0.5045803148919054,-0.0021361328103832733,0.012600853382435929,-0.16952286845594006,0.8653853862453791,1.0,time
2024,3,10 minutes before funding settlement (08:00 UTC),3660,0.00694447079717212,0.5109289617486339,0.5045803148919054,0.00639304315824607,0.01115701339707378,0.5730066757760471,0.566640173907178,1.0,time
2024,3,10 minutes after funding settlement (08:00 UTC),3660,0.00694447079717212,0.49398907103825135,0.5045803148919054,-0.010665308779012672,0.012917776052074283,-0.8256304131623401,0.40901377735061883,1.0,time
2024,3,10 minutes before funding settlement (16:00 UTC),3660,0.00694447079717212,0.5163934426229508,0.5045803148919054,0.011895737331555356,0.011019260561037744,1.0795404342843735,0.28034687879424447,1.0,time
2024,3,10 minutes after funding settlement (16:00 UTC),3660,0.00694447079717212,0.5016393442622951,0.5045803148919054,-0.002961536936379683,0.011535968754088003,-0.2567219970433955,0.797393389334544,1.0,time
2024,3,10 minutes after the US equity open (13:30 UTC),3660,0.00694447079717212,0.4745901639344262,0.5045803148919054,-0.030199873094260532,0.01244189456371315,-2.427272867456908,0.015212809180671139,1.0,time
2024,3,10 minutes after the US equity close (20:00 UTC),3660,0.00694447079717212,0.5117486338797814,0.5045803148919054,0.00721844728424248,0.012287894739981998,0.5874437759265062,0.5569057007116178,1.0,time
2024,3,10 minutes after the London open (07:00 UTC),3660,0.00694447079717212,0.5109289617486339,0.5045803148919054,0.00639304315824607,0.012299147978359388,0.5197956126306281,0.6032060375992232,1.0,time
2024,3,last 5 minutes of the hour,43918,0.0833298547732801,0.507810009563277,0.5045803148919054,0.0035232899077048963,0.003268721738823275,1.0778800366694,0.28108729551203604,1.0,time
2024,3,first 5 minutes of the hour,43920,0.08333364956606544,0.5021630236794171,0.5045803148919054,-0.0026370458688091958,0.0036973388097846075,-0.7132280822711023,0.4757046316835809,1.0,time
2024,3,last 5 minutes of a 4-hour block,10978,0.02082961759873102,0.5065585716888322,0.5045803148919054,0.002020339700303797,0.0063986970777564515,0.3157423575069724,0.7521980734222886,1.0,time
2024,3,first 5 minutes of a 4-hour block,10980,0.02083341239151636,0.5095628415300546,0.5045803148919054,0.005088538254066188,0.007408170412705235,0.686881911536375,0.49215714649177755,1.0,time
2024,3,last 5 minutes of the UTC day,1828,0.00346844060580072,0.4885120350109409,0.5045803148919054,-0.016124205730857544,0.014390067050188303,-1.120509423244595,0.262496739260214,1.0,time
2024,3,first 5 minutes of the UTC day,1830,0.00347223539858606,0.4907103825136612,0.5045803148919054,-0.013918259852791659,0.01654752061215662,-0.8411084765512619,0.4002871668269494,1.0,time
2024,3,Saturday or Sunday,149760,0.28415408376625595,0.5070579594017094,0.5045803148919054,0.0034611422006003423,0.002140360323803964,1.6170838910193464,0.10586017361467559,1.0,time
2024,3,first hour of the week (Monday 00:00 to 01:00 UTC),3180,0.006033720528690531,0.48962264150943396,0.5045803148919054,-0.015048471654820428,0.014005879193775989,-1.0744396297169085,0.2826256887143028,1.0,time
2024,3,volume climax at a new 1h high (hour's largest volume),3507,0.006654169149093614,0.4756201881950385,0.5045803148919054,-0.02915412316379218,0.009183984714617675,-3.1744524919982786,0.001501194632772318,0.7269372693726938,volume and flow
2024,3,volume climax at a new 1h low (hour's largest volume),3829,0.0072651307875333465,0.5557586837294333,0.5045803148919054,0.051552907452649066,0.008081534870609374,6.379098559623218,1.7813328589966204e-10,0.02952029520295203,volume and flow
2024,3,"absorption: heavy taker selling in the last 5 minutes, price did not fall",8410,0.01595710366235452,0.5179548156956004,0.5045803148919054,0.0135913798610523,0.006189820555826072,2.1957631466811467,0.02810890074115191,1.0,volume and flow
2024,3,"absorption: heavy taker buying in the last 5 minutes, price did not rise",5116,0.009707079944899609,0.48964034401876466,0.5045803148919054,-0.015086415918543983,0.00823399675722978,-1.8322105732307346,0.066920054210863,1.0,volume and flow
2024,3,delta divergence: new 4h high with net taker selling over the hour,1961,0.0037207943260258274,0.48801631820499747,0.5045803148919054,-0.01662585808533712,0.014690760961882737,-1.1317220481958195,0.2577513090304633,1.0,volume and flow
2024,3,delta divergence: new 4h low with net taker buying over the hour,931,0.0017664760415757497,0.5445757250268528,0.5045803148919054,0.040066186092757694,0.01933296473904459,2.072428447140369,0.038225502720192095,1.0,volume and flow
2024,3,taker buying above 70% of the last minute,98004,0.18595243606722855,0.5044590016734011,0.5045803148919054,-0.00014902473010069972,0.002117668363448724,-0.07037208123466786,0.9438975120904951,1.0,volume and flow
2024,3,taker selling above 70% of the last minute,113077,0.21455189189394314,0.507512579923415,0.5045803148919054,0.0037332383912417333,0.001958885199079944,1.905797436723282,0.05667649164173727,1.0,volume and flow
2024,3,bullish engulfing,46362,0.08796709155696553,0.5065355247832276,0.5045803148919054,0.0021437931386271147,0.002429347434091588,0.8824563784260644,0.3775300592374129,1.0,candles
2024,3,bearish engulfing,44371,0.0841893753391596,0.49974082170787226,0.5045803148919054,-0.005284382004003607,0.00266431318467855,-1.9833937070131524,0.047323469509809035,1.0,candles
2024,3,pin bar at a new 1h high (long upper wick),2854,0.005415169304680118,0.460406447091801,0.5045803148919054,-0.04441437918294222,0.009194913013048747,-4.830320756695858,1.3631327810958993e-06,0.15498154981549817,candles
2024,3,pin bar at a new 1h low (long lower wick),2884,0.005472091196460217,0.558252427184466,0.5045803148919054,0.053967426974603994,0.009682480537560696,5.573719127578023,2.4935765230438278e-08,0.07011070110701106,candles
2024,3,inside bar (last minute inside the previous one),110363,0.20940235808423682,0.5061207107454491,0.5045803148919054,0.0019483941917801673,0.0016319878706541127,1.1938778631971305,0.23252574796586734,1.0,candles
2024,3,doji at a new 1h high,2161,0.004100273604559823,0.4835724201758445,0.5045803148919054,-0.02109438747623399,0.011690156190911414,-1.8044572828405796,0.07115964999269475,1.0,candles
2024,3,doji at a new 1h low,1946,0.003692333380135778,0.540082219938335,0.5045803148919054,0.035633475718274576,0.011344899670536817,3.14092471093563,0.001684153210941064,0.7601476014760148,candles
2024,3,squeeze: last hour's range under 40% of the previous day's median hourly range,12574,0.023857862241432305,0.5072371560362653,0.5045803148919054,0.0027217769232467104,0.007069999613105741,0.3849755406211509,0.7002555373116619,1.0,volatility
2024,5,failed breakout above the 1h high,49479,0.09388163237425906,0.49429050708381334,0.5037986019930327,-0.010493215068725525,0.003765839113028322,-2.786421499639517,0.005329352438972146,0.981549815498155,levels
2024,5,failed breakdown below the 1h low,48253,0.09155541556933493,0.5087352081735851,0.5037986019930327,0.005434130232221279,0.004024008303909625,1.35042719145028,0.1768789936117856,1.0,levels
2024,5,wick rejection at the 1h high,13531,0.025673768015847115,0.46737122163919886,0.5037986019930327,-0.03738725198812709,0.005223469381370458,-7.157551668909748,8.213429936176908e-13,0.007380073800738007,levels
2024,5,wick rejection at the 1h low,12529,0.023772569615737826,0.538031766302179,0.5037986019930327,0.03506679206470509,0.005056160083047572,6.935459219789729,4.048983370807946e-12,0.01107011070110701,levels
2024,5,failed breakout above the 4h high,21675,0.04112622287661564,0.48004613610149943,0.5037986019930327,-0.024771212289057043,0.005315561251874172,-4.660131097223864,3.1600804926146253e-06,0.15867158671586715,levels
2024,5,failed breakdown below the 4h low,19653,0.037289672811724434,0.518037958581387,0.5037986019930327,0.014790904580760267,0.005905297855165425,2.504683920019802,0.012256086578065428,0.992619926199262,levels
2024,5,wick rejection at the 4h high,5615,0.010653921174265136,0.4676758682101514,0.5037986019930327,-0.036511726842598735,0.008516245315388377,-4.287303323287799,1.8085526234390414e-05,0.18450184501845018,levels
2024,5,wick rejection at the 4h low,4923,0.009340917887962112,0.5551492992078001,0.5037986019930327,0.05183488259683655,0.008629095448638976,6.006989134071081,1.8900017106915357e-09,0.04059040590405904,levels
2024,5,failed breakout above the daily high,7081,0.013435514841490904,0.4807230617144471,0.5037986019930327,-0.023389794205776693,0.009460212695672265,-2.4724385125586816,0.013419479613747232,0.996309963099631,levels
2024,5,failed breakdown below the daily low,5726,0.010864532973079637,0.5385958784491792,0.5037986019930327,0.035179485132342814,0.010702835910161258,3.2869311860554133,0.0010128558097797224,0.6420664206642066,levels
2024,5,wick rejection at the daily high,1928,0.003658194127156399,0.47199170124481327,0.5037986019930327,-0.031923683780743395,0.014029454986335368,-2.275475691096834,0.02287740931454163,1.0,levels
2024,5,wick rejection at the daily low,1413,0.0026810312768008257,0.56758669497523,0.5037986019930327,0.06395957059140356,0.01649375834566338,3.8778045155621017,0.00010540335523567812,0.2656826568265683,levels
2024,5,"liquidity sweep of the 1h low (took it out, closed back above)",9928,0.01883742287054395,0.5414987912973409,0.5037986019930327,0.038423998410748506,0.00557168056624814,6.896303180679733,5.3372861685829776e-12,0.01107011070110701,levels
2024,5,"liquidity sweep of the 1h high (took it out, closed back below)",10306,0.019554641428669008,0.46807684843780323,0.5037986019930327,-0.03643421149678544,0.005554382819027975,-6.559542740188996,5.3973048252942135e-11,0.014760147601476014,levels
2024,5,retest from above of a 4h high broken in the last hour,9519,0.01806138480103826,0.4762054837693035,0.5037986019930327,-0.028100654966235594,0.007271248217524822,-3.8646260071975966,0.00011125954207713562,0.2730627306273063,levels
2024,5,retest from below of a 4h low broken in the last hour,7883,0.014957232523015505,0.5265761765825193,0.5037986019930327,0.023123437216667653,0.00841966803565846,2.7463597280482666,0.006026064898589478,0.985239852398524,levels
2024,5,acceptance above the 4h high (last 5 closes all above it),18747,0.0355706251565358,0.4741558649383901,0.5037986019930327,-0.0307360371094606,0.006649459528036994,-4.622336143240543,3.794425031955484e-06,0.16236162361623616,levels
2024,5,acceptance below the 4h low (last 5 closes all below it),14665,0.0278254236902223,0.545380156836004,0.5037986019930327,0.04277169538912273,0.006933893189204384,6.1684964307952495,6.894240733856805e-10,0.02952029520295203,levels
2024,5,"support held (4h low tested within 3 bp, no close below, price now 3+ bp above)",13799,0.026182272178750597,0.5364881513153127,0.5037986019930327,0.03356844755272348,0.007765893547125335,4.322547991293205,1.5423751911214367e-05,0.18450184501845018,levels
2024,5,"resistance held (4h high tested within 3 bp, no close above, price now 3+ bp below)",16060,0.030472301702350504,0.4930884184308842,0.5037986019930327,-0.011046805141260052,0.006543400820929346,-1.6882360478249134,0.09136592600467419,1.0,levels
2024,5,"resistance flipped to support (4h high broken, retested within 5 bp, last 3 closes above)",1407,0.002669646855243285,0.48116560056858565,0.5037986019930327,-0.02269358528303217,0.022561986020794504,-1.0058327871543036,0.3144960125331606,1.0,levels
2024,5,"support flipped to resistance (4h low broken, retested within 5 bp, last 3 closes below)",927,0.001758893130640032,0.4994606256742179,0.5037986019930327,-0.004345619799628775,0.023584602401638413,-0.18425664870767067,0.8538121209104472,1.0,levels
2024,5,"repeated rejection at the 4h high (2+ touches in 30 minutes, no close above)",9545,0.01811071729445427,0.5092718700890518,0.5037986019930327,0.005574221241052557,0.008755201241049395,0.6366753987238372,0.5243363013244482,1.0,levels
2024,5,"repeated rejection at the 4h low (2+ touches in 30 minutes, no close below)",7906,0.015000872805652744,0.5273210220086011,0.5037986019930327,0.02388065061800526,0.009679910814884502,2.467032090965623,0.013623814722820038,0.996309963099631,levels
2024,5,rejecting the ups (3+ up-minutes undone by the next minute in the last 15),97199,0.18442573182856578,0.5137089887756047,0.5037986019930327,0.012151421604793433,0.0028855658653858334,4.211105263808854,2.5412429103033318e-05,0.1918819188191882,levels
2024,5,rejecting the downs (3+ down-minutes undone by the next minute in the last 15),99919,0.18958666960131756,0.4960718181727199,0.5037986019930327,-0.009534374041591465,0.0030312818276902686,-3.145327483078776,0.001659010082349921,0.7564575645756457,levels
2024,5,lower highs (three successive 10-minute highs declining),149334,0.28334686814562954,0.523169539421699,0.5037986019930327,0.02702972549431709,0.0025908902139132033,10.432601639840309,0.0,0.0036900369003690036,levels
2024,5,higher lows (three successive 10-minute lows rising),154875,0.2938603814540183,0.4867473769168684,0.5037986019930327,-0.02414710154809696,0.00256005131582871,-9.432272470007245,0.0,0.0036900369003690036,levels
2024,5,approaching the previous day's high from below (within 10 bp),6492,0.012317944125258995,0.4852125693160813,0.5037986019930327,-0.018817829651152918,0.010327706044536866,-1.8220725464109373,0.06844397869864194,1.0,levels
2024,5,approaching the previous day's low from above (within 10 bp),4673,0.008866566989731251,0.4924031671303231,0.5037986019930327,-0.01149737712721427,0.013481161363082547,-0.8528476751787301,0.39374378162815793,1.0,levels
2024,5,broke above the previous day's high in the last 5 minutes,3104,0.005889540752434369,0.5070876288659794,0.5037986019930327,0.0033085124920987363,0.013835884783558156,0.23912547291738076,0.8110082901257387,1.0,levels
2024,5,broke below the previous day's low in the last 5 minutes,2682,0.005088836436220675,0.4966442953020134,0.5037986019930327,-0.007190900004973855,0.01692091599068295,-0.42497108365370595,0.6708577544161143,1.0,levels
2024,5,crossed above the daily open in the last 5 minutes,10043,0.019055624283730144,0.49835706462212487,0.5037986019930327,-0.005547243559997528,0.007810601677452911,-0.7102197486284464,0.4775678761664386,1.0,levels
2024,5,crossed below the daily open in the last 5 minutes,10069,0.019104956777146152,0.5023338961167941,0.5037986019930327,-0.001493234048187353,0.007857791055575774,-0.19003229248858378,0.8492838258283402,1.0,levels
2024,5,range breakout upward (prior hour under 15 bp),1176,0.0022313466252779695,0.47874149659863946,0.5037986019930327,-0.02511314151796956,0.024399857024364948,-1.0292331423455616,0.3033701318408424,1.0,levels
2024,5,range breakdown downward (prior hour under 15 bp),1146,0.0021744245174902662,0.5279232111692844,0.5037986019930327,0.02417718063057861,0.023276744748007838,1.038683926481938,0.2989517589926942,1.0,levels
2024,5,reclaimed the session VWAP in the last 5 minutes after 30+ minutes below,4326,0.008208167942986818,0.49006010171058717,0.5037986019930327,-0.013852201478561643,0.012280387998062558,-1.1279937963480524,0.2593225390987006,1.0,levels
2024,5,lost the session VWAP in the last 5 minutes after 30+ minutes above,4610,0.008747030563377075,0.5203904555314534,0.5037986019930327,0.016738263642075757,0.011318464981286738,1.4788457330344515,0.13918154978947306,1.0,levels
2024,5,"approaching a $1,000 level from below (within 10 bp, rising)",18939,0.0359349266463771,0.49141982153228786,0.5037986019930327,-0.012840191811620938,0.005545964889422767,-2.31523135606388,0.020600274109257022,1.0,round numbers
2024,5,"approaching a $1,000 level from above (within 10 bp, falling)",16835,0.03194278948686617,0.4909414909414909,0.5037986019930327,-0.013281354564495917,0.005918075855167756,-2.244201475197117,0.024819441172778012,1.0,round numbers
2024,5,"crossed a $1,000 level upward in the last 3 minutes",14841,0.028159366722576826,0.4996967859308672,0.5037986019930327,-0.004220667382812127,0.005874174082582592,-0.7185124791120426,0.4724413562117433,1.0,round numbers
2024,5,"crossed a $1,000 level downward in the last 3 minutes",14681,0.027855782147709073,0.5214903616919828,0.5037986019930327,0.018198698684888104,0.005760174105597302,3.159400801306333,0.0015809390941727841,0.7380073800738007,round numbers
2024,5,"approaching a $100 level from below (within 10 bp, rising)",172739,0.32775559923800274,0.4995339790087936,0.5037986019930327,-0.006343857947206599,0.002132758433221056,-2.974484990138155,0.002934808134978706,0.9040590405904059,round numbers
2024,5,"approaching a $100 level from above (within 10 bp, falling)",171273,0.32497400557077694,0.5074997226649851,0.5037986019930327,0.005482930587113022,0.0021905310666230507,2.5030143012605497,0.012314056811747909,0.992619926199262,round numbers
2024,5,crossed a $100 level upward in the last 3 minutes,115924,0.21995461410605727,0.49716193368068734,0.5037986019930327,-0.0085080540598797,0.0023509627656091055,-3.618965891055007,0.0002957826167637734,0.3874538745387454,round numbers
2024,5,crossed a $100 level downward in the last 3 minutes,113847,0.21601370684355528,0.512459704691384,0.5037986019930327,0.01104751801652093,0.002256637828114089,4.895565375571821,9.80234967862259e-07,0.15129151291512916,round numbers
2024,5,10 minutes before funding settlement (00:00 UTC),3656,0.006936907535728109,0.48304157549234134,0.5037986019930327,-0.020902021893878964,0.012772390472362855,-1.636500382532711,0.10173490570923649,1.0,time
2024,5,10 minutes after funding settlement (00:00 UTC),3660,0.006944497150099803,0.5133879781420765,0.5037986019930327,0.009656435236020444,0.015158426364645674,0.6370341487782899,0.5241026003148486,1.0,time
2024,5,10 minutes before funding settlement (08:00 UTC),3660,0.006944497150099803,0.507103825136612,0.5037986019930327,0.0033283367687846344,0.013480006550038982,0.24690913586944876,0.8049785457920453,1.0,time
2024,5,10 minutes after funding settlement (08:00 UTC),3660,0.006944497150099803,0.48989071038251364,0.5037986019930327,-0.014005150337121908,0.01571342508199445,-0.8912856531304557,0.3727759434425628,1.0,time
2024,5,10 minutes before funding settlement (16:00 UTC),3660,0.006944497150099803,0.5051912568306011,0.5037986019930327,0.0014023937570172285,0.013222172115691846,0.10606379532398401,0.9155317362160702,1.0,time
2024,5,10 minutes after funding settlement (16:00 UTC),3660,0.006944497150099803,0.4912568306010929,0.5037986019930327,-0.01262947675728815,0.014093677044603134,-0.8961094196581105,0.37019432664320595,1.0,time
2024,5,10 minutes after the US equity open (13:30 UTC),3660,0.006944497150099803,0.47978142076502733,0.5037986019930327,-0.024185134827892474,0.015113602017821203,-1.6002230837741112,0.10954910295382358,1.0,time
2024,5,10 minutes after the US equity close (20:00 UTC),3660,0.006944497150099803,0.5155737704918033,0.5037986019930327,0.01185751296375459,0.015224865636038488,0.7788254587736327,0.4360825385763243,1.0,time
2024,5,10 minutes after the London open (07:00 UTC),3660,0.006944497150099803,0.512568306010929,0.5037986019930327,0.008831031088120112,0.014954514420639062,0.5905261006624332,0.5548379924856799,1.0,time
2024,5,last 5 minutes of the hour,43916,0.08332637618682595,0.5027324892977503,0.5037986019930327,-0.001163023204319602,0.0039005781179170967,-0.2981668791549943,0.7655757992951697,1.0,time
2024,5,first 5 minutes of the hour,43920,0.08333396580119765,0.5051912568306011,0.5037986019930327,0.0015192608710385969,0.004053479243114746,0.3748041571001551,0.7078061223619239,1.0,time
2024,5,last 5 minutes of a 4-hour block,10976,0.020825901835927717,0.503097667638484,0.5037986019930327,-0.0007158424184862122,0.007538446903162226,-0.09495887252133205,0.9243474942217291,1.0,time
2024,5,first 5 minutes of a 4-hour block,10980,0.02083349145029941,0.5200364298724954,0.5037986019930327,0.01658331625691878,0.00785912233339308,2.1100722896826487,0.03485212969023199,1.0,time
2024,5,last 5 minutes of the UTC day,1826,0.003464658960678208,0.45947426067908,0.5037986019930327,-0.04447844395335271,0.01709684801958353,-2.601558129451991,0.009280133638386978,0.992619926199262,time
2024,5,first 5 minutes of the UTC day,1830,0.0034722485750499016,0.5278688524590164,0.5037986019930327,0.02415411957325342,0.01898514048478892,1.272264463494802,0.20327917030826326,1.0,time
2024,5,Saturday or Sunday,149760,0.2841551620762149,0.5031183226495727,0.5037986019930327,-0.0009503167550011238,0.002472180606014792,-0.38440425941737916,0.7006788440392397,1.0,time
2024,5,first hour of the week (Monday 00:00 to 01:00 UTC),3180,0.006033743425496551,0.4849056603773585,0.5037986019930327,-0.019007628770804308,0.017462443694800003,-1.0884861880164247,0.2763805307702518,1.0,time
2024,5,volume climax at a new 1h high (hour's largest volume),3507,0.006654194400382517,0.46535500427716,0.5037986019930327,-0.03870112250855767,0.010109606171400899,-3.8281533278753646,0.0001291083208976307,0.28413284132841327,volume and flow
2024,5,volume climax at a new 1h low (hour's largest volume),3829,0.007265158357303865,0.5596761556542178,0.5037986019930327,0.05628648387994872,0.008345758553368776,6.744322103259099,1.5374368445009168e-11,0.01107011070110701,volume and flow
2024,5,"absorption: heavy taker selling in the last 5 minutes, price did not fall",8410,0.01595716421648616,0.5051129607609988,0.5037986019930327,0.0013356723103619128,0.007144213013526269,0.186958634608607,0.8516930658209332,1.0,volume and flow
2024,5,"absorption: heavy taker buying in the last 5 minutes, price did not rise",5116,0.009707116781396337,0.4781078967943706,0.5037986019930327,-0.02594253239017874,0.008449096607708359,-3.070450439223361,0.0021373615562869652,0.8081180811808119,volume and flow
2024,5,delta divergence: new 4h high with net taker selling over the hour,1961,0.003720808445722873,0.47067822539520654,0.5037986019930327,-0.03324407141953423,0.016362508772906924,-2.031722144869363,0.04218179276028877,1.0,volume and flow
2024,5,delta divergence: new 4h low with net taker buying over the hour,931,0.001766482745011726,0.5789473684210527,0.5037986019930327,0.07528175034101159,0.021296312048616338,3.534966531724106,0.0004078268093994364,0.44649446494464945,volume and flow
2024,5,taker buying above 70% of the last minute,98003,0.18595124431727625,0.5007805883493363,0.5037986019930327,-0.0037074114082581433,0.00213089943187507,-1.7398340591774586,0.08188816006882793,1.0,volume and flow
2024,5,taker selling above 70% of the last minute,113077,0.21455270607700422,0.5063452337787525,0.5037986019930327,0.0032422694755244175,0.0020396847533554327,1.5895934262344433,0.1119264798122277,1.0,volume and flow
2024,5,bullish engulfing,46362,0.08796742537511669,0.5026961735904405,0.5037986019930327,-0.0012087598987849946,0.0023256362047553328,-0.5197545068800481,0.6032346910424804,1.0,candles
2024,5,bearish engulfing,44371,0.08418969482160611,0.5020621577156251,0.5037986019930327,-0.0018960741843468965,0.002266320521685552,-0.8366310794100348,0.4027999702462046,1.0,candles
2024,5,pin bar at a new 1h high (long upper wick),2854,0.005415189854203508,0.43447792571829014,0.5037986019930327,-0.06969810474441174,0.009745874990761856,-7.1515492257471776,8.57980353430321e-13,0.007380073800738007,candles
2024,5,pin bar at a new 1h low (long lower wick),2884,0.0054721119619912115,0.5620665742024965,0.5037986019930327,0.058588575454041836,0.009595242542009292,6.106002552570505,1.0215737145102821e-09,0.033210332103321034,candles
2024,5,inside bar (last minute inside the previous one),110362,0.20940125532221707,0.5045124227542088,0.5037986019930327,0.0009028862820507078,0.0016172961788621877,0.5582689762402784,0.5766607262971111,1.0,candles
2024,5,doji at a new 1h high,2161,0.0041002891643075615,0.46228597871355853,0.5037986019930327,-0.04168353783800133,0.011546150900054576,-3.610167422790594,0.0003059994270311339,0.3985239852398524,candles
2024,5,doji at a new 1h low,1946,0.003692347391829021,0.564748201438849,0.5037986019930327,0.06117548057194999,0.01184825766960125,5.16324697503045,2.427025753704015e-07,0.11439114391143912,candles
2024,5,squeeze: last hour's range under 40% of the previous day's median hourly range,12574,0.02385795277741938,0.4965007157626849,0.5037986019930327,-0.007476254353669665,0.008776855959568146,-0.8518146347746972,0.3943169823859378,1.0,volatility
2024,10,failed breakout above the 1h high,49479,0.09388252303944171,0.49536166858667313,0.5034182050012238,-0.00889127140729612,0.004722324655246646,-1.8828166329940166,0.05972522215301779,1.0,levels
2024,10,failed breakdown below the 1h low,48253,0.09155628416544757,0.5043209748616666,0.5034182050012238,0.0009937543126856685,0.004716598165226657,0.21069302023907172,0.8331268213970047,1.0,levels
2024,10,wick rejection at the 1h high,13531,0.025674011585656253,0.456950705786712,0.5034182050012238,-0.047691942704037815,0.0054478416477846845,-8.754282115272442,0.0,0.0036900369003690036,levels
2024,10,wick rejection at the 1h low,12529,0.02377279514867247,0.5519993614813632,0.5034182050012238,0.049764190383874696,0.005430209315421917,9.164322679522366,0.0,0.0036900369003690036,levels
2024,10,failed breakout above the 4h high,21675,0.041126613045532424,0.4716493656286044,0.5034182050012238,-0.033131422568231095,0.006832362461440242,-4.849189830781766,1.2396674415882103e-06,0.15498154981549817,levels
2024,10,failed breakdown below the 4h low,19653,0.03729002658287653,0.5141708644990587,0.5034182050012238,0.01116915768480975,0.0071066243710521575,1.5716544313648761,0.11603071561716738,1.0,levels
2024,10,wick rejection at the 4h high,5615,0.010654022249165609,0.4445235975066785,0.5034182050012238,-0.05952882896278161,0.00888308220828317,-6.701370939387796,2.0647261678163886e-11,0.01107011070110701,levels
2024,10,wick rejection at the 4h low,4923,0.009341006506258645,0.568149502335974,0.5034182050012238,0.06534165415130733,0.008655192752093917,7.549416405024541,4.374278717023117e-14,0.007380073800738007,levels
2024,10,failed breakout above the daily high,7081,0.013435642305670823,0.46194040389775454,0.5034182050012238,-0.042042671397946985,0.011566868038224291,-3.6347498094567388,0.0002782505296179405,0.3837638376383764,levels
2024,10,failed breakdown below the daily low,5726,0.010864636046076986,0.5485504715333566,0.5034182050012238,0.04562799812527496,0.013585632371802344,3.358547977492615,0.000783531185319486,0.6051660516605166,levels
2024,10,wick rejection at the daily high,1928,0.003658228832839055,0.45176348547717843,0.5034182050012238,-0.05184437812291526,0.016068091623077763,-3.226542351081312,0.0012529568784895861,0.6863468634686347,levels
2024,10,wick rejection at the daily low,1413,0.002681056712034017,0.5796178343949044,0.5034182050012238,0.07640447412185447,0.016120501737352508,4.739584125028759,2.141573089753379e-06,0.15498154981549817,levels
2024,10,"liquidity sweep of the 1h low (took it out, closed back above)",9928,0.018837601583208578,0.5521756647864625,0.5034182050012238,0.049693567409344275,0.005641149622398421,8.80912061116654,0.0,0.0036900369003690036,levels
2024,10,"liquidity sweep of the 1h high (took it out, closed back below)",10306,0.019554826945663538,0.45788860857752767,0.5034182050012238,-0.04643767716440472,0.005782507703358816,-8.030716005346786,8.881784197001252e-16,0.007380073800738007,levels
2024,10,retest from above of a 4h high broken in the last hour,9519,0.018061556151345935,0.4666456560563084,0.5034182050012238,-0.037448934986991034,0.008883903117792658,-4.215369583667386,2.4936946734666066e-05,0.1918819188191882,levels
2024,10,retest from below of a 4h low broken in the last hour,7883,0.01495737442389537,0.5334263605226437,0.5034182050012238,0.03046381419674049,0.010895844692800404,2.79591119877745,0.0051753618452474726,0.974169741697417,levels
2024,10,acceptance above the 4h high (last 5 closes all above it),18747,0.03557096261889718,0.4728756601056169,0.5034182050012238,-0.0316690432492005,0.00856119323181584,-3.6991389391269998,0.00021633215673322326,0.3726937269372694,levels
2024,10,acceptance below the 4h low (last 5 closes all below it),14665,0.02782568767302113,0.5590862598022502,0.5034182050012238,0.057261392422291335,0.00964554209250885,5.936565500736661,2.9105466925472e-09,0.04059040590405904,levels
2024,10,"support held (4h low tested within 3 bp, no close below, price now 3+ bp above)",13799,0.02618252057279363,0.5332270454380752,0.5034182050012238,0.03061029511853164,0.0093983861222041,3.2569735612599993,0.0011260692090286906,0.6531365313653137,levels
2024,10,"resistance held (4h high tested within 3 bp, no close above, price now 3+ bp below)",16060,0.030472590796366817,0.49470734744707345,0.5034182050012238,-0.008984642900715323,0.008007898868652767,-1.1219725733408121,0.2618741014580712,1.0,levels
2024,10,"resistance flipped to support (4h high broken, retested within 5 bp, last 3 closes above)",1407,0.00266967218247124,0.47476901208244493,0.5034182050012238,-0.028725881605818904,0.02743989422860125,-1.0468656098490803,0.29516156500243174,1.0,levels
2024,10,"support flipped to resistance (4h low broken, retested within 5 bp, last 3 closes below)",927,0.0017589098174490684,0.52319309600863,0.5034182050012238,0.01980973454397661,0.03214649705599159,0.6162330691730654,0.537740705784806,1.0,levels
2024,10,"repeated rejection at the 4h high (2+ touches in 30 minutes, no close above)",9545,0.018110889112784637,0.5105290728129911,0.5034182050012238,0.007242027366350934,0.011355161478574547,0.6377740536773107,0.523620771785372,1.0,levels
2024,10,"repeated rejection at the 4h low (2+ touches in 30 minutes, no close below)",7906,0.01500101512055268,0.5307361497596762,0.5034182050012238,0.027733982651561573,0.013139426236140145,2.110745336449999,0.03479420690401458,1.0,levels
2024,10,rejecting the ups (3+ up-minutes undone by the next minute in the last 15),97199,0.1844274814953959,0.5111266576816634,0.5034182050012238,0.009451584629866505,0.003631136510284046,2.6029273763456375,0.009243153107543645,0.992619926199262,levels
2024,10,rejecting the downs (3+ down-minutes undone by the next minute in the last 15),99917,0.18958467338733395,0.49255882382377375,0.5034182050012238,-0.01339977271017273,0.0038244198420634436,-3.5037399824133746,0.00045877307464570194,0.46494464944649444,levels
2024,10,lower highs (three successive 10-minute highs declining),149333,0.2833476588663665,0.5274587666490327,0.5034182050012238,0.033545640288818956,0.0035524210617761754,9.44303608875871,0.0,0.0036900369003690036,levels
2024,10,higher lows (three successive 10-minute lows rising),154875,0.293863169339185,0.48492009685230025,0.5034182050012238,-0.02619620921289817,0.0032538080284979336,-8.050938771882992,8.881784197001252e-16,0.007380073800738007,levels
2024,10,approaching the previous day's high from below (within 10 bp),6492,0.012318060986924867,0.47843499691928526,0.5034182050012238,-0.02529479085838371,0.013383214026623342,-1.8900385817685172,0.05875280025906937,1.0,levels
2024,10,approaching the previous day's low from above (within 10 bp),4673,0.008866651107809598,0.4977530494329125,0.5034182050012238,-0.005715835890945875,0.016141660932655344,-0.3541045692133496,0.7232605179287099,1.0,levels
2024,10,broke above the previous day's high in the last 5 minutes,3104,0.005889596627143375,0.49806701030927836,0.5034182050012238,-0.005382897788605456,0.01654349755596832,-0.32537846186361563,0.744894654365666,1.0,levels
2024,10,broke below the previous day's low in the last 5 minutes,2682,0.005088884714561382,0.5011185682326622,0.5034182050012238,-0.0023113992126843064,0.018618353395275407,-0.12414627457178072,0.9011994597196777,1.0,levels
2024,10,crossed above the daily open in the last 5 minutes,10043,0.01905580506649514,0.4929801852036244,0.5034182050012238,-0.01064078859073836,0.009082478498733955,-1.1715732211446055,0.2413684446154225,1.0,levels
2024,10,crossed below the daily open in the last 5 minutes,10069,0.01910513802793384,0.5107756480286026,0.5034182050012238,0.007500745811418352,0.008495595701464574,0.8828981598224221,0.37729129795218785,1.0,levels
2024,10,range breakout upward (prior hour under 15 bp),1176,0.00223136779430432,0.41241496598639454,0.5034182050012238,-0.09120675483018031,0.0317759709863444,-2.8703058317045937,0.004100749622538258,0.9630996309963099,levels
2024,10,range breakdown downward (prior hour under 15 bp),1146,0.002174445146490434,0.5602094240837696,0.5034182050012238,0.05691497757930575,0.025170358022972295,2.261190624597434,0.023747455420246588,1.0,levels
2024,10,reclaimed the session VWAP in the last 5 minutes after 30+ minutes below,4326,0.00820824581476232,0.47896440129449835,0.5034182050012238,-0.02465618775668732,0.013886466741102053,-1.7755551657865825,0.07580626529796475,1.0,levels
2024,10,lost the session VWAP in the last 5 minutes after 30+ minutes above,4610,0.008747113547400438,0.5481561822125813,0.5034182050012238,0.045132758575323284,0.012953473688528623,3.4842205002733815,0.0004935726760937342,0.4870848708487085,levels
2024,10,"approaching a $1,000 level from below (within 10 bp, rising)",18939,0.03593526756490605,0.48181002164845027,0.5034182050012238,-0.022413622888365847,0.006755642033028749,-3.3177635491614663,0.0009074126486283696,0.6309963099630996,round numbers
2024,10,"approaching a $1,000 level from above (within 10 bp, falling)",16835,0.031943092531558866,0.49943569943569943,0.5034182050012238,-0.00411391679022155,0.007102767534399978,-0.5791991319295068,0.5624548164937997,1.0,round numbers
2024,10,"crossed a $1,000 level upward in the last 3 minutes",14841,0.028159633873529263,0.5046829728454956,0.5034182050012238,0.0013014152203955076,0.006133568150118958,0.2121791408432084,0.8319672794491175,1.0,round numbers
2024,10,"crossed a $1,000 level downward in the last 3 minutes",14681,0.027856046418521872,0.5276888495334106,0.5034182050012238,0.024966101412009167,0.006731069563805547,3.709083849951192,0.0002080105389685727,0.36900369003690037,round numbers
2024,10,"approaching a $100 level from below (within 10 bp, rising)",172734,0.32774922158279113,0.49162295784269455,0.5034182050012238,-0.017545903310518696,0.0022491919342925455,-7.800980895851174,6.217248937900877e-15,0.007380073800738007,round numbers
2024,10,"approaching a $100 level from above (within 10 bp, falling)",171273,0.3249770886342549,0.51287710263731,0.5034182050012238,0.014012706053115165,0.002212491745259285,6.333450094510069,2.397388954022972e-10,0.02952029520295203,round numbers
2024,10,crossed a $100 level upward in the last 3 minutes,115920,0.2199491111528544,0.49409937888198757,0.5034182050012238,-0.011946433562826597,0.0023434139536951124,-5.097875919015236,3.434858344419922e-07,0.12546125461254612,round numbers
2024,10,crossed a $100 level downward in the last 3 minutes,113847,0.2160157561889149,0.5192143842174146,0.5034182050012238,0.02014859270564262,0.002339823255445349,8.611160120214999,0.0,0.0036900369003690036,round numbers
2024,10,10 minutes before funding settlement (00:00 UTC),3651,0.006927486238949891,0.4724732949876746,0.5034182050012238,-0.031160775859510992,0.016908012888777444,-1.84295907889884,0.06533498538599902,1.0,time
2024,10,10 minutes after funding settlement (00:00 UTC),3660,0.006944563033294057,0.5103825136612021,0.5034182050012238,0.00701301095661977,0.01875952506336557,0.37383734038742206,0.7085253367853133,1.0,time
2024,10,10 minutes before funding settlement (08:00 UTC),3660,0.006944563033294057,0.5199453551912568,0.5034182050012238,0.016642726654329865,0.01746341770039082,0.9530051299155154,0.34058747153590363,1.0,time
2024,10,10 minutes after funding settlement (08:00 UTC),3660,0.006944563033294057,0.4901639344262295,0.5034182050012238,-0.013346959375681533,0.019600733253627545,-0.6809418404391268,0.49590829191788854,1.0,time
2024,10,10 minutes before funding settlement (16:00 UTC),3660,0.006944563033294057,0.5133879781420765,0.5034182050012238,0.010039493033042968,0.017057375903672,0.5885719520833055,0.5561484536452546,1.0,time
2024,10,10 minutes after funding settlement (16:00 UTC),3660,0.006944563033294057,0.4773224043715847,0.5034182050012238,-0.026278291884035188,0.019399017870572705,-1.354619705974805,0.17553875174645484,1.0,time
2024,10,10 minutes after the US equity open (13:30 UTC),3660,0.006944563033294057,0.47650273224043715,0.5034182050012238,-0.02710369608669594,0.018204681306899614,-1.4888311214996979,0.13653184489831371,1.0,time
2024,10,10 minutes after the US equity close (20:00 UTC),3660,0.006944563033294057,0.5207650273224044,0.5034182050012238,0.017468130856990727,0.018187264033597488,0.960459518524705,0.3368239954726402,1.0,time
2024,10,10 minutes after the London open (07:00 UTC),3660,0.006944563033294057,0.5275956284153005,0.5034182050012238,0.024346499212497874,0.019112063648597986,1.2738812333478113,0.2027055102452917,1.0,time
2024,10,last 5 minutes of the hour,43915,0.0833252692915597,0.504292383012638,0.5034182050012238,0.0009536403504202262,0.004653516365121477,0.20492897748632544,0.8376276148876429,1.0,time
2024,10,first 5 minutes of the hour,43920,0.08333475639952868,0.5025273224043716,0.5034182050012238,-0.0009718734326099598,0.004531923886774115,-0.21445051966699125,0.8301957488959764,1.0,time
2024,10,last 5 minutes of a 4-hour block,10975,0.020824201991913188,0.5127107061503416,0.5034182050012238,0.009490125438170849,0.00932418316526069,1.0177969769543367,0.3087744489815081,1.0,time
2024,10,first 5 minutes of a 4-hour block,10980,0.02083368909988217,0.5071948998178506,0.5034182050012238,0.0038570514268969625,0.009002528628725663,0.4284408954379455,0.6683301560539854,1.0,time
2024,10,last 5 minutes of the UTC day,1825,0.0034627944086780475,0.4849315068493151,0.5034182050012238,-0.01855093623016235,0.021569051963041708,-0.8600719337108159,0.38974939124356367,1.0,time
2024,10,first 5 minutes of the UTC day,1830,0.0034722815166470283,0.5202185792349727,0.5034182050012238,0.016858913126187702,0.021481434306074663,0.7848131966411678,0.43256310160561906,1.0,time
2024,10,Saturday or Sunday,149760,0.28415785788691744,0.5021367521367521,0.5034182050012238,-0.0017901333116391305,0.0030115281904258035,-0.594426881783903,0.552226633264399,1.0,time
2024,10,first hour of the week (Monday 00:00 to 01:00 UTC),3180,0.0060338006682718855,0.4638364779874214,0.5034182050012238,-0.03982200505451233,0.02332258675329578,-1.707443752948415,0.08773960393474134,1.0,time
2024,10,volume climax at a new 1h high (hour's largest volume),3507,0.0066542575294432395,0.4630738522954092,0.5034182050012238,-0.04061461279883671,0.00948437859314699,-4.282263977545467,1.8500132108689726e-05,0.1881918819188192,volume and flow
2024,10,volume climax at a new 1h low (hour's largest volume),3829,0.007265227282645613,0.563854792373988,0.5034182050012238,0.06087888631858296,0.008666656587942715,7.024495051907248,2.148503597254603e-12,0.01107011070110701,volume and flow
2024,10,"absorption: heavy taker selling in the last 5 minutes, price did not fall",8410,0.01595731560382596,0.5027348394768133,0.5034182050012238,-0.0006944470349168341,0.007354238062771951,-0.09442814184003774,0.9247690617215791,1.0,volume and flow
2024,10,"absorption: heavy taker buying in the last 5 minutes, price did not rise",5116,0.00970720887386131,0.47243940578577015,0.5034182050012238,-0.031282464633742624,0.009946684726799675,-3.1450141924632704,0.001660787728547275,0.7564575645756457,volume and flow
2024,10,delta divergence: new 4h high with net taker selling over the hour,1961,0.0037208437454343294,0.4589495155532891,0.5034182050012238,-0.04463476844693948,0.018120806679993204,-2.4631777842550338,0.013771161235396345,0.996309963099631,volume and flow
2024,10,delta divergence: new 4h low with net taker buying over the hour,931,0.0017664995038242533,0.5682062298603652,0.5034182050012238,0.06490267540303762,0.023425493790228208,2.770600098517938,0.005595309909020907,0.981549815498155,volume and flow
2024,10,taker buying above 70% of the last minute,98002,0.18595111103521425,0.49355115201730576,0.5034182050012238,-0.012120958725790831,0.0019415462461681784,-6.242941032031901,4.294187228026658e-10,0.02952029520295203,volume and flow
2024,10,taker selling above 70% of the last minute,113075,0.21455094671850422,0.5111651558699978,0.5034182050012238,0.009863085118516968,0.0020154116486101794,4.893831553131349,9.889149026331978e-07,0.15129151291512916,volume and flow
2024,10,bullish engulfing,46362,0.08796825993157897,0.5014451490444761,0.5034182050012238,-0.0021633632581686824,0.0023265230234093713,-0.9298696967109362,0.3524385545517501,1.0,candles
2024,10,bearish engulfing,44371,0.08419049353833076,0.5033017060692795,0.5034182050012238,-0.00012720869473659135,0.0023319262567939717,-0.05455090801691264,0.9564962502059369,1.0,candles
2024,10,pin bar at a new 1h high (long upper wick),2854,0.005415241228694328,0.4533987386124737,0.5034182050012238,-0.050291808664495674,0.010044123285704164,-5.007087949236563,5.525968145292381e-07,0.12915129151291513,candles
2024,10,pin bar at a new 1h low (long lower wick),2884,0.005472163876508213,0.569001386962552,0.5034182050012238,0.06594403854693576,0.009663056299090428,6.8243458907657395,8.83271233931282e-12,0.01107011070110701,candles
2024,10,inside bar (last minute inside the previous one),110362,0.20940324193453516,0.5013682245700513,0.5034182050012238,-0.0025929532473529804,0.0016932883635606502,-1.5313122697545225,0.1256922345547704,1.0,candles
2024,10,doji at a new 1h high,2161,0.0041003280641935674,0.45256825543729756,0.5034182050012238,-0.05105930948353993,0.01221564285207706,-4.179829919868537,2.9172720029224664e-05,0.19557195571955718,candles
2024,10,doji at a new 1h low,1946,0.0036923824215273865,0.5498458376156218,0.5034182050012238,0.04659969651465712,0.011832563424707836,3.938258756116301,8.207505774016077e-05,0.25092250922509224,candles
2024,10,squeeze: last hour's range under 40% of the previous day's median hourly range,12574,0.023858179120393296,0.49634165738826147,0.5034182050012238,-0.00724950766537763,0.010894649499908557,-0.665419081672933,0.5057824835285987,1.0,volatility
2024,15,failed breakout above the 1h high,49479,0.09388341372152417,0.4988581014167627,0.505062368839488,-0.006847096186823998,0.005208806767558553,-1.3145229785579733,0.18867027048177487,1.0,levels
2024,15,failed breakdown below the 1h low,48253,0.09155715277804131,0.5056265931651918,0.505062368839488,0.0006210895131478766,0.00492783090919233,0.1260370992010505,0.8997025578060185,1.0,levels
2024,15,wick rejection at the 1h high,13531,0.02567425516008698,0.45096445199911317,0.505062368839488,-0.05552343980119645,0.0056297685706195545,-9.862472871613283,0.0,0.0036900369003690036,levels
2024,15,wick rejection at the 1h low,12529,0.023773020685886465,0.5565488067682975,0.505062368839488,0.05274023256864235,0.00583951316815109,9.031614631214369,0.0,0.0036900369003690036,levels
2024,15,failed breakout above the 4h high,21675,0.041127003221852435,0.470957324106113,0.505062368839488,-0.03556784354963516,0.007743389378266462,-4.593317191237237,4.362551928149827e-06,0.16605166051660517,levels
2024,15,failed breakdown below the 4h low,19653,0.03729038036074121,0.5145270442171679,0.505062368839488,0.009831287840695313,0.008146669187809381,1.2067861863602838,0.2275144972264651,1.0,levels
2024,15,wick rejection at the 4h high,5615,0.010654123325983917,0.43348174532502226,0.505062368839488,-0.07235146494480327,0.009697914210810586,-7.460518145659681,8.615330671091215e-14,0.007380073800738007,levels
2024,15,wick rejection at the 4h low,4923,0.009341095126236655,0.5705870404225066,0.505062368839488,0.06614251510853597,0.00943147071220523,7.012958755514259,2.333244708552229e-12,0.01107011070110701,levels
2024,15,failed breakout above the daily high,7081,0.013435769772269299,0.4586922751023867,0.505062368839488,-0.04700159636478768,0.013699566369077907,-3.4308820511923455,0.0006016221274851574,0.5313653136531366,levels
2024,15,failed breakdown below the daily low,5726,0.010864739121030082,0.5579811386657353,0.505062368839488,0.05350003373575252,0.015802012219548096,3.3856469032196777,0.0007101069003045968,0.5682656826568265,levels
2024,15,wick rejection at the daily high,1928,0.00365826353918023,0.44450207468879666,0.505062368839488,-0.06078265311439435,0.017227000740484225,-3.5283363616251773,0.0004181804108882581,0.44649446494464945,levels
2024,15,wick rejection at the daily low,1413,0.0026810821477498263,0.5845718329794763,0.505062368839488,0.07972320861135762,0.016577389269607286,4.80915343874568,1.515708304866692e-06,0.15498154981549817,levels
2024,15,"liquidity sweep of the 1h low (took it out, closed back above)",9928,0.018837780299264174,0.5572119258662369,0.505062368839488,0.05315080012218065,0.005940715641704373,8.946868244131586,0.0,0.0036900369003690036,levels
2024,15,"liquidity sweep of the 1h high (took it out, closed back below)",10306,0.019555012466178138,0.4523578497962352,0.505062368839488,-0.0537557126747355,0.006108092545881048,-8.800736444470756,0.0,0.0036900369003690036,levels
2024,15,retest from above of a 4h high broken in the last hour,9519,0.01806172750490488,0.4606576321042126,0.505062368839488,-0.04522151542422659,0.009519177512475125,-4.7505696122341075,2.028444492152559e-06,0.15498154981549817,levels
2024,15,retest from below of a 4h low broken in the last hour,7883,0.014957516327467715,0.5235316503869085,0.505062368839488,0.01874973095430521,0.011802623448133922,1.5886070615317034,0.11214913294096118,1.0,levels
2024,15,acceptance above the 4h high (last 5 closes all above it),18747,0.03557130008766171,0.4679682082466528,0.505062368839488,-0.03846231514699522,0.009375865501132924,-4.102268227114356,4.0911959801270825e-05,0.2029520295202952,levels
2024,15,acceptance below the 4h low (last 5 closes all below it),14665,0.027825951660828876,0.5687009887487214,0.505062368839488,0.06546010975910277,0.011069211698257768,5.9137101668591106,3.3448626091114875e-09,0.04059040590405904,levels
2024,15,"support held (4h low tested within 3 bp, no close below, price now 3+ bp above)",13799,0.02618276897154979,0.5321400101456627,0.505062368839488,0.027805670759776913,0.010884980682549948,2.5544988613854915,0.010634077752116333,0.992619926199262,levels
2024,15,"resistance held (4h high tested within 3 bp, no close above, price now 3+ bp below)",16060,0.030472879895868516,0.4908468244084682,0.505062368839488,-0.01466234841320685,0.009006873537427762,-1.6279065485129718,0.10354470267136962,1.0,levels
2024,15,"resistance flipped to support (4h high broken, retested within 5 bp, last 3 closes above)",1407,0.0026696975101797634,0.4449182658137882,0.505062368839488,-0.06030509939941758,0.026547189880961886,-2.27161894233728,0.023109535783457202,1.0,levels
2024,15,"support flipped to resistance (4h low broken, retested within 5 bp, last 3 closes below)",927,0.001758926504574727,0.5329018338727076,0.505062368839488,0.02788851888826549,0.035054967464592184,0.7955653907376957,0.4262846894071397,1.0,levels
2024,15,"repeated rejection at the 4h high (2+ touches in 30 minutes, no close above)",9545,0.018111060934375155,0.5014143530644316,0.505062368839488,-0.0037153038698326535,0.01306927332399163,-0.284277769523143,0.7761975210183034,1.0,levels
2024,15,"repeated rejection at the 4h low (2+ touches in 30 minutes, no close below)",7906,0.015001157438152956,0.5307361497596762,0.505062368839488,0.026064782831027755,0.014702224150630548,1.7728462417647122,0.07625418860609812,1.0,levels
2024,15,rejecting the ups (3+ up-minutes undone by the next minute in the last 15),97197,0.18442543631623487,0.5114252497505067,0.505062368839488,0.007801715740470172,0.003905938913841716,1.9973982984789527,0.045781932520574165,1.0,levels
2024,15,rejecting the downs (3+ down-minutes undone by the next minute in the last 15),99912,0.18957698481668836,0.4916426455280647,0.505062368839488,-0.016558911901567663,0.00420521796667108,-3.9377059721534415,8.226430961943976e-05,0.25092250922509224,levels
2024,15,lower highs (three successive 10-minute highs declining),149331,0.2833465521625119,0.5282225391914606,0.505062368839488,0.032317112855395735,0.003945295742089369,8.191303001858381,2.220446049250313e-16,0.0036900369003690036,levels
2024,15,higher lows (three successive 10-minute lows rising),154875,0.29386595727725007,0.4866763518966909,0.505062368839488,-0.02603757336482926,0.003615263334222266,-7.202123595909673,5.928590951498336e-13,0.007380073800738007,levels
2024,15,approaching the previous day's high from below (within 10 bp),6492,0.01231817785080812,0.477818853974122,0.505062368839488,-0.02758329074649185,0.015416511952950733,-1.7892043823319181,0.07358190617441607,1.0,levels
2024,15,approaching the previous day's low from above (within 10 bp),4673,0.008866735227484032,0.5144446822169912,0.505062368839488,0.009466248092941054,0.019294617588291277,0.4906159994943637,0.6236980681585143,1.0,levels
2024,15,broke above the previous day's high in the last 5 minutes,3104,0.00588965250291257,0.5009664948453608,0.505062368839488,-0.004120140188098365,0.01727610721849259,-0.23848776440146816,0.811502804212807,1.0,levels
2024,15,broke below the previous day's low in the last 5 minutes,2682,0.0050889329938181415,0.506338553318419,0.505062368839488,0.001282712114934248,0.018972311433183325,0.06760969107278798,0.9460963406934986,1.0,levels
2024,15,crossed above the daily open in the last 5 minutes,10043,0.01905598585269038,0.4929801852036244,0.505062368839488,-0.012316894197439088,0.009494174436734525,-1.2973107119017104,0.19452430016579192,1.0,levels
2024,15,crossed below the daily open in the last 5 minutes,10069,0.01910531928216065,0.5233886185321284,0.505062368839488,0.018683198158673697,0.009189457248637373,2.0331122560523442,0.04204118304556559,1.0,levels
2024,15,range breakout upward (prior hour under 15 bp),1176,0.0022313889637323395,0.41156462585034015,0.505062368839488,-0.09370683939640323,0.03321740749077142,-2.8210160417376704,0.0047871808927373305,0.9704797047970479,levels
2024,15,range breakdown downward (prior hour under 15 bp),1146,0.002174465775882025,0.568935427574171,0.505062368839488,0.06401225118412013,0.03497365168341438,1.8302993282933842,0.06720519178115647,1.0,levels
2024,15,reclaimed the session VWAP in the last 5 minutes after 30+ minutes below,4326,0.008208323688015391,0.47480351363846507,0.505062368839488,-0.030509285290174715,0.014771233613725657,-2.0654527636625435,0.03888018056574749,1.0,levels
2024,15,lost the session VWAP in the last 5 minutes after 30+ minutes above,4610,0.008747196532998372,0.5442516268980477,0.505062368839488,0.0395350791659721,0.013040893200717584,3.031623567302633,0.0024324233846066967,0.8339483394833949,levels
2024,15,"approaching a $1,000 level from below (within 10 bp, rising)",18939,0.03593560848990372,0.4911030149427108,0.505062368839488,-0.01447969038137742,0.007545307555856563,-1.9190324945917525,0.05498022159641769,1.0,round numbers
2024,15,"approaching a $1,000 level from above (within 10 bp, falling)",16835,0.03194339558200165,0.4978912978912979,0.505062368839488,-0.007407697974956162,0.008111096468942964,-0.9132794811798769,0.36109557109583656,1.0,round numbers
2024,15,"crossed a $1,000 level upward in the last 3 minutes",14841,0.028159901029550724,0.5040091638029782,0.505062368839488,-0.0010837225564427344,0.006719273554222597,-0.1612856728777905,0.8718684069166356,1.0,round numbers
2024,15,"crossed a $1,000 level downward in the last 3 minutes",14681,0.027856310694349046,0.5315033035896737,0.505062368839488,0.027198587041254108,0.006836988172571862,3.978153297144413,6.945259027957285e-05,0.24354243542435425,round numbers
2024,15,"approaching a $100 level from below (within 10 bp, rising)",172731,0.32774663868575743,0.4917241259530715,0.505062368839488,-0.01984109511976323,0.0022996095168069494,-8.62802792158947,0.0,0.0036900369003690036,round numbers
2024,15,"approaching a $100 level from above (within 10 bp, falling)",171273,0.3249801717562321,0.5159599002761673,0.505062368839488,0.016144016783969095,0.0023557421450669186,6.853049183577135,7.229328247149169e-12,0.01107011070110701,round numbers
2024,15,crossed a $100 level upward in the last 3 minutes,115918,0.2199474029744263,0.4926499767076727,0.505062368839488,-0.015912250249720483,0.0024681567691396144,-6.447017648424093,1.1407252920037081e-10,0.025830258302583026,round numbers
2024,15,crossed a $100 level downward in the last 3 minutes,113846,0.21601590813356455,0.523294626073819,0.505062368839488,0.023255902031029008,0.0022770698672136096,10.213082332641221,0.0,0.0036900369003690036,round numbers
2024,15,10 minutes before funding settlement (00:00 UTC),3650,0.006925654521788299,0.4915068493150685,0.505062368839488,-0.013650055090177471,0.02035352274948342,-0.6706482832572025,0.5024446160564631,1.0,time
2024,15,10 minutes after funding settlement (00:00 UTC),3660,0.006944628917738404,0.4989071038251366,0.505062368839488,-0.006198309977059169,0.020041728441048002,-0.3092702306236344,0.7571159741843299,1.0,time
2024,15,10 minutes before funding settlement (08:00 UTC),3660,0.006944628917738404,0.5068306010928961,0.505062368839488,0.0017805978446912007,0.02071064993307067,0.08597498632082765,0.9314863016085828,1.0,time
2024,15,10 minutes after funding settlement (08:00 UTC),3660,0.006944628917738404,0.5051912568306011,0.505062368839488,0.0001297893298463082,0.020588481656134222,0.00630397772958834,0.9949701868121812,1.0,time
2024,15,10 minutes before funding settlement (16:00 UTC),3660,0.006944628917738404,0.5188524590163934,0.505062368839488,0.01388652695355408,0.01902082403871012,0.7300696818020604,0.4653475923477439,1.0,time
2024,15,10 minutes after funding settlement (16:00 UTC),3660,0.006944628917738404,0.47349726775956286,0.505062368839488,-0.03178584195715545,0.02057801264098496,-1.544650715873699,0.12243077182874962,1.0,time
2024,15,10 minutes after the US equity open (13:30 UTC),3660,0.006944628917738404,0.49781420765027323,0.505062368839488,-0.007298848986955819,0.020387320996926608,-0.3580092248538257,0.7203364100635068,1.0,time
2024,15,10 minutes after the US equity close (20:00 UTC),3660,0.006944628917738404,0.5273224043715847,0.505062368839488,0.022415704280252857,0.01968827202978563,1.1385308089171564,0.2548989016728842,1.0,time
2024,15,10 minutes after the London open (07:00 UTC),3660,0.006944628917738404,0.5314207650273224,0.505062368839488,0.026542725567365144,0.020762865272743434,1.2783748879885695,0.2011172740578786,1.0,time
2024,15,last 5 minutes of the hour,43915,0.08332605981488579,0.5049755208926335,0.505062368839488,-9.474246299279176e-05,0.004823822334261954,-0.019640537405341107,0.9843301258890598,1.0,time
2024,15,first 5 minutes of the hour,43920,0.08333554701286085,0.504804189435337,0.505062368839488,-0.0002816509392391531,0.00475221545645825,-0.0592672916074102,0.9527392128176977,1.0,time
2024,15,last 5 minutes of a 4-hour block,10975,0.02082439955524016,0.5045102505694761,0.505062368839488,-0.0005638603226644223,0.009527090565168183,-0.05918494411357245,0.9528048014769439,1.0,time
2024,15,first 5 minutes of a 4-hour block,10980,0.020833886753215212,0.4959016393442623,0.505062368839488,-0.009355643921182988,0.009220747213652954,-1.0146296937118389,0.3102823793423508,1.0,time
2024,15,last 5 minutes of the UTC day,1825,0.0034628272608941495,0.48876712328767125,0.505062368839488,-0.016351869250423645,0.023121513860079122,-0.7072144734716643,0.4794332054898365,1.0,time
2024,15,first 5 minutes of the UTC day,1830,0.003472314458869202,0.48743169398907105,0.505062368839488,-0.017692107410787306,0.022343999256089816,-0.7918057644029572,0.42847394068865974,1.0,time
2024,15,Saturday or Sunday,149760,0.2841605537487714,0.5015691773504274,0.505062368839488,-0.004879853306986703,0.003675238232085069,-1.3277651675434987,0.18425569740566594,1.0,time
2024,15,first hour of the week (Monday 00:00 to 01:00 UTC),3180,0.006033857912133367,0.469811320754717,0.505062368839488,-0.03546503909149734,0.027220206050914082,-1.302893851176648,0.19261100344708315,1.0,time
2024,15,volume climax at a new 1h high (hour's largest volume),3507,0.006654320659701798,0.4590818363273453,0.505062368839488,-0.04628855137587079,0.009679862754983413,-4.781942941498875,1.7360896249485336e-06,0.15498154981549817,volume and flow
2024,15,volume climax at a new 1h low (hour's largest volume),3829,0.007265296209295177,0.5651606163489161,0.505062368839488,0.06053807455299609,0.009394313258671648,6.444119211919505,1.1627365736899264e-10,0.025830258302583026,volume and flow
2024,15,"absorption: heavy taker selling in the last 5 minutes, price did not fall",8410,0.015957466994038244,0.5089179548156956,0.505062368839488,0.003918109072409637,0.007972716676245583,0.49143964742701807,0.6231155282843448,1.0,volume and flow
2024,15,"absorption: heavy taker buying in the last 5 minutes, price did not rise",5116,0.00970730096807368,0.4908131352619234,0.505062368839488,-0.014388911067903631,0.010221660308754533,-1.4076882456737463,0.1592234039133693,1.0,volume and flow
2024,15,delta divergence: new 4h high with net taker selling over the hour,1961,0.0037208790458155764,0.44722080571137174,0.505062368839488,-0.058057588392215476,0.01920684994392841,-3.0227543070157843,0.0025048552007047586,0.8487084870848709,volume and flow
2024,15,delta divergence: new 4h low with net taker buying over the hour,931,0.0017665162629547687,0.5832438238453276,0.505062368839488,0.07831980822077311,0.027192165349489476,2.8802343327264133,0.00397379696219291,0.959409594095941,volume and flow
2024,15,taker buying above 70% of the last minute,97999,0.18594718287143328,0.49367850692354004,0.505062368839488,-0.013984180972559768,0.002031102271966167,-6.885020594764373,5.77782266475424e-12,0.01107011070110701,volume and flow
2024,15,taker selling above 70% of the last minute,113074,0.21455108476621645,0.5136193996851619,0.505062368839488,0.010894446067351127,0.002146594641128992,5.075222801087979,3.8704221783092407e-07,0.12546125461254612,volume and flow
2024,15,bullish engulfing,46362,0.08796909450387647,0.5007117898278762,0.505062368839488,-0.00477021007226186,0.002277685874776792,-2.0943230693430586,0.03623121064710233,1.0,candles
2024,15,bearish engulfing,44370,0.08418939483061556,0.5041694838855082,0.505062368839488,-0.0009749668205847328,0.0022740937535849935,-0.428727627894737,0.6681214522617707,1.0,candles
2024,15,pin bar at a new 1h high (long upper wick),2854,0.005415292604159946,0.4460406447091801,0.505062368839488,-0.059343084295802984,0.009830132689784046,-6.036854859291494,1.5714693990531714e-09,0.04059040590405904,candles
2024,15,pin bar at a new 1h low (long lower wick),2884,0.005472215792010261,0.5620665742024965,0.505062368839488,0.05731786106750636,0.010259121810832165,5.58701437846141,2.3100660495600778e-08,0.05904059040590406,candles
2024,15,inside bar (last minute inside the previous one),110362,0.20940522858454802,0.5036697413964951,0.505062368839488,-0.0017614933634073626,0.0018299634130991603,-0.9625839242458737,0.3357563681557123,1.0,candles
2024,15,doji at a new 1h high,2161,0.004100366964817675,0.44053678852383155,0.505062368839488,-0.06479124820942367,0.012345396892311409,-5.248211035626973,1.535833054067126e-07,0.1033210332103321,candles
2024,15,doji at a new 1h low,1946,0.003692417451890419,0.5457348406988695,0.505062368839488,0.0408232081857286,0.01306347471619955,3.1249884944550925,0.0017781201449182937,0.7822878228782287,candles
2024,15,squeeze: last hour's range under 40% of the previous day's median hourly range,12574,0.023858405467661936,0.49673930332432004,0.505062368839488,-0.008526494067856438,0.01286600069321851,-0.662715187972175,0.507512980688424,1.0,volatility
2024,30,failed breakout above the 1h high,49479,0.0938860858691754,0.4937246104407931,0.5057427643825271,-0.013263402927944479,0.005436093926359405,-2.4398774391352513,0.014692245577542451,0.996309963099631,levels
2024,30,failed breakdown below the 1h low,48253,0.09155975871471374,0.5274697946241684,0.5057427643825271,0.023916851383533277,0.005652873482984917,4.230919275926256,2.3273819117930472e-05,0.1918819188191882,levels
2024,30,wick rejection at the 1h high,13531,0.025674985911110015,0.4650801862390067,0.5057427643825271,-0.04173410058813354,0.0059787278100791015,-6.9804316091756275,2.94275714907144e-12,0.01107011070110701,levels
2024,30,wick rejection at the 1h low,12529,0.023773697323205778,0.5535158432436746,0.5057427643825271,0.048936479922897624,0.006209478056047229,7.880932903086728,3.3306690738754696e-15,0.007380073800738007,levels
2024,30,failed breakout above the 4h high,21675,0.041128173795233876,0.46841983852364477,0.5057427643825271,-0.038923790269870806,0.00862229234394203,-4.51432040543353,6.352012370758331e-06,0.16974169741697417,levels
2024,30,failed breakdown below the 4h low,19653,0.03729144173461275,0.527502162519717,0.5057427643825271,0.022602269347637316,0.009615091278038548,2.3507077253922977,0.018737745590316157,1.0,levels
2024,30,wick rejection at the 4h high,5615,0.0106544265679464,0.4454140694568121,0.5057427643825271,-0.06097838464717026,0.010479765072201011,-5.818678589363004,5.931466429132115e-09,0.04059040590405904,levels
2024,30,wick rejection at the 4h low,4923,0.00934136099626004,0.568149502335974,0.5057427643825271,0.06299519884690707,0.010208918034633988,6.170604821509432,6.802924890081385e-10,0.02952029520295203,levels
2024,30,failed breakout above the daily high,7081,0.01343615218657675,0.43892105634797346,0.5057427643825271,-0.06773176230069083,0.016022817273735144,-4.2272068103602365,2.366101782613761e-05,0.1918819188191882,levels
2024,30,failed breakdown below the daily low,5726,0.010865048357624413,0.5703807195249738,0.5057427643825271,0.06534796393062525,0.017788835448733904,3.673538052502268,0.00023921503398760535,0.3726937269372694,levels
2024,30,wick rejection at the daily high,1928,0.0036583676621550596,0.4486514522821577,0.5057427643825271,-0.05730094000629954,0.01872619746303616,-3.0599346247099266,0.002213853104026109,0.8154981549815498,levels
2024,30,wick rejection at the daily low,1413,0.002681158457793101,0.5909412597310687,0.5057427643825271,0.08542754012026343,0.020578005593068594,4.1514003742441625,3.304471047282931e-05,0.1992619926199262,levels
2024,30,"liquidity sweep of the 1h low (took it out, closed back above)",9928,0.018838316467777713,0.5557010475423045,0.5057427643825271,0.05091748281478492,0.006643624007575113,7.664112652481296,1.7985612998927536e-14,0.007380073800738007,levels
2024,30,"liquidity sweep of the 1h high (took it out, closed back below)",10306,0.019555569048843383,0.4630312439355715,0.5057427643825271,-0.04356342807263436,0.006589293015162704,-6.611244631615261,3.81101816770979e-11,0.01107011070110701,levels
2024,30,retest from above of a 4h high broken in the last hour,9519,0.018062241585090254,0.45614035087719296,0.5057427643825271,-0.05051482446851285,0.010861843011355484,-4.650667885339741,3.308617773534195e-06,0.15867158671586715,levels
2024,30,retest from below of a 4h low broken in the last hour,7883,0.014957942054340421,0.5339337815552455,0.5057427643825271,0.028619100012350462,0.013170415099259728,2.172983903442729,0.02978152879414986,1.0,levels
2024,30,acceptance above the 4h high (last 5 closes all above it),18747,0.035572312532375985,0.4610337654024644,0.5057427643825271,-0.046358062466517136,0.010609370824101504,-4.369539271942938,1.2450894802062962e-05,0.18081180811808117,levels
2024,30,acceptance below the 4h low (last 5 closes all below it),14665,0.027826743654307026,0.557654278895329,0.5057427643825271,0.0533973899960305,0.011871162005324834,4.498076091631046,6.8571157194607935e-06,0.16974169741697417,levels
2024,30,"support held (4h low tested within 3 bp, no close below, price now 3+ bp above)",13799,0.026183514196098375,0.5290963113269077,0.5057427643825271,0.02398146599983042,0.011727310203799897,2.044924674377584,0.040862284893477874,1.0,levels
2024,30,"resistance held (4h high tested within 3 bp, no close above, price now 3+ bp below)",16060,0.030473747227287476,0.4790161892901619,0.5057427643825271,-0.0275666337202638,0.010522058950420984,-2.6198896860543504,0.00879582146991642,0.992619926199262,levels
2024,30,"resistance flipped to support (4h high broken, retested within 5 bp, last 3 closes above)",1407,0.002669773496188884,0.43354655294953803,0.5057427643825271,-0.07238947493457248,0.025318999903310917,-2.8590969315935046,0.004248489444087511,0.966789667896679,levels
2024,30,"support flipped to resistance (4h low broken, retested within 5 bp, last 3 closes below)",927,0.001758976567851525,0.5620280474649406,0.5057427643825271,0.05638446202991498,0.03984743513967191,1.4150085653512712,0.15706598469722177,1.0,levels
2024,30,"repeated rejection at the 4h high (2+ touches in 30 minutes, no close above)",9545,0.018111576418708527,0.48234677841801993,0.5057427643825271,-0.02382754028117967,0.01602860701338075,-1.486563383910301,0.13713016464607253,1.0,levels
2024,30,"repeated rejection at the 4h low (2+ touches in 30 minutes, no close below)",7902,0.014993994432753776,0.5379650721336371,0.5057427643825271,0.0327128033423042,0.018048271833377608,1.81251721185885,0.06990631689429838,1.0,levels
2024,30,rejecting the ups (3+ up-minutes undone by the next minute in the last 15),97192,0.1844211980395096,0.5078298625401267,0.5057427643825271,0.0025590392400864914,0.00474805001634624,0.5389663611959474,0.589910065814303,1.0,levels
2024,30,rejecting the downs (3+ down-minutes undone by the next minute in the last 15),99900,0.18955961071021288,0.49344344344344343,0.5057427643825271,-0.015176095739579287,0.0044344008446833135,-3.422355414209989,0.0006208110569527747,0.5424354243542435,levels
2024,30,lower highs (three successive 10-minute highs declining),149325,0.2833432319249503,0.5269646743679893,0.5057427643825271,0.029612376427371967,0.004276011287796681,6.925233455740119,4.352518345740464e-12,0.01107011070110701,levels
2024,30,higher lows (three successive 10-minute lows rising),154874,0.29387242391525037,0.4885584410553095,0.5057427643825271,-0.02433600373249717,0.004168226429193904,-5.838455310884712,5.268701031013734e-09,0.04059040590405904,levels
2024,30,approaching the previous day's high from below (within 10 bp),6492,0.012318528455762782,0.46056685150955023,0.5057427643825271,-0.0457393544118474,0.020735194205360945,-2.2058802034283236,0.027392388678973312,1.0,levels
2024,30,approaching the previous day's low from above (within 10 bp),4673,0.008866987596084333,0.5052428846565375,0.5057427643825271,-0.0005043518072080921,0.021072090740018787,-0.023934587859868073,0.9809047850566168,1.0,levels
2024,30,broke above the previous day's high in the last 5 minutes,3104,0.005889820136581589,0.49033505154639173,0.5057427643825271,-0.015498999153446269,0.020078258939238723,-0.771929438720244,0.44015622035509416,1.0,levels
2024,30,broke below the previous day's low in the last 5 minutes,2682,0.005089077837084994,0.5141685309470544,0.5057427643825271,0.008468865279124493,0.021488478334844758,0.3941119118421596,0.6934984169005287,1.0,levels
2024,30,crossed above the daily open in the last 5 minutes,10043,0.01905652823185854,0.4908891765408742,0.5057427643825271,-0.015142144546697989,0.010373669580427054,-1.4596709900292226,0.14438051847428812,1.0,levels
2024,30,crossed below the daily open in the last 5 minutes,10069,0.019105863065476812,0.5097825007448604,0.5057427643825271,0.004118422376300668,0.010338739204895168,0.3983486085373625,0.6903732343688749,1.0,levels
2024,30,range breakout upward (prior hour under 15 bp),1176,0.00223145247442653,0.45068027210884354,0.5057427643825271,-0.055185636398577986,0.03482092475895494,-1.5848412062745643,0.1130024174916211,1.0,levels
2024,30,range breakdown downward (prior hour under 15 bp),1146,0.002174527666405445,0.5863874345549738,0.5057427643825271,0.08082041640392745,0.0424955108631631,1.9018577436137143,0.057189754807046134,1.0,levels
2024,30,reclaimed the session VWAP in the last 5 minutes after 30+ minutes below,4326,0.00820855731664045,0.49375866851595007,0.5057427643825271,-0.012083282180932353,0.013948492378171735,-0.8662787241323453,0.3863373308291522,1.0,levels
2024,30,lost the session VWAP in the last 5 minutes after 30+ minutes above,4610,0.008747445499240053,0.5429501084598698,0.5057427643825271,0.03753568544000574,0.013803984751066131,2.719192038886215,0.006544160187129666,0.985239852398524,levels
2024,30,"approaching a $1,000 level from below (within 10 bp, rising)",18939,0.03593663130371093,0.49184223031839064,0.5057427643825271,-0.014418693330226107,0.008840746511143865,-1.630936178528722,0.10290378688203927,1.0,round numbers
2024,30,"approaching a $1,000 level from above (within 10 bp, falling)",16835,0.03194430476783217,0.4991980991980992,0.5057427643825271,-0.006760628770288157,0.00943208344785275,-0.7167693975213122,0.4735163973228538,1.0,round numbers
2024,30,"crossed a $1,000 level upward in the last 3 minutes",14841,0.028160702528030723,0.4977427397075669,0.5057427643825271,-0.008231839045581446,0.007991969826547495,-1.0300137793610231,0.3030035372112101,1.0,round numbers
2024,30,"crossed a $1,000 level downward in the last 3 minutes",14681,0.027857103551918273,0.5372930999250732,0.5057427643825271,0.03245442172937907,0.007333553107699245,4.425470335151223,9.623238104161658e-06,0.17343173431734318,round numbers
2024,30,"approaching a $100 level from below (within 10 bp, rising)",172727,0.327748377168598,0.49595604624638884,0.5057427643825271,-0.014558117531822956,0.0023007902232638306,-6.327442365071969,2.492579476154333e-10,0.02952029520295203,round numbers
2024,30,"approaching a $100 level from above (within 10 bp, falling)",171263,0.32497044653716906,0.5134267179717744,0.5057427643825271,0.011383136560213392,0.0024033657186539555,4.7363314171713755,2.176216051363866e-06,0.15867158671586715,round numbers
2024,30,crossed a $100 level upward in the last 3 minutes,115918,0.21995366320627083,0.4955226970789696,0.5057427643825271,-0.013101872057454444,0.0025486192969728463,-5.140772524565106,2.736111490708737e-07,0.12177121771217712,round numbers
2024,30,crossed a $100 level downward in the last 3 minutes,113838,0.21600687651680894,0.5239550940810626,0.5057427643825271,0.02323021612437126,0.0025163642307445993,9.231658851507905,0.0,0.0036900369003690036,round numbers
2024,30,10 minutes before funding settlement (00:00 UTC),3650,0.006925851642565335,0.48547945205479454,0.5057427643825271,-0.020404631780263915,0.022251150716342233,-0.9170146766961517,0.35913494937173174,1.0,time
2024,30,10 minutes after funding settlement (00:00 UTC),3660,0.006944826578572364,0.4713114754098361,0.5057427643825271,-0.034672080559293605,0.021385746754858038,-1.6212705105290472,0.10495963655738305,1.0,time
2024,30,10 minutes before funding settlement (08:00 UTC),3660,0.006944826578572364,0.5437158469945356,0.5057427643825271,0.038238643358734725,0.021863265171999536,1.7489905125290832,0.08029265939725017,1.0,time
2024,30,10 minutes after funding settlement (08:00 UTC),3660,0.006944826578572364,0.5199453551912568,0.5057427643825271,0.01430191512904233,0.022048592108553745,0.6486543475714219,0.5165618186812138,1.0,time
2024,30,10 minutes before funding settlement (16:00 UTC),3660,0.006944826578572364,0.496448087431694,0.5057427643825271,-0.00935967829341211,0.022179790819882635,-0.42199127888175625,0.6730313830964438,1.0,time
2024,30,10 minutes after funding settlement (16:00 UTC),3660,0.006944826578572364,0.4822404371584699,0.5057427643825271,-0.023666688269779967,0.02207959833522296,-1.071880380723465,0.2837737633894988,1.0,time
2024,30,10 minutes after the US equity open (13:30 UTC),3660,0.006944826578572364,0.4953551912568306,0.5057427643825271,-0.01046021752236348,0.021549719826985714,-0.4853992351800618,0.6273931747915173,1.0,time
2024,30,10 minutes after the US equity close (20:00 UTC),3660,0.006944826578572364,0.5191256830601093,0.5057427643825271,0.013476510707328915,0.022471188037840626,0.5997239969971763,0.5486901927112398,1.0,time
2024,30,10 minutes after the London open (07:00 UTC),3660,0.006944826578572364,0.5158469945355191,0.5057427643825271,0.010174893020474696,0.02212024679056585,0.45998099012232657,0.6455298654814154,1.0,time
2024,30,last 5 minutes of the hour,43915,0.08332843147486485,0.5106227940339292,0.5057427643825271,0.005323640242550276,0.004147166343789901,1.2836813865742485,0.19925345978383513,1.0,time
2024,30,first 5 minutes of the hour,43920,0.08333791894286836,0.5136156648451731,0.5057427643825271,0.008588661651157903,0.0038835458623884974,2.2115514932725984,0.026997670179121025,1.0,time
2024,30,last 5 minutes of a 4-hour block,10975,0.020824992267713578,0.5079726651480638,0.5057427643825271,0.002277326063193752,0.009372231002499471,0.24298654851618726,0.8080158179532058,1.0,time
2024,30,first 5 minutes of a 4-hour block,10980,0.02083447973571709,0.5088342440801458,0.5057427643825271,0.003157259557898029,0.009327358116594851,0.3384945145700756,0.734990560132514,1.0,time
2024,30,last 5 minutes of the UTC day,1825,0.0034629258212826677,0.48383561643835615,0.5057427643825271,-0.021983274392701757,0.02368315949504665,-0.9282238882569522,0.3532914454744951,1.0,time
2024,30,first 5 minutes of the UTC day,1830,0.003472413289286182,0.4808743169398907,0.5057427643825271,-0.02495510187000538,0.022821884246623805,-1.093472458291745,0.2741864150747786,1.0,time
2024,30,Saturday or Sunday,149760,0.28416864164125605,0.5005275106837607,0.5057427643825271,-0.007285589877934373,0.005307004104993649,-1.3728253707358102,0.1698066415435635,1.0,time
2024,30,first hour of the week (Monday 00:00 to 01:00 UTC),3180,0.0060340296502350045,0.4720125786163522,0.5057427643825271,-0.03393495026223653,0.034993767072062136,-0.9697427028177561,0.332174759276767,1.0,time
2024,30,volume climax at a new 1h high (hour's largest volume),3507,0.00665451005766483,0.46250356429997147,0.5057427643825271,-0.04352886334146017,0.01020628799052721,-4.26490643629307,1.999859888668354e-05,0.1918819188191882,volume and flow
2024,30,volume climax at a new 1h low (hour's largest volume),3829,0.007265502997091142,0.5753460433533559,0.5057427643825271,0.07011268287841599,0.008908141811175194,7.870629404491538,3.552713678800501e-15,0.007380073800738007,volume and flow
2024,30,"absorption: heavy taker selling in the last 5 minutes, price did not fall",8410,0.015957921181910813,0.5016646848989298,0.5057427643825271,-0.004144212500033939,0.008098605474136263,-0.5117192723202669,0.6088474960396661,1.0,volume and flow
2024,30,"absorption: heavy taker buying in the last 5 minutes, price did not rise",5116,0.009707577261195687,0.49745895230648945,0.5057427643825271,-0.008365016116277546,0.010721019584481468,-0.7802444581283849,0.435246998376845,1.0,volume and flow
2024,30,delta divergence: new 4h high with net taker selling over the hour,1961,0.003720984950978253,0.4625191228964814,0.5057427643825271,-0.04338507670355668,0.02043970372253651,-2.1225883355501356,0.03378836325774692,1.0,volume and flow
2024,30,delta divergence: new 4h low with net taker buying over the hour,931,0.0017665665422543363,0.5585392051557465,0.5057427643825271,0.05288987425550318,0.031166946095106684,1.6969860984810143,0.08969928877092803,1.0,volume and flow
2024,30,taker buying above 70% of the last minute,97996,0.1859467828944747,0.4946222294787542,0.5057427643825271,-0.01366069769162448,0.0023959099012873246,-5.701674209153096,1.1863640514420126e-08,0.055350553505535055,volume and flow
2024,30,taker selling above 70% of the last minute,113071,0.2145514989250699,0.5153222311644896,0.5057427643825271,0.012196174248028324,0.0022718150783659786,5.368471388437356,7.940678514728461e-08,0.09225092250922509,volume and flow
2024,30,bullish engulfing,46359,0.08796590583498257,0.5028581289501499,0.5057427643825271,-0.0031628592076025086,0.002251211470214146,-1.4049587297552468,0.1600335508448052,1.0,candles
2024,30,bearish engulfing,44367,0.08418609858238253,0.505443234836703,0.5057427643825271,-0.0003270637684801292,0.002281953004573117,-0.14332625072675972,0.8860325247737963,1.0,candles
2024,30,pin bar at a new 1h high (long upper wick),2854,0.0054154467364058816,0.4533987386124737,0.5057427643825271,-0.052629035508638844,0.010322086479648258,-5.098681900447734,3.4202676135741683e-07,0.12546125461254612,candles
2024,30,pin bar at a new 1h low (long lower wick),2884,0.005472371544426966,0.5572122052704577,0.5057427643825271,0.05175265062053502,0.010029611154774893,5.159985748390319,2.4696864198148205e-07,0.11439114391143912,candles
2024,30,inside bar (last minute inside the previous one),110359,0.2094054962799638,0.50488859087161,0.5057427643825271,-0.001080419237545871,0.0019134876268615349,-0.5646335112801087,0.5723230667757371,1.0,candles
2024,30,doji at a new 1h high,2161,0.004100483671118819,0.44840351689032854,0.5057427643825271,-0.05757533420998584,0.01189955296479454,-4.838445139941435,1.3085880401497718e-06,0.15498154981549817,candles
2024,30,doji at a new 1h low,1946,0.0036925225469677104,0.5488180883864338,0.5057427643825271,0.043234970105839876,0.01350540265602822,3.201309224685847,0.001368046321889027,0.7011070110701108,candles
2024,30,squeeze: last hour's range under 40% of the previous day's median hourly range,12574,0.023859084535237406,0.5048512804199141,0.5057427643825271,-0.0009132738403743179,0.016320975222903513,-0.05595706309833156,0.9553760122193089,1.0,volatility
2025,1,failed breakout above the 1h high,49313,0.09382229832572299,0.5178756108936792,0.5169520547945206,0.0010191776926889995,0.002586378552433372,0.3940558862623242,0.6935397790399926,1.0,levels
2025,1,failed breakdown below the 1h low,49250,0.09370243531202435,0.5133604060913706,0.5169520547945206,-0.003962990570747671,0.002631425833185796,-1.5060240424674198,0.13206100184447966,1.0,levels
2025,1,wick rejection at the 1h high,13453,0.0255955098934551,0.49617185757823534,0.5169520547945206,-0.021326048296445133,0.004410466065040051,-4.835327600746765,1.3292653584517922e-06,0.15498154981549817,levels
2025,1,wick rejection at the 1h low,13737,0.026135844748858446,0.5311931280483366,0.5169520547945206,0.014623264627851018,0.004483969397093995,3.2612320318974914,0.001109292261590955,0.6531365313653137,levels
2025,1,failed breakout above the 4h high,22821,0.043418949771689495,0.511765479163928,0.5169520547945206,-0.005421992866526781,0.003409352685201986,-1.5903291231970498,0.1117606373105966,1.0,levels
2025,1,failed breakdown below the 4h low,22422,0.04265981735159818,0.506957452502007,0.5169520547945206,-0.010439969483850953,0.00382325392864629,-2.7306502991150947,0.006320950356530686,0.985239852398524,levels
2025,1,wick rejection at the 4h high,5774,0.010985540334855404,0.49272601316245235,0.5169520547945206,-0.02449513391368463,0.007194026572651058,-3.4049268050810064,0.0006618179016182335,0.5498154981549815,levels
2025,1,wick rejection at the 4h low,5991,0.011398401826484019,0.5206142547154065,0.5169520547945206,0.00370442443917951,0.006797645319811998,0.5449570056829566,0.5857830880691899,1.0,levels
2025,1,failed breakout above the daily high,6687,0.012722602739726028,0.4955884552116046,0.5169520547945206,-0.021638902746280386,0.006756526942187575,-3.2026665373252126,0.0013616154624769283,0.7011070110701108,levels
2025,1,failed breakdown below the daily low,7007,0.013331430745814308,0.48708434422720137,0.5169520547945206,-0.030271269905654208,0.006049038960569614,-5.004310619087777,5.606229596111234e-07,0.12915129151291513,levels
2025,1,wick rejection at the daily high,1757,0.003342846270928463,0.50199203187251,0.5169520547945206,-0.015010199712144234,0.01207527149170461,-1.2430527729712613,0.21384838728929267,1.0,levels
2025,1,wick rejection at the daily low,1967,0.0037423896499238964,0.5038129130655821,0.5169520547945206,-0.01318849822820578,0.010843137457443738,-1.2162990905507676,0.22387100785237268,1.0,levels
2025,1,"liquidity sweep of the 1h low (took it out, closed back above)",10111,0.019237062404870622,0.5228958559984176,0.5169520547945206,0.006060385212426023,0.005167384334547746,1.1728148750051186,0.24087005169805975,1.0,levels
2025,1,"liquidity sweep of the 1h high (took it out, closed back below)",9203,0.017509512937595128,0.48201673367380204,0.5169520547945206,-0.03555792303411842,0.005432599861618891,-6.545286592030049,5.938138869510112e-11,0.01845018450184502,levels
2025,1,retest from above of a 4h high broken in the last hour,12787,0.024328386605783864,0.5267068116055369,0.5169520547945206,0.009997991821327101,0.005453402906102739,1.8333491937921274,0.06675065798561008,1.0,levels
2025,1,retest from below of a 4h low broken in the last hour,11692,0.02224505327245053,0.5219808416010948,0.5169520547945206,0.00514319750915615,0.004564465378092007,1.1267907812033968,0.2598309491361186,1.0,levels
2025,1,acceptance above the 4h high (last 5 closes all above it),19615,0.03731925418569254,0.4976293652816722,0.5169520547945206,-0.02007175234039177,0.003847738908175023,-5.21650580234192,1.8232986676025575e-07,0.1033210332103321,levels
2025,1,acceptance below the 4h low (last 5 closes all below it),18942,0.036038812785388126,0.5135149403442086,0.5169520547945206,-0.0035656149810797677,0.0038024362085572437,-0.9377185534514639,0.3483890664935656,1.0,levels
2025,1,"support held (4h low tested within 3 bp, no close below, price now 3+ bp above)",18174,0.03457762557077625,0.5222845823704193,0.5169520547945206,0.005523517702861858,0.003988879545246037,1.3847291301249767,0.16613530829451673,1.0,levels
2025,1,"resistance held (4h high tested within 3 bp, no close above, price now 3+ bp below)",20724,0.03942922374429224,0.5202181046130091,0.5169520547945206,0.0034001136607753057,0.0036550672242979996,0.9302465459929644,0.35224344720229706,1.0,levels
2025,1,"resistance flipped to support (4h high broken, retested within 5 bp, last 3 closes above)",2988,0.005684931506849315,0.5451807228915663,0.5169520547945206,0.02839006366445318,0.009787406330724344,2.9006728345723127,0.0037236242718545753,0.948339483394834,levels
2025,1,"support flipped to resistance (4h low broken, retested within 5 bp, last 3 closes below)",2234,0.004250380517503805,0.517905102954342,0.5169520547945206,0.0009571162681606404,0.012533803509018018,0.07636279501844746,0.9391304684201458,1.0,levels
2025,1,"repeated rejection at the 4h high (2+ touches in 30 minutes, no close above)",13345,0.025390030441400306,0.5316597976770326,0.5169520547945206,0.015090901326582196,0.005182631890560244,2.9118219555722424,0.003593273874048286,0.933579335793358,levels
2025,1,"repeated rejection at the 4h low (2+ touches in 30 minutes, no close below)",11315,0.021527777777777778,0.5195757843570482,0.5169520547945206,0.0026814553371468097,0.005040418510829806,0.5319906137526982,0.5947324964306075,1.0,levels
2025,1,rejecting the ups (3+ up-minutes undone by the next minute in the last 15),93179,0.17728120243531204,0.512894536322562,0.5169520547945206,-0.004931841212294064,0.0019895254556984683,-2.478903297350688,0.013178703053748464,0.992619926199262,levels
2025,1,rejecting the downs (3+ down-minutes undone by the next minute in the last 15),90469,0.1721251902587519,0.5049906597840144,0.5169520547945206,-0.014448313766479592,0.0019851497176707794,-7.278198534784631,3.383959779057477e-13,0.007380073800738007,levels
2025,1,lower highs (three successive 10-minute highs declining),152138,0.2894558599695586,0.5192588307983541,0.5169520547945206,0.003246492193623274,0.001686593610337487,1.924881117611759,0.05424423269725298,1.0,levels
2025,1,higher lows (three successive 10-minute lows rising),150846,0.28699771689497716,0.5110244885512377,0.5169520547945206,-0.008313530522608081,0.0016178268006951028,-5.138702436525439,2.766420628130817e-07,0.12177121771217712,levels
2025,1,approaching the previous day's high from below (within 10 bp),9295,0.01768455098934551,0.5257665411511565,0.5169520547945206,0.008973172890147985,0.0047539932230561965,1.8875022468751874,0.059092804421200684,1.0,levels
2025,1,approaching the previous day's low from above (within 10 bp),6854,0.013040334855403348,0.5313685439159614,0.5169520547945206,0.014606968886949123,0.005504670407284865,2.6535592153924967,0.007964779424216584,0.988929889298893,levels
2025,1,broke above the previous day's high in the last 5 minutes,3509,0.006676179604261796,0.5218010829296096,0.5169520547945206,0.0048816186982783005,0.009229998359338683,0.5288861934996121,0.5968844001316891,1.0,levels
2025,1,broke below the previous day's low in the last 5 minutes,2898,0.005513698630136986,0.5120772946859904,0.5169520547945206,-0.0049017870852674505,0.008931441389191332,-0.5488237420669304,0.5831264152771323,1.0,levels
2025,1,crossed above the daily open in the last 5 minutes,9193,0.017490487062404872,0.5119112368106168,0.5169520547945206,-0.00513055386998984,0.005630094443461637,-0.9112731449732739,0.36215147254842295,1.0,levels
2025,1,crossed below the daily open in the last 5 minutes,9158,0.017423896499238964,0.5156147630487006,0.5169520547945206,-0.001361005769482282,0.005249550838258552,-0.2592613751948675,0.795433578863143,1.0,levels
2025,1,range breakout upward (prior hour under 15 bp),2632,0.0050076103500761035,0.6056231003039514,0.5169520547945206,0.08911731027473357,0.011919024590852641,7.476896250648516,7.616129948928574e-14,0.007380073800738007,levels
2025,1,range breakdown downward (prior hour under 15 bp),2515,0.004785007610350076,0.5276341948310139,0.5169520547945206,0.010733499915273614,0.010530494597000764,1.0192778521847083,0.3080710755258216,1.0,levels
2025,1,reclaimed the session VWAP in the last 5 minutes after 30+ minutes below,4250,0.008085996955859969,0.5044705882352941,0.5169520547945206,-0.012583214392499098,0.00840518346928443,-1.4970778970480179,0.13437299024563476,1.0,levels
2025,1,lost the session VWAP in the last 5 minutes after 30+ minutes above,4493,0.008548325722983257,0.5263743601157356,0.5169520547945206,0.009503544716978674,0.007806402803470805,1.217403835829904,0.223450604337047,1.0,levels
2025,1,"approaching a $1,000 level from below (within 10 bp, rising)",26750,0.05089421613394216,0.5305794392523364,0.5169520547945206,0.0143581302416117,0.0032434559853993915,4.426799779693534,9.564143121920665e-06,0.17343173431734318,round numbers
2025,1,"approaching a $1,000 level from above (within 10 bp, falling)",25717,0.048928843226788435,0.5035968425555081,0.5169520547945206,-0.014042285000339993,0.0032614682667168387,-4.3055102340381435,1.6660128782763906e-05,0.18450184501845018,round numbers
2025,1,"crossed a $1,000 level upward in the last 3 minutes",18339,0.03489155251141553,0.5019902939091554,0.5169520547945206,-0.015502673222163588,0.0038038191359015443,-4.075554769637935,4.590477589649922e-05,0.2029520295202952,round numbers
2025,1,"crossed a $1,000 level downward in the last 3 minutes",18342,0.0348972602739726,0.5236615418165957,0.5169520547945206,0.006952096130179775,0.003640013313768244,1.909909533540351,0.056144862364669645,1.0,round numbers
2025,1,"approaching a $100 level from below (within 10 bp, rising)",248063,0.47196156773211567,0.5182473807057079,0.5169520547945206,0.002453090214710296,0.0016971818513972928,1.4453903173019809,0.14834828160845936,1.0,round numbers
2025,1,"approaching a $100 level from above (within 10 bp, falling)",249258,0.4742351598173516,0.5145993308138556,0.5169520547945206,-0.004474859862914515,0.0016665625666011066,-2.6850836281777455,0.007251166021615019,0.988929889298893,round numbers
2025,1,crossed a $100 level upward in the last 3 minutes,132228,0.2515753424657534,0.5071921226971594,0.5169520547945206,-0.013040634082682523,0.0019291115234654848,-6.7599171556738895,1.3806955578843372e-11,0.01107011070110701,round numbers
2025,1,crossed a $100 level downward in the last 3 minutes,132317,0.2517446727549467,0.5122168731153215,0.5169520547945206,-0.006328296647927889,0.002059542421291549,-3.072671182931684,0.002121521136385418,0.8081180811808119,round numbers
2025,1,10 minutes before funding settlement (00:00 UTC),3650,0.006944444444444444,0.5312328767123288,0.5169520547945206,0.014380687805345294,0.008356598262055452,1.7208782035919137,0.0852729275644124,1.0,time
2025,1,10 minutes after funding settlement (00:00 UTC),3650,0.006944444444444444,0.49726027397260275,0.5169520547945206,-0.0198294855829102,0.008462251484548206,-2.3432871995258227,0.0191146628344816,1.0,time
2025,1,10 minutes before funding settlement (08:00 UTC),3650,0.006944444444444444,0.5084931506849315,0.5169520547945206,-0.008518057285180625,0.008433219637641029,-1.0100599357285716,0.3124665755725067,1.0,time
2025,1,10 minutes after funding settlement (08:00 UTC),3650,0.006944444444444444,0.5208219178082192,0.5169520547945206,0.0038969249928153538,0.008280258633908697,0.4706284145348984,0.6379061127178192,1.0,time
2025,1,10 minutes before funding settlement (16:00 UTC),3650,0.006944444444444444,0.5041095890410959,0.5169520547945206,-0.012932273206245792,0.008219193541703728,-1.5734236139626305,0.11562076272322841,1.0,time
2025,1,10 minutes after funding settlement (16:00 UTC),3650,0.006944444444444444,0.5134246575342466,0.5169520547945206,-0.0035520643739821445,0.008137547973448067,-0.4365030332935847,0.6624717989322118,1.0,time
2025,1,10 minutes after the US equity open (13:30 UTC),3650,0.006944444444444444,0.5063013698630137,0.5169520547945206,-0.010725165245713209,0.008266538246101993,-1.2974191767358674,0.19448699779966727,1.0,time
2025,1,10 minutes after the US equity close (20:00 UTC),3650,0.006944444444444444,0.4989041095890411,0.5169520547945206,-0.018174154612510818,0.00871307092495064,-2.0858494977319118,0.03699225814047313,1.0,time
2025,1,10 minutes after the London open (07:00 UTC),3650,0.006944444444444444,0.5071232876712328,0.5169520547945206,-0.009897499760513462,0.008638139906065665,-1.145790629480715,0.25188179331700056,1.0,time
2025,1,last 5 minutes of the hour,43800,0.08333333333333333,0.5213013698630137,0.5169520547945206,0.00474470734744703,0.0026559326780528658,1.7864561804049568,0.07402542618175367,1.0,time
2025,1,first 5 minutes of the hour,43800,0.08333333333333333,0.5126712328767123,0.5169520547945206,-0.004669987546699894,0.0027517505169327564,-1.69709699987821,0.089678323335882,1.0,time
2025,1,last 5 minutes of a 4-hour block,10950,0.020833333333333332,0.5224657534246575,0.5169520547945206,0.005631011366948435,0.004577692236217292,1.2300982845455635,0.21866030238003642,1.0,time
2025,1,first 5 minutes of a 4-hour block,10950,0.020833333333333332,0.5084018264840182,0.5169520547945206,-0.008732148061789569,0.004713921023389006,-1.8524171318236713,0.06396594709303471,1.0,time
2025,1,last 5 minutes of the UTC day,1825,0.003472222222222222,0.538082191780822,0.5169520547945206,0.021203761156985412,0.011925906049894424,1.7779580912574038,0.07541073818916555,1.0,time
2025,1,first 5 minutes of the UTC day,1825,0.003472222222222222,0.4865753424657534,0.5169520547945206,-0.030482554532003214,0.011197159832355048,-2.7223470048111262,0.006482003967848371,0.985239852398524,time
2025,1,Saturday or Sunday,149760,0.28493150684931506,0.5375200320512821,0.5169520547945206,0.0287636463552412,0.003306475873058944,8.69918531376758,0.0,0.0036900369003690036,time
2025,1,first hour of the week (Monday 00:00 to 01:00 UTC),3120,0.005936073059360731,0.48493589743589743,0.5169520547945206,-0.03220734249673157,0.00888418749037573,-3.6252434487252656,0.00028868936621084806,0.3837638376383764,time
2025,1,volume climax at a new 1h high (hour's largest volume),3122,0.0059398782343987825,0.48078155028827674,0.5169520547945206,-0.036386636697586794,0.009482446685609013,-3.8372624602054226,0.0001244134819080589,0.28413284132841327,volume and flow
2025,1,volume climax at a new 1h low (hour's largest volume),3410,0.006487823439878235,0.5401759530791789,0.5169520547945206,0.023375554756729144,0.008668892519384326,2.696486858553104,0.007007516256576585,0.985239852398524,volume and flow
2025,1,"absorption: heavy taker selling in the last 5 minutes, price did not fall",20559,0.03911529680365297,0.5339753879079722,0.5169520547945206,0.01771631191216194,0.003434288243391031,5.15865607560907,2.487287193986276e-07,0.11439114391143912,volume and flow
2025,1,"absorption: heavy taker buying in the last 5 minutes, price did not rise",11370,0.0216324200913242,0.512664907651715,0.5169520547945206,-0.004381939090015385,0.004547499014285127,-0.9635931918292526,0.3352499214787019,1.0,volume and flow
2025,1,delta divergence: new 4h high with net taker selling over the hour,3358,0.006388888888888889,0.5151876116736153,0.5169520547945206,-0.0017757884359125287,0.008714335796636835,-0.20377782969963898,0.8385271186504992,1.0,volume and flow
2025,1,delta divergence: new 4h low with net taker buying over the hour,1434,0.002728310502283105,0.5292887029288703,0.5169520547945206,0.012370398422282713,0.013859106511788306,0.8925826792485271,0.3720806981821281,1.0,volume and flow
2025,1,taker buying above 70% of the last minute,114158,0.21719558599695585,0.5359939732651238,0.5169520547945206,0.02432525689683862,0.002519351317288825,9.65536514495168,0.0,0.0036900369003690036,volume and flow
2025,1,taker selling above 70% of the last minute,142154,0.27046042617960425,0.5069853820504523,0.5169520547945206,-0.013661593012529227,0.0022075794744786156,-6.188494308118086,6.074161174041137e-10,0.02952029520295203,volume and flow
2025,1,bullish engulfing,43033,0.08187404870624049,0.5301280412706527,0.5169520547945206,0.01435095746674564,0.002820530610746517,5.088034645703538,3.6179328644081465e-07,0.12546125461254612,candles
2025,1,bearish engulfing,44328,0.08433789954337899,0.49981952716116224,0.5169520547945206,-0.018710534841198168,0.002670737578801863,-7.005755634588413,2.4564794642856214e-12,0.01107011070110701,candles
2025,1,pin bar at a new 1h high (long upper wick),3070,0.005840943683409437,0.4609120521172638,0.5169520547945206,-0.05636925230544876,0.009950421972917907,-5.665011238605671,1.4701490025359476e-08,0.055350553505535055,candles
2025,1,pin bar at a new 1h low (long lower wick),3188,0.00606544901065449,0.5367001254705144,0.5169520547945206,0.019868582550367053,0.009144112491247258,2.172827879073585,0.0297932741844944,1.0,candles
2025,1,inside bar (last minute inside the previous one),117857,0.22423325722983256,0.5323739786351256,0.5169520547945206,0.019879588786618108,0.002462917732609134,8.071560216328592,6.661338147750939e-16,0.007380073800738007,candles
2025,1,doji at a new 1h high,2483,0.004724124809741248,0.499798630688683,0.5169520547945206,-0.017234843658355925,0.011655353798399165,-1.478706177132357,0.1392188606607192,1.0,candles
2025,1,doji at a new 1h low,2430,0.004623287671232877,0.5382716049382716,0.5169520547945206,0.02141857437459249,0.009674372317733514,2.2139497707082643,0.026832234425314017,1.0,candles
2025,1,squeeze: last hour's range under 40% of the previous day's median hourly range,12864,0.02447488584474886,0.5544931592039801,0.5169520547945206,0.0384829707249188,0.006886112030402725,5.58849036364983,2.2905208618695383e-08,0.05904059040590406,volatility
2025,3,failed breakout above the 1h high,49313,0.09382265533734907,0.5044106016669032,0.5028310610009932,0.0017430811697218829,0.0035960823665394178,0.4847166977989119,0.6278773202102703,1.0,levels
2025,3,failed breakdown below the 1h low,49250,0.09370279186754896,0.4972994923857868,0.5028310610009932,-0.006103481910316011,0.0035399705325555144,-1.7241617844513215,0.0846786409032736,1.0,levels
2025,3,wick rejection at the 1h high,13453,0.02559560728922104,0.4742436631234669,0.5028310610009932,-0.029338330257313916,0.004863627570878539,-6.032190958242801,1.6175147887764751e-09,0.04059040590405904,levels
2025,3,wick rejection at the 1h low,13737,0.026135944200700915,0.5174346655019291,0.5028310610009932,0.014995526751369836,0.004474331427299378,3.3514564119852994,0.0008038769277900482,0.6051660516605166,levels
2025,3,failed breakout above the 4h high,22821,0.043419114989022026,0.49577143858726613,0.5028310610009932,-0.00738005800068442,0.004977118691528027,-1.482797268477169,0.13812828202515437,1.0,levels
2025,3,failed breakdown below the 4h low,22422,0.04265997968028798,0.4976808491659977,0.5028310610009932,-0.0053797101611561815,0.005176789932647573,-1.0391980804994396,0.29871262302100066,1.0,levels
2025,3,wick rejection at the 4h high,5774,0.01098558213691833,0.47107724281260827,0.5028310610009932,-0.032106527078739566,0.007811150874982112,-4.110345273392648,3.9506793408250473e-05,0.2029520295202952,levels
2025,3,wick rejection at the 4h low,5991,0.011398445199563165,0.5127691537305958,0.5028310610009932,0.010052677624615702,0.006701571237388921,1.5000478646754558,0.13360200434743796,1.0,levels
2025,3,failed breakout above the daily high,6687,0.012722651151640608,0.4800358905338717,0.5028310610009932,-0.023088922777081466,0.008801006739163841,-2.623441097293726,0.0087046495133003,0.992619926199262,levels
2025,3,failed breakdown below the daily low,7007,0.013331481474434834,0.4820893392321964,0.5028310610009932,-0.021021975850402386,0.00881345192126613,-2.385214787372709,0.017069152270488885,1.0,levels
2025,3,wick rejection at the daily high,1757,0.0033428589910920515,0.4735344336937962,0.5028310610009932,-0.02939489028046316,0.014474192730915394,-2.03084834000301,0.04227038160685481,1.0,levels
2025,3,wick rejection at the daily low,1967,0.0037424038904257627,0.5088967971530249,0.5028310610009932,0.006088521859927365,0.011806488379763077,0.5156928685385742,0.6060689362483549,1.0,levels
2025,3,"liquidity sweep of the 1h low (took it out, closed back above)",10111,0.019237135605538833,0.5180496488972406,0.5028310610009932,0.015517092305124769,0.00500954481065933,3.0975054404359126,0.0019515681410753327,0.7970479704797048,levels
2025,3,"liquidity sweep of the 1h high (took it out, closed back below)",9203,0.017509579564610217,0.47375855699228514,0.5028310610009932,-0.029590623383202563,0.005769031631194444,-5.129218432986127,2.9094758913217333e-07,0.12177121771217712,levels
2025,3,retest from above of a 4h high broken in the last hour,12787,0.024328479179905556,0.4974583561429577,0.5028310610009932,-0.005506673858348854,0.005714461093830194,-0.9636383497814546,0.33522727289402443,1.0,levels
2025,3,retest from below of a 4h low broken in the last hour,11692,0.02224513791909406,0.5029934998289428,0.5028310610009932,0.00016613451310687477,0.006129360003968533,0.027104707995501787,0.9783762197041956,1.0,levels
2025,3,acceptance above the 4h high (last 5 closes all above it),19615,0.03731939619252737,0.46816212082589853,0.5028310610009932,-0.03601292062806333,0.005491824931397129,-6.557550737310482,5.469869002183714e-11,0.014760147601476014,levels
2025,3,acceptance below the 4h low (last 5 closes all below it),18942,0.03603894991990076,0.5107697180867913,0.5028310610009932,0.008235454207551673,0.005287218550464993,1.557615621322745,0.11932439336253697,1.0,levels
2025,3,"support held (4h low tested within 3 bp, no close below, price now 3+ bp above)",18174,0.034577757145194614,0.518487949818422,0.5028310610009932,0.016217659095082104,0.005135684812275174,3.157837696020421,0.001589440244371243,0.7416974169741697,levels
2025,3,"resistance held (4h high tested within 3 bp, no close above, price now 3+ bp below)",20724,0.03942937377996111,0.5009168114263656,0.5028310610009932,-0.0019928254335241924,0.005223371212157553,-0.3815209282629256,0.7028167449272988,1.0,levels
2025,3,"resistance flipped to support (4h high broken, retested within 5 bp, last 3 closes above)",2988,0.005684953139091092,0.5056894243641231,0.5028310610009932,0.002874705931639965,0.011075574336888947,0.2595536668527702,0.7952080801064754,1.0,levels
2025,3,"support flipped to resistance (4h low broken, retested within 5 bp, last 3 closes below)",2234,0.004250396691007196,0.5013428827215757,0.5028310610009932,-0.001494530627450974,0.016155496144937595,-0.09250911355757357,0.9262935507004999,1.0,levels
2025,3,"repeated rejection at the 4h high (2+ touches in 30 minutes, no close above)",13345,0.02539012705527799,0.5047583364556013,0.5028310610009932,0.001977484025259324,0.0067020937011311515,0.2950546670103363,0.7679521193076042,1.0,levels
2025,3,"repeated rejection at the 4h low (2+ touches in 30 minutes, no close below)",11315,0.021527859695052113,0.5076447193990279,0.5028310610009932,0.004919566127385644,0.0072769119908287026,0.6760513434250561,0.49900804740774185,1.0,levels
2025,3,rejecting the ups (3+ up-minutes undone by the next minute in the last 15),93179,0.17728187702388518,0.505618218697346,0.5028310610009932,0.0033877431631997856,0.0026477420177278893,1.2794838547400909,0.2007267215131603,1.0,levels
2025,3,rejecting the downs (3+ down-minutes undone by the next minute in the last 15),90469,0.17212584522772156,0.4915385380627618,0.5028310610009932,-0.01364038588852623,0.002429400979263379,-5.61471161202139,1.9689034180814247e-08,0.05904059040590406,levels
2025,3,lower highs (three successive 10-minute highs declining),152138,0.2894569614039627,0.5112660873680475,0.5028310610009932,0.011871239191535932,0.002290899025004364,5.18191289182347,2.1962178409218325e-07,0.11439114391143912,levels
2025,3,higher lows (three successive 10-minute lows rising),150846,0.28699880897568103,0.49170677379579175,0.5028310610009932,-0.015602059779479371,0.002122623957250582,-7.350364498706872,1.9761969838327786e-13,0.007380073800738007,levels
2025,3,approaching the previous day's high from below (within 10 bp),9295,0.017684618282413557,0.5000537923614846,0.5028310610009932,-0.002827267791177701,0.007090338542545038,-0.39874933675069185,0.6900779108512951,1.0,levels
2025,3,approaching the previous day's low from above (within 10 bp),6854,0.013040384476348844,0.522468631456084,0.5028310610009932,0.019897035447262734,0.008592355284086334,2.3156672168937766,0.02057644568945416,1.0,levels
2025,3,broke above the previous day's high in the last 5 minutes,3509,0.006676205008390443,0.5032772869763465,0.5028310610009932,0.0004492250941769971,0.011543428037470944,0.03891609084569804,0.9689572876471417,1.0,levels
2025,3,broke below the previous day's low in the last 5 minutes,2898,0.0055137196108052166,0.5120772946859904,0.5028310610009932,0.009297497479179628,0.012374781784223706,0.7513261761942963,0.45245637948613426,1.0,levels
2025,3,crossed above the daily open in the last 5 minutes,9193,0.017490553617022897,0.4952681388012618,0.5028310610009932,-0.007697556728409716,0.0075042089053652915,-1.0257652506057215,0.30500224928528574,1.0,levels
2025,3,crossed below the daily open in the last 5 minutes,9158,0.017423962800467277,0.5043677658877485,0.5028310610009932,0.001563955183697674,0.007079066022230668,0.22092676898143404,0.825149453733014,1.0,levels
2025,3,range breakout upward (prior hour under 15 bp),2632,0.005007629404982515,0.5509118541033434,0.5028310610009932,0.04832277565464882,0.013710899073931063,3.5244060505504224,0.0004244332956653274,0.45018450184501846,levels
2025,3,range breakdown downward (prior hour under 15 bp),2515,0.004785025818210876,0.5021868787276342,0.5028310610009932,-0.0006472795225861416,0.016524324190668037,-0.039171315880602665,0.9687538026892666,1.0,levels
2025,3,reclaimed the session VWAP in the last 5 minutes after 30+ minutes below,4250,0.008086027724610824,0.4823529411764706,0.5028310610009932,-0.020645056322320998,0.011947855753352473,-1.7279298267832,0.08400080608532612,1.0,levels
2025,3,lost the session VWAP in the last 5 minutes after 30+ minutes above,4493,0.00854835825098269,0.5094591586912975,0.5028310610009932,0.006685245564384545,0.010278453544218667,0.65041356033027,0.5154251204097875,1.0,levels
2025,3,"approaching a $1,000 level from below (within 10 bp, rising)",26750,0.05089440979607989,0.5145046728971963,0.5028310610009932,0.012299592391711633,0.004350758576568358,2.826999516349373,0.004698639885687417,0.9704797047970479,round numbers
2025,3,"approaching a $1,000 level from above (within 10 bp, falling)",25717,0.04892902941030978,0.48815958315511143,0.5028310610009932,-0.015426270278005694,0.004137736587832087,-3.728190509606143,0.0001928595659452803,0.35793357933579334,round numbers
2025,3,"crossed a $1,000 level upward in the last 3 minutes",18339,0.03489168528038539,0.48819455804569495,0.5028310610009932,-0.015165658332920329,0.004575210925612449,-3.3147451733911515,0.0009172670193953181,0.6309963099630996,round numbers
2025,3,"crossed a $1,000 level downward in the last 3 minutes",18342,0.03489739306466159,0.5271508014393196,0.5028310610009932,0.02519912417971104,0.004497933411234411,5.602378220355957,2.1143057749029026e-08,0.05904059040590406,round numbers
2025,3,"approaching a $100 level from below (within 10 bp, rising)",248062,0.47196146104056713,0.49995565624722854,0.5028310610009932,-0.005445444871184979,0.0021052930005617423,-2.5865496487814306,0.009694220319203417,0.992619926199262,round numbers
2025,3,"approaching a $100 level from above (within 10 bp, falling)",249257,0.47423506177725183,0.5045354794449103,0.5028310610009932,0.0032417879550481477,0.0020697956437096834,1.5662357609555642,0.11729343363104983,1.0,round numbers
2025,3,crossed a $100 level upward in the last 3 minutes,132228,0.2515762997576094,0.4970581117463775,0.5028310610009932,-0.007713477342775277,0.0021823982035790125,-3.53440418440851,0.0004086955837672157,0.44649446494464945,round numbers
2025,3,crossed a $100 level downward in the last 3 minutes,132317,0.2517456306911366,0.5098286690296787,0.5028310610009932,0.00935191068132224,0.0020864429365732248,4.482226912317009,7.386813815291049e-06,0.16974169741697417,round numbers
2025,3,10 minutes before funding settlement (00:00 UTC),3648,0.0069406656798541855,0.4980811403508772,0.5028310610009932,-0.00478311867776543,0.01135414427203306,-0.42126632911887163,0.6735606143904516,1.0,time
2025,3,10 minutes after funding settlement (00:00 UTC),3650,0.006944470869371649,0.48164383561643836,0.5028310610009932,-0.02133538836756005,0.012754095674779213,-1.6728264325121889,0.0943614697211066,1.0,time
2025,3,10 minutes before funding settlement (08:00 UTC),3650,0.006944470869371649,0.5090410958904109,0.5028310610009932,0.006253461873229171,0.01133113601076947,0.5518830474972397,0.5810284837912529,1.0,time
2025,3,10 minutes after funding settlement (08:00 UTC),3650,0.006944470869371649,0.5021917808219178,0.5028310610009932,-0.000643750686968092,0.012604041317098578,-0.05107494261342853,0.9592658028232908,1.0,time
2025,3,10 minutes before funding settlement (16:00 UTC),3650,0.006944470869371649,0.49561643835616437,0.5028310610009932,-0.007265074744757516,0.011632058072769574,-0.6245734589105016,0.5322510436817898,1.0,time
2025,3,10 minutes after funding settlement (16:00 UTC),3650,0.006944470869371649,0.5021917808219178,0.5028310610009932,-0.000643750686968092,0.011749462503430935,-0.05478979883378595,0.9563059275472234,1.0,time
2025,3,10 minutes after the US equity open (13:30 UTC),3650,0.006944470869371649,0.4931506849315068,0.5028310610009932,-0.009748071266428626,0.01200626680214259,-0.8119152628433198,0.41684025588248197,1.0,time
2025,3,10 minutes after the US equity close (20:00 UTC),3650,0.006944470869371649,0.5032876712328768,0.5028310610009932,0.0004598033226634879,0.011823794893830203,0.03888796505624592,0.9689797118058843,1.0,time
2025,3,10 minutes after the London open (07:00 UTC),3650,0.006944470869371649,0.5019178082191781,0.5028310610009932,-0.000919639189375987,0.011755528583347023,-0.07823035628348991,0.9376448151828067,1.0,time
2025,3,last 5 minutes of the hour,43798,0.08332984524294232,0.5034019818256541,0.5028310610009932,0.0006228203478624295,0.0034063211454303404,0.1828425216741403,0.8549215835005282,1.0,time
2025,3,first 5 minutes of the hour,43800,0.08333365043245979,0.49961187214611874,0.5028310610009932,-0.003511843601974818,0.00366395052143621,-0.9584855421568933,0.33781797848310013,1.0,time
2025,3,last 5 minutes of a 4-hour block,10948,0.020829607418597483,0.500730727073438,0.5028310610009932,-0.002145013721276845,0.006196570344744836,-0.34616144123918163,0.7292213908232386,1.0,time
2025,3,first 5 minutes of a 4-hour block,10950,0.020833412608114946,0.4905022831050228,0.5028310610009932,-0.012591093338682413,0.006395926237563422,-1.968611405293362,0.048997731854742765,1.0,time
2025,3,last 5 minutes of the UTC day,1823,0.0034684302451683607,0.4794295117937466,0.5028310610009932,-0.023482998348967388,0.014911818952318674,-1.574791004642392,0.11530469343967242,1.0,time
2025,3,first 5 minutes of the UTC day,1825,0.0034722354346858244,0.47506849315068495,0.5028310610009932,-0.027859301905570344,0.016657501223709004,-1.6724778543565442,0.09443013121379029,1.0,time
2025,3,Saturday or Sunday,149760,0.28493259106769814,0.5099626068376069,0.5028310610009932,0.009973249720976796,0.0026879141724321163,3.710404827380578,0.0002069280800123252,0.36900369003690037,time
2025,3,first hour of the week (Monday 00:00 to 01:00 UTC),3120,0.005936095647243711,0.4724358974358974,0.5028310610009932,-0.03057666960041794,0.015168188405053655,-2.0158418911931877,0.04381651151975352,1.0,time
2025,3,volume climax at a new 1h high (hour's largest volume),3122,0.005939900836761175,0.4798206278026906,0.5028310610009932,-0.023147929604731055,0.010249611240798177,-2.2584202523303154,0.023919471271909964,1.0,volume and flow
2025,3,volume climax at a new 1h low (hour's largest volume),3410,0.006487848127275979,0.5539589442815249,0.5028310610009932,0.051461759359619386,0.008805709727244511,5.844135334191039,5.092061883260612e-09,0.04059040590405904,volume and flow
2025,3,"absorption: heavy taker selling in the last 5 minutes, price did not fall",20559,0.03911544564477034,0.5118926017802422,0.5028310610009932,0.009430415691643157,0.004040167353285081,2.3341646191896577,0.01958710374456074,1.0,volume and flow
2025,3,"absorption: heavy taker buying in the last 5 minutes, price did not rise",11370,0.02163250240678237,0.49964819700967456,0.5028310610009932,-0.003253239707112554,0.00584796886537454,-0.55630250126241,0.5780040775510122,1.0,volume and flow
2025,3,delta divergence: new 4h high with net taker selling over the hour,3358,0.006388913199821917,0.4800476474091721,0.5028310610009932,-0.022929910801612163,0.011184924348640381,-2.0500729452318094,0.04035731305340362,1.0,volume and flow
2025,3,delta divergence: new 4h low with net taker buying over the hour,1434,0.0027283208840216287,0.5369595536959554,0.5028310610009932,0.03422186091278068,0.015617067790126072,2.1913115427735756,0.028429255336297032,1.0,volume and flow
2025,3,taker buying above 70% of the last minute,114157,0.2171945098725642,0.5053303783386038,0.5028310610009932,0.003192769301099019,0.0021471844520509313,1.4869562314729756,0.13702637118766292,1.0,volume and flow
2025,3,taker selling above 70% of the last minute,142153,0.27045955273802413,0.5019943300528305,0.5028310610009932,-0.0011469287978521647,0.0019784845287820815,-0.579700665416976,0.5621164945537047,1.0,volume and flow
2025,3,bullish engulfing,43033,0.08187436025251238,0.5059373039295424,0.5028310610009932,0.003383243854733764,0.002342447214748106,1.444320210689392,0.1486489232190107,1.0,candles
2025,3,bearish engulfing,44327,0.08433631787031153,0.4990637760281544,0.5028310610009932,-0.004114267111781367,0.0024485798890035485,-1.6802666436403964,0.09290544794942002,1.0,candles
2025,3,pin bar at a new 1h high (long upper wick),3070,0.005840965909307113,0.4521172638436482,0.5028310610009932,-0.051011755079739596,0.009985144473521737,-5.10876484711972,3.242716273277324e-07,0.12177121771217712,candles
2025,3,pin bar at a new 1h low (long lower wick),3188,0.006065472090837484,0.5159974905897114,0.5028310610009932,0.01324677754823067,0.008733254559116088,1.516820271132851,0.129312067590448,1.0,candles
2025,3,inside bar (last minute inside the previous one),117856,0.22423220788511372,0.5061346049416237,0.5028310610009932,0.004258418529627828,0.0018818431083815887,2.262897746714989,0.023641993340160372,1.0,candles
2025,3,doji at a new 1h high,2483,0.004724142785931453,0.4687877567458719,0.5028310610009932,-0.0342048930538853,0.011899621983049734,-2.874452071049654,0.004047291935672215,0.9630996309963099,candles
2025,3,doji at a new 1h low,2430,0.004623305263718659,0.5181069958847737,0.5028310610009932,0.015346888232929512,0.010573746858117895,1.4514143792980143,0.146664508104295,1.0,candles
2025,3,squeeze: last hour's range under 40% of the previous day's median hourly range,12862,0.024471173786810452,0.5157051780438501,0.5028310610009932,0.013197064706772177,0.008204237190123772,1.6085669393686899,0.10771106817114906,1.0,volatility
2025,5,failed breakout above the 1h high,49313,0.09382301235169217,0.5006996126781984,0.49979261638216427,0.0010009041372678884,0.0042518560631661945,0.2354040499956514,0.8138951429490544,1.0,levels
2025,5,failed breakdown below the 1h low,49250,0.0937031484257871,0.5008730964467005,0.49979261638216427,0.001192192230017708,0.004228363471738235,0.2819512177669084,0.7779809158738649,1.0,levels
2025,5,wick rejection at the 1h high,13453,0.0255957046857282,0.4640600609529473,0.49979261638216427,-0.036671180126204406,0.005017862155823329,-7.308128240160358,2.708944180085382e-13,0.007380073800738007,levels
2025,5,wick rejection at the 1h low,13737,0.026136043653300252,0.520492101623353,0.49979261638216427,0.021255007032850548,0.004926022086890927,4.314842007999543,1.5971708850814892e-05,0.18450184501845018,levels
2025,5,failed breakout above the 4h high,22821,0.04341928020761193,0.49287936549669165,0.49979261638216427,-0.007227043930984722,0.005774611565373796,-1.2515203575457996,0.21074469112155092,1.0,levels
2025,5,failed breakdown below the 4h low,22422,0.04266014201021317,0.5038355186870038,0.49979261638216427,0.004223058583739336,0.006235075100889932,0.6773067710341739,0.4982113357279936,1.0,levels
2025,5,wick rejection at the 4h high,5774,0.010985623939299386,0.45375822653273296,0.49979261638216427,-0.04654572366560422,0.007953398498496475,-5.852306240458504,4.84802886724367e-09,0.04059040590405904,levels
2025,5,wick rejection at the 4h low,5991,0.011398488572972397,0.5234518444333166,0.49979261638216427,0.023932016871995976,0.007299584091677603,3.278545266610646,0.0010434362771460926,0.6420664206642066,levels
2025,5,failed breakout above the daily high,6687,0.012722699563923622,0.4768954688200987,0.49979261638216427,-0.023192215147610495,0.010685299482634976,-2.1704787203485414,0.0299705989754937,1.0,levels
2025,5,failed breakdown below the daily low,7007,0.013331532203441427,0.4897959183673469,0.49979261638216427,-0.010131770033294019,0.010523636978662222,-0.962763163898303,0.3356663904233239,1.0,levels
2025,5,wick rejection at the daily high,1757,0.0033428717113524456,0.4342629482071713,0.49979261638216427,-0.06574946018548372,0.015135329689340313,-4.344104921070238,1.398446705769274e-05,0.18450184501845018,levels
2025,5,wick rejection at the daily low,1967,0.003742418131036005,0.5165226232841891,0.49979261638216427,0.016792852778735767,0.012850366549640531,1.3067995153185354,0.19128080983567797,1.0,levels
2025,5,"liquidity sweep of the 1h low (took it out, closed back above)",10111,0.01923720880676413,0.5198298882405301,0.49979261638216427,0.020430293683947498,0.005603847218193253,3.6457620788838114,0.00026660055251048753,0.3763837638376384,levels
2025,5,"liquidity sweep of the 1h high (took it out, closed back below)",9203,0.01750964619213236,0.4644137781158318,0.49979261638216427,-0.03600934923097582,0.005815463571360807,-6.191999793156593,5.940563596595894e-10,0.02952029520295203,levels
2025,5,retest from above of a 4h high broken in the last hour,12787,0.02432857175473177,0.48580589661374834,0.49979261638216427,-0.014335481560191654,0.006688329715516526,-2.143357485342595,0.032084404156370816,1.0,levels
2025,5,retest from below of a 4h low broken in the last hour,11692,0.022245222566381784,0.49820390010263427,0.49979261638216427,-0.0016248616894514178,0.0068298365931915616,-0.237906378473416,0.8119537082305683,1.0,levels
2025,5,acceptance above the 4h high (last 5 closes all above it),19615,0.037319538200442925,0.45434616365026764,0.49979261638216427,-0.04720824254285033,0.0063982567657368174,-7.3782976006299545,1.603162047558726e-13,0.007380073800738007,levels
2025,5,acceptance below the 4h low (last 5 closes all below it),18942,0.036039087055457046,0.5184246647661281,0.49979261638216427,0.019328634733798367,0.006409797030548059,3.0154831177463515,0.0025657022159655263,0.8597785977859779,levels
2025,5,"support held (4h low tested within 3 bp, no close below, price now 3+ bp above)",18174,0.03457788872061431,0.5166171453725101,0.49979261638216427,0.01742712207828956,0.006601761186442054,2.639768629328701,0.008296264483925953,0.988929889298893,levels
2025,5,"resistance held (4h high tested within 3 bp, no close above, price now 3+ bp below)",20724,0.03942952381677182,0.49531943640223897,0.49979261638216427,-0.004656795197057473,0.006121789320866624,-0.7606918423645195,0.4468411484263899,1.0,levels
2025,5,"resistance flipped to support (4h high broken, retested within 5 bp, last 3 closes above)",2988,0.0056849747714975,0.5020080321285141,0.49979261638216427,0.0022280823382315185,0.01241868427402449,0.17941371960730826,0.8576128594829167,1.0,levels
2025,5,"support flipped to resistance (4h low broken, retested within 5 bp, last 3 closes below)",2234,0.004250412864633673,0.5058191584601611,0.49979261638216427,0.006052266710282472,0.015926555371090747,0.3800110299599565,0.7039372275439792,1.0,levels
2025,5,"repeated rejection at the 4h high (2+ touches in 30 minutes, no close above)",13345,0.02539022366989094,0.5004870738104159,0.49979261638216427,0.0007125492121232702,0.008076856966090826,0.08822110074683442,0.9297009467322539,1.0,levels
2025,5,"repeated rejection at the 4h low (2+ touches in 30 minutes, no close below)",11315,0.02152794161294987,0.5061422889969067,0.49979261638216427,0.0064893755118664576,0.008872674859467414,0.7313888556326502,0.46454167038677596,1.0,levels
2025,5,rejecting the ups (3+ up-minutes undone by the next minute in the last 15),93179,0.1772825516175922,0.5051460092939396,0.49979261638216427,0.006506964113014713,0.0030313357506284206,2.1465666123146425,0.03182780034514798,1.0,levels
2025,5,rejecting the downs (3+ down-minutes undone by the next minute in the last 15),90469,0.1721265002016758,0.4872055621262532,0.49979261638216427,-0.015204079196854736,0.0028701443209738445,-5.29732218890511,1.1751324335840252e-07,0.0959409594095941,levels
2025,5,lower highs (three successive 10-minute highs declining),152138,0.2894580628467492,0.5131788244882936,0.49979261638216427,0.018839434248962728,0.002802246655048985,6.722975015428612,1.7805090735123486e-11,0.01107011070110701,levels
2025,5,higher lows (three successive 10-minute lows rising),150846,0.2869999010646961,0.48482558370788753,0.49979261638216427,-0.02099162776642871,0.0024942138087339074,-8.416130041828415,0.0,0.0036900369003690036,levels
2025,5,approaching the previous day's high from below (within 10 bp),9295,0.01768468557599373,0.49682625067240455,0.49979261638216427,-0.0030197693817886617,0.010666436741847593,-0.2831094820954791,0.7770929131666069,1.0,levels
2025,5,approaching the previous day's low from above (within 10 bp),6854,0.013040434097671976,0.5164867230814123,0.49979261638216427,0.016914681488481687,0.011176637210195297,1.5133963078851806,0.13017902228430955,1.0,levels
2025,5,broke above the previous day's high in the last 5 minutes,3509,0.006676230412712426,0.4779139355941864,0.49979261638216427,-0.022025729634022717,0.01309099676117547,-1.6825097458846958,0.09247003668632248,1.0,levels
2025,5,broke below the previous day's low in the last 5 minutes,2898,0.005513740591633117,0.5106970324361628,0.49979261638216427,0.010964873522220142,0.01301086034183412,0.8427477687209146,0.39936952517533575,1.0,levels
2025,5,crossed above the daily open in the last 5 minutes,9193,0.01749062017214743,0.49091700206678995,0.49979261638216427,-0.009033617894751711,0.008332088584970787,-1.0841960935276571,0.278277863372963,1.0,levels
2025,5,crossed below the daily open in the last 5 minutes,9158,0.01742402910220017,0.5004367765887748,0.49979261638216427,0.0006555831057236117,0.007533921568541744,0.0870175113663289,0.9306575928476302,1.0,levels
2025,5,range breakout upward (prior hour under 15 bp),2632,0.005007648460033942,0.5281155015197568,0.49979261638216427,0.028465430004317893,0.016884323091925838,1.685908866428302,0.09181335391899581,1.0,levels
2025,5,range breakdown downward (prior hour under 15 bp),2515,0.004785044026210245,0.5021868787276342,0.49979261638216427,0.0024057740803616334,0.018476653006316682,0.1302061623140924,0.89640331926621,1.0,levels
2025,5,reclaimed the session VWAP in the last 5 minutes after 30+ minutes below,4250,0.008086058493595841,0.4818823529411765,0.49979261638216427,-0.018056267475974497,0.012846274916317135,-1.4055644607947564,0.15985349543333194,1.0,levels
2025,5,lost the session VWAP in the last 5 minutes after 30+ minutes above,4493,0.008548390779229675,0.5194747384820833,0.49979261638216427,0.01985182324267759,0.011973784494573156,1.6579405827518423,0.09732945981902108,1.0,levels
2025,5,"approaching a $1,000 level from below (within 10 bp, rising)",26750,0.050894603459691476,0.5051214953271028,0.49979261638216427,0.005614633489982757,0.005047067187509007,1.11245467543575,0.26594270755692806,1.0,round numbers
2025,5,"approaching a $1,000 level from above (within 10 bp, falling)",25717,0.048929215595248064,0.4921258311622662,0.49979261638216427,-0.008061214102687952,0.004856211570784165,-1.659980003998519,0.09691847525055275,1.0,round numbers
2025,5,"crossed a $1,000 level upward in the last 3 minutes",18339,0.03489181805036568,0.48197829761710015,0.49979261638216427,-0.01845836466651546,0.004933657873697188,-3.7413142822331777,0.0001830604280987913,0.34686346863468637,round numbers
2025,5,"crossed a $1,000 level downward in the last 3 minutes",18342,0.03489752585636116,0.5260604078072184,0.49979261638216427,0.027217618987416092,0.0048612981713430274,5.598837600182978,2.157938294722328e-08,0.05904059040590406,round numbers
2025,5,"approaching a $100 level from below (within 10 bp, rising)",248062,0.4719632569502051,0.49419903088743944,0.49979261638216427,-0.010593174752229984,0.0022413521495441274,-4.726242930806098,2.287120115296304e-06,0.15867158671586715,round numbers
2025,5,"approaching a $100 level from above (within 10 bp, falling)",249255,0.47423306113440744,0.5040901887625123,0.49979261638216427,0.008173911409531776,0.0022132094619808965,3.693238959052638,0.0002214157832645114,0.3726937269372694,round numbers
2025,5,crossed a $100 level upward in the last 3 minutes,132228,0.2515772570567508,0.4937985903137006,0.49979261638216427,-0.008008877502695244,0.0022011844871811224,-3.6384399169337964,0.0002742946010891867,0.3800738007380074,round numbers
2025,5,crossed a $100 level downward in the last 3 minutes,132317,0.2517465886346167,0.5070247965114082,0.49979261638216427,0.009665415512168485,0.002198308245136817,4.396751699199005,1.0988292352465123e-05,0.17712177121771217,round numbers
2025,5,10 minutes before funding settlement (00:00 UTC),3646,0.0069368868865059856,0.4923203510696654,0.49979261638216427,-0.00752446165185966,0.014035732642961738,-0.5360932587749756,0.5918940988967099,1.0,time
2025,5,10 minutes after funding settlement (00:00 UTC),3650,0.006944497294499958,0.4756164383561644,0.49979261638216427,-0.024345243503644864,0.015326624251441203,-1.5884282868979198,0.11218952529183346,1.0,time
2025,5,10 minutes before funding settlement (08:00 UTC),3650,0.006944497294499958,0.5180821917808219,0.49979261638216427,0.018417475507490955,0.013664149856774064,1.3478683782409198,0.17770072029560469,1.0,time
2025,5,10 minutes after funding settlement (08:00 UTC),3650,0.006944497294499958,0.4947945205479452,0.49979261638216427,-0.005033047821196457,0.015404207654633732,-0.32673201595555407,0.7438705828502137,1.0,time
2025,5,10 minutes before funding settlement (16:00 UTC),3650,0.006944497294499958,0.4926027397260274,0.49979261638216427,-0.007240155899190526,0.014357892800608186,-0.504263125497346,0.6140764861752355,1.0,time
2025,5,10 minutes after funding settlement (16:00 UTC),3650,0.006944497294499958,0.49616438356164383,0.49979261638216427,-0.0036536052724501222,0.014650645613539485,-0.249381861306755,0.8030654145905212,1.0,time
2025,5,10 minutes after the US equity open (13:30 UTC),3650,0.006944497294499958,0.5021917808219178,0.49979261638216427,0.002415941942033706,0.014621842839852118,0.1652282799435519,0.8687643069949194,1.0,time
2025,5,10 minutes after the US equity close (20:00 UTC),3650,0.006944497294499958,0.5150684931506849,0.49979261638216427,0.01538270190024904,0.014179846065826418,1.0848285537684021,0.2779975964295416,1.0,time
2025,5,10 minutes after the London open (07:00 UTC),3650,0.006944497294499958,0.4967123287671233,0.49979261638216427,-0.0031018282529515773,0.014779265760078293,-0.20987701982667,0.8337636583018064,1.0,time
2025,5,last 5 minutes of the hour,43796,0.08332635712600553,0.5,0.49979261638216427,0.0002262349522623719,0.004162990675207116,0.05434433317608051,0.9566608289504905,1.0,time
2025,5,first 5 minutes of the hour,43800,0.08333396753399949,0.5016210045662101,0.49979261638216427,0.0019946066716654554,0.004216079964421971,0.4730950761127032,0.6361453495283811,1.0,time
2025,5,last 5 minutes of a 4-hour block,10946,0.020825881475505903,0.4933308971313722,0.49979261638216427,-0.006599152416864484,0.007315608862300351,-0.9020646867647621,0.36702250632638056,1.0,time
2025,5,first 5 minutes of a 4-hour block,10950,0.020833491883499873,0.4930593607305936,0.49979261638216427,-0.006876517523585035,0.0077245794263915025,-0.8902125467298567,0.3733517688815402,1.0,time
2025,5,last 5 minutes of the UTC day,1821,0.0034646382392560064,0.4634816035145524,0.49979261638216427,-0.03643725477383475,0.01796181076428091,-2.0285958499403827,0.042499471619179774,1.0,time
2025,5,first 5 minutes of the UTC day,1825,0.003472248647249979,0.4810958904109589,0.49979261638216427,-0.018761871855375034,0.01971248349329995,-0.9517761606117252,0.3412105147018327,1.0,time
2025,5,Saturday or Sunday,149760,0.28493367529433256,0.5039596688034188,0.49979261638216427,0.00582750477442745,0.002911348946321099,2.001651084041755,0.04532227077422246,1.0,time
2025,5,first hour of the week (Monday 00:00 to 01:00 UTC),3120,0.005936118235298595,0.46794871794871795,0.49979261638216427,-0.03203405637967227,0.02084720924733173,-1.536611255713873,0.12438853457596744,1.0,time
2025,5,volume climax at a new 1h high (hour's largest volume),3122,0.0059399234392955805,0.45964125560538116,0.49979261638216427,-0.04039128189887742,0.01009590982848472,-4.000756998137699,6.31401716764124e-05,0.23247232472324722,volume and flow
2025,5,volume climax at a new 1h low (hour's largest volume),3410,0.006487872814861605,0.5469208211143695,0.49979261638216427,0.047435963228482037,0.009506617332322364,4.989783597074054,6.044697085094697e-07,0.13284132841328414,volume and flow
2025,5,"absorption: heavy taker selling in the last 5 minutes, price did not fall",20559,0.03911559448702045,0.5068339899800574,0.49979261638216427,0.007328013190238014,0.004502768249472946,1.6274462251295672,0.10364236078098976,1.0,volume and flow
2025,5,"absorption: heavy taker buying in the last 5 minutes, price did not rise",11370,0.021632584722866992,0.49243623570800354,0.49979261638216427,-0.007519036876424301,0.006665182920489448,-1.1281066050430544,0.25927490001839093,1.0,volume and flow
2025,5,delta divergence: new 4h high with net taker selling over the hour,3358,0.006388937510939961,0.4729005360333532,0.49979261638216427,-0.027064996922885165,0.012600017472547713,-2.148012650129496,0.03171275053854394,1.0,volume and flow
2025,5,delta divergence: new 4h low with net taker buying over the hour,1434,0.0027283312658391615,0.5195258019525802,0.49979261638216427,0.01978717152916154,0.01684781229415059,1.1744653361333726,0.2402086885102519,1.0,volume and flow
2025,5,taker buying above 70% of the last minute,114156,0.2171934337399828,0.5014629104033077,0.49979261638216427,0.0021337251028993864,0.00205414129088575,1.038743105144106,0.29892422815343433,1.0,volume and flow
2025,5,taker selling above 70% of the last minute,142153,0.2704605818917952,0.49943370875043086,0.49979261638216427,-0.000491964687342139,0.0019479299501720779,-0.252557689406993,0.800610029136136,1.0,volume and flow
2025,5,bullish engulfing,43033,0.08187467180115526,0.5011502800176608,0.49979261638216427,0.0014787345406971908,0.0023246587591052087,0.636108217993412,0.5247058895100858,1.0,candles
2025,5,bearish engulfing,44327,0.08433663878720538,0.49509328400297786,0.49979261638216427,-0.005132161641765498,0.002226817782941586,-2.304706600189803,0.021183011000463825,1.0,candles
2025,5,pin bar at a new 1h high (long upper wick),3070,0.005840988135373937,0.43778501628664496,0.49979261638216427,-0.062371913703441695,0.010881825052452217,-5.731751190889271,9.939900680322467e-09,0.055350553505535055,candles
2025,5,pin bar at a new 1h low (long lower wick),3188,0.006065495171196128,0.5169385194479298,0.49979261638216427,0.017250536109236658,0.008585692131082012,2.0092190409187967,0.04451390926064258,1.0,candles
2025,5,inside bar (last minute inside the previous one),117856,0.2242330611344074,0.5000593945153408,0.49979261638216427,0.00034388953667791045,0.0017669758066370463,0.19462039909443346,0.8456901322487775,1.0,candles
2025,5,doji at a new 1h high,2483,0.0047241607622584645,0.46194120016109547,0.49979261638216427,-0.03803108116244264,0.012870174552125099,-2.9549778838207765,0.003126914654382862,0.9114391143911439,candles
2025,5,doji at a new 1h low,2430,0.004623322856338328,0.511522633744856,0.49979261638216427,0.01178450091512312,0.011294466019244904,1.0433871681089866,0.29676901412578527,1.0,candles
2025,5,squeeze: last hour's range under 40% of the previous day's median hourly range,12860,0.024467461700621772,0.5081648522550545,0.49979261638216427,0.008582221037429838,0.008890327951747549,0.9653435828250693,0.3343727491495687,1.0,volatility
2025,10,failed breakout above the 1h high,49313,0.09382390489943701,0.49532577616450024,0.4984807578516375,-0.0034816430318514446,0.0050579888521315765,-0.6883453351986302,0.49123533910242,1.0,levels
2025,10,failed breakdown below the 1h low,49250,0.09370403983325437,0.5025583756345178,0.4984807578516375,0.004499212136099606,0.005250922217134509,0.8568422745661771,0.3915320587415341,1.0,levels
2025,10,wick rejection at the 1h high,13453,0.025595948180239008,0.4580390990857058,0.4984807578516375,-0.04150399281530526,0.00541036110387457,-7.671205677118785,1.709743457922741e-14,0.007380073800738007,levels
2025,10,wick rejection at the 1h low,13737,0.026136292288109955,0.5226759845672272,0.4984807578516375,0.024844571703402762,0.005314988766893487,4.67443541144565,2.947633802596883e-06,0.15867158671586715,levels
2025,10,failed breakout above the 4h high,22821,0.04341969325958778,0.489242364488848,0.4984807578516375,-0.009657728993261117,0.0073521305449705966,-1.3135959616315194,0.1889822084513857,1.0,levels
2025,10,failed breakdown below the 4h low,22422,0.04266054784043106,0.5078494335920078,0.4984807578516375,0.009786158628725117,0.007535754344152447,1.2986302607275044,0.19407084782871342,1.0,levels
2025,10,wick rejection at the 4h high,5774,0.010985728446643873,0.44631104953238654,0.4984807578516375,-0.05274919666964223,0.008413799971849285,-6.269366617477167,3.625195699186179e-10,0.02952029520295203,levels
2025,10,wick rejection at the 4h low,5991,0.011398597007939633,0.5249540978133868,0.4984807578516375,0.026778578182901747,0.007991513492098154,3.3508769283039888,0.0008055609536421482,0.6051660516605166,levels
2025,10,failed breakout above the daily high,6687,0.012722820596243087,0.4517720951099148,0.4984807578516375,-0.047310586850524916,0.012263272229468861,-3.8579088815166913,0.00011436126355923726,0.28044280442804426,levels
2025,10,failed breakdown below the daily low,7007,0.013331659027646972,0.49664621093192524,0.4984807578516375,-0.0018593349391390346,0.01303616948349448,-0.14262893263954562,0.8865832461458849,1.0,levels
2025,10,wick rejection at the daily high,1757,0.003342903512426963,0.45589072282299375,0.4984807578516375,-0.04273288694651339,0.015098320342008262,-2.8303073440306536,0.004650330846567741,0.9704797047970479,levels
2025,10,wick rejection at the daily low,1967,0.0037424537330357634,0.5297407219115404,0.4984807578516375,0.03137739249959598,0.013925428863480851,2.2532442488634974,0.024243752830418908,1.0,levels
2025,10,"liquidity sweep of the 1h low (took it out, closed back above)",10111,0.019237391812264668,0.5222035406982495,0.4984807578516375,0.024188098780037304,0.0060321294336613115,4.009877282317514,6.0750312774970894e-05,0.22140221402214022,levels
2025,10,"liquidity sweep of the 1h high (took it out, closed back below)",9203,0.017509812763156142,0.46071933065304793,0.4984807578516375,-0.03843440645935592,0.006158383439355637,-6.240989512562307,4.348112980778751e-10,0.02952029520295203,levels
2025,10,retest from above of a 4h high broken in the last hour,12787,0.024328803194879667,0.4747008680691327,0.4984807578516375,-0.024372852104656895,0.00847192547731342,-2.876896423360172,0.004016073939396625,0.9630996309963099,levels
2025,10,retest from below of a 4h low broken in the last hour,11692,0.022245434187419495,0.5070133424563804,0.4984807578516375,0.00872671415004006,0.008346677347320185,1.0455315075575422,0.2957773863160127,1.0,levels
2025,10,acceptance above the 4h high (last 5 closes all above it),19615,0.03731989322496009,0.450165689523324,0.4984807578516375,-0.05018808219707388,0.008238388068135963,-6.091978404269265,1.1152372358935736e-09,0.033210332103321034,levels
2025,10,acceptance below the 4h low (last 5 closes all below it),18942,0.036039429898913795,0.5297223102101151,0.4984807578516375,0.03240957496342556,0.00851503500161644,3.80615874829324,0.0001411418082493121,0.3062730627306273,levels
2025,10,"support held (4h low tested within 3 bp, no close below, price now 3+ bp above)",18174,0.034578217663544464,0.5159568614504236,0.4984807578516375,0.018102039873692854,0.007928413851232738,2.2831855416929687,0.02241944141326435,1.0,levels
2025,10,"resistance held (4h high tested within 3 bp, no close above, price now 3+ bp below)",20724,0.039429898913794184,0.491121405134144,0.4984807578516375,-0.007661442625761072,0.007900846976573358,-0.9696989004442006,0.3321965987151936,1.0,levels
2025,10,"resistance flipped to support (4h high broken, retested within 5 bp, last 3 closes above)",2988,0.005685028853233788,0.48761713520749667,0.4984807578516375,-0.01092573576722028,0.015093280678663083,-0.7238807784622772,0.4691389315447494,1.0,levels
2025,10,"support flipped to resistance (4h low broken, retested within 5 bp, last 3 closes below)",2234,0.004250453299238381,0.4811996418979409,0.4984807578516375,-0.017354882069446576,0.019545062959012198,-0.8879419885134863,0.3745719570947883,1.0,levels
2025,10,"repeated rejection at the 4h high (2+ touches in 30 minutes, no close above)",13345,0.025390465209640195,0.49434245035593855,0.4984807578516375,-0.00424611841765854,0.010798860778765422,-0.39320058889989473,0.6941713347949885,1.0,levels
2025,10,"repeated rejection at the 4h low (2+ touches in 30 minutes, no close below)",11315,0.021528146410421792,0.49977905435262926,0.4984807578516375,0.0013268613667617446,0.010372955151982836,0.12791546356084546,0.8982158734269474,1.0,levels
2025,10,rejecting the ups (3+ up-minutes undone by the next minute in the last 15),93179,0.177284238124321,0.5037079170199293,0.4984807578516375,0.006353542025710868,0.003857118366441725,1.6472250582167502,0.09951179507279928,1.0,levels
2025,10,rejecting the downs (3+ down-minutes undone by the next minute in the last 15),90469,0.17212813765836935,0.48614442516221024,0.4984807578516375,-0.014901258577062926,0.0036751652983112192,-4.054581867082339,5.022405912580297e-05,0.2066420664206642,levels
2025,10,lower highs (three successive 10-minute highs declining),152138,0.2894608164903889,0.5166362118602847,0.4984807578516375,0.025551657712908793,0.0032752261792238875,7.801494099855916,6.217248937900877e-15,0.007380073800738007,levels
2025,10,higher lows (three successive 10-minute lows rising),150844,0.28699882608339944,0.4797804354167219,0.4984807578516375,-0.02622761801666118,0.003215516170607976,-8.156580973344063,4.440892098500626e-16,0.007380073800738007,levels
2025,10,approaching the previous day's high from below (within 10 bp),9295,0.01768485381218476,0.48843464228079614,0.4984807578516375,-0.010226978184983193,0.012819925074397972,-0.797740870218265,0.4250208811849756,1.0,levels
2025,10,approaching the previous day's low from above (within 10 bp),6854,0.01304055815263199,0.5205719288007004,0.4984807578516375,0.02238305852539707,0.014831632345508727,1.5091432961642315,0.13126216721233464,1.0,levels
2025,10,broke above the previous day's high in the last 5 minutes,3509,0.00667629392436324,0.4890282131661442,0.4984807578516375,-0.009516076811292296,0.015690867871725404,-0.6064723053617738,0.544201167343457,1.0,levels
2025,10,broke below the previous day's low in the last 5 minutes,2898,0.0055137930444014455,0.5224292615596964,0.4984807578516375,0.02408128291831413,0.013294769330993187,1.8113351438279623,0.07008898872996983,1.0,levels
2025,10,crossed above the daily open in the last 5 minutes,9193,0.01749078656217477,0.48047427390405745,0.4984807578516375,-0.01832703826213994,0.009021671278551644,-2.031446025495422,0.042209769543528175,1.0,levels
2025,10,crossed below the daily open in the last 5 minutes,9158,0.017424194858739972,0.49301157457960254,0.4984807578516375,-0.005566169290367018,0.008948223703906634,-0.6220418123808111,0.5339143746065234,1.0,levels
2025,10,range breakout upward (prior hour under 15 bp),2632,0.005007696098296965,0.5224164133738601,0.4984807578516375,0.02405612126683071,0.01717245963466893,1.400854727779623,0.1612575191278789,1.0,levels
2025,10,range breakdown downward (prior hour under 15 bp),2515,0.004785089546814919,0.4974155069582505,0.4984807578516375,-0.0010703727227136528,0.018456910237993063,-0.057993061076404805,0.9537541556849423,1.0,levels
2025,10,reclaimed the session VWAP in the last 5 minutes after 30+ minutes below,4250,0.008086135417082864,0.492,0.4984807578516375,-0.0065335893397986955,0.013426207894317619,-0.48662953763466676,0.6265208874205515,1.0,levels
2025,10,lost the session VWAP in the last 5 minutes after 30+ minutes above,4493,0.008548472100930191,0.527709770754507,0.4984807578516375,0.029481030671067776,0.013336293998560768,2.2105864398497306,0.027064488631199035,1.0,levels
2025,10,"approaching a $1,000 level from below (within 10 bp, rising)",26750,0.05089508762516862,0.5017196261682243,0.4984807578516375,0.003412550366515943,0.005801980823386163,0.5881698803210287,0.5564182720239754,1.0,round numbers
2025,10,"approaching a $1,000 level from above (within 10 bp, falling)",25717,0.04892968106379295,0.4925146790061049,0.4984807578516375,-0.006273015492908873,0.005540651803129278,-1.1321800603614844,0.2575587413263598,1.0,round numbers
2025,10,"crossed a $1,000 level upward in the last 3 minutes",18339,0.034892149979737094,0.47625279459076286,0.4984807578516375,-0.0230315847709745,0.005205345561763412,-4.424602458702493,9.66200397778394e-06,0.17343173431734318,round numbers
2025,10,"crossed a $1,000 level downward in the last 3 minutes",18342,0.03489785784003151,0.5212081561443681,0.4984807578516375,0.023549215466318496,0.005512084516870223,4.272288531542656,1.9347700478622443e-05,0.1918819188191882,round numbers
2025,10,"approaching a $100 level from below (within 10 bp, rising)",248060,0.4719639415439001,0.4903087962589696,0.4984807578516375,-0.015476143081140092,0.002194908766498985,-7.050927727545367,1.7772450178199506e-12,0.01107011070110701,round numbers
2025,10,"approaching a $100 level from above (within 10 bp, falling)",249252,0.4742318647008796,0.5057853096464622,0.4984807578516375,0.013893104782146948,0.002166481880005419,6.412749125837229,1.4291856587078655e-10,0.02952029520295203,round numbers
2025,10,crossed a $100 level upward in the last 3 minutes,132228,0.2515796503364784,0.49049369271258736,0.4984807578516375,-0.010671897340366221,0.0022512671403088634,-4.740395819441528,2.133011071103752e-06,0.15498154981549817,round numbers
2025,10,crossed a $100 level downward in the last 3 minutes,132317,0.2517489835252126,0.510138530952183,0.4984807578516375,0.0155800297545447,0.002082992831792921,7.4796367595438635,7.460698725481052e-14,0.007380073800738007,round numbers
2025,10,10 minutes before funding settlement (00:00 UTC),3641,0.006927439777317344,0.47157374347706676,0.4984807578516375,-0.027094711355771628,0.017939317704606488,-1.5103535040696783,0.13095324606549408,1.0,time
2025,10,10 minutes after funding settlement (00:00 UTC),3650,0.006944563358200578,0.4742465753424657,0.4984807578516375,-0.024403655239151723,0.01895127210046051,-1.2877053904238291,0.19784853645261458,1.0,time
2025,10,10 minutes before funding settlement (08:00 UTC),3650,0.006944563358200578,0.5378082191780822,0.4984807578516375,0.039602483280729794,0.017803809518672775,2.224382553587444,0.026122716652650535,1.0,time
2025,10,10 minutes after funding settlement (08:00 UTC),3650,0.006944563358200578,0.4989041095890411,0.4984807578516375,0.0004263122901126404,0.018855582876262746,0.022609340316353945,0.9819618932381269,1.0,time
2025,10,10 minutes before funding settlement (16:00 UTC),3650,0.006944563358200578,0.4876712328767123,0.4984807578516375,-0.010885117362107788,0.01776298259955631,-0.6127978396139215,0.5400100195333661,1.0,time
2025,10,10 minutes after funding settlement (16:00 UTC),3650,0.006944563358200578,0.4813698630136986,0.4984807578516375,-0.017230553508475355,0.018895279998056763,-0.9118972309617739,0.36182281936924454,1.0,time
2025,10,10 minutes after the US equity open (13:30 UTC),3650,0.006944563358200578,0.4997260273972603,0.4984807578516375,0.0012539778744214969,0.019107285393216857,0.0656282589920734,0.9476737901851284,1.0,time
2025,10,10 minutes after the US equity close (20:00 UTC),3650,0.006944563358200578,0.5101369863013698,0.4984807578516375,0.011737741942333069,0.018359062183248624,0.6393432205400419,0.5225996775440218,1.0,time
2025,10,10 minutes after the London open (07:00 UTC),3650,0.006944563358200578,0.5016438356164383,0.4984807578516375,0.0031851975711419955,0.01865262044844303,0.1707640800361576,0.8644092741355016,1.0,time
2025,10,last 5 minutes of the hour,43795,0.08332524719791624,0.49779655211782164,0.4984807578516375,-0.0007463996709022314,0.004755891559088589,-0.15694211308831232,0.8752904696428545,1.0,time
2025,10,first 5 minutes of the hour,43800,0.08333476029840693,0.498013698630137,0.4984807578516375,-0.0005095199438919784,0.004528009602169234,-0.1125262507499725,0.9104061568306303,1.0,time
2025,10,last 5 minutes of a 4-hour block,10945,0.02082417697411105,0.4919141160347191,0.4984807578516375,-0.006706294888517483,0.008930085265213829,-0.7509776994673413,0.452666076872815,1.0,time
2025,10,first 5 minutes of a 4-hour block,10950,0.020833690074601733,0.48611872146118723,0.4984807578516375,-0.01262506304101918,0.009054781544244097,-1.394297916446656,0.16322765985305687,1.0,time
2025,10,last 5 minutes of the UTC day,1820,0.003462768578609603,0.4554945054945055,0.4984807578516375,-0.04313562103025437,0.021901516013818633,-1.9695267214853163,0.04889263715666514,1.0,time
2025,10,first 5 minutes of the UTC day,1825,0.003472281679100289,0.4723287671232877,0.4984807578516375,-0.02624311421303427,0.02194004103848191,-1.1961287659856674,0.23164631360343213,1.0,time
2025,10,Saturday or Sunday,149760,0.2849363858970188,0.5006610576923077,0.4984807578516375,0.003049099125824406,0.003782611910000216,0.8060829919568016,0.4201949976751411,1.0,time
2025,10,first hour of the week (Monday 00:00 to 01:00 UTC),3120,0.005936174706187891,0.47435897435897434,0.4984807578516375,-0.024265829697135977,0.02588839678612661,-0.9373245434085685,0.34859164180348445,1.0,time
2025,10,volume climax at a new 1h high (hour's largest volume),3122,0.005939979946384165,0.43625880845611786,0.4984807578516375,-0.06259375504525733,0.010552966981739834,-5.931389262713082,3.003821191782663e-09,0.04059040590405904,volume and flow
2025,10,volume climax at a new 1h low (hour's largest volume),3410,0.006487934534647664,0.5480938416422287,0.4984807578516375,0.04993707224617644,0.009479949254129875,5.26765185208367,1.3817984734210143e-07,0.1033210332103321,volume and flow
2025,10,"absorption: heavy taker selling in the last 5 minutes, price did not fall",20559,0.03911596659760156,0.5064448659954278,0.4984807578516375,0.008288313539345837,0.005360129723732814,1.546289729266818,0.1220346113222519,1.0,volume and flow
2025,10,"absorption: heavy taker buying in the last 5 minutes, price did not rise",11370,0.021632790515819334,0.4920844327176781,0.4984807578516375,-0.006537755018723168,0.007446943926606762,-0.8779111382005705,0.379991944221866,1.0,volume and flow
2025,10,delta divergence: new 4h high with net taker selling over the hour,3358,0.0063889982895445315,0.4455032757593806,0.4984807578516375,-0.053318131543489966,0.014324015004965572,-3.7222895623194105,0.00019742443049519665,0.35793357933579334,volume and flow
2025,10,delta divergence: new 4h low with net taker buying over the hour,1434,0.0027283572207286656,0.500697350069735,0.4984807578516375,0.002222656418786939,0.01991135341505575,0.1116275911765145,0.9111186941482079,1.0,volume and flow
2025,10,taker buying above 70% of the last minute,114155,0.21719359730284574,0.4937497262493977,0.4984807578516375,-0.0060436802585403515,0.0021692157084050264,-2.7861130800053666,0.005334425920496821,0.981549815498155,volume and flow
2025,10,taker selling above 70% of the last minute,142149,0.270455544330097,0.500995434368163,0.4984807578516375,0.003446913340210911,0.0019861086222807255,1.7355109894506608,0.0826503367035143,1.0,volume and flow
2025,10,bullish engulfing,43033,0.08187545068313574,0.49441126577277905,0.4984807578516375,-0.0044323965434606705,0.0023249930784277045,-1.9064127908966142,0.05659667050585249,1.0,candles
2025,10,bearish engulfing,44327,0.08433744109012521,0.4996728856001985,0.4984807578516375,0.00130192911893251,0.0022618150077509482,0.5756125564959852,0.5648770919380046,1.0,candles
2025,10,pin bar at a new 1h high (long upper wick),3070,0.005841043701281034,0.44560260586319217,0.4984807578516375,-0.05318883027047516,0.009559924593514403,-5.563729059804432,2.6406984376947662e-08,0.07011070110701106,candles
2025,10,pin bar at a new 1h low (long lower wick),3188,0.006065552872861217,0.5244667503136763,0.4984807578516375,0.026144573756497258,0.009338357064185896,2.799697374687664,0.005115053523129021,0.974169741697417,candles
2025,10,inside bar (last minute inside the previous one),117854,0.22423138904585505,0.4971235596585606,0.4984807578516375,-0.0017494884091889817,0.0018739984481579192,-0.9335591557766086,0.35053134245767215,1.0,candles
2025,10,doji at a new 1h high,2483,0.0047242057036745305,0.44583165525573903,0.4984807578516375,-0.052899008393067715,0.012062626294768777,-4.3853641073178675,1.1579192801036697e-05,0.18081180811808117,candles
2025,10,doji at a new 1h low,2430,0.004623366838473262,0.5279835390946502,0.4984807578516375,0.029639816989982637,0.011776427756311858,2.51687673064495,0.011840024554262696,0.992619926199262,candles
2025,10,squeeze: last hour's range under 40% of the previous day's median hourly range,12857,0.02446198660174927,0.492572139690441,0.4984807578516375,-0.0060567790081434425,0.012299570052202538,-0.4924382708043383,0.6224095500877558,1.0,volatility
2025,15,failed breakout above the 1h high,49313,0.0938247974641638,0.49380487903798187,0.4991647418310229,-0.005914819538254845,0.005402722467425074,-1.0947850040266525,0.27361083770357597,1.0,levels
2025,15,failed breakdown below the 1h low,49250,0.0937049312576819,0.5086294416243655,0.4991647418310229,0.01044328731312305,0.00540543267947533,1.9319984046377416,0.05335970278974256,1.0,levels
2025,15,wick rejection at the 1h high,13453,0.02559619167938263,0.4630194008771278,0.4991647418310229,-0.03709482726282809,0.005730992958935978,-6.472670186235083,9.62858681674561e-11,0.025830258302583026,levels
2025,15,wick rejection at the 1h low,13737,0.02613654092765028,0.5235495377447769,0.4991647418310229,0.025039234901555518,0.0059416048177204596,4.214220849370121,2.50641939147922e-05,0.1918819188191882,levels
2025,15,failed breakout above the 4h high,22821,0.04342010631942251,0.4889794487533412,0.4991647418310229,-0.010647613591889649,0.007970401225992112,-1.3358943031835002,0.18158382325183542,1.0,levels
2025,15,failed breakdown below the 4h low,22422,0.04266095367837043,0.5210953527785211,0.4991647418310229,0.022907883086730807,0.007647935954232545,2.9953026834714866,0.002741726244318121,0.8819188191881919,levels
2025,15,wick rejection at the 4h high,5774,0.010985832955976757,0.44631104953238654,0.4991647418310229,-0.05344078382274953,0.00906687877689233,-5.894066209305419,3.7680607523071785e-09,0.04059040590405904,levels
2025,15,wick rejection at the 4h low,5991,0.011398705444969995,0.529627774995827,0.4991647418310229,0.030814276020663667,0.008838169352751953,3.486499838461342,0.0004893856793186657,0.4833948339483395,levels
2025,15,failed breakout above the daily high,6687,0.012722941630865358,0.4502766561985943,0.4991647418310229,-0.04951810154809627,0.013084864557297123,-3.7843801386909415,0.00015409214783890235,0.3210332103321033,levels
2025,15,failed breakdown below the daily low,7007,0.013331785854265525,0.5167689453403739,0.4991647418310229,0.017842070168027913,0.013748167369949422,1.297778073827272,0.19436360617363846,1.0,levels
2025,15,wick rejection at the daily high,1757,0.0033429353141065403,0.46272054638588506,0.4991647418310229,-0.0365664346709102,0.016319569557830944,-2.240649457164377,0.02504879042493302,1.0,levels
2025,15,wick rejection at the daily low,1967,0.0037424893357128996,0.5322826639552618,0.4991647418310229,0.03324233119422754,0.01570169155373315,2.1171178328441957,0.03424984857959301,1.0,levels
2025,15,"liquidity sweep of the 1h low (took it out, closed back above)",10111,0.01923757482124714,0.5229947581841559,0.4991647418310229,0.024297440176493046,0.006672401055064742,3.641483774128036,0.00027107121282687885,0.3763837638376384,levels
2025,15,"liquidity sweep of the 1h high (took it out, closed back below)",9203,0.017509979337349168,0.46778224492013476,0.4991647418310229,-0.03194179711842965,0.006277775559599201,-5.08807567508338,3.6171504058657433e-07,0.12546125461254612,levels
2025,15,retest from above of a 4h high broken in the last hour,12787,0.024329034639431035,0.48432001251270823,0.4991647418310229,-0.015214892976577021,0.009652152082911983,-1.5763213059513665,0.11495177389163325,1.0,levels
2025,15,retest from below of a 4h low broken in the last hour,11692,0.02224564581248359,0.5170201847417037,0.4991647418310229,0.01826168590731375,0.009998760442537925,1.8263949828843482,0.06779078705621489,1.0,levels
2025,15,acceptance above the 4h high (last 5 closes all above it),19615,0.03732024825623209,0.44583227122100433,0.4991647418310229,-0.05540001284270679,0.009153798616101855,-6.05213367325519,1.429397711305569e-09,0.04059040590405904,levels
2025,15,acceptance below the 4h low (last 5 closes all below it),18942,0.03603977274889362,0.5319923978460563,0.4991647418310229,0.03405499011992125,0.010020633977996104,3.3984865822562917,0.0006775978669855132,0.5535055350553506,levels
2025,15,"support held (4h low tested within 3 bp, no close below, price now 3+ bp above)",18174,0.03457854661273321,0.5130406074612083,0.4991647418310229,0.014372858176603276,0.008911546821952396,1.6128353992594948,0.10678027314372196,1.0,levels
2025,15,"resistance held (4h high tested within 3 bp, no close above, price now 3+ bp below)",20724,0.03943027401795329,0.4901563404748118,0.4991647418310229,-0.00937818579177191,0.008723142863426611,-1.0750925370134297,0.2823333004074533,1.0,levels
2025,15,"resistance flipped to support (4h high broken, retested within 5 bp, last 3 closes above)",2988,0.005685082935999056,0.48761713520749667,0.4991647418310229,-0.011613631079400721,0.018051459089108646,-0.643362457409762,0.5199889378984281,1.0,levels
2025,15,"support flipped to resistance (4h low broken, retested within 5 bp, last 3 closes below)",2234,0.004250493734612414,0.4923903312444047,0.4991647418310229,-0.006803328090039418,0.02149696441209648,-0.3164785483019706,0.7516393050450607,1.0,levels
2025,15,"repeated rejection at the 4h high (2+ touches in 30 minutes, no close above)",13345,0.025390706753985075,0.4909704008992132,0.4991647418310229,-0.008407821460964915,0.012457808105935083,-0.6749037542936068,0.4997369151349569,1.0,levels
2025,15,"repeated rejection at the 4h low (2+ touches in 30 minutes, no close below)",11315,0.021528351211790267,0.49527176314626603,0.4991647418310229,-0.003978632073374955,0.01130578964268614,-0.35191102958021003,0.7249049872457483,1.0,levels
2025,15,rejecting the ups (3+ up-minutes undone by the next minute in the last 15),93179,0.17728592466313792,0.5042230545509181,0.4991647418310229,0.006148324030829377,0.004218252648468937,1.4575523429259227,0.14496397378856685,1.0,levels
2025,15,rejecting the downs (3+ down-minutes undone by the next minute in the last 15),90469,0.17212977514621774,0.48320419149100796,0.4991647418310229,-0.019279048649000374,0.004385145968094368,-4.396443992804732,1.100387368802025e-05,0.17712177121771217,levels
2025,15,lower highs (three successive 10-minute highs declining),152135,0.2894578622718261,0.5203404870674072,0.4991647418310229,0.029802237069415483,0.003798535474105587,7.845717717413919,4.218847493575595e-15,0.007380073800738007,levels
2025,15,higher lows (three successive 10-minute lows rising),150843,0.2869996537198479,0.479027863407649,0.4991647418310229,-0.02824245251553037,0.003667311315523334,-7.701133087879152,1.354472090042691e-14,0.007380073800738007,levels
2025,15,approaching the previous day's high from below (within 10 bp),9295,0.017685022051576717,0.48886498117267346,0.4991647418310229,-0.010485191501264313,0.0156805419464725,-0.6686753262136494,0.5037026102544746,1.0,levels
2025,15,approaching the previous day's low from above (within 10 bp),6854,0.013040682209952319,0.5342865480011671,0.4991647418310229,0.035585870194515534,0.016822888807705293,2.1153245795820954,0.034402292947779634,1.0,levels
2025,15,broke above the previous day's high in the last 5 minutes,3509,0.006676357437222453,0.48332858364206327,0.4991647418310229,-0.015942596662757658,0.01529217426707174,-1.0425330227295706,0.29716462345523675,1.0,levels
2025,15,broke below the previous day's low in the last 5 minutes,2898,0.0055138454981677595,0.5379572118702554,0.4991647418310229,0.03900755165230507,0.014195706771493127,2.7478414622255682,0.005998900782834937,0.985239852398524,levels
2025,15,crossed above the daily open in the last 5 minutes,9193,0.017490952955367914,0.4854780811487001,0.4991647418310229,-0.013930315169607854,0.009410657016951013,-1.4802702026559649,0.13880115193678622,1.0,levels
2025,15,crossed below the daily open in the last 5 minutes,9158,0.01742436061843352,0.4987988643808692,0.4991647418310229,-0.00037236568411569415,0.01011578323307314,-0.03681036609189684,0.970636208705282,1.0,levels
2025,15,range breakout upward (prior hour under 15 bp),2632,0.005007743737466371,0.5121580547112462,0.4991647418310229,0.013058707541131809,0.017909589698081475,0.7291461033599611,0.46591229568605597,1.0,levels
2025,15,range breakdown downward (prior hour under 15 bp),2515,0.004785135068285685,0.5129224652087475,0.4991647418310229,0.013823872474682752,0.02030603662980363,0.6807764965021851,0.49601292416708476,1.0,levels
2025,15,reclaimed the session VWAP in the last 5 minutes after 30+ minutes below,4250,0.008086212342033463,0.4797647058823529,0.4991647418310229,-0.01955818760668293,0.013490387114305601,-1.4497869809786894,0.147117931119487,1.0,levels
2025,15,lost the session VWAP in the last 5 minutes after 30+ minutes above,4493,0.008548553424177966,0.5185844647229023,0.4991647418310229,0.019587164816743552,0.014674628029078268,1.3347639734329844,0.18195360812733807,1.0,levels
2025,15,"approaching a $1,000 level from below (within 10 bp, rising)",26750,0.05089557179985768,0.5029532710280373,0.4991647418310229,0.003991688463827858,0.0064596585951106145,0.617941088535114,0.5366141727878431,1.0,round numbers
2025,15,"approaching a $1,000 level from above (within 10 bp, falling)",25717,0.04893014654119402,0.4967531205039468,0.4991647418310229,-0.0025356931652344983,0.0061424823048801935,-0.4128124493284895,0.6797440296148385,1.0,round numbers
2025,15,"crossed a $1,000 level upward in the last 3 minutes",18339,0.03489248191542393,0.47816129559954196,0.4991647418310229,-0.02176280449370649,0.005426591289288541,-4.010400513608558,6.061583745164967e-05,0.22140221402214022,round numbers
2025,15,"crossed a $1,000 level downward in the last 3 minutes",18342,0.0348981898300183,0.5255697306727729,0.4991647418310229,0.027359796203365705,0.005882043244496922,4.651410244044496,3.296727570711866e-06,0.15867158671586715,round numbers
2025,15,"approaching a $100 level from below (within 10 bp, rising)",248058,0.47196462615062046,0.49044175152585284,0.4991647418310229,-0.01651970821874954,0.0021656853857132392,-7.627935399909899,2.375877272697835e-14,0.007380073800738007,round numbers
2025,15,"approaching a $100 level from above (within 10 bp, falling)",249249,0.4742306682445879,0.5072598084646277,0.4991647418310229,0.01539661243948448,0.0021343502595777145,7.213723413199636,5.444533712761768e-13,0.007380073800738007,round numbers
2025,15,crossed a $100 level upward in the last 3 minutes,132228,0.25158204366174136,0.48904921801736395,0.4991647418310229,-0.013515875358136198,0.002098011143599269,-6.442232396796935,1.1772871566506637e-10,0.025830258302583026,round numbers
2025,15,crossed a $100 level downward in the last 3 minutes,132317,0.2517513784613745,0.5119070111928172,0.4991647418310229,0.01702945918642973,0.002169049134619501,7.8511173004926285,4.218847493575595e-15,0.007380073800738007,round numbers
2025,15,10 minutes before funding settlement (00:00 UTC),3640,0.006925603041176896,0.460989010989011,0.4991647418310229,-0.03844196462915639,0.020537210534023284,-1.8718201561731531,0.06123148872605566,1.0,time
2025,15,10 minutes after funding settlement (00:00 UTC),3650,0.006944629423158151,0.47534246575342465,0.4991647418310229,-0.023988869889259523,0.019762565946251517,-1.213854008356118,0.22480347812734203,1.0,time
2025,15,10 minutes before funding settlement (08:00 UTC),3650,0.006944629423158151,0.5306849315068494,0.4991647418310229,0.03174061649504717,0.02014484620909078,1.5756196977430166,0.11511347381730297,1.0,time
2025,15,10 minutes after funding settlement (08:00 UTC),3650,0.006944629423158151,0.4893150684931507,0.4991647418310229,-0.00991855401995434,0.020229420497589495,-0.4903034182880433,0.6239192085105187,1.0,time
2025,15,10 minutes before funding settlement (16:00 UTC),3650,0.006944629423158151,0.48383561643835615,0.4991647418310229,-0.015436324949093638,0.020318074321236786,-0.759733659058395,0.44741380490330984,1.0,time
2025,15,10 minutes after funding settlement (16:00 UTC),3650,0.006944629423158151,0.4843835616438356,0.4991647418310229,-0.014884547856179708,0.020303877236214646,-0.7330889407482799,0.4635041848762036,1.0,time
2025,15,10 minutes after the US equity open (13:30 UTC),3650,0.006944629423158151,0.5073972602739726,0.4991647418310229,0.008290090046205179,0.020005611143045176,0.4143882427249505,0.6785897980304096,1.0,time
2025,15,10 minutes after the US equity close (20:00 UTC),3650,0.006944629423158151,0.5208219178082192,0.4991647418310229,0.021808628822596432,0.020297257164330958,1.0744618667452988,0.2826157270387357,1.0,time
2025,15,10 minutes after the London open (07:00 UTC),3650,0.006944629423158151,0.5153424657534247,0.4991647418310229,0.01629085789345719,0.020862602297926035,0.7808641348196852,0.43488240816608825,1.0,time
2025,15,last 5 minutes of the hour,43795,0.08332603988690719,0.5003767553373673,0.4991647418310229,0.001322186032419681,0.004542150867140124,0.2910924958448528,0.7709805789956574,1.0,time
2025,15,first 5 minutes of the hour,43800,0.08333555307789782,0.49732876712328766,0.4991647418310229,-0.0020028863494159777,0.004329894530579952,-0.46257162507552074,0.6436714513387445,1.0,time
2025,15,last 5 minutes of a 4-hour block,10945,0.020824375078483826,0.4920054819552307,0.4991647418310229,-0.007311517661978184,0.009279425138703782,-0.7879278675876586,0.4307388994841661,1.0,time
2025,15,first 5 minutes of a 4-hour block,10950,0.020833888269474455,0.4853881278538813,0.4991647418310229,-0.014069741397395308,0.008863680417513557,-1.5873475503014758,0.11243395134490908,1.0,time
2025,15,last 5 minutes of the UTC day,1820,0.003462801520588448,0.4565934065934066,0.4991647418310229,-0.04271926356845962,0.023052625356734975,-1.8531192394526512,0.06386526978496976,1.0,time
2025,15,first 5 minutes of the UTC day,1825,0.0034723147115790754,0.4695890410958904,0.4991647418310229,-0.02967875471173942,0.0226527202573167,-1.3101629461986293,0.1901407178302379,1.0,time
2025,15,Saturday or Sunday,149760,0.284939096551278,0.5014356303418803,0.4991647418310229,0.0031757973340522105,0.004459914464955346,0.7120758388993023,0.47641781485572965,1.0,time
2025,15,first hour of the week (Monday 00:00 to 01:00 UTC),3120,0.005936231178151625,0.46121794871794874,0.4991647418310229,-0.038173399235793715,0.02991333547928919,-1.2761331568063836,0.201908452518488,1.0,time
2025,15,volume climax at a new 1h high (hour's largest volume),3122,0.005940036454547876,0.45195387572069184,0.4991647418310229,-0.04749297611981773,0.009724560557380258,-4.883817200744757,1.0405154513559722e-06,0.15129151291512916,volume and flow
2025,15,volume climax at a new 1h low (hour's largest volume),3410,0.006487996255608026,0.5475073313782991,0.4991647418310229,0.048658284313707834,0.009407304541601835,5.172393866758194,2.311137767829763e-07,0.11439114391143912,volume and flow
2025,15,"absorption: heavy taker selling in the last 5 minutes, price did not fall",20559,0.039116338715262586,0.5094119363782285,0.4991647418310229,0.010664344665310133,0.005609309653563542,1.9011866564605102,0.057277568230169607,1.0,volume and flow
2025,15,"absorption: heavy taker buying in the last 5 minutes, price did not rise",11370,0.021632996312687173,0.48707124010554087,0.4991647418310229,-0.012360905140814726,0.008015691890149546,-1.5420883574635642,0.12305212375441199,1.0,volume and flow
2025,15,delta divergence: new 4h high with net taker selling over the hour,3358,0.006389059069305499,0.46009529481834427,0.4991647418310229,-0.03932066909014015,0.015332596855821145,-2.564514638967484,0.01033202208325501,0.992619926199262,volume and flow
2025,15,delta divergence: new 4h low with net taker buying over the hour,1434,0.002728383176111997,0.50697350069735,0.4991647418310229,0.007830122440661114,0.022895202866841255,0.3419983865703741,0.7323521064630731,1.0,volume and flow
2025,15,taker buying above 70% of the last minute,114154,0.2171937608688207,0.49244879723881774,0.4991647418310229,-0.008579319193545376,0.0021599277280445646,-3.9720399354808245,7.125976958133329e-05,0.24354243542435425,volume and flow
2025,15,taker selling above 70% of the last minute,142149,0.2704581172253447,0.5037319995216287,0.4991647418310229,0.006260446176489909,0.0021689203582214603,2.886434327917668,0.0038963405212124602,0.955719557195572,volume and flow
2025,15,bullish engulfing,43033,0.08187622957993554,0.49631678014546976,0.4991647418310229,-0.0031019365550791766,0.002303044202737359,-1.3468853751883128,0.1780171523947094,1.0,candles
2025,15,bearish engulfing,44327,0.08433824340830996,0.5009136643580662,0.4991647418310229,0.0019100093614842772,0.0024352918406750786,0.7843040943112635,0.4328616976227446,1.0,candles
2025,15,pin bar at a new 1h high (long upper wick),3070,0.005841099268245349,0.4472312703583062,0.4991647418310229,-0.052238602334587436,0.009802453613038907,-5.329135377401974,9.868142192281937e-08,0.09225092250922509,candles
2025,15,pin bar at a new 1h low (long lower wick),3188,0.00606561057562416,0.5257214554579673,0.4991647418310229,0.02671877933746153,0.00960669864189192,2.781265482915117,0.005414743672169431,0.981549815498155,candles
2025,15,inside bar (last minute inside the previous one),117852,0.22422971692548888,0.4984896310626888,0.4991647418310229,-0.0008702457197232727,0.001894859687176099,-0.4592665755743614,0.6460427470781522,1.0,candles
2025,15,doji at a new 1h high,2483,0.004724250645945669,0.46435763189689894,0.4991647418310229,-0.03497232797716027,0.010993210694211105,-3.1812660513799016,0.0014663290071490476,0.7195571955719557,candles
2025,15,doji at a new 1h low,2430,0.004623410821445016,0.5267489711934157,0.4991647418310229,0.027712354964222086,0.012005999167422456,2.308208969347413,0.020987516544769047,1.0,candles
2025,15,squeeze: last hour's range under 40% of the previous day's median hourly range,12857,0.02446221931329982,0.49506105623395813,0.4991647418310229,-0.004206588077169171,0.01431783570963129,-0.2938005549497605,0.7689103110035926,1.0,volatility
2025,30,failed breakout above the 1h high,49313,0.09382747526024077,0.4872954393364833,0.502072983478921,-0.016307649745484876,0.00598002897269418,-2.727018517794538,0.006390945237099377,0.985239852398524,levels
2025,30,failed breakdown below the 1h low,49244,0.09369618947772994,0.5122857607018114,0.502072983478921,0.011268602321119148,0.0057958857556437765,1.9442416217652811,0.05186632078579967,1.0,levels
2025,30,wick rejection at the 1h high,13453,0.025596922204611745,0.46071508213781315,0.502072983478921,-0.04244434596274177,0.00587347981260051,-7.226439405084009,4.958256027975949e-13,0.007380073800738007,levels
2025,30,wick rejection at the 1h low,13737,0.026137286874656326,0.524641479216714,0.502072983478921,0.023174206624428262,0.006448150964231176,3.5939305318654804,0.0003257267162251054,0.42066420664206644,levels
2025,30,failed breakout above the 4h high,22821,0.04342134554608226,0.49134569037290216,0.502072983478921,-0.011214230064691078,0.009224233283520093,-1.2157357386793641,0.2240856052930018,1.0,levels
2025,30,failed breakdown below the 4h low,22422,0.042662171238519626,0.5211399518330211,0.502072983478921,0.019916656149237544,0.008585903581318855,2.319692500690557,0.020357517815981607,1.0,levels
2025,30,wick rejection at the 4h high,5774,0.010986146495906356,0.4457914790439903,0.502072983478921,-0.056906689664178445,0.00970577688208256,-5.863177193907225,4.540931852758945e-09,0.04059040590405904,levels
2025,30,wick rejection at the 4h low,5991,0.01139903076844042,0.5317976965448172,0.502072983478921,0.03006745288647783,0.010165524990791706,2.9577865298362847,0.003098566239499334,0.9114391143911439,levels
2025,30,failed breakout above the daily high,6687,0.012723304748549673,0.45580978017048,0.502072983478921,-0.046859409860432466,0.017045182567792187,-2.749129243647757,0.005975381998821527,0.985239852398524,levels
2025,30,failed breakdown below the daily low,7007,0.013332166348599904,0.5223348080490937,0.502072983478921,0.020535608721720444,0.01669296895602635,1.2301951064437135,0.21862405194469714,1.0,levels
2025,30,wick rejection at the daily high,1757,0.0033430307227758,0.4587364826408651,0.502072983478921,-0.04348186203873494,0.017312125291718748,-2.511642060465822,0.012017090756632154,0.992619926199262,levels
2025,30,wick rejection at the daily low,1967,0.0037425961478087643,0.5287239450940519,0.502072983478921,0.026751080104479574,0.018599248689180267,1.4382882099985828,0.15035229572430997,1.0,levels
2025,30,"liquidity sweep of the 1h low (took it out, closed back above)",10111,0.019238123869087145,0.5261596281277816,0.502072983478921,0.024559115963889155,0.007113556428292316,3.4524384829804227,0.0005555441361826396,0.5239852398523985,levels
2025,30,"liquidity sweep of the 1h high (took it out, closed back below)",9203,0.017510479078944614,0.4699554493100076,0.502072983478921,-0.03268995086970922,0.00642427195120949,-5.088506700522651,3.6089403265826547e-07,0.12546125461254612,levels
2025,30,retest from above of a 4h high broken in the last hour,12787,0.0243297289995072,0.4869789630093063,0.502072983478921,-0.015470411386150684,0.01047902144716791,-1.4763221417331636,0.13985743286837193,1.0,levels
2025,30,retest from below of a 4h low broken in the last hour,11692,0.022246280711835317,0.5076975709887103,0.502072983478921,0.005752560587429012,0.011274988493399472,0.5102054508345296,0.6099075338189941,1.0,levels
2025,30,acceptance above the 4h high (last 5 closes all above it),19615,0.03732131339057901,0.44858526637777213,0.502072983478921,-0.055561339255919384,0.011528033997429035,-4.819671703632258,1.4379464901015382e-06,0.15498154981549817,levels
2025,30,acceptance below the 4h low (last 5 closes all below it),18942,0.03604080133797337,0.5336817653890824,0.502072983478921,0.03279058071548491,0.010882776162435008,3.013071318021858,0.002586181330331838,0.8634686346863468,levels
2025,30,"support held (4h low tested within 3 bp, no close below, price now 3+ bp above)",18174,0.03457953349785281,0.5089138329481677,0.502072983478921,0.007085875747001813,0.010445482637274846,0.6783674812416776,0.4975387221361207,1.0,levels
2025,30,"resistance held (4h high tested within 3 bp, no close above, price now 3+ bp below)",20724,0.03943139937325309,0.4921829762594094,0.502072983478921,-0.010295992616309368,0.010079748145880007,-1.0214533604708913,0.3070396952258052,1.0,levels
2025,30,"resistance flipped to support (4h high broken, retested within 5 bp, last 3 closes above)",2988,0.005685245190469033,0.48761713520749667,0.502072983478921,-0.014538503226972088,0.023283390887981273,-0.6244152021034344,0.5323549439144157,1.0,levels
2025,30,"support flipped to resistance (4h low broken, retested within 5 bp, last 3 closes below)",2234,0.004250615045350676,0.5049239033124441,0.502072983478921,0.0028630897257876375,0.02883564260610145,0.09928995739397273,0.9209080518543857,1.0,levels
2025,30,"repeated rejection at the 4h high (2+ touches in 30 minutes, no close above)",13345,0.02539143141459479,0.4895466466841514,0.502072983478921,-0.012852684860908847,0.015029803510445383,-0.8551465660862774,0.39247001311573326,1.0,levels
2025,30,"repeated rejection at the 4h low (2+ touches in 30 minutes, no close below)",11315,0.02152896563927614,0.491117984975696,0.502072983478921,-0.011196037612275778,0.015051535246299654,-0.7438468853220982,0.4569691117475987,1.0,levels
2025,30,rejecting the ups (3+ up-minutes undone by the next minute in the last 15),93179,0.17729098447212652,0.5093315017332232,0.502072983478921,0.008822704160650119,0.0048543916903767016,1.8174685364059437,0.06914540176279949,1.0,levels
2025,30,rejecting the downs (3+ down-minutes undone by the next minute in the last 15),90469,0.1721346877967011,0.48716134808608474,0.502072983478921,-0.01801215146114782,0.005148847188712656,-3.4982882188918327,0.00046825480796286456,0.47601476014760147,levels
2025,30,lower highs (three successive 10-minute highs declining),152122,0.2894413885088789,0.5251771604370177,0.502072983478921,0.03251551185849694,0.004311869000973042,7.540932215510094,4.6629367034256575e-14,0.007380073800738007,levels
2025,30,higher lows (three successive 10-minute lows rising),150842,0.28700594210867797,0.4793492528606091,0.502072983478921,-0.03187085553772678,0.004379144499676362,-7.277872547955926,3.390621117205228e-13,0.007380073800738007,levels
2025,30,approaching the previous day's high from below (within 10 bp),9295,0.017685526788959054,0.49919311457772997,0.502072983478921,-0.002931717876228812,0.019548999787723512,-0.14996766627773397,0.8807901252916235,1.0,levels
2025,30,approaching the previous day's low from above (within 10 bp),6854,0.013041054396075887,0.5246571345199883,0.502072983478921,0.02288256380030873,0.018626144773585755,1.2285185194500967,0.21925238167381877,1.0,levels
2025,30,broke above the previous day's high in the last 5 minutes,3509,0.006676547983050815,0.4898831575947563,0.502072983478921,-0.0122717588711041,0.016534679415524986,-0.7421830543374017,0.45797643416487555,1.0,levels
2025,30,broke below the previous day's low in the last 5 minutes,2898,0.005514002865454905,0.5327812284334024,0.502072983478921,0.030878509142373334,0.017530718209835046,1.761394414807828,0.07817166970295353,1.0,levels
2025,30,crossed above the daily open in the last 5 minutes,9193,0.017491452153943043,0.4777548134450125,0.502072983478921,-0.024751102763656274,0.010604755727511028,-2.3339625541252746,0.019597682756029133,1.0,levels
2025,30,crossed below the daily open in the last 5 minutes,9158,0.01742485791643755,0.4887530028390478,0.502072983478921,-0.013556195418935657,0.010586184412480649,-1.2805553814983135,0.20034988051091096,1.0,levels
2025,30,range breakout upward (prior hour under 15 bp),2632,0.005007886660413151,0.506079027355623,0.502072983478921,0.004026206663343412,0.023280928717485116,0.17294012245823914,0.862698493620706,1.0,levels
2025,30,range breakdown downward (prior hour under 15 bp),2515,0.0047852716378947845,0.500596421471173,0.502072983478921,-0.0014836617321550838,0.02505838663603442,-0.05920819060320311,0.9527862859316101,1.0,levels
2025,30,reclaimed the session VWAP in the last 5 minutes after 30+ minutes below,4250,0.008086443125667132,0.4727058823529412,0.502072983478921,-0.029606512505504945,0.01478332365474527,-2.002696632837475,0.04520986043776398,1.0,levels
2025,30,lost the session VWAP in the last 5 minutes after 30+ minutes above,4493,0.008548797403205275,0.51635878032495,0.502072983478921,0.014408976264905227,0.014181794551237555,1.0160192500918614,0.30962021976364085,1.0,levels
2025,30,"approaching a $1,000 level from below (within 10 bp, rising)",26750,0.050897024379199005,0.5059813084112149,0.502072983478921,0.004117914528439348,0.008203003932264464,0.5020007990295556,0.6156669589214288,1.0,round numbers
2025,30,"approaching a $1,000 level from above (within 10 bp, falling)",25717,0.04893154302653685,0.5074464362095112,0.502072983478921,0.005649911624332371,0.0074190878726093515,0.7615372295550468,0.44633625079305794,1.0,round numbers
2025,30,"crossed a $1,000 level upward in the last 3 minutes",18339,0.03489347776037871,0.4892851300507116,0.502072983478921,-0.01325019895061319,0.006269499500057233,-2.1134380743617944,0.03456329003462111,1.0,round numbers
2025,30,"crossed a $1,000 level downward in the last 3 minutes",18342,0.03489918583787918,0.5268236833496892,0.502072983478921,0.02564571442441088,0.006147018699591894,4.1720573301840655,3.018616574768096e-05,0.1992619926199262,round numbers
2025,30,"approaching a $100 level from below (within 10 bp, rising)",248051,0.4719647773564371,0.4929349206413197,0.502072983478921,-0.017305782731410146,0.002333763651429814,-7.415396465193683,1.212363542890671e-13,0.007380073800738007,round numbers
2025,30,"approaching a $100 level from above (within 10 bp, falling)",249241,0.4742289814316239,0.5102410919551759,0.502072983478921,0.01553548633870283,0.0023579470733573306,6.588564482315899,4.441003120803089e-11,0.014760147601476014,round numbers
2025,30,crossed a $100 level upward in the last 3 minutes,132228,0.2515892239107561,0.4921045466920773,0.502072983478921,-0.013319472548127764,0.002362966259800741,-5.636759514818861,1.732798260434265e-08,0.055350553505535055,round numbers
2025,30,crossed a $100 level downward in the last 3 minutes,132317,0.2517585635432701,0.5143254457099239,0.502072983478921,0.0163750116393232,0.002407479957058737,6.80172293493519,1.0337508626889758e-11,0.01107011070110701,round numbers
2025,30,10 minutes before funding settlement (00:00 UTC),3640,0.006925800700571379,0.47527472527472525,0.502072983478921,-0.026985151988744405,0.022459989595202297,-1.2014766023982812,0.22956637723593665,1.0,time
2025,30,10 minutes after funding settlement (00:00 UTC),3650,0.006944827625572948,0.46493150684931506,0.502072983478921,-0.037401221667069606,0.022438590658783508,-1.6668257929304944,0.09554904989265611,1.0,time
2025,30,10 minutes before funding settlement (08:00 UTC),3650,0.006944827625572948,0.5257534246575343,0.502072983478921,0.02384604787062594,0.022566609607850712,1.0566960781884631,0.2906503154393407,1.0,time
2025,30,10 minutes after funding settlement (08:00 UTC),3650,0.006944827625572948,0.516986301369863,0.502072983478921,0.015017612621949006,0.02218207948532903,0.6770155445471864,0.49839609177663213,1.0,time
2025,30,10 minutes before funding settlement (16:00 UTC),3650,0.006944827625572948,0.4813698630136986,0.502072983478921,-0.020847905575800574,0.022519033843820382,-0.9257904100322494,0.35455491191591637,1.0,time
2025,30,10 minutes after funding settlement (16:00 UTC),3650,0.006944827625572948,0.4641095890410959,0.502072983478921,-0.038228887471633,0.021531246754274102,-1.7755073780873512,0.07581414839827505,1.0,time
2025,30,10 minutes after the US equity open (13:30 UTC),3650,0.006944827625572948,0.5142465753424658,0.502072983478921,0.012258726606737547,0.021712429404323323,0.5645948861114832,0.572349344409538,1.0,time
2025,30,10 minutes after the US equity close (20:00 UTC),3650,0.006944827625572948,0.5534246575342465,0.502072983478921,0.051710796624262034,0.022217646439792224,2.327465096917152,0.019940524569696638,1.0,time
2025,30,10 minutes after the London open (07:00 UTC),3650,0.006944827625572948,0.5013698630136987,0.502072983478921,-0.0007080376647564668,0.022210573795453496,-0.03187840491097092,0.9745690202703126,1.0,time
2025,30,last 5 minutes of the hour,43795,0.08332841804437459,0.5092362141797009,0.502072983478921,0.007814391589949676,0.004165089065464368,1.8761643429774884,0.06063271665478598,1.0,time
2025,30,first 5 minutes of the hour,43800,0.08333793150687538,0.5018036529680365,0.502072983478921,-0.0002938165766226408,0.003795524294160251,-0.07741132814633898,0.9382963292684063,1.0,time
2025,30,last 5 minutes of a 4-hour block,10945,0.02082496941421806,0.5077204202832344,0.502072983478921,0.005767545768538329,0.00955291057488548,0.6037474886136961,0.5460115362404347,1.0,time
2025,30,first 5 minutes of a 4-hour block,10950,0.020834482876718845,0.4997260273972603,0.502072983478921,-0.002396894131398708,0.009127265246703762,-0.26260813799230026,0.7928526269528926,1.0,time
2025,30,last 5 minutes of the UTC day,1820,0.0034629003502856894,0.4714285714285714,0.502072983478921,-0.03075089935048203,0.024292347209061763,-1.2658677683896695,0.205560427639635,1.0,time
2025,30,first 5 minutes of the UTC day,1825,0.003472413812786474,0.4591780821917808,0.502072983478921,-0.04304436914913634,0.02372282183600126,-1.8144708688834439,0.06960526369634024,1.0,time
2025,30,Saturday or Sunday,149760,0.28494722882350815,0.5036658653846153,0.502072983478921,0.0022276424480860424,0.0061489894822461056,0.3622778107716535,0.7171444380382828,1.0,time
2025,30,first hour of the week (Monday 00:00 to 01:00 UTC),3120,0.005936400600489753,0.4512820512820513,0.502072983478921,-0.051094248122103336,0.035323820505018616,-1.4464530560855993,0.14805016981865604,1.0,time
2025,30,volume climax at a new 1h high (hour's largest volume),3122,0.005940205985490067,0.4564381806534273,0.502072983478921,-0.04590750284869444,0.009601059581997159,-4.7815037972241194,1.7398871627882784e-06,0.15498154981549817,volume and flow
2025,30,volume climax at a new 1h low (hour's largest volume),3410,0.0064881814255352745,0.5436950146627566,0.502072983478921,0.041893846057671214,0.010603775964630541,3.950842246894914,7.787664576719422e-05,0.24723247232472326,volume and flow
2025,30,"absorption: heavy taker selling in the last 5 minutes, price did not fall",20559,0.03911745511072719,0.5055206965319324,0.502072983478921,0.0035880691884238036,0.006015547247298335,0.5964659640958276,0.5508639848443224,1.0,volume and flow
2025,30,"absorption: heavy taker buying in the last 5 minutes, price did not rise",11370,0.021633613726784774,0.49120492524186454,0.502072983478921,-0.011108372476342887,0.007858064703191475,-1.4136270056202682,0.1574714477310737,1.0,volume and flow
2025,30,delta divergence: new 4h high with net taker selling over the hour,3358,0.006389241415527112,0.4639666468135795,0.502072983478921,-0.03835137284506557,0.017877099873994134,-2.1452793302819444,0.03193052010685449,1.0,volume and flow
2025,30,delta divergence: new 4h low with net taker buying over the hour,1434,0.002728461045225098,0.5348675034867504,0.502072983478921,0.03288424338490681,0.024531781807892148,1.3404751290559571,0.18009092483761746,1.0,volume and flow
2025,30,taker buying above 70% of the last minute,114147,0.2171866408154179,0.4950283406484621,0.502072983478921,-0.008999134656819063,0.0023316624771828865,-3.859535736789749,0.00011360264379800533,0.28044280442804426,volume and flow
2025,30,taker selling above 70% of the last minute,142144,0.2704563227423126,0.5089416366501576,0.502072983478921,0.009414999245905886,0.0023078008488090283,4.079641122744462,4.510528073242703e-05,0.2029520295202952,volume and flow
2025,30,bullish engulfing,43032,0.08187666366675482,0.49735080870050197,0.502072983478921,-0.005143290222072161,0.0023937514263091923,-2.1486317106878334,0.0316636059023101,1.0,candles
2025,30,bearish engulfing,44326,0.08433874776195795,0.5046925055272301,0.502072983478921,0.0028607981848161046,0.002363494562284911,1.2104103095758445,0.22612148785200104,1.0,candles
2025,30,pin bar at a new 1h high (long upper wick),3070,0.0058412659754819045,0.450814332247557,0.502072983478921,-0.05155982588802549,0.009869750566875215,-5.224025221171263,1.750749174522781e-07,0.1033210332103321,candles
2025,30,pin bar at a new 1h low (long lower wick),3188,0.006065783690500427,0.5254077791718946,0.502072983478921,0.02347720333003145,0.00969307234091471,2.4220600552967673,0.015432799864267377,1.0,candles
2025,30,inside bar (last minute inside the previous one),117845,0.22422279768099837,0.5016335016335016,0.502072983478921,-0.0005665052338553744,0.0023153169221702473,-0.24467718800429464,0.8067063925754541,1.0,candles
2025,30,doji at a new 1h high,2483,0.004724385477889762,0.4518727345952477,0.502072983478921,-0.050438539989525855,0.011974027680003847,-4.212328661454176,2.5275142284231222e-05,0.1918819188191882,candles
2025,30,doji at a new 1h low,2430,0.004623542775381443,0.5522633744855967,0.502072983478921,0.05042352633758307,0.01250789562421892,4.031335714054767,5.5460757289349516e-05,0.2140221402214022,candles
2025,30,squeeze: last hour's range under 40% of the previous day's median hourly range,12857,0.02446291747451819,0.5020611340126001,0.502072983478921,-1.2146607784702113e-05,0.0162931490871099,-0.0007455039980154441,0.9994051739250651,1.0,volatility
2026,1,failed breakout above the 1h high,31038,0.0887002743484225,0.5223274695534507,0.5166838134430727,0.006192974661923367,0.0029908447171073157,2.0706439978311835,0.03839207728733118,1.0,levels
2026,1,failed breakdown below the 1h low,31846,0.09100937357110196,0.5236764428813666,0.5166838134430727,0.007692740975520751,0.003071783224355817,2.5043241705748924,0.012268556833234356,0.992619926199262,levels
2026,1,wick rejection at the 1h high,8137,0.023253886602652034,0.4827331940518619,0.5166838134430727,-0.034758898884299394,0.0056932489764388566,-6.105283473135788,1.0261838045977356e-09,0.033210332103321034,levels
2026,1,wick rejection at the 1h low,8750,0.025005715592135346,0.5333714285714286,0.5166838134430727,0.017115603029909665,0.005641919775186573,3.03364877770593,0.002416155419424415,0.8339483394833949,levels
2026,1,failed breakout above the 4h high,12988,0.03711705532693187,0.5153218355404989,0.5166838134430727,-0.001414479205503194,0.0042777743267705575,-0.3306577433623139,0.74090302431344,1.0,levels
2026,1,failed breakdown below the 4h low,13045,0.03727994970278921,0.5172096588731314,0.5166838134430727,0.0005462080382520051,0.004480614124989332,0.12190472623064938,0.9029744725568214,1.0,levels
2026,1,wick rejection at the 4h high,3214,0.009184956561499771,0.45924082140634725,0.5166838134430727,-0.05797549443474004,0.00923150446556011,-6.2801783448222,3.38184813486464e-10,0.02952029520295203,levels
2026,1,wick rejection at the 4h low,3474,0.00992798353909465,0.5290731145653426,0.5166838134430727,0.012513535294691458,0.008822008626738258,1.4184451437470493,0.15606084354990357,1.0,levels
2026,1,failed breakout above the daily high,4392,0.012551440329218106,0.4977231329690346,0.5166838134430727,-0.01920168933190769,0.007322055671654455,-2.6224451428636804,0.00873013209347584,0.992619926199262,levels
2026,1,failed breakdown below the daily low,4255,0.01215992226794696,0.5245593419506464,0.5166838134430727,0.007972473161500737,0.007397474406318947,1.077729063136822,0.2811546845163675,1.0,levels
2026,1,wick rejection at the daily high,1045,0.0029863968907178785,0.46220095693779906,0.5166838134430727,-0.05464605130297484,0.015101748508496321,-3.618524786863633,0.0002962871260363542,0.3874538745387454,levels
2026,1,wick rejection at the daily low,1183,0.003380772748056699,0.5283178360101437,0.5166838134430727,0.011673487977098773,0.016787153582810785,0.6953822111362493,0.4868158056169356,1.0,levels
2026,1,"liquidity sweep of the 1h low (took it out, closed back above)",6591,0.01883573388203018,0.5260203307540585,0.5166838134430727,0.009515753511821434,0.006354934287724276,1.4973803159857784,0.13429432712642098,1.0,levels
2026,1,"liquidity sweep of the 1h high (took it out, closed back below)",6055,0.01730395518975766,0.4655656482246078,0.5166838134430727,-0.05201828733149705,0.006758104011644334,-7.697171757325518,1.3988810110276972e-14,0.007380073800738007,levels
2026,1,retest from above of a 4h high broken in the last hour,7531,0.021522062185642434,0.5209135572965078,0.5166838134430727,0.004322778971269536,0.006942891679836923,0.6226193883772462,0.5335346671974359,1.0,levels
2026,1,retest from below of a 4h low broken in the last hour,7044,0.02013031550068587,0.5292447473026689,0.5166838134430727,0.012818984052980986,0.006251190934210363,2.0506466988278373,0.040301365146700796,1.0,levels
2026,1,acceptance above the 4h high (last 5 closes all above it),10974,0.03136145404663923,0.4808638600328048,0.5166838134430727,-0.036979690267243015,0.004792161558993723,-7.716703581881775,1.199040866595169e-14,0.007380073800738007,levels
2026,1,acceptance below the 4h low (last 5 closes all below it),11567,0.03305612711476909,0.523817757413331,0.5166838134430727,0.0073778263354330464,0.004622420710173058,1.5960958117022692,0.11046740364991314,1.0,levels
2026,1,"support held (4h low tested within 3 bp, no close below, price now 3+ bp above)",11156,0.03188157293095565,0.5348691287199713,0.5166838134430727,0.01878418462909981,0.00513575717881923,3.6575297419763353,0.00025465771747335,0.3763837638376384,levels
2026,1,"resistance held (4h high tested within 3 bp, no close above, price now 3+ bp below)",11705,0.03345050297210791,0.5214865442118752,0.5166838134430727,0.0049689444602379895,0.004951794597403814,1.0034633631296352,0.31563734529642673,1.0,levels
2026,1,"resistance flipped to support (4h high broken, retested within 5 bp, last 3 closes above)",1520,0.004343850022862369,0.5335526315789474,0.5166838134430727,0.01694241343887848,0.01813873203631116,0.9340461838766998,0.35028007027246355,1.0,levels
2026,1,"support flipped to resistance (4h low broken, retested within 5 bp, last 3 closes below)",1362,0.003892318244170096,0.566813509544787,0.5166838134430727,0.05032557927206338,0.01721862856374833,2.922740280141567,0.0034696579710584707,0.9261992619926199,levels
2026,1,"repeated rejection at the 4h high (2+ touches in 30 minutes, no close above)",7301,0.020864769090077732,0.5329406930557458,0.5166838134430727,0.016603303710729822,0.007288125587014092,2.278130846196369,0.022718782928453196,1.0,levels
2026,1,"repeated rejection at the 4h low (2+ touches in 30 minutes, no close below)",6416,0.01833561957018747,0.5310162094763092,0.5166838134430727,0.014600097873533113,0.007015550097765618,2.0811052120037026,0.037424276896787845,1.0,levels
2026,1,rejecting the ups (3+ up-minutes undone by the next minute in the last 15),64248,0.1836076817558299,0.5137903125389117,0.5166838134430727,-0.003544252976784623,0.002687856118091129,-1.3186170766096263,0.18729716180312495,1.0,levels
2026,1,rejecting the downs (3+ down-minutes undone by the next minute in the last 15),62832,0.17956104252400548,0.5021008403361344,0.5166838134430727,-0.01777459855368335,0.00255499082606041,-6.956815019602381,3.4805491821998658e-12,0.01107011070110701,levels
2026,1,lower highs (three successive 10-minute highs declining),101370,0.28969478737997256,0.5255302357699516,0.5166838134430727,0.012454395898698345,0.0019093473659950002,6.522854940126677,6.898148718903485e-11,0.02214022140221402,levels
2026,1,higher lows (three successive 10-minute lows rising),100156,0.28622542295381803,0.5075282559207636,0.5166838134430727,-0.012826959402501559,0.0018082267188978482,-7.093667662603646,1.3060663661690342e-12,0.007380073800738007,levels
2026,1,approaching the previous day's high from below (within 10 bp),6235,0.017818358481938728,0.5329591018444266,0.5166838134430727,0.016570548372497385,0.010554476367484142,1.570001939987032,0.11641465994940203,1.0,levels
2026,1,approaching the previous day's low from above (within 10 bp),4639,0.013257315957933242,0.5462384134511749,0.5166838134430727,0.029951678878464505,0.0098540903353744,3.039517384059633,0.0023695752683854376,0.8265682656826568,levels
2026,1,broke above the previous day's high in the last 5 minutes,2249,0.006427183356195702,0.48110271231658513,0.5166838134430727,-0.035811266703810574,0.012364987529071376,-2.8961830021756634,0.003777320529902095,0.9520295202952029,levels
2026,1,broke below the previous day's low in the last 5 minutes,1747,0.004992569730224051,0.544361763022324,0.5166838134430727,0.02781682702786148,0.011443031569949674,2.430896642888823,0.015061510386179977,1.0,levels
2026,1,crossed above the daily open in the last 5 minutes,6649,0.01900148605395519,0.5017295833959994,0.5166838134430727,-0.015243886544659802,0.006460476016868806,-2.3595608906923924,0.01829657791195549,1.0,levels
2026,1,crossed below the daily open in the last 5 minutes,6649,0.01900148605395519,0.5208302000300797,0.5166838134430727,0.004226700171367503,0.0067034179481483686,0.6305291127692569,0.5283484614684042,1.0,levels
2026,1,range breakout upward (prior hour under 15 bp),2021,0.005775605852766347,0.5710044532409698,0.5166838134430727,0.054636196936697634,0.01510980377687459,3.615943512139966,0.0002992556332088725,0.3874538745387454,levels
2026,1,range breakdown downward (prior hour under 15 bp),1988,0.005681298582533151,0.5618712273641852,0.5166838134430727,0.04544560396650976,0.01144041137515636,3.972374985151147,7.115958375436549e-05,0.24354243542435425,levels
2026,1,reclaimed the session VWAP in the last 5 minutes after 30+ minutes below,2902,0.008293324188385917,0.49552033080634045,0.5166838134430727,-0.021340466039932615,0.009245369207493196,-2.3082329716628918,0.020986182231269357,1.0,levels
2026,1,lost the session VWAP in the last 5 minutes after 30+ minutes above,2844,0.008127572016460905,0.5158227848101266,0.5166838134430727,-0.000868084048567197,0.009972651264802717,-0.08704646593138136,0.9306345777770755,1.0,levels
2026,1,"approaching a $1,000 level from below (within 10 bp, rising)",13484,0.038534522176497485,0.5007416196974191,0.5166838134430727,-0.016581140054807153,0.005378894855173382,-3.0826295180058283,0.0020518042201753683,0.8044280442804428,round numbers
2026,1,"approaching a $1,000 level from above (within 10 bp, falling)",13368,0.038203017832647464,0.5189257929383603,0.5166838134430727,0.0023310319504594723,0.005047835078173732,0.4617884527445421,0.6442330324371717,1.0,round numbers
2026,1,"crossed a $1,000 level upward in the last 3 minutes",8974,0.02564586191129401,0.48462224203253845,0.5166838134430727,-0.0329054603015555,0.005569086511669067,-5.908592052324513,3.4504399337720315e-09,0.04059040590405904,round numbers
2026,1,"crossed a $1,000 level downward in the last 3 minutes",9002,0.025725880201188843,0.5271050877582759,0.5166838134430727,0.010696449904011862,0.005131783988979095,2.0843531074151445,0.03712805991335366,1.0,round numbers
2026,1,"approaching a $100 level from below (within 10 bp, rising)",124544,0.35592135345221765,0.5064555498458376,0.5166838134430727,-0.015880457537379766,0.002151538051082241,-7.38097916947914,1.5720758028692217e-13,0.007380073800738007,round numbers
2026,1,"approaching a $100 level from above (within 10 bp, falling)",126774,0.36229423868312755,0.5235142852635398,0.5166838134430727,0.010711008485107754,0.0020887176014717083,5.128030939922557,2.927883324677083e-07,0.12177121771217712,round numbers
2026,1,crossed a $100 level upward in the last 3 minutes,69425,0.198402491998171,0.4891753691033489,0.5166838134430727,-0.034317028265588134,0.0026072453378895365,-13.162178398357568,0.0,0.0036900369003690036,round numbers
2026,1,crossed a $100 level downward in the last 3 minutes,69967,0.19995141746684958,0.5206311546872097,0.5166838134430727,0.004933876929871794,0.0029101397508780255,1.6954089329844666,0.08999787249049862,1.0,round numbers
2026,1,10 minutes before funding settlement (00:00 UTC),2430,0.006944444444444444,0.528395061728395,0.5166838134430727,0.011793145126478444,0.01024705906789693,1.1508809550464343,0.24978121386569674,1.0,time
2026,1,10 minutes after funding settlement (00:00 UTC),2430,0.006944444444444444,0.5185185185185185,0.5166838134430727,0.0018475351808684426,0.009955939050246288,0.18557116225241843,0.8527810699099403,1.0,time
2026,1,10 minutes before funding settlement (08:00 UTC),2430,0.006944444444444444,0.5238683127572017,0.5166838134430727,0.0072347405680739385,0.009595525788644825,0.7539702073059302,0.45086711144364067,1.0,time
2026,1,10 minutes after funding settlement (08:00 UTC),2430,0.006944444444444444,0.5156378600823045,0.5166838134430727,-0.0010532677199344143,0.009222434734890428,-0.11420712102734422,0.9090736070836298,1.0,time
2026,1,10 minutes before funding settlement (16:00 UTC),2430,0.006944444444444444,0.525514403292181,0.5166838134430727,0.008892342225675476,0.009933929342356363,0.8951485277593267,0.37070769566374584,1.0,time
2026,1,10 minutes after funding settlement (16:00 UTC),2430,0.006944444444444444,0.5164609053497943,0.5166838134430727,-0.00022446689113353457,0.010029668357493065,-0.022380290467514573,0.9821446023429914,1.0,time
2026,1,10 minutes after the US equity open (13:30 UTC),2430,0.006944444444444444,0.49465020576131685,0.5166838134430727,-0.02218768885435557,0.010720225465339179,-2.0697035641734582,0.038480112786567267,1.0,time
2026,1,10 minutes after the US equity close (20:00 UTC),2430,0.006944444444444444,0.5053497942386831,0.5166838134430727,-0.011413278079944744,0.009550124405878173,-1.1950920841324104,0.23205105441393714,1.0,time
2026,1,10 minutes after the London open (07:00 UTC),2430,0.006944444444444444,0.4925925925925926,0.5166838134430727,-0.024259690926357602,0.010184314837100415,-2.382064116673027,0.017215899663666212,1.0,time
2026,1,last 5 minutes of the hour,29160,0.08333333333333333,0.5232853223593964,0.5166838134430727,0.007201646090534974,0.0031142748567405494,2.312463228782682,0.020752169443001955,1.0,time
2026,1,first 5 minutes of the hour,29160,0.08333333333333333,0.5104938271604939,0.5166838134430727,-0.006752712308267794,0.003030898242084462,-2.227957446576531,0.02588335278792475,1.0,time
2026,1,last 5 minutes of a 4-hour block,7290,0.020833333333333332,0.5275720164609053,0.5166838134430727,0.01111986691182909,0.005783529460771824,1.922678355362803,0.054520456764895586,1.0,time
2026,1,first 5 minutes of a 4-hour block,7290,0.020833333333333332,0.5152263374485597,0.5166838134430727,-0.0014884861220557655,0.00629899091613785,-0.23630548795399958,0.813195628745522,1.0,time
2026,1,last 5 minutes of the UTC day,1215,0.003472222222222222,0.5423868312757202,0.5166838134430727,0.02579257538607138,0.013542239432311724,1.9046019319766574,0.05683183527357416,1.0,time
2026,1,first 5 minutes of the UTC day,1215,0.003472222222222222,0.5069958847736625,0.5166838134430727,-0.009721684518432472,0.014843543712499825,-0.6549436379027058,0.5125040429445229,1.0,time
2026,1,Saturday or Sunday,100800,0.2880658436213992,0.5422519841269842,0.5166838134430727,0.03591367327277739,0.004547071108976723,7.898199173062731,2.886579864025407e-15,0.007380073800738007,time
2026,1,first hour of the week (Monday 00:00 to 01:00 UTC),2100,0.006001371742112483,0.5009523809523809,0.5166838134430727,-0.01582641267650753,0.010367083525722949,-1.526602215294091,0.12685995583948473,1.0,time
2026,1,volume climax at a new 1h high (hour's largest volume),1853,0.005295496113397348,0.4490016189962223,0.5166838134430727,-0.06804251331163796,0.010482414371008955,-6.491110816971904,8.520584238169704e-11,0.025830258302583026,volume and flow
2026,1,volume climax at a new 1h low (hour's largest volume),2025,0.005787037037037037,0.5377777777777778,0.5166838134430727,0.02121674643211313,0.011739643541629284,1.8072734795462597,0.07071964895963245,1.0,volume and flow
2026,1,"absorption: heavy taker selling in the last 5 minutes, price did not fall",12360,0.035322359396433474,0.5217637540453074,0.5166838134430727,0.005265946248175002,0.005105792944171078,1.031366979772801,0.3023687593809601,1.0,volume and flow
2026,1,"absorption: heavy taker buying in the last 5 minutes, price did not rise",11453,0.03273033836305441,0.5196018510433947,0.5166838134430727,0.0030167777570773158,0.004908147759716466,0.6146468901848198,0.5387879407977945,1.0,volume and flow
2026,1,delta divergence: new 4h high with net taker selling over the hour,1277,0.003649405578417924,0.4659357870007831,0.5166838134430727,-0.050933904919031714,0.015628696064658054,-3.2589990046713546,0.0011180606014953298,0.6531365313653137,volume and flow
2026,1,delta divergence: new 4h low with net taker buying over the hour,1164,0.003326474622770919,0.5249140893470791,0.5166838134430727,0.008257745083467771,0.014563881345878278,0.5670016726554007,0.5707130452034368,1.0,volume and flow
2026,1,taker buying above 70% of the last minute,82807,0.23664551897576588,0.520994601905636,0.5166838134430727,0.005647164678694527,0.0032196521496061555,1.753967328236163,0.07943610560010228,1.0,volume and flow
2026,1,taker selling above 70% of the last minute,86913,0.24837962962962962,0.5168847007927467,0.5166838134430727,0.00026727235928303283,0.0025563072747847864,0.10455408155325704,0.9167296525321502,1.0,volume and flow
2026,1,bullish engulfing,28805,0.08231881572930956,0.5152924839437598,0.5166838134430727,-0.001516136021050274,0.003068088648294039,-0.494163042483566,0.6211910380581576,1.0,candles
2026,1,bearish engulfing,29936,0.08555098308184728,0.5102886157135221,0.5166838134430727,-0.006993498392183106,0.003366742562105943,-2.07722992274425,0.03778034336669833,1.0,candles
2026,1,pin bar at a new 1h high (long upper wick),2001,0.005718449931412894,0.47426286856571714,0.5166838134430727,-0.042664922098201774,0.012315935369984838,-3.464204773449887,0.0005318015194024639,0.5129151291512916,candles
2026,1,pin bar at a new 1h low (long lower wick),2112,0.006035665294924554,0.5392992424242424,0.5166838134430727,0.022752757007000746,0.010557039739100429,2.1552213091261434,0.031144520171012324,1.0,candles
2026,1,inside bar (last minute inside the previous one),81068,0.2316758116140832,0.5377830956727685,0.5166838134430727,0.02746143170895199,0.0034382574314871816,7.987020243877969,1.3322676295501878e-15,0.007380073800738007,candles
2026,1,doji at a new 1h high,1362,0.003892318244170096,0.5029368575624082,0.5166838134430727,-0.013800672489979071,0.01702999362414396,-0.8103744954087019,0.41772497172495937,1.0,candles
2026,1,doji at a new 1h low,1485,0.004243827160493827,0.5474747474747474,0.5166838134430727,0.03092216234409184,0.013676398192826969,2.2609872795536163,0.023760044771137467,1.0,candles
2026,1,squeeze: last hour's range under 40% of the previous day's median hourly range,9717,0.02776920438957476,0.5734280127611403,0.5166838134430727,0.058364947473650175,0.009446112384215024,6.178726771362706,6.462061996614921e-10,0.02952029520295203,volatility
2026,3,failed breakout above the 1h high,31038,0.08870078132591064,0.503705135640183,0.5022005155493573,0.0016510714153963324,0.003985935257469536,0.41422434353449894,0.6787098152633875,1.0,levels
2026,3,failed breakdown below the 1h low,31846,0.0910098937465349,0.5164541857690134,0.5022005155493573,0.0156807759750045,0.00409911636984298,3.8254039554395884,0.0001305578279258146,0.2878228782287823,levels
2026,3,wick rejection at the 1h high,8137,0.02325401951314308,0.46196386874769574,0.5022005155493573,-0.04119458652044378,0.005908125955546045,-6.972530177995581,3.112843316444014e-12,0.01107011070110701,levels
2026,3,wick rejection at the 1h low,8750,0.025005858515423612,0.5316571428571428,0.5022005155493573,0.030212106980390008,0.005982023724805101,5.050482641035387,4.4069516014211274e-07,0.12915129151291513,levels
2026,3,failed breakout above the 4h high,12988,0.03711726747409393,0.49391746227286726,0.5022005155493573,-0.008602348963888118,0.006293035401223681,-1.366963383396094,0.17163678303735974,1.0,levels
2026,3,failed breakdown below the 4h low,13045,0.03728016278099441,0.515293215791491,0.5022005155493573,0.013599699243711849,0.006105656989979111,2.2273932626795627,0.025921002308254115,1.0,levels
2026,3,wick rejection at the 4h high,3214,0.009185009059265314,0.4548848786558805,0.5022005155493573,-0.04775426020608825,0.009181847174287992,-5.2009426098721105,1.9828032638002924e-07,0.11439114391143912,levels
2026,3,wick rejection at the 4h low,3474,0.009928040283723615,0.5411629245826137,0.5022005155493573,0.03935310827752547,0.008434414757103168,4.665778173213935,3.0745124661724077e-06,0.15867158671586715,levels
2026,3,failed breakout above the daily high,4392,0.012551512068541772,0.4849726775956284,0.5022005155493573,-0.017446821949991864,0.010434254423072309,-1.67207174011526,0.09451017642886583,1.0,levels
2026,3,failed breakdown below the daily low,4255,0.012159991769500283,0.5217391304347826,0.5022005155493573,0.019779128930427214,0.010298800559571499,1.9205274260840879,0.05479131229567602,1.0,levels
2026,3,wick rejection at the daily high,1045,0.00298641395984202,0.4660287081339713,0.5022005155493573,-0.03628015497667353,0.016976357613290513,-2.1370988879422748,0.03258994939496507,1.0,levels
2026,3,wick rejection at the daily low,1183,0.0033807920712852725,0.547759932375317,0.5022005155493573,0.04571396624057278,0.013896387482282488,3.2896295025492654,0.0010031938051080491,0.6420664206642066,levels
2026,3,"liquidity sweep of the 1h low (took it out, closed back above)",6591,0.018835841540017946,0.5333029889242907,0.5022005155493573,0.031699561288246914,0.006378273928682445,4.96992785864797,6.697781718134621e-07,0.14391143911439114,levels
2026,3,"liquidity sweep of the 1h high (took it out, closed back below)",6055,0.01730405409267314,0.456317093311313,0.5022005155493573,-0.04669137226945608,0.007015176964555568,-6.655765421936739,2.81830114801096e-11,0.01107011070110701,levels
2026,3,retest from above of a 4h high broken in the last hour,7531,0.021522185197674883,0.48386668437126545,0.5022005155493573,-0.018737094393699305,0.007719815139984092,-2.4271428854108437,0.01521826092679368,1.0,levels
2026,3,retest from below of a 4h low broken in the last hour,7042,0.020124714933212925,0.5093723374041466,0.5022005155493573,0.007319116997935526,0.008427799100098745,0.8684493912354616,0.3851483661207178,1.0,levels
2026,3,acceptance above the 4h high (last 5 closes all above it),10974,0.03136163329694386,0.46509932567887735,0.5022005155493573,-0.038302416201787315,0.006352097417365637,-6.029884884490991,1.6407650793581752e-09,0.04059040590405904,levels
2026,3,acceptance below the 4h low (last 5 closes all below it),11567,0.03305631605118914,0.5325494942508862,0.5022005155493573,0.03138650079143135,0.006586510547696888,4.7652699504757186,1.886009712626091e-06,0.15498154981549817,levels
2026,3,"support held (4h low tested within 3 bp, no close below, price now 3+ bp above)",11156,0.03188175515406467,0.5241125851559699,0.5022005155493573,0.022633670755889623,0.006883382141542105,3.2881612978149914,0.0010084404495409593,0.6420664206642066,levels
2026,3,"resistance held (4h high tested within 3 bp, no close above, price now 3+ bp below)",11705,0.03345069416263239,0.4994446817599317,0.5022005155493573,-0.0028512086996307917,0.0064808949627908575,-0.4399405816635825,0.6599801427882641,1.0,levels
2026,3,"resistance flipped to support (4h high broken, retested within 5 bp, last 3 closes above)",1520,0.004343874850679302,0.4953947368421053,0.5022005155493573,-0.0068354711384227,0.01724363153022117,-0.39640554406668105,0.6918058768033222,1.0,levels
2026,3,"support flipped to resistance (4h low broken, retested within 5 bp, last 3 closes below)",1360,0.0038866248663972703,0.5404411764705882,0.5022005155493573,0.038389867936570954,0.019267310648346834,1.9924871009366771,0.0463176390782587,1.0,levels
2026,3,"repeated rejection at the 4h high (2+ touches in 30 minutes, no close above)",7301,0.020864888345269464,0.49993151623065335,0.5022005155493573,-0.0023173505798085303,0.009158577643703422,-0.25302516067019676,0.8002487702764163,1.0,levels
2026,3,"repeated rejection at the 4h low (2+ touches in 30 minutes, no close below)",6416,0.018335724369709476,0.5113778054862843,0.5022005155493573,0.009348705219036968,0.009092514269642112,1.0281760294014848,0.3038670319017389,1.0,levels
2026,3,rejecting the ups (3+ up-minutes undone by the next minute in the last 15),64248,0.18360873118844986,0.5084671896401445,0.5022005155493573,0.007676067016137766,0.0032071803919803024,2.3934004570906313,0.016693010302754496,1.0,levels
2026,3,rejecting the downs (3+ down-minutes undone by the next minute in the last 15),62832,0.17956206882755388,0.4878246753246753,0.5022005155493573,-0.01752215454511974,0.003029311169786739,-5.784204250748292,7.285637648735133e-09,0.04428044280442804,levels
2026,3,lower highs (three successive 10-minute highs declining),101370,0.28969644316668475,0.5174509223636184,0.5022005155493573,0.02147026671561486,0.0025774099866869185,8.330171306278439,0.0,0.0036900369003690036,levels
2026,3,higher lows (three successive 10-minute lows rising),100154,0.28622134328614135,0.4847235257703137,0.5022005155493573,-0.024485167235884175,0.0025949452351645944,-9.435716370457856,0.0,0.0036900369003690036,levels
2026,3,approaching the previous day's high from below (within 10 bp),6235,0.017818460324990425,0.5089013632718524,0.5022005155493573,0.006822412610923645,0.009253078067136192,0.7373127689427532,0.46093216887096666,1.0,levels
2026,3,approaching the previous day's low from above (within 10 bp),4639,0.01325739173177716,0.5492563052381979,0.5022005155493573,0.04768800829572528,0.010087140842970101,4.727604089017936,2.2718460870319035e-06,0.15867158671586715,levels
2026,3,broke above the previous day's high in the last 5 minutes,2249,0.006427220091564309,0.49533125833703867,0.5022005155493573,-0.006913693039126534,0.013836971230571154,-0.49965363979738175,0.6173189814019691,1.0,levels
2026,3,broke below the previous day's low in the last 5 minutes,1747,0.004992598265879435,0.5506582713222667,0.5022005155493573,0.04870089980080172,0.016336802190633583,2.98105462945028,0.0028725754411620397,0.9040590405904059,levels
2026,3,crossed above the daily open in the last 5 minutes,6649,0.019001594659320182,0.4904496916829598,0.5022005155493573,-0.01197843319869274,0.007791479731103463,-1.5373759044607438,0.12420128345255788,1.0,levels
2026,3,crossed below the daily open in the last 5 minutes,6649,0.019001594659320182,0.5200782072492104,0.5022005155493573,0.018223976310791867,0.008452990198583027,2.1559206721719315,0.03108985998628766,1.0,levels
2026,3,range breakout upward (prior hour under 15 bp),2021,0.005775638863962414,0.5150915388421573,0.5022005155493573,0.012965909704797718,0.017336411699143534,0.7479004265593363,0.4545202202629426,1.0,levels
2026,3,range breakdown downward (prior hour under 15 bp),1988,0.005681331054704245,0.539738430583501,0.5022005155493573,0.037752398910463336,0.016705108902406982,2.2599313258606606,0.02382551335033467,1.0,levels
2026,3,reclaimed the session VWAP in the last 5 minutes after 30+ minutes below,2902,0.008293371589915352,0.461750516884907,0.5022005155493573,-0.04078827095196513,0.012733228428111643,-3.203293743000423,0.0013586532322860112,0.7011070110701108,levels
2026,3,lost the session VWAP in the last 5 minutes after 30+ minutes above,2844,0.008127618470613116,0.510196905766526,0.5022005155493573,0.008061914381403468,0.01261814611030615,0.6389143310695,0.5228786645167773,1.0,levels
2026,3,"approaching a $1,000 level from below (within 10 bp, rising)",13484,0.03853474242536823,0.49065559181251855,0.5022005155493573,-0.012007634853038407,0.0064751963740020575,-1.854404740719388,0.06368127708747706,1.0,round numbers
2026,3,"approaching a $1,000 level from above (within 10 bp, falling)",13368,0.03820323618676376,0.5130909634949132,0.5022005155493573,0.011323024109977875,0.006392302392444378,1.7713530141129663,0.07650201675694812,1.0,round numbers
2026,3,"crossed a $1,000 level upward in the last 3 minutes",8974,0.025646008493418457,0.4719188767550702,0.5022005155493573,-0.031078682961481474,0.006778717101104445,-4.58474405967139,4.545428722302347e-06,0.16605166051660517,round numbers
2026,3,"crossed a $1,000 level downward in the last 3 minutes",9002,0.025726027240667814,0.5307709397911575,0.5022005155493573,0.029324835765532464,0.006243455920400253,4.6968916157019205,2.641505250533527e-06,0.15867158671586715,round numbers
2026,3,"approaching a $100 level from below (within 10 bp, rising)",124544,0.35592338776513355,0.4870969295991778,0.5022005155493573,-0.023449983531884377,0.0025410628631141255,-9.228415350238889,0.0,0.0036900369003690036,round numbers
2026,3,"approaching a $100 level from above (within 10 bp, falling)",126772,0.36229059379626083,0.515003313034424,0.5022005155493573,0.02007622493963407,0.0025427139919108276,7.895589123866408,2.886579864025407e-15,0.007380073800738007,round numbers
2026,3,crossed a $100 level upward in the last 3 minutes,69425,0.19840362599237535,0.47984155563557795,0.5022005155493573,-0.027893040236689814,0.0030620599545470974,-9.109240397226452,0.0,0.0036900369003690036,round numbers
2026,3,crossed a $100 level downward in the last 3 minutes,69967,0.19995256031413075,0.5199451169837209,0.5022005155493573,0.022179436561075516,0.0029166816280825855,7.604339242077712,2.864375403532904e-14,0.007380073800738007,round numbers
2026,3,10 minutes before funding settlement (00:00 UTC),2428,0.006938768511479832,0.49917627677100496,0.5022005155493573,-0.003045369895086192,0.012944472125725493,-0.23526412398338795,0.8140037386020915,1.0,time
2026,3,10 minutes after funding settlement (00:00 UTC),2430,0.006944484136283358,0.5131687242798354,0.5022005155493573,0.01104490993228957,0.015228535574742132,0.72527721907867,0.4682819785167074,1.0,time
2026,3,10 minutes before funding settlement (08:00 UTC),2430,0.006944484136283358,0.5024691358024691,0.5022005155493573,0.00027049872723194923,0.013746377489960993,0.019677818932987617,0.9843003852814285,1.0,time
2026,3,10 minutes after funding settlement (08:00 UTC),2430,0.006944484136283358,0.5267489711934157,0.5022005155493573,0.024720124154093415,0.013332378082075698,1.854142149428512,0.06371882592599598,1.0,time
2026,3,10 minutes before funding settlement (16:00 UTC),2430,0.006944484136283358,0.5053497942386831,0.5022005155493573,0.003171301743978283,0.014200728296529505,0.2233196550034207,0.8232867310268039,1.0,time
2026,3,10 minutes after funding settlement (16:00 UTC),2430,0.006944484136283358,0.49300411522633747,0.5022005155493573,-0.009260711184934323,0.014985120365233412,-0.6179937804450245,0.5365794384519798,1.0,time
2026,3,10 minutes after the US equity open (13:30 UTC),2430,0.006944484136283358,0.47530864197530864,0.5022005155493573,-0.027079929716375628,0.015149882973058295,-1.7874679140778222,0.07386189352467731,1.0,time
2026,3,10 minutes after the US equity close (20:00 UTC),2430,0.006944484136283358,0.5053497942386831,0.5022005155493573,0.003171301743978283,0.01438553640666601,0.22045071204357428,0.8255201541899209,1.0,time
2026,3,10 minutes after the London open (07:00 UTC),2430,0.006944484136283358,0.4962962962962963,0.5022005155493573,-0.005945507737224298,0.014744276366820137,-0.4032417454276565,0.6867703922490265,1.0,time
2026,3,last 5 minutes of the hour,29158,0.08332809401059676,0.49818231703134647,0.5022005155493573,-0.004383464238138457,0.004138739007150631,-1.0591303850194485,0.28954040367454525,1.0,time
2026,3,first 5 minutes of the hour,29160,0.0833338096354003,0.5016117969821674,0.5022005155493573,-0.0006422387706431776,0.004266465403665309,-0.15053181260802723,0.8803450538505526,1.0,time
2026,3,last 5 minutes of a 4-hour block,7288,0.02082773678404655,0.5,0.5022005155493573,-0.002247322184280365,0.007696322092915259,-0.29199949757158755,0.7702870081190829,1.0,time
2026,3,first 5 minutes of a 4-hour block,7290,0.020833452408850074,0.5089163237311386,0.5022005155493573,0.006858698551643672,0.008654211327077294,0.7925272786191594,0.4280532925024678,1.0,time
2026,3,last 5 minutes of the UTC day,1213,0.0034665264433381537,0.48474855729596045,0.5022005155493573,-0.017512666374477348,0.01709523738593622,-1.0244178527105179,0.3056379531497333,1.0,time
2026,3,first 5 minutes of the UTC day,1215,0.003472242068141679,0.5218106995884774,0.5022005155493573,0.019678512598402698,0.020550405225418993,0.9575729715568896,0.3382781337955869,1.0,time
2026,3,Saturday or Sunday,100800,0.28806749009768,0.5120436507936508,0.5022005155493573,0.01382593870540344,0.00294118083665038,4.700812181664211,2.591287721731561e-06,0.15867158671586715,time
2026,3,first hour of the week (Monday 00:00 to 01:00 UTC),2100,0.006001406043701667,0.5009523809523809,0.5022005155493573,-0.0012556703848126682,0.017603303059013177,-0.07133152116981503,0.9431339088514474,1.0,time
2026,3,volume climax at a new 1h high (hour's largest volume),1853,0.005295526380466281,0.4284943335132218,0.5022005155493573,-0.07409857298412786,0.011693237401425268,-6.3368740786102675,2.3447355168570994e-10,0.02952029520295203,volume and flow
2026,3,volume climax at a new 1h low (hour's largest volume),2025,0.005787070113569465,0.5614814814814815,0.5022005155493573,0.0596260259247442,0.01113322065234404,5.355685276226898,8.523275685234921e-08,0.09225092250922509,volume and flow
2026,3,"absorption: heavy taker selling in the last 5 minutes, price did not fall",12360,0.03532256128578696,0.4988673139158576,0.5022005155493573,-0.0034552499102108447,0.005517784260807431,-0.6262024296153307,0.531182173820872,1.0,volume and flow
2026,3,"absorption: heavy taker buying in the last 5 minutes, price did not rise",11452,0.032727667624986426,0.504104086622424,0.5022005155493573,0.001967978416577587,0.005608555670416904,0.35088863019724653,0.7256719016285487,1.0,volume and flow
2026,3,delta divergence: new 4h high with net taker selling over the hour,1277,0.003649426437050966,0.4463586530931872,0.5022005155493573,-0.05604639966882302,0.018427666261243914,-3.04142688901941,0.0023545973981000667,0.8228782287822878,volume and flow
2026,3,delta divergence: new 4h low with net taker buying over the hour,1164,0.0033264936356517815,0.531786941580756,0.5022005155493573,0.029685173572360446,0.017366367265181006,1.7093484848658154,0.08738641722505691,1.0,volume and flow
2026,3,taker buying above 70% of the last minute,82806,0.23664401374036204,0.49350288626428035,0.5022005155493573,-0.011393936042467356,0.0029329196964224483,-3.8848441900286557,0.00010239553533564205,0.26199261992619927,volume and flow
2026,3,taker selling above 70% of the last minute,86913,0.24838104927440144,0.5085545315430373,0.5022005155493573,0.008453773002325193,0.0026747341366189768,3.1606030994210386,0.001574428744777645,0.7380073800738007,volume and flow
2026,3,bullish engulfing,28804,0.08231642842037278,0.4945840855436745,0.5022005155493573,-0.008299625537125488,0.002898449866474994,-2.8634704478153483,0.004190278999976149,0.966789667896679,candles
2026,3,bearish engulfing,29936,0.08555147205916815,0.5082509353287012,0.5022005155493573,0.006616468389935903,0.003130897532679378,2.1132816774982803,0.03457666601302689,1.0,candles
2026,3,pin bar at a new 1h high (long upper wick),2001,0.00571848261592716,0.46476761619190404,0.5022005155493573,-0.0376481898767847,0.012064034923831546,-3.120696360254535,0.0018042396491366741,0.7933579335793358,candles
2026,3,pin bar at a new 1h low (long lower wick),2112,0.006035699792522819,0.5449810606060606,0.5022005155493573,0.043040323528494295,0.011406223066255688,3.7734071373569154,0.00016103317533766592,0.3210332103321033,candles
2026,3,inside bar (last minute inside the previous one),81068,0.23167713578609847,0.5077589184388415,0.5022005155493573,0.007234462422475496,0.002675539934401933,2.7039261606433933,0.006852551474995305,0.985239852398524,candles
2026,3,doji at a new 1h high,1362,0.0038923404912007955,0.4801762114537445,0.5022005155493573,-0.022110365165220636,0.01732486381988395,-1.2762215850634457,0.20187720044032775,1.0,candles
2026,3,doji at a new 1h low,1485,0.0042438514166176075,0.54006734006734,0.5022005155493573,0.03802821059338091,0.014311898920773489,2.657104469776794,0.007881501507045252,0.988929889298893,candles
2026,3,squeeze: last hour's range under 40% of the previous day's median hourly range,9717,0.027769363107928144,0.5287640218174333,0.5022005155493573,0.027322227113714015,0.009528353783936024,2.8674656434122876,0.004137737270539121,0.9630996309963099,volatility
2026,5,failed breakout above the 1h high,31038,0.0887012883091942,0.495811585798054,0.49943700773900024,-0.003978302497783248,0.004826540900647007,-0.8242554201187747,0.40979444316612845,1.0,levels
2026,5,failed breakdown below the 1h low,31846,0.09101041392791413,0.5167367958299316,0.49943700773900024,0.019031888105216888,0.004832414018569311,3.938381113887151,8.203322282507308e-05,0.25092250922509224,levels
2026,5,wick rejection at the 1h high,8137,0.023254152425153465,0.45139486297161113,0.49943700773900024,-0.04918592168748148,0.0061358340036119854,-8.016175414544653,1.1102230246251565e-15,0.007380073800738007,levels
2026,5,wick rejection at the 1h low,8750,0.025006001440345683,0.5378285714285714,0.49943700773900024,0.03937620513181267,0.005839015280182901,6.743637966739359,1.5446977030819653e-11,0.01107011070110701,levels
2026,5,failed breakout above the 4h high,12988,0.03711747962368111,0.4822143517092701,0.49943700773900024,-0.017886560058229195,0.007626596994398486,-2.345287166919447,0.019012429851637425,1.0,levels
2026,5,failed breakdown below the 4h low,13045,0.037280375861635365,0.5172096588731314,0.49943700773900024,0.01846087966684773,0.007462485741425193,2.4738244475790516,0.013367536471928787,0.996309963099631,levels
2026,5,wick rejection at the 4h high,3214,0.009185061557630974,0.440261356565028,0.49943700773900024,-0.05972422182794346,0.00980555126215007,-6.09085815077853,1.123070303421514e-09,0.033210332103321034,levels
2026,5,wick rejection at the 4h low,3474,0.009928097029001246,0.5474956822107081,0.49943700773900024,0.048540590160667973,0.009490688144309214,5.114549063523257,3.1449134141325885e-07,0.12177121771217712,levels
2026,5,failed breakout above the daily high,4392,0.012551583808685512,0.46584699453551914,0.49943700773900024,-0.034016980181143075,0.014165877889400564,-2.401332303350987,0.016335494552120133,1.0,levels
2026,5,failed breakdown below the daily low,4255,0.012160061271848101,0.5200940070505288,0.49943700773900024,0.020911281779236957,0.01285103469931094,1.627206078617016,0.10369333717459472,1.0,levels
2026,5,wick rejection at the daily high,1045,0.0029864310291612844,0.44593301435406696,0.49943700773900024,-0.05366425799015195,0.015963112675941915,-3.3617665351087584,0.0007744557323903223,0.6014760147601476,levels
2026,5,wick rejection at the daily low,1183,0.0033808113947347363,0.5570583262890956,0.49943700773900024,0.05781678619968622,0.016204850103772785,3.5678692384957893,0.00035989601968089424,0.4354243542435424,levels
2026,5,"liquidity sweep of the 1h low (took it out, closed back above)",6591,0.01883594919923639,0.538916704597178,0.49943700773900024,0.040237610444407323,0.006252828135463272,6.435105774968837,1.2338730037697587e-10,0.025830258302583026,levels
2026,5,"liquidity sweep of the 1h high (took it out, closed back below)",6055,0.017304152996719214,0.447233691164327,0.49943700773900024,-0.05312255743612493,0.006943768724889108,-7.650392681673495,1.9984014443252818e-14,0.007380073800738007,levels
2026,5,retest from above of a 4h high broken in the last hour,7531,0.021522308211113523,0.4780241667773204,0.49943700773900024,-0.021883831528680175,0.010020569173609937,-2.183891069412823,0.028970253413569624,1.0,levels
2026,5,retest from below of a 4h low broken in the last hour,7040,0.020119114301718127,0.5207386363636364,0.49943700773900024,0.021738998010412458,0.009417295939493817,2.3084118997731036,0.02097623776218449,1.0,levels
2026,5,acceptance above the 4h high (last 5 closes all above it),10974,0.03136181254929755,0.4551667577911427,0.49943700773900024,-0.04570359760889631,0.008024737552383572,-5.695338608964359,1.2312730834906915e-08,0.055350553505535055,levels
2026,5,acceptance below the 4h low (last 5 closes all below it),11567,0.033056504989768976,0.5412812310884413,0.49943700773900024,0.04327473483752875,0.008344228212384147,5.186187833801362,2.146423296878197e-07,0.11439114391143912,levels
2026,5,"support held (4h low tested within 3 bp, no close below, price now 3+ bp above)",11156,0.031881937379256736,0.5192721405521692,0.49943700773900024,0.02048834081194012,0.008095415625825922,2.5308571862052887,0.011378416682488623,0.992619926199262,levels
2026,5,"resistance held (4h high tested within 3 bp, no close above, price now 3+ bp below)",11705,0.03345088535534242,0.49508756941478,0.49943700773900024,-0.004499966176906844,0.008392614454636581,-0.5361816870332694,0.5918329887124132,1.0,levels
2026,5,"resistance flipped to support (4h high broken, retested within 5 bp, last 3 closes above)",1520,0.00434389967878005,0.4934210526315789,0.49943700773900024,-0.006042201825992355,0.02342592980077244,-0.2579279404223742,0.7964625209030334,1.0,levels
2026,5,"support flipped to resistance (4h low broken, retested within 5 bp, last 3 closes below)",1358,0.00388093142354165,0.5338733431516937,0.49943700773900024,0.034570501156961086,0.021696405623272217,1.5933745781319524,0.11107618521632312,1.0,levels
2026,5,"repeated rejection at the 4h high (2+ touches in 30 minutes, no close above)",7301,0.02086500760182444,0.4929461717572935,0.49943700773900024,-0.006629153316039527,0.011273957827868957,-0.5880058642451559,0.5565283566525303,1.0,levels
2026,5,"repeated rejection at the 4h low (2+ touches in 30 minutes, no close below)",6416,0.018335829170429474,0.5060785536159601,0.49943700773900024,0.0067655987396864625,0.010585812123933837,0.6391194799678979,0.5227452083089617,1.0,levels
2026,5,rejecting the ups (3+ up-minutes undone by the next minute in the last 15),64248,0.1836097806330662,0.5074243556219649,0.49943700773900024,0.009783737841884466,0.0037841636820760386,2.585442561120133,0.009725407562051647,0.992619926199262,levels
2026,5,rejecting the downs (3+ down-minutes undone by the next minute in the last 15),62832,0.17956309514283428,0.48370257193786603,0.49943700773900024,-0.019178118034406944,0.0035537366594786753,-5.396606409553241,6.791314111076474e-08,0.09225092250922509,levels
2026,5,lower highs (three successive 10-minute highs declining),101369,0.28969524114358874,0.5175448115301522,0.49943700773900024,0.025493006438962185,0.0031714867415864063,8.038187927662706,8.881784197001252e-16,0.007380073800738007,levels
2026,5,higher lows (three successive 10-minute lows rising),100154,0.28622297922930073,0.4787527208099527,0.49943700773900024,-0.02897863944501,0.0031290479844671517,-9.26116812169782,0.0,0.0036900369003690036,levels
2026,5,approaching the previous day's high from below (within 10 bp),6235,0.017818562169206322,0.49398556535685645,0.49943700773900024,-0.005550341486990018,0.010913918094709478,-0.5085562708850222,0.6110632870700214,1.0,levels
2026,5,approaching the previous day's low from above (within 10 bp),4639,0.01325746750648727,0.5427893942660056,0.49943700773900024,0.04393485139173364,0.0111262688301217,3.9487497617162175,7.856042155718335e-05,0.24723247232472326,levels
2026,5,broke above the previous day's high in the last 5 minutes,2249,0.00642725682735285,0.4917741218319253,0.49943700773900024,-0.007712455841538068,0.01680019652417247,-0.459069382339738,0.6461843426861797,1.0,levels
2026,5,broke below the previous day's low in the last 5 minutes,1747,0.004992626801861018,0.5489410417859187,0.49943700773900024,0.04975242935919494,0.018489627799708568,2.690829144758616,0.007127468709945406,0.985239852398524,levels
2026,5,crossed above the daily open in the last 5 minutes,6649,0.019001703265926678,0.48864490900887353,0.49943700773900024,-0.011001139111103064,0.00881405533860922,-1.2481359247784058,0.2119812841547668,1.0,levels
2026,5,crossed below the daily open in the last 5 minutes,6649,0.019001703265926678,0.5160174462325162,0.49943700773900024,0.016901597636525323,0.009582619090504273,1.7637764244718506,0.07776962822123057,1.0,levels
2026,5,range breakout upward (prior hour under 15 bp),2021,0.005775671875535843,0.4982681840672934,0.49943700773900024,-0.0011756136302877862,0.01918236594925196,-0.06128616425095522,0.9511313094173457,1.0,levels
2026,5,range breakdown downward (prior hour under 15 bp),1988,0.005681363527246539,0.528672032193159,0.49943700773900024,0.029402068292581796,0.020157935234662614,1.4585853139374818,0.1446792781287134,1.0,levels
2026,5,reclaimed the session VWAP in the last 5 minutes after 30+ minutes below,2902,0.008293418991986648,0.4755341144038594,0.49943700773900024,-0.024102787853686414,0.013926028094781207,-1.7307726000293622,0.08349233067460515,1.0,levels
2026,5,lost the session VWAP in the last 5 minutes after 30+ minutes above,2844,0.008127664925296357,0.5144163150492265,0.49943700773900024,0.015102051726342436,0.013973270759716104,1.0807814423721411,0.2797943452561231,1.0,levels
2026,5,"approaching a $1,000 level from below (within 10 bp, rising)",13484,0.038534962676756705,0.48613171165826163,0.49943700773900024,-0.013838564653147534,0.0071864669433106,-1.9256422888063134,0.054149054519300854,1.0,round numbers
2026,5,"approaching a $1,000 level from above (within 10 bp, falling)",13368,0.03820345454337613,0.5115948533812088,0.49943700773900024,0.012640766594182895,0.00728842413715787,1.7343621002704404,0.08285385525744982,1.0,round numbers
2026,5,"crossed a $1,000 level upward in the last 3 minutes",8974,0.025646155077218534,0.4665700913750836,0.49943700773900024,-0.03373201279512722,0.006951587130004523,-4.8524189029484655,1.21964662946894e-06,0.15498154981549817,round numbers
2026,5,"crossed a $1,000 level downward in the last 3 minutes",9002,0.02572617428182764,0.5267718284825594,0.49943700773900024,0.028056609981705838,0.006282858236816765,4.465580620186145,7.985189497183853e-06,0.16974169741697417,round numbers
2026,5,"approaching a $100 level from below (within 10 bp, rising)",124544,0.3559254221013043,0.48363630524152107,0.49943700773900024,-0.02453241136923806,0.0026508532924482144,-9.254533790733088,0.0,0.0036900369003690036,round numbers
2026,5,"approaching a $100 level from above (within 10 bp, falling)",126770,0.3622869488677283,0.5129368147037943,0.49943700773900024,0.02116909312240811,0.0025670781771423277,8.246376487830048,2.220446049250313e-16,0.0036900369003690036,round numbers
2026,5,crossed a $100 level upward in the last 3 minutes,69425,0.19840475999954274,0.47953907093986314,0.49943700773900024,-0.02482292284959886,0.003054715476382102,-8.126099809137793,4.440892098500626e-16,0.007380073800738007,round numbers
2026,5,crossed a $100 level downward in the last 3 minutes,69967,0.19995370317447617,0.52084554146955,0.49943700773900024,0.02675911858538177,0.002959861665153305,9.040665278522667,0.0,0.0036900369003690036,round numbers
2026,5,10 minutes before funding settlement (00:00 UTC),2426,0.006933092513631843,0.5103050288540808,0.49943700773900024,0.010943896159614774,0.01679007747030714,0.6518073653304339,0.5145254496447667,1.0,time
2026,5,10 minutes after funding settlement (00:00 UTC),2430,0.006944523828576001,0.5106995884773663,0.49943700773900024,0.011341340950847267,0.01868327970732235,0.6070315880569068,0.543829949251873,1.0,time
2026,5,10 minutes before funding settlement (08:00 UTC),2430,0.006944523828576001,0.5148148148148148,0.49943700773900024,0.015485345426120067,0.016239943434601924,0.953534443545286,0.3403193532811597,1.0,time
2026,5,10 minutes after funding settlement (08:00 UTC),2430,0.006944523828576001,0.5242798353909465,0.49943700773900024,0.02501655571924749,0.016898500545310002,1.4804009179495259,0.13876628518901324,1.0,time
2026,5,10 minutes before funding settlement (16:00 UTC),2430,0.006944523828576001,0.5098765432098765,0.49943700773900024,0.010512540055792607,0.016272886680527298,0.6460156862256208,0.5182691967305817,1.0,time
2026,5,10 minutes after funding settlement (16:00 UTC),2430,0.006944523828576001,0.49506172839506174,0.49943700773900024,-0.004405876055189495,0.01773747200939824,-0.24839368613830828,0.8038298182695105,1.0,time
2026,5,10 minutes after the US equity open (13:30 UTC),2430,0.006944523828576001,0.4835390946502058,0.49943700773900024,-0.0160090885859534,0.017746163574502958,-0.902115463927915,0.366995535059639,1.0,time
2026,5,10 minutes after the US equity close (20:00 UTC),2430,0.006944523828576001,0.497119341563786,0.49943700773900024,-0.002333873817553067,0.016823914097151633,-0.13872359333718917,0.8896685735753227,1.0,time
2026,5,10 minutes after the London open (07:00 UTC),2430,0.006944523828576001,0.4901234567901235,0.49943700773900024,-0.009378681425516844,0.018146756528042547,-0.5168241173580402,0.6052789428065437,1.0,time
2026,5,last 5 minutes of the hour,29156,0.08332285462796786,0.49104815475373853,0.49943700773900024,-0.009151371371713513,0.0048055541779786545,-1.9043321608253776,0.056866938228106845,1.0,time
2026,5,first 5 minutes of the hour,29160,0.083334285942912,0.49934842249657063,0.49943700773900024,-9.663854671460026e-05,0.005203374121456753,-0.0185722849172231,0.9851823124541981,1.0,time
2026,5,last 5 minutes of a 4-hour block,7286,0.020822140170783845,0.4957452648915729,0.49943700773900024,-0.0037702474686991394,0.009156464694155545,-0.41175798680309883,0.6805168182060557,1.0,time
2026,5,first 5 minutes of a 4-hour block,7290,0.020833571485728,0.5046639231824417,0.49943700773900024,0.005338127708659768,0.010161521124867245,0.5253276200544736,0.5993554600309823,1.0,time
2026,5,last 5 minutes of the UTC day,1211,0.0034608305993438426,0.49463253509496286,0.49943700773900024,-0.004821157854665081,0.022148181689328465,-0.217677366128346,0.8276805000267935,1.0,time
2026,5,first 5 minutes of the UTC day,1215,0.0034722619142880007,0.5300411522633744,0.49943700773900024,0.030710780397506576,0.023000383402450857,1.335229063800481,0.18180138726202344,1.0,time
2026,5,Saturday or Sunday,100800,0.28806913659278227,0.5072222222222222,0.49943700773900024,0.01093535184858102,0.003104494145490166,3.5224263071864956,0.0004276159076159747,0.45018450184501846,time
2026,5,first hour of the week (Monday 00:00 to 01:00 UTC),2100,0.006001440345682964,0.49666666666666665,0.49943700773900024,-0.00278706749162394,0.021394050425734085,-0.13027301685105327,0.8963504275548857,1.0,time
2026,5,volume climax at a new 1h high (hour's largest volume),1853,0.005295556647881206,0.4338909875876956,0.49943700773900024,-0.06589497070146466,0.011146447228175095,-5.91174652806866,3.3849916203365638e-09,0.04059040590405904,volume and flow
2026,5,volume climax at a new 1h low (hour's largest volume),2025,0.005787103190480001,0.5407407407407407,0.49943700773900024,0.04154415330387112,0.012034318271918422,3.4521401516206085,0.0005561587646800703,0.5239852398523985,volume and flow
2026,5,"absorption: heavy taker selling in the last 5 minutes, price did not fall",12360,0.0353227631774483,0.49466019417475726,0.49943700773900024,-0.0049517220702509634,0.005967748000300349,-0.8297471793382947,0.4066817406652481,1.0,volume and flow
2026,5,"absorption: heavy taker buying in the last 5 minutes, price did not rise",11452,0.03272785468512443,0.5012224938875306,0.49943700773900024,0.0018458984445883786,0.006447068070505536,0.2863159539191333,0.774636139921125,1.0,volume and flow
2026,5,delta divergence: new 4h high with net taker selling over the hour,1277,0.00364944729592245,0.4494909945184025,0.49943700773900024,-0.050128956204264774,0.020202972334282365,-2.4812663886690123,0.013091649337777511,0.992619926199262,volume and flow
2026,5,delta divergence: new 4h low with net taker buying over the hour,1164,0.003326512648749986,0.5429553264604811,0.49943700773900024,0.04366356612649014,0.019665369547812773,2.2203277706188085,0.026396526138003695,1.0,volume and flow
2026,5,taker buying above 70% of the last minute,82805,0.23664250848775134,0.4916128253124811,0.49943700773900024,-0.010249696260947128,0.0026148671418063894,-3.919777069004922,8.863091484423435e-05,0.25092250922509224,volume and flow
2026,5,taker selling above 70% of the last minute,86913,0.24838246893540164,0.5083359221290256,0.49943700773900024,0.011839684443523901,0.002599703269636521,4.554244548524676,5.2574167890284684e-06,0.16605166051660517,volume and flow
2026,5,bullish engulfing,28804,0.08231689891288195,0.4934384113317595,0.49943700773900024,-0.006536675242395318,0.002898418330251157,-2.2552559698409356,0.02411726660651836,1.0,candles
2026,5,bearish engulfing,29936,0.08555196104207867,0.504008551576697,0.49943700773900024,0.0049992384946293544,0.0028996591967793356,1.724077953775406,0.08469377140953394,1.0,candles
2026,5,pin bar at a new 1h high (long upper wick),2001,0.005718515300815053,0.4292853573213393,0.49943700773900024,-0.07055512095640093,0.012777064072359897,-5.522013551534891,3.3513663399986626e-08,0.07749077490774908,candles
2026,5,pin bar at a new 1h low (long lower wick),2112,0.006035734290515438,0.5364583333333334,0.49943700773900024,0.03724613335863497,0.01043078240035545,3.5707899876586184,0.0003559061789943918,0.4317343173431734,candles
2026,5,inside bar (last minute inside the previous one),81066,0.23167274431577864,0.5046505316655565,0.49943700773900024,0.006785551193174144,0.0024231565634141826,2.800294168204067,0.005105605629940113,0.974169741697417,candles
2026,5,doji at a new 1h high,1362,0.003892362738485808,0.43612334801762115,0.49943700773900024,-0.06356106243240955,0.01800523412728183,-3.530143622853578,0.00041533413740268976,0.44649446494464945,candles
2026,5,doji at a new 1h low,1485,0.004243875673018667,0.5252525252525253,0.49943700773900024,0.025925542291766912,0.014307889080959412,1.8119753476610319,0.06999000574796388,1.0,candles
2026,5,squeeze: last hour's range under 40% of the previous day's median hourly range,9717,0.027769521828095885,0.5145621076463929,0.49943700773900024,0.015557113510607623,0.0097888147965458,1.5892744764256135,0.11199843850639835,1.0,volatility
2026,10,failed breakout above the 1h high,31038,0.08870255579275874,0.4933629744184548,0.49804664614716315,-0.005139564209776515,0.005986246817190648,-0.8585620283843421,0.3905821949898334,1.0,levels
2026,10,failed breakdown below the 1h low,31846,0.09101171440737787,0.5199711109715506,0.49804664614716315,0.024119634072174656,0.006336375020950692,3.806535123382867,0.00014092728637038476,0.3025830258302583,levels
2026,10,wick rejection at the 1h high,8137,0.02325448471182672,0.467125476219737,0.49804664614716315,-0.03165734517685842,0.0062043266880538,-5.102462647206096,3.3526193288224704e-07,0.12546125461254612,levels
2026,10,wick rejection at the 1h low,8750,0.02500635875979892,0.5507428571428571,0.49804664614716315,0.05404774838189086,0.006591304103703246,8.199856588550478,2.220446049250313e-16,0.0036900369003690036,levels
2026,10,failed breakout above the 4h high,12988,0.03711801000825924,0.4719741299661226,0.49804664614716315,-0.027077582146140422,0.009589559993263778,-2.823652197302188,0.004747987717427016,0.9704797047970479,levels
2026,10,failed breakdown below the 4h low,13045,0.0372809085738945,0.5309313913376773,0.49804664614716315,0.034158193686385674,0.009751757044073998,3.502773247118899,0.0004604412498734334,0.46494464944649444,levels
2026,10,wick rejection at the 4h high,3214,0.009185192806170712,0.4399502177971375,0.49804664614716315,-0.058635002149963256,0.01049632999483364,-5.586238445134993,2.3204058896553192e-08,0.05904059040590406,levels
2026,10,wick rejection at the 4h low,3474,0.009928238895033309,0.552964881980426,0.49804664614716315,0.055468944768176764,0.011626591608707302,4.770868938635066,1.8343287040423206e-06,0.15498154981549817,levels
2026,10,failed breakout above the daily high,4392,0.012551763162632784,0.46288706739526414,0.49804664614716315,-0.0356065031464427,0.017768540003110168,-2.003907081854233,0.045080014802551194,1.0,levels
2026,10,failed breakdown below the daily low,4255,0.012160235031193647,0.5344300822561692,0.49804664614716315,0.036831313538137345,0.018133927148181583,2.03107210242822,0.04224768095066578,1.0,levels
2026,10,wick rejection at the daily high,1045,0.002986473703313128,0.45454545454545453,0.49804664614716315,-0.04363149591690063,0.018654645787049937,-2.3389077667285236,0.019340207454759506,1.0,levels
2026,10,wick rejection at the daily low,1183,0.003380859704324814,0.5502958579881657,0.49804664614716315,0.052426458341449655,0.020068760945015376,2.612341563342564,0.008992436214662503,0.992619926199262,levels
2026,10,"liquidity sweep of the 1h low (took it out, closed back above)",6591,0.01883621835266682,0.5525716886663632,0.49804664614716315,0.05557180517574217,0.007339948365081314,7.571143884351635,3.708144902248023e-14,0.007380073800738007,levels
2026,10,"liquidity sweep of the 1h high (took it out, closed back below)",6055,0.01730440026178085,0.4625928984310487,0.49804664614716315,-0.03607805685255838,0.0068175773430201895,-5.291917500502574,1.2104049584849008e-07,0.0959409594095941,levels
2026,10,retest from above of a 4h high broken in the last hour,7531,0.021522615750862364,0.46952595936794583,0.49804664614716315,-0.029148028598641018,0.011869883329106498,-2.4556289047227837,0.01406383034564418,0.996309963099631,levels
2026,10,retest from below of a 4h low broken in the last hour,7035,0.020105112442878333,0.5159914712153518,0.49804664614716315,0.01831301019737447,0.011385094090845028,1.6085075846760293,0.10772405640385974,1.0,levels
2026,10,acceptance above the 4h high (last 5 closes all above it),10974,0.031362260689146666,0.4322033898305085,0.49804664614716315,-0.06797510941861445,0.010160676373546836,-6.690018156230878,2.231437257194102e-11,0.01107011070110701,levels
2026,10,acceptance below the 4h low (last 5 closes all below it),11567,0.0330569773456679,0.5604737615630674,0.49804664614716315,0.06456131742337523,0.010505110569892971,6.145705653818073,7.960878622981227e-10,0.02952029520295203,levels
2026,10,"support held (4h low tested within 3 bp, no close below, price now 3+ bp above)",11156,0.03188239295135049,0.5148798852635353,0.49804664614716315,0.017387597326825932,0.00999596998593449,1.7394607378065694,0.0819537525948213,1.0,levels
2026,10,"resistance held (4h high tested within 3 bp, no close above, price now 3+ bp below)",11705,0.033451363346679586,0.4953438701409654,0.49804664614716315,-0.002796316609121774,0.009488339134935679,-0.29471086239169614,0.7682147645536685,1.0,levels
2026,10,"resistance flipped to support (4h high broken, retested within 5 bp, last 3 closes above)",1520,0.004343961750273641,0.4986842105263158,0.49804664614716315,0.0006403460177607512,0.02802662042825305,0.022847778575372995,0.9817716961660532,1.0,levels
2026,10,"support flipped to resistance (4h low broken, retested within 5 bp, last 3 closes below)",1358,0.0038809868795207925,0.5397643593519882,0.49804664614716315,0.04188024990521827,0.023536169348327366,1.779399582209182,0.0751742749231008,1.0,levels
2026,10,"repeated rejection at the 4h high (2+ touches in 30 minutes, no close above)",7301,0.020865305749176218,0.4767840021914806,0.49804664614716315,-0.021715749713017207,0.01347336428996309,-1.6117540686697114,0.10701546678024743,1.0,levels
2026,10,"repeated rejection at the 4h low (2+ touches in 30 minutes, no close below)",6416,0.018336091177470842,0.5101309226932669,0.49804664614716315,0.0123099937132235,0.013665574850940112,0.9008032115368088,0.36769295971536176,1.0,levels
2026,10,rejecting the ups (3+ up-minutes undone by the next minute in the last 15),64248,0.1836124042970927,0.5089185655584609,0.49804664614716315,0.013317105096307957,0.004970076555507678,2.6794567342328706,0.007374173238648751,0.988929889298893,levels
2026,10,rejecting the downs (3+ down-minutes undone by the next minute in the last 15),62829,0.17955708737364645,0.48447373028378615,0.49804664614716315,-0.016543400710145928,0.004566885808372449,-3.6224686590185793,0.0002918048250206695,0.3837638376383764,levels
2026,10,lower highs (three successive 10-minute highs declining),101367,0.2896936649605185,0.5185119417561929,0.49804664614716315,0.02881192888120898,0.0038329161201412763,7.51697349436048,5.595524044110789e-14,0.007380073800738007,levels
2026,10,higher lows (three successive 10-minute lows rising),100154,0.28622706916901725,0.4730115621942209,0.49804664614716315,-0.03507429726116973,0.003978945804529652,-8.814972353039082,0.0,0.0036900369003690036,levels
2026,10,approaching the previous day's high from below (within 10 bp),6235,0.017818816784839573,0.48997594226142743,0.49804664614716315,-0.008217123300322593,0.014737652405313896,-0.5575598524334702,0.5771449778548465,1.0,levels
2026,10,approaching the previous day's low from above (within 10 bp),4639,0.01325765694705225,0.5641302004742401,0.49804664614716315,0.06697143868643224,0.013992119367176835,4.786368449910169,1.6982616322103183e-06,0.15498154981549817,levels
2026,10,broke above the previous day's high in the last 5 minutes,2249,0.00642734866866146,0.4775455758114718,0.49804664614716315,-0.020633690257296167,0.018739446674530872,-1.1010832184997115,0.2708604400380945,1.0,levels
2026,10,broke below the previous day's low in the last 5 minutes,1747,0.004992698143242139,0.5466514024041214,0.49804664614716315,0.04884864278509127,0.020327114366502252,2.403127266582935,0.016255529064645335,1.0,levels
2026,10,crossed above the daily open in the last 5 minutes,6649,0.01900197478787463,0.5006767935027824,0.49804664614716315,0.0026810934252905483,0.00959901310068444,0.27930927869026223,0.7800074861754052,1.0,levels
2026,10,crossed below the daily open in the last 5 minutes,6649,0.01900197478787463,0.5071439314182584,0.49804664614716315,0.00927350008592337,0.010135049881755887,0.9149930384276259,0.36019528479291574,1.0,levels
2026,10,range breakout upward (prior hour under 15 bp),2021,0.0057757544061204135,0.47798119742701634,0.49804664614716315,-0.020182015082685023,0.021386955687274146,-0.9436600223889696,0.3453434092892316,1.0,levels
2026,10,range breakdown downward (prior hour under 15 bp),1988,0.005681444710226314,0.53420523138833,0.49804664614716315,0.036365192069285235,0.02258423925496718,1.6102022148603954,0.10735371805039007,1.0,levels
2026,10,reclaimed the session VWAP in the last 5 minutes after 30+ minutes below,2902,0.008293537499535597,0.4789800137835975,0.49804664614716315,-0.019226084617308514,0.01562917603445263,-1.2301406404871846,0.21864444364570224,1.0,levels
2026,10,lost the session VWAP in the last 5 minutes after 30+ minutes above,2844,0.008127781064327787,0.5010548523206751,0.49804664614716315,0.0030328565676937536,0.014956707395779572,0.20277568367417242,0.8393103647049085,1.0,levels
2026,10,"approaching a $1,000 level from below (within 10 bp, rising)",13484,0.038535513316243275,0.4864283595372293,0.49804664614716315,-0.01208394773894056,0.008277017144946594,-1.4599399188532827,0.14430658694253107,1.0,round numbers
2026,10,"approaching a $1,000 level from above (within 10 bp, falling)",13368,0.038204000445827654,0.4971573907839617,0.49804664614716315,-0.0009245779392029196,0.008199251788414687,-0.11276369637889672,0.9102179008065825,1.0,round numbers
2026,10,"crossed a $1,000 level upward in the last 3 minutes",8974,0.025646521544049772,0.46957878315132606,0.49804664614716315,-0.029217182085653215,0.007318289831641547,-3.9923510489197973,6.542142654164529e-05,0.23616236162361623,round numbers
2026,10,"crossed a $1,000 level downward in the last 3 minutes",9002,0.02572654189208113,0.536547433903577,0.49804664614716315,0.03951743469557717,0.007943054825097953,4.975092777996763,6.521639674961222e-07,0.13653136531365315,round numbers
2026,10,"approaching a $100 level from below (within 10 bp, rising)",124539,0.3559162186956112,0.4845389797573451,0.49804664614716315,-0.02097190890673023,0.002624493284136466,-7.990841140075767,1.3322676295501878e-15,0.007380073800738007,round numbers
2026,10,"approaching a $100 level from above (within 10 bp, falling)",126770,0.3622921257119668,0.5106176540190897,0.49804664614716315,0.019712800137463238,0.0024885171563553267,7.921504614553084,2.4424906541753444e-15,0.007380073800738007,round numbers
2026,10,crossed a $100 level upward in the last 3 minutes,69425,0.19840759507417602,0.48373064458048254,0.49804664614716315,-0.01785945260796895,0.0028858195039513763,-6.188693569890665,6.066487312494928e-10,0.02952029520295203,round numbers
2026,10,crossed a $100 level downward in the last 3 minutes,69967,0.19995656038249726,0.5176297397344463,0.49804664614716315,0.024477537865501053,0.0027558400688983266,8.882060371263194,0.0,0.0036900369003690036,round numbers
2026,10,10 minutes before funding settlement (00:00 UTC),2421,0.006918902235139792,0.5216852540272615,0.49804664614716315,0.023803300589752496,0.021363080880697494,1.1142260202394239,0.2651822353032036,1.0,time
2026,10,10 minutes after funding settlement (00:00 UTC),2430,0.006944623061292728,0.5008230452674897,0.49804664614716315,0.002795815001662205,0.022542515596075452,0.124024090822807,0.9012962006061913,1.0,time
2026,10,10 minutes before funding settlement (08:00 UTC),2430,0.006944623061292728,0.5032921810699589,0.49804664614716315,0.005282217935283884,0.021510028687512756,0.24557000885593316,0.8060151078595019,1.0,time
2026,10,10 minutes after funding settlement (08:00 UTC),2430,0.006944623061292728,0.5267489711934157,0.49804664614716315,0.028903045804689387,0.022730334660015533,1.2715627040692956,0.20352853519298653,1.0,time
2026,10,10 minutes before funding settlement (16:00 UTC),2430,0.006944623061292728,0.5160493827160494,0.49804664614716315,0.018128633092328927,0.020950792029347524,0.8652958354478741,0.38687643601586386,1.0,time
2026,10,10 minutes after funding settlement (16:00 UTC),2430,0.006944623061292728,0.4802469135802469,0.49804664614716315,-0.01792420944518469,0.02236934805684032,-0.8012843914645804,0.42296702483925563,1.0,time
2026,10,10 minutes after the US equity open (13:30 UTC),2430,0.006944623061292728,0.4876543209876543,0.49804664614716315,-0.010465000644319822,0.022887550451799847,-0.4572355030460181,0.6475017824259581,1.0,time
2026,10,10 minutes after the US equity close (20:00 UTC),2430,0.006944623061292728,0.5209876543209877,0.49804664614716315,0.023101438959572285,0.02206543395635006,1.0469514900668464,0.295121952158788,1.0,time
2026,10,10 minutes after the London open (07:00 UTC),2430,0.006944623061292728,0.5234567901234568,0.49804664614716315,0.025587841893193852,0.02303520116788908,1.110814778942028,0.2666480836991969,1.0,time
2026,10,last 5 minutes of the hour,29155,0.08332118738765,0.49367175441605216,0.49804664614716315,-0.004772545924393523,0.0058488154938397645,-0.8159850365292226,0.4145086939883251,1.0,time
2026,10,first 5 minutes of the hour,29160,0.08333547673551274,0.5049039780521262,0.49804664614716315,0.0074807432064047386,0.0056659699567481675,1.3202934825828325,0.1867370507373236,1.0,time
2026,10,last 5 minutes of a 4-hour block,7285,0.020819579836015446,0.5065202470830473,0.49804664614716315,0.00865376876558166,0.01164646921271318,0.7430379634829828,0.4574586965129308,1.0,time
2026,10,first 5 minutes of a 4-hour block,7290,0.020833869183878185,0.5046639231824417,0.49804664614716315,0.006758073862055625,0.011099357266098283,0.6088707390920183,0.5426101206958154,1.0,time
2026,10,last 5 minutes of the UTC day,1210,0.0034580221827836223,0.5289256198347108,0.49804664614716315,0.030986124393057313,0.026988529353739278,1.1481220034971695,0.25091820186266345,1.0,time
2026,10,first 5 minutes of the UTC day,1215,0.003472311530646364,0.5012345679012346,0.49804664614716315,0.003199029782070595,0.026808849022736874,0.11932738251304498,0.9050159903756925,1.0,time
2026,10,Saturday or Sunday,100800,0.28807325291288355,0.5037301587301587,0.49804664614716315,0.007983282839491457,0.003893301818073707,2.0505173275883744,0.0403139746587009,1.0,time
2026,10,first hour of the week (Monday 00:00 to 01:00 UTC),2100,0.006001526102351741,0.4857142857142857,0.49804664614716315,-0.01240682028868717,0.025526906203539392,-0.4860291407725282,0.6269465050655425,1.0,time
2026,10,volume climax at a new 1h high (hour's largest volume),1853,0.005295632317932274,0.4317323259579061,0.49804664614716315,-0.06666736604744933,0.011178885879844487,-5.963686074267068,2.466103321552282e-09,0.04059040590405904,volume and flow
2026,10,volume climax at a new 1h low (hour's largest volume),2025,0.0057871858844106075,0.5595061728395062,0.49804664614716315,0.06181727475220172,0.01159868184961944,5.3296810408012,9.838540226958514e-08,0.09225092250922509,volume and flow
2026,10,"absorption: heavy taker selling in the last 5 minutes, price did not fall",12360,0.03532326791669882,0.49797734627831713,0.49804664614716315,-7.183740059363286e-05,0.006643304401307408,-0.010813504282521692,0.9913722400284861,1.0,volume and flow
2026,10,"absorption: heavy taker buying in the last 5 minutes, price did not rise",11452,0.032728322344824826,0.48987076493188964,0.49804664614716315,-0.008452517947277416,0.006653739366184728,-1.2703410040727388,0.20396318818165238,1.0,volume and flow
2026,10,delta divergence: new 4h high with net taker selling over the hour,1277,0.003649499444144368,0.4494909945184025,0.49804664614716315,-0.048733504526441096,0.023279277866600393,-2.0934285335526144,0.03631091751373461,1.0,volume and flow
2026,10,delta divergence: new 4h low with net taker buying over the hour,1164,0.0033265601824463936,0.511168384879725,0.49804664614716315,0.013165534675995683,0.025552845726306457,0.5152277291151908,0.6063938943242559,1.0,volume and flow
2026,10,taker buying above 70% of the last minute,82803,0.23664017421572914,0.4889194835935896,0.49804664614716315,-0.011956566543433578,0.0025271095442101653,-4.731321034668697,2.230634242206264e-06,0.15867158671586715,volume and flow
2026,10,taker selling above 70% of the last minute,86913,0.24838601815890327,0.5036415726070899,0.49804664614716315,0.007443882890818265,0.002570821889177916,2.8955264937465706,0.0037852307606454083,0.9520295202952029,volume and flow
2026,10,bullish engulfing,28803,0.08231521729811295,0.49331666840259697,0.49804664614716315,-0.005154251038837043,0.0028686614360255726,-1.7967442843230998,0.07237622512082997,1.0,candles
2026,10,bearish engulfing,29936,0.08555318352381035,0.5013027792624265,0.49804664614716315,0.003560768167809758,0.0029806085423511493,1.1946446899065015,0.23222588082815032,1.0,candles
2026,10,pin bar at a new 1h high (long upper wick),2001,0.005718597014669444,0.4472763618190905,0.49804664614716315,-0.051062288981403914,0.012172084338273584,-4.195032466283937,2.7283250554566152e-05,0.19557195571955718,candles
2026,10,pin bar at a new 1h low (long lower wick),2112,0.006035820537222322,0.5620265151515151,0.49804664614716315,0.06436838502463149,0.01129567951641723,5.698496042763781,1.208689393017437e-08,0.055350553505535055,candles
2026,10,inside bar (last minute inside the previous one),81065,0.23167319689863994,0.49937704311355086,0.49804664614716315,0.0017315508986769368,0.002326872337776062,0.7441538027530503,0.4567834327902758,1.0,candles
2026,10,doji at a new 1h high,1362,0.003892418357810986,0.4552129221732746,0.49804664614716315,-0.04300110225370701,0.017107460234404327,-2.5135877368417736,0.011951004710795798,0.992619926199262,candles
2026,10,doji at a new 1h low,1485,0.0042439363152344456,0.534006734006734,0.49804664614716315,0.036113350619730755,0.014603631583709403,2.472902059513457,0.013402086624536569,0.996309963099631,candles
2026,10,squeeze: last hour's range under 40% of the previous day's median hourly range,9717,0.02776991863645327,0.5109601728928682,0.49804664614716315,0.013282377282128444,0.012361576331853658,1.0744889588152313,0.28260359073822494,1.0,volatility
2026,15,failed breakout above the 1h high,31038,0.0887038233125468,0.4938462529802178,0.4978508513715112,-0.004394398323770088,0.00632134733422194,-0.6951679905295016,0.4869500297812306,1.0,levels
2026,15,failed breakdown below the 1h low,31846,0.09101301492400816,0.5218551780443383,0.4978508513715112,0.026407778182677033,0.00724928591678791,3.6428109590107147,0.0002696768937544558,0.3763837638376384,levels
2026,15,wick rejection at the 1h high,8137,0.023254817007996434,0.46589652205972715,0.4978508513715112,-0.03271511328461363,0.006926942681455291,-4.72287916748583,2.3252901619752464e-06,0.15867158671586715,levels
2026,15,wick rejection at the 1h low,8750,0.025006716089464028,0.5564571428571429,0.4978508513715112,0.06010943095994631,0.00687551849724862,8.742530615545625,0.0,0.0036900369003690036,levels
2026,15,failed breakout above the 4h high,12988,0.03711854040799529,0.4682784108407761,0.4978508513715112,-0.030712441532798507,0.010277489282713149,-2.9883214360979364,0.002805143625793649,0.8929889298892989,levels
2026,15,failed breakdown below the 4h low,13045,0.03728144130137809,0.5399770026830203,0.4978508513715112,0.04375749374609972,0.011110519744401718,3.9383840497784006,8.203221927227666e-05,0.25092250922509224,levels
2026,15,wick rejection at the 4h high,3214,0.009185324058461416,0.43341630367143746,0.4978508513715112,-0.06503188665311577,0.011730619253844375,-5.543772689732763,2.9602307938247918e-08,0.07749077490774908,levels
2026,15,wick rejection at the 4h low,3474,0.009928380765119775,0.5633275762809442,0.4978508513715112,0.06613332170861835,0.011219692758758627,5.894396854761601,3.760524114326813e-09,0.04059040590405904,levels
2026,15,failed breakout above the daily high,4392,0.01255194252170583,0.45673952641165755,0.4978508513715112,-0.04163391142298878,0.018363215658057555,-2.267245138229389,0.023375254814818724,1.0,levels
2026,15,failed breakdown below the daily low,4255,0.012160408795505078,0.5511163337250293,0.4978508513715112,0.053921186018238365,0.020813034310931892,2.5907412255557882,0.009576947561768412,0.992619926199262,levels
2026,15,wick rejection at the daily high,1045,0.002986516378684561,0.43923444976076553,0.4978508513715112,-0.05879198483639492,0.01969308048757825,-2.9854133218761265,0.002831953846520463,0.8966789667896679,levels
2026,15,wick rejection at the daily low,1183,0.0033809080152955367,0.5579036348267118,0.4978508513715112,0.06025650515645775,0.021818087748868138,2.761768393730275,0.0057489243704271775,0.981549815498155,levels
2026,15,"liquidity sweep of the 1h low (took it out, closed back above)",6591,0.018836487513789416,0.5581854043392505,0.4978508513715112,0.06149286250449226,0.00731492137901541,8.406496709711625,0.0,0.0036900369003690036,levels
2026,15,"liquidity sweep of the 1h high (took it out, closed back below)",6055,0.017304647533909107,0.46209744013212223,0.4978508513715112,-0.036383006340332424,0.007813140474488887,-4.65664305654411,3.214069733692426e-06,0.15867158671586715,levels
2026,15,retest from above of a 4h high broken in the last hour,7531,0.02152292329940041,0.4640817952463152,0.4978508513715112,-0.03451185207022367,0.012199954207454986,-2.828850951681001,0.004671544984711229,0.9704797047970479,levels
2026,15,retest from below of a 4h low broken in the last hour,7034,0.020102541825518853,0.5201876599374466,0.4978508513715112,0.02279504695067608,0.012648857917661948,1.8021426992904022,0.0715229572007523,1.0,levels
2026,15,acceptance above the 4h high (last 5 closes all above it),10974,0.03136270884180323,0.43101877164206304,0.4978508513715112,-0.06899598057962153,0.011060165539380764,-6.238241221069868,4.425180222256131e-10,0.02952029520295203,levels
2026,15,acceptance below the 4h low (last 5 closes all below it),11567,0.033057449715066335,0.5744791216391458,0.4978508513715112,0.07924800728342568,0.011616798935789931,6.821845477524131,8.987921518155417e-12,0.01107011070110701,levels
2026,15,"support held (4h low tested within 3 bp, no close below, price now 3+ bp above)",11156,0.03188284853646408,0.5137145930441018,0.4978508513715112,0.016386179759968977,0.011384603113918972,1.4393281518909526,0.15005757025142996,1.0,levels
2026,15,"resistance held (4h high tested within 3 bp, no close above, price now 3+ bp below)",11705,0.03345184135167731,0.48637334472447674,0.4978508513715112,-0.011874738515963101,0.01005797394689556,-1.1806292776914873,0.23775002757704367,1.0,levels
2026,15,"resistance flipped to support (4h high broken, retested within 5 bp, last 3 closes above)",1520,0.0043440238235411795,0.4697368421052632,0.4978508513715112,-0.02823667003357133,0.031553577962679547,-0.8948801326736595,0.37085116816906893,1.0,levels
2026,15,"support flipped to resistance (4h low broken, retested within 5 bp, last 3 closes below)",1355,0.0038724686058541438,0.529889298892989,0.4978508513715112,0.03216299772042025,0.025590104109295297,1.2568529453046433,0.2088068900217268,1.0,levels
2026,15,"repeated rejection at the 4h high (2+ touches in 30 minutes, no close above)",7301,0.020865603905048786,0.4685659498698808,0.4978508513715112,-0.029908970227607523,0.016447908137198604,-1.8184057193245973,0.06900214486425638,1.0,levels
2026,15,"repeated rejection at the 4h low (2+ touches in 30 minutes, no close below)",6416,0.018336353192000138,0.517923940149626,0.4978508513715112,0.02044803109841631,0.016135046762320467,1.2673053508693748,0.20504612797994692,1.0,levels
2026,15,rejecting the ups (3+ up-minutes undone by the next minute in the last 15),64246,0.18360931221528068,0.5103664041341095,0.4978508513715112,0.015330347283307844,0.005681209916083678,2.698430001663407,0.006966738744916157,0.985239852398524,levels
2026,15,rejecting the downs (3+ down-minutes undone by the next minute in the last 15),62829,0.1795596531639926,0.48577886008053606,0.4978508513715112,-0.014714039037122317,0.005070356413331711,-2.9019733205409484,0.0037082011983826657,0.948339483394834,levels
2026,15,lower highs (three successive 10-minute highs declining),101367,0.28969780455322286,0.5199127921315616,0.4978508513715112,0.03105993604056584,0.004137088983011183,7.507678990737793,6.017408793468348e-14,0.007380073800738007,levels
2026,15,higher lows (three successive 10-minute lows rising),100153,0.2862283013152104,0.4714287140674768,0.4978508513715112,-0.037017630921372224,0.004716390058059163,-7.848721260472954,4.218847493575595e-15,0.007380073800738007,levels
2026,15,approaching the previous day's high from below (within 10 bp),6235,0.01781907140774951,0.4858059342421812,0.4978508513715112,-0.012263440246792268,0.016850425083863772,-0.7277822479704639,0.4667468930391774,1.0,levels
2026,15,approaching the previous day's low from above (within 10 bp),4639,0.013257846393031271,0.580728605302867,0.4978508513715112,0.08399129765400393,0.016382874540088257,5.126774147508759,2.947487456328446e-07,0.12177121771217712,levels
2026,15,broke above the previous day's high in the last 5 minutes,2249,0.006427440512594811,0.4753223654957759,0.4978508513715112,-0.022674223095853208,0.019720464961707394,-1.1497813636687235,0.25023393289582474,1.0,levels
2026,15,broke below the previous day's low in the last 5 minutes,1747,0.004992769486662132,0.5489410417859187,0.4978508513715112,0.051346551912039295,0.020120478360098153,2.551954828960081,0.01071204057975983,0.992619926199262,levels
2026,15,crossed above the daily open in the last 5 minutes,6649,0.019002246317582436,0.49812001804782674,0.4978508513715112,0.0002743805225905449,0.010592961118124602,0.025902155169915488,0.9793353810475864,1.0,levels
2026,15,crossed below the daily open in the last 5 minutes,6649,0.019002246317582436,0.5039855617386073,0.4978508513715112,0.0062535417069692345,0.011274044770564904,0.5546848388695809,0.57911024810925,1.0,levels
2026,15,range breakout upward (prior hour under 15 bp),2021,0.0057758369390636345,0.46511627906976744,0.4978508513715112,-0.032924740232588234,0.02332800771030711,-1.4113824310012106,0.15813188052573568,1.0,levels
2026,15,range breakdown downward (prior hour under 15 bp),1988,0.005681525895526227,0.5347082494969819,0.4978508513715112,0.037068000932665046,0.025455923608030086,1.456164054521751,0.1453472736977175,1.0,levels
2026,15,reclaimed the session VWAP in the last 5 minutes after 30+ minutes below,2902,0.008293656010471384,0.4827705031013094,0.4978508513715112,-0.015206465463894425,0.01580075990102002,-0.9623882369678163,0.33585462027142343,1.0,levels
2026,15,lost the session VWAP in the last 5 minutes after 30+ minutes above,2844,0.008127897206678366,0.5154711673699015,0.4978508513715112,0.017764705700228645,0.016477098305310207,1.0781452760103682,0.2809689290294566,1.0,levels
2026,15,"approaching a $1,000 level from below (within 10 bp, rising)",13484,0.038536063971466625,0.4934737466627114,0.4978508513715112,-0.004552541748866934,0.008328411598598633,-0.5466278527388055,0.584634429735768,1.0,round numbers
2026,15,"approaching a $1,000 level from above (within 10 bp, falling)",13368,0.038204546363880584,0.48952722920406944,0.4978508513715112,-0.008654254016250418,0.008582236045491866,-1.0083915159612025,0.3132665442525884,1.0,round numbers
2026,15,"crossed a $1,000 level upward in the last 3 minutes",8974,0.025646888021354307,0.47147314464007134,0.4978508513715112,-0.0270720197915455,0.007953209103502343,-3.40391148267733,0.0006642827633880355,0.5498154981549815,round numbers
2026,15,"crossed a $1,000 level downward in the last 3 minutes",9002,0.025726909512840592,0.5363252610530993,0.4978508513715112,0.03949037498546737,0.00827930529839484,4.7697691487622285,1.8443716205407412e-06,0.15498154981549817,round numbers
2026,15,"approaching a $100 level from below (within 10 bp, rising)",124538,0.35591844666853384,0.4856027879040935,0.4978508513715112,-0.01901632394852093,0.0026710945356541002,-7.119300232428574,1.084687895058778e-12,0.007380073800738007,round numbers
2026,15,"approaching a $100 level from above (within 10 bp, falling)",126766,0.3622858710625139,0.5100736790622091,0.4978508513715112,0.01916662519468204,0.0026458697297165623,7.243979164739625,4.3565151486291143e-13,0.007380073800738007,round numbers
2026,15,crossed a $100 level upward in the last 3 minutes,69425,0.19841043022983315,0.4835145840835434,0.4978508513715112,-0.0178847976927623,0.0031666979625033557,-5.647775033973846,1.6253767665119767e-08,0.055350553505535055,round numbers
2026,15,crossed a $100 level downward in the last 3 minutes,69967,0.19995941767217482,0.5162433718753127,0.4978508513715112,0.022989484421260198,0.002782354704922143,8.262600156834964,2.220446049250313e-16,0.0036900369003690036,round numbers
2026,15,10 minutes before funding settlement (00:00 UTC),2420,0.006916143192743194,0.5264462809917355,0.4978508513715112,0.028794577038194935,0.026443579681461722,1.0889061687204695,0.2761952656777613,1.0,time
2026,15,10 minutes after funding settlement (00:00 UTC),2430,0.006944722296845438,0.49300411522633747,0.4978508513715112,-0.004880630770508376,0.024333754328573588,-0.20057039717777378,0.8410345072923269,1.0,time
2026,15,10 minutes before funding settlement (08:00 UTC),2430,0.006944722296845438,0.5205761316872428,0.4978508513715112,0.022884204762793348,0.023656646806591197,0.9673477796699982,0.33337020586804367,1.0,time
2026,15,10 minutes after funding settlement (08:00 UTC),2430,0.006944722296845438,0.5193415637860083,0.4978508513715112,0.021641003171749995,0.02475464890536178,0.8742197578517311,0.3819985881660888,1.0,time
2026,15,10 minutes before funding settlement (16:00 UTC),2430,0.006944722296845438,0.5111111111111111,0.4978508513715112,0.01335299256479422,0.024024618376761515,0.5558045649420295,0.5783444645057074,1.0,time
2026,15,10 minutes after funding settlement (16:00 UTC),2430,0.006944722296845438,0.48930041152263376,0.4978508513715112,-0.008610235543638434,0.024503906139701142,-0.35138216309473047,0.7253016621175306,1.0,time
2026,15,10 minutes after the US equity open (13:30 UTC),2430,0.006944722296845438,0.4888888888888889,0.4978508513715112,-0.009024636073986236,0.024355859275920762,-0.3705324444417519,0.7109858069292949,1.0,time
2026,15,10 minutes after the US equity close (20:00 UTC),2430,0.006944722296845438,0.5148148148148148,0.4978508513715112,0.017082597337924332,0.024499118935147276,0.6972739461833075,0.4856313697539396,1.0,time
2026,15,10 minutes after the London open (07:00 UTC),2430,0.006944722296845438,0.522633744855967,0.4978508513715112,0.02495620741453225,0.025013676379570488,0.9977024982587056,0.3184236414295576,1.0,time
2026,15,last 5 minutes of the hour,29155,0.08332237801009414,0.49826787858000343,0.4978508513715112,0.00045493333587326434,0.005953085215360499,0.07641975873273554,0.9390851503747029,1.0,time
2026,15,first 5 minutes of the hour,29160,0.08333666756214526,0.5066529492455418,0.4978508513715112,0.009602323516772038,0.005492419553802359,1.7482866016898553,0.08041441210323286,1.0,time
2026,15,last 5 minutes of a 4-hour block,7285,0.020819877338485192,0.5041866849691147,0.4978508513715112,0.0064705496475786495,0.01198162797777602,0.5400392717567656,0.5891699495012126,1.0,time
2026,15,first 5 minutes of a 4-hour block,7290,0.020834166890536316,0.5053497942386831,0.4978508513715112,0.007658501362693637,0.011119836851253628,0.6887242560425006,0.49099680891128994,1.0,time
2026,15,last 5 minutes of the UTC day,1210,0.003458071596371597,0.4983471074380165,0.4978508513715112,0.000497978110464703,0.02933348700285206,0.016976437558081148,0.9864554131684702,1.0,time
2026,15,first 5 minutes of the UTC day,1215,0.003472361148422719,0.502880658436214,0.4978508513715112,0.005047333228508588,0.02670611169803473,0.1889954361600313,0.8500963937488166,1.0,time
2026,15,Saturday or Sunday,100800,0.2880773693506256,0.5038591269841269,0.4978508513715112,0.00843950642099317,0.0044386874400253115,1.901351815153951,0.0572559464080733,1.0,time
2026,15,first hour of the week (Monday 00:00 to 01:00 UTC),2100,0.006001611861471367,0.4957142857142857,0.4978508513715112,-0.0021494659173710295,0.03125573231744635,-0.06877029453478008,0.9451724636170762,1.0,time
2026,15,volume climax at a new 1h high (hour's largest volume),1853,0.005295707990145925,0.4511602806260119,0.4978508513715112,-0.046939146760047123,0.011962174646514454,-3.9239643415275065,8.710363375175056e-05,0.25092250922509224,volume and flow
2026,15,volume climax at a new 1h low (hour's largest volume),2025,0.005787268580704532,0.5634567901234568,0.4978508513715112,0.06598782803584641,0.012661797020842528,5.211568936638625,1.8725023620547177e-07,0.1070110701107011,volume and flow
2026,15,"absorption: heavy taker selling in the last 5 minutes, price did not fall",12360,0.03532377267037433,0.5042880258899677,0.4978508513715112,0.006672886027548952,0.007139582516526191,0.9346325239750415,0.3499777117041991,1.0,volume and flow
2026,15,"absorption: heavy taker buying in the last 5 minutes, price did not rise",11451,0.032725932107480295,0.48703170028818443,0.4978508513715112,-0.01118519708369664,0.007210887628834096,-1.5511539853943248,0.12086478636138476,1.0,volume and flow
2026,15,delta divergence: new 4h high with net taker selling over the hour,1277,0.0036495515938566358,0.45418950665622554,0.4978508513715112,-0.04382127271095276,0.024678009168853498,-1.775721550758652,0.07577882350691056,1.0,volume and flow
2026,15,delta divergence: new 4h low with net taker buying over the hour,1164,0.0033266077175012716,0.5257731958762887,0.4978508513715112,0.028015541220411277,0.028384052592175607,0.9870169571252163,0.3236343257365806,1.0,volume and flow
2026,15,taker buying above 70% of the last minute,82800,0.2366349819665853,0.48927536231884056,0.4978508513715112,-0.011233798838153286,0.0023988507084209422,-4.6829920672920915,2.827174585551262e-06,0.15867158671586715,volume and flow
2026,15,taker selling above 70% of the last minute,86913,0.24838956748383853,0.5036760898829864,0.4978508513715112,0.007750342809870359,0.0027582823825852885,2.809843857468321,0.004956554029472038,0.974169741697417,volume and flow
2026,15,bullish engulfing,28803,0.08231639354569513,0.49123355206054925,0.4978508513715112,-0.0072108723141841025,0.0030771394243490225,-2.343368733026968,0.019110485682531708,1.0,candles
2026,15,bearish engulfing,29936,0.08555440604047944,0.5041421699625869,0.4978508513715112,0.006879926627274213,0.0027912956526385774,2.4647788996377735,0.013709782077240273,0.996309963099631,candles
2026,15,pin bar at a new 1h high (long upper wick),2001,0.005718678730859145,0.4352823588205897,0.4978508513715112,-0.06292835962266352,0.012150115009000624,-5.1792398323840665,2.2279188960361296e-07,0.11439114391143912,candles
2026,15,pin bar at a new 1h low (long lower wick),2112,0.00603590678639406,0.5606060606060606,0.4978508513715112,0.06313629402009302,0.01200500355076653,5.259164960102133,1.447110309360511e-07,0.1033210332103321,candles
2026,15,inside bar (last minute inside the previous one),81064,0.23167364949443564,0.49648425935063656,0.4978508513715112,-0.00177866087760159,0.002311501021422255,-0.7694830593270466,0.44160659749312603,1.0,candles
2026,15,doji at a new 1h high,1362,0.003892473978725715,0.44052863436123346,0.4978508513715112,-0.0575462141514364,0.01872036146972422,-3.073990544707369,0.00211216126681113,0.8081180811808119,candles
2026,15,doji at a new 1h low,1485,0.004243996959183324,0.5461279461279461,0.4978508513715112,0.048482855849231565,0.01492050302876692,3.2494116153963444,0.0011564400903334437,0.6642066420664207,candles
2026,15,squeeze: last hour's range under 40% of the previous day's median hourly range,9717,0.02777031545615108,0.503138828856643,0.4978508513715112,0.005439020808763684,0.013491913913676096,0.4031318939302165,0.6868511988188217,1.0,volatility
2026,30,failed breakout above the 1h high,31038,0.0887076260892678,0.48711257168632,0.5004615723182363,-0.014648427896559901,0.007326001592293401,-1.9995119728023725,0.04555298774091976,1.0,levels
2026,30,failed breakdown below the 1h low,31846,0.09101691669691418,0.5189348740815173,0.5004615723182363,0.020323042422475346,0.007686635183585021,2.6439452292305545,0.008194591487097336,0.988929889298893,levels
2026,30,wick rejection at the 1h high,8137,0.023255813953488372,0.4695833845397567,0.5004615723182363,-0.031613382725586225,0.007385173773973901,-4.2806552280455445,1.8634385645643903e-05,0.1918819188191882,levels
2026,30,wick rejection at the 1h low,8750,0.025007788139734945,0.5564571428571429,0.5004615723182363,0.05743181315476176,0.007005630107710761,8.197951115282166,2.220446049250313e-16,0.0036900369003690036,levels
2026,30,failed breakout above the 4h high,12988,0.03712013169815743,0.4683554049892208,0.5004615723182363,-0.03334389718380826,0.011891994306865838,-2.8038944792091915,0.00504894262319322,0.974169741697417,levels
2026,30,failed breakdown below the 4h low,13045,0.03728303957518198,0.5313146799540054,0.5004615723182363,0.03204795272553895,0.01193097523391684,2.686113423019643,0.007228854480569202,0.988929889298893,levels
2026,30,wick rejection at the 4h high,3214,0.009185717837840928,0.4368388301182327,0.5004615723182363,-0.06421258084932496,0.013785784078427543,-4.657883837728676,3.194763842584436e-06,0.15867158671586715,levels
2026,30,wick rejection at the 4h low,3474,0.009928806399707337,0.5682210708117443,0.5004615723182363,0.06843901623590076,0.011897217447479359,5.752522935554213,8.792133465718166e-09,0.04797047970479705,levels
2026,30,failed breakout above the daily high,4392,0.012552480629681815,0.4731329690346084,0.5004615723182363,-0.02767600581047075,0.021856275656366903,-1.2662727285107476,0.20541545713429898,1.0,levels
2026,30,failed breakdown below the daily low,4255,0.012160930118236822,0.5384253819036428,0.5004615723182363,0.0384311683379262,0.021193568564675132,1.8133410718750893,0.06977923225602467,1.0,levels
2026,30,wick rejection at the daily high,1045,0.0029866444121169162,0.44688995215311006,0.5004615723182363,-0.05373209883787161,0.022004682047405067,-2.4418484539842757,0.014612279114979865,0.996309963099631,levels
2026,30,wick rejection at the daily low,1183,0.003381052956492165,0.5688926458157227,0.5004615723182363,0.06866322750584741,0.02226199806340783,3.084324565579293,0.002040148927093588,0.8044280442804428,levels
2026,30,"liquidity sweep of the 1h low (took it out, closed back above)",6591,0.01883729504331349,0.5562130177514792,0.5004615723182363,0.05682181472205894,0.007459073578166209,7.617811263906102,2.5757174171303632e-14,0.007380073800738007,levels
2026,30,"liquidity sweep of the 1h high (took it out, closed back below)",6055,0.01730538939269658,0.4678777869529315,0.5004615723182363,-0.033157590378121715,0.008181969659543544,-4.052519351431024,5.066903145434232e-05,0.2066420664206642,levels
2026,30,retest from above of a 4h high broken in the last hour,7531,0.021523845997753584,0.4650112866817156,0.5004615723182363,-0.03623009665745952,0.01564648572717774,-2.3155421152833267,0.020583282507709688,1.0,levels
2026,30,retest from below of a 4h low broken in the last hour,7034,0.02010340363141664,0.5270116576627808,0.5004615723182363,0.02709478269741622,0.013709615990727151,1.9763341814783484,0.04811694068662753,1.0,levels
2026,30,acceptance above the 4h high (last 5 closes all above it),10974,0.031364053376623006,0.4299252779296519,0.5004615723182363,-0.07282023203296434,0.013737971820144464,-5.300653763620734,1.1538873589955756e-07,0.0959409594095941,levels
2026,30,acceptance below the 4h low (last 5 closes all below it),11567,0.03305886690426447,0.5826056885968705,0.5004615723182363,0.08495255136746904,0.012405899479280986,6.847754288945172,7.501776977392183e-12,0.01107011070110701,levels
2026,30,"support held (4h low tested within 3 bp, no close below, price now 3+ bp above)",11156,0.03188421536992949,0.5160451774829689,0.5004615723182363,0.016096840287225855,0.014328796908810235,1.1233909161856093,0.26127150606741534,1.0,levels
2026,30,"resistance held (4h high tested within 3 bp, no close above, price now 3+ bp below)",11705,0.03345327544863972,0.4823579666809056,0.5004615723182363,-0.0187301919063807,0.012273846987609235,-1.52602455654607,0.127003748971402,1.0,levels
2026,30,"resistance flipped to support (4h high broken, retested within 5 bp, last 3 closes above)",1520,0.004344210053988242,0.4875,0.5004615723182363,-0.013018125791182389,0.0362648928897759,-0.35897323151483973,0.7196151146090455,1.0,levels
2026,30,"support flipped to resistance (4h low broken, retested within 5 bp, last 3 closes below)",1340,0.003829764126542266,0.4746268656716418,0.5004615723182363,-0.025934027856134634,0.03448041355252541,-0.7521379584565678,0.4519680988868282,1.0,levels
2026,30,"repeated rejection at the 4h high (2+ touches in 30 minutes, no close above)",7301,0.02086649842379484,0.47459252157238735,0.5004615723182363,-0.026420350957458816,0.01909216730658096,-1.3838319418221248,0.16640992000612198,1.0,levels
2026,30,"repeated rejection at the 4h low (2+ touches in 30 minutes, no close below)",6416,0.01833713928051879,0.5490960099750624,0.5004615723182363,0.04954291295198937,0.01966997811630204,2.518707070188823,0.011778660260113538,0.992619926199262,levels
2026,30,rejecting the ups (3+ up-minutes undone by the next minute in the last 15),64239,0.18359717740667808,0.5078690515107644,0.5004615723182363,0.009073314039995839,0.005894228541232165,1.539355655540818,0.12371749359557738,1.0,levels
2026,30,rejecting the downs (3+ down-minutes undone by the next minute in the last 15),62829,0.17956735097501794,0.4894236737812157,0.5004615723182363,-0.013453753394795098,0.005698002247730915,-2.361135150508709,0.01821908951463813,1.0,levels
2026,30,lower highs (three successive 10-minute highs declining),101367,0.2897102240412014,0.5230597729043969,0.5004615723182363,0.03181546651950046,0.0049083983864022535,6.48184275498886,9.060907579794275e-11,0.025830258302583026,levels
2026,30,higher lows (three successive 10-minute lows rising),100145,0.28621770780042927,0.47591991612162365,0.5004615723182363,-0.03438255118516009,0.005105148288896752,-6.734878056321912,1.6406653813305638e-11,0.01107011070110701,levels
2026,30,approaching the previous day's high from below (within 10 bp),6235,0.017819835320142557,0.5100240577385726,0.5004615723182363,0.00973597896212175,0.02095841236788749,0.46453799988396216,0.642262340862324,1.0,levels
2026,30,approaching the previous day's low from above (within 10 bp),4639,0.013258414763454905,0.5936624272472516,0.5004615723182363,0.09445315402073878,0.01853160891867277,5.096867435269807,3.4531996262465725e-07,0.12546125461254612,levels
2026,30,broke above the previous day's high in the last 5 minutes,2249,0.006427716060144445,0.4650955980435749,0.5004615723182363,-0.03559476733230027,0.022742672569620336,-1.565109255446423,0.11755729376654878,1.0,levels
2026,30,broke below the previous day's low in the last 5 minutes,1747,0.004992983529156223,0.5397824842587292,0.5004615723182363,0.03951822579096875,0.022763366428613607,1.7360448822408907,0.08255589892384751,1.0,levels
2026,30,crossed above the daily open in the last 5 minutes,6649,0.019003060953268303,0.5026319747330426,0.5004615723182363,0.002212445654433237,0.01187494979102533,0.18631200075518012,0.8522000969902355,1.0,levels
2026,30,crossed below the daily open in the last 5 minutes,6649,0.019003060953268303,0.5157166491201685,0.5004615723182363,0.015550585526552307,0.013011863113607929,1.1951082939298185,0.232044721931977,1.0,levels
2026,30,range breakout upward (prior hour under 15 bp),2021,0.005776084552046209,0.500247402276101,0.5004615723182363,-0.0002154142933071812,0.02212482830680831,-0.0097363148007297,0.9922316674758249,1.0,levels
2026,30,range breakdown downward (prior hour under 15 bp),1988,0.00568176946534778,0.5216297786720322,0.5004615723182363,0.02128916648990098,0.027976411156653516,0.7609684591312514,0.446675906532896,1.0,levels
2026,30,reclaimed the session VWAP in the last 5 minutes after 30+ minutes below,2902,0.008294011563601236,0.48552722260509995,0.5004615723182363,-0.01505925131770447,0.01640309872807169,-0.91807356447429,0.35858035365848995,1.0,levels
2026,30,lost the session VWAP in the last 5 minutes after 30+ minutes above,2844,0.008128245653646421,0.5341068917018285,0.5004615723182363,0.03392103791257228,0.017161097644365447,1.9766240257778427,0.04808414432069563,1.0,levels
2026,30,"approaching a $1,000 level from below (within 10 bp, rising)",13484,0.03853771603156412,0.5015574013645803,0.5004615723182363,0.0011397525047170953,0.010257132226907712,0.11111804737460271,0.9115227376313011,1.0,round numbers
2026,30,"approaching a $1,000 level from above (within 10 bp, falling)",13368,0.03820618421165449,0.5050867743865949,0.5004615723182363,0.0048089330503414685,0.010390900067165948,0.46280235776082046,0.6435060410718898,1.0,round numbers
2026,30,"crossed a $1,000 level upward in the last 3 minutes",8974,0.02564798751611216,0.47793626030755515,0.5004615723182363,-0.02311824856117245,0.009232643101720348,-2.5039686151048937,0.012280892753676609,0.992619926199262,round numbers
2026,30,"crossed a $1,000 level downward in the last 3 minutes",9002,0.025728012438159312,0.5315485447678294,0.5004615723182363,0.031907899279121965,0.010040992638415265,3.1777634371573322,0.0014841579152173878,0.7232472324723247,round numbers
2026,30,"approaching a $100 level from below (within 10 bp, rising)",124530,0.35591084080470775,0.4910704247972376,0.5004615723182363,-0.01458050859407678,0.00264398236730214,-5.514601297797006,3.495715183987613e-08,0.07749077490774908,round numbers
2026,30,"approaching a $100 level from above (within 10 bp, falling)",126759,0.3622813962062471,0.5119005356621621,0.5004615723182363,0.01793732106273216,0.0025649973071308917,6.993114968528432,2.688516076432279e-12,0.01107011070110701,round numbers
2026,30,crossed a $100 level upward in the last 3 minutes,69425,0.1984189361829827,0.4875765214259993,0.5004615723182363,-0.016074545013426533,0.003509374229436213,-4.580459068341918,4.639564151975861e-06,0.16605166051660517,round numbers
2026,30,crossed a $100 level downward in the last 3 minutes,69967,0.19996799003118115,0.5142138436691583,0.5004615723182363,0.0171896513883964,0.0033397156572617143,5.147040392801125,2.6462836055785033e-07,0.12177121771217712,round numbers
2026,30,10 minutes before funding settlement (00:00 UTC),2420,0.006916439691218123,0.4880165289256198,0.5004615723182363,-0.012531718266232172,0.028206013980303722,-0.44429242199848157,0.6568311793450836,1.0,time
2026,30,10 minutes after funding settlement (00:00 UTC),2430,0.006945020020520677,0.5090534979423869,0.5004615723182363,0.008652014034840394,0.026895771299830364,0.3216867788764609,0.747689994823727,1.0,time
2026,30,10 minutes before funding settlement (08:00 UTC),2430,0.006945020020520677,0.5411522633744856,0.5004615723182363,0.040975265092664026,0.02749563906388725,1.49024596218536,0.13615957525873235,1.0,time
2026,30,10 minutes after funding settlement (08:00 UTC),2430,0.006945020020520677,0.5304526748971193,0.5004615723182363,0.03020084807338952,0.026773146375336655,1.1280276008654124,0.25930826282435726,1.0,time
2026,30,10 minutes before funding settlement (16:00 UTC),2430,0.006945020020520677,0.5012345679012346,0.5004615723182363,0.0007784015976781689,0.02713614747849399,0.028685044488908004,0.9771157842293754,1.0,time
2026,30,10 minutes after funding settlement (16:00 UTC),2430,0.006945020020520677,0.4876543209876543,0.5004615723182363,-0.012896820003708787,0.026512650472320022,-0.48644023792240015,0.6266550674076428,1.0,time
2026,30,10 minutes after the US equity open (13:30 UTC),2430,0.006945020020520677,0.5123456790123457,0.5004615723182363,0.01196721927154032,0.027073914526957902,0.44202027969115365,0.6584745309747708,1.0,time
2026,30,10 minutes after the US equity close (20:00 UTC),2430,0.006945020020520677,0.516872427983539,0.5004615723182363,0.016525626472002508,0.026570565865233993,0.6219523722535887,0.5339731861343737,1.0,time
2026,30,10 minutes after the London open (07:00 UTC),2430,0.006945020020520677,0.5378600823045268,0.5004615723182363,0.03766005985596421,0.027025630485030424,1.3934942193790532,0.16347039185577317,1.0,time
2026,30,last 5 minutes of the hour,29155,0.08332595008159684,0.5018693191562339,0.5004615723182363,0.0015357114539491512,0.005279009573253513,0.290909010987581,0.771120909455586,1.0,time
2026,30,first 5 minutes of the hour,29160,0.08334024024624812,0.5015089163237312,0.5004615723182363,0.0011425657059237482,0.004841903778003437,0.23597447580730035,0.8134524762829305,1.0,time
2026,30,last 5 minutes of a 4-hour block,7285,0.020820769896910753,0.5063829787234042,0.5004615723182363,0.006047316183927398,0.012215147723258593,0.49506697102097563,0.6205528474963817,1.0,time
2026,30,first 5 minutes of a 4-hour block,7290,0.02083506006156203,0.5035665294924554,0.5004615723182363,0.0031710256848190843,0.012179642891070437,0.2603545697668966,0.7945902828840827,1.0,time
2026,30,last 5 minutes of the UTC day,1210,0.0034582198456090613,0.4743801652892562,0.5004615723182363,-0.02617191526574969,0.02999474297298727,-0.8725500761690024,0.3829083622336409,1.0,time
2026,30,first 5 minutes of the UTC day,1215,0.0034725100102603384,0.508641975308642,0.5004615723182363,0.008208908507370882,0.02865115211621695,0.2865123354925936,0.7744857469486632,1.0,time
2026,30,Saturday or Sunday,100800,0.2880897193697466,0.5072321428571429,0.5004615723182363,0.009510426697185326,0.007110483968907354,1.3375217128359216,0.18105239965133135,1.0,time
2026,30,first hour of the week (Monday 00:00 to 01:00 UTC),2100,0.006001869153536387,0.51,0.5004615723182363,0.009596021748693895,0.04210115659060856,0.227927746546385,0.8197024117691214,1.0,time
2026,30,volume climax at a new 1h high (hour's largest volume),1853,0.005295935019763298,0.4382083108472747,0.5004615723182363,-0.06258470600720673,0.012905097335975137,-4.849611310775726,1.23703636401018e-06,0.15498154981549817,volume and flow
2026,30,volume climax at a new 1h low (hour's largest volume),2025,0.005787516683767231,0.5654320987654321,0.5004615723182363,0.06534873333161562,0.012657543176742983,5.162829185658053,2.432450902922767e-07,0.11439114391143912,volume and flow
2026,30,"absorption: heavy taker selling in the last 5 minutes, price did not fall",12360,0.03532528701795702,0.5027508090614887,0.5004615723182363,0.002373065980112443,0.008031787657916446,0.2954592528069957,0.7676430751645695,1.0,volume and flow
2026,30,"absorption: heavy taker buying in the last 5 minutes, price did not rise",11451,0.03272733508435484,0.4861584141123046,0.5004615723182363,-0.014787100602268122,0.00841888499420628,-1.7564203112935182,0.07901666721678535,1.0,volume and flow
2026,30,delta divergence: new 4h high with net taker selling over the hour,1277,0.0036497080519361743,0.5011746280344558,0.5004615723182363,0.0007156676943661511,0.029019777037365992,0.024661378116194836,0.9803250615022363,1.0,volume and flow
2026,30,delta divergence: new 4h low with net taker buying over the hour,1164,0.0033267503308173118,0.584192439862543,0.5004615723182363,0.08401034900063664,0.0300827394889123,2.792642905131716,0.005227936957815205,0.974169741697417,volume and flow
2026,30,taker buying above 70% of the last minute,82795,0.2366308364604977,0.49376170058578417,0.5004615723182363,-0.00877671256903656,0.00278826813773677,-3.1477290330336003,0.0016454414542692586,0.7564575645756457,volume and flow
2026,30,taker selling above 70% of the last minute,86911,0.248394500001429,0.5036531624305324,0.5004615723182363,0.004246363434410982,0.0029142735589518447,1.4570915696528643,0.14509110517895918,1.0,volume and flow
2026,30,bullish engulfing,28800,0.08231134839135616,0.49701388888888887,0.5004615723182363,-0.0037569206323995186,0.0029575424674579856,-1.2702845939617564,0.20398327391459015,1.0,candles
2026,30,bearish engulfing,29933,0.08554949970133556,0.5003841913607056,0.5004615723182363,-8.462017080790307e-05,0.002817534815402568,-0.030033407340811363,0.9760404099758222,1.0,candles
2026,30,pin bar at a new 1h high (long upper wick),2001,0.0057189238934411005,0.47276361819090457,0.5004615723182363,-0.027857267721309087,0.011760033909307646,-2.3688084520964736,0.01784549300582783,1.0,candles
2026,30,pin bar at a new 1h low (long lower wick),2112,0.006036165548699452,0.5506628787878788,0.5004615723182363,0.05050617007343661,0.011543751676625033,4.375195472690794,1.2132370887263377e-05,0.18081180811808117,candles
2026,30,inside bar (last minute inside the previous one),81060,0.23167214932650454,0.4989637305699482,0.5004615723182363,-0.0019494825639537194,0.0026608643516590463,-0.7326501115091489,0.4637718589593951,1.0,candles
2026,30,doji at a new 1h high,1362,0.0038926408510078854,0.4684287812041116,0.5004615723182363,-0.03215797054394953,0.014787731714784475,-2.1746384884572016,0.029657217727749652,1.0,candles
2026,30,doji at a new 1h low,1485,0.004244178901429302,0.5562289562289562,0.5004615723182363,0.05600507948745348,0.016210400919600763,3.454885524745726,0.000550526515334937,0.5202952029520295,candles
2026,30,squeeze: last hour's range under 40% of the previous day's median hourly range,9717,0.02777150598329194,0.48903982710713184,0.5004615723182363,-0.01174800500231804,0.018690242354083633,-0.6285635456059893,0.5296348324949112,1.0,volatility
