t,close,rv,volume,trades,taker,n_min,ret,phase,hmm
1503100800,4108.37,29.167873633417564,1199.888264,5233.0,0.6215988424735522,1440,-0.042112865483654005,bull,
1503187200,4139.98,31.579350319599488,381.309763,2153.0,0.4389143348527378,1440,0.007664600737573579,bull,
1503273600,4086.29,19.58805439378078,467.083022,2321.0,0.6134003132316806,1440,-0.013053488973032046,bull,
1503360000,4016.0,32.232878967216436,691.74306,3972.0,0.6114541344296246,1440,-0.017351085545220357,bull,
1503446400,4040.0,71.77404880029788,966.684858,6494.0,-0.12278509900896778,1440,0.005958309583631305,bull,
1503532800,4114.01,40.85923559473564,1001.136565,8629.0,-0.3818643673253509,1440,0.018153529979107574,bull,
1503619200,4316.01,33.76384759594712,787.418753,6247.0,-0.47468761389786207,1440,0.0479331424011864,bull,
1503705600,4280.68,26.739933194716905,573.61274,6554.0,-0.6509911059506803,1440,-0.008219488874827263,bull,
1503792000,4337.44,22.84212935273528,228.108068,2260.0,-0.5073375396787807,1440,0.013172436845751534,bull,
1503878400,4310.01,28.706103977217325,350.692585,3670.0,-0.4202822509064456,1440,-0.006344088025697303,bull,
1503964800,4386.69,38.06119706009026,603.841616,4349.0,-0.5270687603618232,1440,0.017634732065269887,bull,
1504051200,4587.48,31.38722908009981,603.545028,4159.0,-0.5246665605867604,1440,0.04475589733431029,bull,
1504137600,4555.14,34.405135642059356,808.468771,5551.0,-0.5149787869790211,1440,-0.007074588003019855,bull,
1504224000,4724.89,21.823341733972235,556.956802,4161.0,-0.5261847075888662,1440,0.03658801455629224,bull,
1504310400,4834.91,26.015584254649163,560.666366,4000.0,-0.5767175982159772,1440,0.023018234209635224,bear,
1504396800,4472.14,47.01887545113462,929.148595,7475.0,-0.18376917311057228,1440,-0.07799547319489086,bear,
1504483200,4509.08,41.136369397239804,691.216198,6022.0,-0.2507856825426999,1440,0.008226100308569073,bear,
1504569600,4100.11,54.90869548485413,1394.644614,9317.0,-0.17025334598969022,1440,-0.09507933895609,bear,
1504656000,4366.47,47.44877441422065,1228.938157,10084.0,-0.13180974655016764,1440,0.06294109973815232,bear,
1504742400,4619.77,25.61783608849963,807.363726,7956.0,0.04766426674958144,1020,0.056390017947814286,bear,
1504828800,4691.61,28.50764666329145,500.429975,3070.0,-0.03809139730288936,1440,0.015430886827326518,bear,
1504915200,4282.8,28.471847708427926,1132.255046,4733.0,-0.1769308149323098,1440,-0.09116880582997133,bear,
1505001600,4258.81,22.00531863812903,658.782952,3777.0,-0.12569138552935724,1440,-0.005617222767149599,bear,
1505088000,4130.37,32.36808563691456,660.373275,3435.0,-0.11629710636003565,1440,-0.030622787196962875,bear,
1505174400,4208.47,32.25074993025225,699.989065,4228.0,-0.07941896206621454,1440,0.01873216987566373,bear,
1505260800,4163.72,20.126391751410658,879.630319,6501.0,0.027205770973430927,1440,-0.010690255757264566,bear,
1505347200,3944.69,34.30184039806608,913.462545,5019.0,-0.20510498216432074,1440,-0.05403853472765796,bear,
1505433600,3189.02,40.23402403567148,1665.021543,9066.0,-0.08571275945346729,1440,-0.2126567111618698,bull,
1505520000,3700.0,60.812802131468466,1968.866492,10445.0,-0.01860055120487066,1440,0.14861916008344167,bull,
1505606400,3714.95,42.87428853035374,1297.563953,8809.0,-0.03682922054786777,1440,0.004032399478768767,bull,
1505692800,3699.99,33.906927422674734,682.17121,6355.0,-0.19688203786846992,1440,-0.004035102185124373,bull,
1505779200,4035.01,33.28649929720479,1030.006455,8220.0,-0.18905610742022003,1440,0.08667866308976357,bull,
1505865600,3910.04,33.011253609185665,902.332129,7342.0,-0.42965490481831214,1440,-0.03146117590961239,bull,
1505952000,3900.0,29.954211427577533,720.935076,7231.0,0.09656237061768386,1440,-0.0025710509883740684,bull,
1506038400,3609.99,26.325006924061157,1001.654084,8714.0,0.03280949833375804,1440,-0.07727155087775017,bull,
1506124800,3595.87,23.79978369395284,838.966425,8152.0,0.21830827497059854,1440,-0.003919037581148643,bull,
1506211200,3780.0,24.193236500875827,752.792791,8402.0,0.1475846080465455,1440,0.04993804495479459,bull,
1506297600,3660.02,24.300873704884072,661.63639,8724.0,-0.12054664949731683,1440,-0.03225539775227659,bull,
1506384000,3920.75,21.386365943727498,727.994713,9740.0,-0.17900733710410896,1440,0.06881435015317727,bull,
1506470400,3882.35,24.49501991687773,526.727987,7971.0,-0.14350371133782192,1440,-0.00984232163823151,bull,
1506556800,4193.0,27.272514825438424,628.170966,8373.0,0.10824492006209656,1440,0.07697582779445966,bull,
1506643200,4174.5,29.1466437296246,849.7853250000001,11426.0,-0.14209520622164198,1440,-0.004421877536707086,bull,
1506729600,4174.69,35.47042271797331,1602.309565,14834.0,-0.17567959472300848,1440,4.551339711689195e-05,bull,
1506816000,4378.51,28.865508402069974,720.3531830000001,9324.0,-0.1866026279500732,1440,0.04766837981567562,bull,
1506902400,4378.48,26.92529018720097,726.9636849999999,9816.0,-0.1967249258124908,1440,-6.851669352769818e-06,bull,
1506988800,4380.0,23.525884746157523,655.756974,8185.0,-0.11692466117790769,1440,0.0003470921929977777,bull,
1507075200,4310.0,23.39236726790024,1082.323563,12379.0,-0.08948636462421719,1440,-0.016110820272698945,bull,
1507161600,4208.59,23.80014736368061,868.465101,11006.0,-0.32541036672007845,1440,-0.02381022938315347,bull,
1507248000,4292.43,23.796834129163635,779.138638,9158.0,-0.09889716186812962,1440,0.01972533141091759,bull,
1507334400,4369.0,18.039428756300435,506.529176,6546.0,-0.10706751865365402,1440,0.01768114382587882,bull,
1507420800,4423.0,14.450373362756363,297.5975,4804.0,-0.023425425280790443,1440,0.012284048916891166,bull,
1507507200,4640.0,16.571559473716466,518.462004,7580.0,0.08048362980906122,1440,0.04789616735197377,bull,
1507593600,4786.95,19.10469514911935,646.463145,10372.0,0.08515562476496615,1440,0.031179099162571333,bull,
1507680000,4783.06,24.08910817962579,1043.221773,11967.0,0.30141584765409224,1440,-0.0008129563530729911,bull,
1507766400,4821.43,15.955181507453593,753.429396,5895.0,0.4336790623444165,1440,0.007990055511815086,bull,
1507852800,5430.0,18.681368665826774,1276.701482,8030.0,0.24789503299096208,1440,0.11886856938636647,bull,
1507939200,5649.98,23.82396541961756,1879.82762,11663.0,-0.06519292763663091,1440,0.039712871383231985,bull,
1508025600,5869.99,15.825937352393744,970.759046,6259.0,-0.10627687521955892,1440,0.038200924931965474,bull,
1508112000,5709.99,21.66598994339406,1343.523375,7452.0,-0.10470874985706888,1440,-0.027635657908140487,bull,
1508198400,5760.02,17.538032843497675,1528.996462,9153.0,-0.05922798924043562,1440,0.008723674571092133,bull,
1508284800,5595.0,16.617299455776287,1429.869376,9755.0,-0.03660181753553411,1440,-0.029067605160104648,bull,
1508371200,5512.06,23.397129511177052,2317.804373,14824.0,-0.10292474454659258,1440,-0.014934922770700965,bull,
1508457600,5683.9,23.830829403520617,1881.722107,11553.0,-0.07938347455467293,1440,0.03069919784270958,bull,
1508544000,6010.01,19.98519119650539,1972.97722,11656.0,-0.15555288874546658,1440,0.055788795603346486,bull,
1508630400,6024.97,17.814435666751272,1664.307693,10182.0,-0.04341898033875161,1440,0.0024860876719667857,bull,
1508716800,5950.02,24.42438994487149,1362.092216,8846.0,-0.17909766250363765,1440,-0.01251791921478329,bull,
1508803200,5915.93,23.429875328436225,1812.557715,10736.0,-0.19032528131111123,1440,-0.005745868437010415,bull,
1508889600,5477.03,23.251013714371062,2580.418767,13075.0,-0.1250830047927643,1440,-0.07708572922167356,bull,
1508976000,5689.99,23.81787060189496,2282.813205,12026.0,-0.0344445847902829,1440,0.03814550742970724,bull,
1509062400,5861.77,18.362667519849353,1972.965882,11429.0,-0.20957579235016896,1440,0.02974311509579408,bull,
1509148800,5768.83,20.53299487835726,1403.706416,8305.0,-0.11080066047087159,1440,-0.015982318768058335,bull,
1509235200,5719.64,15.71649258714831,1276.754412,8556.0,-0.18161688247997998,1440,-0.008563420647035969,bull,
1509321600,6169.98,18.461695841752473,1804.778173,10651.0,0.05738224262090527,1440,0.0757897300728061,bull,
1509408000,6120.5,14.411761056507173,1473.687043,9027.0,-0.2289638798161028,1440,-0.008051803887525466,bull,
1509494400,6463.0,13.925127624399698,1511.774925,12503.0,-0.11790630076762254,1440,0.05444981374732727,bull,
1509580800,6753.98,17.760446493665548,1675.615188,16775.0,-0.1862541842751547,1440,0.04403835447006088,bull,
1509667200,7019.98,29.052440693961028,2503.610803,20222.0,-0.07969478273576534,1440,0.03862840827999392,bull,
1509753600,7115.04,21.332487716193572,1891.497592,15375.0,-0.1644860164326342,1440,0.01345048442070862,bull,
1509840000,7357.09,19.345140197185113,1399.191767,13395.0,-0.08749138887693307,1440,0.033453620671027195,bear,
1509926400,7345.01,14.588956897243811,1207.83233,11090.0,-0.1047181275566617,1440,-0.0016433030272473559,bear,
1510012800,6960.12,18.541019467076467,1763.019261,13525.0,-0.17187088859603783,1440,-0.053824455518293846,bear,
1510099200,7064.04,17.20415938670426,1440.259494,13132.0,-0.17905350464573982,1440,0.014820410222775138,bear,
1510185600,7303.0,27.504086302993993,2822.298802,24381.0,-0.0848988270944955,1440,0.03326809683819043,bear,
1510272000,7079.99,18.478353968394234,1913.398308,13818.0,-0.24306938605278633,1440,-0.031012727362719872,bear,
1510358400,6506.98,26.878036385356445,3254.704105,18889.0,-0.03815438300803679,1440,-0.08439704838016127,bear,
1510444800,6245.05,25.701560127589396,2754.156861,17840.0,-0.18125495031490146,1440,-0.04108629694447785,bear,
1510531200,5811.03,50.241202823191294,4968.483069,31069.0,-0.08728249145212098,1440,-0.07203131424835973,bull,
1510617600,6465.99,30.686222754495805,2621.243039,16165.0,-0.008106535976956422,1440,0.10679829704860033,bull,
1510704000,6574.99,22.244931023661277,1254.292531,10476.0,-0.023933911952793093,1440,0.016716924399268862,bull,
1510790400,7240.06,16.493459344641153,1779.605845,10313.0,0.07730820585161653,1440,0.09635643650597991,bull,
1510876800,7864.5,18.765791650937107,2331.95675,14961.0,0.026100262794325035,1440,0.08272946804245684,bull,
1510963200,7699.19,21.45194006940819,3982.395925,22012.0,-0.04067386921103273,1440,-0.021243833177479132,bull,
1511049600,7761.94,17.456595228235155,3954.266477,18383.0,-0.04339258115203653,1440,0.008117174429253637,bull,
1511136000,8038.0,12.37100193549142,3867.340444,14897.0,0.08478339384594408,1440,0.034947993076674067,bull,
1511222400,8212.0,10.98927775905411,3886.634348,20101.0,-0.06532687339899981,1440,0.021416203129678735,bull,
1511308800,8119.51,16.867820195242423,4544.474016,20798.0,-0.021980890560338882,1440,-0.011326691631509789,bull,
1511395200,8205.92,13.29118049011677,3545.00571,14752.0,0.028974576179173567,1440,0.010586037483122368,bull,
1511481600,8019.99,14.331288781363508,4093.952687,16625.0,0.057049407469129315,1440,-0.02291867001344805,bull,
1511568000,8138.0,18.53263741332409,4411.789112,19754.0,-0.0178926417369517,1440,0.01460727458464639,bull,
1511654400,8700.01,14.62623592618747,4292.623682,18632.0,0.06924038537231353,1440,0.06677972550566658,bull,
1511740800,9128.02,16.964259715889323,4147.380237,19268.0,-0.018516924567194046,1440,0.048024628532681746,bull,
1511827200,9650.0,16.991260300886516,4521.625707,22806.0,0.07635958068477076,1440,0.05560911173304817,bull,
1511913600,9896.8,13.31469643801734,4917.210985,18923.0,-0.011171776270649516,1440,0.025253557215590305,bull,
1512000000,9687.88,46.84459893079865,13352.538715,47894.0,0.29752589329975965,1440,-0.021335852849880155,bull,
1512086400,9838.96,31.05759350433324,9389.574329,41153.0,0.14183243119838354,1440,0.015474394704952488,bull,
1512172800,10782.99,21.580805760230852,6134.923633,32375.0,0.06598509895420555,1440,0.09161987809224748,bull,
1512259200,10890.01,17.515244161559423,4765.439757,29694.0,0.003136917842270725,1440,0.00987596270428881,bull,
1512345600,11165.41,21.491160727554576,5346.636524,39335.0,-0.0370595886050172,1440,0.024974751298586284,bull,
1513728000,17295.2,31.99763426002962,13210.74822,116569.0,-0.1309339806644199,1440,0.4376083998414373,bear,
1513814400,16488.98,39.06032735299753,13450.496693,129762.0,-0.14759072979313356,1440,-0.04773672736985368,bear,
1513900800,15492.64,35.26944565723415,20324.2173,117731.0,0.14865538157772007,1440,-0.06232720654434054,bear,
1513987200,13326.61,68.43824042675473,36076.271175,243261.0,-0.02669084818464479,1440,-0.15060228417488197,bear,
1514073600,13300.0,32.940462572616,13141.538875,135005.0,-0.003515891360934747,1440,-0.0019987530413327903,bear,
1514160000,13500.0,43.702311929782624,28557.534988,173557.0,0.0760812199972083,1440,0.014925650216675024,bear,
1514246400,13699.34,24.62529281180706,15748.207607,116416.0,0.12198812188290457,1440,0.014657971046752039,bear,
1514332800,15689.01,22.830833887390337,15034.668104,133133.0,0.12222913597348263,1440,0.135612810748734,bear,
1514419200,15459.99,25.394170139144098,14959.864723,142202.0,0.04859501154995836,1440,-0.014705070911332996,bear,
1514505600,14182.11,34.558586491650395,21717.858014,178032.0,0.05275462097880155,1440,-0.08627408516599466,bear,
1514592000,14378.9,19.121302086675435,18072.008116,142100.0,0.16231640474989262,1440,0.01378054307232901,bear,
1514678400,12440.01,30.733060494388905,19221.158039,190204.0,-0.008330524033729468,1440,-0.1448439630656395,bull,
1514764800,13716.36,23.650243446417573,11768.989718,138893.0,0.034162391643955355,1440,0.0976713898061643,bull,
1514851200,13380.0,18.513849147174874,8609.915844,105595.0,-0.079679983455132,1440,-0.02482822627531256,bull,
1514937600,14675.11,22.003196499265538,20078.092111,177728.0,0.13021961212975922,1440,0.09239180672703995,bull,
1515024000,14919.51,16.202928488717173,15905.667639,162787.0,0.13103753582085023,1440,0.016516890986130406,bull,
1515110400,15059.54,16.539922677928324,21329.649574,170310.0,0.18903153162510558,1315,0.00934192500328912,bull,
1515196800,16960.39,17.628773672864032,23251.491125,192969.0,0.14802291356271027,1440,0.11886894796584535,bull,
1515283200,17069.79,16.102694690954074,18571.457508,158242.0,0.18538505136265795,1440,0.006429609063577146,bear,
1515369600,16150.03,15.376358459844337,12493.125558,120269.0,0.08528814131045812,1440,-0.05538832719388509,bear,
1515456000,14902.54,35.07010791287744,26600.609912,208642.0,0.0343254861080495,1440,-0.0803902390303346,bear,
1515542400,14400.0,21.390990146631204,14315.004253,156656.0,-0.04418704094114663,1440,-0.03430346163979081,bear,
1515628800,14907.09,25.209491174256332,17411.001655,161476.0,-0.020210916750958246,1440,0.03460873212019244,bear,
1515715200,13238.78,46.96698909415833,33554.723751,239416.0,-0.02117984329937498,1440,-0.11868653745400337,bear,
1515801600,13740.01,24.133366613975234,16417.162137,134452.0,-0.011118729624324458,1440,0.0371616133478323,bear,
1515888000,14210.0,15.522464096360535,12221.508528,123639.0,-0.08780844930405803,1440,0.03363392751303351,bear,
1515974400,13474.99,22.415625931073762,17017.894329,152364.0,-0.025921450590292806,1440,-0.05311056742925224,bear,
1516060800,13539.93,18.342709303038617,14652.094705,145362.0,0.014334594693025575,1440,0.004807722923947821,bear,
1516147200,10900.0,67.69886034984135,63401.169175,418243.0,-0.042497098650704834,1440,-0.21688030836860683,bear,
1516233600,10988.79,65.02731837883029,72331.796646,517293.0,-0.02082348900265151,1440,0.008112873027979361,bear,
1516320000,10961.97,40.67925986080331,48464.434937,393112.0,-0.017242938003637163,1440,-0.0024436523697719537,bear,
1516406400,11474.98,27.891384667441457,34129.375421,273271.0,-0.01132580676416811,1440,0.045737003132394705,bear,
1516492800,12799.94,21.352010066162165,28768.857827,251647.0,0.00033140637898567473,1440,0.10927147038888485,bear,
1516579200,11530.0,28.19453094751042,41379.773426,360207.0,-0.005564392574835217,1440,-0.10448814913361737,bear,
1516665600,10760.05,31.985825718248336,43752.606791,363264.0,-0.026317406423355172,1440,-0.06911213271797756,bear,
1516752000,10799.18,29.43574076526997,37473.922551999996,355286.0,0.0005781381431299005,1440,0.0036300037587384537,bear,
1516838400,11349.99,21.202163615162927,27158.587762,293429.0,-0.036224327811938815,1440,0.04974665754802565,bear,
1516924800,11175.27,16.660564306948718,20839.954183,221040.0,-0.02097798973841442,1440,-0.015513561588170077,bear,
1517011200,11089.0,21.492056653737965,33056.87196,314720.0,-0.07245975532404839,1440,-0.0077496753105048555,bear,
1517097600,11491.0,15.543818463075118,18860.768345,207478.0,-0.02348220448385979,1440,0.03561049430441798,bear,
1517184000,11879.95,11.783645275489643,16887.339524,206247.0,-0.13037965671684915,1440,0.0332879848959351,bear,
1517270400,11251.0,13.423623098245502,14170.377538,169199.0,-0.15083464009821076,1440,-0.05439509158249756,bear,
1517356800,10237.51,21.60921005691178,25554.372946,259212.0,-0.10871642649462335,1440,-0.09439858760924658,bear,
1517443200,10285.1,22.00185642444621,18015.956805,201422.0,-0.025021592018631772,1440,0.0046378199753878135,bear,
1517529600,9224.52,25.49600182745952,33564.764311,316020.0,-0.08058321482429068,1440,-0.10883108990254975,bear,
1517616000,8873.03,36.32807478852042,49971.626975,453411.0,-0.07493491874645923,1440,-0.0388488171614263,bear,
1517702400,9199.96,25.033001696928203,28725.000735,327519.0,-0.012509118670349838,1440,0.036182797328356386,bear,
1517788800,8184.81,27.867216013035815,32014.308449,356134.0,-0.13755464610504664,1440,-0.11691913886065741,bear,
1517875200,6939.99,43.44802203866215,63402.314482,533478.0,-0.05816187834983395,1440,-0.1649796637633152,bull,
1517961600,7652.14,52.489780011846776,100201.500307,785996.0,-0.01069304068020178,1440,0.09768501368551519,bull,
1518048000,7599.0,33.71743624722247,60777.684086,514871.0,-0.01000386183092584,1440,-0.0069686875933516745,bull,
1518307200,8533.98,46.88019451319175,38802.831019,415583.0,-0.03093444497418867,1065,0.1160391815085049,bull,
1518393600,8063.88,21.58569358330371,45025.187952,524626.0,0.02966108413414575,1406,-0.05666101093024345,bull,
1518480000,8903.0,17.10010888739422,41987.85049,477660.0,-0.003666560783735793,1440,0.0989934683256255,bull,
1518566400,8539.9,13.622692327444087,35454.972956,401893.0,-0.06594453192508591,1440,-0.04163900046148683,bull,
1518652800,9449.99,12.187322375639615,40811.952867,514897.0,0.005022401688740091,1440,0.10126438517398562,bull,
1518739200,10000.09,16.60316848080774,52427.596715,608349.0,-0.015591005161717403,1440,0.05658040964951283,bull,
1518825600,10159.98,12.828659125716873,38161.205974,405310.0,-0.04022925908174811,1440,0.0158623806909155,bull,
1518912000,11039.55,12.604394019224923,41882.108407,413585.0,0.009864383306236613,1440,0.08302780550417488,bull,
1518998400,10383.43,18.93309439957055,61137.380728,537534.0,-0.03188970735717309,1440,-0.0612730128352883,bull,
1519084800,11153.0,14.38932950275083,40831.417131,366882.0,0.01000056220654613,1440,0.07149725369905191,bull,
1519171200,11200.99,14.184814221538456,48153.354288,432197.0,0.005599388370483454,1440,0.004293647239373755,bull,
1519257600,10437.6,20.78394337431886,68113.818754,542340.0,-0.05046950549660859,1440,-0.07058749628237315,bull,
1519344000,9811.04,20.086886322627468,67060.166483,506273.0,-0.014935412295075317,1440,-0.06190638874009302,bull,
1519430400,10131.04,17.072310110297753,57202.70237,467480.0,-0.019941009545699898,1440,0.032095696112001804,bull,
1519516800,9694.51,17.606585256176793,40888.156299,337918.0,-0.08790844837109736,1440,-0.04404423244020528,bull,
1519603200,9590.0,14.182655053644421,28373.517586,233567.0,-0.016219156423067864,1440,-0.010838857005756708,bull,
1519689600,10324.0,14.41333592867618,34878.292756,285276.0,-0.02255716326208833,1440,0.0737503929610206,bull,
1519776000,10569.04,11.88984046999406,30705.385123,240542.0,-0.010786956283831181,1440,0.023457690816911736,bull,
1519862400,10326.76,12.946720170868922,30800.983782,277886.0,-0.06413078023677779,1440,-0.023190388304421106,bull,
1519948800,10920.0,11.301213470359537,25092.55393,230428.0,0.01905964101279518,1440,0.055857385947900795,bull,
1520035200,11039.0,10.466891133424836,23910.71009,211691.0,-0.00518775166162373,1440,0.010838486719455531,bull,
1520121600,11464.48,8.771392019218132,21287.15328,190444.0,0.018706695196023998,1440,0.0378191028154955,bull,
1520208000,11515.0,8.38400034725617,17122.482572,166438.0,-0.052080247373604976,1440,0.004396973420938366,bear,
1520294400,11454.0,7.0623589738059644,15144.231063,164318.0,0.012771620044318454,1440,-0.005311519300983392,bear,
1520380800,10716.48,11.51811424215875,29515.572363,250306.0,-0.08642820608818157,1440,-0.06655627045932455,bear,
1520467200,9910.0,22.00116150301792,50647.67108,396721.0,-0.051389699911153386,1440,-0.07823839517044462,bear,
1520553600,9271.64,19.960407678680223,41109.473226,336514.0,-0.014462884180767452,1440,-0.06658406963284946,bear,
1520640000,9227.0,25.422530895172567,64112.291407,462712.0,-0.027755390923458845,1440,-0.0048263101126284624,bear,
1520726400,8770.22,15.854515404716281,37180.012857,288066.0,-0.051112362771607134,1440,-0.05077207700814945,bear,
1520812800,9533.57,19.52410340468465,44325.973386,333367.0,-0.04569689830296545,1440,0.08345736243611412,bear,
1520899200,9131.34,19.630694150286388,42230.347513,336639.0,-0.08268491832621316,1440,-0.04310680129324851,bear,
1520985600,9150.0,19.863143162889845,40191.409358,342734.0,-0.01190541142107907,1440,0.002041426556296244,bear,
1521072000,8170.0,18.035661526318343,49708.094108,399127.0,-0.07929160690483335,1440,-0.11328497041551877,bear,
1521158400,8240.98,20.898485805873566,52291.022277,400529.0,0.01027515243733023,1440,0.00865036001644981,bear,
1521244800,8260.0,16.36947741926155,38815.409893000004,255807.0,0.033065684390246604,1440,0.0023053186445256557,bear,
1521331200,7824.8,14.77834819500542,33110.206329,292041.0,-0.05302569212509726,1440,-0.0541264105387409,bear,
1521417600,8189.99,22.117635872876416,59488.231711,423336.0,-0.051358227251442345,1440,0.04561449986886501,bear,
1521504000,8600.0,19.430907281680838,55297.084942,360414.0,-0.013932658743369452,1440,0.04884952639645057,bear,
1521590400,8909.98,14.590022765747516,44863.376166,298246.0,0.018574795194115104,1440,0.03540979355182472,bear,
1521676800,8885.0,12.75764785922725,39972.405371,293696.0,-0.04696819607363638,1440,-0.0028075352046723623,bear,
1521763200,8722.9,12.830509140515385,40617.556809,276449.0,-0.03649726102362528,1440,-0.018412710167135415,bear,
1521849600,8898.03,13.125449383812942,39990.868008,278569.0,0.0055690405608463285,1440,0.01987815248285507,bear,
1521936000,8546.86,12.774371410844573,35466.609572,270300.0,-0.024315642301508178,1440,-0.040265939888987745,bear,
1522022400,8470.15,12.860341977805609,29001.769316,215660.0,-0.0083870949165094,1440,-0.009015745963031563,bear,
1522108800,8134.23,14.508575601900613,44031.973832,310445.0,-0.04815658834851029,1440,-0.040467134614262434,bear,
1522195200,7795.51,16.54794176090493,37427.64805,266540.0,-0.013436159261949729,1440,-0.04253315653105183,bear,
1522281600,7949.3,11.39634259504913,26401.33167,183620.0,0.03672173162013845,1440,0.019535947550117783,bear,
1522368000,7090.14,19.720432025650133,54620.915125,359537.0,-0.09980228299955633,1440,-0.11437878800473733,bear,
1522454400,6840.23,24.4871580519358,65306.031976,400057.0,-0.02170168321543163,1440,-0.03588372967026032,bear,
1522540800,6923.91,15.869916725414065,36868.539087,240293.0,0.035356110094951786,1440,0.012159282162466312,bear,
1522627200,6813.01,16.62872295012702,44071.430463,260942.0,-0.0061906123793519265,1440,-0.016146619389951766,bear,
1522713600,7056.0,13.081779924461143,32123.560072,206780.0,0.01892091376664653,1440,0.03504429913185447,bear,
1522800000,7405.21,11.394560090804557,37787.331811,248143.0,0.017211301455549645,1440,0.048305487829903626,bear,
1522886400,6796.1,13.685857984454309,42227.183804,277249.0,-0.038562348973074256,1440,-0.08583488829500219,bear,
1522972800,6770.76,15.922329890322342,39029.73146,238476.0,-0.026839181229662574,1440,-0.003735577645429089,bear,
1523059200,6601.39,11.943521658709535,27455.01192,162456.0,0.0036829342596766687,1440,-0.025333107675319155,bull,
1523145600,6895.8,10.846015364270928,32269.578267,178577.0,0.020201509285500976,1440,0.043632297701988065,bull,
1523232000,7018.0,8.388754057826956,21427.673165,152461.0,0.046461354871986146,1440,0.017565746540391558,bull,
1523318400,6782.72,12.188873991821488,34078.297206,212669.0,0.00042725098358015087,1440,-0.034100075718871636,bull,
1523404800,6843.9,8.966074279707769,22326.728095,147755.0,0.026254083200452145,1440,0.008979543142650925,bull,
1523491200,6953.79,6.8224266819342985,23997.871177,155607.0,0.04431420750434005,1440,0.015929090097948517,bull,
1523577600,7923.0,20.45751040613953,64861.595987,404588.0,0.02368334543152295,1440,0.1304830873003553,bull,
1523664000,7877.41,14.610002415858546,55044.523148,351905.0,-0.0013508530140242264,1440,-0.0057707523435404084,bull,
1523750400,7999.01,11.570769357641122,31621.286357,194500.0,0.029905353068935478,1440,0.01531861438260762,bull,
1523836800,8355.0,9.248931369368984,27945.872618,181763.0,0.04621122910179573,1440,0.0435423780251849,bull,
1523923200,8064.92,10.662157090537516,36664.069715,226748.0,-0.022861422954830284,1440,-0.0353363699242184,bull,
1524009600,7885.02,9.125051923808778,32152.603567,221228.0,-0.025721510398890653,1440,-0.022559035249718917,bull,
1524096000,8173.0,9.516493748926747,26969.04457,183472.0,0.07969359101400311,1440,0.03587128166057241,bull,
1524182400,8278.0,8.163902838035739,27113.847464,196821.0,0.014064562121120101,1440,0.012765354792547257,bull,
1524268800,8856.98,9.864532633059396,39795.337485000004,289687.0,0.059817808101194386,1440,0.06760445539741866,bull,
1524355200,8915.31,9.994470372430623,40872.229909,295374.0,0.03472907830476441,1440,0.006564174841322767,bull,
1524441600,8787.02,9.183876887985155,29458.25348,229871.0,0.014174117697896923,1440,-0.014494390964488346,bull,
1524528000,8934.01,6.582643399780014,25838.114709,190944.0,0.025353839333015004,1440,0.01658970964796147,bull,
1524614400,9619.99,10.358128519119708,46268.790106,326608.0,0.07133600784542628,1440,0.0739778829272808,bull,
1524700800,8869.99,18.63645635214726,81110.037589,477363.0,-0.04268287970155627,1440,-0.08116955625089872,bull,
1524787200,9266.0,12.71403421313226,43300.304245,285850.0,0.04575104178924464,1440,0.04367811806931954,bull,
1524873600,8915.35,9.326765608893943,37241.347036,268471.0,-0.005535204883988992,1440,-0.03857727677528722,bull,
1524960000,9348.0,10.031139475325542,34759.62842,257288.0,0.05016263295256484,1440,0.04738790645744295,bull,
1525046400,9419.0,8.864258594555912,38149.850035,311494.0,0.015204262361918765,1440,0.0075665091640679805,bull,
1525132800,9246.01,8.521577574298204,35002.033875,285951.0,-0.0022757482403584733,1440,-0.018536818726452964,bull,
1525219200,9071.48,10.070541529606142,41018.463633,268741.0,-0.022383284591413897,1440,-0.019056680995626962,bull,
1525305600,9247.84,6.902828437279787,26123.543961,188258.0,0.06880257509024433,1440,0.019254584623695337,bull,
1525392000,9750.0,8.763177507607141,38768.388288,282581.0,0.08816183877981686,1440,0.052877274267460805,bull,
1525478400,9713.99,9.411781730915166,28681.588879,210165.0,0.030591409447418047,1440,-0.0037001705287753595,bull,
1525564800,9864.0,7.625529920241721,24990.018345,212076.0,0.04136332461743936,1440,0.015324651381062537,bear,
1525651200,9659.01,8.570997689381029,27690.351559,229309.0,-0.0395566534670445,1440,-0.021000607361559176,bear,
1525737600,9365.0,9.862883570326735,33787.640012,230754.0,-0.06367838686679098,1440,-0.03091182260443226,bear,
1525824000,9187.56,8.346185969268385,25533.831889,189159.0,0.025035922840683966,1440,-0.019128940766176328,bear,
1525910400,9310.0,7.511844926631725,25673.524899,192337.0,0.059244354835718056,1440,0.013238696159099561,bear,
1525996800,9002.2,7.921538133240795,25055.063718,221075.0,0.0016448811491304148,1440,-0.033620099379986,bear,
1526083200,8400.0,11.854836277873886,48227.048061,365538.0,-0.055822009333742775,1440,-0.06923728605972101,bear,
1526169600,8465.94,13.346201709795526,40241.32081,310305.0,-0.028561995403351168,1440,0.007819349052130775,bear,
1526256000,8679.71,10.446398896561899,25632.869362,215590.0,-0.0015126491479522752,1440,0.024937063074480292,bear,
1526342400,8663.34,13.419729036467295,37389.666533,292731.0,-0.015339940261135712,1440,-0.0018877884641455012,bear,
1526428800,8462.0,11.5813460677699,28126.956136,360379.0,-0.006113738051445454,1440,-0.023514777213858196,bear,
1526515200,8330.0,12.71238933318996,31130.22498,300835.0,0.003982509605364333,1440,-0.015722096119123563,bear,
1526601600,8041.46,9.523585079160405,25439.844799,310780.0,-0.01813359337074771,1440,-0.035252797433914296,bear,
1526688000,8239.81,9.695446522247888,23476.158251,183913.0,0.05238366243112268,1440,0.024366626658270718,bear,
1526774400,8233.49,7.132308201778919,17193.424276,134185.0,0.015731178481854003,1440,-0.0007673022782412886,bear,
1526860800,8526.98,6.83363170574766,19957.057109,161265.0,0.06553294876378354,1440,0.035025271141501335,bear,
1526947200,8381.24,6.42171077549033,21516.596486,184158.0,-0.0018229503920622172,1440,-0.017239379358676032,bear,
1527033600,7977.11,7.308680544978,23710.902858,192154.0,-0.004548485844081335,1440,-0.04941968442854616,bear,
1527120000,7501.95,12.281730286205104,42908.692673,306786.0,-0.02631099520098867,1440,-0.0614132037310231,bear,
1527206400,7575.01,12.897713779314275,37845.446595,253694.0,0.004769818438973069,1440,0.009691684778450949,bear,
1527292800,7457.0,10.750910964730787,26739.95664,239025.0,0.0344721512607509,1440,-0.015701482964916025,bear,
1527379200,7333.96,7.688663994219419,19464.086071,212344.0,0.0663696826189398,1440,-0.016637572977028725,bear,
1527465600,7338.99,7.536790418857931,18706.945515,198341.0,0.09673457323906691,1440,0.0006856153939089893,bear,
1527552000,7099.0,8.35331589354126,27219.438963,233392.0,0.05876449765089894,1440,-0.03324730192128911,bear,
1527638400,7461.29,9.745419597843265,39406.83952,237355.0,0.10922878628252893,1440,0.04977439246110116,bear,
1527724800,7375.96,7.912792176356932,32041.583623,242079.0,0.07397618784667533,1440,-0.011502258272255261,bear,
1527811200,7485.01,7.3358303460823615,30776.063102,274399.0,0.1053404182742698,1440,0.014676290629948241,bear,
1527897600,7521.01,7.367995511725817,28258.863851,303063.0,0.11122331894064381,1440,0.0047980835777625686,bear,
1527984000,7640.03,6.991191099445313,26720.690219,290131.0,0.16314743344092952,1440,0.015701092418485274,bear,
1528070400,7714.26,5.649518644504676,27505.158951,349636.0,0.14603305482275594,1440,0.00966903429778121,bear,
1528156800,7487.0,6.314553122231967,32258.835115,307003.0,0.09925456110196548,1440,-0.02990238092152353,bear,
1528243200,7625.0,7.726576674338591,31722.492978,236862.0,0.09169783163061464,1440,0.01826413924492698,bear,
1528329600,7658.84,6.667564275037997,27229.991898,257573.0,0.106984381446473,1440,0.004428213760098387,bear,
1528416000,7691.08,5.692641619775041,25062.227202000002,244186.0,0.15038101640460885,1440,0.004200679535545149,bear,
1528502400,7603.44,5.306793475735807,23396.804671,321734.0,0.11459308400019245,1440,-0.011460439324659788,bear,
1528588800,7491.73,4.724574405487281,19339.885176,278971.0,0.10170893219371402,1440,-0.014801030973021767,bear,
1528675200,6764.99,12.300595978212085,52342.020032,471088.0,-0.007441950076857174,1440,-0.10203896206637886,bear,
1528761600,6872.0,9.767118639618683,34552.162303,203442.0,0.08338615064764968,1440,0.01569440125689603,bear,
1528848000,6530.0,9.78989769458123,36722.211191,224658.0,0.05112055522027186,1440,-0.05104824139361597,bear,
1528934400,6292.78,13.305559969647474,46185.5181,266517.0,0.09849339804201523,1440,-0.0370039988334252,bear,
1529020800,6635.98,11.490487035053663,44478.130837,256384.0,0.07190738982986732,1440,0.053103414004969096,bear,
1529107200,6388.9,8.971383337604738,30018.329905,184938.0,0.07883766340397946,1440,-0.03794424886387482,bear,
1529193600,6483.98,8.161796621362884,22277.241147,140470.0,0.14472305613274597,1440,0.014772409756933058,bear,
1529280000,6449.61,6.120697617361929,19847.247688,129759.0,0.12949232147457448,1440,-0.0053148554896278455,bear,
1529366400,6712.46,8.53866532266549,31821.434995,180773.0,0.11086082043610862,1440,0.03994583692225717,bear,
1529452800,6741.21,6.1644814342382235,24311.421143,160490.0,0.057094982923269526,1440,0.004273933248473583,bear,
1529539200,6761.51,6.989821875509666,26353.272094,166059.0,0.03576766348549967,1440,0.0030068038579091905,bear,
1529625600,6718.84,5.463034866331969,25428.854048,159783.0,0.1917561243930105,1440,-0.006330717304896538,bear,
1529712000,6045.0,13.45798160855248,52157.370833,300515.0,-0.028451011492724953,1440,-0.10568403652030156,bear,
1529798400,6149.98,8.713913120003014,26622.788589,170164.0,0.1351734510068156,1440,0.017217345713863352,bear,
1529884800,6136.97,13.1758344592645,47445.998955,275996.0,0.09456720561949858,1440,-0.0021176947675520807,bear,
1529971200,6252.0,9.348099740816576,39164.515306,218384.0,0.12275396297993951,1440,0.01857027754616425,bear,
1530144000,6133.73,8.145384779611147,19225.671098,99481.0,0.07991175788707965,1335,-0.01909836479062399,bear,
1530230400,5853.98,8.137058452322137,30585.266026,156241.0,0.07387512307655736,1440,-0.04668127597212113,bull,
1530316800,6197.92,10.647735979817893,33911.287278,212542.0,0.10448134713831944,1440,0.05709198009629013,bull,
1530403200,6390.07,8.423125005103788,37919.61284,230915.0,0.05676320117196634,1440,0.030531471053254933,bull,
1530489600,6356.81,6.458348325530855,27562.965974,183060.0,0.13050488562780677,1440,-0.005218543750519444,bull,
1530576000,6615.29,8.471080405051143,36230.452264,242589.0,0.04701485749027036,1440,0.03985695716859894,bull,
1530662400,6513.86,6.5770390932051646,38657.781691,232914.0,0.060776097443454434,1440,-0.015451421911738095,bull,
1530835200,6529.2,9.346993109164753,35071.972898,216533.0,0.09573423530420977,1440,0.0023522098453714335,bull,
1530921600,6609.78,6.627490252878638,29397.094748,193854.0,0.10847315332808345,1440,0.012265946107273606,bull,
1531008000,6756.98,7.183434685063349,23973.876886,145449.0,0.07573953435375966,1440,0.022025674267196038,bull,
1531094400,6712.1,4.899971476362967,24622.947794,145349.0,0.06783580519985573,1440,-0.006664176929376708,bull,
1531180800,6662.12,6.073434538816845,26732.40655,147315.0,0.0761571690222555,1440,-0.0074741155247473046,bull,
1531267200,6296.91,7.6822004758196325,38560.672702,189913.0,-0.0009958587677339828,1440,-0.056378715333870844,bull,
1531353600,6378.07,6.341040961900132,28715.498487,151869.0,0.09125108304096706,1440,0.012806506870763457,bull,
1531440000,6250.57,7.991381252768931,31306.663348000002,150985.0,0.0264758292759087,1440,-0.02019288416513909,bull,
1531526400,6214.57,6.452455919386649,26375.325286,144757.0,0.0002649728837167632,1440,-0.005776124470449062,bull,
1531612800,6251.99,5.75978924710357,17783.071999,108052.0,0.10591837333312941,1440,0.006003277950393127,bull,
1531699200,6353.01,4.979398797171814,22979.211508,114997.0,0.18282911232778237,1440,0.01602890327287021,bull,
1531785600,6723.35,6.636074680699205,36204.87708,201733.0,0.113089530091563,1440,0.05665782588138413,bull,
1531872000,7317.44,11.239431737622414,52105.423459,276178.0,0.07662944499706074,1440,0.08467399780455231,bull,
1531958400,7381.9,10.28940818884208,59487.64345,327949.0,0.048835707947345076,1440,0.008770518023085927,bull,
1532044800,7466.21,8.06999804246301,41218.256437000004,235597.0,0.10062668253179206,1440,0.011356449556526371,bull,
1532131200,7337.53,9.970232135470983,46140.313447,251391.0,0.04059044373747677,1440,-0.017385233876318296,bull,
1532217600,7398.78,6.084693242079396,28886.490291,164901.0,0.13737476560924997,1440,0.008312848021665431,bull,
1532304000,7394.79,7.773850735490734,30270.21844,144711.0,0.1289484630491486,1440,-0.000539423559931862,bull,
1532390400,7721.01,9.285551902850154,41646.346671,219776.0,0.09284255379097724,1440,0.04316948630123818,bull,
1532476800,8397.24,10.161830786869253,60121.163749,326329.0,0.09713472821951388,1440,0.08395789593441805,bear,
1532563200,8175.64,8.371718293353874,48257.649124,277935.0,0.05466416155543842,1440,-0.026744079248489427,bear,
1532649600,7920.0,8.494450888351182,43223.481682,235681.0,0.03494647467580199,1440,-0.031767795354452844,bear,
1532736000,8188.57,8.497302387744762,43671.005891,227397.0,0.061067170141588245,1440,0.0333480736191305,bear,
1532822400,8225.04,5.55328272412114,26215.173839,144170.0,0.06630677140176103,1440,0.004443880416030055,bear,
1532908800,8211.0,5.342699403248277,25531.226185,144331.0,0.11445466864089833,1440,-0.0017084411348431416,bear,
1532995200,8173.92,8.85061400692201,39692.416542,206911.0,0.041816138713643786,1440,-0.004526120762385233,bear,
1533081600,7730.93,9.806289706229268,48296.915587,239132.0,0.005165012961348273,1440,-0.05571943212300745,bear,
1533168000,7604.58,8.930838147729725,42582.312932,208008.0,0.04079765011295283,1440,-0.016478468479517616,bear,
1533254400,7525.71,7.123334867924484,37665.696684,175627.0,0.1265867881855849,1440,-0.010425539018219965,bear,
1533340800,7418.78,7.622507461039071,44669.486047,226727.0,0.04756261625138374,1440,-0.014310535167938454,bear,
1533427200,7009.84,8.130163907670784,36288.42601,199335.0,-0.020593775486268485,1440,-0.05669974692594515,bear,
1533513600,7024.19,8.367786624532872,32894.849782,148658.0,0.11482231793217693,1440,0.002045029831224454,bear,
1533600000,6934.82,7.277923763204753,32760.191643,177378.0,0.06752437632557845,1440,-0.012804807950120178,bear,
1533686400,6720.06,9.128370316010038,45438.473501,247202.0,0.056932375224776614,1440,-0.03145801506411594,bear,
1533772800,6285.0,13.826070184431916,59550.536319,305603.0,0.014415212222465142,1440,-0.06693124102441672,bear,
1533859200,6529.79,10.086049777667283,51941.185111,248573.0,0.08934167838263744,1440,0.03820894146407916,bear,
1533945600,6144.01,12.58663904182609,59034.974902,289661.0,0.05139478824267631,1440,-0.06089716005807588,bear,
1534032000,6232.35,12.530750451351011,47133.418555000004,236173.0,0.10681432515074643,1440,0.014275845289050793,bear,
1534118400,6308.33,12.247760564563734,38567.770712,190399.0,0.08664550359817029,1440,0.012117513516413325,bear,
1534204800,6246.35,8.975163817061299,53895.828783,239602.0,0.09534548166408158,1440,-0.009873689099787697,bear,
1534291200,6188.08,12.219920336254571,50186.745091,252004.0,0.017426153128963083,1440,-0.009372432278416554,bear,
1534377600,6267.16,13.036151299213033,68806.687026,329413.0,0.07966372960129214,1440,0.012698440598050809,bear,
1534464000,6311.75,10.343517293499591,48515.254618,228942.0,0.07279861610145252,1440,0.007089674188074824,bear,
1534550400,6584.49,10.481695936470347,57851.610803,296730.0,0.12037967835873736,1440,0.042303907787184514,bear,
1534636800,6387.96,8.657954432150222,53742.322172,276121.0,0.09670774518016292,1440,-0.030301914856385892,bear,
1534723200,6477.53,7.371650076262159,45190.847994,190758.0,0.12273234064420273,1440,0.01392429626744729,bear,
1534809600,6254.84,8.294206810133156,49435.55526,237055.0,0.07080893303594304,1440,-0.03498370080450286,bear,
1534896000,6480.0,7.1290456270984315,41569.947408,180578.0,0.11714473656184707,1440,0.03536494630884235,bear,
1534982400,6360.89,12.719654164354846,77909.391359,326562.0,0.03789803249000634,1440,-0.018552205695518964,bear,
1535068800,6525.01,7.411138121369745,40358.166825,187637.0,0.09690825809702762,1440,0.025474181105966665,bear,
1535155200,6681.64,6.89180418422838,38305.675322,180167.0,0.11111137684487048,1440,0.023720980623560095,bear,
1535241600,6733.64,5.9462593723720145,19220.505929,122483.0,0.02285023300751646,1440,0.0077523928581904045,bear,
1535328000,6700.0,5.997723107267533,20107.297208,130769.0,-0.015556364973585233,1440,-0.005008332859462783,bear,
1535414400,6908.64,6.150778310496462,37747.078747,205441.0,0.13694105903257014,1440,0.03066527580341294,bear,
1535500800,7076.11,6.305446696506785,48352.917163,252033.0,0.09592519006380101,1440,0.023951519482311667,bear,
1535587200,7031.22,6.089366078000842,43252.487392,223772.0,0.0966399474350952,1440,-0.00636408895371865,bear,
1535673600,6984.84,6.587614525387662,44716.77462,230848.0,0.09368540055941994,1440,-0.006618146509982381,bear,
1535760000,7011.21,5.776803783640503,40467.400638,203142.0,0.07090704450400347,1440,0.0037682104884151357,bear,
1535846400,7200.01,5.621503399974287,40323.414093,217286.0,0.11859160005576361,1440,0.026572118202576434,bear,
1535932800,7302.01,6.228014753377716,39814.840352,210282.0,0.1263398487480641,1440,0.01406723781038366,bear,
1536019200,7263.02,4.942470142146135,32396.018371,173846.0,0.04425675984563115,1440,-0.005353932417026641,bear,
1536105600,7359.06,4.191371153817047,35300.640518,183178.0,0.132170821705655,1440,0.01313648688962843,bear,
1536192000,6700.0,10.30332919466531,63635.61563,308408.0,-0.010122346513393873,1440,-0.09382468079600059,bear,
1536278400,6516.01,13.142369159102765,60644.464227,280845.0,0.06629846417556357,1440,-0.02784530097444282,bear,
1536364800,6395.54,7.5860987345855735,38906.28805,194451.0,0.1033196250136743,1440,-0.0186613529871007,bear,
1536451200,6185.05,8.904340836255821,38215.032171,180831.0,0.026563793285783198,1440,-0.03346578254922683,bear,
1536537600,6250.81,8.243341729279818,37053.92382,176709.0,0.12294615658331637,1440,0.010575965464806103,bear,
1536624000,6312.0,6.6780007278136875,32439.456432,165286.0,0.1377931700356922,1440,0.009741528192618532,bear,
1536710400,6294.91,7.205556419899162,33104.88859,173335.0,0.11270415883915821,1440,-0.0027112132106275055,bear,
1536796800,6338.62,5.782716584119767,31433.645938999998,165590.0,0.09513207111905043,1440,0.006919708808448277,bear,
1536883200,6487.38,6.3775704036218235,40465.063107,215637.0,0.07180373408332509,1440,0.023197672069711572,bear,
1536969600,6476.63,7.306546173620301,37173.339277,198375.0,0.07206361513660045,1440,-0.0016584378543225142,bear,
1537056000,6514.96,4.695171626875227,25243.656612,141362.0,0.07998045366534715,1440,0.00590075752350927,bear,
1537142400,6505.0,5.085549935023257,27568.132897,145921.0,0.10833478285085477,1440,-0.0015299589158246363,bear,
1537228800,6248.69,7.392012061955608,35987.254738,196924.0,0.0077156824553999475,1440,-0.04019927018530822,bear,
1537315200,6336.45,5.656630660640092,32620.86667,169055.0,0.11184632281261224,1440,0.013946832938243503,bear,
1537401600,6391.89,9.95885232936503,39044.080082,198215.0,0.08587659540084236,1440,0.008711324587229896,bear,
1537488000,6492.0,5.5439766902062475,25189.024728,153686.0,0.07709599982413416,1440,0.015540650347711349,bear,
1537574400,6759.02,8.003356285858546,51779.343463,292494.0,0.09690146200067908,1440,0.040307259479099855,bear,
1537660800,6723.05,7.24150388250595,29349.690667,145720.0,0.12811850862973184,1440,-0.00533598851616901,bear,
1537747200,6708.0,5.168879054478418,30286.229773,168354.0,0.12609834071868042,1440,-0.0022410766543128346,bear,
1537833600,6581.39,6.268088341913229,35305.73991,185297.0,0.0571906165158175,1440,-0.019054874732466587,bear,
1537920000,6447.54,8.057217285264901,40301.029452,219965.0,0.057842598655611116,1440,-0.020547306519356212,bear,
1538006400,6465.12,6.28035007725349,33484.54207,184238.0,0.12488560534165295,1440,0.0027229108273374436,bear,
1538092800,6689.13,7.240700981391897,33087.428297,182590.0,0.11195041487512193,1440,0.03406224730404617,bear,
1538179200,6634.58,7.784097170276351,42399.448523,211849.0,0.1173969178466997,1440,-0.008188455738146416,bear,
1538265600,6596.38,6.238815179263795,30255.9597,171027.0,0.06009083235260926,1440,-0.005774351391320209,bear,
1538352000,6626.57,5.49167175517181,27764.724519,153447.0,0.09498686411223896,1440,0.004566311217711672,bear,
1538438400,6611.61,5.8115159838679045,20621.506894,129733.0,0.07303621562390371,1440,-0.00226013037565842,bear,
1538524800,6525.79,5.2403078479526135,28245.810088,147274.0,0.07030536386859254,1440,-0.013065175876137758,bear,
1538611200,6510.0,5.461218775966218,28451.969138,150607.0,0.07526557700148448,1440,-0.002422562456494859,bear,
1538697600,6593.79,4.682995641860041,20074.300818,96824.0,0.1036850162240106,1440,0.012788840788173772,bear,
1538784000,6635.65,5.079317525945998,16096.552392,86701.0,0.06777522872178526,1440,0.006328331312571933,bear,
1538870400,6594.27,3.479916949517467,10939.505391,62065.0,-0.04696493896540195,1440,-0.006255538195130583,bear,
1538956800,6615.26,3.2251169374544677,17406.831762,82844.0,0.007444479258016962,1440,0.0031780112791537363,bear,
1539043200,6673.01,3.836752506553693,23123.419541,135156.0,0.06687637138867246,1440,0.008691931091451721,bear,
1539129600,6656.61,3.2584519004388963,15354.779469,101956.0,-0.00917847574981661,1440,-0.0024606865424718904,bear,
1539216000,6631.0,3.9573179076764635,15390.661444,99789.0,-0.11379313750565015,1440,-0.0038547235674961655,bear,
1539302400,6252.68,9.104484913380189,48706.634966,253165.0,0.0033015202571939272,1440,-0.05874545054686742,bear,
1539388800,6298.01,5.261706622604038,29004.071419,148077.0,0.0957380863840025,1440,0.007223538643362559,bear,
1539475200,6332.93,3.577707794225723,19098.070025,108981.0,-0.013182331443462305,1440,0.0055292937766537875,bear,
1539561600,6339.34,4.008311570637967,15627.411314,96113.0,-0.08783758950340513,1440,0.0010116578240033647,bear,
1539648000,6752.5,20.3493812426693,90748.031246,456913.0,0.04056922017426442,1440,0.06313814460075129,bear,
1539734400,6759.27,6.158234437070276,27557.957764,175075.0,0.03084648185035236,1440,0.0010020893734168368,bear,
1539820800,6740.89,4.182849066747748,26641.431379,158746.0,0.03241269039623242,1440,-0.0027229323735902256,bear,
1539907200,6618.96,4.657249781986205,20116.521941,138002.0,-0.03207377283669379,1440,-0.01825370577487817,bear,
1539993600,6528.88,3.6128933133572563,20772.60077,112337.0,0.12672769997109984,1230,-0.013702845411440734,bear,
1540080000,6588.4,3.1700509582265743,19240.722247,110809.0,0.09008457607511347,1440,0.00907511442824216,bear,
1540166400,6590.11,3.1619278984020287,6515.357792,68018.0,0.029248109172758715,1440,0.000259513406234646,bear,
1540252800,6581.2,3.1785932509162063,16213.69266,101673.0,0.036351899617171966,1440,-0.0013529408022598943,bear,
1540339200,6553.51,3.087524829869817,13856.601756,86938.0,0.051924427119257634,1440,-0.004216315551870409,bear,
1540425600,6565.5,2.918721039476391,11951.543977,90762.0,-0.07097854625582313,1440,0.001827882338433895,bear,
1540512000,6528.09,2.841092517094814,10342.701244,75563.0,0.037671039780446766,1440,-0.005714261985446001,bear,
1540598400,6538.63,3.286624564058829,9443.504156,77985.0,-0.008833631311211917,1440,0.0016132590712825134,bear,
1540684800,6505.6,2.2336637244414734,7776.907864,86848.0,-0.01600281065127457,1440,-0.005064318950868341,bear,
1540771200,6489.93,2.448291741882831,5743.933728,71647.0,-0.04995112471464776,1440,-0.002411599618403315,bear,
1540857600,6344.5,4.318087332001502,13827.224067,135586.0,-0.05455756711142037,1440,-0.0226634489786548,bear,
1540944000,6330.87,2.941528876429575,8877.175385,95116.0,0.02445552752814065,1440,-0.002150628384569586,bear,
1541030400,6371.93,4.011930306010099,12148.888216,111552.0,-0.006040271397291799,1440,0.00646473895536559,bear,
1541116800,6410.0,2.7497213526152104,9099.035841,89601.0,0.002465687067513894,1440,0.005956864506950765,bear,
1541203200,6433.98,2.60917363844784,9739.440679,109482.0,0.01887477515997097,1440,0.003734049393257166,bear,
1541289600,6387.09,2.4454639873270017,7661.241476,83836.0,-0.050840789083620296,1440,-0.007314554723070188,bear,
1541376000,6485.85,3.8095539032503507,10592.394943,126200.0,0.07931372550975328,1440,0.015344115280427673,bear,
1541462400,6468.99,3.0741942116689227,8987.882156,114235.0,0.013703417986825636,1440,-0.0026028896565168935,bear,
1541548800,6519.11,3.505407232461183,11926.565699,150475.0,-0.038395247094341375,1440,0.007717872327008379,bear,
1541635200,6578.46,3.9328529306093416,14271.591117,151060.0,-0.010749689347339544,1440,0.009062811838116858,bear,
1541721600,6479.84,4.261816019445226,13259.789282,145405.0,-0.03912028728119873,1440,-0.015104856690479451,bear,
1541808000,6419.99,3.715342791607682,11787.616583,117043.0,0.016960641669354057,1440,-0.009279258633064558,bear,
1541894400,6433.05,2.6037127773266557,7714.829926,97746.0,-0.037143915387461576,1440,0.0020322047538421373,bear,
1541980800,6449.81,3.175192404428766,8213.507117,98435.0,-0.07476779142602155,1440,0.0026019081873638328,bear,
1542067200,6453.07,3.2477627551291564,10132.782567,123144.0,0.018995600638550585,1440,0.0005053135531554176,bear,
1542153600,6457.66,3.7607098677624307,11790.564933,150940.0,0.04769641015470088,1440,0.0007110365089157966,bear,
1542240000,5922.41,19.711335622782148,46478.964003,319011.0,-0.1209121233131888,1020,-0.08652356242154902,bear,
1542326400,5753.4,17.399258235347148,47700.829401,303825.0,0.024074184986308065,1440,-0.028952476244432646,bear,
1542412800,5655.94,7.540424098937304,38721.802274,221493.0,0.077660101322793,1440,-0.017084664071226996,bear,
1542499200,5628.29,4.733729008890739,26411.241413,171403.0,0.11035645570091852,1440,-0.004900654335793675,bear,
1542585600,5662.0,5.003873374974646,23844.999347,154817.0,0.07952973843291752,1440,0.005971520691176124,bear,
1542672000,4910.03,17.657627452487766,70580.892856,378495.0,-0.012988811346866944,1440,-0.14249713492231209,bear,
1542758400,4558.86,28.007945089685105,117380.95159,596769.0,0.022587683998856616,1440,-0.07420745949631069,bear,
1542844800,4661.07,19.55193599188458,61071.829475,301920.0,0.03283661485564175,1440,0.02217244324317491,bear,
1542931200,4370.0,11.598810047963742,34531.119143,180335.0,-0.009315840696266899,1440,-0.06448202640676293,bear,
1543017600,4420.61,14.625801926505247,49371.920322,227935.0,0.04614156239300437,1440,0.011514686509510597,bear,
1543104000,3932.44,17.952094897668136,61693.111006,275070.0,-0.019592667613770456,1440,-0.11701759725291261,bear,
1543190400,4085.78,25.462443682449916,101693.975588,428171.0,0.046515699525451454,1440,0.038252554193137556,bear,
1543276800,3862.2,22.850597118919406,94503.750767,413329.0,0.020745589768534405,1440,-0.056275683252746234,bear,
1543363200,3875.21,16.540794657669682,67480.607212,288731.0,0.07652510600233153,1440,0.003362885580793673,bear,
1543449600,4264.85,15.767072951101767,91983.567949,386714.0,0.028870601002044177,1440,0.09580715545160601,bear,
1543536000,4295.84,14.350843997267981,73980.198669,316601.0,-0.0007468412358178738,1440,0.0072401022282448935,bear,
1543622400,4041.32,15.007841932406944,67758.446283,288098.0,-0.002221018710662932,1440,-0.061075741284302154,bear,
1543708800,4190.02,11.159976763217703,44840.073481,205472.0,0.00023972170796183624,1440,0.03613413591151371,bear,
1543795200,4161.01,11.393379095247948,38912.15479,178087.0,0.009067005615702046,1440,-0.006947673925981945,bear,
1543881600,3884.01,12.184774934041744,49094.369163,207134.0,-0.05408156817708992,1440,-0.06888970817530371,bear,
1543968000,3951.64,12.183482895634008,48489.551613,220815.0,-0.012808528442516861,1440,0.017262557527924827,bear,
1544054400,3769.84,11.034114594809232,44004.799448,199011.0,-0.068238835301327,1440,-0.04709812237798161,bear,
1544140800,3508.75,17.107459335542167,68378.796943,293512.0,-0.04477812289608356,1440,-0.07177271154704634,bear,
1544227200,3403.55,20.603090819160375,95145.457442,413521.0,0.004160137043235004,1440,-0.03044084413648207,bear,
1544313600,3410.93,14.963659277714402,55365.949949,253650.0,0.061003780050937276,1440,0.002165976827358307,bear,
1544400000,3545.37,11.36246687371334,45956.893296,194567.0,0.018343231222580803,1440,0.038657545508275604,bear,
1544486400,3432.88,12.455193972073333,40989.244553,192599.0,0.005875491476516507,1440,-0.032242967878472584,bear,
1544572800,3380.39,8.975335390571951,35920.864154,162266.0,0.026903285785578403,1440,-0.015408471560615311,bear,
1544659200,3445.0,8.194019232150971,33922.931286,152067.0,0.06872832145146006,1440,0.018932817011602765,bear,
1544745600,3302.06,8.767391163979354,40040.917013,160471.0,-0.017439332240400167,1440,-0.04237738832719984,bear,
1544832000,3224.17,9.452758131726423,44492.983807,184525.0,0.0134932836063369,1440,-0.023870963355657082,bear,
1544918400,3211.72,6.998386556327812,29796.041436,139806.0,0.07696040525804294,1440,-0.0038689335989161577,bull,
1545004800,3228.67,5.811365174838167,24628.808538,125565.0,0.0645885279243466,1440,0.005263668546469091,bull,
1545091200,3509.08,11.028010418346563,66761.751697,283814.0,0.03553946861323329,1440,0.08328360712897442,bull,
1545177600,3652.98,9.773339038382549,61369.615257,296433.0,0.04532512992547606,1440,0.04018937798677236,bull,
1545264000,3662.22,12.348778985233452,94137.341014,434026.0,0.022054763578793185,1440,0.0025262480626864203,bull,
1545350400,4049.62,18.16030671376415,101543.835986,500506.0,0.039411849189465,1440,0.1005535286471595,bear,
1545436800,3838.66,15.81813311353061,82343.850112,436187.0,0.00471107291524945,1440,-0.0534997021897361,bear,
1545523200,3948.91,11.407856583167868,42822.350872,249148.0,0.055632099767733575,1440,0.02831624409873612,bear,
1545609600,3929.71,10.794645812747287,40117.531529,258417.0,0.007882586214742644,1440,-0.004873959655055771,bear,
1545696000,4008.01,13.927503902387315,64647.809129,400403.0,0.024768175264917328,1440,0.019729226979576353,bear,
1545782400,3745.79,15.668354773187705,62725.629432,356377.0,0.005712547091910037,1440,-0.06766231613605989,bear,
1545868800,3777.74,10.800174350406442,42629.375817,267746.0,0.0458618930146368,1440,0.008493404576570995,bear,
1545955200,3567.91,11.013258461586847,44097.392912,262733.0,0.009106087899602907,1440,-0.057145957045561246,bear,
1546041600,3839.26,12.254917590687405,45964.304987,251040.0,0.06386573929117927,1440,0.07329964951128431,bear,
1546128000,3695.32,12.04710104398943,38874.373903,244844.0,0.004373374332001289,1440,-0.038212485527099105,bear,
1546214400,3801.91,10.715864618100525,33222.369262,218929.0,0.04913301923553815,1440,0.028436417865782104,bear,
1546300800,3702.9,9.4447915831371,29991.77835,190308.0,0.03520344494677155,1440,-0.0263872755984913,bear,"low vol, flat"
1546387200,3797.14,7.7246744180266065,23741.687033,154227.0,0.0883098476568146,1440,0.025131855348199394,bear,"low vol, flat"
1546473600,3858.56,7.835819175670172,35156.463369,218538.0,0.019533729880393768,1440,0.016045905094793866,bear,"low vol, flat"
1546560000,3766.78,6.1576633197591,29406.948359,199812.0,0.006094415945922128,1440,-0.024073531785738567,bear,"low vol, flat"
1546646400,3792.01,6.445688230759428,29519.554671,192232.0,0.05552427410465653,1440,0.006675696426988509,bear,"low vol, flat"
1546732800,3770.96,6.170614681244983,30490.667751,203673.0,-0.022067060206575305,1440,-0.00556661056611496,bear,"low vol, flat"
1546819200,3987.6,8.847349907550841,36553.806709,240496.0,0.08185104579719045,1440,0.05585993521242649,bear,"low vol, flat"
1546905600,3975.45,6.775636825893352,31869.846264,221219.0,0.029459138592097013,1440,-0.0030515969204376603,bear,"low vol, flat"
1546992000,3955.13,6.520378756448523,38901.423122,242898.0,0.030706642177428495,1440,-0.005124478781473485,bear,"low vol, flat"
1547078400,3966.65,5.220073829372435,28989.439511,209240.0,0.0337790086844705,1440,0.002908439295374876,bear,"low vol, flat"
1547164800,3585.88,11.913286975557744,59402.22851,374760.0,-0.04756695889825628,1440,-0.1009179986058939,bear,"mid vol, flat"
1547251200,3601.31,11.087116901039927,38338.654733,264996.0,0.03850021471226769,1440,0.004293757005466858,bear,"low vol, flat"
1547337600,3583.13,6.063456870676752,21999.928354,175679.0,0.05869425196401719,1440,-0.0050609480499446136,bear,"low vol, flat"
1547424000,3476.81,7.463538273824046,26385.757454,183113.0,0.0378645118580268,1440,-0.03012151338560365,bear,"low vol, flat"
1547510400,3626.09,8.185528857047188,35235.211215,229452.0,0.045341649273834175,1440,0.04203972603983708,bear,"low vol, flat"
1547596800,3553.06,7.721655139736819,34137.997459,231684.0,0.009175916348819693,1440,-0.02034572872980256,bear,"low vol, flat"
1547683200,3591.84,6.188851206418045,27480.179977,205159.0,0.03228580685215941,1440,0.0108554019840863,bear,"low vol, flat"
1547769600,3616.21,5.90777398224588,29755.440838,217797.0,0.07613955257240544,1440,0.0067619100468476745,bear,"low vol, flat"
1547856000,3594.87,3.7554550663409096,22713.446755,177567.0,0.11045090540684871,1440,-0.005918686880882262,bear,"low vol, flat"
1547942400,3665.3,5.842862067003221,22171.578123,175054.0,0.04974558928017177,1440,0.01940235819347258,bear,"low vol, flat"
1548028800,3539.28,7.42063523328939,27901.938598,204941.0,-0.005437465768449305,1440,-0.034986870748801024,bear,"low vol, flat"
1548115200,3526.9,4.68237582388044,19644.436839,160825.0,0.065138223482162,1440,-0.0035040184843708744,bear,"low vol, flat"
1548201600,3570.93,7.222436066483569,29336.442967,195484.0,0.06770497150026902,1440,0.01240676792361306,bear,"low vol, flat"
1548288000,3552.82,4.336081018119092,24938.842698,192892.0,0.05351265991613251,1440,-0.005084411725233551,bear,"low vol, flat"
1548374400,3569.62,4.055101526571091,20826.25118,162159.0,0.054051876656565,1440,0.004717493206436885,bear,"low vol, flat"
1548460800,3565.29,4.258924500211492,17608.346671,153413.0,0.10065962842037461,1440,-0.001213750567721661,bear,"low vol, flat"
1548547200,3565.25,4.761589860582592,19476.532344,135369.0,0.04776354792369308,1440,-1.1219346642832306e-05,bear,"low vol, flat"
1548633600,3550.84,4.484967212521736,22735.598162,163855.0,0.01766114236972767,1440,-0.004049982419134679,bear,"low vol, flat"
1548720000,3434.15,6.143025046703205,40405.111401,260799.0,0.00651977108503846,1440,-0.03341475285562723,bear,"low vol, flat"
1548806400,3411.04,4.856304522812695,29544.928977,189650.0,0.057799884586942046,1440,-0.0067522122258818484,bear,"low vol, flat"
1548892800,3458.18,4.594447060614872,23968.260243,180820.0,0.11183202225880466,1440,0.013725208982231507,bear,"low vol, flat"
1548979200,3434.1,4.284045081601276,29607.190253,198100.0,0.03527748847745417,1440,-0.006987556505922754,bear,"low vol, flat"
1549065600,3462.07,4.243001736721637,25260.476159,167520.0,0.071503525334635,1440,0.008111793465488404,bear,"low vol, flat"
1549152000,3504.77,3.9761713568289765,17920.802,153234.0,0.07555668881336892,1440,0.012258221715457651,bear,"low vol, flat"
1549238400,3458.11,4.065540599685866,19867.33639,138592.0,0.01943370205350406,1440,-0.013402700741218965,bear,"low vol, flat"
1549324800,3463.22,3.7155561606217473,23131.981108,155686.0,0.07099428476673121,1440,0.0014765950846022946,bear,"low vol, flat"
1549411200,3471.59,3.2810584938003617,25264.41503,162066.0,0.08000308479732884,1440,0.002413910132883501,bear,"low vol, flat"
1549497600,3405.37,5.446047710238874,35310.244846,207024.0,0.022593212011962852,1440,-0.01925910483980786,bear,"low vol, flat"
1549584000,3398.4,2.920015702583804,18665.538638,148209.0,0.06848145702035643,1440,-0.0020488648023810896,bull,"low vol, flat"
1549670400,3659.04,9.20327217220233,47968.058013,277242.0,0.063247977981051,1440,0.07389608530050928,bull,"low vol, flat"
1549756800,3665.18,4.0924842954634535,24759.833719,192209.0,0.06690076354304791,1440,0.0016766294399506165,bull,"low vol, flat"
1549843200,3680.06,4.484578861675435,23250.602634,171099.0,0.07052885827578598,1440,0.004051609029863457,bull,"low vol, flat"
1549929600,3631.05,5.3949830070636775,24954.614571,172626.0,0.018905071030359655,1440,-0.01340719374715249,bull,"low vol, flat"
1550016000,3631.46,5.096241126545263,29479.59823,198996.0,0.01671125312347928,1440,0.00011290862262036683,bull,"low vol, flat"
1550102400,3609.4,3.7828598239934443,25773.997648,167690.0,0.051668166117929924,1440,-0.006093217726158784,bull,"low vol, flat"
1550188800,3590.56,4.084622696490783,21753.501261,155215.0,0.036263071840037985,1440,-0.005233374351931275,bull,"low vol, flat"
1550275200,3602.47,4.369867677175559,20777.872899,151256.0,0.04345588672089017,1440,0.003311542113424437,bull,"low vol, flat"
1550361600,3618.41,3.7215994916060655,19565.992751,149393.0,0.06839656571638066,1440,0.004414981523567008,bull,"low vol, flat"
1550448000,3667.58,5.2372552613965695,25690.227779,179511.0,0.01238220134661578,1440,0.013497341191241574,bull,"low vol, flat"
1550534400,3898.6,9.627036966472136,64042.730492,393515.0,0.05976034782711327,1440,0.061085470308546164,bull,"low vol, flat"
1550620800,3907.79,7.694699856388865,50207.172667,332281.0,0.07588601912061542,1440,0.0023544824804968556,bull,"low vol, flat"
1550707200,3969.74,5.450552086772209,36205.14085,250176.0,0.1022026439098909,1440,0.015728604560173665,bull,"low vol, flat"
1550793600,3937.31,5.612392396277999,31103.884728,209571.0,0.0724532379703461,1440,-0.00820285235134044,bull,"low vol, flat"
1550880000,3962.0,4.548792933441503,23943.16375,179588.0,0.08023138704883974,1440,0.006251199257121698,bull,"low vol, flat"
1550966400,4117.76,7.502409164473315,33657.942883,231563.0,0.05712918206808155,1440,0.0385603779120558,bull,"low vol, flat"
1551052800,3743.56,14.725932910573995,62224.18689,410578.0,-0.026584918930709932,1440,-0.09527229584676888,bull,"mid vol, flat"
1551139200,3827.92,6.975531247264749,38102.966245,262716.0,0.07152420547724733,1440,0.022284544389092886,bull,"low vol, flat"
1551225600,3809.23,5.393019465669164,28838.748036,213897.0,0.025718127051637108,1440,-0.004894505754567291,bull,"low vol, flat"
1551312000,3818.07,7.423919270584044,31500.995466,201626.0,0.029442759261403426,1440,0.002317990365705569,bull,"low vol, flat"
1551398400,3813.69,7.1788694503127015,32561.961044,233849.0,0.038456638293618416,1440,-0.001147834963598271,bull,"low vol, flat"
1551484800,3823.0,4.2811450176844215,23174.57217,179860.0,0.10241108239626251,1440,0.0024382303359971047,bull,"low vol, flat"
1551571200,3819.93,4.519020631317735,19445.838355,149854.0,0.05410170216340869,1440,-0.0008033568710192895,bull,"low vol, flat"
1551657600,3807.75,3.9455683979308094,16718.16541,127681.0,0.05923331428505096,1440,-0.0031936343297811476,bull,"low vol, flat"
1551744000,3715.3,5.746717449296054,34742.84166,218615.0,0.037509975918302664,1440,-0.024579034902947328,bull,"low vol, flat"
1551830400,3857.73,6.153850728917231,32962.536162,202444.0,0.09094322255020683,1440,0.037619498976082966,bull,"low vol, flat"
1551916800,3861.84,4.807582603569511,24775.11883,165101.0,0.06072343492368233,1440,0.0010648262502552797,bull,"low vol, flat"
1552003200,3873.64,5.000058100939765,26455.257661,180520.0,0.010456702729749266,1440,0.003050879622914948,bull,"low vol, flat"
1552089600,3864.89,5.995124246767359,34730.366592,211534.0,0.03355858225431075,1440,-0.0022614123687425547,bull,"low vol, flat"
1552176000,3943.04,5.178377188118976,30979.747653,206869.0,0.06181281669718718,1440,0.02001877831297527,bull,"low vol, flat"
1552262400,3916.82,3.896054552841376,23187.561412,167920.0,0.07975963177580575,1440,-0.006671899312085117,bull,"low vol, flat"
1552348800,3871.61,4.813953136213435,38066.885705,209916.0,0.02011082096215302,1440,-0.011609658891011065,bull,"low vol, flat"
1552435200,3882.73,4.468960409045288,26921.008622,182885.0,0.02725876724396971,1080,0.0028680732654535745,bull,"low vol, flat"
1552521600,3866.0,3.6260805225333987,24461.008757,186572.0,0.049764270357478685,1440,-0.004318133680232705,bull,"low vol, flat"
1552608000,3877.12,5.081584356036338,27048.74853,196651.0,0.0532432066645414,1440,0.002872229190487019,bull,"low vol, flat"
1552694400,3923.76,3.2987560199756008,21740.061498,163866.0,0.10631752675642786,1440,0.011957767776502592,bull,"low vol, flat"
1552780800,4005.98,5.100651496923152,28568.376124,216198.0,0.09076070774011348,1440,0.020737866966801022,bull,"low vol, flat"
1552867200,3981.14,3.725481221157285,18814.255577,146953.0,0.05527603984881279,1440,-0.006220034276639197,bull,"low vol, flat"
1552953600,3987.81,3.795622257801858,22454.47801,157876.0,0.06563953645876813,1440,0.0016739975925545991,bull,"low vol, flat"
1553040000,4015.53,3.317839541598811,19893.741815,147394.0,0.08030260620932853,1440,0.006927135632308179,bull,"low vol, flat"
1553126400,4043.04,4.119175453619236,23432.300255,175036.0,0.041401326051760313,1440,0.006827540584872338,bull,"low vol, flat"
1553212800,3980.64,5.959340278601765,35997.682119,236100.0,0.03919034426539891,1440,-0.01555427386415964,bull,"low vol, flat"
1553299200,3986.93,2.911985976592971,20022.606318,153703.0,0.054977000422288494,1440,0.0015789007957778267,bull,"low vol, flat"
1553385600,4006.01,3.2386600701857207,17302.604318,143155.0,0.09707701263517947,1440,0.004774222311484166,bull,"low vol, flat"
1553472000,3992.18,3.2461636228376363,17179.850648,131087.0,0.003194509843215052,1440,-0.003458285883080947,bull,"low vol, flat"
1553558400,3936.12,4.3842044224585175,33192.890217,227739.0,0.02736668699415544,1440,-0.014141981082905986,bull,"low vol, flat"
1553644800,3948.55,3.2160282678948313,29349.537627,192418.0,0.08784713462157319,1440,0.003152956381777372,bull,"low vol, flat"
1553731200,4038.05,3.598113973924543,32364.555852,224309.0,0.11013731707922456,1440,0.022413479269575376,bull,"low vol, flat"
1553817600,4027.81,2.881632944212219,20089.293875,157060.0,0.0066880736493780905,1440,-0.0025390982490289815,bull,"low vol, flat"
1553904000,4103.25,4.297033171519544,30084.217444,203826.0,0.11689856006879074,1440,0.01855653869744245,bull,"low vol, flat"
1553990400,4106.97,4.0921480020565175,19509.292601,162463.0,0.05817765780712216,1440,0.0009061877159357579,bull,"low vol, flat"
1554076800,4103.95,2.5787628037636683,13525.087433,124046.0,0.009184955262980085,1440,-0.0007356057874581268,bull,"low vol, flat"
1554163200,4144.56,3.7914950616675362,25507.067641,184268.0,0.012683190539707019,1440,0.009846706404001537,bull,"low vol, flat"
1554249600,4857.29,17.126152240300595,105383.639263,609133.0,0.05758620737944745,1440,0.15868403825725075,bull,"mid vol, flat"
1554336000,4932.6,23.95329215400034,109890.125743,692019.0,0.018755495683207807,1440,0.015385563184368678,bull,"mid vol, flat"
1554422400,4898.66,10.169908979628875,61054.254168,419141.0,0.022150177058567814,1440,-0.006904534074751112,bull,"mid vol, flat"
1554508800,5004.95,7.385089145042865,39768.552806,292375.0,0.06796122758563723,1440,0.02146572437803762,bull,"low vol, flat"
1554595200,5043.89,9.991938130519252,41770.842313,281237.0,0.04359982524061291,1440,0.00775018706876196,bull,"low vol, flat"
1554681600,5170.27,8.631290635619438,37615.486804,274084.0,0.03705226167249253,1440,0.024747301752011452,bull,"low vol, flat"
1554768000,5236.9,8.950008889535694,50178.430782,350828.0,0.008487711061557811,1440,0.012804808685313418,bull,"low vol, flat"
1554854400,5150.0,6.777367834709398,34067.012311,253381.0,-0.0039040723555629655,1440,-0.016733005537734158,bull,"low vol, flat"
1554940800,5308.25,8.986582486707391,40073.620471,260967.0,0.061527293965971695,1440,0.0302654994041216,bull,"low vol, flat"
1555027200,5017.37,10.33856941713822,54696.600686,369304.0,-0.026224223260864085,1440,-0.05635632204445251,bull,"low vol, flat"
1555113600,5048.01,6.689467222000539,33276.678614,226036.0,0.015701760925748643,1440,0.006088214184202911,bull,"low vol, flat"
1555200000,5045.22,4.496502746227261,17292.456802,138674.0,0.005299982359325595,1440,-0.0005528458325159136,bull,"low vol, flat"
1555286400,5131.3,4.796155787604865,18281.607739,131700.0,0.09879960344772178,1440,0.016917777998498806,bull,"low vol, flat"
1555372800,5024.95,7.173619796663661,29057.191581,204944.0,-0.02466469531310893,1440,-0.02094353473862043,bull,"low vol, flat"
1555459200,5173.72,6.132598066798889,24242.229493,168550.0,0.05639077228415546,1440,0.029176461915060514,bull,"low vol, flat"
1555545600,5202.82,5.673457602538602,23307.536134,179490.0,0.04451467147943193,1440,0.005608820722073915,bull,"low vol, flat"
1555632000,5258.44,5.232800707062016,22619.239001,167110.0,0.07031478216087124,1440,0.010633618530899724,bull,"low vol, flat"
1555718400,5258.68,5.8239697873471545,24611.236323,178148.0,0.04746329480036488,1440,4.563987099892586e-05,bull,"low vol, flat"
1555804800,5291.73,4.723217834159992,19168.908274,157080.0,0.04641037649528895,1440,0.006265179857047443,bull,"low vol, flat"
1555891200,5256.14,5.65940722568567,25549.570939,210494.0,0.02919701057919985,1440,-0.0067483074901222295,bull,"low vol, flat"
1555977600,5357.14,6.246726577187293,29563.852308999998,210361.0,0.07076741458226994,1440,0.019033333534737906,bull,"low vol, flat"
1556064000,5493.31,8.419040644258947,41262.103917,282563.0,0.03048620650877032,1440,0.02510073764380394,bull,"low vol, flat"
1556150400,5415.0,8.146276367714343,48224.152413,339599.0,-0.02948264099747515,1440,-0.014358107778425833,bull,"low vol, flat"
1556236800,5219.9,10.231909493991072,49636.089948,331089.0,-0.13767696096044632,1440,-0.0366946358300293,bull,"low vol, flat"
1556323200,5314.1,8.990611031891168,48912.294513,333183.0,0.025374848866886117,1440,0.017885420753669834,bull,"low vol, flat"
1556409600,5295.69,4.778683796091935,15422.896935,145733.0,0.02681449397885111,1440,-0.003470383198314053,bull,"low vol, flat"
1556496000,5307.52,4.438451055616759,14371.433869,127730.0,-0.003471220718456509,1440,0.0022314006623673777,bull,"low vol, flat"
1556582400,5238.14,5.515597518898742,19918.135079,178472.0,0.0024655518604137544,1440,-0.01315820935362133,bull,"low vol, flat"
1556668800,5320.81,5.039454979544053,22238.06823,180989.0,0.10302323125842845,1440,0.015659073915911037,bull,"low vol, flat"
1556755200,5383.2,4.170658139147994,17217.473216,161488.0,0.11935889524661839,1440,0.011657445489033691,bull,"low vol, flat"
1556841600,5492.87,4.502153564768117,22795.787835,181896.0,0.04483301723973962,1440,0.02016789470383884,bull,"low vol, flat"
1556928000,5772.69,8.766700971258691,46297.172849,338298.0,0.07966606390911979,1440,0.049687288790707385,bull,"low vol, flat"
1557014400,5829.45,8.240175616330411,39682.408991,283145.0,0.060283385606517866,1440,0.00978447990297937,bull,"low vol, flat"
1557100800,5775.62,6.769420956125568,23822.543775,185365.0,-0.007319450628231566,1440,-0.009277046336878314,bull,"low vol, flat"
1557187200,5747.79,6.944279302998617,25256.596325,230431.0,0.02330696691768114,1440,-0.004830176850003198,bull,"low vol, flat"
1557273600,5846.34,8.665307359905407,39905.064422,301388.0,0.06768308862849422,1440,0.01700039132049369,bull,"low vol, flat"
1557360000,5987.29,7.046482977811966,23074.05152,190966.0,0.03674068870242341,1440,0.023823064629956647,bull,"low vol, flat"
1557446400,6209.18,6.5809294724930965,27453.011436,227841.0,0.010831353663812243,1440,0.036389953085034676,bull,"low vol, flat"
1557532800,6373.33,8.703756776820745,36623.61079,283074.0,0.012949165572977761,1440,0.026093253804356564,bull,"low vol, flat"
1557619200,7076.22,15.499650388373935,74022.424393,562540.0,0.08323923577924161,1440,0.1046177708836371,bull,"mid vol, flat"
1557705600,6967.31,20.734041073950955,86948.975339,647345.0,-0.01805422066079111,1440,-0.015510656289320579,bull,"mid vol, flat"
1557792000,7790.71,18.584049138395752,85804.735333,588497.0,0.057779901840606974,1440,0.11170278768303099,bull,"mid vol, flat"
1557878400,7947.56,18.189674758652618,76583.722603,655426.0,0.01726662039993607,1440,0.019932965098400146,bull,"mid vol, flat"
1558051200,7866.59,15.082848641771013,69630.513996,666538.0,0.008104124005639502,1440,-0.010240285764952617,bull,"mid vol, flat"
1558137600,7355.26,23.011274639068816,88752.008159,803893.0,0.01679896407897562,1440,-0.06720897402268022,bull,"mid vol, flat"
1558224000,7257.45,11.005194070926503,37054.944779,379504.0,0.045790162449833034,1440,-0.013387176062389372,bull,"mid vol, flat"
1558310400,8148.48,14.19303558924603,65577.442058,583432.0,0.08554066474624974,1440,0.11580287932324396,bull,"mid vol, flat"
1558396800,7938.15,15.375363700148062,65859.208564,610360.0,0.051626534848135855,1440,-0.026151156161621003,bull,"mid vol, flat"
1558483200,7904.87,10.315969934282375,52301.752247,554038.0,0.042885153032872964,1440,-0.004201225391387453,bull,"mid vol, flat"
1558569600,7628.43,11.920051133238092,49136.994589,461337.0,-0.006412058117012531,1440,-0.035596967825279435,bull,"mid vol, flat"
1558656000,7851.51,10.3512957379801,49648.184701,449220.0,0.04575262899701245,1440,0.028823812570900387,bull,"mid vol, flat"
1558742400,7964.87,8.491749062875478,46664.785325,428676.0,0.07343185031570704,1440,0.014334751838624982,bull,"low vol, flat"
1558828800,8025.41,6.542790778628976,28414.328817,264448.0,0.058421269975831205,1440,0.007572136231027926,bull,"low vol, flat"
1558915200,8614.43,11.950647995488271,49652.144567,377306.0,0.0649669630009074,1440,0.0708259460692684,bull,"low vol, flat"
1559001600,8756.32,11.633253226163786,51886.768793,478773.0,0.06857182599275674,1440,0.01633702123805847,bull,"low vol, flat"
1559088000,8715.64,8.208486028949732,31470.551534,349123.0,0.052531716395688835,1440,-0.004656612481813482,bull,"low vol, flat"
1559174400,8645.68,7.758388944164156,33880.865922,352317.0,0.03749298246758083,1440,-0.008059338653422898,bull,"low vol, flat"
1559260800,8269.54,15.458639465091247,70379.998521,617341.0,-0.017410874548887356,1440,-0.04448088946995199,bull,"low vol, flat"
1559347200,8555.0,10.350362458828007,44727.49162,416525.0,0.045964690295324045,1440,0.03393702258832576,bull,"low vol, flat"
1559433600,8544.07,7.477322795013442,31868.234157,348375.0,0.062039543303836354,1440,-0.0012784322759831213,bull,"low vol, flat"
1559520000,8725.98,7.9907143055971614,27835.133265,299353.0,0.048019914985666594,1440,0.02106730762970166,bull,"low vol, flat"
1559606400,8115.82,11.343890395594457,45692.965104,431252.0,-0.014539029902917137,1440,-0.07248953939326164,bull,"low vol, flat"
1559692800,7687.03,14.051483856571902,74143.948941,645913.0,-0.007967672176054222,1440,-0.05428075025237611,bull,"mid vol, flat"
1559779200,7776.5,11.145187303831808,48679.656455,426120.0,0.08039110683982752,1440,0.011571872450241827,bull,"low vol, flat"
1559865600,7786.7,9.006036136251614,36624.118747,371485.0,0.030904607611690654,1440,0.001310784602193138,bull,"low vol, flat"
1559952000,7980.53,7.639693119572863,33942.225658,323096.0,0.013108319309494874,1379,0.024587675191698466,bull,"low vol, flat"
1560038400,7893.62,7.54155167441826,22657.329634,250864.0,0.04117276700605189,1440,-0.010949987040573816,bull,"low vol, flat"
1560124800,7628.13,8.95721764643424,31568.465157,322175.0,0.028534722499812686,1440,-0.034212108187754,bull,"low vol, flat"
1560211200,7982.75,9.371769027555462,36756.078468,387179.0,0.08231723241733066,1440,0.0454402335575832,bull,"low vol, flat"
1560297600,7884.9,7.649261565531907,30334.999427,309059.0,0.04129044004151722,1440,-0.012333425599225123,bull,"low vol, flat"
1560384000,8127.64,8.692601549974246,41597.082622,361980.0,0.0975241332875221,1440,0.030321060490253515,bull,"low vol, flat"
1560470400,8218.54,6.909723874366763,30467.764341,341246.0,0.05686529315406731,1440,0.011121979204144594,bull,"low vol, flat"
1560556800,8650.0,7.781987259822942,39835.246255,410072.0,0.05286778913123103,1440,0.0511667432229892,bull,"low vol, flat"
1560643200,8808.7,6.743419941735168,31791.636039,335840.0,0.05677979424480028,1440,0.01818054852494022,bull,"low vol, flat"
1560729600,8953.33,12.917735733375476,63289.251219,552319.0,0.06824401916297865,1440,0.016285660657365142,bull,"low vol, flat"
1560816000,9313.96,10.37674966052924,47895.485373999996,462160.0,0.036714698938087896,1440,0.03948881981460595,bull,"low vol, flat"
1560902400,9081.55,9.46814689292221,51554.569401,449730.0,0.0884407594123278,1440,-0.02526946705009614,bull,"low vol, flat"
1560988800,9255.49,6.330403928348062,32147.706495,306202.0,0.09079215456486636,1440,0.01897200608775762,bull,"low vol, flat"
1561075200,9517.12,6.965374267414727,34556.053982,350662.0,0.0436487177264418,1440,0.027875393047798624,bull,"low vol, flat"
1561161600,10159.86,9.695814689488737,50484.415892,474344.0,0.12136516779965205,1440,0.06535238050167891,bull,"low vol, flat"
1561248000,10729.5,19.72465449703458,104169.447976,923334.0,0.06243480525593688,1440,0.05455229470657308,bull,"mid vol, flat"
1561334400,10906.07,14.775040260455546,57445.323945,557935.0,0.048990551845342255,1440,0.016322557734097742,bull,"mid vol, flat"
1561420800,11056.59,10.191720606817716,43101.045285,440335.0,0.05215145948634972,1440,0.013707115321818009,bull,"mid vol, flat"
1561507200,11820.86,11.962970903136503,61276.686648,597798.0,0.07180519582064594,1440,0.06683913707811229,bull,"mid vol, flat"
1561593600,13093.8,35.77792156533994,155930.147386,1355074.0,-0.02461370708833562,1440,0.10227306836243244,bear,"high vol, down"
1561680000,11329.99,32.16614510187936,173894.820889,1357233.0,-0.07481868057073923,1440,-0.14468564330387856,bear,"high vol, down"
1561766400,12400.63,21.25089472421381,95795.203964,883116.0,0.019823662599159405,1440,0.0902940853450076,bear,"high vol, down"
1561852800,11903.13,18.905581891457157,69642.074157,732073.0,0.035622784229648596,1440,-0.04094588702949942,bear,"high vol, down"
1561939200,10854.1,17.741071355815812,84512.530443,711267.0,0.0104404583838028,1440,-0.09225850195043606,bear,"mid vol, flat"
1562025600,10624.93,19.59346956023176,90962.268271,757458.0,-0.027926871100353575,1440,-0.021339762238580917,bear,"mid vol, flat"
1562112000,10842.85,21.134644283706297,109561.038728,870148.0,0.003979229195538641,1440,0.020302750031040873,bear,"mid vol, flat"
1562198400,11940.0,18.40753353586921,96815.90029,814754.0,0.02490637582026448,1440,0.09638823137993136,bear,"mid vol, flat"
1562284800,11145.67,14.913086639577045,66512.221892,643867.0,0.011148053859995757,1440,-0.06884302628932204,bear,"mid vol, flat"
1562371200,10970.73,14.747150880159372,63534.350582,564857.0,0.016990461476532843,1440,-0.01582026447896112,bear,"mid vol, flat"
1562457600,11256.49,12.749548092368835,51469.496331,470692.0,-0.005158732568363597,1440,0.025714034006718123,bear,"mid vol, flat"
1562544000,11406.24,10.094417684704919,38884.795599,366769.0,0.15465702078049912,1440,0.013215722867160551,bear,"mid vol, flat"
1562630400,12238.6,10.044397373804024,52182.367215,507860.0,0.06319812497988841,1440,0.07043431738737382,bear,"mid vol, flat"
1562716800,12543.41,14.403526289803493,78442.130343,660273.0,0.045201393555936456,1440,0.024600536605696277,bear,"mid vol, flat"
1562803200,12108.37,17.23434081122977,109246.044997,899391.0,-0.14020208405183548,1440,-0.03529847906198924,bear,"mid vol, flat"
1562889600,11342.89,17.652738707623232,87506.461058,760057.0,-0.0008930622614048935,1440,-0.06530583308211035,bear,"mid vol, flat"
1562976000,11757.22,11.83673856523834,56321.858281,537561.0,0.0756434634976741,1440,0.03587640404803771,bear,"mid vol, flat"
1563062400,11355.76,12.614835801204784,54245.594548,510305.0,-0.024434759855514736,1440,-0.034742415781849445,bear,"mid vol, flat"
1563148800,10174.18,16.63234351933077,72517.579236,649043.0,-0.011172393294642707,1440,-0.10987196578466474,bear,"mid vol, flat"
1563235200,10838.72,16.755505779370957,81922.426332,732206.0,0.018382670599830068,1440,0.0632717694580105,bear,"mid vol, flat"
1563321600,9439.59,20.488412924239146,97219.443413,796646.0,-0.02702705574889821,1440,-0.13821236084774213,bull,"mid vol, flat"
1563408000,9667.92,18.20141347440836,84942.672717,757742.0,0.014169057041681001,1440,0.02390064107545875,bull,"mid vol, flat"
1563494400,10627.16,19.194222055921035,80283.310252,734821.0,0.04886917624204802,1440,0.09459980018040604,bull,"mid vol, flat"
1563580800,10504.29,16.472095514207854,56546.932133,567735.0,0.028185133213794445,1440,-0.011629243117209143,bull,"mid vol, flat"
1563667200,10740.23,11.326674036455643,47331.899848,461660.0,0.05652304810479829,1440,0.022212758971964064,bull,"mid vol, flat"
1563753600,10589.45,10.593318525985321,38834.287935,395452.0,0.047812562859600206,1440,-0.014138281645308837,bull,"mid vol, flat"
1563840000,10340.31,11.838423149032696,40467.954839,389565.0,-0.044408743810993356,1440,-0.023808373187613086,bull,"mid vol, flat"
1563926400,9864.91,10.640623753980053,47624.37071,448147.0,0.011343930427758072,1440,-0.047065833018246295,bull,"mid vol, flat"
1564012800,9763.28,11.277809822918796,43475.380377,424762.0,0.010400523079476323,1440,-0.010355606728881028,bull,"low vol, flat"
1564099200,9879.87,9.925876721489411,37873.354728,368176.0,0.019609251130081287,1440,0.011870944237088565,bull,"low vol, flat"
1564185600,9824.0,8.273068040821427,27167.463217,299935.0,0.03113266940841002,1440,-0.005670982373686684,bull,"low vol, flat"
1564272000,9476.52,12.707145454208007,43809.778301,401418.0,-0.021768511551180945,1440,-0.03601121113896788,bull,"low vol, flat"
1564358400,9541.54,10.357856501914858,29401.022937,271327.0,0.16434269438017826,1440,0.0068377377431900754,bull,"low vol, flat"
1564444800,9507.64,9.18178283092454,29021.937411,294468.0,0.10779420018369504,1440,-0.0035592120802121485,bull,"low vol, flat"
1564531200,9574.21,6.771926698472961,32536.368834,283961.0,0.05795516031984263,1440,0.00697733920664767,bull,"low vol, flat"
1564617600,10080.53,7.328863325878078,39515.35456,364212.0,0.07480293877945157,1440,0.05153281549061184,bull,"low vol, flat"
1564704000,10374.99,7.41729211100529,41727.637028,378062.0,0.06619598191353407,1440,0.028792261634819738,bull,"low vol, flat"
1564790400,10523.75,8.018251251935519,42990.444221,431322.0,0.0330730698592193,1440,0.014236505408860012,bull,"low vol, flat"
1564876800,10816.86,7.325543036989172,33802.318824,348893.0,0.0728571493222953,1440,0.02747142030429295,bull,"low vol, flat"
1564963200,10929.23,7.784103619402542,39924.745141,353721.0,0.10539807726107896,1440,0.010334823425408146,bull,"low vol, flat"
1565049600,11828.8,10.45589613562644,65153.673713000004,622610.0,0.02926109148346607,1440,0.07909638442126088,bull,"low vol, flat"
1565136000,11481.69,13.23118974580848,76705.389875,625827.0,-0.021656312988005483,1440,-0.02978364322042637,bull,"mid vol, flat"
1565222400,11975.03,14.217043720343801,69173.390353,592916.0,0.05119109335149748,1440,0.04207005591277557,bull,"mid vol, flat"
1565308800,11999.77,9.65641445144062,51207.257174,473584.0,0.07262924353402711,1440,0.002063834424603783,bear,"mid vol, flat"
1565395200,11879.99,8.772341404347452,39427.152588,410902.0,0.018304421867372144,1440,-0.010032010754347453,bear,"low vol, flat"
1565481600,11309.31,9.801407001667608,42633.087048,399237.0,-0.19728425686205542,1440,-0.04922919187389496,bear,"low vol, flat"
1565568000,11549.97,6.986711124858464,26772.90691,306234.0,0.1210914265267581,1440,0.021056559252423668,bear,"low vol, flat"
1565654400,11396.08,5.779616450276525,17568.227075,255966.0,0.0473943488688656,1440,-0.013413402943790231,bear,"low vol, flat"
1565740800,10892.71,6.975744080326138,33234.72968,337834.0,-0.18858622712889772,1440,-0.04517567847379311,bear,"low vol, flat"
1565827200,10050.37,11.575035897115315,54451.847499,534507.0,-0.04206624462176551,1440,-0.08048430839645526,bear,"low vol, flat"
1566000000,10331.54,13.83003468324353,51758.142918,504740.0,-0.0023586596643046095,1440,0.02759190262088218,bear,"mid vol, flat"
1566086400,10216.02,10.05582101525694,29000.581201,332795.0,0.011907288223178502,1440,-0.011244275926962644,bear,"low vol, flat"
1566172800,10306.78,7.710590544124588,24085.395172,265705.0,0.07629361813985189,1440,0.008844854667957591,bear,"low vol, flat"
1566259200,10915.54,7.856563840507025,37243.319217,337022.0,0.10577880838294781,1440,0.05738553087049425,bear,"low vol, flat"
1566345600,10760.51,7.068622735823568,32298.288761,305042.0,-0.008161962850437946,1440,-0.014304510600249287,bear,"low vol, flat"
1566432000,10142.57,9.893653684617217,47355.719282,458814.0,-0.0891984795932679,1440,-0.05914153365380059,bear,"low vol, flat"
1566518400,10099.88,9.19802339378019,34059.642738,401148.0,0.05238651138314239,1440,-0.0042178751376020784,bear,"low vol, flat"
1566604800,10389.55,7.41221043448284,27550.336173,326866.0,0.07431112601110115,1440,0.028276950708837845,bear,"low vol, flat"
1566691200,10134.35,7.757742143607275,27692.456844,313227.0,-0.016081172014049322,1440,-0.024869849638529118,bear,"low vol, flat"
1566777600,10142.69,9.003374296120734,26271.657398,289956.0,-0.019040364314361062,1440,0.0008226053181630277,bear,"low vol, flat"
1566864000,10372.25,9.50968273802271,41687.511599,405316.0,0.08745255269895884,1440,0.0223807217641383,bear,"low vol, flat"
1566950400,10185.05,6.45202130277849,28402.775383,292888.0,-0.02457122931084088,1440,-0.01821301189423785,bear,"low vol, flat"
1567036800,9721.0,9.105703082330812,42110.555374999996,381293.0,-0.07715192070178187,1440,-0.04663246500795282,bear,"low vol, flat"
1567123200,9498.44,8.39825279637512,35532.69491,343887.0,-0.01295027059347806,1440,-0.023160919242776856,bear,"low vol, flat"
1567209600,9584.54,6.563961514151287,26834.318104,259270.0,0.0604236556977501,1440,0.00902380909619005,bear,"low vol, flat"
1567296000,9587.47,5.330315398321698,17130.290074,199188.0,-0.0008168948651510727,1440,0.00030565392181713946,bear,"low vol, flat"
1567382400,9724.98,5.70036441701446,19545.404843,191324.0,0.1814143212423609,1440,0.014240795332963074,bear,"low vol, flat"
1567468800,10340.0,6.995028912620751,44740.248093,354155.0,0.12383355911401024,1440,0.061322036133157454,bear,"low vol, flat"
1567555200,10615.28,8.163660391487566,47998.376781,416076.0,0.03063082224026356,1440,0.026274603494359283,bear,"low vol, flat"
1567641600,10567.02,7.684957776960464,43943.889026,383457.0,0.01238502777207522,1440,-0.004556642432767433,bear,"low vol, flat"
1567728000,10564.49,6.521187875094997,33970.960639,309846.0,-0.026512792339643054,1440,-0.00023945283721538146,bear,"low vol, flat"
1567814400,10298.73,10.015281437152499,58799.640959,455334.0,0.018813854590904195,1440,-0.025477790642133513,bear,"low vol, flat"
1567900800,10455.88,5.934010339905032,27637.877392,272011.0,0.061839084664827196,1440,0.015143912929421077,bear,"low vol, flat"
1567987200,10381.18,6.565251053746819,23984.672018,237752.0,-0.11705338725887274,1440,-0.007169948161161344,bear,"low vol, flat"
1568073600,10303.12,7.666796806190261,39835.727608,330459.0,-0.059664587111060666,1440,-0.007547789442602593,bear,"low vol, flat"
1568160000,10098.15,6.8007441861224205,28915.412225,286763.0,-0.07092752353109506,1440,-0.020094523235165695,bear,"low vol, flat"
1568246400,10158.33,6.9852203729898985,31953.824562,309120.0,0.03798611429579755,1440,0.005941819808336746,bear,"low vol, flat"
1568332800,10415.01,5.163868479745703,34511.162755,317881.0,0.07506393416503128,1440,0.02495397630474372,bear,"low vol, flat"
1568419200,10342.06,4.995586360005727,30280.339776,304947.0,0.10724349772897329,1440,-0.00702895932313119,bear,"low vol, flat"
1568505600,10335.02,4.32576055968101,23621.533519,253929.0,0.14268505727153505,1440,-0.0006809472393616289,bear,"low vol, flat"
1568592000,10302.01,3.1557157448632283,18047.654013,194733.0,-0.08887847150907141,1440,-0.0031991064753800202,bear,"low vol, flat"
1568678400,10251.31,5.2491583575883185,28971.401657,274368.0,-0.07596446927407283,1440,-0.004933519532107411,bear,"low vol, flat"
1568764800,10187.82,4.500210916008758,22914.324563,287483.0,-0.022844366001747152,1440,-0.006212613179508608,bear,"low vol, flat"
1568851200,10156.99,3.955030617737681,24250.249303,299466.0,-0.030681378640835533,1440,-0.003030750702409435,bear,"low vol, flat"
1568937600,10244.29,8.767231782850272,44826.282579,429727.0,0.009376038404685793,1440,0.008558338776577301,bear,"low vol, flat"
1569024000,10168.59,4.439719774073759,25088.491069,267032.0,-0.03905062645280282,1440,-0.007416919809994482,bear,"low vol, flat"
1569110400,9986.39,5.503351349479456,20544.175196,245439.0,-0.09601126446702243,1440,-0.018080391388432204,bear,"low vol, flat"
1569196800,10028.87,5.699461419371859,22049.275256,253713.0,0.01596191175962698,1440,0.004244767620694034,bear,"low vol, flat"
1569283200,9702.25,7.561365106070923,31937.232356,332817.0,-0.06440781533824906,1440,-0.03311011623909543,bear,"low vol, flat"
1569369600,8493.14,25.400960673420453,94007.345203,748712.0,-0.08547033140495053,1440,-0.1330990385485098,bear,"mid vol, flat"
1569456000,8430.05,12.95404199743455,60783.892258,544806.0,0.003208937808261657,1440,-0.007456075631163017,bear,"mid vol, flat"
1569542400,8063.73,16.26125049484811,67930.853749,522062.0,-0.017721350204842987,1440,-0.04442647456865956,bear,"mid vol, flat"
1569628800,8177.91,9.128719094972672,43882.924625,369518.0,0.05849194571543438,1440,0.014060388120546108,bear,"mid vol, flat"
1569715200,8198.81,8.004758142119904,34473.605165,319113.0,0.05675282731921361,1440,0.0025524050416159128,bear,"low vol, flat"
1569801600,8043.82,7.563160881323221,31544.211388,322501.0,-0.01678310544803781,1440,-0.019084927054642264,bear,"low vol, flat"
1569888000,8289.34,10.740034366339414,55865.48726,455556.0,0.04007008175873912,1440,0.03006625725194212,bear,"low vol, flat"
1569974400,8292.44,8.92982235056011,43472.418091,387653.0,0.036012505578200446,1440,0.00037390437409179356,bear,"low vol, flat"
1570060800,8359.94,6.549401234747148,26243.386644,261430.0,0.04044200050844627,1440,0.008106993678191898,bear,"low vol, flat"
1570147200,8223.96,6.387541624378871,30488.284058,281307.0,0.0050685375308765915,1440,-0.016399405149611468,bear,"low vol, flat"
1570233600,8137.13,6.322117691696003,26476.330404,259012.0,-0.00010235157057830853,1440,-0.010614306896771453,bear,"low vol, flat"
1570320000,8126.19,5.298766214199566,21907.615564,237769.0,-0.030467757572706363,1440,-0.0013453589611600592,bear,"low vol, flat"
1570406400,7854.25,8.488982034486487,34676.104049,325795.0,-0.05195173496002788,1440,-0.03403739246641102,bear,"low vol, flat"
1570492800,8190.09,7.905574509938628,52202.072297,482605.0,0.07615075295063435,1440,0.0418701002521793,bear,"low vol, flat"
1570579200,8168.39,6.040826823298918,35452.657423,395685.0,-0.04696920524551999,1440,-0.002653059786528189,bear,"low vol, flat"
1570665600,8560.74,8.351338466176099,55038.704378,537805.0,0.0615028831120716,1440,0.04691480798625669,bear,"low vol, flat"
1570752000,8558.03,5.697745479846397,39137.946167,406932.0,0.05205898557645691,1440,-0.00031661153489714877,bear,"low vol, flat"
1570838400,8258.5,8.644632799651013,50405.284418,471818.0,-0.02319697550565672,1440,-0.035627050501410906,bear,"low vol, flat"
1570924800,8300.09,4.767230460664872,21339.334098,280633.0,0.09135828611365705,1440,0.005023385138249736,bear,"low vol, flat"
1571011200,8275.01,6.322782182144242,27840.739953,320051.0,0.008300402769111705,1440,-0.003026228395647479,bear,"low vol, flat"
1571097600,8348.2,5.815292077959191,29810.663253,345679.0,0.024667155197427525,1440,0.008805817040570929,bear,"low vol, flat"
1571184000,8159.29,6.862554674415235,32773.062476,399447.0,0.0266321633701206,1440,-0.022888791375660134,bear,"low vol, flat"
1571270400,7991.74,5.9524144430213495,34733.593966,421026.0,-0.009671847213071074,1440,-0.020748647101996198,bear,"low vol, flat"
1571356800,8070.58,5.051576921961788,29656.949158,356490.0,0.07374807659236303,1440,0.009816842542360149,bear,"low vol, flat"
1571443200,7947.01,6.54630072679465,31353.181416,399783.0,0.001023420353241249,1440,-0.015429593533156094,bear,"low vol, flat"
1571529600,7948.01,6.77323488476782,26627.889388,349746.0,0.04302958763665123,1440,0.00012582557320861554,bear,"low vol, flat"
1571616000,8223.35,6.151132115635861,34286.452654,396091.0,0.0524520491562194,1440,0.0340560857573049,bear,"low vol, flat"
1571702400,8197.27,5.231606477263997,30448.679539,367169.0,0.08930834670570761,1440,-0.003176496615743929,bear,"low vol, flat"
1571788800,8020.0,5.5466082131550305,34651.828663,384699.0,-0.03225673963329681,1440,-0.02186275013007588,bear,"low vol, flat"
1571875200,7466.62,10.855548327497376,63897.457098,610241.0,-0.108767966827549,1440,-0.07149600170506965,bear,"low vol, flat"
1571961600,7412.41,5.673034387873455,32714.383265,403778.0,0.021286338775184006,1440,-0.0072867975758335035,bull,"low vol, flat"
1572048000,8655.02,15.574518962645154,90748.218174,775418.0,0.09289146629674742,1440,0.1549838768309879,bull,"mid vol, flat"
1572134400,9230.0,27.565436205851967,162588.585413,1185369.0,0.003641631099108219,1440,0.06431954908625315,bull,"mid vol, flat"
1572220800,9529.93,15.823978459686918,93833.541604,799978.0,0.00860638660968512,1440,0.031978323898769645,bear,"mid vol, flat"
1572307200,9205.14,12.74073509878337,80174.217323,681128.0,-0.008292620036706937,1440,-0.03467534871867173,bear,"mid vol, flat"
1572393600,9407.62,11.55336004155291,64158.462446,559589.0,0.022064679358416585,1440,0.021757975489204995,bear,"mid vol, flat"
1572480000,9154.72,8.999739588380331,55241.786434,524035.0,-0.007397714020133118,1440,-0.027250405905421715,bear,"low vol, flat"
1572566400,9140.85,9.52002400678413,54376.024902,490183.0,0.002361006900217202,1440,-0.0015162143247948734,bear,"low vol, flat"
1572652800,9231.61,8.32317306455321,43594.814115,478002.0,0.04799644204194578,1440,0.009880085552159912,bear,"low vol, flat"
1572739200,9289.52,5.55895998508679,28923.060828,325421.0,0.05909868627545926,1440,0.006253418524169163,bear,"low vol, flat"
1572825600,9194.71,5.313500221158349,27894.378279,326024.0,-0.024046607394902175,1440,-0.010258564351078192,bear,"low vol, flat"
1572912000,9393.35,5.993691156964607,45894.456277,453749.0,0.07820499171702172,1440,0.02137367342977292,bear,"low vol, flat"
1572998400,9308.66,6.679545261603793,45935.873665,492885.0,-0.006909513712848568,1440,-0.009056842435706258,bear,"low vol, flat"
1573084800,9339.05,4.682541541788257,37336.170372,402997.0,0.014942022077828777,1440,0.003259384332363169,bear,"low vol, flat"
1573171200,9216.2,4.984620504100107,39117.470853,401984.0,0.0022899305360672383,1440,-0.013241728898574223,bear,"low vol, flat"
1573257600,8773.73,8.030517782178752,62107.289243,567331.0,-0.03244435050314336,1440,-0.049200775574055555,bear,"low vol, flat"
1573344000,8809.41,5.213508892989568,29469.481405,326730.0,0.01735229337674195,1440,0.004058438819635413,bear,"low vol, flat"
1573430400,9039.47,7.135400927926208,34422.029797,375946.0,0.029700874382750743,1440,0.0257800760142608,bear,"low vol, flat"
1573516800,8733.27,7.011353518594007,44888.053545,415982.0,-0.014796084448932004,1440,-0.034460674202545505,bear,"low vol, flat"
1573603200,8821.94,7.3385680415570205,40366.629471,406765.0,0.0020670452324969123,1440,0.010101930316499974,bear,"low vol, flat"
1573689600,8777.12,4.3006633655881,26810.116918,281593.0,0.008946964040986854,1297,-0.0050934648667020355,bear,"low vol, flat"
1573776000,8646.68,4.720026934496711,33468.468961,337019.0,-0.027573277764075636,1440,-0.014972903375001678,bear,"low vol, flat"
1573862400,8471.73,8.076162281710943,46087.417751,423919.0,-0.020631173613092454,1440,-0.020440694136174997,bear,"low vol, flat"
1573948800,8491.02,3.9575220813169194,20902.299752,231473.0,0.02415809848634891,1440,0.0022743963467490858,bear,"low vol, flat"
1574035200,8502.4,5.045295477304488,27009.037082,259594.0,0.007626901891192771,1440,0.0013393421337379863,bear,"low vol, flat"
1574121600,8187.17,6.727340981599934,43017.69094,366263.0,-0.045735999515737764,1440,-0.037780181777780086,bear,"low vol, flat"
1574208000,8133.64,5.988823550785995,43556.061025,357382.0,0.0017767709287481496,1440,-0.006559746967310431,bear,"low vol, flat"
1574294400,8098.01,4.981473725296819,32466.23098,288843.0,0.03191445100721084,1440,-0.00439019535625107,bear,"low vol, flat"
1574380800,7627.74,9.533026944682751,58418.780261,430062.0,-0.07898214475525954,1440,-0.05982675027493123,bear,"low vol, flat"
1574467200,7268.23,17.99590670298968,126603.140259,817604.0,-0.03844545944944677,1440,-0.04827880660424988,bear,"mid vol, flat"
1574553600,7311.57,8.888166605377045,50449.894755,414045.0,0.026072763548622323,1440,0.005945229379964445,bear,"low vol, flat"
1574640000,6903.28,10.638589376848303,67890.206483,446014.0,-0.016425772593271434,1440,-0.057461364009618876,bear,"low vol, flat"
1574726400,7109.57,17.35991503999347,119645.735197,679721.0,0.011877164084956286,1320,0.029445102813371093,bear,"mid vol, flat"
1574812800,7156.14,10.810246852288325,65722.39769,433933.0,0.013394249493942996,1440,0.006528965670785425,bear,"mid vol, flat"
1574899200,7508.52,13.747974028899504,92452.87349,582055.0,0.017989532777257625,1440,0.04806764632517968,bear,"mid vol, flat"
1574985600,7419.49,8.90061359033931,56933.981109,388953.0,0.014392754187190797,1440,-0.011928054119097808,bear,"low vol, flat"
1575072000,7739.68,9.485551207823,60745.300873,412929.0,0.039648688415181044,1440,0.04225002141429357,bear,"low vol, flat"
1575158400,7541.89,7.683168558820377,46989.433619,346506.0,0.010593595552484273,1440,-0.025887529338627147,bear,"low vol, flat"
1575244800,7390.89,9.411795611104925,60769.342313,420573.0,0.024200748190183852,1440,-0.02022465301285692,bear,"low vol, flat"
1575331200,7294.28,8.406034038863451,46330.25604,326881.0,0.03792288012574515,1440,-0.013157681360597806,bear,"low vol, flat"
1575417600,7292.71,5.784666026089988,33149.477487,265391.0,0.0038948483290766537,1440,-0.00021526031155971737,bear,"low vol, flat"
1575504000,7194.32,14.543977714865235,83147.149142,516158.0,0.007059856868904828,1440,-0.0135833932575391,bear,"low vol, flat"
1575590400,7389.0,9.470333477214492,59306.678855,430359.0,0.03849598741790816,1440,0.026700582009979712,bear,"low vol, flat"
1575676800,7527.47,8.361564197665986,48189.087944,367854.0,0.07497424994219766,1440,0.018566588172385323,bear,"low vol, flat"
1575763200,7488.21,5.034955207348865,31498.684173,263592.0,0.02729274868367052,1440,-0.005229212325060573,bear,"low vol, flat"
1575849600,7510.11,5.021449308871824,29856.897631,257514.0,0.024597159359165562,1440,0.002920329152090062,bear,"low vol, flat"
1575936000,7338.64,7.38234823576997,46621.887493,359648.0,0.01811091713364825,1440,-0.02309657345063343,bear,"low vol, flat"
1576022400,7224.13,5.7057919302752715,49723.76214,439637.0,-0.00493996880824111,1440,-0.01572672783220419,bear,"low vol, flat"
1576108800,7210.0,4.412208906035088,30093.091944,268269.0,0.028511074953568142,1440,-0.001957860226230679,bear,"low vol, flat"
1576195200,7198.08,6.538034739587787,42288.600932,331414.0,-0.014042386527633866,1440,-0.0016546275033917368,bear,"low vol, flat"
1576281600,7258.48,3.81168402534554,27609.873795,252135.0,0.035791279755105515,1440,0.00835611673185177,bear,"low vol, flat"
1576368000,7064.05,5.153603254240874,29561.985967,276819.0,-0.025960315448924555,1440,-0.027151899106012678,bear,"low vol, flat"
1576454400,7118.59,5.642440171714008,26395.778137,262651.0,0.044021515447245016,1440,0.007691130685451242,bear,"low vol, flat"
1576540800,6891.72,7.343088653201115,43863.993059,371202.0,-0.019118558492201225,1440,-0.03238898107806065,bear,"low vol, flat"
1576627200,6623.82,7.973128970272337,53865.069929,454097.0,-0.015671789308223223,1440,-0.03964844822599822,bull,"low vol, flat"
1576713600,7277.83,14.503355157001295,95636.651251,714073.0,0.04235458195173522,1440,0.09416049805106397,bull,"mid vol, flat"
1576800000,7150.3,8.746417849201439,55509.049075,439761.0,-0.01073685355688114,1440,-0.017678426984101492,bull,"low vol, flat"
1576886400,7187.83,5.692895543252692,32132.069205,312766.0,0.035790915476462556,1440,0.005235004245315977,bull,"low vol, flat"
1576972800,7132.75,3.789542261765754,19467.174028,212162.0,0.0396743767168834,1440,-0.007692463798028015,bull,"low vol, flat"
1577059200,7501.44,6.997832615786802,39137.45515,356612.0,0.05399989104810242,1440,0.05039814779767582,bull,"low vol, flat"
1577145600,7317.09,9.304840237807761,68051.997203,530669.0,-0.017097362411410768,1440,-0.024882294163374397,bull,"low vol, flat"
1577232000,7255.77,7.759714068594372,43629.494188,384678.0,-0.01201003554481078,1440,-0.008415693543984304,bull,"low vol, flat"
1577318400,7204.63,5.975583356785599,27492.044323,289924.0,0.04997931921164831,1440,-0.007073139499327752,bull,"low vol, flat"
1577404800,7202.0,6.814491789895359,36259.761076,337695.0,0.041808611226713414,1440,-0.00036510967925273974,bull,"low vol, flat"
1577491200,7254.74,5.9352922351444946,33642.701861,297262.0,0.0036290686611448915,1440,0.007296283113744195,bull,"low vol, flat"
1577577600,7316.14,5.314684838880685,26848.982199,272607.0,0.03500953138681781,1440,0.008427818145063881,bull,"low vol, flat"
1577664000,7388.24,5.281835829786836,31387.106085,283213.0,0.019512776021510712,1440,0.009806680434861548,bull,"low vol, flat"
1577750400,7246.0,4.9347283100168156,29605.911782,279033.0,-0.06989814970867288,1440,-0.01943995444746882,bull,"low vol, flat"
1577836800,7195.23,4.929106958343865,25954.453533,251976.0,-0.029381964757238907,1440,-0.00703128600097358,bull,"low vol, flat"
1577923200,7200.85,3.9574382265742285,16792.388165,194010.0,0.06559656042824674,1440,0.0007807681376448272,bull,"low vol, flat"
1578009600,6965.71,5.3697925401239495,31951.483932,302667.0,-0.05221232464665611,1440,-0.03319953431039657,bull,"low vol, flat"
1578096000,7344.96,10.499752156035411,68428.500451,519854.0,0.0403704900267126,1440,0.05301482343030095,bull,"mid vol, flat"
1578182400,7354.11,5.467782688811149,29987.974977,279370.0,0.09172975237940482,1440,0.0012449768838216357,bull,"low vol, flat"
1578268800,7358.75,6.082078461472318,38331.085604,329209.0,0.015122282994758492,1440,0.0006307407470522719,bull,"low vol, flat"
1578355200,7758.0,7.33110021345798,54635.695316,449937.0,0.05622405290594727,1440,0.052834487657440476,bull,"mid vol, flat"
1578441600,8145.28,9.905376739231555,91171.684661,685315.0,0.013299506765818009,1440,0.04871404936371526,bull,"mid vol, flat"
1578528000,8055.98,12.696948025794228,112622.64264,830375.0,-0.0220242000529921,1440,-0.011023945589959894,bull,"mid vol, flat"
1578614400,7817.76,8.736028132295813,64239.51983,478800.0,-0.014757292559295846,1440,-0.03001660428030739,bull,"mid vol, flat"
1578700800,8197.02,10.817613646139895,82406.777448,606101.0,0.028113381420137456,1440,0.047372605073736196,bull,"mid vol, flat"
1578787200,8020.01,8.381135353554143,54810.032667,469131.0,0.018650185582090587,1440,-0.02183100482452005,bull,"mid vol, flat"
1578873600,8184.98,6.182362362434491,38131.494336,350662.0,0.03423909497214198,1440,0.020361098565476965,bull,"mid vol, flat"
1578960000,8110.34,4.4080680325029995,31159.755683,289144.0,-0.02340527597261909,1440,-0.009160976526191078,bull,"low vol, flat"
1579046400,8810.01,11.537755687065127,120399.126742,915328.0,0.038082224797404245,1440,0.0827487842214989,bull,"mid vol, flat"
1579132800,8821.41,10.063515051741513,84816.29760600001,764048.0,0.002013816339796371,1440,0.001293146166174708,bull,"mid vol, flat"
1579219200,8720.01,7.3346110461480665,51991.074284,543064.0,2.9397661445733553e-05,1440,-0.011561336478177253,bull,"mid vol, flat"
1579305600,8913.28,8.294585880991736,70897.737377,676403.0,0.019491176504714502,1440,0.02192191473331384,bull,"mid vol, flat"
1579392000,8915.96,5.670758522459827,38294.746545,458182.0,0.014305985296344142,1440,0.0003006297542889058,bull,"low vol, flat"
1579478400,8701.7,13.621590010054918,70676.889259,615665.0,-0.04761107643926903,1440,-0.024324520325977872,bull,"mid vol, flat"
1579564800,8642.35,6.1135475208102825,38896.639746,385006.0,0.0002850585056294022,1440,-0.006843872296917297,bull,"mid vol, flat"
1579651200,8736.03,6.048326813449474,36494.687659,365621.0,0.02655333357157853,1440,0.010781316488658987,bull,"low vol, flat"
1579737600,8682.36,5.0581346261267806,29080.557138,317424.0,-0.004341117448366838,1440,-0.006162471944632486,bull,"low vol, flat"
1579824000,8404.52,7.082142906048554,48165.944597,464805.0,-0.033021665459023616,1440,-0.03252372475192189,bull,"mid vol, flat"
1579910400,8439.0,6.724810645723727,41687.529529,407271.0,0.021575988147109947,1440,0.004094161809796049,bull,"low vol, flat"
1579996800,8340.58,5.438191161687378,25521.157932,283118.0,0.024777388302084976,1440,-0.01173105985876255,bull,"low vol, flat"
1580083200,8615.0,5.472259910952217,31130.485164,332612.0,0.014947963950723266,1440,0.032372111662825276,bull,"low vol, flat"
1580169600,8907.57,6.9274110345451865,53973.542996,514196.0,0.059494149684373665,1440,0.03339660703325187,bull,"mid vol, flat"
1580256000,9374.21,9.150597574097617,74584.85376499999,616678.0,0.04182984305137907,1440,0.051060824626029344,bull,"mid vol, flat"
1580342400,9301.53,7.7965569655032665,53864.065122,492545.0,-0.011747395273023252,1440,-0.007783398882224901,bull,"mid vol, flat"
1580428800,9513.21,7.740455611740852,60626.744259,529570.0,0.01778697923136319,1440,0.022502456278909122,bull,"mid vol, flat"
1580515200,9352.89,5.755537070583587,45552.022352,428547.0,-0.012888133691702578,1440,-0.016995972584926022,bull,"mid vol, flat"
1580601600,9384.61,5.00375380297274,28578.067354,334972.0,0.02730014057059041,1440,0.003385727050131848,bull,"low vol, flat"
1580688000,9331.51,6.034035639363845,45690.91254,446558.0,-0.011251699548568379,1440,-0.00567426822151873,bull,"low vol, flat"
1580774400,9292.24,7.789201406098658,50892.133451,492124.0,-0.02612069820731559,1440,-0.004217202035112777,bull,"low vol, flat"
1580860800,9197.02,5.9197473718562765,53308.175266,528930.0,-0.02065932001057288,1440,-0.010300124704077263,bull,"low vol, flat"
1580947200,9612.04,6.160153160941089,64870.415615,661758.0,0.09065449532344576,1440,0.04413696079004481,bull,"mid vol, flat"
1581033600,9772.0,7.554781603824541,64949.706588,682179.0,-0.01020477733955554,1440,0.016504674065094704,bull,"mid vol, flat"
1581120000,9813.73,5.765296646915233,43966.114632,582249.0,0.03415952836794215,1440,0.004261272175808628,bull,"low vol, flat"
1581206400,9895.05,5.3229849393304365,43600.843666,514573.0,0.03963042598984009,1440,0.008252206527558315,bull,"low vol, flat"
1581292800,10151.75,5.176932515325258,43408.475616,536848.0,0.032437882648912696,1380,0.025611472320488105,bull,"low vol, flat"
1581379200,9851.83,8.508071947697095,59573.084619,690308.0,-0.039200893221083645,1440,-0.02998887968955266,bull,"mid vol, flat"
1581465600,10223.08,7.2388703357066,62422.395224,710170.0,0.022239416014370635,1440,0.03699068450599974,bull,"mid vol, flat"
1581552000,10326.46,7.088992928241911,61008.06393,857655.0,0.020907915902126643,1440,0.010061623972999811,bull,"mid vol, flat"
1581638400,10229.63,10.689088730197607,79344.358759,932802.0,-0.030169928907875437,1440,-0.009421122032286178,bull,"mid vol, flat"
1581724800,10344.36,6.506135989199915,47038.480172999996,622310.0,0.007558297200343622,1440,0.011153032471666435,bear,"mid vol, flat"
1581811200,9904.72,7.857855045590886,57657.202947,739781.0,-0.0718044249355217,1440,-0.04343003244846244,bear,"mid vol, flat"
1581897600,9917.27,7.700404743063761,60023.999537,708070.0,-0.02018735619663387,1440,0.001266270609251663,bear,"mid vol, flat"
1581984000,9706.0,9.196813982489992,70261.011901,778058.0,-0.054330749240827134,1440,-0.021533430825941835,bear,"mid vol, flat"
1582070400,10164.71,8.138315986032879,70604.124019,723413.0,0.05670870772254805,1440,0.04617766642322607,bear,"mid vol, flat"
1582156800,9593.79,14.084989391445689,55162.586895,588760.0,-0.07698612726563285,1086,-0.057805903246363144,bear,"mid vol, flat"
1582243200,9596.42,8.526269336840835,60152.342914,667387.0,-0.007745752558069682,1440,0.00027409809652567674,bear,"mid vol, flat"
1582329600,9677.05,6.450091688980829,42181.554524,470599.0,0.026290655157552946,1440,0.008366990519609985,bear,"mid vol, flat"
1582416000,9650.86,4.454030708069131,24636.757623,319961.0,0.07702861829627852,1440,-0.002710072225021065,bear,"low vol, flat"
1582502400,9936.4,5.897687789245862,37702.089843,441935.0,0.06281909742570232,1440,0.029157751478757987,bear,"low vol, flat"
1582588800,9656.13,7.93577308406077,55796.59612,589384.0,-0.0527404006092263,1440,-0.02861183519342525,bear,"mid vol, flat"
1582675200,9315.84,8.485935363442279,54379.344552,579079.0,-0.03202459040922649,1440,-0.03587676971483944,bear,"mid vol, flat"
1582761600,8785.25,11.12119156134566,92130.345482,871018.0,-0.08979230264165527,1440,-0.05864199828916483,bear,"mid vol, flat"
1582848000,8823.21,10.357079380507317,72483.578762,696646.0,-0.022950712511895555,1440,0.004311570552474109,bear,"mid vol, flat"
1582934400,8692.91,11.173815739513783,71155.208977,655727.0,-0.00792628839277674,1440,-0.01487799849918403,bear,"mid vol, flat"
1583020800,8523.61,6.961546741302623,36748.183035,414175.0,0.029539585180745166,1440,-0.019667790863485024,bear,"mid vol, flat"
1583107200,8531.88,8.850476353267792,43892.201779,472019.0,-0.004908936855910677,1440,0.0009697757904518767,bear,"mid vol, flat"
1583193600,8915.24,6.954132469920731,60401.31773,564535.0,0.03352316721054425,1440,0.04395243605995347,bear,"mid vol, flat"
1583280000,8760.07,7.549592913060054,55154.997282,512762.0,-0.02260063191784087,1440,-0.017558276088587732,bear,"mid vol, flat"
1583366400,8750.87,6.311619983238791,38696.482578,454817.0,-0.0035615691354427075,1312,-0.0010507717856942378,bear,"mid vol, flat"
1583452800,9054.68,6.517883182586952,58201.866355,619552.0,0.04746064275931411,1440,0.034128627121274846,bear,"mid vol, flat"
1583539200,9131.88,5.234452898853981,43782.948044,493216.0,0.018504303711705684,1440,0.008489836857210165,bear,"low vol, flat"
1583625600,8886.66,6.5695246902249265,45422.204525,485400.0,-0.018906453880443926,1440,-0.02722031208211817,bear,"mid vol, flat"
1583712000,8033.31,9.477328594950874,77537.315166,740741.0,-0.1012428590181861,1440,-0.10095462863465876,bear,"mid vol, flat"
1583798400,7929.87,14.56645014786416,116968.863268,929234.0,-0.00792473644782001,1440,-0.012960005190207013,bear,"mid vol, flat"
1583884800,7894.56,10.661530893940009,86783.443875,737528.0,0.006495757114824566,1440,-0.0044627273908268705,bear,"mid vol, flat"
1583971200,7934.52,10.427368869216181,79942.411172,699401.0,0.013176664158072811,1440,0.0050489459763713995,bear,"mid vol, flat"
1584057600,4800.0,67.43689084592293,261505.608653,1770812.0,-0.08760651971101498,1440,-0.5026069427414583,bull,"high vol, flat"
1584144000,5578.6,81.0185769716565,402201.673764,2309830.0,-0.017846184355293573,1440,0.15032193094234536,bull,"high vol, flat"
1584230400,5172.06,25.47965766294551,136910.135974,1106125.0,-0.03434440030716897,1440,-0.07566678708579566,bull,"high vol, flat"
1584316800,5361.3,25.104367682815013,139916.146534,1037714.0,0.00832752612806454,1440,0.03593542121832982,bull,"high vol, flat"
1584403200,5028.97,40.41182039026982,227276.92276,1608176.0,-0.04168037789742201,1440,-0.06399129121736635,bull,"high vol, flat"
1584489600,5312.64,23.297522291730058,150089.926318,1069217.0,-0.00461841661865678,1440,0.05487369507311968,bull,"high vol, flat"
1584576000,5393.04,21.10988938114075,137127.634894,962843.0,-0.05043111363618057,1440,0.015020346505171034,bull,"high vol, flat"
1584662400,6162.37,21.90003429827996,199020.873439,1403608.0,-0.005009421372605773,1440,0.13335221046196466,bull,"high vol, flat"
1584748800,6208.36,29.14559137638772,219298.329514,1580069.0,-0.04495725606232041,1440,0.007435327078688658,bull,"high vol, flat"
1584835200,6186.98,21.799562795881652,128913.668363,990974.0,-0.017542551443281044,1440,-0.003449686931126905,bull,"high vol, flat"
1584921600,5816.19,19.407456084979913,119115.990527,952259.0,-0.03976119249855412,1440,-0.06180167576087392,bull,"high vol, flat"
1585008000,6467.31,22.32753044529211,164674.215785,1099406.0,0.021848032819523577,1440,0.10611484879069444,bull,"high vol, flat"
1585094400,6744.72,17.9637246277191,151138.009878,1012669.0,-0.03688268243375501,1440,0.04199971957778459,bull,"high vol, flat"
1585180800,6677.43,15.846703962840385,132155.734989,912179.0,-0.038783018303568915,1440,-0.01002679358493097,bull,"high vol, flat"
1585267200,6737.36,10.877561542432229,83026.555211,668467.0,-0.00939138323899404,1440,0.00893497381659536,bull,"high vol, flat"
1585353600,6359.11,12.079879423326181,82914.968354,643631.0,-0.07280258368100542,1440,-0.057779726345442484,bull,"mid vol, flat"
1585440000,6236.65,13.75064701111634,93159.693429,725588.0,-0.03476446125778945,1440,-0.019445251206402503,bull,"mid vol, flat"
1585526400,5881.42,10.386320989459163,63311.627714,496709.0,-0.08133880072177103,1440,-0.05864494989303459,bull,"mid vol, flat"
1585612800,6394.38,12.051581548895118,118889.549992,784034.0,-0.009781549564938598,1440,0.08362125023444555,bull,"mid vol, flat"
1585699200,6410.44,9.133471478494839,72337.595259,538231.0,-0.03975513121086509,1440,0.002508431734471017,bull,"mid vol, flat"
1585785600,6642.92,11.425728949406066,97500.7524,758061.0,0.008430580993137123,1440,0.035623714536338724,bull,"mid vol, flat"
1585872000,6794.09,15.773578303280486,149299.906871,1101043.0,0.0009673189222065823,1440,0.02250149077446295,bull,"mid vol, flat"
1585958400,6734.1,12.317024847961653,104080.276939,840456.0,-0.018489570297049264,1440,-0.00886894598981236,bull,"mid vol, flat"
1586044800,6856.99,12.605559333641212,72990.861139,659051.0,-0.0020926972036829365,1440,0.01808439929397565,bull,"mid vol, flat"
1586131200,6772.78,8.07399260530867,49685.356983,506433.0,-0.03892898182580811,1440,-0.012356932145708655,bull,"mid vol, flat"
1586217600,7329.9,10.421848888256411,118052.000832,956586.0,0.0050182708452614095,1440,0.07905023544895862,bull,"mid vol, flat"
1586304000,7197.32,10.401874313703143,103585.168918,924436.0,-0.057562616369531965,1440,-0.01825313873279555,bull,"mid vol, flat"
1586390400,7361.28,9.158251144435686,76059.145838,750516.0,0.025532225882949306,1440,0.022525096155241897,bull,"mid vol, flat"
1586476800,7283.54,7.840487673111235,61077.538712,685978.0,-0.05719570021431875,1440,-0.010616822906182932,bull,"mid vol, flat"
1586563200,6858.92,10.99351613053053,104674.623375,949050.0,-0.08365639619861676,1440,-0.06006701281559579,bull,"mid vol, flat"
1586649600,6876.83,6.466462690094473,45470.293206,484618.0,-0.06940875506788138,1440,0.002607795009357261,bull,"mid vol, flat"
1586736000,6903.79,8.65263329991064,73868.666501,648323.0,-0.03509944405135435,1440,0.003912746218315277,bull,"mid vol, flat"
1586822400,6837.91,12.912852621715347,96415.47657299999,804179.0,-0.0738314267793958,1440,-0.00958840678174333,bull,"mid vol, flat"
1586908800,6868.7,7.904262282634868,69068.623285,608665.0,-0.0728258125291514,1440,0.004492730411147505,bull,"mid vol, flat"
1586995200,6621.24,7.264679540737901,61571.384994,581374.0,-0.029845040747078673,1440,-0.036692196211825845,bull,"mid vol, flat"
1587081600,7101.94,13.968163431195189,125009.857539,971163.0,0.01193946743387303,1440,0.07008532257417777,bull,"mid vol, flat"
1587168000,7027.55,7.242009232987115,54126.509763,537554.0,-0.04024956381889662,1440,-0.010529847481826948,bull,"mid vol, flat"
1587254400,7248.6,6.4761921929519835,49488.542819,494670.0,-0.030860746144532814,1440,0.03097020809246942,bull,"mid vol, flat"
1587340800,7120.74,6.498732443289971,45664.86393,483574.0,-0.05752348199321577,1440,-0.017796694163898508,bull,"mid vol, flat"
1587427200,6826.83,9.84574345133815,90149.49137,785174.0,-0.10310052073231124,1440,-0.0421512156093069,bull,"mid vol, flat"
1587513600,6841.37,7.866974951734308,60109.710808,555797.0,-0.07728172286235235,1440,0.002127566978044726,bull,"mid vol, flat"
1587600000,7125.14,5.915195403953517,61486.377334,508659.0,-0.08080907845667612,1440,0.04064137110820454,bull,"mid vol, flat"
1587686400,7482.39,11.359289884166966,102773.569561,881099.0,0.021188594794379484,1440,0.04892288458324856,bull,"mid vol, flat"
1587772800,7505.0,7.276733681370479,60182.119939000004,601093.0,-0.022549914399418794,1440,0.0030172054176969,bull,"mid vol, flat"
1587859200,7538.67,7.364786119768242,43874.427726,521943.0,-0.03765623666518938,1290,0.004476308802495055,bull,"mid vol, flat"
1587945600,7693.1,6.762411453978749,50522.616209,554480.0,-0.021923404647495117,1440,0.020278049334498505,bull,"mid vol, flat"
1588032000,7774.62,7.270646506165289,65441.339576,637800.0,-0.034429710617144955,1440,0.010540759050405413,bull,"mid vol, flat"
1588118400,7738.98,4.691187506986827,46302.752638,499414.0,-0.07973067922899763,1440,-0.004594686301059525,bull,"low vol, flat"
1588204800,8778.57,14.813756624231427,183546.887514,1433128.0,-0.003393554030996505,1440,0.126043628251022,bull,"high vol, flat"
1588291200,8620.0,18.070029306364003,206277.214124,1661554.0,-0.03542931971927232,1440,-0.018228439547185005,bull,"high vol, flat"
1588377600,8826.96,10.255973833583074,91468.815059,865960.0,-0.02123243966533602,1440,0.02372558980130357,bull,"high vol, flat"
1588464000,8972.05,7.367914098327076,59002.08755,637884.0,0.030483995104000353,1440,0.016303515058973872,bull,"mid vol, flat"
1588550400,8894.16,10.38215684628072,90126.065643,877460.0,-0.016458333473421773,1440,-0.008719307953239053,bull,"mid vol, flat"
1588636800,8871.96,9.178201622652171,84418.512331,848802.0,-0.0732274440322014,1440,-0.002499140111014597,bull,"mid vol, flat"
1588723200,9021.83,9.194402992649204,76480.765342,812543.0,-0.020550638804040185,1440,0.01675145450840887,bull,"mid vol, flat"
1588809600,9142.92,9.705648710728452,105925.30241999999,1007661.0,-0.03347378343977729,1440,0.013332613300692131,bull,"mid vol, flat"
1588896000,9986.4,11.756226297705775,147154.611378,1254835.0,0.013929395938090408,1440,0.08824435807397712,bull,"mid vol, flat"
1588982400,9800.01,9.108533924410994,100683.7964,967816.0,-0.08212365353358891,1440,-0.018840761270535467,bull,"mid vol, flat"
1589068800,9539.4,9.02528489367658,81950.679567,839384.0,-0.10339537297030602,1440,-0.026952815683586095,bull,"mid vol, flat"
1589155200,8722.77,29.394205436197975,183865.182028,1565771.0,-0.08219076778603283,1440,-0.08949374237266561,bull,"high vol, flat"
1589241600,8561.52,21.38854223607055,168807.251832,1367382.0,-0.034702666114309194,1440,-0.01865910354451117,bull,"high vol, flat"
1589328000,8810.79,11.010926188159273,86522.780066,784859.0,-0.0622049506487711,1440,0.028699362273098217,bull,"high vol, flat"
1589414400,9309.37,9.031862719680761,92466.274018,869216.0,-0.055907570223859726,1440,0.055044313069878115,bull,"mid vol, flat"
1589500800,9791.98,12.820615621586617,129565.37747,1199530.0,-0.020749026757726774,1440,0.050542263457842296,bull,"mid vol, flat"
1589587200,9316.42,13.827058866781757,115890.761516,1055630.0,-0.04397688462247585,1440,-0.049785248551447836,bull,"mid vol, flat"
1589673600,9381.27,9.01811444513457,59587.627862,692028.0,-0.03129662194841744,1440,0.006936713576644493,bull,"mid vol, flat"
1589760000,9680.04,8.78116288001555,68647.764323,722718.0,0.011949488393246454,1440,0.031350885201932854,bull,"mid vol, flat"
1589846400,9733.93,9.024319833618305,82006.603583,794292.0,-0.018546282183978705,1440,0.00555168658578431,bull,"mid vol, flat"
1589932800,9775.53,8.722114216415427,78539.760454,773581.0,-0.03687714122449293,1440,0.004264604253291893,bull,"mid vol, flat"
1590019200,9511.43,9.063350551693103,74923.73809,731189.0,-0.1062432940070089,1440,-0.027388091063620834,bull,"mid vol, flat"
1590105600,9068.65,11.18356066186081,108928.780969,951971.0,-0.0835465026969313,1440,-0.047670822575259564,bull,"mid vol, flat"
1590192000,9170.0,7.668983974202894,58943.131024,693694.0,-0.01643107882419168,1440,0.011113875556825192,bull,"mid vol, flat"
1590278400,9179.15,5.89519262293869,43526.296966,512460.0,-0.0177149069814578,1440,0.0009973214844727352,bull,"low vol, flat"
1590364800,8720.34,9.222046607853533,70379.86645,774088.0,-0.08933014339358694,1440,-0.05127637976639399,bull,"mid vol, flat"
1590451200,8900.35,8.464295642637211,62833.910949,733557.0,-0.020532439275459904,1440,0.020432373821096306,bull,"mid vol, flat"
1590537600,8841.18,7.486584908834475,58299.770138,678304.0,-0.03113957341002781,1440,-0.006670249903319103,bull,"mid vol, flat"
1590624000,9204.07,6.9661685481415505,68910.355514,662850.0,-0.026775583585911724,1440,0.040225425628928946,bull,"mid vol, flat"
1590710400,9575.89,6.8260644321508215,74110.787662,738725.0,0.024814357180863472,1440,0.03960270360557594,bull,"mid vol, flat"
1590796800,9427.07,6.905122458135416,57374.362961,593705.0,-0.06511509636350102,1440,-0.01566314327228646,bull,"mid vol, flat"
1590883200,9697.72,7.003917043039247,55665.27254,651290.0,0.05102080953540954,1440,0.02830546846755233,bull,"mid vol, flat"
1590969600,9448.27,6.73405797942394,48333.786403,651473.0,-0.05747085572479766,1440,-0.026059150370553397,bull,"mid vol, flat"
1591056000,10200.77,9.323385253262286,76649.12696,826964.0,0.08364997656589108,1440,0.07663155167361424,bull,"mid vol, flat"
1591142400,9518.04,13.41693745690604,108970.773151,1004312.0,-0.09416247050740356,1440,-0.06927426238340928,bull,"mid vol, flat"
1591228800,9666.24,5.995187437100127,46252.644939,562784.0,-0.020323781272179077,1440,0.015450457159570163,bull,"mid vol, flat"
1591315200,9789.06,7.572409535804075,57456.100969,665881.0,0.0017469645748178291,1440,0.012626033176124096,bull,"mid vol, flat"
1591401600,9621.16,6.700808418256342,47788.05005,566062.0,-0.06549411011173907,1440,-0.017300596060589868,bull,"mid vol, flat"
1591488000,9666.3,5.498083362184139,32752.950893,435796.0,-0.03320504972370097,1440,0.004680770035724535,bull,"low vol, flat"
1591574400,9746.99,6.348232628238208,57952.848385,637766.0,-0.01897504881372873,1440,0.008312909833360749,bull,"low vol, flat"
1591660800,9782.01,5.067491103801346,40664.664125,485139.0,-0.0289338643836642,1440,0.0035864650046324442,bull,"low vol, flat"
1591747200,9772.43,7.029046659453688,46024.001289,551863.0,-0.04827088751040382,1440,-0.0009798287004336714,bull,"low vol, flat"
1591833600,9885.0,6.1933635765466155,47130.762982,560909.0,-0.018553506514077937,1440,0.011453300920539533,bull,"low vol, flat"
1591920000,9280.4,9.432902433553096,94418.98473,966502.0,-0.13212231912547068,1440,-0.06311380730512184,bull,"mid vol, flat"
1592006400,9465.13,5.536506381827379,50119.066932,553203.0,-0.028520766237316683,1440,0.019709870061973334,bull,"mid vol, flat"
1592092800,9473.34,4.1406909842495825,27759.784851,392763.0,-0.025136016966459514,1440,0.0008670183509327245,bull,"low vol, flat"
1592179200,9342.1,4.649482139220665,30055.44939,415565.0,-0.03741963726465518,1440,-0.01395047136177574,bull,"low vol, flat"
1592265600,9426.02,8.090189309568432,86107.924707,839521.0,-0.03305653525718524,1440,0.008942883921490008,bull,"low vol, flat"
1592352000,9525.59,5.826978725273649,52052.446927,543481.0,-0.012809535696469608,1440,0.010507911061560904,bull,"low vol, flat"
1592438400,9465.14,5.464625934669137,48046.411152,536158.0,-0.04913475415534193,1440,-0.006366285463242249,bull,"low vol, flat"
1592524800,9386.32,4.7707517418142915,37381.953765,475074.0,-0.04015689678599646,1440,-0.00836226576684318,bull,"low vol, flat"
1592611200,9310.23,5.221351326088357,45330.983673,503484.0,-0.02689210518337136,1440,-0.008139514519044155,bull,"low vol, flat"
1592697600,9358.95,4.672360836707198,30329.065384,382778.0,-0.0026015257971524924,1440,0.005219309107221903,bull,"low vol, flat"
1592784000,9294.69,3.3571879180203172,24316.926234,321015.0,-0.031144226976396978,1440,-0.006889835356611584,bull,"low vol, flat"
1592870400,9685.69,4.786212982325739,57895.468343,588704.0,0.06185168735115625,1440,0.04120626916014203,bull,"low vol, flat"
1592956800,9624.89,3.9821825351722104,41031.02938,474319.0,-0.06838280663189152,1440,-0.006297086976150723,bull,"low vol, flat"
1593043200,9296.49,6.613009662785868,61571.475811,572354.0,-0.12610387775718795,1440,-0.03471554197335003,bull,"mid vol, flat"
1593129600,9249.49,6.259284498189284,55831.619156,536205.0,-0.0490551424336701,1440,-0.005068494694560499,bull,"low vol, flat"
1593216000,9162.21,6.446919376218383,50292.298277,510947.0,-0.07310247200775392,1440,-0.009480998907667626,bull,"low vol, flat"
1593302400,9012.0,6.552300392891804,46290.930113,499415.0,-0.0902374694741101,1440,-0.016530393391535725,bull,"low vol, flat"
1593388800,9116.35,5.0993025130736065,30688.176421,374404.0,-0.023545464386262593,1230,0.011512482108878785,bull,"low vol, flat"
1593475200,9192.56,4.451694857347339,42120.293261,434299.0,-0.029014462492633196,1440,0.008324956553215301,bull,"low vol, flat"
1593561600,9138.55,3.6370711950291637,31463.162801,328083.0,-0.029484253470236498,1440,-0.005892731677256791,bull,"low vol, flat"
1593648000,9232.0,4.104072632059912,38488.528699,374832.0,-0.00911610032547483,1440,0.010173980210907985,bull,"low vol, flat"
1593734400,9086.54,5.676621904557635,45725.168076,470292.0,-0.0535789632074835,1440,-0.015881512101218576,bull,"low vol, flat"
1593820800,9058.26,3.1960468581132426,28943.420177,343189.0,-0.051976274185987686,1440,-0.0031171490343044894,bull,"low vol, flat"
1593907200,9135.46,3.5461079842870444,26441.968484,335225.0,0.027822085804434488,1440,0.008486495706433672,bull,"low vol, flat"
1593993600,9069.41,4.624226989767125,34073.653627,384500.0,-0.04464402625125617,1440,-0.007256331939538896,bull,"low vol, flat"
1594080000,9344.2,4.319210492654983,54463.132277,533540.0,0.033100412914762074,1440,0.029848617569280478,bull,"low vol, flat"
1594166400,9257.39,3.472685394591198,34587.336678,433481.0,-0.05833460647125684,1440,-0.00933367848898925,bull,"low vol, flat"
1594252800,9436.06,4.221631368044145,56140.517781,652605.0,-9.184982974540233e-05,1440,0.019116368674342965,bull,"low vol, flat"
1594339200,9232.43,4.605945729967554,48044.450645,575491.0,-0.05733481403198586,1440,-0.0218162343476358,bull,"low vol, flat"
1594425600,9288.34,3.5530545762993873,38295.494006,525484.0,-0.04110843092279605,1440,0.006037564295295894,bull,"low vol, flat"
1594512000,9234.03,3.229814583463926,22561.365999999998,413452.0,-0.04123949826442247,1440,-0.005864277156991449,bull,"low vol, flat"
1594598400,9302.75,4.221292900441484,30872.702286,484875.0,-0.02955124788067928,1440,0.007414482431212122,bull,"low vol, flat"
1594684800,9242.62,3.628161564757941,42740.069115,642552.0,-0.07864241941107113,1440,-0.006484660129130404,bull,"low vol, flat"
1594771200,9255.85,3.8106048336440135,45772.552509,613139.0,-0.053295664612987084,1440,0.0014303888111530938,bull,"low vol, flat"
1594857600,9197.6,2.70577301559029,39053.579665,554780.0,-0.07933255280505414,1440,-0.00631320359825871,bull,"low vol, flat"
1594944000,9133.72,3.503234150407481,43375.571191,681807.0,-0.058911297369386655,1440,-0.006969520861188627,bull,"low vol, flat"
1595030400,9154.32,2.2473499050247336,28054.358741,470991.0,-0.044887254156325544,1440,0.0022528394199241575,bull,"low vol, flat"
1595116800,9170.28,2.048037906904491,22554.541457,430377.0,0.019990129343111528,1440,0.0017419211372242671,bull,"low vol, flat"
1595203200,9208.99,2.4494927803311617,26052.019417,440449.0,-0.011717802989230024,1440,0.004212360691052908,bull,"low vol, flat"
1595289600,9160.78,2.210819987748501,35458.764082,557096.0,-0.0677795284810852,1440,-0.005248852945237914,bull,"low vol, flat"
1595376000,9390.0,3.506419474596144,60413.582486,782959.0,-0.024374624437165947,1440,0.024713965321002007,bull,"low vol, flat"
1595462400,9518.16,3.4554447818167078,48815.004107,663029.0,-0.0428273348583045,1440,0.013556259591712916,bull,"low vol, flat"
1595548800,9603.27,4.458251758531492,51856.2335,735371.0,-0.05657376878326497,1440,0.008902112662381612,bull,"low vol, flat"
1595635200,9537.8,3.523979878082794,43931.136205,677725.0,-0.07053166675546493,1440,-0.006840814574633924,bull,"low vol, flat"
1595721600,9700.42,4.1226394523678245,40679.545416,675222.0,-0.03506252627491258,1440,0.01690633264140473,bull,"low vol, flat"
1595808000,9931.54,6.599798339855325,65279.269319,945611.0,0.033967817319833525,1440,0.02354636809071131,bull,"low vol, flat"
1595894400,11029.96,14.889924234197458,150188.933144,1901088.0,0.02072247863306909,1440,0.10489965515383304,bull,"high vol, flat"
1595980800,10906.27,12.3071752920614,97267.734187,1475636.0,-0.042325167265490016,1440,-0.01127735357367321,bull,"high vol, flat"
1596067200,11100.53,9.573400558015017,76838.094233,1127302.0,-0.057278100751096205,1440,0.017655001714240726,bull,"mid vol, flat"
1596153600,11099.61,6.712825373426288,60794.826456,879960.0,-0.06989787081760167,1440,-8.288236024789342e-05,bull,"mid vol, flat"
1596240000,11335.46,7.172741823595281,70063.660974,971584.0,-0.027508900009024978,1440,0.021025892837467808,bull,"mid vol, flat"
1596326400,11801.17,8.825548040268654,85087.485126,1174252.0,-0.04748075550731601,1440,0.04026281369533535,bull,"mid vol, flat"
1596412800,11071.35,19.939770226968466,97553.077604,1459900.0,-0.05744057400983768,1440,-0.0638379885940914,bull,"high vol, flat"
1596499200,11219.81,7.177676980524744,56931.841475,919185.0,-0.04682390616454241,1440,0.013320275400209525,bull,"mid vol, flat"
1596585600,11191.97,7.014198033233829,58629.113709,863692.0,-0.0495638122967894,1440,-0.0024844090312949874,bull,"mid vol, flat"
1596672000,11744.91,7.691350210748291,74970.256852,964637.0,-0.03614083589641214,1440,0.048223398372741144,bull,"mid vol, flat"
1596758400,11762.46,6.806163003627974,63529.08502,919918.0,-0.05415910562723856,1440,0.0014931490218277332,bull,"mid vol, flat"
1596844800,11594.23,7.37515970559492,65755.926022,940045.0,-0.0877470511185496,1440,-0.014405543700158674,bull,"mid vol, flat"
1596931200,11761.41,5.905422339975622,41858.16104,779318.0,-0.02296937514959681,1440,0.014316272674541608,bull,"low vol, flat"
1597017600,11681.68,5.70683574497992,41493.067342,853386.0,-0.08267937112779972,1440,-0.006802030569309281,bull,"low vol, flat"
1597104000,11892.92,11.103965337825167,84952.337887,1340835.0,-0.009827781056602999,1440,0.017921462403389654,bull,"mid vol, flat"
1597190400,11392.08,9.314378050824242,90748.284634,1343979.0,-0.09150985772891032,1440,-0.04302488795968529,bull,"mid vol, flat"
1597276800,11564.33,6.556314088182888,64909.613644,1104096.0,-0.046561198662740194,1440,0.01500698346852225,bull,"mid vol, flat"
1597363200,11780.0,8.107220528097066,70132.491502,1243382.0,-0.006400889065622326,1440,0.018477817638045124,bull,"mid vol, flat"
1597449600,11760.54,5.519680214058425,59818.852697,1011746.0,-0.048304396703096844,1440,-0.0016533184398284106,bull,"low vol, flat"
1597536000,11852.4,6.202666642847967,56237.90505,1018956.0,-0.028983519328304022,1440,0.00778051893633247,bull,"low vol, flat"
1597622400,11911.0,4.903511486923228,41368.236906,790240.0,-0.06488423202804411,1440,0.00493196417881947,bull,"low vol, flat"
1597708800,12281.13,9.27949983661758,84734.21154,1210228.0,-0.0017943064464373574,1440,0.030601595130667292,bear,"mid vol, flat"
1597795200,11945.01,8.326480676546925,75923.835527,1189390.0,-0.052883729452421396,1440,-0.027750320081645796,bear,"mid vol, flat"
1597881600,11754.59,7.911016530085469,73940.169606,1258060.0,-0.05704473888111994,1440,-0.016069815339021076,bear,"mid vol, flat"
1597968000,11853.55,4.4309371601357626,46085.254351,798027.0,-0.04555555347508777,1440,0.008383598166901152,bear,"low vol, flat"
1598054400,11531.34,6.119042264448059,64448.306142,1189668.0,-0.05252023850777599,1440,-0.027558854687274703,bear,"low vol, flat"
1598140800,11662.96,5.014627195661934,43678.701646,809328.0,-0.01072742055836527,1440,0.01134946196532205,bear,"low vol, flat"
1598227200,11648.13,3.6620043927137034,37900.00469,627352.0,-0.022974921695187837,1440,-0.0012723559473784007,bear,"low vol, flat"
1598313600,11748.2,3.404357504130874,46212.391867,656584.0,-0.014099094737947756,1440,0.00855438525945651,bear,"low vol, flat"
1598400000,11318.42,6.8371545812361765,69590.923272,996668.0,-0.04796630300410255,1440,-0.03726855030411791,bear,"mid vol, flat"
1598486400,11461.43,5.499555719452035,53998.231231,862654.0,-0.050986072844168104,1440,0.01255599829022458,bear,"low vol, flat"
1598572800,11330.38,7.063614718337725,63246.036383,959270.0,-0.0262415661425718,1440,-0.011499871598154243,bear,"low vol, flat"
1598659200,11526.91,4.581202884716409,45953.908365,719985.0,-0.05495729823327729,1440,0.01719668807894692,bear,"low vol, flat"
1598745600,11465.84,3.8212519759797265,32973.7992,611834.0,-0.04716408990566066,1440,-0.0053121217435307955,bear,"low vol, flat"
1598832000,11711.16,4.191815279743244,43177.879054,756541.0,0.030996259643189226,1440,0.021170053246224896,bear,"low vol, flat"
1598918400,11649.51,4.339413281724503,55353.617744,822062.0,-0.03963132430016808,1440,-0.0052781142940627745,bear,"low vol, flat"
1599004800,11921.97,5.973494132416639,78148.193668,1321492.0,-0.04089864082563902,1440,0.0231187973969309,bear,"low vol, flat"
1599091200,11388.54,8.1834943656816,87221.845602,1373524.0,-0.08343352262008462,1440,-0.04577532981158505,bear,"mid vol, flat"
1599177600,10140.85,15.536131443268811,121950.106015,1611610.0,-0.11001581493787103,1440,-0.11603576554688999,bear,"high vol, flat"
1599264000,10446.25,13.417237542556874,92733.599113,1434860.0,-0.07891346665066647,1440,0.02967124125373033,bear,"high vol, flat"
1599350400,10166.69,15.901279416796388,90001.605568,1476782.0,-0.03383651772411015,1440,-0.02712637230891879,bear,"high vol, flat"
1599436800,10256.2,9.028607756778475,56368.788815,1053192.0,-0.005355998724593075,1440,0.008765710743618982,bear,"mid vol, flat"
1599523200,10373.44,9.438329160172461,62620.230676,927363.0,-0.023424208345533635,1440,0.011366292597354999,bear,"mid vol, flat"
1599609600,10126.65,10.874444449728943,73491.878418,1048125.0,-0.06354783111457575,1440,-0.024078130687019694,bull,"mid vol, flat"
1599696000,10219.2,6.391834843643061,49347.113776,755560.0,-0.034779925119647385,1440,0.009097741146643301,bull,"mid vol, flat"
1599782400,10336.87,6.875590751536617,58253.75375,851877.0,-0.04932778694969517,1440,0.011448811499434441,bull,"mid vol, flat"
1599868800,10387.89,4.911869430896483,43830.254467,637869.0,-0.031189255677930086,1440,0.004923589278497786,bull,"low vol, flat"
1599955200,10440.92,3.741758671265239,35379.153096,577724.0,-0.007281557172976122,1440,0.005091996574169144,bull,"low vol, flat"
1600041600,10332.83,5.601767990219332,43837.609865,692439.0,-0.051703895718311764,1440,-0.010406496224026895,bull,"low vol, flat"
1600128000,10671.77,5.912066987120599,67059.291361,828957.0,-0.04918878473145273,1440,0.03227573226362601,bull,"low vol, flat"
1600214400,10785.31,6.7121484584730915,61822.452786,893852.0,-0.03775777451082648,1440,0.010583085836547212,bull,"low vol, flat"
1600300800,10954.01,6.356870971756277,64991.51244,884153.0,-0.023241328002552318,1440,0.015520576216204063,bull,"low vol, flat"
1600387200,10939.99,5.547458024654894,55601.614529,829137.0,-0.02772869946421907,1440,-0.0012807163530030863,bull,"low vol, flat"
1600473600,10933.39,4.0848573084908315,47266.728275,717371.0,-0.02489887804700191,1440,-0.0006034732812487675,bull,"low vol, flat"
1600560000,11080.65,4.414305862842079,38440.036858,620127.0,0.03657857252307429,1440,0.01337893422299885,bull,"low vol, flat"
1600646400,10920.28,4.88500548497324,39157.922565,646329.0,-0.007215240760819543,1440,-0.01457873284471134,bull,"low vol, flat"
1600732800,10417.22,7.2340424487109365,70683.431179,1028531.0,-0.048463549998372664,1440,-0.04716140491019161,bull,"mid vol, flat"
1600819200,10529.61,5.532315791918219,43991.235476,738576.0,-0.022647972652269692,1440,0.010731082319475505,bull,"low vol, flat"
1600905600,10241.46,5.7154340772424295,51876.568079,774391.0,-0.03568382623501571,1440,-0.027747100849891737,bull,"low vol, flat"
1600992000,10736.32,6.403864749613779,57676.619427,789282.0,-0.03091392655661299,1440,0.04718819847137645,bull,"mid vol, flat"
1601078400,10686.67,5.00787080665762,48101.117008,733430.0,-0.02013375975944451,1440,-0.004635215616035637,bull,"low vol, flat"
1601164800,10728.6,4.287565471377778,28420.836659,502670.0,0.007326527135648541,1440,0.003915902398667015,bull,"low vol, flat"
1601251200,10774.25,4.171546931046449,30549.483253,516004.0,-0.011371835985667097,1440,0.004245955171711557,bull,"low vol, flat"
1601337600,10696.12,5.084459940471394,50095.251734,686664.0,0.00684485822769666,1440,-0.007277969114733551,bull,"low vol, flat"
1601424000,10840.48,4.060990777332279,41874.898399,587576.0,-0.049737338134048764,1440,0.013406216589901376,bull,"low vol, flat"
1601510400,10776.59,3.9954791112380716,39596.027322,595383.0,-0.05485166181793348,1440,-0.005911086565506096,bull,"low vol, flat"
1601596800,10619.13,5.800267857732991,60866.332893,794855.0,-0.06516546173354491,1440,-0.014719097354310762,bull,"low vol, flat"
1601683200,10570.4,5.794888708641808,50130.393705,777193.0,-0.03755383662211756,1440,-0.004599449436266667,bull,"low vol, flat"
1601769600,10542.06,3.10046533627165,22298.221341,381329.0,-0.035576630300164745,1440,-0.0026846721814166585,bull,"low vol, flat"
1601856000,10666.63,3.094510019422131,23212.001595,377553.0,0.04456960339098226,1440,0.011747206689255663,bull,"low vol, flat"
1601942400,10792.21,3.4126110283561704,34025.761653,483340.0,-0.08589353292969767,1440,0.011704400948838511,bull,"low vol, flat"
1602028800,10599.66,4.3274505976177515,48674.740471,734526.0,-0.047157121923794364,1440,-0.018002652442653755,bull,"low vol, flat"
1602115200,10666.39,2.8137751877216366,32811.990279,503440.0,-0.037951946846607125,1440,0.006275751163340004,bull,"low vol, flat"
1602201600,10925.57,4.643294978006218,51959.691572,659291.0,0.01935168311395139,1440,0.024008237238451358,bull,"low vol, flat"
1602288000,11050.64,3.6206795898548565,48240.073237,635681.0,0.06378907303647725,1440,0.011382431304898688,bull,"low vol, flat"
1602374400,11293.22,6.631180600746924,43648.036943,698561.0,0.04505064824720268,1440,0.021714200807679163,bull,"low vol, flat"
1602460800,11369.02,4.1568262530781865,29043.851339,509714.0,-0.0035450808433846836,1440,0.006689566668830693,bull,"low vol, flat"
1602547200,11528.25,6.498663304183038,52825.28371,740823.0,0.017161761723361615,1440,0.013908432475920662,bull,"low vol, flat"
1602633600,11420.56,4.80212256136878,42205.283709,618262.0,-0.08323523005369313,1440,-0.009385304987830523,bull,"low vol, flat"
1602720000,11417.89,4.577595449966492,41415.106015,590025.0,-0.07907721882478923,1440,-0.00023381621889129178,bull,"low vol, flat"
1602806400,11505.12,5.01043662611946,48760.717679,662386.0,-0.014811971098429013,1440,0.00761073009635993,bull,"low vol, flat"
1602892800,11319.32,4.86311092967223,48797.749502,693210.0,-0.06464565612540607,1440,-0.016281153381308755,bull,"low vol, flat"
1602979200,11360.2,3.139225206958562,22368.915241,365973.0,-0.07746759260922173,1440,0.0036050184724860657,bull,"low vol, flat"
1603065600,11503.14,2.816829140340282,23284.041191,346946.0,0.06477453783164451,1440,0.012504022806048454,bull,"low vol, flat"
1603152000,11751.47,4.429950023758169,47414.534692,650960.0,0.042566179191895065,1440,0.021358297570117202,bull,"low vol, flat"
1603238400,11909.99,5.865680499639091,62134.750663,906111.0,0.0271774970202877,1440,0.01339920458829802,bull,"low vol, flat"
1603324800,12780.96,10.799737837812726,114584.456767,1453620.0,0.030395804485788446,1440,0.07057901976281933,bull,"mid vol, flat"
1603411200,12968.52,8.172773805401535,70038.824144,1035811.0,-0.050255470433986794,1440,0.01456831883483467,bull,"mid vol, flat"
1603497600,12923.07,5.443178990067077,50386.999841,699313.0,-0.020147039002190593,1440,-0.0035107961066547233,bull,"low vol, flat"
1603584000,13111.73,5.236369407681696,35952.20907,536821.0,0.022621143708207735,1440,0.014493163177938584,bull,"low vol, flat"
1603670400,13028.83,6.652792654801847,38481.579504,610498.0,-0.06507127140505535,1440,-0.00634265508596954,bull,"low vol, flat"
1603756800,13052.19,6.10319337645302,60951.672986,818144.0,-0.028410763891546526,1440,0.0017913414618497825,bull,"low vol, flat"
1603843200,13636.17,7.107278566688008,80796.553996,1003550.0,-0.013977091449418916,1440,0.04376988541595317,bull,"mid vol, flat"
1603929600,13266.4,8.6563108742588,94440.561226,1234511.0,-0.08116403139173359,1440,-0.027491298279313625,bull,"mid vol, flat"
1604016000,13455.7,7.3008593917842495,74872.602132,1008433.0,-0.0062253855579675116,1440,0.014168285177266426,bull,"mid vol, flat"
1604102400,13560.1,8.254774187905031,70657.778881,1060387.0,-0.025200354854047275,1440,0.007728849021308548,bull,"mid vol, flat"
1604188800,13791.0,8.675809810357068,67339.238515,1022202.0,0.0639628971159297,1440,0.01688454837587372,bull,"mid vol, flat"
1604275200,13761.5,5.9119137976536,36285.648526,606248.0,-0.01671622337314363,1440,-0.0021413673004317957,bull,"low vol, flat"
1604361600,13549.37,6.939518913054552,64566.421908,869850.0,-0.09416588995226126,1440,-0.015534786411903312,bull,"low vol, flat"
1604448000,14023.53,7.611700799622415,74115.630787,1052569.0,0.03440294369655737,1440,0.0343965813014222,bull,"mid vol, flat"
1604534400,14144.01,9.270755212797823,93016.988262,1212959.0,-0.025260601465419683,1440,0.008554579827325881,bull,"mid vol, flat"
1604620800,15590.02,11.525674605790307,143741.522673,1736055.0,0.004527095239420614,1440,0.09733975303388576,bull,"mid vol, flat"
1604707200,15579.92,11.886914252991465,122618.197695,1654968.0,-0.04534952179636173,1440,-0.0006480603012697372,bull,"mid vol, flat"
1604793600,14818.3,11.688179968133449,101431.206553,1557021.0,-0.08894171347834734,1440,-0.050120002204518954,bull,"mid vol, flat"
1604880000,15475.1,8.170654145044269,65547.178574,998773.0,-0.0487565881480622,1440,0.04336937714861122,bull,"mid vol, flat"
1604966400,15328.41,11.499930984173346,108976.334134,1505441.0,-0.05758535467235998,1440,-0.009524311280310727,bull,"mid vol, flat"
1605052800,15297.21,7.180567070220712,61681.919606,1093466.0,-0.06145052709467398,1440,-0.002037510476116111,bull,"mid vol, flat"
1605139200,15684.24,7.491469624094488,78469.746458,1247167.0,0.0202658726424097,1440,0.024985927702934063,bull,"mid vol, flat"
1605225600,16291.86,10.151113075246071,102196.356592,1472049.0,-0.012783223272973918,1440,0.038009210042851294,bull,"mid vol, flat"
1605312000,16320.7,6.715502213438407,75691.881014,1208773.0,-0.06722542848497635,1440,0.0017686441983020273,bull,"mid vol, flat"
1605398400,16070.45,6.4196017190940164,59116.347179,931424.0,-0.06202703231810238,1440,-0.015452058926513246,bull,"mid vol, flat"
1605484800,15957.0,5.698004772392597,43596.841513,854441.0,-0.043358641484070315,1440,-0.0070845774181780286,bull,"low vol, flat"
1605571200,16713.57,6.84052215300205,81300.675924,1202386.0,0.01770897200591405,1440,0.0463233598845072,bull,"mid vol, flat"
1605657600,17659.38,9.534827688750669,115221.403102,1646652.0,0.011306250895476067,1440,0.05504612265896114,bull,"mid vol, flat"
1605744000,17776.12,15.053790338376201,149019.788134,2091832.0,-0.014724994616331488,1440,0.006588896577797598,bull,"mid vol, flat"
1605830400,17802.82,9.373907177382042,93009.561008,1513304.0,-0.024259928565902176,1440,0.0015008881665483642,bull,"mid vol, flat"
1605916800,18655.67,8.836878341367644,88423.018489,1444692.0,-0.014973412711133675,1440,0.04679324961628595,bull,"mid vol, flat"
1606003200,18703.8,8.342712830660188,75577.458394,1451352.0,-0.026479707713469247,1440,0.002576590440238391,bull,"mid vol, flat"
1606089600,18414.43,9.58929708977812,81645.737778,1528524.0,-0.04062532972656606,1440,-0.01559211538207883,bull,"mid vol, flat"
1606176000,18368.0,10.888220978304746,82961.506093,1629379.0,-0.04506650174369812,1440,-0.002524576253394528,bull,"mid vol, flat"
1606262400,19160.01,10.768205334271565,113581.509241,2179862.0,0.024448455928754297,1440,0.04221527432609129,bull,"mid vol, flat"
1606348800,18719.11,10.88322349724374,93266.576887,1785408.0,-0.04413610436230952,1440,-0.023280367279035374,bull,"mid vol, flat"
1606435200,17149.47,22.68113657988648,181005.246693,2770483.0,-0.06655955366550105,1440,-0.0875776578398817,bull,"high vol, flat"
1606521600,17139.52,13.231855497326684,85297.024787,1572299.0,-0.0033097041978306582,1440,-0.0005803612342791808,bull,"high vol, flat"
1606608000,17719.85,8.586443766317577,64910.69997,1209385.0,-0.02063274890917804,1440,0.03329857201976871,bull,"mid vol, flat"
1606694400,18184.99,8.018874203021724,55329.016303,1141289.0,0.007933527800243948,1440,0.025911048405214743,bull,"mid vol, flat"
1606780800,19695.87,12.484526512327188,115463.466888,1744149.0,0.057190062761629065,1380,0.07981244056034242,bull,"mid vol, flat"
1606867200,18764.96,19.069330975134218,127698.762652,2023802.0,-0.0006889405517558515,1440,-0.04841766813869519,bull,"high vol, flat"
1606953600,19204.09,12.42126015057323,75911.013478,1566635.0,-0.040410904050030054,1440,0.023131976224672002,bull,"high vol, flat"
1607040000,19421.9,8.37407653868767,66689.391279,1242229.0,0.015704028735523554,1440,0.01127801817722407,bull,"mid vol, flat"
1607126400,18650.52,9.104658644284761,71283.6682,1286657.0,-0.0919812480974429,1440,-0.04052726761991643,bull,"mid vol, flat"
1607212800,19147.66,6.567363906572752,42922.748573,932124.0,-0.004711441315461521,1440,0.026306487210307594,bull,"mid vol, flat"
1607299200,19359.4,6.112616091648806,37043.091861,820382.0,0.02634022744811082,1440,0.010997574683671019,bull,"mid vol, flat"
1607385600,19166.9,5.601889861895844,41372.296293,840954.0,-0.08722465486187116,1440,-0.009993256658502148,bull,"low vol, flat"
1607472000,18324.11,8.072360137980427,61626.947614,1143181.0,-0.09742800554730068,1440,-0.04496715391155881,bull,"mid vol, flat"
1607558400,18541.28,9.531655957173829,79585.553801,1302476.0,-0.07498264373357942,1440,0.011781918605684893,bull,"mid vol, flat"
1607644800,18254.63,7.034972320585029,52890.675094,891151.0,-0.031791217506897396,1440,-0.015580851185681865,bull,"mid vol, flat"
1607731200,18036.53,9.019191293273325,72610.724259,1117810.0,-0.05812842882471105,1440,-0.012019600682396714,bull,"mid vol, flat"
1607817600,18808.69,5.784315984815283,49519.978432,891810.0,0.052356381123231495,1440,0.041919851281026155,bull,"mid vol, flat"
1607904000,19174.99,6.058146868795442,56560.821744,938022.0,0.04642981440202609,1440,0.019287828659587447,bull,"mid vol, flat"
1607990400,19273.14,5.916255425454144,47257.201294,842382.0,-0.04110007446096046,1440,0.0051055909978821035,bull,"low vol, flat"
1608076800,19426.43,6.102007846678675,61834.366011,1046423.0,0.008958702461693483,1440,0.00792209327908644,bull,"low vol, flat"
1608163200,21335.52,10.761099864181112,114306.33557,1659135.0,0.07159873631840896,1440,0.09373877942102915,bull,"mid vol, flat"
1608249600,22797.16,19.880063282311948,184882.476748,2795084.0,-0.0003443624897277758,1440,0.06626267735967417,bull,"high vol, flat"
1608336000,23107.39,10.459225527957564,79646.134315,1613775.0,-0.03675671172466,1440,0.013516512987804319,bull,"high vol, flat"
1608422400,23821.61,10.081164981309517,86045.064677,1678611.0,-0.0072850393378524735,1440,0.030440672117045153,bull,"mid vol, flat"
1608508800,23455.52,10.121270031452779,76690.145685,1743225.0,-0.03184131347239845,1440,-0.015487290255670416,bull,"mid vol, flat"
1608595200,22719.71,14.179060837100312,87175.188425,1576090.0,-0.04567804811142854,1210,-0.03187303196066793,bull,"mid vol, flat"
1608681600,23810.79,10.754361772708913,87033.12616,1496277.0,-0.019193528001384602,1440,0.04690600959778024,bull,"mid vol, flat"
1608768000,23232.76,13.954302140785147,119047.259733,2194611.0,-0.04810573400718532,1440,-0.024575487678829333,bull,"mid vol, flat"
1608854400,23729.2,10.312463974207553,69013.834252,1421257.0,0.03715759910739477,1440,0.02114300567337324,bull,"mid vol, flat"
1608940800,24712.47,10.693965750726816,79519.943569,1504426.0,0.03669812411860976,1380,0.04060161725614542,bull,"mid vol, flat"
1609027200,26493.39,10.378680016554608,97806.513386,1735574.0,0.019135277326713215,1440,0.06958729338063563,bull,"mid vol, flat"
1609113600,26281.66,18.990730057240047,148455.586214,2438493.0,-0.021264981173893336,1440,-0.00802391038892658,bull,"high vol, flat"
1609200000,27079.41,11.850426270587766,79721.742496,1508204.0,-0.04930965042814065,1440,0.029902302982669937,bull,"mid vol, flat"
1609286400,27385.0,10.78114214291321,69411.592606,1605166.0,-0.012357408493258866,1440,0.011221757725854431,bull,"mid vol, flat"
1609372800,28875.54,12.558823788016243,95356.057826,1916095.0,0.007967557838709702,1440,0.05299945173010734,bull,"mid vol, flat"
1609459200,28923.63,11.706281521471944,75508.505152,1552793.0,-0.03503262296975734,1440,0.0016640381201611376,bull,"mid vol, flat"
1609545600,29331.69,8.737117721691124,54182.925011,1314910.0,0.013448488409440237,1440,0.014009593427539713,bull,"mid vol, flat"
1609632000,32178.33,17.589431113955975,129993.873362,2245922.0,0.0376843692960688,1440,0.0926247431168008,bull,"high vol, flat"
1609718400,33000.05,17.9629525632513,120957.56675,2369698.0,-0.01204472814016822,1440,0.02521583198655364,bull,"high vol, flat"
1609804800,31988.71,26.323061015376222,140899.88569,2642408.0,-0.01932540410991437,1440,-0.031126048570094156,bull,"high vol, flat"
1609891200,33949.53,19.85069639656056,116049.997038,2526851.0,0.028724795838714755,1440,0.05949198197405359,bull,"high vol, flat"
1609977600,36769.36,18.485043803100876,127139.20131,2591783.0,-0.008127878697934892,1440,0.07978987964728823,bull,"high vol, flat"
1610064000,39432.28,21.902900115070953,132825.700437,2814686.0,-0.020443981519133535,1440,0.06991988054158327,bull,"high vol, flat"
1610150400,40582.81,25.426371412893243,139789.957499,2925632.0,-0.037124605800363995,1440,0.02875980772455833,bear,"high vol, flat"
1610236800,40088.22,15.911034983427554,75785.979675,1998156.0,-0.02337287008225243,1440,-0.012262052365310083,bear,"high vol, flat"
1610323200,38150.02,21.61603551478635,118209.544503,2628050.0,-0.061812734223119864,1440,-0.049556243592201454,bear,"high vol, flat"
1610409600,35404.47,44.85600101009054,249131.539943,4431451.0,-0.019526743037485524,1440,-0.0746881986220913,bear,"high vol, flat"
1610496000,34051.24,24.73328549647846,133948.151996,2674145.0,-0.028007341259265996,1440,-0.03897163438842277,bear,"high vol, flat"
1610582400,37371.38,21.168726015036032,124477.914938,2514289.0,0.02799019951238254,1440,0.09303872186648476,bear,"high vol, flat"
1610668800,39144.5,14.966511469462302,102950.389421,2297466.0,-0.0040937702068957185,1440,0.046354756422230636,bear,"high vol, flat"
1610755200,36742.22,20.536224076320135,118300.920916,2560801.0,-0.023878533270301393,1440,-0.06333342468810521,bear,"high vol, flat"
1610841600,35994.98,16.754363757188013,86348.431508,2066363.0,-0.017459310026498,1440,-0.020547018278435303,bear,"high vol, flat"
1610928000,35828.61,15.831639973363721,80157.727384,1860642.0,-0.01410282325725771,1440,-0.004632748030489964,bear,"high vol, flat"
1611014400,36631.27,14.151814949689586,70698.11875,1707766.0,0.0077073245460299,1440,0.02215551096647239,bear,"high vol, flat"
1611100800,35891.49,13.067812081798637,79611.307769,1939371.0,-0.027658690589396642,1440,-0.020402027184060145,bear,"high vol, flat"
1611187200,35468.23,15.993497523767953,89368.422918,2234539.0,-0.04783741980008599,1440,-0.01186285382495278,bear,"high vol, flat"
1611273600,30850.13,23.286939619106743,135004.076658,2881505.0,-0.06289925439445472,1440,-0.1394964019344247,bear,"high vol, flat"
1611360000,32945.17,21.736165938736974,142971.684049,2707810.0,-0.018684169223917704,1440,0.06570370018688365,bear,"high vol, flat"
1611446400,32078.0,14.218066176530199,64595.287675,1700056.0,0.011862546148185462,1440,-0.026674227552627272,bear,"high vol, flat"
1611532800,32259.9,11.822345273219307,57978.037966,1528287.0,-0.04011518246553841,1440,0.005654535963060425,bear,"high vol, flat"
1611619200,32254.2,14.96017466298139,88499.226921,2106548.0,0.005421757451376633,1440,-0.00017670555785009867,bear,"high vol, flat"
1611705600,32467.77,16.640457499059178,84972.20691,2010392.0,-0.001972186931398457,1440,0.006599637655449797,bear,"high vol, flat"
1611792000,30366.15,18.639019148978388,95911.961711,2065953.0,-0.02693301637165592,1440,-0.0669194037928218,bull,"high vol, flat"
1611878400,33364.86,14.791234100765475,92621.145617,2060660.0,-0.005242657729671569,1440,0.09417474914995339,bull,"high vol, flat"
1611964800,34252.2,31.81073995824206,231827.005626,4403349.0,0.0053811248807335,1440,0.026247545889010127,bull,"high vol, flat"
1612051200,34262.88,16.917291554426857,84889.68134,2201040.0,-0.0006213610555178095,1440,0.00031175618816980943,bull,"high vol, flat"
1612137600,33092.98,13.054605415445753,68742.280384,1707064.0,-0.05500814996064818,1440,-0.03474137711240388,bull,"high vol, flat"
1612224000,33526.37,14.151144397170516,82718.276882,1810492.0,0.012009511409638183,1440,0.013011118061134752,bull,"high vol, flat"
1612310400,35466.24,11.81800005905885,78056.65988,1789672.0,0.004822987975385507,1440,0.05624896473299401,bull,"high vol, flat"
1612396800,37618.87,10.899510703431678,80784.333663,1881740.0,-0.013098870721819795,1440,0.058924528115626984,bull,"mid vol, flat"
1612483200,36936.66,13.792888810613178,92077.456002,2211797.0,-0.011359666800278232,1440,-0.018301232416527924,bull,"mid vol, flat"
1612569600,38290.24,10.52991931495809,66681.334275,1853253.0,-0.017524607533807447,1440,0.0359904796336572,bull,"mid vol, flat"
1612656000,39186.94,11.88534675900695,98757.311183,2291646.0,0.05340076069130374,1440,0.023148494595259805,bull,"mid vol, flat"
1612742400,38795.69,12.987710910085799,84363.679763,1976357.0,-0.03360334510021349,1440,-0.010034370035013396,bull,"mid vol, flat"
1612828800,46374.87,20.719206885681075,138589.688723,3230728.0,0.04398970088738087,1440,0.17844855970428242,bull,"high vol, flat"
1612915200,46420.42,17.608449671126905,115499.861712,3119034.0,-0.005547478659305003,1440,0.000981730940404546,bull,"high vol, flat"
1613001600,44807.58,14.944809158003352,97154.1822,2891592.0,-0.012456599506016883,1440,-0.035362127092163576,bull,"high vol, flat"
1613088000,47969.51,15.161050840562691,89561.081454,2570949.0,0.030321116961888963,1361,0.06818827920686132,bull,"high vol, flat"
1613174400,47287.6,13.553343490892543,85870.035697,2418841.0,-0.02547987093798822,1440,-0.01431749606359567,bull,"high vol, flat"
1613260800,47153.69,10.665936494636638,63768.097399,2058823.0,-0.027842726275660208,1440,-0.0028358377938655366,bull,"mid vol, flat"
1613347200,48577.79,9.71591615799696,73735.475533,2090070.0,0.051112952100149794,1440,0.02975416368042083,bull,"mid vol, flat"
1613433600,47911.1,13.476173626657312,79398.156784,2313155.0,-0.03835640001423445,1440,-0.013819220219636108,bull,"mid vol, flat"
1613520000,49133.45,14.290346086765718,88813.266298,2199849.0,0.02706736817823958,1440,0.025192855227892608,bull,"mid vol, flat"
1613606400,52119.71,11.43846408629829,85743.637818,2514374.0,0.05093386255980829,1440,0.0590031225827925,bull,"mid vol, flat"
1613692800,51552.6,8.47314613941496,60758.046954,1891592.0,-0.04890429921570052,1440,-0.010940542497738903,bull,"mid vol, flat"
1613779200,55906.0,11.125957179401261,79659.77802,2339215.0,0.01823081243881179,1440,0.0810690632665132,bull,"mid vol, flat"
1613865600,55841.19,13.504606563943607,80948.205314,2642846.0,-0.0454126530877422,1440,-0.001159939811758548,bull,"mid vol, flat"
1613952000,57408.57,9.771083326814097,58166.708511,1950533.0,0.014535284540642592,1440,0.027681826201510162,bear,"mid vol, flat"
1614038400,54087.67,25.19857223336398,134019.434944,3313083.0,-0.049724959583545565,1440,-0.059587346715506584,bear,"high vol, flat"
1614124800,48891.0,35.368435359235164,169375.025051,3825196.0,-0.026253806106662256,1440,-0.10101291813933777,bear,"high vol, flat"
1614211200,49676.2,18.8484291495532,91881.209252,2194532.0,-0.0041333760525331656,1440,0.015932614704777137,bear,"high vol, flat"
1614297600,47073.73,17.092980814744553,83310.673121,2305679.0,-0.025078942766018096,1440,-0.05381084921367574,bear,"high vol, flat"
1614384000,46276.87,23.330744257465874,109423.200663,2371766.0,-0.019825698808438742,1440,-0.01707282772111718,bear,"high vol, flat"
1614470400,46106.43,14.38325066082421,66060.834292,1757720.0,-0.03158898945744482,1440,-0.003689848563064757,bear,"high vol, flat"
1614556800,45135.66,17.927639036512705,83055.369042,1838345.0,-0.02021573513388336,1440,-0.021279798227402225,bull,"high vol, flat"
1614643200,49587.03,13.327781528724936,85086.111648,2147223.0,0.001737969583235327,1440,0.09405668615894136,bull,"high vol, flat"
1614729600,48440.65,12.842184691830495,64221.06214,1855583.0,-0.022842754964127094,1440,-0.023389970343295374,bull,"high vol, flat"
1614816000,50349.37,12.00706018459094,81035.913705,2242131.0,0.010795498600591723,1440,0.038646769416057936,bull,"high vol, flat"
1614902400,48374.09,16.159240408923658,82649.716829,2291936.0,-0.025526536979733793,1440,-0.04002176686968184,bull,"high vol, flat"
1614988800,48751.71,13.954890686338558,78192.496372,2054216.0,-0.019898016947789067,1440,0.007775933948250824,bull,"high vol, flat"
1615075200,48882.2,9.727196623873184,44399.234242,1476474.0,-0.031487097285960435,1350,0.0026730482820571666,bull,"mid vol, flat"
1615161600,50971.75,10.010865919285381,55235.028032,1758101.0,0.009706990565649299,1440,0.04185823565066116,bull,"mid vol, flat"
1615248000,52375.17,11.1419399540875,66987.359664,1999401.0,0.0030378787434035986,1440,0.02716106637595317,bull,"mid vol, flat"
1615334400,54884.5,9.800039174947575,71656.737076,2194398.0,-0.022798343472817298,1440,0.046798353080177435,bull,"mid vol, flat"
1615420800,55851.59,12.639759379060768,84749.238943,2647284.0,0.006543254829379225,1440,0.01746701708306908,bull,"mid vol, flat"
1615507200,57773.16,12.499536226172317,81914.812859,2509970.0,-0.00864206970988907,1440,0.03382631374464218,bull,"mid vol, flat"
1615593600,57221.72,11.772812353436843,73405.406047,2489931.0,-0.024514858236024107,1440,-0.009590761378339252,bull,"mid vol, flat"
1615680000,61188.39,11.386106668071436,83245.091346,2559002.0,0.06642280524406782,1440,0.0670239190495181,bear,"mid vol, flat"
1615766400,58968.31,8.926831783353098,52601.05275,1829769.0,-0.03708136145621164,1440,-0.036957284677731295,bear,"mid vol, flat"
1615852800,55605.2,15.20021685753661,102771.427298,2683815.0,-0.03036399012880808,1440,-0.058723458898573,bear,"mid vol, flat"
1615939200,56900.75,13.685500130915914,77986.694355,2241208.0,-0.02994987014538389,1440,0.02303180000156324,bear,"mid vol, flat"
1616025600,58912.97,11.695023747325017,70421.620841,2204296.0,-0.012270795256914728,1440,0.03475274808665141,bear,"mid vol, flat"
1616112000,57648.16,10.50582947110763,66580.406675,2040947.0,-0.030123679820554437,1440,-0.02170294068462475,bear,"mid vol, flat"
1616198400,58030.01,10.181235397886308,52392.652961,1885830.0,-0.024576547325413783,1440,0.006601961060384909,bear,"mid vol, flat"
1616284800,58102.28,8.32777555810184,44476.941776,1724131.0,-0.0011702317632837644,1440,0.0012446152457563642,bear,"mid vol, flat"
1616371200,57351.56,10.475277570554832,48564.470274,1773546.0,-0.026080525842327493,1440,-0.01300486117254529,bear,"mid vol, flat"
1616457600,54083.25,11.287481838572253,62581.626169,1927345.0,-0.01731351802962133,1440,-0.058675518517517844,bear,"mid vol, flat"
1616544000,54340.89,11.200601339947376,59789.365427,1740349.0,-0.011081334318708167,1440,0.004752456139707206,bear,"mid vol, flat"
1616630400,52303.65,13.362137987509119,83537.465021,2401988.0,-0.05855103318936514,1440,-0.03821082391191766,bear,"mid vol, flat"
1616716800,51293.78,14.444808165032295,87400.53453799999,2099425.0,-0.01722803046868474,1440,-0.019496661048352237,bull,"mid vol, flat"
1616803200,55025.59,9.616340516523763,63813.774692,1773150.0,-0.0026433825112863684,1440,0.07022885249165967,bull,"mid vol, flat"
1616889600,55817.14,8.646037758861835,50105.475055,1528776.0,-0.012485224664835846,1440,0.014282640925522117,bull,"mid vol, flat"
1616976000,55777.63,7.660408116663356,39050.387511,1551283.0,-0.013442520662621745,1440,-0.0007080977298628,bull,"mid vol, flat"
1617062400,57635.47,8.879975021970166,67857.937398,1983437.0,0.013110798060098901,1440,0.032765283837184356,bull,"mid vol, flat"
1617148800,58746.57,7.2982478975182135,55122.443122,1612744.0,-0.0007145866505375916,1440,0.01909459155439741,bull,"mid vol, flat"
1617235200,58740.55,10.989348591374409,60975.542666,1928224.0,0.019254993997038554,1440,-0.0001024793186736872,bull,"mid vol, flat"
1617321600,58720.44,7.807742952041001,47390.744658999996,1593790.0,-0.03104722324131222,1440,-0.00034241155632130926,bull,"mid vol, flat"
1617408000,58950.01,6.637317564081356,47382.418781,1666356.0,0.00018934295105253325,1440,0.0039019191524527486,bull,"mid vol, flat"
1617494400,57051.94,7.772178917769979,47409.852113,1606805.0,-0.027292177075684328,1440,-0.03272771563018573,bull,"mid vol, flat"
1617580800,58202.01,7.117210314187261,41314.081973,1499113.0,-0.002319152367045548,1440,0.019957809235044977,bull,"mid vol, flat"
1617667200,59129.99,6.616774316768518,54258.01579,2035877.0,0.005178397807385072,1440,0.015818350490324207,bull,"mid vol, flat"
1617753600,57991.15,7.218584348091503,54201.000727,1960513.0,-0.014807936610664518,1440,-0.019447828016769364,bull,"mid vol, flat"
1617840000,55953.45,10.328481012777486,71228.405659,2206433.0,-0.024614356207739635,1440,-0.03577031764177363,bull,"mid vol, flat"
1617926400,58077.52,6.804864877127466,44283.147019000004,1661080.0,0.0009085623698499656,1440,0.037258574825072444,bull,"mid vol, flat"
1618012800,58142.54,5.928055347525207,40831.884911,1615962.0,-0.0030225398427971284,1440,0.0011189119465875308,bull,"mid vol, flat"
1618099200,59769.13,8.244354419574549,69906.424117,2470398.0,0.03048147637238117,1440,0.027591725106052678,bull,"mid vol, flat"
1618185600,60002.43,7.001259550157867,41156.715391,1746102.0,0.010676317651337334,1440,0.0038957544689939283,bull,"mid vol, flat"
1618272000,59860.0,7.207471563834404,56375.037117,1806298.0,-0.019239629212996517,1440,-0.002376558977443821,bull,"mid vol, flat"
1618358400,63575.0,8.285395738092147,82848.688746,2703735.0,0.005749968010483402,1440,0.06021180888363098,bear,"mid vol, flat"
1618444800,62959.53,11.467794519181595,82616.343993,2645625.0,-0.02996488127348945,1440,-0.009728172284079406,bear,"mid vol, flat"
1618531200,63159.98,7.134519882692046,51649.70034,1938028.0,-0.007615989626475447,1440,0.003178733707175141,bear,"mid vol, flat"
1618617600,61334.8,9.33324615526463,91764.139884,2639940.0,-0.05039107428942688,1440,-0.029323491032837268,bear,"mid vol, flat"
1618704000,60006.66,7.859505516338917,58912.256128,2268816.0,-0.036320250770077576,1440,-0.02189182563638603,bear,"mid vol, flat"
1618790400,56150.01,25.232508529164967,124882.131824,3444089.0,-0.048629040178131404,1440,-0.06642869678323038,bear,"high vol, flat"
1618876800,55633.14,12.25199934146249,78229.042267,2390527.0,-0.019229077404090276,1440,-0.009247792419996514,bear,"high vol, flat"
1618963200,56425.0,12.710663983005055,72744.482151,2148820.0,-0.023442364926871143,1290,0.014133255844770432,bear,"mid vol, flat"
1619049600,53787.63,10.808642988084166,66984.756909,2134946.0,-0.03891777836174761,1440,-0.047868807623373755,bear,"mid vol, flat"
1619136000,51690.96,16.642097065578675,104199.478711,2735467.0,-0.03411785036717947,1440,-0.03976060378704993,bear,"mid vol, flat"
1619222400,51125.14,18.733670714014444,126439.334755,2760480.0,-0.03187727495411092,1440,-0.011006558547652645,bear,"high vol, flat"
1619308800,50047.84,11.76768048986666,55361.512573,1164985.0,-0.03246021424415394,1440,-0.021297004758734417,bear,"high vol, flat"
1619395200,49066.77,12.430154605626976,58255.645004,1475479.0,-0.04670761461508437,1156,-0.019797324384079218,bear,"mid vol, flat"
1619481600,54001.39,12.858979747043499,86310.802124,2174544.0,0.0006612309536645696,1440,0.09582776337101784,bear,"high vol, flat"
1619568000,55011.97,8.385317158572539,54064.034675,1568666.0,-0.05182531111196623,1440,0.01854101094302152,bear,"mid vol, flat"
1619654400,54846.22,9.801873670826673,55130.459015,1830042.0,-0.02913801553081445,1440,-0.003017528793609614,bear,"mid vol, flat"
1619740800,53555.0,9.120223161819467,52486.019455,1763676.0,-0.03441929240888372,1440,-0.023824105906546933,bear,"mid vol, flat"
1619827200,57694.27,8.360287721276364,68578.910045,2267648.0,0.03921538162731536,1440,0.07444869860711911,bear,"mid vol, flat"
1619913600,57800.37,7.25737075192526,42600.351836,1743013.0,-0.034054446066195135,1440,0.001837315218214286,bear,"mid vol, flat"
1620000000,56578.21,7.607488672261374,36812.878863,1371638.0,-0.012688363568041124,1440,-0.021371248289668188,bear,"mid vol, flat"
1620086400,57169.39,8.713824356279046,57649.931286,2102128.0,-0.010022912553589152,1440,0.01039468653491582,bear,"mid vol, flat"
1620172800,53200.01,13.954337405876231,85324.625903,2492629.0,-0.038268546465261344,1440,-0.07196003096966841,bear,"mid vol, flat"
1620259200,57436.11,11.009818654043269,77263.923439,2378119.0,0.0025241611391112126,1440,0.07661461528794256,bear,"mid vol, flat"
1620345600,56393.68,10.580317526462867,70181.671908,2459881.0,-0.023993053687968145,1440,-0.018316104117849008,bear,"mid vol, flat"
1620432000,57314.75,10.438218632963435,74542.747829,2361692.0,-0.01056498076521956,1440,0.016200912209964002,bear,"mid vol, flat"
1620518400,58862.05,9.244465535007276,69709.906028,2311378.0,-0.015069704950944004,1440,0.02663856290765665,bear,"mid vol, flat"
1620604800,58240.84,9.31927846100971,69806.11991,2170139.0,-0.01724804354621519,1440,-0.010609743743877686,bear,"mid vol, flat"
1620691200,55816.14,12.85100081036446,89586.34925,2575419.0,-0.03873799101150443,1440,-0.042523751986188074,bear,"mid vol, flat"
1620777600,56670.02,10.843961479307993,64329.54055,1911480.0,-0.039917646699250346,1440,0.015182248226727424,bear,"mid vol, flat"
1620864000,49631.32,17.13550530031496,99842.789836,2676826.0,-0.032482444043552015,1440,-0.13262323703977863,bear,"high vol, flat"
1620950400,49670.97,24.297006752718666,147332.002121,3570506.0,-0.026117851842125568,1440,0.0007985717571479256,bear,"high vol, flat"
1621036800,49841.45,11.16311701162569,80082.204306,2095860.0,-0.07135101524137114,1440,0.003426309334663813,bear,"high vol, flat"
1621123200,46762.99,15.46394845552799,89437.449359,2286791.0,-0.055028541939347524,1440,-0.0637548890528592,bear,"high vol, flat"
1621209600,46431.5,19.6021620501864,114269.812775,2661295.0,-0.058411148656929215,1440,-0.007113969892818872,bear,"high vol, flat"
1621296000,43538.04,23.11721013071669,166657.172736,3216821.0,-0.03262313577473517,1440,-0.06434306949225999,bear,"high vol, flat"
1621382400,42849.78,17.75060006898779,116979.860784,2561165.0,-0.04764803041005475,1440,-0.015934527874399862,bear,"high vol, flat"
1621468800,36690.09,56.4754712785849,354347.243161,6331062.0,-0.05024604787713958,1440,-0.15519381949293098,bear,"high vol, flat"
1621555200,40526.64,31.4453958468134,203017.596923,4269898.0,-0.013217298094695337,1440,0.09945284430064305,bear,"high vol, flat"
1621641600,37252.01,34.41014369658313,202100.888258,3993336.0,-0.06974746900669308,1440,-0.08425363254795037,bear,"high vol, flat"
1621728000,37449.73,23.090574047413227,126542.243689,2716691.0,0.000621613247140848,1440,0.005293597223083424,bear,"high vol, flat"
1621814400,34655.25,33.39673433214501,217136.046593,4082004.0,-0.03620185546499408,1440,-0.07755027101425505,bear,"high vol, flat"
1621900800,38796.29,22.896460976535923,161630.893971,3510578.0,0.009520188988598159,1440,0.1128753941906151,bear,"high vol, flat"
1621987200,38324.72,18.598411377403572,111996.228404,2508310.0,-0.032939991181598,1440,-0.012229504705665306,bear,"high vol, flat"
1622073600,39241.91,14.889118223417574,104780.773396,2432319.0,-0.03636754420201167,1440,0.02365018953907594,bear,"high vol, flat"
1622160000,38529.98,14.708986526024404,86547.158794,2102182.0,-0.023514731394522644,1440,-0.01830866877230619,bear,"high vol, flat"
1622246400,35663.49,19.37989313573352,135377.62972,2659178.0,-0.04966157280124668,1440,-0.07730916315520986,bear,"high vol, flat"
1622332800,34605.15,19.244860649327222,112663.092689,2169643.0,-0.036344585323102724,1440,-0.030124961488521507,bear,"high vol, flat"
1622419200,35641.27,12.778577460772796,73535.386967,1559892.0,0.017382662847393916,1440,0.02950172116854155,bear,"high vol, flat"
1622505600,37253.81,13.061603069441688,94160.735289,1896359.0,-0.015769527249788536,1440,0.044249985387631696,bear,"high vol, flat"
1622592000,36693.09,13.570219923212345,81234.66377,1760417.0,-0.00801374730673056,1440,-0.015165767520091578,bear,"high vol, flat"
1622678400,37568.68,10.062493970684214,67587.372495,1530915.0,0.01582573844069954,1440,0.023582270598655697,bear,"mid vol, flat"
1622764800,39246.79,9.226923152715921,75889.106011,1949658.0,0.018968331064426518,1440,0.043698932891587106,bear,"mid vol, flat"
1622851200,36829.0,13.33061871267836,91317.799245,1926311.0,-0.05591304025298849,1440,-0.06358407913456254,bear,"mid vol, flat"
1622937600,35513.2,13.750223517426395,70459.62149,1463754.0,-0.02361739581919515,1440,-0.03638111995464044,bear,"mid vol, flat"
1623024000,35796.31,9.470901392747214,47650.206637,993430.0,-0.006876892843221372,1440,0.007940357113332297,bear,"mid vol, flat"
1623110400,33552.79,13.798799484227727,77574.952573,1532260.0,-0.06073908194228092,1440,-0.06472479604498638,bear,"mid vol, flat"
1623196800,33380.81,15.838926592321036,123251.189037,2074885.0,-0.024820925939153644,1440,-0.00513883545678695,bull,"mid vol, flat"
1623283200,37388.05,16.292726084396627,136607.597517,2601479.0,0.007122451684130744,1440,0.11336995068009159,bull,"high vol, flat"
1623369600,36675.72,14.584093904575646,109527.284943,2231430.0,-0.020528555055209622,1440,-0.01923617890874496,bull,"high vol, flat"
1623456000,37331.98,12.05890249098575,78466.0053,1727645.0,0.0044278174563831965,1440,0.01773537623175514,bull,"high vol, flat"
1623542400,35546.11,11.837607721237076,87717.54999,1719650.0,-0.029357173841421405,1440,-0.04901960505525693,bull,"mid vol, flat"
1623628800,39020.57,11.373279626345095,86921.025555,1894103.0,0.05096030159235961,1440,0.09325821606697815,bull,"high vol, flat"
1623715200,40516.29,11.466666356713661,108522.391949,2185089.0,-0.011339359913650851,1440,0.037615172483382864,bear,"mid vol, flat"
1623801600,40144.04,10.321505750120778,80679.622838,1931890.0,-0.022582695876731916,1440,-0.009230129428557277,bear,"mid vol, flat"
1623888000,38349.01,13.245819811990971,87771.976937,2134897.0,-0.03984748386732116,1440,-0.04574527341953072,bear,"mid vol, flat"
1623974400,38092.97,9.52074907630903,79541.307119,1620210.0,-0.04611040358581065,1440,-0.0066989619448758475,bear,"mid vol, flat"
1624060800,35819.84,10.911639428029089,95228.042935,1809253.0,-0.0585874667697224,1440,-0.061527820827823376,bear,"mid vol, flat"
1624147200,35483.72,10.921314402169427,68712.449461,1212278.0,-0.01653066918600677,1440,-0.009427930097443138,bear,"mid vol, flat"
1624233600,35600.16,12.74734895632502,89878.17085,1691871.0,-0.016578397868006783,1440,0.003276132483096106,bear,"mid vol, flat"
1624320000,31608.93,23.01347659108487,168778.873159,2688993.0,-0.03663926379680455,1440,-0.11891045662276056,bear,"high vol, flat"
1624406400,32509.56,23.685202669856437,204208.17976199999,3113977.0,-0.028940149395032727,1440,0.02809452431993975,bear,"high vol, flat"
1624492800,33678.07,16.70717607691394,126966.100563,2026228.0,-0.002252839834661804,1440,0.03531268376709562,bear,"high vol, flat"
1624579200,34663.09,12.0813746289425,86625.80426,1531230.0,0.015741410398998713,1440,0.02882854837944926,bear,"high vol, flat"
1624665600,31584.45,15.713940813529298,116061.130356,2094932.0,-0.04091652250356093,1440,-0.09301052120369313,bear,"high vol, flat"
1624752000,32283.65,17.375288218764357,107820.375287,1814051.0,-0.017288539109961303,1440,0.021895999249812448,bear,"high vol, flat"
1624838400,34700.34,13.902096822105227,96613.244211,1799875.0,0.009644786867574263,1440,0.07218857505595366,bear,"high vol, flat"
1624924800,34494.89,11.258614223454313,82222.267819,1868627.0,-0.013593439936008816,1440,-0.005938288050668206,bear,"high vol, flat"
1625011200,35911.73,11.05337016671441,90788.79622,1673802.0,-0.00039234975551040376,1440,0.040252785948073466,bear,"mid vol, flat"
1625097600,35045.0,10.760532663730217,77152.197634,1301036.0,-0.03992962456642173,1440,-0.02443103312082151,bear,"mid vol, flat"
1625184000,33504.69,11.193244391248014,71708.266112,1240681.0,-0.024211380000296285,1440,-0.0449475209203527,bear,"mid vol, flat"
1625270400,33786.55,9.918989100023436,56172.181378,1176457.0,-0.028997723215320043,1440,0.008377365268202652,bear,"mid vol, flat"
1625356800,34669.13,7.235652645397563,43044.578641,1078278.0,-0.008847305816980611,1440,0.02578687134095503,bear,"mid vol, flat"
1625443200,35286.51,6.1376911709691155,43703.475789,1164970.0,-0.030725374281053736,1440,0.017651072284596836,bear,"mid vol, flat"
1625529600,33690.14,9.289598644355973,64123.874245,1109367.0,-0.01784301891411712,1440,-0.04629552498009559,bear,"mid vol, flat"
1625616000,34220.01,9.975168716161425,58210.596349,1184687.0,-0.04478028961207812,1440,0.015605347745179188,bear,"mid vol, flat"
1625702400,33862.12,7.542395414331215,53807.521675,1041416.0,0.014539346073682477,1440,-0.010513575195608027,bear,"mid vol, flat"
1625788800,32875.71,10.168174102154971,70136.48032,1257892.0,0.0010384058291450075,1440,-0.029562898272272875,bear,"mid vol, flat"
1625875200,33815.81,7.79797585653343,47153.939899,1236351.0,0.0035245687498432214,1440,0.028194357383748425,bear,"mid vol, flat"
1625961600,33502.87,6.635666579360025,34761.175468,865508.0,-0.02116318174214863,1440,-0.009297337803435113,bear,"mid vol, flat"
1626048000,34258.99,6.408093412483005,31572.647448,952891.0,0.04106173136526523,1440,0.02231790521454613,bear,"mid vol, flat"
1626134400,33086.63,7.264899206084049,48181.403762,1176847.0,-0.06175804185154948,1440,-0.03481973872786526,bear,"mid vol, flat"
1626220800,32729.77,7.112933882144612,41126.361008,956053.0,-0.047410078261500475,1440,-0.010844211993665809,bear,"mid vol, flat"
1626307200,32820.02,8.889154109984005,46777.823484,1123129.0,-0.0373008386462618,1440,0.002753633750060658,bear,"mid vol, flat"
1626393600,31880.0,8.64868888771831,51639.576353,1099367.0,-0.036924485320438225,1440,-0.029059841124267294,bear,"mid vol, flat"
1626480000,31383.87,8.205534441397077,48499.864154,1067591.0,-0.011801579818503315,1440,-0.015684787261424304,bear,"mid vol, flat"
1626566400,31520.07,7.265797203425944,34012.242132,883442.0,-0.020996543339555775,1440,0.004330419138804942,bear,"mid vol, flat"
1626652800,31778.56,6.408451149089637,35923.716186,760979.0,-0.022696729808753816,1440,0.008167362765901132,bear,"mid vol, flat"
1626739200,30839.65,7.275782484026093,47340.468499,846029.0,-0.04058786213830123,1440,-0.02999064883210245,bear,"mid vol, flat"
1626825600,29790.35,9.221712352500987,61034.049017,1062139.0,-0.06855843556822692,1440,-0.034616684167989575,bull,"mid vol, flat"
1626912000,32144.51,11.648877787575138,82796.265128,1415058.0,0.02866167098638214,1440,0.0760571584840477,bull,"mid vol, flat"
1626998400,32287.83,7.690172083050882,46148.092433,1000742.0,0.008687968578161554,1440,0.004448704994112873,bull,"mid vol, flat"
1627084800,33634.09,6.608369372276057,50112.863626,1394786.0,-0.0014948151548284864,1440,0.04084975691732318,bull,"mid vol, flat"
1627171200,34258.14,6.56987031232186,47977.550138,1196914.0,-0.0021325496967999546,1440,0.01838406474345433,bull,"mid vol, flat"
1627257600,35381.02,7.547729137342005,47852.928313,1245775.0,0.02949391681462855,1440,0.03225131745929666,bull,"mid vol, flat"
1627344000,37237.6,22.45889438890313,152452.512724,3330102.0,0.012660856758027887,1440,0.05114348533727764,bull,"high vol, flat"
1627430400,39457.87,12.343774089884045,88397.267015,1938478.0,0.02123753286039305,1440,0.057914516924229886,bull,"high vol, flat"
1627516800,40019.56,13.622365684196383,101344.528441,2631048.0,-0.0326239209936708,1440,0.014134814167451992,bull,"high vol, flat"
1627603200,40016.48,9.404468169336727,53998.439283,1428738.0,-0.01104822292869162,1440,-7.696532715684157e-05,bull,"mid vol, flat"
1627689600,42206.37,12.049418095328374,73602.784805,1797012.0,0.025244546438326812,1440,0.05327978825254043,bull,"mid vol, flat"
1627776000,41461.83,8.176543048909028,44849.791012,1565380.0,0.018700178285682514,1440,-0.01779791255515306,bull,"mid vol, flat"
1627862400,39845.44,9.861913903818254,53953.186326,1603964.0,-0.04373566969228051,1440,-0.03976527538307373,bull,"mid vol, flat"
1627948800,39147.82,9.1648255706002,50837.351954,1162878.0,-0.03385977439496743,1440,-0.01766323196259023,bull,"mid vol, flat"
1628035200,38207.05,10.57490737572462,57117.435853,1379871.0,-0.030647430698835583,1440,-0.024324684058786517,bull,"mid vol, flat"
1628121600,39723.18,8.180914513374704,52329.35243,1220555.0,0.024442685579015824,1440,0.038914842837089125,bull,"mid vol, flat"
1628208000,40862.46,11.676559877625692,84343.755621,1913281.0,-0.01182657153046725,1440,0.028276896761955328,bull,"mid vol, flat"
1628294400,42836.87,11.743547908800714,75753.941347,2223356.0,0.01058780777261524,1440,0.04718738719476967,bull,"mid vol, flat"
1628380800,44572.54,11.225453580586088,73396.740808,2258213.0,0.017909608349485795,1440,0.039718793988718915,bull,"mid vol, flat"
1628467200,43794.37,11.284397817916602,69329.092698,1857112.0,-0.016310488627418827,1440,-0.017612704032917037,bull,"mid vol, flat"
1628553600,46253.4,12.363197876021015,74587.884845,2130595.0,0.03139016503639283,1440,0.054629704462167084,bull,"mid vol, flat"
1628640000,45584.99,9.186321684914983,53814.643421,1951330.0,-0.011705081608962121,1440,-0.014556479103525533,bull,"mid vol, flat"
1628726400,45511.0,8.083631262221942,52734.901977,1862925.0,0.026431938938806344,1440,-0.0016244406865872918,bull,"mid vol, flat"
1628812800,44399.0,9.000296679800226,55266.108781,1623329.0,-0.03141043831905899,1440,-0.024737108317827605,bull,"mid vol, flat"
1628899200,47800.0,9.42018061644686,48239.370431,1804716.0,0.051754532007648436,1170,0.07380869283539049,bull,"mid vol, flat"
1628985600,47068.51,8.133711225266733,46114.359022,1849556.0,-0.0025003488380916285,1440,-0.015421439567331774,bull,"mid vol, flat"
1629072000,46973.82,8.396460132279092,42110.711334,1580122.0,0.003541336949100467,1440,-0.0020137746906012666,bull,"mid vol, flat"
1629158400,45901.29,9.265119700856285,52480.574014,1655378.0,-0.014954659943136973,1440,-0.023097203992740845,bull,"mid vol, flat"
1629244800,44695.95,10.209265037373415,57039.341629,1781303.0,-0.042055499669028336,1440,-0.026610327758852748,bull,"mid vol, flat"
1629331200,44705.29,9.099462268153212,54099.415985,1656723.0,0.05502890215719584,1440,0.00020894564849349706,bull,"mid vol, flat"
1629417600,46760.62,9.27243885182214,53411.558701,1774372.0,0.01826256440970958,1440,0.04494955657548161,bull,"mid vol, flat"
1629504000,49322.47,7.7656271051590435,56850.352228,1950404.0,0.04575904799264802,1440,0.053338362433267505,bull,"mid vol, flat"
1629590400,48821.87,7.682473078215687,46745.136584,2069725.0,-0.010820141921953939,1440,-0.010201389940110772,bull,"mid vol, flat"
1629676800,49239.22,6.578894914608722,37007.887795,1610192.0,0.004535987298974511,1440,0.008512092205915422,bull,"mid vol, flat"
1629763200,49488.85,6.863204034371871,52462.541954,2143309.0,-0.00046874804544477403,1440,0.005056931265299269,bull,"mid vol, flat"
1629849600,47674.01,7.664255398700155,51014.594748,1692896.0,-0.03153505129163207,1440,-0.037361006005776076,bull,"mid vol, flat"
1629936000,48973.32,7.975655951245084,44655.830342,1559186.0,-0.023783568458273494,1440,0.026889274355854198,bull,"mid vol, flat"
1630022400,46843.87,9.206029059620562,49371.277774,1532753.0,-0.04047192764883785,1440,-0.044455503018914655,bull,"mid vol, flat"
1630108800,49069.9,8.320699098597851,42068.104965,1320503.0,0.03294649512149718,1440,0.046425655187308124,bull,"mid vol, flat"
1630195200,48895.35,5.127767949471371,26681.063786,793012.0,0.04161991354267822,1440,-0.003563512259949775,bull,"low vol, flat"
1630281600,48767.83,6.8295773947067095,32652.283473,1193046.0,-0.01035753843309777,1440,-0.0026114257690359466,bull,"low vol, flat"
1630368000,46982.91,7.10486142741279,40288.35083,1204012.0,-0.025135546358624725,1440,-0.03728695560163331,bull,"mid vol, flat"
1630454400,47100.89,7.435173457113652,48645.52737,1300400.0,0.004253162442383031,1440,0.00250797824579152,bull,"mid vol, flat"
1630540800,48810.52,7.494627476056705,49904.65528,1280384.0,0.006013106358842324,1440,0.035653966587030794,bull,"mid vol, flat"
1630627200,49246.64,7.163558066302788,54410.770538,1549849.0,0.04213952291667515,1440,0.008895278543619156,bull,"mid vol, flat"
1630713600,49999.14,8.302803981224152,59025.644157,1645163.0,0.0038160127215365377,1440,0.015164663339700013,bull,"mid vol, flat"
1630800000,49915.64,6.054397197551348,34664.65959,1225830.0,-0.034191937956947915,1440,-0.0016714247769797907,bull,"low vol, flat"
1630886400,51756.88,6.085237782629633,40544.835872999996,1417660.0,0.06337763613223052,1440,0.03622298966548598,bull,"mid vol, flat"
1630972800,52663.9,5.597509582850265,49249.667081,1678015.0,-0.0001819714026749271,1440,0.01737284116472182,bear,"low vol, flat"
1631059200,46863.73,24.874316316370845,123048.802719,3321711.0,-0.05833131739925258,1440,-0.11668618261666985,bear,"high vol, flat"
1631145600,46048.31,12.197191140015741,65069.3152,1796101.0,-0.02268073661854059,1440,-0.017552965928857134,bear,"high vol, flat"
1631232000,46395.14,9.416294153299383,50651.66002,1567586.0,-0.045109754726652816,1440,0.007503649579211569,bear,"mid vol, flat"
1631318400,44850.91,9.45598240191644,49048.26618,1569941.0,-0.006749885893724,1440,-0.03385083421309609,bear,"mid vol, flat"
1631404800,45173.69,6.904348203579682,30440.4081,1060890.0,-0.02732298782814284,1440,0.007170959564000157,bear,"mid vol, flat"
1631491200,46025.24,6.912681767828003,32094.28052,1179808.0,-0.019423349889757878,1440,0.01867510394481009,bear,"mid vol, flat"
1631577600,44940.73,14.059960265855256,65429.15056,1703512.0,-0.02058762964933714,1440,-0.02384543115686988,bear,"mid vol, flat"
1631664000,47111.52,8.335060639984901,44855.85099,1210258.0,-0.01094434726273379,1440,0.047173046597375645,bear,"mid vol, flat"
1631750400,48121.41,6.010323339498261,43204.71174,1176050.0,-0.03234927357948396,1440,0.021209635319468845,bear,"mid vol, flat"
1631836800,47737.82,7.177143663898849,40725.08895,1176129.0,-0.022332816292105345,1440,-0.008003236568180583,bear,"mid vol, flat"
1631923200,47299.98,6.828221987793876,34461.92776,1033968.0,-0.03664927071972932,1440,-0.009214083189828415,bear,"mid vol, flat"
1632009600,48292.74,5.820629405408049,30906.47038,976346.0,-0.015099124366591558,1440,0.020771366136939307,bear,"low vol, flat"
1632096000,47241.75,6.329034181772317,29847.24349,909785.0,-0.03865160648374509,1440,-0.022003203281517614,bear,"low vol, flat"
1632182400,43015.62,14.89244152911695,78003.524443,1842231.0,-0.07418637276099774,1440,-0.09371472997414365,bear,"mid vol, flat"
1632268800,40734.38,18.279590717581232,84534.018825,1820719.0,-0.07864918523232177,1440,-0.05449085222582184,bull,"high vol, flat"
1632355200,43543.61,11.644795478448652,58349.05542,1304011.0,0.0050379184013190715,1440,0.06669051131368064,bull,"high vol, flat"
1632441600,44865.26,8.685198267482136,48699.470330000004,1196095.0,0.006293758595792788,1440,0.02990081126254296,bull,"mid vol, flat"
1632528000,42810.57,13.899294807411351,84113.426292,1819744.0,-0.002471343008646139,1440,-0.04687874118217117,bull,"mid vol, flat"
1632614400,42670.64,9.424517941275818,33594.57189,949787.0,-0.01438068303361245,1440,-0.0032739387986815416,bull,"mid vol, flat"
1632700800,43160.9,10.970221931137294,49879.99765,1374145.0,-0.0071072318905771766,1440,0.011423896898211439,bull,"mid vol, flat"
1632787200,42147.35,9.507679460531902,39776.84383,1001487.0,-0.02919127809542955,1440,-0.023763181042317782,bull,"mid vol, flat"
1632873600,41026.54,10.298699953659789,43372.2624,1045389.0,-0.04500760836492587,1440,-0.026952637413387492,bull,"mid vol, flat"
1632960000,41524.28,8.81045399724751,33511.53487,884909.0,-0.024907294555082303,1320,0.01205914203844749,bull,"mid vol, flat"
1633046400,43824.1,9.434277133710253,46381.22781,1197815.0,0.0068271515212397,1440,0.05390557797621298,bull,"mid vol, flat"
1633132800,48141.61,12.199069910242889,66244.87492,1771237.0,0.031230966961572123,1440,0.09396298154418581,bull,"mid vol, flat"
1633219200,47634.9,6.77566539385062,30508.98131,996116.0,-0.004850180623746307,1440,-0.010581190057193268,bull,"mid vol, flat"
1633305600,48200.01,7.29663316100561,30825.05601,1114294.0,0.0009269819328383753,1440,0.01179354266560928,bull,"mid vol, flat"
1633392000,49224.94,10.01491180987818,46796.49372,1437692.0,-0.01563174635212821,1440,0.021041177106194908,bull,"mid vol, flat"
1633478400,51471.99,8.07988374575511,52125.66793,1641651.0,0.02396425867726996,1440,0.04463737058465789,bull,"mid vol, flat"
1633564800,55315.0,13.743618567226882,79877.545181,2443126.0,0.01815916913461976,1440,0.0720063432706084,bull,"mid vol, flat"
1633651200,53785.22,9.611335700749773,54917.37766,1703147.0,-0.03542741410642948,1440,-0.028045411251504504,bull,"mid vol, flat"
1633737600,53951.43,8.123399131269059,46160.25785,1548832.0,-0.018931245419808646,1440,0.0030854891415916796,bull,"mid vol, flat"
1633824000,54949.72,6.1589885545874665,55177.08013,1609483.0,0.003559718084705419,1440,0.018334387918285344,bull,"mid vol, flat"
1633910400,54659.0,8.746175286742417,89237.836128,2427176.0,0.0008516047822024516,1440,-0.005304699876692354,bull,"mid vol, flat"
1633996800,57471.35,7.987698217216224,52933.165751,1690409.0,0.014820429949160493,1440,0.0501726773419886,bull,"mid vol, flat"
1634083200,55996.93,9.65421264101409,53471.2855,1554412.0,-0.021626571143497093,1440,-0.025989694956715326,bull,"mid vol, flat"
1634169600,57367.0,9.092034870170817,55808.44492,1610489.0,0.0028995471963420834,1440,0.024172357303921643,bull,"mid vol, flat"
1634256000,57347.94,7.937119489200793,43053.336781,1372048.0,0.01921321873860082,1440,-0.00033230196825861924,bull,"mid vol, flat"
1634342400,61672.42,10.19190910055251,82512.908022,2649137.0,0.06440743354461628,1440,0.07269990621609956,bull,"mid vol, flat"
1634428800,60875.57,7.310614476965861,35467.88096,1360379.0,-0.025232837592110886,1440,-0.013004884546981899,bull,"mid vol, flat"
1634515200,61528.33,8.062407862794984,39099.24124,1331655.0,-0.013283001498982627,1440,0.010665774343541656,bull,"mid vol, flat"
1634601600,62009.84,9.001421963796131,51798.44844,1629184.0,-0.001549808197305142,1440,0.0077953629773119815,bull,"mid vol, flat"
1634688000,64280.59,8.793568515329016,53628.107744,1755708.0,0.023215124985260863,1440,0.035964637291378665,bull,"mid vol, flat"
1634774400,66001.41,7.426022182606784,51428.934856,1823286.0,0.07425870682901088,1440,0.026418386013748574,bull,"mid vol, flat"
1634860800,62193.15,13.892909439813653,68538.64537,2181665.0,-0.06597178753082199,1440,-0.05943124037142056,bull,"mid vol, flat"
1634947200,60688.22,9.237763005237099,52119.35886,1555280.0,-0.023752719278941587,1440,-0.024495255024330476,bull,"mid vol, flat"
1635033600,61286.75,7.432089655842208,27617.30936,981845.0,-0.03325287514540124,1440,0.009814059457966096,bull,"mid vol, flat"
1635120000,60852.22,8.104936170624715,31226.57676,1052085.0,0.004411640797478122,1440,-0.007115367573462095,bull,"mid vol, flat"
1635206400,63078.78,6.4612679745888855,36853.83806,1270453.0,0.008158482150773302,1440,0.035936119464491156,bull,"mid vol, flat"
1635292800,60328.81,7.85827486314325,40217.50083,1334460.0,-0.07009215569897459,1440,-0.04457465397637783,bull,"mid vol, flat"
1635379200,58413.44,10.716872629983671,62124.49016,1913083.0,-0.034730711100293785,1440,-0.03226376706842693,bull,"mid vol, flat"
1635465600,60575.89,15.806559477172486,61056.35301,1878275.0,-0.00264458818844863,1440,0.036350958781548925,bull,"mid vol, flat"
1635552000,62253.71,8.507291502428703,43973.90414,1417344.0,0.012549112724745235,1440,0.027321172837899255,bull,"mid vol, flat"
1635638400,61859.19,6.405963214699785,31478.12336,1197744.0,-0.009883160328271917,1440,-0.006357458874695965,bull,"mid vol, flat"
1635724800,61299.8,7.202398362923171,39267.63794,1563417.0,-0.01384024730059939,1440,-0.009084092793678167,bull,"mid vol, flat"
1635811200,60911.11,8.580104240795029,44687.66672,1472636.0,-0.00912458917479146,1440,-0.006360992003154209,bull,"mid vol, flat"
1635897600,63219.99,7.532819500044497,46368.2841,1858362.0,0.028812831139464246,1440,0.03720496031871967,bull,"mid vol, flat"
1635984000,62896.48,9.84036031559791,43336.09049,1601925.0,-0.046413853378493845,1440,-0.00513034831339354,bull,"mid vol, flat"
1636070400,61395.01,7.250344129584485,35930.93314,1346081.0,-0.006795605308902425,1440,-0.02416163880409883,bull,"mid vol, flat"
1636156800,60937.12,6.407725164619798,31604.48749,1243074.0,-0.0020939308071658536,1440,-0.007486048650989119,bull,"mid vol, flat"
1636243200,61470.61,5.906442755051836,25590.57408,965309.0,-0.0221768709926495,1440,0.00871666156843176,bull,"low vol, flat"
1636329600,63273.59,5.55108839183501,25515.6883,1068629.0,0.06343185106239128,1440,0.028908848090944517,bull,"low vol, flat"
1636416000,67525.83,7.2235266942027145,54442.094554,2349581.0,0.06091386353092364,1440,0.0650421688463716,bear,"mid vol, flat"
1636502400,66947.66,7.017893921807069,44661.378068,1847655.0,-0.003916250943571223,1440,-0.008599071276879755,bear,"mid vol, flat"
1636588800,64882.43,13.894860753552393,65171.504046,2347934.0,-0.038084396552335566,1440,-0.03133425720348271,bear,"mid vol, flat"
1636675200,64774.26,7.353040062394595,37237.98058,1327827.0,-0.001583087994617589,1440,-0.001668560644210615,bear,"mid vol, flat"
1636761600,64122.23,8.618245419273098,44490.10816,1479149.0,-0.05469074903683053,1440,-0.010117196545531115,bear,"mid vol, flat"
1636848000,64380.0,5.776980655453465,22504.97383,904149.0,-0.014079983047018747,1440,0.004011920193832452,bear,"low vol, flat"
1636934400,65519.1,6.301025292059193,25705.07347,951393.0,-0.01732752059704569,1440,0.017538677316071727,bear,"low vol, flat"
1637020800,63606.74,6.36004525739408,37829.37124,1305209.0,0.012994569666022238,1440,-0.029622263612827382,bear,"mid vol, flat"
1637107200,60058.87,13.461074150158726,77455.15609,2353681.0,-0.06073847149095588,1440,-0.05739419171453264,bear,"mid vol, flat"
1637193600,60344.87,10.991873486581378,46289.38491,1471305.0,-0.025900050569498866,1440,0.004750691928606443,bear,"mid vol, flat"
1637280000,56891.62,12.539653813564238,62146.99931,1960419.0,-0.04284340675433971,1440,-0.05892788542453076,bear,"mid vol, flat"
1637366400,58052.24,8.62062812876129,50715.88726,1560459.0,-0.050700399794208484,1440,0.020195240460608943,bear,"mid vol, flat"
1637452800,59707.51,6.764147566894233,33811.5901,1200190.0,-0.013221157558041137,1440,0.028114513307780697,bear,"mid vol, flat"
1637539200,58622.02,6.757735896397094,31902.22785,1249219.0,-0.0628163550026177,1440,-0.018347414213867097,bear,"mid vol, flat"
1637625600,56247.18,11.36534624818493,51724.32047,1624768.0,-0.0397174337204009,1440,-0.04135448742349368,bear,"mid vol, flat"
1637712000,57541.27,10.537156793172898,49917.85017,1570845.0,0.01036602915065009,1440,0.022746522987711515,bear,"mid vol, flat"
1637798400,57138.29,8.51468898705448,39612.04964,1432991.0,-0.009135009758106409,1440,-0.007027959623695068,bear,"mid vol, flat"
1637884800,58960.36,6.920278251231987,42153.51522,1604266.0,0.0017102421855863567,1440,0.03139088383840871,bear,"mid vol, flat"
1637971200,53726.53,12.073485078140692,65927.87066,2138184.0,-0.05085756337090837,1440,-0.09295843321180186,bear,"mid vol, flat"
1638057600,54721.03,7.578425400923457,29716.99957,1110145.0,-0.026621918815742683,1440,0.018341175751455552,bear,"mid vol, flat"
1638144000,57274.88,9.210487101524741,36163.7137,1253408.0,0.02426979726918924,1440,0.04561403694585309,bear,"mid vol, flat"
1638230400,57776.25,7.5023429006120255,40125.28009,1349625.0,-0.027034810163738786,1440,0.00871565839954691,bear,"mid vol, flat"
1638316800,56950.56,11.48122874451278,49161.05194,1587472.0,-0.028995437317731215,1440,-0.014394268550105949,bear,"mid vol, flat"
1638403200,57184.07,9.395737794390186,44956.63656,1442301.0,-0.04346515775022646,1440,0.004091840063050967,bear,"mid vol, flat"
1638489600,56480.34,8.861059835489048,37574.05976,1307890.0,-0.021906320617402296,1440,-0.012382750098007378,bear,"mid vol, flat"
1638576000,53601.05,11.67252960477906,58927.69027,1865063.0,-0.07387316947354028,1440,-0.05232395555977298,bear,"mid vol, flat"
1638662400,49152.47,31.521920418416673,114203.373748,3362771.0,-0.07399316421812786,1440,-0.08664155778315319,bear,"high vol, flat"
1638748800,49396.33,11.566084186030064,45580.82012,1371839.0,-0.01621325895528879,1440,0.004949030282181965,bear,"high vol, flat"
1638835200,50441.92,12.821240512006858,58571.21575,1741956.0,-0.015886996335738597,1440,0.020946445463868812,bear,"mid vol, flat"
1638921600,50588.95,8.76287297666891,38253.46877,1212350.0,-0.023403022491442348,1440,0.002910597598496878,bear,"mid vol, flat"
1639008000,50471.19,9.004144413526783,38425.92466,1118225.0,-0.05653051785273546,1440,-0.002330494560926155,bear,"mid vol, flat"
1639094400,47545.59,9.770167778099674,37692.68665,1130599.0,-0.03975751221755911,1440,-0.0597136382267216,bear,"mid vol, flat"
1639180800,47140.54,11.72503344999095,44233.57391,1215231.0,-0.04398584961637346,1440,-0.008555687528783551,bear,"mid vol, flat"
1639267200,49389.99,10.360895788680798,28889.19358,957390.0,0.0005310823217517263,1440,0.046614419400292206,bear,"mid vol, flat"
1639353600,50053.9,7.359127809294759,26017.93421,863605.0,0.019758866551457928,1440,0.013352652721007274,bear,"mid vol, flat"
1639440000,46702.75,11.607245527482117,50869.52093,1399599.0,-0.07657778683153801,1440,-0.06929737535264024,bear,"mid vol, flat"
1639526400,48343.28,9.738117977518863,39955.98445,1194992.0,0.0016424906282091543,1440,0.03452417623267223,bear,"mid vol, flat"
1639612800,48864.98,11.855944042540326,51629.181,1438176.0,0.0018043443300021318,1440,0.010733758816394712,bear,"mid vol, flat"
1639699200,47632.38,7.9015393281249064,31949.86739,1023983.0,-0.04338104421784892,1440,-0.02554820242818323,bear,"mid vol, flat"
1639785600,46131.2,11.035635409698484,43104.4887,1261780.0,-0.0791320106761875,1440,-0.03202327139996619,bear,"mid vol, flat"
1639872000,46834.48,7.708158251690421,25020.05271,862066.0,0.010033609157812247,1440,0.015130173120065038,bear,"mid vol, flat"
1639958400,46681.23,8.602096397988078,29305.70665,874827.0,-0.0004145980898911094,1440,-0.0032775271061211697,bear,"mid vol, flat"
1640044800,46914.16,8.870453773010924,35848.50609,1076488.0,-0.0143897519384748,1440,0.004977392174810191,bear,"mid vol, flat"
1640131200,48889.88,7.37078272913829,37713.92924,1119412.0,0.02647856906251119,1440,0.041250873237455465,bear,"mid vol, flat"
1640217600,48588.16,6.275222277083363,27004.2022,949480.0,-0.00737303544557227,1440,-0.0061905422711152625,bear,"mid vol, flat"
1640304000,50838.81,7.09467075566355,35192.54046,1176050.0,-0.011286476475077281,1440,0.045280159454227586,bear,"mid vol, flat"
1640390400,50820.0,6.916492722351044,31661.91885,1074408.0,-0.04606904139039568,1440,-0.00037006138896700236,bear,"mid vol, flat"
1640476800,50399.66,5.453349716532696,19135.51613,766979.0,0.03768328928789645,1440,-0.008305548869195434,bear,"low vol, flat"
1640563200,50775.49,6.360705134246649,22569.88914,797133.0,6.668176306341479e-05,1440,0.00742932881557401,bear,"low vol, flat"
1640649600,50701.44,5.508941538905385,28779.58212,1009238.0,0.002996519533897982,1440,-0.001459445277733451,bear,"low vol, flat"
1640736000,47543.74,8.882650936212903,45853.33924,1345774.0,-0.051621081893533295,1440,-0.06430418312979924,bear,"mid vol, flat"
1640822400,46464.66,8.648049050973157,39498.87,1114074.0,-0.03340935576131679,1440,-0.02295810578396207,bear,"mid vol, flat"
1640908800,47120.87,7.2235526622478785,30352.29569,910157.0,-0.019084164042024673,1440,0.014023979023434663,bear,"mid vol, flat"
1640995200,46216.93,8.21682057173758,34936.46964,1059671.0,-0.008787028087363554,1440,-0.019369821492674077,bear,"mid vol, flat"
1641081600,47722.65,6.5623817035740455,19604.46325,714899.0,0.014296251135567272,1440,0.03205994678177859,bear,"mid vol, flat"
1641168000,47286.18,6.166470924078019,18340.4604,709624.0,-0.00041009439435881514,1440,-0.009188052743592579,bear,"mid vol, flat"
1641254400,46446.1,6.309693158673202,27662.0771,885624.0,-0.02214425900793976,1440,-0.017925574729597216,bear,"low vol, flat"
1641340800,45832.01,7.836966779451398,35491.4136,1021815.0,-0.0031804154456106693,1440,-0.013309745191831368,bear,"mid vol, flat"
1641427200,43451.13,12.020965967317863,51784.11857,1478532.0,-0.09033907497481607,1440,-0.05334589701670467,bear,"mid vol, flat"
1641513600,43082.31,8.304163226875072,38880.37305,1150707.0,-0.008814725351510028,1440,-0.008524386257173333,bear,"mid vol, flat"
1641600000,41566.48,13.07582437274298,54836.50818,1406635.0,-0.03278332300260624,1440,-0.03581839879061022,bear,"mid vol, flat"
1641686400,41679.74,8.699164758426313,32952.73111,1021908.0,-0.0008392679170561782,1440,0.002721086191884936,bear,"mid vol, flat"
1641772800,41864.62,6.924627166743335,22724.39426,752733.0,0.003308573119255523,1440,0.004425919398926226,bear,"mid vol, flat"
1641859200,41822.49,12.479384651977988,50729.17019,1250983.0,-0.027993242638925133,1440,-0.001006845703216186,bear,"mid vol, flat"
1641945600,42729.29,8.274304138230255,37296.43729,1015526.0,-0.006770873797849588,1440,0.021450400439677608,bear,"mid vol, flat"
1642032000,43902.66,6.996443194226933,33943.2928,1023902.0,0.03609976519425942,1440,0.027090276943411595,bear,"mid vol, flat"
1642118400,42560.11,6.950025535892334,34910.87762,1036234.0,-0.01604273275785961,1440,-0.03105748088409932,bear,"mid vol, flat"
1642204800,43059.96,6.9970992943648245,32640.88292,946938.0,-0.05430318856093003,1440,0.01167613338290252,bear,"mid vol, flat"
1642291200,43084.29,5.064037053369115,21936.05616,752688.0,0.015058137050283655,1440,0.0005648665034954092,bear,"low vol, flat"
1642377600,43071.66,5.099432643772641,20602.35271,732171.0,-0.024170389518586185,1440,-0.0002931892710940076,bear,"low vol, flat"
1642464000,42201.62,6.58300974723633,27562.08613,918029.0,-0.024127429500925095,1440,-0.020406631301085554,bear,"low vol, flat"
1642550400,42352.12,7.079962615543444,29324.08257,905061.0,-0.009154085191214818,1440,0.003559869946295535,bear,"low vol, flat"
1642636800,41660.01,7.503218769563821,31685.72159,924528.0,-0.015093091967043388,1440,-0.016476803005826213,bear,"low vol, flat"
1642723200,40680.91,8.178530632811897,42330.33953,1098761.0,-0.04553187457034322,1440,-0.02378273522619523,bear,"mid vol, flat"
1642809600,36445.31,17.566272969381824,88860.891999,2092561.0,-0.06336556199619699,1440,-0.10994615987910983,bear,"high vol, flat"
1642896000,35071.42,16.830848017901182,90471.338961,2099978.0,-0.05556215429913037,1440,-0.03842622698585174,bull,"high vol, flat"
1642982400,36244.55,10.808132746247196,44279.52354,1142407.0,0.03169106999835605,1440,0.032902471390134025,bull,"high vol, flat"
1643068800,36660.35,17.481917516987153,91904.753211,1999352.0,0.011248522289446365,1440,0.01140676438620325,bull,"high vol, flat"
1643155200,36958.32,10.985799153041736,49232.40183,1248246.0,0.015121254749475935,1440,0.008095001638555033,bull,"mid vol, flat"
1643241600,36809.34,13.866104852877701,69830.16036,1584468.0,0.009315036320217376,1440,-0.00403917387510333,bull,"mid vol, flat"
1643328000,37160.1,11.293935210891334,53020.87934,1308408.0,0.009072134336276802,1440,0.009483987687843864,bull,"mid vol, flat"
1643414400,37716.56,9.17657374121009,42154.26956,1061101.0,0.019895528228908534,1440,0.014863650295470876,bull,"mid vol, flat"
1643500800,38166.84,7.197634523842759,26129.49682,816601.0,0.017426523868284773,1440,0.01186782049743762,bull,"mid vol, flat"
1643587200,37881.76,6.045487895029979,21430.66527,698593.0,0.007750759386481588,1440,-0.007497346048859654,bull,"low vol, flat"
1643673600,38466.9,7.919537983936566,36855.2458,936014.0,-0.0002905073556718668,1440,0.015328401493649224,bull,"mid vol, flat"
1643760000,38694.59,8.408287941045142,34574.44663,917617.0,0.025670387714315353,1440,0.005901665736713468,bull,"mid vol, flat"
1643846400,36896.36,7.6090200288665635,35794.6813,907905.0,-0.0360893717469694,1440,-0.047586895787796735,bull,"mid vol, flat"
1643932800,37311.61,7.885138072131638,32081.10999,848961.0,0.026654148508781138,1440,0.01119163707773474,bull,"mid vol, flat"
1644019200,41574.25,10.345140809288319,64703.95874,1380724.0,0.02168916164216759,1440,0.10817644695693396,bull,"mid vol, flat"
1644105600,41382.59,6.724221587001204,32531.14158,1006258.0,0.018446796234440767,1440,-0.004620724246787944,bull,"mid vol, flat"
1644192000,42380.87,7.05074190448086,22405.16704,788291.0,0.030690006406665086,1440,0.023836820198473774,bull,"mid vol, flat"
1644278400,43839.99,8.00323748746978,51060.62006,1473274.0,-0.0028401601827316852,1440,0.03384933335689588,bull,"mid vol, flat"
1644364800,44042.99,9.968450419400982,64880.29387,1653350.0,0.017384213336948673,1440,0.004619787837025768,bull,"mid vol, flat"
1644451200,44372.72,7.766318480279034,34428.16729,1066395.0,-0.0057210460359650725,1440,0.007458663819306821,bull,"mid vol, flat"
1644537600,43495.44,11.690252223791934,62357.29091,1541483.0,-0.027439389765497518,1440,-0.019968761180241046,bull,"mid vol, flat"
1644624000,42373.73,11.14763573643738,44975.1687,1169354.0,-0.01884663080763501,1440,-0.02612751026362048,bull,"mid vol, flat"
1644710400,42217.87,7.128305545941722,26556.85681,830322.0,-0.034930729063188386,1440,-0.0036850036261721897,bull,"mid vol, flat"
1644796800,42053.66,5.801408563203166,17732.08113,624898.0,-0.06010659900471593,1440,-0.0038971692535803015,bull,"low vol, flat"
1644883200,42535.94,7.1109487528052835,34010.1306,867622.0,-0.005427711000909757,1440,0.011402943760909778,bull,"low vol, flat"
1644969600,44544.86,6.3225709633116525,38095.19576,990694.0,0.00696814689370154,1440,0.04614740564728237,bear,"mid vol, flat"
1645056000,43873.56,6.0690635269120285,28471.8727,823745.0,-0.009078502237051691,1440,-0.015184910543851515,bear,"mid vol, flat"
1645142400,40515.7,9.459169360464642,47245.99494,1067658.0,-0.09119890279529372,1440,-0.07962230741964582,bear,"mid vol, flat"
1645228800,39974.44,9.306977160056222,43845.92241,1025882.0,-0.05993230352021683,1440,-0.013449303448535233,bear,"mid vol, flat"
1645315200,40079.17,5.441546081928272,18042.0551,586653.0,-0.07161629275813489,1440,0.002616498112926635,bear,"low vol, flat"
1645401600,38386.89,7.185784375318234,33439.29011,811235.0,-0.08262084096019116,1440,-0.043140752928049864,bear,"mid vol, flat"
1645488000,37008.16,13.756769923552838,62347.68496,1352290.0,-0.017858141817363834,1440,-0.03657756618202512,bull,"mid vol, flat"
1645574400,38230.33,10.839659968255946,53785.94589,1212527.0,0.015980487017144784,1440,0.03249075076621821,bull,"mid vol, flat"
1645660800,37250.01,8.412677663398757,43558.25886,1030729.0,-0.015180034677814102,1440,-0.02597696635358382,bull,"mid vol, flat"
1645747200,38327.21,17.983595366468368,120476.29458,2622780.0,-0.0022413685691561117,1440,0.028507874523143073,bull,"mid vol, flat"
1645833600,39219.17,10.756835983800292,56574.57125,1408558.0,0.05715395554146593,1440,0.02300557006710946,bull,"mid vol, flat"
1645920000,39116.72,7.96409639410526,29361.2568,924257.0,-0.0014776233965569823,1440,-0.002615660801474462,bull,"mid vol, flat"
1646006400,37699.07,10.361296761218913,46229.44719,1265753.0,-0.05734322496015977,1440,-0.03691457135600551,bull,"mid vol, flat"
1646092800,43160.0,13.92778795990388,73945.63858,1931087.0,0.042489632118070525,1440,0.13527871467525188,bull,"high vol, flat"
1646179200,44421.2,10.047192151853174,61743.09873,1866871.0,0.002137614935349465,1440,0.02880269256962542,bull,"mid vol, flat"
1646265600,43892.98,10.63270687007206,57782.65081,1653131.0,-0.009248876652566329,1440,-0.011962434549047885,bull,"mid vol, flat"
1646352000,42454.0,8.606566674270073,50940.61021,1289320.0,-0.04051400133394677,1440,-0.03333326158825933,bull,"mid vol, flat"
1646438400,39148.66,10.936579751423444,61964.68498,1465066.0,-0.053569844195470256,1440,-0.08105494230198751,bull,"mid vol, flat"
1646524800,39397.96,6.228626090297417,30363.13341,879727.0,-0.022063096089396605,1440,0.006347843793420793,bull,"mid vol, flat"
1646611200,38420.81,8.777239870050334,39677.26158,986352.0,-0.03949199560661805,1440,-0.025114798426121965,bull,"mid vol, flat"
1646697600,37988.0,10.929464281525865,63994.11559,1456041.0,-0.011112285613196616,1440,-0.011328919506857105,bull,"mid vol, flat"
1646784000,38730.63,11.310038177854162,55583.06638,1271128.0,0.006208380761882003,1440,0.019360439473766533,bull,"mid vol, flat"
1646870400,41941.71,9.680342064935633,67392.58799,1570230.0,0.026770111132513555,1440,0.07965003732031306,bull,"mid vol, flat"
1646956800,39422.0,11.797323302709925,71962.93154,1512655.0,-0.060508685886144886,1440,-0.061956761070048216,bull,"mid vol, flat"
1647043200,38729.57,10.18967552708101,59018.7642,1252571.0,-0.012245652883392598,1440,-0.017720645144228442,bull,"mid vol, flat"
1647129600,38807.36,5.293156110272121,24034.36432,671733.0,-0.012251927951136268,1440,0.0020065284013579543,bull,"low vol, flat"
1647216000,37777.34,6.912844010434331,32791.82359,841844.0,-0.07596961611978474,1440,-0.026900467390317928,bull,"mid vol, flat"
1647302400,39671.37,8.993813313333156,46945.45375,1114899.0,0.028715687725139948,1440,0.0489203168714063,bull,"mid vol, flat"
1647388800,39280.33,7.941521643379042,46015.54926,1060517.0,-0.015206568893620905,1440,-0.009905884169983281,bull,"mid vol, flat"
1647475200,41114.0,15.35503322097953,88120.76167,2051837.0,0.0013453311995186136,1440,0.04562481143050867,bull,"mid vol, flat"
1647561600,40917.9,6.798430685597707,37189.38087,935784.0,-0.0007372903059572569,1440,-0.0047810759850470674,bull,"mid vol, flat"
1647648000,41757.51,7.071466177683936,45408.00969,1065054.0,-0.014494239110967722,1440,0.020311695241442607,bull,"mid vol, flat"
1647734400,42201.13,5.245418021350897,29067.18108,801197.0,-0.004852831088497071,1440,0.010567682574770032,bull,"low vol, flat"
1647820800,41262.11,5.571031842999139,30653.33468,799695.0,-0.045015703981476286,1440,-0.02250235248131105,bull,"low vol, flat"
1647907200,41002.25,6.722692512638843,39426.24877,947206.0,-0.032145988257558405,1440,-0.006317702205992148,bull,"low vol, flat"
1647993600,42364.13,8.807031858405804,59454.94294,1367343.0,0.01641836173293613,1440,0.03267507037255868,bull,"mid vol, flat"
1648080000,42882.76,6.475651344209416,40828.870390000004,916671.0,-0.009948550281212023,1440,0.012167866742906597,bull,"mid vol, flat"
1648166400,43991.46,7.053105685249678,56195.12374,1202541.0,-0.0047854678858653445,1440,0.025525643808284926,bull,"mid vol, flat"
1648252800,44313.16,6.2929249884607605,54614.43648,1141588.0,0.018754360312315775,1440,0.007286174227543185,bull,"mid vol, flat"
1648339200,44511.27,3.966771498465709,23041.61741,693647.0,-0.008525312546624666,1440,0.004460717136023362,bull,"low vol, flat"
1648425600,46827.76,7.411151468324254,41874.910710000004,1135096.0,0.03521875282823736,1440,0.05073377393082801,bull,"mid vol, flat"
1648512000,47122.21,6.8270606237663936,58949.2614,1498975.0,-0.012786369194440874,1440,0.006268250306014522,bull,"mid vol, flat"
1648598400,47434.8,6.098578630755464,36772.28457,1095678.0,-0.010538811350224647,1440,0.006611696768466402,bear,"low vol, flat"
1648684800,47067.99,6.074996067737224,40947.2085,1081607.0,0.0206524329979662,1440,-0.007762984396878281,bear,"low vol, flat"
1648771200,45510.34,6.77830101487605,48645.12667,1290541.0,-0.059331330958994934,1440,-0.03365359925692779,bear,"mid vol, flat"
1648857600,46283.49,7.458795030297984,56271.06474,1372216.0,-0.0033465213581811556,1440,0.016845757140593776,bear,"mid vol, flat"
1648944000,45811.0,7.178636388053742,37073.53582,1056716.0,0.001411404627118723,1440,-0.010261073071447413,bear,"mid vol, flat"
1649030400,46407.35,6.806199892777104,33394.67794,966563.0,0.0025657800968749726,1440,0.012933614904540036,bear,"mid vol, flat"
1649116800,46580.51,7.132993383110511,44641.875140000004,1171998.0,-0.018274144117863034,1440,0.003724361441516777,bear,"low vol, flat"
1649203200,45497.55,6.378176624538166,42192.74852,1046080.0,-0.023169711722776428,1440,-0.02352373494806237,bear,"low vol, flat"
1649289600,43170.47,9.599887971394793,60849.32936,1471912.0,-0.0314672611865907,1440,-0.0525017816550033,bear,"mid vol, flat"
1649376000,43444.19,7.375378261842666,37396.54156,999816.0,-0.007006572508305513,1440,0.006320429156202678,bear,"mid vol, flat"
1649462400,42252.01,7.8647477480082895,42375.04203,1108136.0,-0.03100681172350919,1440,-0.02782519921842841,bear,"mid vol, flat"
1649548800,42753.97,4.398422174327298,17891.66047,640230.0,-0.003952505700551096,1440,0.011810129932037228,bear,"low vol, flat"
1649635200,42158.85,5.522508560209135,22771.09403,678983.0,-0.03805680082205525,1440,-0.014017429746877141,bear,"low vol, flat"
1649721600,39530.45,9.511553638425816,63560.44721,1385924.0,-0.03892886376058586,1440,-0.06437336581826436,bear,"mid vol, flat"
1649808000,40074.94,8.286017645190723,57751.01778,1153667.0,-0.018372351878575048,1440,0.013679940298763071,bear,"mid vol, flat"
1649894400,41147.79,7.472513246690359,41340.15341,947921.0,-0.007187112419571379,1440,0.02641901842530281,bear,"mid vol, flat"
1649980800,39942.38,6.226360807451515,36807.01401,803756.0,-0.03345480374108726,1440,-0.02973230413066652,bear,"mid vol, flat"
1650067200,40551.9,5.650395106495515,24026.35739,616536.0,-0.021445972921990353,1440,0.01514471960101993,bear,"mid vol, flat"
1650153600,40378.71,3.881051533646891,15805.44718,423446.0,-0.03294321976912266,1440,-0.0042799693311703635,bear,"low vol, flat"
1650240000,39678.12,4.777520454595223,19988.49259,590241.0,-0.04155700717599745,1440,-0.01750276360422731,bear,"low vol, flat"
1650326400,40801.13,9.30359234199583,54243.49575,1157741.0,-0.0009053297417691737,1440,0.02790987484302576,bear,"mid vol, flat"
1650412800,41493.18,5.444142902672814,35788.85843,934526.0,-0.004896169302039361,1440,0.016819299277376132,bear,"low vol, flat"
1650499200,41358.19,5.799400954164959,40877.35041,1063843.0,-0.021106014488378854,1440,-0.0032586092287818502,bear,"low vol, flat"
1650585600,40480.01,7.698597252759532,59316.27657,1515456.0,-0.0082352709618166,1440,-0.021462195138859386,bear,"low vol, flat"
1650672000,39709.18,7.684380383774087,46664.0196,1043471.0,-0.0035700902200032497,1440,-0.01922587679520049,bear,"mid vol, flat"
1650758400,39441.6,4.310345470649144,20291.42375,724132.0,0.007046618894842157,1440,-0.006761298356655843,bear,"low vol, flat"
1650844800,39450.13,6.46505242419955,26703.61186,868183.0,-0.053333881853389185,1440,0.0002162457340766366,bear,"low vol, flat"
1650931200,40426.08,9.614841747332784,63037.03642,1280309.0,0.0139555450249703,1440,0.0244377786503307,bear,"mid vol, flat"
1651017600,38112.65,8.944331159199125,66650.258,1381618.0,-0.041655856756023346,1440,-0.05892887322404583,bear,"mid vol, flat"
1651104000,39235.72,8.685238332930087,57083.12272,1232083.0,0.014033142228908535,1440,0.029041308349953,bear,"mid vol, flat"
1651190400,39742.07,9.067059324459011,56077.62519,1135012.0,0.017003514445722973,1440,0.01282276796963977,bear,"mid vol, flat"
1651276800,38596.11,7.32474906002873,51453.65715,1101140.0,-0.03705171596340067,1440,-0.02925883015250008,bear,"mid vol, flat"
1651363200,37630.8,5.222400351896212,35321.18989,1017369.0,-0.064389947141727,1440,-0.02532863017771625,bear,"mid vol, flat"
1651449600,38468.35,6.550761150956112,38812.21658,1021131.0,0.007471685091787052,1440,0.022012961267668274,bear,"mid vol, flat"
1651536000,38525.16,7.7848110219348365,53200.92628,1053893.0,0.025406793349538694,1440,0.0014757090645609594,bear,"mid vol, flat"
1651622400,37728.95,5.421576336446769,40316.45358,1005131.0,-0.007712154527258474,1440,-0.02088383006942962,bear,"low vol, flat"
1651708800,39690.0,7.301949021296622,62574.61736,1238847.0,0.053723404502173375,1440,0.050671562519541524,bear,"mid vol, flat"
1651795200,36552.97,10.404759059867358,88722.43355,1979692.0,-0.05804114499517131,1440,-0.08233682535055209,bear,"mid vol, flat"
1651881600,36013.77,9.881348290305894,68437.80187,1214518.0,0.009279156148327075,1440,-0.01486107612278964,bear,"mid vol, flat"
1651968000,35472.39,6.060002420572135,34281.70682,746488.0,-0.1024257706431199,1440,-0.015146717920837105,bear,"mid vol, flat"
1652054400,34038.4,9.110901623438524,72445.64344,1301451.0,-0.10691553518211118,1440,-0.041265348325588036,bear,"mid vol, flat"
1652140800,30076.31,17.472065070887986,191876.926428,2564538.0,-0.09797426735962524,1440,-0.12375148039084216,bear,"high vol, flat"
1652227200,31017.1,17.37200122580391,165532.00311,2470325.0,-0.10964412051450337,1440,0.03080084662153304,bear,"high vol, flat"
1652313600,29103.94,28.405817602302765,207063.739278,3559270.0,-0.03776375504115502,1440,-0.06366510510454937,bear,"high vol, flat"
1652400000,29029.75,27.854277364107624,204507.263138,3951233.0,-0.007709783016048985,1440,-0.0025523939828087094,bear,"high vol, flat"
1652486400,29287.05,14.786259545703968,97872.36957,2051900.0,-0.0022162975204647497,1440,0.008824272580557846,bear,"high vol, flat"
1652572800,30086.74,10.18229826504641,51095.87863,1204626.0,0.01410023840116519,1440,0.026939104331734853,bear,"mid vol, flat"
1652659200,31328.89,9.718418112967786,46275.66912,1016769.0,0.04432253318004542,1440,0.040456131904644366,bear,"mid vol, flat"
1652745600,29874.01,11.261971076321778,73082.19658,1561954.0,-0.00703439447714541,1440,-0.047551803408195426,bear,"mid vol, flat"
1652832000,30444.93,8.885168289927124,56724.13307,1175382.0,0.008401921090831998,1440,0.018930606202495426,bear,"mid vol, flat"
1652918400,28715.32,9.529586507665952,59749.15799,1379212.0,-0.012479215357725889,1440,-0.05848869957421954,bear,"mid vol, flat"
1653004800,30319.23,9.655853283058184,67877.36415,1860780.0,0.04127961692513677,1440,0.054351386417769376,bear,"mid vol, flat"
1653091200,29201.01,8.780787775458178,60517.25325,1694004.0,0.02087915796145284,1440,-0.03757886695618318,bear,"mid vol, flat"
1653177600,29445.06,5.318710658373697,20987.13124,643486.0,0.006228887526602287,1440,0.00832285637471486,bear,"low vol, flat"
1653264000,30293.94,7.02040919134774,36158.98748,862880.0,0.02536614003661792,1440,0.028421538420797532,bear,"mid vol, flat"
1653350400,29109.15,8.56299478381197,63901.49932,1328317.0,-0.04613605520015215,1440,-0.03989513476921225,bear,"mid vol, flat"
1653436800,29654.58,7.04538135868566,59442.96036,946421.0,-0.008122187674974612,1440,0.018564024573910487,bear,"mid vol, flat"
1653523200,29542.15,7.492947758516992,59537.38659,985440.0,-0.03096297831637831,1440,-0.0037985251950818366,bear,"mid vol, flat"
1653609600,29201.35,10.257914127432981,94581.65463,1431112.0,-0.04406717482692446,1440,-0.011603116040031836,bear,"mid vol, flat"
1653696000,28629.8,9.478430741097966,90998.5201,1321406.0,-0.0419612553677123,1440,-0.019766807675974718,bear,"mid vol, flat"
1653782400,29031.33,4.943804464640676,34479.35127,684423.0,0.01865110584489266,1440,0.013927458255286851,bear,"low vol, flat"
1653868800,29468.1,4.276278662252921,27567.34764,635311.0,-0.0035003737486875137,1440,0.014932730664861893,bear,"low vol, flat"
1653955200,31734.22,9.498531279075939,96785.9476,1380410.0,-0.06960757327957388,1440,0.07408727158891715,bear,"mid vol, flat"
1654041600,31801.04,7.277835998259919,62433.11632,1161340.0,-0.03746739291388944,1440,0.002103399738537348,bear,"mid vol, flat"
1654128000,29805.83,8.693142510956477,103395.63382,1404611.0,-0.07897828388204567,1440,-0.06479498169315434,bear,"mid vol, flat"
1654214400,30452.62,8.228980091724583,56961.42928,1086183.0,0.002610588636549832,1440,0.021468021186668906,bear,"mid vol, flat"
1654300800,29700.21,6.595892061454704,54067.44727,993769.0,-0.01666334357346099,1440,-0.025017916656656425,bear,"mid vol, flat"
1654387200,29864.04,4.586703048746406,25617.90113,618037.0,0.012707835366682936,1440,0.0055009645259609385,bear,"low vol, flat"
1654473600,29919.21,4.685990383834546,23139.9281,604680.0,0.01586426536908726,1440,0.0018456679976868173,bear,"low vol, flat"
1654560000,31373.1,7.291013597276716,68836.92456,1124745.0,-0.0056052228141553785,1440,0.04745008883495139,bear,"mid vol, flat"
1654646400,31125.33,12.472280784245113,110674.51658,1743957.0,-0.009138999032978632,1440,-0.007928880711022046,bear,"mid vol, flat"
1654732800,30204.77,9.763629903875149,68542.61276,1236327.0,-0.046770797477840506,1440,-0.030022098209931514,bear,"mid vol, flat"
1654819200,30109.93,6.214045029647103,46291.1865,841562.0,-0.002734893822607135,1440,-0.0031448412464669673,bear,"mid vol, flat"
1654905600,29091.88,9.730110762136194,76204.2498,1258608.0,-0.06823543796634826,1440,-0.03439592024343874,bear,"mid vol, flat"
1654992000,28424.7,7.930108282328073,65901.39895,1084163.0,-0.03345509177540765,1440,-0.02320061194727252,bear,"mid vol, flat"
1655078400,26574.53,11.66868142614884,92474.598809,1451271.0,-0.05836225361893369,1440,-0.06730524721449882,bear,"mid vol, flat"
1655164800,22487.41,24.08164984691243,254611.034966,3261484.0,-0.046399884834440075,1440,-0.16699764123151084,bear,"high vol, flat"
1655251200,22136.41,23.652298595604318,187201.64671,2583151.0,-0.008932405304053755,1440,-0.015731832867253104,bear,"high vol, flat"
1655337600,22583.72,24.878832377438194,200774.493467,2847831.0,-0.020392475967934445,1440,0.020005528538408868,bear,"high vol, flat"
1655424000,20401.31,15.50877972566198,99673.59429,1690477.0,-0.035875796147132086,1440,-0.1016301782416349,bear,"high vol, flat"
1655510400,20468.81,12.471117962810778,86694.33663,1352992.0,-0.006464640618820545,1440,0.00330314965423284,bear,"high vol, flat"
1655596800,18970.79,21.249403164762626,196441.655524,2467372.0,-0.016908665410805334,1440,-0.07600183634697188,bull,"high vol, flat"
1655683200,20574.0,19.48633540269577,128320.87595,1950660.0,0.02667351157526127,1440,0.0811277149268701,bull,"high vol, flat"
1655769600,20573.89,15.52465645533496,109028.94154,1639448.0,-0.008560039259462056,1440,-5.346568196173962e-06,bull,"high vol, flat"
1655856000,20723.52,12.423870404925529,104371.0749,1515321.0,0.00014943239796016625,1440,0.0072464909918430465,bull,"high vol, flat"
1655942400,19987.99,13.181654886371877,92133.97938,1394981.0,-0.025173886286121702,1440,-0.03613769395083111,bull,"high vol, flat"
1656028800,21110.13,10.992042536881076,83127.08716,1207858.0,0.027747721456429297,1440,0.054621426878467716,bull,"mid vol, flat"
1656115200,21237.69,9.82814442967863,77430.36622,1309709.0,-0.0034305272332728603,1440,0.00602441333699133,bull,"mid vol, flat"
1656201600,21491.19,7.440641200584315,51431.67794,874540.0,-0.018496676330680875,1440,0.01186565031702358,bull,"mid vol, flat"
1656288000,21038.07,7.2234028982884855,53278.10464,885306.0,-0.022068675452040196,1440,-0.021309430090107995,bull,"mid vol, flat"
1656374400,20742.56,7.979645176487413,64475.001299999996,1002214.0,-0.00760109329381272,1440,-0.014146025460121336,bull,"mid vol, flat"
1656460800,20281.29,7.407401060904493,63801.0832,1064497.0,-0.044192236535570334,1440,-0.022488841996464615,bull,"mid vol, flat"
1656547200,20123.01,8.341340152927152,77309.04379,1210636.0,-0.0217413193541194,1440,-0.007834849739538186,bull,"mid vol, flat"
1656633600,19942.21,10.842369712189221,93846.64806,1438163.0,-0.031441489717496586,1440,-0.009025345538187679,bull,"mid vol, flat"
1656720000,19279.8,13.386836047769776,111844.59494,1668363.0,0.008857296327385763,1440,-0.033780675205104416,bull,"mid vol, flat"
1656806400,19252.81,6.623063875216328,46180.3021,833508.0,0.02614780382738123,1440,-0.001400891578015262,bull,"mid vol, flat"
1656892800,19315.83,8.059377623682591,51087.466309999996,880786.0,-0.0071160403178742015,1440,0.0032679428719752934,bull,"mid vol, flat"
1656979200,20236.71,8.38313840914592,74814.04601,1282843.0,0.030387379526247326,1440,0.04657331482099103,bull,"mid vol, flat"
1657065600,20175.83,9.416110699433862,96041.13756,1612273.0,0.007036699035117072,1440,-0.003012928464995568,bull,"mid vol, flat"
1657152000,20564.51,9.937232734605148,82439.5808,1472221.0,0.00875656878643423,1440,0.019081421173607893,bull,"mid vol, flat"
1657238400,21624.98,7.762978547640584,85014.58261,1653722.0,0.005275468939928023,1440,0.05028235345384857,bull,"mid vol, flat"
1657324800,21594.75,11.801593911693203,403081.57349,4358216.0,0.0012767375733507298,1440,-0.001398898370249313,bull,"mid vol, flat"
1657411200,21591.83,7.3722939234883125,178417.84468,3524386.0,0.002343888531721948,1440,-0.00013522719346781287,bull,"mid vol, flat"
1657497600,20862.47,7.432958065431503,192188.21556,3434401.0,-0.0074651223323945895,1440,-0.034363151398205005,bull,"mid vol, flat"
1657584000,19963.61,7.656835199342775,137535.40724,3232941.0,-0.027603553268106023,1440,-0.04404073474684722,bull,"mid vol, flat"
1657670400,19328.75,8.249628131866645,139506.45862,3626399.0,-0.029706340631069906,1440,-0.03231749144575069,bull,"mid vol, flat"
1657756800,20234.87,14.101113742107644,209250.24888,4789109.0,-0.00915639847625109,1440,0.04581372898770297,bull,"mid vol, flat"
1657843200,20588.84,9.785523954858203,174809.21696,4576355.0,0.006732477156906979,1440,0.017341827629275386,bull,"mid vol, flat"
1657929600,20830.04,8.910885922599112,143343.3049,4411375.0,-0.004418809099189343,1440,0.011646994153803547,bull,"mid vol, flat"
1658016000,21195.6,7.73364215243746,121011.67393,3723401.0,0.011893491786854678,1440,0.01739743738897559,bull,"mid vol, flat"
1658102400,20798.16,7.621303881102307,118229.4525,4261057.0,0.0073793230159803075,1440,-0.01892909171140289,bull,"mid vol, flat"
1658188800,22432.58,12.017965140754745,239942.73132,6564387.0,0.02022943513769792,1440,0.07564984518217699,bull,"mid vol, flat"
1658275200,23396.62,15.209783946839321,263770.76574,6488375.0,0.007499323719406582,1440,0.04207720104807322,bull,"mid vol, flat"
1658361600,23223.3,12.772920573070358,238762.17094,6364038.0,0.003681220088339978,1440,-0.007435482451242592,bull,"mid vol, flat"
1658448000,23152.19,10.555295548539613,184817.68191,4808194.0,0.005951303352758164,1440,-0.0030667085449955778,bull,"mid vol, flat"
1658534400,22684.83,9.091283937692241,171598.43966,4745582.0,-0.009000682658072147,1440,-0.020392957340748197,bull,"mid vol, flat"
1658620800,22451.07,7.801209708201749,122137.77375,3762227.0,0.008203478082471677,1440,-0.010358144626698262,bull,"mid vol, flat"
1658707200,22579.68,7.760315136323082,115189.67277,3671238.0,0.008545174808903122,1440,0.0057121122651899725,bull,"mid vol, flat"
1658793600,21310.9,9.119718487349912,180344.76643,4807238.0,-0.023848073415922173,1440,-0.05783170787580438,bull,"mid vol, flat"
1658880000,21254.67,8.30842256736428,177817.24326,4545385.0,-0.0174916808009005,1440,-0.0026420429802271883,bull,"mid vol, flat"
1658966400,22952.45,10.040076665553256,210971.19796,5475738.0,0.009797815625960035,1440,0.07684804868982553,bull,"mid vol, flat"
1659052800,23842.93,11.368320919828392,236029.0741,6500034.0,0.001323331886933804,1440,0.03806305270838806,bull,"mid vol, flat"
1659139200,23773.75,10.209061668995929,198298.50623,6221401.0,0.010250761887446242,1440,-0.0029057065160618123,bull,"mid vol, flat"
1659225600,23643.51,8.501686097751145,151060.13211,4801528.0,0.003290434895410106,1440,-0.005493372140119135,bull,"mid vol, flat"
1659312000,23293.32,7.916077343806494,127743.32483,4463721.0,-0.0021014612728864723,1440,-0.014922034485877589,bull,"mid vol, flat"
1659398400,23268.01,7.348188013714128,144210.16219,4775213.0,-0.00896865040825605,1440,-0.001087168364517055,bull,"mid vol, flat"
1659484800,22987.79,8.679684070114346,158073.28225,5066511.0,-0.011571292782465133,1440,-0.012116250420426411,bull,"mid vol, flat"
1659571200,22818.37,7.218322256030003,145948.80995,4887642.0,-0.008480353422710394,1440,-0.007397292091434693,bull,"mid vol, flat"
1659657600,22622.98,7.121437578605601,154854.67016,4966138.0,-0.016835325000572107,1440,-0.008599709479179651,bull,"mid vol, flat"
1659744000,23312.42,7.414245661427272,175251.69749,5340569.0,0.0070151221791741655,1440,0.03002006193057838,bull,"mid vol, flat"
1659830400,22954.21,4.233299581097685,83911.80307,3360228.0,-0.012320684721046297,1440,-0.015484903813883122,bull,"low vol, flat"
1659916800,23174.39,4.380225792612395,88890.00877,3646643.0,0.006747648676151737,1440,0.00954642768953029,bull,"low vol, flat"
1660003200,23810.0,6.204149297788237,170958.44152,5892045.0,0.005417415903921101,1440,0.02705787086036615,bull,"low vol, flat"
1660089600,23149.95,5.58770139262669,143182.50858,5105613.0,-0.013863072659402032,1440,-0.028113039796075157,bull,"low vol, flat"
1660176000,23954.05,9.407338327443457,208916.54953,6818207.0,0.005635154384123911,1440,0.03414479115449787,bull,"mid vol, flat"
1660262400,23934.39,8.343126972698979,249759.79557,8269994.0,0.0009770141324912769,1440,-0.0008210750278987433,bull,"mid vol, flat"
1660348800,24403.68,6.292902444384363,174207.5704,6134163.0,0.002061190562359233,1440,0.019417603769849023,bull,"mid vol, flat"
1660435200,24441.38,5.910123593294689,152852.25435,5617859.0,-0.0009633246864834431,1440,0.001543656921956682,bear,"low vol, flat"
1660521600,24305.24,5.917619327620112,151206.14473,5473905.0,-0.0040487593350996155,1440,-0.005585632561016851,bear,"low vol, flat"
1660608000,24094.82,7.887077550194059,242539.54758,7488466.0,-0.008124935746200383,1440,-0.008695085325241436,bear,"low vol, flat"
1660694400,23854.74,6.265363691932736,179324.94821,5978567.0,0.0016738356430389364,1440,-0.010013939908729341,bear,"low vol, flat"
1660780800,23342.66,7.921492302595003,210668.68766,6901586.0,-0.0016657809183601524,1440,-0.02170035192362363,bear,"mid vol, flat"
1660867200,23191.2,4.741013711689867,144185.97011,6029662.0,-0.003175540516533469,1440,-0.006509691431418219,bear,"low vol, flat"
1660953600,20834.39,14.7868123291378,283995.87747,8860928.0,-0.016874387940741194,1440,-0.10716790958304045,bear,"high vol, flat"
1661040000,21140.07,7.053268526922336,183041.68363,5723362.0,0.003734152660995091,1440,0.014565304906856369,bear,"mid vol, flat"
1661126400,21515.61,6.830788227241173,159200.6841,5034461.0,0.008026345535031365,1440,0.017608426506097175,bear,"mid vol, flat"
1661212800,21399.83,7.48275378452548,222222.04526,6443370.0,-0.0016676574080057116,1440,-0.005395740129966242,bear,"mid vol, flat"
1661299200,21529.12,7.127106708420205,200967.77164,6333442.0,0.0073485928014642155,1440,0.006023459269735909,bear,"mid vol, flat"
1661385600,21368.08,6.437146439539935,174383.22046,5561412.0,-0.007933821134570423,1440,-0.007508217623966473,bear,"low vol, flat"
1661472000,21559.04,5.050978493250781,169915.78301,5618785.0,-0.004741417517127279,1440,0.00889699843098768,bear,"low vol, flat"
1661558400,20241.05,10.67835083831918,273811.61955,7587244.0,-0.00821794711889184,1440,-0.06308249760374451,bear,"mid vol, flat"
1661644800,20037.6,6.633742526323291,162582.46032,5263328.0,-0.004529837096513683,1440,-0.010102211978267661,bear,"mid vol, flat"
1661731200,19555.61,5.412775458967541,139307.95976,4678693.0,-0.004170223733093479,1440,-0.024348306776797557,bear,"low vol, flat"
1661817600,20285.73,6.712167087285699,210509.49545,5840323.0,0.005274012023194982,1440,0.0366554814045692,bear,"mid vol, flat"
1661904000,19811.66,7.380897926894929,256634.35529,6593178.0,-0.010895644921897759,1440,-0.0236470299311744,bear,"mid vol, flat"
1661990400,20050.02,7.886294421945181,276946.60765,6389133.0,0.014451569145262995,1440,0.011959497995954749,bear,"mid vol, flat"
1662076800,20131.46,7.534443710810848,245289.97263,5937975.0,-0.012120348900215874,1440,0.004053614327647281,bear,"mid vol, flat"
1662163200,19951.86,6.813367830003006,245986.6033,5740705.0,-0.0030602821043953592,1440,-0.008961393513317262,bear,"mid vol, flat"
1662249600,19831.9,4.157943143383503,146639.03204,3739909.0,-0.010402117899850225,1440,-0.0060306197082571344,bear,"low vol, flat"
1662336000,20000.3,4.165752753743825,145588.77893,3838915.0,-7.044739351060763e-05,1440,0.008455521077104677,bear,"low vol, flat"
1662422400,19796.84,4.459714200590834,222543.01057,4657233.0,-0.004362761641056488,1440,-0.010224944437389638,bear,"low vol, flat"
1662508800,18790.61,8.825205552034435,356315.05718,7124384.0,-0.013334737683004319,1440,-0.052165052029039316,bear,"mid vol, flat"
1662595200,19292.84,6.422749179052467,287394.7788,5597127.0,-0.006934190134980944,1440,0.026376765648059575,bear,"mid vol, flat"
1662681600,19319.77,6.532364832055646,262813.28273,6013826.0,0.00017363935919072822,1440,0.0013948813284816453,bear,"mid vol, flat"
1662768000,21360.11,9.893129860135732,428919.74652,7777214.0,0.016410380443213784,1440,0.10039623993986346,bear,"mid vol, flat"
1662854400,21648.34,6.706347131557457,307997.33504,5615783.0,0.001119319684877297,1440,0.013403613252505053,bear,"mid vol, flat"
1662940800,21826.87,6.1141806607867455,280702.55149,4801844.0,0.0058467970500741965,1440,0.008213002469084074,bear,"low vol, flat"
1663027200,22395.74,8.862561771702296,395395.61828,6979539.0,0.009062980858483833,1440,0.025728982590269567,bear,"mid vol, flat"
1663113600,20173.57,13.48173280061298,431915.03333,8126869.0,0.005496570915109027,1440,-0.10449743036114079,bear,"mid vol, flat"
1663200000,20226.71,8.242175885021561,340826.40151,6313052.0,-0.004358048917042035,1440,0.0026306763540286937,bear,"mid vol, flat"
1663286400,19701.88,8.939353614624778,333069.76076,6690974.0,-0.0052970961878202,1440,-0.026289945533484627,bear,"mid vol, flat"
1663372800,19803.3,6.993481005628493,283791.07064,5120935.0,-0.005710750223201616,1440,0.005134527817078904,bear,"mid vol, flat"
1663459200,20113.62,4.9366172856227655,179350.24338,3862666.0,-0.0005969811804110986,1440,0.015548607050206442,bear,"low vol, flat"
1663545600,19416.18,6.29340751084203,254217.46904,4634096.0,-0.02067629750169898,1440,-0.03529045844411449,bear,"mid vol, flat"
1663632000,19537.02,11.185903696554458,380512.40306,6820580.0,-0.005334442776836143,1440,0.006204388221696888,bear,"mid vol, flat"
1663718400,18875.0,9.078579239574715,324098.3286,5900070.0,-0.00822487376443696,1440,-0.034472832172509627,bear,"mid vol, flat"
1663804800,18461.36,20.626508220017552,385034.10021,6907777.0,-0.011518868971815826,1440,-0.022158395968023825,bear,"high vol, flat"
1663891200,19401.63,8.998555460589728,379321.72111,6251862.0,0.006993856777399439,1440,0.049677183991239104,bear,"mid vol, flat"
1663977600,19289.91,8.79691109984315,385886.91829,5906265.0,0.00984033655980616,1440,-0.005774921881410933,bear,"mid vol, flat"
1664064000,18920.5,5.995895601302078,239496.56746,3907636.0,0.006288373799977481,1440,-0.019336170941038233,bear,"mid vol, flat"
1664150400,18807.38,5.474179307429807,191191.4492,3714450.0,-0.006342628214149211,1440,-0.00599664433730851,bear,"low vol, flat"
1664236800,19227.82,7.5713707648687025,439239.21943,5837041.0,0.004570126621673154,1440,0.022108842641316073,bear,"mid vol, flat"
1664323200,19079.13,10.540078249189865,593260.74161,8152473.0,0.0003281517827584475,1440,-0.007763121143595342,bear,"mid vol, flat"
1664409600,19412.82,10.631164417141635,521385.45547,7357437.0,0.0009653259114148168,1440,0.017338605066758106,bear,"mid vol, flat"
1664496000,19591.51,9.21017398406368,406424.93256,5631615.0,-0.00012248638312220488,1440,0.009162636565832827,bear,"mid vol, flat"
1664582400,19422.61,10.26966315213461,444322.9534,6254203.0,-0.009594961744328348,1440,-0.008658457767896977,bear,"mid vol, flat"
1664668800,19310.95,3.8819168939163498,165625.13959,2470590.0,-0.0009465461003570853,1440,-0.005765558823590311,bear,"low vol, flat"
1664755200,19056.8,5.078168889546415,206812.47032,3320217.0,-0.004197764470666218,1440,-0.013248299277497821,bear,"low vol, flat"
1664841600,19629.08,6.452186467947589,293585.75212,4471910.0,0.00402649008497115,1440,0.029588146889958367,bear,"low vol, flat"
1664928000,20337.82,6.773701234723399,327012.00127,4871932.0,0.013089820903746462,1440,0.03547006675217901,bear,"mid vol, flat"
1665014400,20158.26,6.2401484504823115,312239.75224,4540004.0,-0.005575349222868675,1440,-0.008868076947532444,bear,"low vol, flat"
1665100800,19960.67,6.828794427756786,320122.1702,5085004.0,0.009351513574113603,1440,-0.009850292500255264,bear,"low vol, flat"
1665187200,19530.09,6.297567668872134,220874.83913,4324772.0,-0.005767282570606652,1440,-0.02180748428132162,bear,"low vol, flat"
1665273600,19417.96,3.0037302262074657,102480.09842,2637385.0,-0.009073650341250275,1440,-0.0057579421714510914,bear,"low vol, flat"
1665360000,19439.02,3.49692987471535,113900.82681,2833704.0,0.0037900788088230685,1440,0.0010839752375062517,bear,"low vol, flat"
1665446400,19131.87,4.817942715747926,212509.09849,4432688.0,-0.013224276842585446,1440,-0.015926855342589974,bear,"low vol, flat"
1665532800,19060.0,5.334072873770549,243473.84286,4792106.0,-0.004257033806280341,1440,-0.003763632670310102,bear,"low vol, flat"
1665619200,19155.53,4.183829497279136,213826.26731,4556597.0,-0.0028473139322837846,1440,0.004999548559698752,bear,"low vol, flat"
1665705600,19375.13,11.4708611658188,399756.68337,7470896.0,-4.5941620900837383e-05,1440,0.011398838108565457,bear,"mid vol, flat"
1665792000,19176.93,6.894925926149276,351634.32601,6688310.0,-0.00010690324356720466,1440,-0.010282290815579742,bear,"mid vol, flat"
1665878400,19069.39,2.801615335884247,113847.64232,3052219.0,-0.014314172580047505,1440,-0.005623562392809589,bear,"low vol, flat"
1665964800,19262.98,3.5075038617535834,131894.61885,3438605.0,0.008938879692588695,1440,0.010100687533673991,bear,"low vol, flat"
1666051200,19549.86,4.475601250131131,222813.87634,5162979.0,0.004012919548312258,1440,0.014783006060810067,bear,"low vol, flat"
1666137600,19327.44,5.168920138720083,260313.07848,5588482.0,-0.0052112860710693005,1440,-0.011442277457684114,bear,"low vol, flat"
1666224000,19123.97,4.023032969271555,186137.29538,4545820.0,-0.007763491121163434,1440,-0.010583325769578877,bear,"low vol, flat"
1666310400,19041.92,4.5591953861792165,223530.13068,5391090.0,-0.009868068583370401,1440,-0.004299657437842441,bear,"low vol, flat"
1666396800,19164.37,5.344136081276019,269310.75769,5679281.0,-0.007919175781514574,1440,0.006409961253210028,bear,"low vol, flat"
1666483200,19204.35,1.756942346032923,110403.90837,2887106.0,-0.01934481796461786,1440,0.0020839900038094328,bear,"low vol, flat"
1666569600,19570.4,3.711746786315091,167057.20184,3939703.0,0.011220155727229396,1440,0.018881404774907296,bear,"low vol, flat"
1666656000,19329.72,4.304437559467286,256168.14467,5676899.0,-0.009957438983234838,1440,-0.01237441278798812,bear,"low vol, flat"
1666742400,20080.07,6.463890221608846,326370.67061,7214687.0,0.0010140004596046574,1440,0.03808397301398081,bear,"mid vol, flat"
1666828800,20771.59,7.602098965344255,380492.69576,8512349.0,0.003503964556631043,1440,0.033858406805052255,bear,"mid vol, flat"
1666915200,20295.11,6.46499578339808,328643.57791,7748080.0,-0.007195083820099966,1440,-0.02320621734790862,bear,"mid vol, flat"
1667001600,20591.84,5.6177053690722145,287039.94569,6638096.0,-0.003077760371910472,1440,0.014514910485441845,bear,"low vol, flat"
1667088000,20809.67,5.223887088080788,254881.77755,6255599.0,0.003928682464573432,1440,0.010522901703300391,bear,"low vol, flat"
1667174400,20627.48,3.8677597545995135,192795.60886,4920007.0,-0.0036293221828932916,1440,-0.008793615102668184,bear,"low vol, flat"
1667260800,20490.74,5.3265688410660585,303567.61628,6571526.0,-0.0036994175919087195,1440,-0.006651090639639534,bear,"low vol, flat"
1667347200,20483.62,3.8119727542501916,279932.43771,5971938.0,-0.004917413649025075,1440,-0.00034753441282120434,bear,"low vol, flat"
1667433600,20151.84,6.893245292379735,373716.27299,7431698.0,-0.005737852229028899,1440,-0.016329943003791314,bear,"low vol, flat"
1667520000,20207.82,3.996537032882086,319185.1544,6948227.0,0.0021745466242147514,1440,0.002774058844849492,bear,"low vol, flat"
1667606400,21148.52,7.230302204004978,453694.39165,9249613.0,0.00245324489454702,1440,0.04550026847944544,bear,"mid vol, flat"
1667692800,21299.37,3.92680404114387,245621.98525,5570832.0,0.0017862326515822385,1440,0.007107568128679631,bear,"low vol, flat"
1667779200,20905.58,3.4725322169853,230036.97217,5268210.0,-0.008558790751883994,1440,-0.018661385830796462,bear,"low vol, flat"
1667865600,20591.13,5.242678446777078,386977.60337,8344242.0,-0.009744654463618972,1440,-0.015155708438383542,bear,"low vol, flat"
1667952000,18547.23,24.898689614033014,760705.362783,14530601.0,-0.014662989323741518,1440,-0.10453994878635697,bear,"high vol, flat"
1668038400,15922.81,22.685499267897534,731926.929729,13605474.0,-0.019839892682151406,1440,-0.1525677793793303,bear,"high vol, flat"
1668124800,17601.15,23.62533255970239,608448.36432,12719887.0,-0.004356440637263384,1440,0.10021156844027068,bear,"high vol, flat"
1668211200,17070.31,16.89974878226462,393552.86492,9900073.0,0.003243598290815264,1440,-0.030623543661599584,bear,"high vol, flat"
1668297600,16812.08,6.788875969823081,167819.96035,5046837.0,-0.007651738728348514,1440,-0.01524302151959489,bear,"mid vol, flat"
1668384000,16329.85,7.486457302888696,184960.78846,5382834.0,-0.0061196246481442645,1440,-0.029102954245262325,bear,"mid vol, flat"
1668470400,16619.46,15.527332075562846,380210.7775,9215128.0,-0.003171799989283648,1440,0.017579576532613217,bear,"mid vol, flat"
1668556800,16900.57,8.483849762671026,282461.84391,7200265.0,-0.0015238544932006692,1440,0.01677305124617945,bear,"mid vol, flat"
1668643200,16662.76,7.128581056416639,261493.40809,6297404.0,-0.008428370053754712,1440,-0.014171059886844972,bear,"mid vol, flat"
1668729600,16692.56,5.2606504013778475,228038.97873,5352083.0,-0.005894533107831171,1440,0.001786821887998613,bear,"low vol, flat"
1668816000,16700.45,5.1358661284506875,214224.18184,5114799.0,-0.006962194684043478,1440,0.00047255399539203324,bear,"low vol, flat"
1668902400,16700.68,2.7905113845443656,104963.15558,3142123.0,-0.001605083413022977,1440,1.377198915086808e-05,bear,"low vol, flat"
1668988800,16280.23,4.718361836567733,154842.13478,4557344.0,-0.018883199745045487,1440,-0.025497948917879043,bear,"low vol, flat"
1669075200,15781.29,9.349053106212104,324096.997753,7440871.0,-0.01266925822043343,1440,-0.03112642711283975,bull,"mid vol, flat"
1669161600,16226.94,7.431658097422762,239548.06623,6276097.0,-0.0032524776436806658,1440,0.027847762883542515,bull,"mid vol, flat"
1669248000,16603.11,6.366572179915353,264927.70408,6260616.0,0.0025706955124420072,1440,0.022917203202952763,bull,"mid vol, flat"
1669334400,16598.95,4.750754599755472,206565.92346,5031851.0,-0.000771109083879605,1440,-0.00025058686248868867,bull,"low vol, flat"
1669420800,16522.14,3.889264972858036,182089.49533,4396465.0,-0.009415059264638155,1440,-0.004638140695062631,bull,"low vol, flat"
1669507200,16458.57,3.409045157925999,181804.81666,3817130.0,-0.01381895048852563,1440,-0.0038549854582061727,bull,"low vol, flat"
1669593600,16428.78,2.9194735686840727,162025.47607,3362221.0,-0.011303124387727613,1440,-0.001811639317102376,bull,"low vol, flat"
1669680000,16212.91,5.825729809642119,252695.40367,5570407.0,-0.0045975940722578785,1440,-0.013226836427964628,bull,"low vol, flat"
1669766400,16442.53,4.2894996050961565,248106.25009,5206638.0,-0.002724515443503658,1440,0.014063432280211785,bull,"low vol, flat"
1669852800,17163.64,7.245826553435799,303019.80719,6519330.0,0.0016808753022557563,1440,0.042921922045644934,bull,"mid vol, flat"
1669939200,16977.37,4.310433119634891,232818.18218,5097720.0,-0.003351992669527177,1440,-0.010911911994265111,bull,"low vol, flat"
1670025600,17092.74,3.9195458508660512,202372.20620000002,4305515.0,-0.01610855641301994,1440,0.00677253117024712,bull,"low vol, flat"
1670112000,16885.2,2.772824553306858,154542.57306,3308694.0,-0.01367546131886556,1440,-0.012216313353322406,bull,"low vol, flat"
1670198400,17105.7,3.2602032837060255,178619.13387,3948990.0,0.0005574398881167479,1440,0.012974242698660987,bull,"low vol, flat"
1670284800,16966.35,4.674520065258843,233703.29225,5138207.0,-0.01149703071844505,1440,-0.008179770631693728,bull,"low vol, flat"
1670371200,17088.96,3.273969809596612,218730.76883,4416864.0,-0.008374157690743508,1440,0.007200670308000312,bull,"low vol, flat"
1670457600,16836.64,3.509050985040118,220657.41334,4284989.0,-0.022892090066408424,1440,-0.014875177009226803,bull,"low vol, flat"
1670544000,17224.1,3.901417066384395,236417.97804,4520282.0,-0.008207769037224671,1440,0.022752101931693858,bull,"low vol, flat"
1670630400,17128.56,3.506879844251138,238422.06465,4282003.0,-0.009891019832672975,1440,-0.005562320142260546,bull,"low vol, flat"
1670716800,17127.49,1.7261035431441931,140573.97937,3032257.0,0.0009724552908913175,1440,-6.247071687148775e-05,bull,"low vol, flat"
1670803200,17085.05,2.1136257748510596,155286.47871,3260722.0,0.001251048073302021,1440,-0.0024809629316511206,bull,"low vol, flat"
1670889600,17209.83,2.9733447644592097,226227.49694,4463916.0,-0.007309494656339562,1440,0.007276920090015793,bull,"low vol, flat"
1670976000,17774.7,7.1448747822348535,284462.9139,6242080.0,0.011891830655961031,1440,0.03229536571300429,bull,"mid vol, flat"
1671062400,17803.15,7.683922583554632,266681.22209,5743730.0,-0.00024372660921011797,1440,0.0015993100237423619,bull,"mid vol, flat"
1671148800,17356.34,4.3679618251765495,223701.96882,4789226.0,-0.014817464492979774,1440,-0.02541755042203242,bull,"low vol, flat"
1671235200,16632.12,6.430400851101573,253379.04116,5703001.0,-0.026163855738224946,1440,-0.04262209197455569,bull,"mid vol, flat"
1671321600,16776.52,3.239305968969749,144825.66684,3905843.0,-0.001700920460957563,1440,0.008644524244230567,bull,"low vol, flat"
1671408000,16738.21,2.550852296347846,112619.31646,3369193.0,-0.013683780619884582,1440,-0.00228615994732273,bull,"low vol, flat"
1671494400,16438.88,4.618464966510173,179094.28305,4681887.0,-0.021630019585373847,1440,-0.01804486904717173,bull,"low vol, flat"
1671580800,16895.56,4.753246625738266,248808.92324,5945803.0,-0.001503770182868848,1440,0.027401604731458917,bull,"low vol, flat"
1671667200,16824.67,3.06073111530082,156810.96362,4375570.0,-0.009312129753494786,1440,-0.004204603849787603,bull,"low vol, flat"
1671753600,16821.43,3.2156740206739833,176044.27235,4678640.0,-0.005092286832358357,1440,-0.0001925929014063854,bull,"low vol, flat"
1671840000,16778.5,3.543460983179589,161612.00947,4561020.0,0.0028238098857667464,1440,-0.0025553638570467996,bull,"low vol, flat"
1671926400,16836.12,1.4846187009481187,100224.29096,3076985.0,-0.010654551603923906,1440,0.0034282735568194056,bull,"low vol, flat"
1672012800,16832.11,2.08661651486047,125441.07202,3570157.0,-0.010315518826191904,1440,-0.00023820676162422671,bull,"low vol, flat"
1672099200,16919.39,1.6621239038838178,124564.00656,3915571.0,-0.008683458166376373,1440,0.005171929813682752,bull,"low vol, flat"
1672185600,16706.36,2.8027304966780644,173749.58616,5047628.0,-0.008957802285449732,1440,-0.012670816273175234,bull,"low vol, flat"
1672272000,16547.31,3.551965188515248,193037.56577,5465468.0,-0.004150443085024078,1440,-0.009565934397528508,bull,"low vol, flat"
1672358400,16633.47,2.364963722961401,160998.47158,4553877.0,0.005942772441318229,1440,0.005193379640447304,bull,"low vol, flat"
1672444800,16607.48,2.8351212366017404,164916.31174,4310415.0,-0.003488811591342726,1440,-0.0015637342071173066,bull,"low vol, flat"
1672531200,16542.4,1.9315747546834252,114490.42864,3344374.0,-0.003915526086548105,1440,-0.003926414431065339,bull,"low vol, flat"
1672617600,16616.75,1.5024792095449746,96925.41374,3218355.0,0.0017761040511189723,1440,0.004484440922006172,bull,"low vol, flat"
1672704000,16672.87,2.5893347732911933,121888.57191,4036118.0,-0.00031219456757681125,1440,0.0033716247385005005,bull,"low vol, flat"
1672790400,16675.18,2.1788606194046576,159541.53733,5097596.0,-0.002193863841715532,1440,0.0001385388353263295,bull,"low vol, flat"
1672876800,16850.36,3.249392962121724,220362.18862,6310703.0,-0.003938781809327293,1440,0.010450635209179993,bull,"low vol, flat"
1672963200,16831.85,1.7936163657376476,163473.56641,4842014.0,-0.009508712656952882,1440,-0.001099096636671959,bull,"low vol, flat"
1673049600,16950.65,2.796672814638433,207401.28415,5388661.0,-0.003668370970402232,1440,0.00703325625515383,bull,"low vol, flat"
1673136000,16943.57,1.0053187413971907,104526.5688,3227161.0,-0.012216096583474511,1440,-0.0004177703515821918,bull,"low vol, flat"
1673222400,17127.83,1.8540789964501474,135155.89695,4036092.0,-0.005583862539709983,1440,0.010816215147354313,bull,"low vol, flat"
1673308800,17178.26,3.22044971588907,266211.52723,6327667.0,-0.010196691774562984,1440,0.0029400048985390725,bull,"low vol, flat"
1673395200,17440.66,2.7704328506504825,221382.42581,5448751.0,-0.011868664282570645,1440,0.01515963093336481,bull,"low vol, flat"
1673481600,17943.26,4.737486077200827,262221.60653,5627464.0,-0.008895025703128447,1440,0.028410295154573717,bull,"low vol, flat"
1673568000,18846.62,9.759679593888949,454568.32178,8911373.0,4.9149179407158996e-05,1440,0.04911903051513278,bull,"mid vol, flat"
1673654400,19930.01,7.636746023140131,368615.87823,8021774.0,-0.004660924261455634,1440,0.05589304850955479,bull,"mid vol, flat"
1673740800,20954.92,12.347652260518343,393913.74951,8659545.0,0.004369877091473119,1440,0.05014682768441858,bull,"mid vol, flat"
1673827200,20871.5,6.24363197677545,178542.22549,5194354.0,-0.010756824189511233,1440,-0.003988871656174453,bull,"mid vol, flat"
1673913600,21185.65,8.359365425147836,293078.08262,6856434.0,-0.00809594412106373,1440,0.014939473685251059,bull,"mid vol, flat"
1674000000,21134.81,6.816428581169406,275407.74409,6440138.0,-0.0042281231918426115,1440,-0.0024026215431760534,bull,"mid vol, flat"
1674086400,20677.47,8.69941280662777,350916.01949,7617173.0,-0.013015039030243262,1440,-0.021876742420547046,bull,"mid vol, flat"
1674172800,21071.59,4.5176074255565615,251385.84925,5819932.0,-0.006115620805971022,1440,0.018880985981668985,bull,"low vol, flat"
1674259200,22667.21,7.592734048530743,338079.13659,7382435.0,0.00686514055084887,1440,0.07299369909677722,bull,"mid vol, flat"
1674345600,22783.55,9.651678432854332,346445.48432,7796520.0,-0.003230354415490851,1440,0.005119397523328573,bull,"mid vol, flat"
1674432000,22707.88,6.645817363148844,253577.75286,6603827.0,-0.007460905298914453,1440,-0.003326783518994958,bull,"mid vol, flat"
1674518400,22916.45,6.8572167944085765,293588.37938,7258655.0,-0.006399983078240263,1440,0.009142992475146272,bull,"mid vol, flat"
1674604800,22632.89,6.079150118007463,293158.78254,7395584.0,-0.01596095937996171,1440,-0.012450835212588274,bull,"low vol, flat"
1674691200,23060.94,8.93531997077074,346042.83223,8060446.0,-0.0021587787996819414,1440,0.018736119160646325,bull,"mid vol, flat"
1674777600,23009.65,6.149652819310669,288924.43581,7181086.0,-0.00884061253884295,1440,-0.002226584082814398,bull,"mid vol, flat"
1674864000,23074.16,5.877342606740092,280833.86315,7079096.0,-0.0051108878890198705,1440,0.0027996835390577957,bull,"low vol, flat"
1674950400,23022.6,2.842831488326474,148115.71085,4181816.0,-0.0026468463591754698,1440,-0.0022370345118361,bull,"low vol, flat"
1675036800,23742.3,6.392742968687006,295688.79204000003,7030837.0,0.01124905728435593,1440,0.03078192520585077,bull,"low vol, flat"
1675123200,22826.15,6.948897121517965,302405.90121,7790224.0,-0.013931076983429887,1440,-0.03935145882331703,bull,"mid vol, flat"
1675209600,23125.13,5.155919940430937,264649.34909,6798411.0,0.005316110751217306,1440,0.013013096440888106,bull,"low vol, flat"
1675296000,23732.66,6.203671781940984,310790.42271,7863213.0,0.004584268838069807,1440,0.025932253556534945,bull,"mid vol, flat"
1675382400,23488.94,6.99798793790413,364177.20751,9102300.0,-0.0015069618270519747,1440,-0.010322486493569372,bull,"mid vol, flat"
1675468800,23431.9,5.569108634286191,332571.02904,8007846.0,-0.000855047779780547,1440,-0.0024313302190961394,bull,"low vol, flat"
1675555200,23326.84,2.8989028982707543,166126.47295,4852404.0,-0.014438457684717783,1440,-0.004493712909869885,bull,"low vol, flat"
1675641600,22932.91,4.548541577847383,209251.33917,5903916.0,-0.0070771013264431,1440,-0.01703163213982073,bull,"low vol, flat"
1675728000,22762.52,4.7328848794552085,265371.6069,6956395.0,-0.0025268231512525197,1440,-0.007457673107037266,bull,"low vol, flat"
1675814400,23240.46,5.545743441442987,308006.72482,8293878.0,0.003960205936129631,1440,0.020779401555923727,bull,"low vol, flat"
1675900800,22963.0,4.2518302071655905,280056.30717,7896433.0,-0.01000104042755876,1440,-0.012010500310640992,bull,"low vol, flat"
1675987200,21796.35,7.018457690272232,402894.6955,9784291.0,-0.010611527199915585,1440,-0.05214170035251797,bull,"mid vol, flat"
1676073600,21625.19,5.19506423291191,338591.94247,6993675.0,-0.011082968196540945,1440,-0.007883685677702701,bull,"low vol, flat"
1676160000,21862.55,2.6796068164592106,177021.58433,4207940.0,-0.006471894002848116,1440,0.010916288456746415,bull,"low vol, flat"
1676246400,21783.54,3.4335218237818452,204435.65163,4561903.0,-0.01001272348379188,1440,-0.003620488630474483,bull,"low vol, flat"
1676332800,21773.97,5.1362430592448485,295730.76791,6503611.0,-0.004355301070303179,1440,-0.00043941906477051873,bull,"low vol, flat"
1676419200,22199.84,6.488885795651133,361958.40109,7695927.0,0.005677531295893387,1440,0.01936986197704016,bull,"low vol, flat"
1676505600,24324.05,7.328047604107101,375669.16111,8335550.0,0.015777577463337474,1440,0.0913804911936591,bull,"mid vol, flat"
1676592000,23517.72,9.06029160804226,450080.68366,11006793.0,-0.0028597813386105645,1440,-0.03371139328266537,bull,"mid vol, flat"
1676678400,24569.97,9.348185739456481,496813.21376,10895009.0,0.002742845162444242,1440,0.043770785975072,bull,"mid vol, flat"
1676764800,24631.95,4.15860071015992,216917.25213,6296097.0,-0.009142089393662112,1440,0.0025194152091874145,bull,"low vol, flat"
1676851200,24271.76,6.021620686738926,300395.99542,7660484.0,-0.003446897681017059,1440,-0.014730846119734409,bull,"low vol, flat"
1676937600,24842.2,7.33035712432628,346938.56997,9808728.0,0.005671080935654196,1440,0.023230285350591018,bear,"mid vol, flat"
1677024000,24452.16,6.980659309116662,376000.82868,10712371.0,-0.0051644395221601596,1440,-0.01582526439406351,bear,"mid vol, flat"
1677110400,24182.21,7.855803637963435,379425.75365,11395957.0,-0.007954832430231469,1440,-0.01110131671752157,bear,"mid vol, flat"
1677196800,23940.2,7.195747072424392,398400.45437,11396877.0,-0.005620191858316785,1440,-0.010058184545767901,bear,"mid vol, flat"
1677283200,23185.29,7.412028205981559,343582.57453,11531424.0,-0.00889540883783423,1440,-0.03204102846148693,bear,"mid vol, flat"
1677369600,23157.07,4.085540205935868,191311.8101,9124568.0,-0.012709778966228151,1440,-0.0012178923770029826,bear,"low vol, flat"
1677456000,23554.85,4.475367794825203,202323.73623,9506015.0,-0.0015665520808676309,1440,0.017031610581687673,bear,"low vol, flat"
1677542400,23492.09,5.793413327992098,283706.0859,11754195.0,-0.003475388964153347,1440,-0.0026679753126401806,bear,"low vol, flat"
1677628800,23141.57,5.120505361846757,264140.99894,9568743.0,-0.006584910585558535,1440,-0.015033201397947948,bear,"low vol, flat"
1677715200,23628.97,6.324850016826204,315287.41737,9390487.0,0.0020185898165834926,1440,0.020842934243896494,bear,"low vol, flat"
1677801600,23465.32,4.804656702674719,239315.45219,7435815.0,-0.001134237290221067,1440,-0.006949915104726756,bear,"low vol, flat"
1677888000,22354.34,8.151227118946048,319954.19785,8214639.0,-0.019688976023228534,1440,-0.04850310083198828,bear,"mid vol, flat"
1677974400,22346.57,2.681761007061751,121257.38132,4169260.0,-0.00965482057467868,1440,-0.0003476439328977676,bear,"low vol, flat"
1678060800,22430.24,4.282780943803726,154841.75786,4835978.0,-0.00034255978963995004,1440,0.00373720670958555,bear,"low vol, flat"
1678147200,22410.0,3.4957590130671066,203751.82957,6471278.0,0.0023003303135444276,1440,-0.0009027606174552005,bear,"low vol, flat"
1678233600,22197.96,5.5153918702461056,292519.80912,7813394.0,-0.005204860295035203,1440,-0.00950689504881197,bear,"low vol, flat"
1678320000,21705.44,4.964780007372087,301460.57272,8018963.0,-0.004791747547503209,1440,-0.022437472391169777,bear,"low vol, flat"
1678406400,20362.22,7.562381277151712,443658.28584,10076702.0,-0.017709786271936357,1440,-0.06388169730657545,bear,"mid vol, flat"
1678492800,20150.69,10.02209537894279,618456.4671,12106261.0,-0.003468065020093363,1440,-0.010442692083691085,bull,"mid vol, flat"
1678579200,20455.73,8.101784175770433,427831.82133,10412300.0,-0.003573516867556109,1440,0.01502450785778997,bull,"mid vol, flat"
1678665600,21997.11,9.947999053463967,430944.94288,9721933.0,0.014696064600910183,1440,0.07264804225261656,bull,"mid vol, flat"
1678752000,24113.48,14.154066763304238,687889.31259,14820760.0,0.007976614565126227,1440,0.09185993913307122,bull,"high vol, down"
1678838400,24670.41,16.402419420476942,699360.93423,15223589.0,0.005887239976498215,1440,0.022833529552860554,bull,"high vol, down"
1678924800,24285.66,12.209241539611142,581450.72984,12613034.0,0.0016080538419089658,1440,-0.015718497080593252,bull,"high vol, down"
1679011200,24998.78,8.713872280717021,439421.32998,10418081.0,0.003152500130257794,1440,0.028940970979109082,bull,"mid vol, flat"
1679097600,27395.13,12.137716337785303,624460.68091,13113359.0,0.018551282032870976,1440,0.0915382366931734,bull,"high vol, down"
1679184000,26907.49,9.373159144040015,371238.97174,9948603.0,0.0003675358202843415,1440,-0.017960573857960682,bull,"mid vol, flat"
1679270400,27972.87,8.338544060798963,372066.99054,9578297.0,0.01138002700496147,1440,0.03883042537639447,bull,"mid vol, flat"
1679356800,27717.01,10.13782683102405,477378.23373,11775950.0,0.004508687405335992,1440,-0.009188807742988914,bull,"mid vol, flat"
1679443200,28105.47,7.992715700845353,420929.7422,11530870.0,3.5488915375562956e-05,1440,0.013917915171175466,bull,"mid vol, flat"
1679529600,27250.97,11.830763885233404,224113.41296,3589327.0,-0.015177428227408628,1440,-0.03087510251124037,bull,"mid vol, flat"
1679616000,28295.41,9.54641814051532,128649.60818,2159091.0,0.013170979872936996,1440,0.03761048387612398,bull,"mid vol, flat"
1679702400,27454.47,7.660341145454715,86242.06544,1511137.0,-0.038762325356478604,1360,-0.03017060445376707,bull,"mid vol, flat"
1679788800,27462.95,5.044149025948877,50844.08102,1088721.0,-0.00374052389549904,1440,0.00030882732901105214,bull,"low vol, flat"
1679875200,27968.05,5.432103426065509,49671.70353,1068196.0,0.016601259296491824,1440,0.018224963671601202,bull,"low vol, flat"
1679961600,27124.91,7.220913378274065,88039.46898,1575264.0,-0.019714319271897103,1440,-0.030610293346194695,bull,"mid vol, flat"
1680048000,27261.07,6.637435034836014,78602.44340999999,1521981.0,-0.008361237405456752,1440,0.0050071832660627535,bull,"mid vol, flat"
1680134400,28348.6,6.827135329729537,89486.16008,1704217.0,0.022327479670753537,1440,0.03911796908951359,bull,"mid vol, flat"
1680220800,28028.53,7.970670218339567,98865.43256,1843652.0,-0.006726445864649535,1440,-0.011354726247077451,bull,"mid vol, flat"
1680307200,28465.36,6.726080644210879,78198.12139,1537349.0,0.013744842086928258,1440,0.015464989442289578,bull,"mid vol, flat"
1680393600,28452.73,3.9505655082873017,30238.44753,822781.0,0.0034494902523191317,1440,-0.0004437956441361024,bull,"low vol, flat"
1680480000,28171.87,4.164531577068881,37365.65692,938464.0,-0.04206055157453389,1440,-0.009920151427765589,bull,"low vol, flat"
1680566400,27800.0,8.079524978153868,79180.01405,1651062.0,0.023864937796130605,1440,-0.013287941665064196,bull,"low vol, flat"
1680652800,28165.47,5.450099562502758,49722.55691,1102007.0,0.00895665463878093,1440,0.013060738888803769,bull,"low vol, flat"
1680739200,28170.01,5.987640786404984,60737.647320000004,1262730.0,0.0061926356485023214,1440,0.00016117729039777373,bull,"low vol, flat"
1680825600,28033.82,4.575711314625826,40118.94963,934548.0,-0.037430248395065,1440,-0.004846298430313922,bull,"low vol, flat"
1680912000,27906.33,3.312437046342855,24762.09387,655634.0,-0.032138902880267696,1440,-0.004558093631494842,bull,"low vol, flat"
1680998400,27938.38,2.201448108343261,19479.96735,624159.0,-0.0011028288504805121,1440,0.0011478259451553896,bull,"low vol, flat"
1681084800,28323.76,3.6840548773661035,32531.16101,777589.0,0.03812511117014073,1440,0.013699657615022787,bull,"low vol, flat"
1681171200,29637.34,5.927266505872984,67754.0622,1285695.0,0.06702453214679725,1440,0.04533402443678369,bull,"mid vol, flat"
1681257600,30200.42,6.109077588211603,67990.07621,1340458.0,0.022705933513469705,1440,0.01882077875793975,bull,"mid vol, flat"
1681344000,29888.07,6.057988010572571,62049.48451,1246556.0,0.0035985312652196924,1440,-0.01039642744810898,bull,"mid vol, flat"
1681430400,30373.84,4.2490888149035015,51934.11731,1054144.0,0.03083115171559265,1440,0.016122307510293865,bull,"low vol, flat"
1681516800,30466.93,5.887078868629671,75984.19452,1504180.0,0.010909974176034733,1440,0.003060121449609099,bear,"low vol, flat"
1681603200,30295.09,2.686370228800001,25429.81247,732418.0,-0.022852008471771452,1440,-0.0056561799008818525,bear,"low vol, flat"
1681689600,30304.65,3.0564244412780774,26431.99322,708233.0,-0.003954351801244955,1440,0.0003155129074574603,bear,"low vol, flat"
1681776000,29430.27,5.344904666465633,56441.81127,1137294.0,-0.0475083238766515,1440,-0.02927742957203172,bear,"low vol, flat"
1681862400,30380.01,4.70272851511012,62004.89434,1141562.0,0.045645542180598166,1440,0.031761089816273014,bear,"low vol, flat"
1681948800,28797.1,7.604025096625061,86575.48656,1699891.0,-0.042043184100125384,1440,-0.053510138704067955,bear,"mid vol, flat"
1682035200,28243.65,6.774804277102289,76879.09372,1434642.0,-0.039541595418276454,1440,-0.01940603406257324,bear,"mid vol, flat"
1682121600,27262.84,6.387394410645314,77684.7679,1463628.0,-0.010896546168351241,1440,-0.03534405077145486,bear,"mid vol, flat"
1682208000,27816.85,3.9294075823670367,36023.696860000004,859500.0,0.03336959681488944,1440,0.02011734939753218,bear,"low vol, flat"
1682294400,27590.6,4.704616509499893,34812.09581,873485.0,0.011744699665067339,1440,-0.00816681718841572,bear,"low vol, flat"
1682380800,27510.93,6.056632335609145,53111.56874,1211080.0,-0.034437089760117015,1440,-0.002891754748672426,bear,"low vol, flat"
1682467200,28300.79,5.331711806839451,52325.14637,1087067.0,0.02564345373277926,1440,0.028306339200071307,bear,"low vol, flat"
1682553600,28415.29,12.354685608894517,129228.40403,2261942.0,-0.0011397928428011391,1440,0.004037661120266378,bear,"mid vol, flat"
1682640000,29472.77,10.507468364573553,95430.82431,1990148.0,0.018580214336618668,1440,0.036539405650366064,bear,"mid vol, flat"
1682726400,29311.7,5.666104302748321,54298.16578,1129240.0,-0.01804357414152049,1440,-0.0054800325013619755,bear,"mid vol, flat"
1682812800,29230.45,3.1622992805705303,20466.83058,619319.0,-0.020405261008419443,1440,-0.0027757795765595006,bear,"low vol, flat"
1682899200,29233.21,5.271717715812024,39752.5372,949458.0,0.0009057997938304777,1440,9.441762633599637e-05,bear,"low vol, flat"
1682985600,28068.26,7.314648727165109,64433.65958,1362793.0,-0.045159716194409616,1440,-0.040665991207925245,bear,"mid vol, flat"
1683072000,28669.86,5.919880323008774,50824.5224,1174697.0,-0.024511542483279684,1440,0.021206996165195946,bear,"mid vol, flat"
1683158400,29026.16,7.0629361314151256,64615.79213,1502909.0,-0.0005164708022593171,1440,0.012351095602062045,bear,"mid vol, flat"
1683244800,28838.16,5.229781411189011,42575.47501,961542.0,-0.038403569416805464,1440,-0.006497982228264476,bear,"low vol, flat"
1683331200,29505.61,6.223724249924546,58415.83048,1288027.0,-0.00465384738633606,1440,0.022880904653343137,bear,"low vol, flat"
1683417600,28848.2,5.544648478688284,49249.28459,1221021.0,-0.05314560712484863,1440,-0.0225328154308162,bear,"low vol, flat"
1683504000,28430.1,4.634680356627004,30003.41028,855425.0,-0.006512201052366512,1440,-0.014599156258650936,bear,"low vol, flat"
1683590400,27668.79,7.307749203657829,68244.36179,1600637.0,-0.052007565121959545,1440,-0.027143379896367392,bear,"mid vol, flat"
1683676800,27628.27,4.897581623610332,40113.31069,1003698.0,0.0018668130032624983,1440,-0.0014655392981985926,bear,"low vol, flat"
1683763200,27598.75,10.48665116346293,71155.11355,1534579.0,-0.03313099947965719,1440,-0.0010690420309256154,bear,"mid vol, flat"
1683849600,26968.62,5.9040785315278645,47635.313650000004,1257000.0,-0.02298881031929563,1440,-0.023096513964306453,bear,"mid vol, flat"
1683936000,26795.01,7.57434856490124,67207.93494,1351633.0,-0.013590507144958876,1440,-0.006458291727408749,bear,"mid vol, flat"
1684022400,26775.28,3.9877305690872222,22814.90421,605049.0,-0.039285953679662665,1440,-0.0007366023552286549,bear,"low vol, flat"
1684108800,26917.62,3.574584830859778,21594.8036,629537.0,-0.011600195335881578,1440,0.0053020169686401886,bear,"low vol, flat"
1684195200,27162.14,4.915405993740839,40430.08333,935914.0,-0.0452037334447909,1440,0.009043001164108944,bear,"low vol, flat"
1684281600,27033.84,4.450960617952021,33270.45451,815642.0,-0.03992899674997561,1440,-0.004734677357133066,bear,"low vol, flat"
1684368000,27405.61,5.08926640450298,42958.97785,1016823.0,0.0071944539993285695,1440,0.013658322391183475,bear,"low vol, flat"
1684454400,26821.28,5.678315462889235,49198.65143,1057318.0,-0.03818933843488074,1440,-0.021552134669640566,bear,"low vol, flat"
1684540800,26880.26,4.587943670571852,28754.13544,756295.0,-0.05250163765661103,1440,0.0021965859345858263,bear,"low vol, flat"
1684627200,27102.43,2.300051517203027,14434.54718,481382.0,-0.061980456251485884,1440,0.008231203535192577,bear,"low vol, flat"
1684713600,26747.78,3.39160859293782,21347.87279,568937.0,-0.0766818139729041,1440,-0.013171912518513906,bear,"low vol, flat"
1684800000,26849.27,3.9158341030887986,26458.83828,717111.0,-0.04457791258702238,1440,0.0037871532594397905,bear,"low vol, flat"
1684886400,27219.61,3.919052584608273,38700.83858,816399.0,-0.019855803341613344,1440,0.013699036917122598,bear,"low vol, flat"
1684972800,26329.01,5.183524075586603,54393.0657,1012767.0,-0.018297219823739434,1440,-0.03326629631528988,bear,"low vol, flat"
1685059200,26473.79,4.731824526034746,37435.44895,753125.0,-0.05046744096814142,1440,0.005483813844003649,bear,"low vol, flat"
1685145600,26705.92,3.368962168955764,35061.18713,655755.0,-0.05836761608818922,1440,0.008730076726596536,bear,"low vol, flat"
1685232000,26854.27,2.4032484193709136,15095.6867,415694.0,-0.05240471637504242,1440,0.005539576292267867,bear,"low vol, flat"
1685318400,28065.0,5.125907554825775,43916.00855,843861.0,0.06323682096104336,1440,0.04409840842612667,bear,"mid vol, flat"
1685404800,27736.4,4.428671574318758,42385.41945,805579.0,-0.04684896022658103,1440,-0.011777618425210079,bear,"low vol, flat"
1685491200,27694.4,4.300548297551279,32686.75371,745633.0,-0.07017230803492965,1440,-0.001515403278954608,bear,"low vol, flat"
1685577600,27210.35,4.893360899309244,46588.80573,908537.0,-0.05716972582289033,1440,-0.0176328110595243,bear,"low vol, flat"
1685664000,26817.93,5.095331087498784,39217.8088,814389.0,-0.05039612462999196,1440,-0.014526721963617817,bear,"low vol, flat"
1685750400,27242.59,4.630281904722913,36380.90269,811087.0,-0.0030661122114119983,1440,0.015710863858149793,bear,"low vol, flat"
1685836800,27069.22,2.5115266315359066,16595.34117,466520.0,-0.06651068867419976,1440,-0.00638426849937801,bear,"low vol, flat"
1685923200,27115.21,2.955088707573832,19258.41049,504474.0,-0.012200479895368545,1440,0.0016975360281126228,bear,"low vol, flat"
1686009600,25728.2,7.122471446035419,65805.60305,1420829.0,-0.07049400165021365,1440,-0.05250715845555831,bear,"mid vol, flat"
1686096000,27230.08,7.041809000256442,68392.60438,1345725.0,0.025952680645673076,1440,0.05673457801927029,bear,"mid vol, flat"
1686182400,26339.34,7.190331086769092,59619.44364,1311928.0,-0.057505151854516684,1440,-0.03325860556385685,bear,"mid vol, flat"
1686268800,26498.61,4.5642987638918235,31075.51083,848252.0,-0.05941321512300296,1440,0.006028639732694074,bear,"low vol, flat"
1686355200,26477.81,3.7610014453326404,27934.7097,746911.0,-0.0866507118203559,1440,-0.0007852550651321621,bear,"low vol, flat"
1686441600,25841.21,7.302303317083317,64944.60108,1713871.0,-0.028152288097786818,1440,-0.02433651927770164,bear,"low vol, flat"
1686528000,25925.55,4.242750976190116,30014.29595,833902.0,-0.0493791615991579,1440,0.003258464490494717,bear,"low vol, flat"
1686614400,25905.19,4.808663091415496,29900.50893,858037.0,-0.04884755150553889,1440,-0.0007856342026855145,bear,"low vol, flat"
1686700800,25934.25,5.377440447104212,41065.60853,1007138.0,-0.020088701459210965,1440,0.0011211542039806233,bear,"low vol, flat"
1686787200,25128.6,6.522768266160695,45077.31608,957418.0,-0.08041829406095363,1440,-0.031557849238028624,bull,"low vol, flat"
1686873600,25598.49,5.125038928023175,48664.86063,943268.0,-0.012190072309264971,1440,0.0185267256736541,bull,"low vol, flat"
1686960000,26345.0,5.523684728699726,51596.91662,926194.0,-0.06755438092688112,1440,0.028745138290378947,bull,"low vol, flat"
1687046400,26516.99,4.6651140357357415,27842.2195,666967.0,-0.005564080119402829,1440,0.006507155969032397,bull,"low vol, flat"
1687132800,26339.97,3.4188775373524134,21538.31022,555956.0,-0.037336241877195885,1440,-0.006698102267959527,bull,"low vol, flat"
1687219200,26844.35,4.557909025822966,35872.65974,732735.0,-0.01913045213189994,1440,0.01896781314400897,bull,"low vol, flat"
1687305600,28307.99,6.685113457842211,69666.95525,1189024.0,0.006289839830484048,1440,0.053088726450114976,bull,"mid vol, flat"
1687392000,29993.89,9.42252563856028,108926.40412,1872873.0,0.025407383474727624,1440,0.057849597296170785,bull,"mid vol, flat"
1687478400,29884.92,6.446465582217705,59054.5646,1146092.0,-0.05501180784253881,1440,-0.003639688908208427,bull,"mid vol, flat"
1687564800,30688.5,8.154468771628299,73931.89635,1338533.0,-0.018304163923965083,1440,0.026533986237444296,bull,"mid vol, flat"
1687651200,30527.43,4.333537628981924,30513.30135,776343.0,-0.04975444618679397,1440,-0.0052623678739376345,bull,"low vol, flat"
1687737600,30462.66,4.5055125064018595,30223.44801,789910.0,-0.032011521308881935,1440,-0.002123952410926222,bull,"low vol, flat"
1687824000,30267.99,5.649614199229663,45180.41489,954783.0,-0.013838943522813714,1440,-0.006410952846691131,bull,"low vol, flat"
1687910400,30692.44,5.095730861496692,42699.64157,824373.0,-0.00929870170804802,1440,0.013925651745680057,bull,"low vol, flat"
1687996800,30077.41,5.282998044910769,40463.51937,895470.0,-0.05214600318637582,1440,-0.020241978544882855,bull,"low vol, flat"
1688083200,30447.31,4.556642626931718,36330.62903,758428.0,-0.018217462996676283,1440,0.012223257058952441,bull,"low vol, flat"
1688169600,30472.0,10.277609411736604,89419.07618,1559366.0,-0.008716832395259552,1440,0.0008105804662541516,bull,"mid vol, flat"
1688256000,30585.9,2.5789740988962087,17501.75075,567975.0,-0.07413391086031777,1440,0.0037308892745926414,bull,"low vol, flat"
1688342400,30617.03,4.337100750626101,23286.41019,591533.0,-0.08699990137895953,1440,0.0010172716464573739,bull,"low vol, flat"
1688428800,31156.2,4.261580348103381,43761.64311,781855.0,-0.04546804801178316,1440,0.01745687224902781,bull,"low vol, flat"
1688515200,30766.51,3.7518822099406792,33206.11943,779472.0,-0.1503153092164856,1440,-0.012586501609655798,bull,"low vol, flat"
1688601600,30504.81,3.62629074696552,33215.67122,827926.0,-0.05953325124465141,1440,-0.008542384639438794,bull,"low vol, flat"
1688688000,29895.43,6.896005896336259,71319.6261,1397042.0,-0.047874078240575574,1440,-0.020178750191661265,bull,"low vol, flat"
1688774400,30344.7,4.787062855784512,34070.53895,912948.0,-0.12676091729391326,1440,0.014916247025860585,bull,"low vol, flat"
1688860800,30284.63,2.25024962344269,13094.59042,480214.0,-0.08497868389227563,1440,-0.001981549842481556,bull,"low vol, flat"
1688947200,30160.71,2.636818175169007,15388.50196,473168.0,-0.08797478165964379,1440,-0.004100239112277748,bull,"low vol, flat"
1689033600,30411.57,5.1693497734349405,41262.87652,896853.0,-0.05124235870892688,1440,0.008283044133909456,bull,"low vol, flat"
1689120000,30622.1,3.7914236588071315,28476.83311,691213.0,-0.03991003935058001,1440,0.006898842392956794,bull,"low vol, flat"
1689206400,30380.0,4.705553635026372,38108.99669,784195.0,-0.04215375710538023,1440,-0.007937473335964285,bull,"low vol, flat"
1689292800,31454.23,6.592517490676559,70772.51836,1301632.0,0.019741634639776625,1440,0.03474897613970285,bear,"mid vol, flat"
1689379200,30312.01,6.261827781639561,60749.48424,1274387.0,-0.06126676409788065,1440,-0.036989469688736065,bear,"mid vol, flat"
1689465600,30289.52,1.7590140709425808,14118.55329,488354.0,-0.08906391782298531,1440,-0.0007422255191400495,bear,"low vol, flat"
1689552000,30231.99,2.789160383049043,15760.1281,494225.0,-0.07076342609169525,1440,-0.0019011428276591857,bear,"low vol, flat"
1689638400,30138.0,4.649184695967723,30882.76839,816466.0,-0.07053546827444905,1440,-0.003113801275832273,bear,"low vol, flat"
1689724800,29859.13,4.747993660454768,30003.8601,754775.0,-0.08203836679001185,1440,-0.009296178277228506,bear,"low vol, flat"
1689811200,29909.21,3.7884645550910165,25657.36137,617415.0,-0.044252210257581845,1440,0.0016758040032573973,bear,"low vol, flat"
1689897600,29800.0,4.277441782341389,37540.68193,749723.0,-0.037772677455462436,1440,-0.0036580662106331374,bear,"low vol, flat"
1689984000,29901.72,2.9772413116543364,23881.40865,555611.0,-0.03134789329104343,1440,0.003407610314390297,bear,"low vol, flat"
1690070400,29794.0,2.0945052847053125,14660.40467,423988.0,-0.08249391454212836,1440,-0.003608972868347493,bear,"low vol, flat"
1690156800,30083.75,2.7595041541975105,18292.78637,519434.0,-0.028102469443533045,1440,0.009678127907076117,bear,"low vol, flat"
1690243200,29176.5,6.219199768013931,39628.99691,869107.0,-0.08916857517300199,1440,-0.030621568131758536,bear,"low vol, flat"
1690329600,29228.91,2.624385838991546,21565.7478,533797.0,-0.048742047331185055,1440,0.001794697240116605,bear,"low vol, flat"
1690416000,29351.96,3.960719925536448,33931.63366,750401.0,-0.05763790684518425,1440,0.004201036310069739,bear,"low vol, flat"
1690502400,29222.78,2.575228396483533,22476.47626,583045.0,-0.07592654917341558,1440,-0.004410782171051508,bear,"low vol, flat"
1690588800,29314.14,2.468289587153927,23993.61627,543177.0,-0.04788329683493765,1440,0.0031214513568595947,bear,"low vol, flat"
1690675200,29352.9,1.1216530430153333,10851.36844,339750.0,0.0032084432661656738,1440,0.0013213554199946742,bear,"low vol, flat"
1690761600,29281.09,2.39883093857912,15706.97441,454846.0,-0.016944149971401166,1440,-0.002449433712540028,bear,"low vol, flat"
1690848000,29232.25,2.858689184328533,22605.48964,563115.0,-0.024199344880901214,1440,-0.0016693633056039658,bear,"low vol, flat"
1690934400,29705.99,4.651718451773927,44719.65162,900141.0,-0.02361714507470924,1440,0.01607615710438992,bear,"low vol, flat"
1691020800,29186.01,4.603153463268378,48181.65141,945158.0,-0.04719685904182254,1440,-0.01765922409943066,bear,"low vol, flat"
1691107200,29193.64,2.875874792579785,26476.91994,651970.0,-0.02548390755152158,1440,0.00026139245587941673,bear,"low vol, flat"
1691193600,29113.99,2.660134840571167,23551.95217,544850.0,-0.10498892372708145,1440,-0.0027320626663573933,bear,"low vol, flat"
1691280000,29072.13,1.107196686405863,11645.52018,331924.0,-0.05689121393974523,1440,-0.0014388313646502837,bear,"low vol, flat"
1691366400,29088.42,1.5047553771776718,13178.1972,338654.0,-0.017886168830437706,1440,0.0005601735343265801,bear,"low vol, flat"
1691452800,29211.06,3.298198344053064,30966.87746,671438.0,-0.006971678054362047,1440,0.0042072478486439024,bear,"low vol, flat"
1691539200,29770.42,4.136850313527252,45700.53392,877168.0,0.0586143860964326,1440,0.018967878407380567,bear,"low vol, flat"
1691625600,29581.99,3.4254310629483906,38003.88725,750252.0,-0.015845002539838945,1440,-0.006349552885030363,bear,"low vol, flat"
1691712000,29455.75,2.5405718869331686,23463.45373,513691.0,-0.04497729456813438,1440,-0.004276592986208527,bear,"low vol, flat"
1691798400,29426.03,1.9914211633755448,20637.0443,437828.0,-0.04986974903184185,1440,-0.00100948043771254,bear,"low vol, flat"
1691884800,29430.17,0.6685115384444533,8971.48068,310852.0,-0.06771436752400178,1440,0.0001406818655240727,bear,"low vol, flat"
1691971200,29303.84,1.030594211811049,11101.70947,341726.0,-0.0529260211310501,1440,-0.004301773191171421,bear,"low vol, flat"
1692057600,29430.93,2.825377823579444,31443.11532,671592.0,-0.04359919003089424,1440,0.004327596697699221,bear,"low vol, flat"
1692144000,29200.0,2.256711221312251,27503.87691,591162.0,-0.07273875957729471,1440,-0.007877452879609947,bear,"low vol, flat"
1692230400,28730.51,2.9989149386425527,32996.69854,768028.0,-0.10525227170196762,1440,-0.016209084961303688,bear,"low vol, flat"
1692316800,26623.41,17.99388290006597,100271.54033,1976577.0,-0.052652536229369454,1440,-0.07616872037641187,bear,"high vol, down"
1692403200,26054.0,7.277937816611208,69790.65711,1293122.0,-0.03934861432342796,1440,-0.02161959666114832,bear,"mid vol, flat"
1692489600,26100.01,3.446529430448694,26160.75343,615764.0,-0.009791823109583854,1440,0.001764390194963994,bear,"low vol, flat"
1692576000,26189.99,2.690187940257772,19056.91209,451543.0,0.03995120019467956,1440,0.003441579224087832,bear,"low vol, flat"
1692662400,26126.92,3.6371650780729277,30267.24233,565987.0,-0.07146660493268665,1440,-0.002411076286948699,bear,"low vol, flat"
1692748800,26056.0,5.226397827520933,34247.06688,603624.0,-0.040097130794051805,1440,-0.002718132433543019,bear,"low vol, flat"
1692835200,26432.72,5.332849779548173,44023.69978,673711.0,-0.002552472885321992,1440,0.014354568703083714,bear,"low vol, flat"
1692921600,26180.05,3.7775483537539882,30205.22116,575619.0,-0.07380681929759464,1440,-0.009604966342235954,bear,"low vol, flat"
1693008000,26060.01,4.119297859180208,27753.33772,611438.0,-0.044535898797832985,1440,-0.004595714908301574,bear,"low vol, flat"
1693094400,26017.37,1.4135903899518916,10022.22322,329412.0,-0.06569507039975903,1440,-0.0016375635459642268,bear,"low vol, flat"
1693180800,26101.77,1.738547247959316,12099.64216,349090.0,0.01994531051486904,1440,0.0032387362406804954,bear,"low vol, flat"
1693267200,26120.0,3.4621854522562487,22692.62655,523057.0,-0.03824218267937796,1440,0.0006981762870346131,bear,"low vol, flat"
1693353600,27716.34,9.821454418253136,74251.99488,1137083.0,0.02207491586790359,1440,0.05932082656409854,bear,"mid vol, flat"
1693440000,27299.99,4.904604372504259,35448.25848,690292.0,-0.056902773972325016,1440,-0.015135795081848258,bear,"low vol, flat"
1693526400,25940.78,7.05848878984233,51032.80401,944690.0,-0.035988147342249144,1440,-0.051070088063355,bear,"mid vol, flat"
1693612800,25805.05,5.478003873600961,41032.15056,881179.0,-0.02705609978635249,1440,-0.005246038619320714,bear,"mid vol, flat"
1693699200,25869.51,2.211189764363549,16250.77698,567728.0,-0.06036318516999302,1440,0.002494845952616842,bear,"low vol, flat"
1693785600,25971.21,2.9394934662827588,17474.47667,496412.0,-0.017634102343621196,1440,0.0039235616506463344,bear,"low vol, flat"
1693872000,25826.02,3.4822018196749904,21777.59609,596830.0,-0.06533590227864308,1440,-0.005606105973525288,bear,"low vol, flat"
1693958400,25792.1,3.2194634508337767,21323.39337,566736.0,-0.06894196362143086,1440,-0.001314267349624032,bear,"low vol, flat"
1694044800,25759.95,4.307459222931736,27262.52386,636302.0,-0.06562534669158106,1440,-0.0012472832474372808,bear,"low vol, flat"
1694131200,26255.0,4.232512122425867,27687.49567,631929.0,-0.024383301330192196,1440,0.019035486849341865,bear,"low vol, flat"
1694217600,25910.5,4.205009239707426,28999.76471,646852.0,-0.01799896706817101,1440,-0.01320815513349416,bear,"low vol, flat"
1694304000,25901.61,1.4966841023780069,10980.62277,359038.0,-0.05061058936641721,1440,-0.0003431630206609526,bear,"low vol, flat"
1694390400,25841.61,3.04539138698617,18738.26914,489773.0,-0.06634805438598797,1440,-0.0023191454606887874,bear,"low vol, flat"
1694476800,25162.52,5.833949755777776,41682.32,864138.0,-0.05643916029625998,1440,-0.026630397675802442,bull,"low vol, flat"
1694563200,25840.1,7.418416279833646,56434.38537,1047056.0,-0.017601835538516544,1440,0.026571963076776228,bull,"mid vol, flat"
1694649600,26222.0,5.01251288356375,31610.82753,714880.0,-0.03279973512291026,1440,0.014671204201256671,bull,"low vol, flat"
1694736000,26522.73,4.8013383014015405,38333.1725,799278.0,0.014288847081467044,1440,0.011403348118843581,bull,"low vol, flat"
1694822400,26600.0,3.581067849652058,26227.29369,654094.0,-0.03913905117825368,1440,0.0029091145916009253,bull,"low vol, flat"
1694908800,26559.67,2.3028231676204474,13960.93351,526416.0,-0.0675532527480679,1440,-0.0015173159554038307,bull,"low vol, flat"
1694995200,26527.51,1.760336335165338,12998.10277,476775.0,-0.02141186255599976,1440,-0.0012115920994144602,bull,"low vol, flat"
1695081600,26762.51,5.27347230088755,43000.43256,938705.0,0.0023953140437896346,1440,0.008819719840065687,bull,"low vol, flat"
1695168000,27210.26,5.371461833072147,36190.52187,898076.0,-0.013490015749253395,1440,0.016592080487148664,bull,"low vol, flat"
1695254400,27125.0,4.959267726715547,34207.21867,867288.0,-0.007026497895626813,1440,-0.0031382961994257386,bull,"low vol, flat"
1695340800,26568.08,4.038583732396489,34476.82662,823416.0,-0.020862203703596035,1440,-0.02074531664949042,bull,"low vol, flat"
1695427200,26580.14,2.9553500185055026,18198.2292,567149.0,-0.06759095110198976,1440,0.00045382517822822876,bull,"low vol, flat"
1695513600,26575.96,1.2290882654313815,9440.7026,421717.0,-0.0705782215827878,1440,-0.00015727263695453075,bull,"low vol, flat"
1695600000,26248.38,3.606072394807955,15706.65771,545045.0,-0.03899816761207057,1440,-0.012402774904893832,bull,"low vol, flat"
1695686400,26304.81,3.851656286207835,26266.2039,873488.0,-0.036436165790976735,1440,0.0021475393477565774,bull,"low vol, flat"
1695772800,26221.67,2.825298630013033,18495.35066,697727.0,-0.04692140181353013,1440,-0.003165644049664351,bull,"low vol, flat"
1695859200,26372.99,4.260815266733962,34771.57978,939690.0,-0.03290243547283548,1440,0.005754212215801857,bull,"low vol, flat"
1695945600,27021.39,5.231503998612347,44517.83491,1158974.0,0.00917721921620741,1440,0.02428839422275786,bull,"low vol, flat"
1696032000,26906.96,4.4286135065374195,28478.76219,878610.0,0.01193692646232247,1440,-0.004243785383295062,bull,"low vol, flat"
1696118400,26962.56,1.9195267157361957,12804.62307,534908.0,-0.02828178760282705,1440,0.0020642478248635854,bull,"low vol, flat"
1696204800,27992.57,7.174915240413943,24602.81468,883593.0,0.04183095362810748,1440,0.037489880793176056,bull,"mid vol, flat"
1696291200,27494.51,7.116161433503802,57071.14241,1464158.0,-0.003923566281385031,1440,-0.017952769440013228,bull,"mid vol, flat"
1696377600,27426.46,4.51812665058599,28928.96555,1202377.0,-0.06239058243823033,1440,-0.0024781075361435256,bull,"low vol, flat"
1696464000,27778.57,4.3456429485811565,29816.142,1188381.0,0.011378457347030314,1440,0.012756619276586889,bull,"low vol, flat"
1696550400,27410.39,4.752642165875969,30681.49619,1210397.0,-0.023124950804428255,1440,-0.013342721522066725,bull,"low vol, flat"
1696636800,27931.09,5.805939592341345,37983.24277,1326700.0,0.005245401273568067,1440,0.018818266735083355,bull,"low vol, flat"
1696723200,27956.67,2.1520066792064627,13348.83825,641623.0,-0.042261091147763455,1440,0.0009154062279908004,bull,"low vol, flat"
1696809600,27917.05,3.0072971404975837,19693.56921,822730.0,-0.06405155797555907,1440,-0.0014181982742726973,bull,"low vol, flat"
1696896000,27590.12,4.519515909348753,31534.74639,1156525.0,-0.043757647926972947,1440,-0.011779875664382544,bull,"low vol, flat"
1696982400,27390.12,3.900340934309696,22776.84383,1002272.0,-0.04717060440941711,1440,-0.007275373195295032,bull,"low vol, flat"
1697068800,26875.52,5.036776648201391,37349.44706,1336479.0,-0.06504225500574257,1440,-0.01896652932854792,bull,"low vol, flat"
1697155200,26759.63,3.57948746117195,23428.64112,1066082.0,-0.04997824047936073,1440,-0.004321426540286666,bull,"low vol, flat"
1697241600,26862.0,3.9724873577335744,24115.76499,1035322.0,-0.07034639832920352,1440,0.0038182399293198444,bull,"low vol, flat"
1697328000,26852.48,1.6280228454577144,10417.25576,517837.0,-0.15930792314539474,1440,-0.0003544668067032575,bull,"low vol, flat"
1697414400,27154.15,2.495022994593537,15274.6917,682942.0,0.021649743673713605,1440,0.011171707530674979,bull,"low vol, flat"
1697500800,28500.78,14.375052758780592,78399.22445,2289339.0,0.03924603886818169,1440,0.04840156611029478,bull,"mid vol, flat"
1697587200,28395.91,5.414877865732361,38428.44532,1345810.0,-0.01145790146682936,1440,-0.003686334609520614,bull,"mid vol, flat"
1697673600,28320.0,5.25810539840653,32162.47591,1215235.0,-0.030538291664747644,1440,-0.0026768518861093327,bull,"low vol, flat"
1697760000,28713.71,4.894077396135769,35895.50179,1330256.0,0.026715689213938132,1440,0.013806440226000305,bull,"low vol, flat"
1697846400,29669.04,6.739457933808914,59422.0992,1915748.0,-0.008222204644025764,1440,0.032729368812681514,bull,"mid vol, flat"
1697932800,29909.8,4.01834522140358,27517.51897,1152137.0,0.005622960055689867,1440,0.008082108028451884,bull,"low vol, flat"
1698019200,29992.46,4.012149480469697,22852.54563,1008299.0,-0.02317504397867816,1440,0.0027598308466529886,bull,"low vol, flat"
1698105600,33069.99,15.321810291586168,93513.64246,2839938.0,0.02314976962774161,1440,0.09768020786547815,bull,"high vol, down"
1698192000,33922.73,13.233611675631344,115265.02418,2850160.0,-0.003872680053429815,1440,0.025459066570862277,bull,"high vol, down"
1698278400,34496.05,7.905912534109391,54887.02529,1643976.0,-0.04711528337228274,1440,0.016759533553248218,bull,"mid vol, flat"
1698364800,34151.66,6.044688307851089,39744.66255,1382785.0,-0.0676267241322949,1440,-0.01003363081587949,bull,"mid vol, flat"
1698451200,33892.02,5.603896315001884,32330.40106,1112240.0,-0.11474501887914407,1440,-0.007631605467210534,bull,"low vol, flat"
1698537600,34081.0,3.7380147622496867,16880.13144,607438.0,-0.015018618836062826,1440,0.005560455807826159,bull,"low vol, flat"
1698624000,34525.89,3.770080730261819,20685.52176,717480.0,-0.027922904082454188,1440,0.01296943313090182,bull,"low vol, flat"
1698710400,34474.73,5.0156150525757495,33657.95976,1117727.0,-0.09456378707132893,1440,-0.0014828854979818118,bull,"low vol, flat"
1698796800,34639.77,4.484112854472726,32737.89822,1179053.0,-0.03208233506445299,1440,0.004775852062776309,bull,"low vol, flat"
1698883200,35421.43,6.6153969715727685,53473.28165,1624635.0,-0.035817436127000786,1440,0.022314560261213146,bull,"low vol, flat"
1698969600,34941.59,5.908166933339951,48015.57732,1450837.0,-0.029341942732679708,1440,-0.01363919395731017,bull,"low vol, flat"
1699056000,34716.78,5.462559716106646,39071.20644,1237373.0,-0.018773238065386975,1440,-0.00645466669736372,bull,"low vol, flat"
1699142400,35062.07,3.1772666756261234,18377.55545,794787.0,0.0043954447706481764,1440,0.009896775837230365,bull,"low vol, flat"
1699228800,35011.88,4.526131747180745,24528.73376,1038468.0,-0.032128437925529454,1440,-0.0014324869251005623,bull,"low vol, flat"
1699315200,35046.09,3.9922337364883806,22346.47086,988246.0,-0.03606459046929794,1440,0.0009766198683500704,bull,"low vol, flat"
1699401600,35399.12,5.518002899588523,38688.73692,1352796.0,0.0015973754875427727,1440,0.010022908737337133,bull,"low vol, flat"
1699488000,35624.72,5.294744848860091,33401.34137,1132568.0,0.029469104821163522,1440,0.006352817835121982,bull,"low vol, flat"
1699574400,36701.09,11.04129585395676,82537.88885,2138765.0,0.02151419057043163,1440,0.0297666759831543,bull,"mid vol, flat"
1699660800,37301.63,6.053468440691121,43414.04898,1297729.0,-0.014670628862408337,1440,0.016230570534908395,bull,"mid vol, flat"
1699747200,37130.0,3.838525133733152,22984.97235,923300.0,-0.06646327377461478,1440,-0.004611757237880099,bull,"low vol, flat"
1699833600,37064.13,3.06429765054328,17687.18874,810885.0,-0.03812181403792719,1440,-0.0017756126342121092,bull,"low vol, flat"
1699920000,36462.93,4.959851385550447,32798.18252,1217191.0,-0.058335314123985224,1440,-0.01635352749252128,bull,"low vol, flat"
1700006400,35551.19,7.945006429406413,45503.68416,1404428.0,-0.06797937171687671,1440,-0.025322498392936765,bull,"mid vol, flat"
1700092800,37858.2,8.9343023084108,53569.13385,1545427.0,0.05068498881469227,1440,0.06287397140001083,bull,"mid vol, flat"
1700179200,36163.51,7.498414954738525,47490.39566,1542446.0,-0.06448245076591984,1440,-0.045797001672132964,bull,"mid vol, flat"
1700265600,36613.92,7.242811149714595,38283.61112,1349322.0,-0.03857741881691134,1440,0.012377896572665747,bull,"mid vol, flat"
1700352000,36568.1,3.055649967457966,17102.24186,784498.0,-0.052574787993320916,1440,-0.0012522203127858234,bull,"low vol, flat"
1700438400,37359.86,3.607066640038825,21246.34648,862400.0,-0.004510922388007627,1440,0.021420590373205428,bull,"low vol, flat"
1700524800,37448.78,6.011393180944604,36022.70291,1485050.0,-0.023325564217080003,1440,0.0023772666332870784,bull,"low vol, flat"
1700611200,35741.65,7.4888124613136124,47646.54804,1936895.0,-0.060942645363569616,1440,-0.046657457238005406,bull,"mid vol, flat"
1700697600,37408.34,5.796090723832292,45051.30697,1648374.0,0.023131770865026248,1440,0.045576998787717926,bull,"mid vol, flat"
1700784000,37294.28,3.9392282524767603,23827.92882,992284.0,-0.06946580177000887,1440,-0.00305371052944281,bull,"low vol, flat"
1700870400,37713.57,6.217421126669273,44680.80646,1379414.0,0.0003925233537515064,1440,0.011180012954367768,bull,"low vol, flat"
1700956800,37780.67,1.932813712970566,11396.14464,569448.0,-0.0954991669884598,1440,0.0017776195288341512,bull,"low vol, flat"
1701043200,37447.43,3.165397768916964,21264.53723,848020.0,-0.04023150848507796,1440,-0.008859513391714202,bull,"low vol, flat"
1701129600,37242.7,4.799604889654745,30001.07376,1238017.0,-0.03612528433715627,1440,-0.0054821303093675056,bull,"low vol, flat"
1701216000,37818.87,5.168425842622708,37544.46667,1272779.0,-0.03215767374223309,1440,0.015352231946753392,bull,"low vol, flat"
1701302400,37854.64,4.6688972828570225,32994.19107,1131353.0,-0.05504792059143523,1440,0.0009453771250758081,bull,"low vol, flat"
1701388800,37723.96,3.594086072193315,24740.29147,1007791.0,-0.07159911564291695,1440,-0.0034581251896561582,bull,"low vol, flat"
1701475200,38682.52,4.927231496970087,43415.66324,1523417.0,0.03226675986166507,1440,0.02509238206309128,bull,"low vol, flat"
1701561600,39450.35,4.323437325888444,26696.92161,1034690.0,-0.013620068085445471,1440,0.01965510083116584,bull,"low vol, flat"
1701648000,39972.26,4.059434722138841,26710.65335,1151524.0,-0.0016495556818718388,1440,0.01314279428918752,bull,"low vol, flat"
1701734400,41991.1,7.390912014384052,79272.33059,2112219.0,-0.0262524448885387,1440,0.04927197753490198,bull,"mid vol, flat"
1701820800,44073.32,8.141098821465565,67490.74644,2072700.0,0.03172093854234149,1440,0.048396919644705605,bull,"mid vol, flat"
1701907200,43762.69,6.83035933030774,51431.10492,1876282.0,-0.02422376656962557,1440,-0.007072982823142837,bull,"mid vol, flat"
1701993600,43273.14,6.142279987506977,47103.26845,1414759.0,-0.03889146274307009,1440,-0.011249508685349241,bull,"mid vol, flat"
1702080000,44170.99,5.127059340578511,42900.37556,1311268.0,-0.02944072921304753,1440,0.020536119557329258,bull,"low vol, flat"
1702166400,43713.6,3.896100081896815,24925.97008,987352.0,-0.06940370202033079,1440,-0.010408972260494309,bull,"low vol, flat"
1702252800,43789.51,2.9780075333356977,18956.61758,830667.0,-0.067143028793431,1440,0.001735024481821057,bull,"low vol, flat"
1702339200,41253.4,11.917134586911171,76663.89804,2087142.0,-0.04781145694010424,1440,-0.0596607573549246,bull,"mid vol, flat"
1702425600,41492.39,6.741918620474717,42722.69773,1526411.0,0.001571188936246982,1440,0.005776503301278879,bull,"mid vol, flat"
1702512000,42869.03,7.070878151034868,45865.99773,1724659.0,-0.02520494630478409,1440,0.0326396168808305,bull,"mid vol, flat"
1702598400,43022.26,7.298131477513742,42047.05709,1599536.0,-0.021106595595986787,1440,0.0035680023564594876,bull,"mid vol, flat"
1702684800,41940.3,5.236535970349668,33421.7932,1323628.0,-0.02332370723902394,1440,-0.025470477640977762,bull,"mid vol, flat"
1702771200,42278.03,3.649642116510874,24118.85747,1180886.0,0.011117970672265063,1440,0.00802038725814036,bull,"low vol, flat"
1702857600,41374.65,4.840477704266912,27722.11452,1227634.0,-0.0443828496239831,1440,-0.02159919133520738,bull,"low vol, flat"
1702944000,42657.8,6.4857317857637105,46734.0925,1741647.0,-0.0047608730179151465,1440,0.03054176670855213,bull,"mid vol, flat"
1703030400,42275.99,6.479617346134946,40927.86444,1609188.0,-0.014673267912143224,1440,-0.008990828549253038,bull,"low vol, flat"
1703116800,43668.93,6.635157593255349,48710.2947,1934588.0,-0.018189605820635675,1440,0.03241755264462931,bull,"mid vol, flat"
1703203200,43861.8,6.111954153774318,34624.29384,1500702.0,-0.014628542096499216,1440,0.004406916568445496,bull,"mid vol, flat"
1703289600,43969.04,5.390099825413071,32783.19638,1404109.0,-0.020887251873272023,1440,0.0024419680670515476,bull,"low vol, flat"
1703376000,43702.16,3.1429544032993526,16557.1293,849658.0,-0.061998550678709824,1440,-0.006088221088726087,bull,"low vol, flat"
1703462400,42991.5,5.0657854540871625,25144.33496,1137678.0,-0.05813646224191092,1440,-0.016395107062852077,bull,"low vol, flat"
1703548800,43576.13,4.569825997765897,27021.23992,1168428.0,0.013368693704267237,1440,0.013507101635685359,bull,"low vol, flat"
1703635200,42508.93,5.649773581793455,41010.04282,1475816.0,0.02882927640893395,1440,-0.024795351864669968,bull,"low vol, flat"
1703721600,43428.85,5.181277213342669,36191.21136,1439770.0,0.04902996924720782,1440,0.021409795298209744,bull,"low vol, flat"
1703808000,42563.76,5.660399938697048,35150.52485,1391826.0,-0.008673743885790097,1440,-0.020120779808234346,bull,"low vol, flat"
1703894400,42066.95,6.4572618924823,42597.18912,1571137.0,-0.004847891709902609,1440,-0.011740790238734533,bull,"low vol, flat"
1703980800,42140.28,4.456145593231733,22906.57818,936545.0,0.023958828581353855,1440,0.001741656115189727,bull,"low vol, flat"
1704067200,42283.58,4.570687630213824,23585.91603,1016484.0,0.017314624095182876,1440,0.0033947781497314367,bull,"low vol, flat"
1704153600,44179.55,4.448711770330606,27174.29903,1114623.0,0.054800477773354395,1440,0.043863181313779975,bull,"mid vol, flat"
1704240000,44946.91,7.908109946530979,65146.40661,2247532.0,0.038189095292603746,1440,0.017220003171136256,bull,"mid vol, flat"
1704326400,42845.23,15.90609161143492,81194.55173,2658041.0,-0.03678286814035724,1440,-0.047887695212560644,bull,"mid vol, flat"
1704412800,44151.1,7.920984347835638,48038.06334,1819944.0,-0.017200155513180153,1440,0.030023521507555273,bull,"mid vol, flat"
1704499200,44145.11,12.105410487046209,48075.25327,2064845.0,-0.000938627400391908,1440,-0.0001356796630158641,bull,"mid vol, flat"
1704585600,43968.32,4.131049248317679,17835.06144,956642.0,0.014694651929385088,1440,-0.004012787545088159,bull,"low vol, flat"
1704672000,43929.02,4.6427388503393825,23023.8508,1109259.0,0.008825462854371868,1440,-0.0008942250725407774,bull,"low vol, flat"
1704758400,46951.04,9.052847418161825,72814.57589,2364464.0,0.06376518235873786,1440,0.06653020711240742,bear,"mid vol, flat"
1704844800,46110.0,14.99011294495532,69927.66617,2637745.0,-0.0039577695804572256,1440,-0.01807551041503075,bear,"mid vol, flat"
1704931200,46653.99,13.289241082130262,89911.41203,3133588.0,0.04348921523660781,1440,0.011728607963833682,bear,"mid vol, flat"
1705017600,46339.16,10.399829515755744,87470.3296,2998451.0,0.007797009604500196,1440,-0.006771062230729541,bear,"mid vol, flat"
1705104000,42782.73,12.164772444366829,86327.93707,2809192.0,-0.0337408242205318,1440,-0.07985287546678066,bear,"mid vol, flat"
1705190400,42847.99,6.61088465843248,36118.47464,1434243.0,-0.017228805097733817,1440,0.001524219640675284,bear,"mid vol, flat"
1705276800,41732.35,6.210696845046976,28228.40894,1235727.0,-0.030033293119778745,1440,-0.02638212870563983,bear,"mid vol, flat"
1705363200,42511.1,6.0240476803241805,40269.89303,1657611.0,-0.010438876251467307,1440,0.018488610880348588,bear,"mid vol, flat"
1705449600,43137.95,6.533589619430804,45045.74589,1716580.0,0.06844969239780092,1440,0.014637901828299604,bear,"mid vol, flat"
1705536000,42776.1,5.613711184666418,33266.21388,1438172.0,0.0009077287878003752,1440,-0.008423584725431255,bear,"mid vol, flat"
1705622400,41327.5,6.681323905627882,43907.51641,1466087.0,-0.03956565599789508,1440,-0.034451397458159505,bear,"mid vol, flat"
1705708800,41659.03,7.1802363827277595,48342.74559,1641428.0,0.007286611583618136,1440,0.007990013891328474,bear,"mid vol, flat"
1705795200,41696.04,3.2550634680750123,15923.99493,807324.0,-0.05082030568066757,1440,0.0008880084302518299,bear,"low vol, flat"
1705881600,41580.33,2.507189048489231,11730.16301,657817.0,-0.049193017139495004,1440,-0.0027789413603009905,bear,"low vol, flat"
1705968000,39568.02,8.59561093807471,55426.19911,2147250.0,-0.03337626320593648,1440,-0.04960600266842086,bull,"mid vol, flat"
1706054400,39897.6,8.298270650929764,57956.63351,2043925.0,0.06679666839744985,1440,0.008294955472882393,bull,"mid vol, flat"
1706140800,40084.88,6.146479015489943,39293.82861,1675615.0,0.052229216714141075,1440,0.004683034141145015,bull,"mid vol, flat"
1706227200,39961.09,5.120721316298051,31022.11853,1291233.0,0.011230047027997129,1440,-0.003092975166303802,bull,"low vol, flat"
1706313600,41823.51,6.505925426862409,47384.96726,1624861.0,0.04145921952885614,1440,0.04555239092628405,bull,"mid vol, flat"
1706400000,42120.63,3.036811725844113,16224.41667,751148.0,-0.07723649703333223,1440,0.007079022806976809,bull,"low vol, flat"
1706486400,42031.06,4.516253395814409,27294.99838,1032493.0,-0.049555671745015135,1440,-0.0021287756389742896,bull,"low vol, flat"
1706572800,43302.7,5.297310557900673,31542.74207,1197856.0,0.014299025398586773,1440,0.02980611994271065,bull,"low vol, flat"
1706659200,42941.1,5.82029475182281,37619.24546,1316610.0,0.02699029147407051,1440,-0.008385579459892156,bull,"low vol, flat"
1706745600,42580.0,6.68370953244485,39871.13688,1499559.0,0.017776258102023913,1440,-0.008444749797384077,bull,"low vol, flat"
1706832000,43082.94,5.813796462763246,35231.04664,1392269.0,0.029480800006116394,1440,0.011742435619609637,bull,"low vol, flat"
1706918400,43200.0,4.829562988109184,29672.14418,1086342.0,0.054562892731266015,1440,0.002713400165122337,bull,"low vol, flat"
1707004800,43011.09,2.4010349984152484,12033.40998,609962.0,-0.05400285879730333,1440,-0.004382505832046135,bull,"low vol, flat"
1707091200,42582.88,3.25012019806461,17066.89404,931235.0,-0.012459245337882131,1440,-0.010005694851546565,bull,"low vol, flat"
1707177600,42708.7,4.509850985293,29467.75905,1317397.0,0.016980598665509987,1440,0.0029503519870903716,bull,"low vol, flat"
1707264000,43098.95,4.3895811718355775,24675.85433,1120760.0,0.03834152031160912,1440,0.009095988310425795,bull,"low vol, flat"
1707350400,44349.6,4.657856102612844,34392.59915,1378809.0,0.032540594129536776,1440,0.02860505468519925,bull,"low vol, flat"
1707436800,45288.65,5.1699725827861,45439.62231,1863650.0,0.0005155331142539576,1440,0.020952759670056054,bull,"low vol, flat"
1707523200,47132.77,8.289435054158652,73503.481,2323884.0,0.01657673029118169,1440,0.03991206359421717,bull,"mid vol, flat"
1707609600,47751.09,4.189921394969312,24802.35936,1323421.0,0.027377995381162,1440,0.013033381077871553,bull,"low vol, flat"
1707696000,48299.99,4.569906035688918,29958.80837,1407270.0,0.05086842878323736,1440,0.011429459727835933,bull,"low vol, flat"
1707782400,49917.27,6.660986321017779,59009.96705,1939394.0,0.04380446658798807,1440,0.032935681446588205,bull,"mid vol, flat"
1707868800,49699.59,7.399711168266879,55551.56706,1741811.0,0.022825992984688227,1440,-0.004370351494182856,bull,"mid vol, flat"
1707955200,51795.17,7.371149871992147,57046.37401,1859392.0,0.04001415742216777,1440,0.04130021810319917,bull,"mid vol, flat"
1708041600,51880.0,6.692710095041533,53816.03055,1786569.0,-0.006891207437818054,1440,0.0016364577734702124,bull,"mid vol, flat"
1708128000,52124.11,5.519562685850121,37772.25318,1583711.0,-0.030510634737834785,1440,0.004694246184426376,bull,"mid vol, flat"
1708214400,51642.64,4.567344199208366,25674.00622,1427773.0,-0.01413781537987024,1440,-0.00927991780063131,bull,"low vol, flat"
1708300800,52137.67,4.024558676479662,21992.10363,1375422.0,0.02594523105200548,1440,0.009540032294676593,bull,"low vol, flat"
1708387200,51774.73,4.6669609538672665,29534.99432,1542990.0,0.03378127482233415,1440,-0.006985527730707375,bull,"low vol, flat"
1708473600,52258.82,6.75096114748484,49614.47318,1971912.0,0.007538688532336783,1440,0.009306488030901505,bull,"low vol, flat"
1708560000,51849.39,6.154808195867694,43079.40049,1824860.0,0.03249964841838951,1440,-0.007865510526460895,bull,"low vol, flat"
1708646400,51288.42,5.75326420726614,35309.44574,1688184.0,0.009954527822050079,1440,-0.010878174198952095,bull,"low vol, flat"
1708732800,50744.15,5.000363484733397,30545.79544,1487039.0,-0.043350559411721196,1440,-0.010668655359765467,bull,"low vol, flat"
1708819200,51568.22,2.991518975755589,16560.4211,855015.0,0.021973562012864482,1440,0.01610925093385518,bull,"low vol, flat"
1708905600,51728.85,3.316444568741759,18721.63159,923992.0,0.01958813515996541,1440,0.0031100616788890534,bull,"low vol, flat"
1708992000,54476.47,6.899506751555445,51256.72199,1808909.0,0.06127877296977343,1440,0.051753212367561474,bull,"mid vol, flat"
1709078400,57037.34,9.027169899115393,67194.98562,2414285.0,0.040859181003869524,1440,0.045937275755512985,bull,"mid vol, flat"
1709164800,62432.1,18.084264945108576,118763.46984,3895062.0,0.04521431452983217,1440,0.09037342510456448,bull,"high vol, flat"
1709251200,61130.98,11.660145954807897,78425.07603,3169405.0,0.0063890609402575465,1440,-0.02106079086150814,bull,"high vol, flat"
1709337600,62387.9,7.801049190767429,47737.93473,1947444.0,0.013688700897848769,1440,0.020352570995340713,bull,"mid vol, flat"
1709424000,61987.28,4.92302178514626,25534.73659,1641808.0,-0.005951977200325579,1440,-0.006442143609634243,bull,"low vol, flat"
1709510400,63113.97,5.656282790270214,28994.90903,1992011.0,0.028124350007660656,1440,0.018012936948412772,bull,"low vol, flat"
1709596800,68245.71,11.933564218971583,84835.16005,3887853.0,0.0684033924917431,1440,0.07817243529189355,bull,"mid vol, flat"
1709683200,63724.01,19.201266816445997,132696.7813,5310706.0,-0.005373836298167984,1440,-0.06855316030923575,bull,"high vol, flat"
1709769600,66074.04,12.884261924270229,78738.85491,3302981.0,0.024762831669684102,1440,0.03621451680304233,bull,"high vol, flat"
1709856000,66823.17,8.728749892297945,53059.8869,2428227.0,0.052986150258831445,1440,0.01127394524886327,bull,"mid vol, flat"
1709942400,68124.19,11.026921056016638,74261.932842,2943927.0,0.015635148124549424,1440,0.01928248631517704,bull,"mid vol, flat"
1710028800,68313.27,3.5792879652349163,19872.89743,1345341.0,0.006958550985687859,1440,0.002771674597951801,bull,"low vol, flat"
1710115200,68955.88,6.056252363642732,38404.66835,2139518.0,-0.0007048692558230756,1440,0.009362842188647136,bull,"low vol, flat"
1710201600,72078.1,9.016164800009593,75292.825726,3043414.0,0.04753288454100543,1440,0.04428337356115364,bull,"mid vol, flat"
1710288000,71452.01,10.406647623077822,68783.546691,3047890.0,0.0036473718944306124,1440,-0.008724217811494128,bull,"mid vol, flat"
1710374400,73072.41,6.950062662332526,52659.711647000004,2501197.0,0.017365321578856188,1440,0.022424831790491595,bear,"mid vol, flat"
1710460800,71388.94,10.65635486981001,71757.628746,2994869.0,-0.005631904245756283,1440,-0.023307911945009252,bear,"mid vol, flat"
1710547200,69499.85,16.02880331123176,103334.03546,3904445.0,-0.035271100598900366,1440,-0.026818361091169862,bear,"mid vol, flat"
1710633600,65300.63,10.144029187808432,55926.95336,2729019.0,-0.025865086386676055,1440,-0.06232291027971115,bear,"mid vol, flat"
1710720000,68393.48,9.112801780717037,49742.21589,2449156.0,0.018382229131529766,1440,0.046275814432355844,bear,"mid vol, flat"
1710806400,67609.99,8.881999562307277,55691.08088,2464515.0,0.02456880847667974,1440,-0.011521745252219162,bear,"mid vol, flat"
1710892800,61937.4,13.856919021348807,101005.32487,3593832.0,-0.045490237231687845,1440,-0.08763155563733527,bear,"mid vol, flat"
1710979200,67840.51,14.30472594745771,90420.58592,3549793.0,0.006935364260466475,1440,0.09103531158594258,bear,"high vol, flat"
1711065600,65501.27,10.1329250944224,53357.48002,2388390.0,-0.0010735945546627662,1440,-0.03508997737785613,bear,"high vol, flat"
1711152000,63796.64,10.389055884799193,51482.37821,2492881.0,-0.04515368463589088,1440,-0.026369007379098974,bear,"mid vol, flat"
1711238400,63990.01,7.221307477402645,26410.11409,1753566.0,-0.03453592161290055,1440,0.0030264530386610033,bear,"mid vol, flat"
1711324800,67209.99,7.410622080014296,31395.78015,1880774.0,0.06317830550867831,1440,0.049094919768705836,bear,"mid vol, flat"
1711411200,69880.01,8.573883857228559,53431.14486,2632220.0,0.0411750585873559,1440,0.038957731173825394,bear,"mid vol, flat"
1711497600,69988.0,7.847295884895295,38934.38417,2176807.0,0.001626560978170084,1440,0.0015441704140659596,bear,"mid vol, flat"
1711584000,69469.99,8.990181720098224,49119.35685,2453366.0,0.013951985407561427,1440,-0.007428938024620635,bear,"mid vol, flat"
1711670400,70780.6,6.561478470925757,35439.03239,1799897.0,0.01623930539825897,1440,0.018690091094532235,bear,"mid vol, flat"
1711756800,69850.54,4.827079070520078,25445.08353,1522607.0,-0.06943965139343367,1440,-0.013227135327371187,bear,"low vol, flat"
1711843200,69582.18,3.0851299677293,13644.61142,1110488.0,-0.05839844429955914,1440,-0.0038493164497221954,bear,"low vol, flat"
1711929600,71280.01,3.9421894494997884,19396.34433,1181926.0,0.04581355202204753,1440,0.024107423379160053,bear,"low vol, flat"
1712016000,69649.8,6.420918648509043,41445.32039,1893438.0,-0.024683604816500313,1440,-0.023136094733017032,bear,"low vol, flat"
1712102400,65463.99,10.794262867908968,71799.82793,2662410.0,-0.010577739973700722,1440,-0.06197960825197768,bear,"mid vol, flat"
1712188800,65963.28,7.343842626459114,39887.21778,2172096.0,0.03384435503738958,1440,0.0075980030930278275,bear,"mid vol, flat"
1712275200,68487.79,7.1224057067650675,41510.48453,2000945.0,0.012434423154636151,1440,0.03755725764251849,bear,"mid vol, flat"
1712361600,67820.62,7.972734286103691,37915.23073,1901980.0,-0.003567475850621043,1440,-0.009789202703133881,bear,"mid vol, flat"
1712448000,68896.0,4.607149259903304,20134.28919,1171460.0,-0.009265832443325463,1440,0.015731842680184016,bear,"low vol, flat"
1712534400,69360.39,5.024774704249168,21534.74433,1269048.0,0.03552694279886057,1440,0.006717834111896082,bear,"low vol, flat"
1712620800,71620.0,6.701135468090132,45723.87624,2037025.0,0.10707608152689724,1440,0.03205840927643777,bear,"mid vol, flat"
1712707200,69146.0,7.750003404050535,39293.90242,1804157.0,-0.038194915942889374,1440,-0.035154153396540266,bear,"mid vol, flat"
1712793600,70631.08,8.088994456886939,42006.02377,1852170.0,-0.03493136122652822,1440,0.021250063083032344,bear,"mid vol, flat"
1712880000,70006.23,7.1471509471476775,31917.25595,1658995.0,-0.0031416695143556064,1440,-0.008886036167684352,bear,"mid vol, flat"
1712966400,67116.52,9.392074699907427,56072.86229,2496617.0,-0.07492274940901715,1440,-0.04215402471169405,bear,"mid vol, flat"
1713052800,63924.51,15.541746529342166,71395.22019,3341340.0,-0.06935872144972491,1440,-0.0487273574622229,bear,"mid vol, flat"
1713139200,65661.84,12.197817111491926,61599.17818,2657953.0,-0.034652824324417,1440,0.02681507891518642,bear,"mid vol, flat"
1713225600,63419.99,10.111131228661785,52389.53069,2539048.0,-0.03772071450102168,1440,-0.03473882339913992,bear,"mid vol, flat"
1713312000,63793.39,11.217934476470706,53435.29331,2604354.0,-0.025315861974446043,1440,0.0058704685364769915,bear,"mid vol, flat"
1713398400,61277.37,10.562333446813009,50610.54509,2458327.0,-0.03787850272291941,1440,-0.0402389732109274,bear,"mid vol, flat"
1713484800,63470.08,9.34055489245082,43601.60918,2142511.0,-0.04268638508997336,1440,0.03515800699881311,bear,"mid vol, flat"
1713571200,63818.01,13.130579202455674,69774.30271,2828284.0,0.0015579032076003837,1440,0.005466825160537425,bear,"mid vol, flat"
1713657600,64940.59,6.822391502888144,23137.42975,1376712.0,0.021016122155919265,1440,0.01743741302682089,bear,"mid vol, flat"
1713744000,64941.15,5.725143092004554,19316.42152,1390153.0,0.007921437200030626,1440,8.623229101445418e-06,bear,"mid vol, flat"
1713830400,66819.32,6.742149233655766,31397.99371,1816591.0,0.048860326687415065,1440,0.028510785110947623,bear,"mid vol, flat"
1713916800,66414.0,5.062130768227761,22599.90004,1433915.0,-0.03944937802477111,1440,-0.006084382651451392,bear,"low vol, flat"
1714003200,64289.59,6.689578561602152,33595.69637,1784897.0,0.0060520552323351075,1440,-0.03251015685090408,bear,"mid vol, flat"
1714089600,64498.34,6.9179153823669255,31341.46338,1375324.0,-0.05501351928258304,1440,0.0032417662557922,bear,"mid vol, flat"
1714176000,63770.01,5.786738745070523,27085.19346,1025561.0,0.0020409483167118225,1440,-0.011356469895714483,bear,"mid vol, flat"
1714262400,63461.98,5.611800092595942,20933.06052,912422.0,-0.053750096357147406,1440,-0.004842030716018186,bear,"low vol, flat"
1714348800,63118.62,4.299408831970445,16949.20005,790652.0,-0.0629247295951292,1440,-0.00542517324395142,bear,"low vol, flat"
1714435200,63866.0,6.510557656709967,28150.22947,1152296.0,-0.006289139851903203,1440,0.011771325220061968,bear,"low vol, flat"
1714521600,60672.0,9.530931449278377,54947.65535,1985671.0,-0.03961630493847812,1440,-0.05130483176825251,bear,"mid vol, flat"
1714608000,58364.97,12.516111536601098,81166.46823,2401089.0,-0.05863653789288441,1440,-0.03876642553474419,bull,"mid vol, flat"
1714694400,59060.61,8.388134976168544,47583.81961,1572898.0,-0.023165694116920776,1440,0.011848323644139569,bull,"mid vol, flat"
1714780800,62882.01,8.117001361305057,43628.40143,1558661.0,0.015184724360413156,1440,0.0626959085169645,bull,"mid vol, flat"
1714867200,63892.04,6.527611906983544,24368.69282,1113509.0,0.039957792040484205,1440,0.015934670725068045,bull,"mid vol, flat"
1714953600,64012.0,5.640270684703473,18526.75029,992921.0,-0.03329680059070949,1440,0.001875781799759224,bull,"mid vol, flat"
1715040000,63165.19,7.250105815093069,34674.91949,1392557.0,-0.009107414657186813,1440,-0.013317207511331475,bull,"mid vol, flat"
1715126400,62312.08,6.559420768624783,25598.79472,1272898.0,-0.023205354255835187,1440,-0.013598050793731886,bull,"mid vol, flat"
1715212800,61193.03,7.111912070060156,26121.19004,1415152.0,-0.029938393266251084,1440,-0.018122013335119647,bull,"mid vol, flat"
1715299200,63074.01,5.949812790638856,30660.8061,1381957.0,-0.013723601350455122,1440,0.030275504659908137,bull,"mid vol, flat"
1715385600,60799.99,7.161917656769678,36529.34025,1500643.0,-0.010831752429473407,1440,-0.03671917430504479,bull,"mid vol, flat"
1715472000,60825.99,3.9053857876234255,13374.56936,753281.0,-0.06941369363088036,1440,0.0004275402409259499,bull,"low vol, flat"
1715558400,61483.99,3.7173721093521404,12753.13236,727113.0,0.00632705736302733,1440,0.010759650979382585,bull,"low vol, flat"
1715644800,62940.08,6.516611323866268,32733.41839,1371433.0,0.02145815819268623,1440,0.023406346968515734,bull,"low vol, flat"
1715731200,61577.49,6.72202275348471,29088.720409999998,1127939.0,-0.05009129069490058,1440,-0.021886781008612743,bull,"mid vol, flat"
1715817600,66206.5,8.287177553397685,43559.74719,1729454.0,0.0008249517574850413,1440,0.07248226375544675,bull,"mid vol, flat"
1715904000,65235.21,5.727323007316128,31106.3671,1269793.0,0.005910627859850589,1440,-0.014779291590716781,bull,"mid vol, flat"
1715990400,67024.0,5.300111980395168,26292.23409,1117254.0,0.011788895874690534,1440,0.027051410361314865,bull,"mid vol, flat"
1716076800,66915.2,3.462767480291168,14441.25774,734067.0,-0.04286255886739672,1440,-0.0016246180943362276,bull,"low vol, flat"
1716163200,66274.01,4.29751259001596,18025.30409,823729.0,-0.03555856515927453,1440,-0.009628331806160517,bull,"low vol, flat"
1716249600,71446.62,7.318711888352253,50816.7011,1930939.0,0.05447734150535014,1440,0.07515278314448004,bear,"mid vol, flat"
1716336000,70148.34,6.76873416597416,49607.4336,2137448.0,-0.0047346811345628185,1440,-0.018338454758227485,bear,"mid vol, flat"
1716422400,69166.62,6.257481072150709,27673.18026,1371973.0,-0.05144351413985266,1440,-0.014093766386814366,bear,"mid vol, flat"
1716508800,67969.65,8.33239871468858,40513.17374,1827855.0,-0.022977004121523988,1440,-0.01745709428892006,bear,"mid vol, flat"
1716595200,68549.99,5.296787794140998,28095.83664,1165907.0,0.021097828393409918,1440,0.008501978114690445,bear,"mid vol, flat"
1716681600,69290.57,2.8463491955987372,12130.39418,703803.0,-0.03515750219421148,1440,0.010745561771344114,bear,"low vol, flat"
1716768000,68507.67,3.0972724546581394,11872.11797,722849.0,-0.00024227437827587967,1440,-0.011363112097898309,bear,"low vol, flat"
1716854400,69436.43,4.903144877138981,23136.92737,1219341.0,0.012201970706190609,1440,0.013465947937328693,bear,"low vol, flat"
1716940800,68398.39,6.49895228989113,32622.97042,1459351.0,-0.04710714199887382,1440,-0.015062371400381025,bear,"low vol, flat"
1717027200,67652.42,5.196001871077866,23159.83149,1221044.0,0.014563473406342987,1440,-0.010966160005079217,bear,"low vol, flat"
1717113600,68352.17,5.478577500062379,28478.2184,1272851.0,-0.01156973007833946,1440,0.010290184685343817,bear,"low vol, flat"
1717200000,67540.01,5.336706816787323,26690.32184,1177860.0,-0.006523645576242358,1440,-0.011953148002231018,bear,"low vol, flat"
1717286400,67766.85,2.0582015357632737,8837.66133,638484.0,-0.04154045015888845,1440,0.0033529743062477024,bear,"low vol, flat"
1717372800,67765.63,3.3206812463373785,15426.32529,812348.0,0.006102700949851354,1440,-1.8003064653271394e-05,bear,"low vol, flat"
1717459200,68809.9,5.690710896970674,29633.374,1253789.0,0.033204841946111154,1440,0.015292495676780149,bear,"low vol, flat"
1717545600,70537.84,5.423626676823648,29619.78489,1254515.0,0.007635092247963975,1440,0.024801673478584974,bear,"low vol, flat"
1717632000,71108.0,5.340652859760585,28703.18082,1055115.0,-0.009849534857231208,1440,0.008050544645660906,bear,"low vol, flat"
1717718400,70799.06,4.190207755679719,21842.00449,900226.0,-0.05801767372496305,1440,-0.004354124285061545,bear,"low vol, flat"
1717804800,69355.6,6.420662030139217,35598.45045,1516415.0,-0.02699245101551873,1440,-0.02059883045487254,bear,"low vol, flat"
1717891200,69310.46,1.9475073689332467,9773.82967,714103.0,-0.023467663929526844,1440,-0.0006510605636957933,bear,"low vol, flat"
1717977600,69648.14,2.2735746121843894,9890.56709,575583.0,-0.012454409224375407,1440,0.004860162159083359,bear,"low vol, flat"
1718064000,69540.0,3.403721910947783,17122.66941,936731.0,-0.017442636007769494,1440,-0.001553868336177544,bear,"low vol, flat"
1718150400,67314.24,7.180846971741238,41436.01588,1782415.0,-0.04238750861295406,1440,-0.03253032241502929,bear,"mid vol, flat"
1718236800,68263.99,7.989979878118668,37175.32356,1670745.0,0.020886383375973084,1440,0.014010590579490056,bear,"mid vol, flat"
1718323200,66773.01,5.993076922008988,29079.55571,1518202.0,-0.04495514247318607,1440,-0.022083437764671032,bear,"mid vol, flat"
1718409600,66043.99,6.199535920765399,28408.18797,1736314.0,-0.04116315870744354,1440,-0.010977921824139258,bear,"mid vol, flat"
1718496000,66228.25,2.305426396401793,11451.80242,700886.0,-0.04032210328686401,1440,0.0027860739213121377,bear,"low vol, flat"
1718582400,66676.87,2.632670059702932,9392.52223,703295.0,0.011453908477999916,1440,0.0067510070922924825,bear,"low vol, flat"
1718668800,66504.33,5.635663929653796,27386.16851,1542620.0,0.001738837982487819,1440,-0.0025910578449526156,bear,"low vol, flat"
1718755200,65175.32,8.051074351312216,42350.10244,2151711.0,-0.051883586895994364,1440,-0.020186188658431803,bear,"mid vol, flat"
1718841600,64974.37,4.301963790273532,20060.79576,1078458.0,0.025859783739705468,1440,-0.003087985221975842,bear,"low vol, flat"
1718928000,64869.99,4.856924637163347,24265.29031,1282687.0,-0.025037064145473284,1440,-0.0016077713731199594,bear,"low vol, flat"
1719014400,64143.56,5.5512926466471715,25993.56442,1362617.0,-0.03489499190430768,1440,-0.011261416759841936,bear,"low vol, flat"
1719100800,64262.01,1.8102829949539732,7308.95542,562832.0,0.027859723900190335,1440,0.0018449360662184944,bear,"low vol, flat"
1719187200,63210.01,2.464350150026769,8224.45447,592759.0,-0.0334484422040944,1440,-0.016505957689854966,bear,"low vol, flat"
1719273600,60293.3,9.04342216062936,52161.35414,2190787.0,-0.060776136514618495,1440,-0.04724168823828023,bear,"mid vol, flat"
1719360000,61806.01,6.248907701355299,31189.24361,1277481.0,-0.015039622501444819,1440,0.024779622477456797,bear,"mid vol, flat"
1719446400,60864.99,4.961504554575434,22485.66463,1112152.0,0.01709482180425098,1440,-0.015342476362677715,bear,"mid vol, flat"
1719532800,61706.47,4.760900724497118,18344.28631,1062176.0,0.013750531677130117,1440,0.013730655086801491,bear,"low vol, flat"
1719619200,60427.84,5.159540989282554,24821.19255,1479626.0,0.02022004418155973,1440,-0.020938861751513826,bear,"low vol, flat"
1719705600,60986.68,2.6854101156454058,11509.55904,767669.0,-0.05092991121230649,1440,0.009205553774616959,bear,"low vol, flat"
1719792000,62772.01,4.09418047978188,17326.30136,1108912.0,-0.05064031392329436,1440,0.028853793809744843,bear,"low vol, flat"
1719878400,62899.99,4.981982375174175,24547.10538,1461508.0,0.0093741276797338,1440,0.0020367312407110205,bear,"low vol, flat"
1719964800,62135.47,4.294634780597633,18573.11875,1308816.0,0.017942052408403276,1440,-0.012229003319740528,bear,"low vol, flat"
1720051200,60208.58,6.093781452964485,32160.11127,1839372.0,-0.06371872947813967,1440,-0.031502134328121656,bear,"mid vol, flat"
1720137600,57050.01,10.683152954865912,54568.77276,2523236.0,-0.08434854014847742,1440,-0.05388661548310125,bear,"mid vol, flat"
1720224000,56628.79,12.25713520001151,81348.24756,3749255.0,-0.06754840435803003,1440,-0.007410738462198196,bear,"mid vol, flat"
1720310400,58230.13,5.45146986455152,21651.31558,1411065.0,0.023818064915942745,1440,0.027885405242017214,bear,"mid vol, flat"
1720396800,55857.81,6.040426158309937,19118.93918,1289229.0,-0.04998194361116231,1440,-0.04159356377998513,bull,"mid vol, flat"
1720483200,56714.62,12.00422685546029,48090.2049,2554389.0,-0.0033768044935071117,1440,0.015222671228313445,bull,"mid vol, flat"
1720569600,58050.0,7.843615604422821,27732.20788,1757693.0,0.019987306542575856,1440,0.02327268232284574,bull,"mid vol, flat"
1720656000,57725.85,7.305737895585585,24951.73799,1766696.0,-0.004195088536195468,1440,-0.00559962802257985,bull,"mid vol, flat"
1720742400,57339.89,7.967272366064341,29761.05735,2157661.0,0.009325789293571599,1440,-0.0067085380495210956,bull,"mid vol, flat"
1720828800,57889.1,6.469166995644831,23652.4569,1749738.0,-0.028530059386769266,1440,0.009532569171712524,bull,"mid vol, flat"
1720915200,59204.02,5.096719364797743,15357.74519,1114391.0,0.027411555849625353,1440,0.022460333746385786,bull,"mid vol, flat"
1721001600,60797.91,5.824885587362897,21178.33907,1456088.0,-0.010360518323687487,1440,0.026565968391389916,bull,"mid vol, flat"
1721088000,64724.14,7.6766183097852725,38690.9782,2600425.0,-0.013902309660395042,1440,0.06257882518464974,bull,"mid vol, flat"
1721174400,65043.99,8.34693310991971,42530.52915,2484783.0,0.015508079565005743,1440,0.00492957165544361,bull,"mid vol, flat"
1721260800,64087.99,7.027806897273472,29567.52954,1868671.0,-0.011336397907256431,1440,-0.01480682734402805,bull,"mid vol, flat"
1721347200,63987.92,5.781751583424214,22568.7225,1696742.0,0.00035364518306248654,1440,-0.001562667333203649,bull,"mid vol, flat"
1721433600,66660.0,6.444973431213387,35634.72739,2184889.0,0.00862674173526218,1440,0.04091075733544436,bull,"mid vol, flat"
1721520000,67139.96,4.562880291809834,14386.92434,995093.0,-0.04515595165769806,1440,0.00717432290208464,bull,"low vol, flat"
1721606400,68165.34,5.950389131123111,21819.11191,1322942.0,0.04606041135612837,1440,0.01515682874098978,bull,"low vol, flat"
1721692800,67532.01,5.838431083846171,21451.04303,1558140.0,-0.04303484118273205,1440,-0.009334516829783368,bull,"low vol, flat"
1721779200,65936.01,7.003305312781143,31406.15316,1772089.0,-0.03402063266254544,1440,-0.023916981434217277,bull,"mid vol, flat"
1721865600,65376.0,5.837077787351854,23082.56277,1391053.0,-0.06182380025214153,1440,-0.008529507623455501,bull,"mid vol, flat"
1721952000,65799.95,7.375228633356487,35126.42934,1830360.0,-0.056012643954092264,1440,0.006463859817351647,bull,"mid vol, flat"
1722038400,67907.99,5.66090582896928,24244.36023,1406982.0,0.02659102339199993,1440,0.03153462223775705,bull,"mid vol, flat"
1722124800,67896.5,9.367965649946917,31710.21921,1690591.0,-0.0010205798258812705,1440,-0.00016921384598411748,bull,"mid vol, flat"
1722211200,68249.88,4.189849512119116,10868.69394,821210.0,-0.0056787007105657495,1440,0.005191188977429206,bear,"low vol, flat"
1722297600,66784.69,7.420203137721282,36467.29633,1952812.0,-0.0020519758120494,1440,-0.02170181316434494,bear,"mid vol, flat"
1722384000,66188.0,6.741949868661303,23132.25441,1622083.0,-0.040575523395343885,1440,-0.00897468502782317,bear,"mid vol, flat"
1722470400,64628.0,6.825208349863401,22625.43905,1609976.0,-0.04368838844698581,1440,-0.02385142421501385,bear,"mid vol, flat"
1722556800,65354.02,7.886112553291476,35542.26854,2397257.0,-0.04975491921709505,1440,0.011171199683344568,bear,"mid vol, flat"
1722643200,61498.33,10.432223617275813,38820.42937,2457735.0,-0.06222789209711399,1440,-0.060808933125690245,bear,"mid vol, flat"
1722729600,60697.99,8.595132315085126,28034.71567,1669555.0,-0.07629111973797317,1440,-0.013099436128861441,bear,"mid vol, flat"
1722816000,58161.0,8.198591604483616,31616.52003,1886195.0,-0.07917603289750795,1440,-0.042695556818197034,bear,"mid vol, flat"
1722902400,54018.81,28.995522212627012,162065.59186,7568497.0,-0.04528453767249885,1440,-0.07388270778154293,bear,"high vol, flat"
1722988800,56022.01,12.379377441307055,55884.77676,3433824.0,-0.00029329991010602473,1440,0.03641232998749366,bear,"high vol, flat"
1723075200,55134.16,10.389948073477695,44269.37684,2397504.0,-0.010731508187184147,1440,-0.01597516146800615,bear,"mid vol, flat"
1723161600,61685.99,12.645749401331182,48349.52949,2603042.0,0.062111486950894024,1440,0.1122873509141602,bear,"high vol, flat"
1723248000,60837.99,9.051597901134718,30972.48017,1827809.0,-0.02990973615659263,1440,-0.013842409307287085,bear,"mid vol, flat"
1723334400,60923.51,4.895706296424934,9995.20621,800499.0,-0.020802885466432056,1440,0.0014047135434847036,bear,"low vol, flat"
1723420800,58712.59,7.0285289692664845,19189.84512,1319469.0,-0.05212937851996605,1440,-0.03696495866820726,bear,"mid vol, flat"
1723507200,59346.64,11.008772244078433,37009.91743,2293837.0,-0.012196339288077142,1440,0.010741321896940548,bear,"mid vol, flat"
1723593600,60587.15,7.892084850746663,27858.95851,1713485.0,-0.020263201504728445,1440,0.020687318243457042,bear,"mid vol, flat"
1723680000,58683.39,8.086333017693482,28422.76326,1729342.0,-0.06667088779038022,1440,-0.03192610181842426,bear,"mid vol, flat"
1723766400,57541.06,9.672260428095308,37686.17622,2507858.0,-0.08426776920696581,1440,-0.019657942646201576,bear,"mid vol, flat"
1723852800,58874.6,8.56268675391336,27610.84344,1999539.0,0.011451770413573367,1440,0.022910978337254306,bear,"mid vol, flat"
1723939200,59491.99,3.3773128575865656,7721.72931,807159.0,0.002794308001972718,1440,0.010431923382208552,bear,"low vol, flat"
1724025600,58427.35,4.884285420783479,13634.85717,1099730.0,-0.023006628238849285,1440,-0.018057579517002154,bear,"low vol, flat"
1724112000,59438.5,6.596053826124714,22809.31251,1636295.0,-0.004765465419106591,1440,0.01715806243594642,bear,"low vol, flat"
1724198400,59013.8,7.318646420010449,31477.44548,1904519.0,0.019219949102426387,1440,-0.007170849698592718,bear,"mid vol, flat"
1724284800,61156.03,7.20420789093765,27983.6422,1981525.0,0.01179894588560749,1440,0.03565715238614686,bear,"mid vol, flat"
1724371200,60375.84,6.078590886522739,21241.20588,1718280.0,-0.03307431621203241,1440,-0.01283944232757861,bear,"mid vol, flat"
1724457600,64037.24,7.788344853742689,38118.07089,2555682.0,0.06893569817798292,1440,0.058875764216626436,bear,"mid vol, flat"
1724544000,64157.01,4.292638167582099,15857.15616,1551856.0,-0.03601543897515609,1440,0.0018685710918955323,bear,"low vol, flat"
1724630400,64220.0,3.9970143516384633,12305.47977,1263065.0,0.02648940927883865,1440,0.000981328433416806,bear,"low vol, flat"
1724716800,62834.0,5.900185458309678,19470.05276,2152841.0,-0.07594743569662506,1440,-0.02181836041812346,bear,"low vol, flat"
1724803200,59415.0,9.30497988919778,35135.94178,2995281.0,-0.09647200013091556,1440,-0.055949608501254744,bear,"mid vol, flat"
1724889600,59034.9,8.598128153519276,36868.54275,3664134.0,-0.07043184558738771,1440,-0.006417925294742943,bear,"mid vol, flat"
1724976000,59359.01,6.766977051850427,27020.90743,2743900.0,-0.02650301925852091,1440,0.005475126375225514,bear,"mid vol, flat"
1725062400,59123.99,6.9305417736235375,28519.32195,2845696.0,-0.03340286180962311,1440,-0.003967156608712941,bear,"mid vol, flat"
1725148800,58973.99,2.887971404272301,8798.409,895944.0,-0.04620692445645559,1440,-0.002540264967475281,bear,"low vol, flat"
1725235200,57301.86,6.81758668445844,20705.15741,2153180.0,-0.06771968752687685,1440,-0.028763415319444263,bear,"mid vol, flat"
1725321600,59132.13,6.1510023852598845,22895.01461,1966119.0,-0.01330008192556456,1440,0.03144134758080419,bear,"mid vol, flat"
1725408000,57487.73,5.628462611993599,22828.18447,2208758.0,-0.03804947306000106,1440,-0.028202897779850744,bear,"mid vol, flat"
1725494400,57970.9,8.53809671952846,35560.82146,3177549.0,-0.051666742346395615,1440,0.008369626775024841,bear,"mid vol, flat"
1725580800,56180.0,7.921615661529958,27806.91413,3368058.0,-0.06815336362532226,1440,-0.03138033882671998,bear,"mid vol, flat"
1725667200,53962.97,10.951544714208396,54447.76826,5287281.0,-0.06974374526916553,1440,-0.04026275108028976,bull,"mid vol, flat"
1725753600,54160.86,4.608444479876247,16694.047739999998,1920923.0,-0.03871044878178828,1440,0.0036604367595440834,bull,"low vol, flat"
1725840000,54869.95,5.488552854120779,16274.14779,1796092.0,-0.012942374170242254,1440,0.013007332470355237,bull,"low vol, flat"
1725926400,57042.0,7.8370705846130715,32384.51737,3355912.0,0.013622114078768502,1440,0.038821998779241085,bull,"mid vol, flat"
1726012800,57635.99,6.3993075556301395,23626.78126,2843148.0,-0.01041323137894066,1440,0.010359360363052517,bull,"mid vol, flat"
1726099200,57338.0,8.156553230857732,33026.56757,4045103.0,-0.032336144158380105,1440,-0.0051836187862424055,bull,"mid vol, flat"
1726185600,58132.32,7.20748912661882,31074.40631,3706764.0,-0.048541488933115474,1440,0.013758211280425314,bull,"mid vol, flat"
1726272000,60498.0,5.596319584496052,29825.23333,3378012.0,0.03235653781220564,1440,0.03988851517694947,bull,"mid vol, flat"
1726358400,59993.03,3.5010185718515054,12137.90901,1288784.0,-0.08217783220966816,1440,-0.008381917831568941,bull,"low vol, flat"
1726444800,59132.0,4.065946845348438,13757.92361,1552950.0,-0.06508465197096697,1440,-0.014456155768721501,bull,"low vol, flat"
1726531200,58213.99,6.180289148608224,26477.5642,3145152.0,-0.028629801226201897,1440,-0.015646529180742164,bull,"low vol, flat"
1726617600,60313.99,6.807751168097843,33116.25878,3918209.0,-0.010114032573095906,1440,0.035438379599160186,bull,"mid vol, flat"
1726704000,61759.99,8.479743768484822,36087.02469,5167671.0,0.021397429038087837,1440,0.023691660342148424,bull,"mid vol, flat"
1726790400,62947.99,6.861976350330512,34332.52608,4438284.0,0.025827784356262495,1440,0.019053086077914116,bull,"mid vol, flat"
1726876800,63201.05,6.368510469521795,25466.37794,3969296.0,-0.025277776113928094,1440,0.004012085061528836,bull,"mid vol, flat"
1726963200,63348.96,2.8970630448080494,8375.34608,1283611.0,-0.07401141565722609,1440,0.0023375749610998753,bull,"low vol, flat"
1727049600,63578.76,4.291178298127234,14242.19892,2145736.0,-0.027794271251479014,1440,0.003620962404157879,bull,"low vol, flat"
1727136000,63339.99,6.300763453256964,24078.05287,3999187.0,0.024258605675202126,1440,-0.00376256907174799,bull,"low vol, flat"
1727222400,64262.7,5.627891276982797,23185.04759,3870157.0,-0.006006471604572512,1440,0.014462486379391848,bull,"low vol, flat"
1727308800,63152.01,4.83390458868387,17813.11168,3355531.0,-0.05859459249738468,1440,-0.01743469234316386,bull,"low vol, flat"
1727395200,65173.99,5.973030803771327,28373.30593,4361333.0,0.0602915738553841,1440,0.031515785691352605,bull,"mid vol, flat"
1727481600,65769.95,4.7730327996141435,22048.80487,3498529.0,0.006209381905605263,1440,0.009102584128001467,bull,"low vol, flat"
1727568000,65858.0,2.735843808474138,9127.23316,1341703.0,-0.013671446517533672,1440,0.0013378619530755032,bull,"low vol, flat"
1727654400,65602.01,2.744875558403235,8337.74111,1413449.0,-0.008619302164924313,1440,-0.0038945733164776897,bull,"low vol, flat"
1727740800,63327.59,5.764647000738303,30011.08752,3978584.0,-0.036893919264409276,1440,-0.03528524055475302,bull,"mid vol, flat"
1727827200,60805.78,8.14459365611672,43671.48108,5607069.0,-0.040483888255616725,1440,-0.040636244926659515,bull,"mid vol, flat"
1727913600,60649.28,7.940753301455845,31534.70118,5313210.0,-0.0030458763332413758,1440,-0.0025770863167764446,bull,"mid vol, flat"
1728000000,60752.71,7.568334134827364,26221.43472,5244004.0,-0.015575251482654274,1440,0.0017039263528477733,bull,"mid vol, flat"
1728086400,62086.0,5.5723656155916705,21294.65994,3798631.0,0.003946051274674628,1440,0.021708830410037905,bull,"mid vol, flat"
1728172800,62058.0,2.5768363360437014,7807.46141,1183175.0,-0.054608107246475676,1440,-0.00045108906551760697,bull,"low vol, flat"
1728259200,62819.91,3.155823195560308,8906.86177,1556553.0,0.07743880255593111,1440,0.012202629820995625,bull,"low vol, flat"
1728345600,62224.0,6.340697569786219,25966.1852,4809342.0,-0.017126770704847298,1440,-0.009531284031325526,bull,"low vol, flat"
1728432000,62160.49,5.685678324681154,19702.22371,3798438.0,-0.024032047192707424,1440,-0.0010211885021860212,bull,"low vol, flat"
1728518400,60636.02,5.28346806666263,20011.15684,3668363.0,-0.055056957916482,1440,-0.024830482976428314,bull,"low vol, flat"
1728604800,60326.39,5.93971566342218,23967.92481,3872577.0,-0.09647808011460458,1440,-0.005119452832531124,bull,"low vol, flat"
1728691200,62540.0,5.146351297550985,23641.35209,3222180.0,0.023593532547401742,1440,0.03603669892744854,bull,"mid vol, flat"
1728777600,63206.22,3.3741907923562464,10911.30116,1770837.0,-0.04742489025021111,1440,0.01059636200193026,bull,"low vol, flat"
1728864000,62870.02,3.6784256311918497,11909.21995,2242529.0,-0.016720457833176668,1440,-0.005333293519957039,bull,"low vol, flat"
1728950400,66083.99,6.199350089602048,37669.95222,4977577.0,0.05872813129891468,1440,0.04985708823410562,bull,"mid vol, flat"
1729036800,67074.14,8.369141874111897,43683.95423,6245619.0,-0.0009749627924193897,1440,0.014872066015213292,bull,"mid vol, flat"
1729123200,67620.01,6.783926530136812,29938.25544,5109685.0,0.01628326677140536,1440,0.008105370403983514,bull,"mid vol, flat"
1729209600,67421.78,5.305022295131352,25328.22861,3981960.0,-0.04028447412217182,1440,-0.0029358340463456756,bull,"low vol, flat"
1729296000,68428.0,5.179348549895615,28725.635,4010969.0,-0.010070377904613717,1440,0.014813986471420293,bull,"low vol, flat"
1729382400,68378.0,2.172478503600136,8193.66737,1152428.0,-0.006257860819165691,1440,-0.0007309621248516862,bull,"low vol, flat"
1729468800,69031.99,2.947921240239709,12442.47378,1563795.0,0.0886783222942021,1440,0.009518884880447942,bull,"low vol, flat"
1729555200,67377.5,5.059205645969637,31374.42184,3686777.0,-0.13345920129950029,1440,-0.024258886053489803,bull,"low vol, flat"
1729641600,67426.0,5.438658111055444,24598.96268,3669291.0,0.008214755338618198,1440,0.0007195659176897351,bull,"low vol, flat"
1729728000,66668.65,5.0121704489348735,25530.2407,3807365.0,-0.06868563522787309,1440,-0.011295872772436155,bull,"low vol, flat"
1729814400,68198.28,5.049758855639827,22589.83877,3797462.0,0.018385766902930402,1440,0.02268451715263531,bull,"low vol, flat"
1729900800,66698.33,7.12053020329771,34479.71125,5332593.0,-0.07011796683767187,1440,-0.022239429463164484,bull,"mid vol, flat"
1729987200,67092.76,3.18472726063669,11842.9077,2373501.0,0.02494927998130063,1440,0.005896224370562919,bull,"low vol, flat"
1730073600,68021.7,2.9725071823372597,8653.19592,1771989.0,0.021064642669040647,1440,0.013750632418521036,bull,"low vol, flat"
1730160000,69962.21,5.434785749347811,29046.75459,4432446.0,0.04785198723985907,1440,0.028128467215207564,bull,"low vol, flat"
1730246400,72736.42,6.399122507737689,50128.60594,5645430.0,0.07317826441035871,1440,0.03888698282937675,bull,"mid vol, flat"
1730332800,72344.74,5.621094120946514,26885.99056,4040734.0,0.003289374806654066,1440,-0.005399473668344257,bull,"mid vol, flat"
1730419200,70292.01,5.756770813092875,29352.10297,4525542.0,-0.03208715201641984,1440,-0.028784611695909845,bull,"mid vol, flat"
1730505600,69496.01,7.654506688295157,38301.86755,4569271.0,-0.057792042309957936,1440,-0.011388795745506997,bull,"mid vol, flat"
1730592000,69374.74,2.9795927235167916,10521.67243,1603561.0,-0.00633532078131809,1440,-0.0017465165389545234,bull,"low vol, flat"
1730678400,68775.99,5.727887420498577,24995.70243,3668029.0,-0.017624585315564576,1440,-0.008668122839253556,bull,"low vol, flat"
1730764800,67850.01,6.355720791829478,29800.39187,5377048.0,0.0018150657292011377,1440,-0.013555167807773216,bull,"low vol, flat"
1730851200,69372.01,6.941951581775571,33355.06888,4955644.0,0.022926182007033016,1440,0.022183938373904866,bull,"mid vol, flat"
1730937600,75571.99,11.850854883094456,104126.994787,8434184.0,0.022672065700437637,1440,0.08560223984821569,bull,"mid vol, flat"
1731024000,75857.89,6.609374086948809,44869.422345,5207722.0,-0.028048093539591513,1440,0.003776009592066032,bull,"mid vol, flat"
1731110400,76509.78,5.649632991458869,36521.099583,4877489.0,-0.03861637062144979,1440,0.008556854319518692,bull,"mid vol, flat"
1731196800,76677.46,3.5093753600649493,16942.07915,2585264.0,-0.051734654421089814,1440,0.0021892171563333562,bull,"low vol, flat"
1731283200,80370.01,8.821223685931894,61830.100435,7128598.0,0.05938731933421613,1440,0.04703330369431491,bull,"mid vol, flat"
1731369600,88647.99,10.28468869218947,82323.665776,9348890.0,0.040704271613921664,1440,0.09803226217916006,bull,"mid vol, flat"
1731456000,87952.01,12.751803370298052,97299.887911,11499058.0,0.01930915884218196,1440,-0.007882034011636563,bull,"mid vol, flat"
1731542400,90375.2,12.582538639391206,86763.854127,11962100.0,0.022138303402110697,1440,0.027178568661184954,bull,"mid vol, flat"
1731628800,87325.59,11.059154859979229,56729.51086,9828858.0,-0.014944582584049492,1440,-0.03432634643790955,bull,"mid vol, flat"
1731715200,91032.07,9.050748183218237,47927.95068,8009111.0,0.03491221794922777,1440,0.04156831497482294,bull,"mid vol, flat"
1731801600,90586.92,5.194723644326261,22717.87689,4239455.0,0.012094018791031492,1440,-0.004902030249246181,bull,"mid vol, flat"
1731888000,89855.99,5.919758021770532,23867.55609,4930719.0,-0.006787102516452024,1440,-0.008101554091419771,bull,"low vol, flat"
1731974400,90464.08,8.928386575688465,46545.03448,7161125.0,0.015312212955954335,1440,0.006744588166355925,bull,"mid vol, flat"
1732060800,92310.79,8.06641570592784,43660.04682,5647789.0,0.013643105570998501,1440,0.020208170244352175,bull,"mid vol, flat"
1732147200,94286.56,7.380805771216617,42203.198712,7365987.0,-0.03204929553397592,1440,0.02117761953708097,bull,"mid vol, flat"
1732233600,98317.12,7.979886216270596,69228.360477,9048605.0,0.023397433737263558,1440,0.04185951709945357,bull,"mid vol, flat"
1732320000,98892.0,6.689950739927944,46189.309243,7271311.0,-0.016669936606958247,1440,0.0058301728478937775,bull,"mid vol, flat"
1732406400,97672.4,3.9404788378717055,24757.84367,3839138.0,-0.09715491793474106,1440,-0.012409323871574784,bull,"low vol, flat"
1732492800,97900.04,5.550204034388284,31200.97838,4964720.0,-0.030535416178189743,1440,0.0023279364188919516,bull,"low vol, flat"
1732579200,93010.01,8.488365376814635,50847.45096,8289691.0,-0.07618074823548647,1440,-0.051239836346873346,bull,"mid vol, flat"
1732665600,91965.16,9.105574348087503,57858.73138,10225809.0,0.006598898919722663,1440,-0.011297312096131051,bull,"mid vol, flat"
1732752000,95863.11,6.659328376430807,41153.42734,6648690.0,-0.012642019720537778,1440,0.04151142667791241,bull,"mid vol, flat"
1732838400,95643.98,5.6142686096719485,28814.54357,4988161.0,0.027654189561052873,1440,-0.0022884802399172344,bull,"mid vol, flat"
1732924800,97460.0,5.113745170375634,27701.78231,5094070.0,-0.000771028728800953,1440,0.018809281303804326,bull,"low vol, flat"
1733011200,96407.99,3.2681215939938686,14503.83306,3354759.0,-0.02426965330777191,1440,-0.01085295541610698,bull,"low vol, flat"
1733097600,97185.18,3.822553683993538,16938.60452,3342200.0,-0.041846017430956596,1440,0.008029148706738098,bull,"low vol, flat"
1733184000,95840.62,6.945503218816475,37958.66981,7560103.0,-0.008293316693543974,1440,-0.013931627244584632,bull,"low vol, flat"
1733270400,95849.69,6.299262154862426,35827.32283,5361712.0,-0.03207327255381199,1440,9.463180488111789e-05,bull,"low vol, flat"
1733356800,98587.32,6.4737353338366495,43850.53728,6648724.0,0.00494098757824848,1440,0.028161417666881405,bull,"mid vol, flat"
1733443200,96945.63,16.70089971742755,109921.729662,12012364.0,0.023184015188227075,1440,-0.016792347041221234,bull,"mid vol, flat"
1733529600,99740.84,7.878868163314654,45049.5331,6919102.0,-0.023313999229883288,1440,0.028424916087496754,bull,"mid vol, flat"
1733616000,99831.99,4.3469451903059,14931.9459,2634566.0,-0.09234201015957338,1440,0.0009134510578210353,bull,"low vol, flat"
1733702400,101109.59,4.383878142959112,14612.99688,2994709.0,-0.02103561798611705,1440,0.012716305068206424,bull,"low vol, flat"
1733788800,97276.47,9.841076708881383,53949.11595,8445872.0,-0.055699641358071164,1440,-0.03864784755258377,bull,"mid vol, flat"
1733875200,96593.0,9.307735764157053,51708.68933,11556189.0,-0.05149033256302802,1440,-0.007050855728158112,bull,"mid vol, flat"
1733961600,101125.0,6.707522194478291,37753.78291,8250511.0,0.012499628742501552,1440,0.04585110055392683,bull,"mid vol, flat"
1734048000,100004.29,6.822409392994356,29232.08745,8066322.0,-0.03011465505177257,1440,-0.011144290310744154,bull,"mid vol, flat"
1734134400,101424.25,5.224466525921433,21904.03923,5481660.0,-0.025833222998660466,1440,0.01409912937068647,bull,"mid vol, flat"
1734220800,101420.0,4.1117489796834334,14191.70326,3374538.0,-0.04306810315874659,1440,-4.190407172544042e-05,bull,"low vol, flat"
1734307200,104463.99,5.015768305530957,22228.921775,3638809.0,0.1398568480499321,1440,0.029572108350642168,bull,"low vol, flat"
1734393600,106058.66,7.165236050803177,41302.40274,8048054.0,-0.014628779439382253,1440,0.015149918553744257,bull,"mid vol, flat"
1734480000,106133.74,6.4433947338494315,29064.936466,7212799.0,-0.023750114671934813,1440,0.0007076596818098579,bull,"mid vol, flat"
1734566400,100204.01,9.414727212999882,50307.99755,8762120.0,-0.07337296711782952,1440,-0.057491789143002237,bull,"mid vol, flat"
1734652800,97461.86,10.695603319097911,55147.398,7273941.0,-0.024482092518671575,1440,-0.02774708582409957,bull,"mid vol, flat"
1734739200,97805.44,11.656145184356536,62884.1357,7429007.0,-0.06293598911625012,1440,0.003519077229743317,bull,"mid vol, flat"
1734825600,97291.99,6.092030680440826,23483.54143,3717638.0,-0.0012629717748666677,1440,-0.005263536125710289,bull,"mid vol, flat"
1734912000,95186.27,6.516650187390188,19353.83036,3633551.0,-0.039632226062355606,1440,-0.021880954382849538,bull,"mid vol, flat"
1734998400,94881.47,9.202349749107704,32810.76703,5464919.0,-0.004010876365056557,1440,-0.0032072803231173452,bull,"mid vol, flat"
1735084800,98663.58,6.730123223765507,23674.22488,3421549.0,0.011163318813587184,1440,0.039087452998785466,bull,"mid vol, flat"
1735171200,99429.6,5.735266697894505,14474.1651,3283028.0,-0.03185759571030458,1440,0.00773397467036574,bull,"mid vol, flat"
1735257600,95791.6,7.20988739577889,21192.36727,5203490.0,-0.04948113047684075,1440,-0.0372748575929549,bull,"mid vol, flat"
1735344000,94299.03,7.4180809374755965,26501.26429,5718866.0,-0.0230264919938278,1440,-0.015704095193978418,bull,"mid vol, flat"
1735430400,95300.0,3.845937663646946,8385.8929,2732061.0,0.0025405308956424873,1440,0.010558907393903638,bull,"low vol, flat"
1735516800,93738.2,4.136496147787891,13576.00578,2865838.0,-0.1674449787984696,1440,-0.01652402039817602,bull,"low vol, flat"
1735603200,92792.05,7.334276179243003,27619.4225,5560563.0,-0.05195726232146969,1440,-0.010144822242994067,bull,"low vol, flat"
1735689600,93576.0,6.423760491563429,19612.03389,3347847.0,-0.012038444932546423,1440,0.008412972329420398,bull,"low vol, flat"
1735776000,94591.79,4.272968681269602,10373.32613,1516556.0,0.031055307233457213,1440,0.010796745473918179,bull,"low vol, flat"
1735862400,96984.79,6.115383254869116,21970.48948,3569079.0,-0.006306175387040203,1440,0.024983476262296023,bull,"mid vol, flat"
1735948800,98174.18,4.621097628640925,15253.82936,2851164.0,-0.02075632370913055,1440,0.012189085912689634,bull,"low vol, flat"
1736035200,98220.5,2.972886397224648,8990.05651,1559982.0,-0.032085681517034274,1440,0.0004717032137406818,bull,"low vol, flat"
1736121600,98363.61,3.0155833238457284,8095.63723,1685799.0,-0.04197538999656983,1440,0.0014559673747882584,bull,"low vol, flat"
1736208000,102235.6,5.763441598530303,25263.43375,3853702.0,-0.0072928752212869895,1440,0.038609035123570834,bull,"mid vol, flat"
1736294400,96954.61,6.975098695432005,32059.87537,4480562.0,-0.07578464613351366,1440,-0.053037022867576056,bull,"mid vol, flat"
1736380800,95060.61,8.038927938266202,33704.67894,5171208.0,-0.062216202199492,1440,-0.01972824267676998,bull,"mid vol, flat"
1736467200,92552.49,7.896269598193941,34544.83685,6027161.0,-0.11282680554909028,1440,-0.026738745131460462,bull,"mid vol, flat"
1736553600,94726.11,9.523599614240755,31482.86424,5531444.0,-0.00787691291712026,1440,0.023213731933838133,bull,"mid vol, flat"
1736640000,94599.99,3.077755636145365,7047.9043,1496191.0,-0.03166201902032071,1440,-0.0013323046178594922,bull,"low vol, flat"
1736726400,94545.06,3.494133796042355,8606.86622,1658863.0,-0.06392635669431844,1440,-0.000580824098165067,bull,"low vol, flat"
1736812800,94536.1,10.205897124229324,42619.56423,5740963.0,-0.08615300171031337,1440,-9.477411717462303e-05,bull,"mid vol, flat"
1736899200,96560.86,7.274935766569661,27846.61753,4532923.0,0.023369976238546752,1440,0.02119171099482564,bull,"mid vol, flat"
1736985600,100497.35,6.609457429247208,30509.99179,3487945.0,0.01567898389788453,1440,0.03995787586321242,bull,"mid vol, flat"
1737072000,99987.3,6.989300367013927,27832.85317,3762755.0,-0.02895064422890418,1440,-0.0050881810693717,bull,"mid vol, flat"
1737158400,104077.48,6.4678474244901,39171.85292,3886907.0,0.055513663967877526,1440,0.040092443843718684,bull,"mid vol, flat"
1737244800,104556.23,6.238662720078241,24307.82998,3403162.0,-0.04495689252800996,1440,0.004589391046213365,bull,"mid vol, flat"
1737331200,101331.57,10.970573913412938,43397.282979999996,5271920.0,-0.028533153574859985,1440,-0.03132700154192314,bull,"mid vol, flat"
1737417600,102260.01,19.755029317089335,89529.231732,11597937.0,0.00013210492004898345,1440,0.009120676170878639,bull,"high vol, flat"
1737504000,106143.82,11.09363610228524,45941.020019999996,6842980.0,0.011167248784999905,1440,0.03727627951194101,bear,"high vol, flat"
1737590400,103706.66,6.633892770765438,22248.69254,4364035.0,-0.05598110620481438,1440,-0.0232286300582345,bear,"mid vol, flat"
1737676800,103910.34,14.053857634374642,53953.12031,6961383.0,0.002571354709475173,1440,0.0019620750260607167,bear,"mid vol, flat"
1737763200,104870.5,7.064037246438013,23609.24017,4798886.0,0.007525902092595702,1440,0.009197843721146626,bear,"mid vol, flat"
1737849600,104746.85,3.756501323366181,9068.32377,1770765.0,-0.015781859319299683,1440,-0.0011797688916672655,bear,"low vol, flat"
1737936000,102620.0,4.0251125922591475,9812.51238,1813011.0,-0.05382591323670761,1440,-0.020513641237224434,bear,"low vol, flat"
1738022400,102082.83,10.816580682837056,50758.1341,9368910.0,-0.07288852329975623,1440,-0.005248302947391537,bear,"mid vol, flat"
1738108800,101335.52,7.103172964485587,22022.05765,5428644.0,-0.02310242022275333,1440,-0.0073475511137690575,bear,"mid vol, flat"
1738195200,103733.24,7.369263352379825,23155.35802,5189699.0,0.008420756000904169,1440,0.023385612440133485,bear,"mid vol, flat"
1738281600,104722.94,5.302669258407596,19374.07472,3990075.0,0.04685550010101335,1440,0.009495592181071544,bear,"mid vol, flat"
1738368000,102429.56,5.547882891965074,21983.18193,4331904.0,-0.026765123077885474,1440,-0.022142853251164496,bear,"mid vol, flat"
1738454400,100635.65,4.157718480115606,12290.95747,2588786.0,-0.08454759139281268,1440,-0.01766877417515289,bear,"low vol, flat"
1738540800,97700.59,9.056121726928172,34619.49939,7202339.0,-0.09951518857014868,1440,-0.029598970722467755,bear,"mid vol, flat"
1738627200,101328.52,14.74023735043428,75164.7385,10625262.0,-0.022505228033222108,1440,0.03646031368487357,bear,"mid vol, flat"
1738713600,97763.13,9.816760817283285,40267.98697,6618911.0,-0.05177373012346537,1440,-0.035820399514262746,bear,"mid vol, flat"
1738800000,96612.43,6.965898410219394,26233.30444,4471763.0,-0.15888966521672396,1440,-0.011840104206886082,bear,"mid vol, flat"
1738886400,96554.35,6.942629719569645,23515.20405,4242807.0,-0.04219155691315389,1440,-0.000601345653224783,bear,"mid vol, flat"
1738972800,96506.8,7.706667325799309,31794.22065,5012456.0,-0.0407468157267129,1440,-0.0004925900520280635,bear,"mid vol, flat"
1739059200,96444.74,3.516548051465947,10147.24294,1757892.0,-0.12281063017497834,1440,-0.0006432703479841706,bear,"low vol, flat"
1739145600,96462.75,4.506722935209751,14120.91613,2293192.0,-0.05619030824170749,1440,0.00018672162550359417,bear,"low vol, flat"
1739232000,97430.82,5.686216847594339,20572.87537,3475919.0,-0.06599120276496394,1440,0.009985664239644976,bear,"low vol, flat"
1739318400,95778.2,5.084761963722629,18647.76379,3716586.0,-0.07822720656630547,1440,-0.01710748603028911,bear,"low vol, flat"
1739404800,97869.99,7.6027145536537715,29151.16625,4992737.0,-0.05179055880826037,1440,0.021604863590942713,bear,"mid vol, flat"
1739491200,96608.14,5.248734364795277,19921.77616,3909456.0,-0.11130793972338263,1440,-0.012976962582639473,bear,"low vol, flat"
1739577600,97500.48,5.059012980951541,18173.02646,3499564.0,-0.0027729459433143274,1440,0.009194298389878952,bear,"low vol, flat"
1739664000,97569.66,2.529528770189208,7349.37683,1694327.0,-0.026001223562243127,1440,0.0007092833675130805,bear,"low vol, flat"
1739750400,96118.12,2.8139335169183797,8191.4249,1596701.0,-0.09179888104693482,1440,-0.014988732643857361,bear,"low vol, flat"
1739836800,95780.0,3.9905203849561013,16492.0451,2831237.0,-0.02857218720557583,1440,-0.0035239568777996055,bear,"low vol, flat"
1739923200,95671.74,5.664590573126184,23368.19471,4234248.0,-0.021535569017860214,1440,-0.0011309378701795936,bear,"low vol, flat"
1740009600,96644.37,4.465879151422782,16438.50954,2784225.0,-0.12721794484538154,1440,0.010114995490717149,bear,"low vol, flat"
1740096000,98305.0,3.9078148779045674,17057.39177,2386973.0,-0.020198550554836634,1440,0.01703693802445372,bear,"low vol, flat"
1740182400,96181.98,6.459348689263758,32249.2814,4528525.0,-0.05029934465454472,1440,-0.021832868521334703,bear,"low vol, flat"
1740268800,96551.01,2.5700008170394097,11268.17708,1506418.0,-0.06049035750510235,1440,0.0038294476827758217,bear,"low vol, flat"
1740355200,96258.0,2.455315234474373,10884.84913,1457368.0,-0.1511260073845415,1440,-0.003039383123901729,bear,"low vol, flat"
1740441600,91552.88,6.741222421597863,31550.10299,4972684.0,-0.08471717733685916,1440,-0.05011535775172149,bear,"mid vol, flat"
1740528000,88680.4,12.443995534916215,78333.11111,10289145.0,-0.08538925002745236,1440,-0.03187783350742457,bear,"mid vol, flat"
1740614400,84250.09,11.617718115266468,56893.54409,8490006.0,-0.012992248976978862,1440,-0.05124925785668921,bear,"mid vol, flat"
1740700800,84708.58,9.160672054126131,42505.45439,6357581.0,-0.04220670113391524,1440,0.005427257747781411,bear,"mid vol, flat"
1740787200,84349.94,14.170494997611769,83648.03969,11344216.0,-0.03823561152004326,1440,-0.004242797559088629,bear,"mid vol, flat"
1740873600,86064.53,5.748698851028871,25785.05464,3700728.0,-0.0887661202179247,1440,0.020123266049919764,bear,"mid vol, flat"
1740960000,94270.0,11.40306722960207,54889.09045,7403218.0,0.06665313890257764,1440,0.09106564168828868,bear,"high vol, flat"
1741046400,86220.61,13.580927094728363,59171.10218,9797860.0,-0.056450345809664654,1440,-0.08925376118948591,bear,"high vol, flat"
1741132800,87281.98,15.180440723363509,55609.10706,10326631.0,-0.007906533358386992,1440,0.01223478265846012,bear,"high vol, flat"
1741219200,90606.01,10.587236019881182,38264.01163,8070266.0,0.005136865729099248,1440,0.03737651951263388,bear,"high vol, flat"
1741305600,89931.89,10.153679439182236,34342.44902,7643526.0,0.00656735924303628,1440,-0.0074679403380368825,bear,"mid vol, flat"
1741392000,86801.75,15.94484062303852,57980.35713,9510442.0,-0.020550518295850296,1440,-0.03542582329824029,bear,"high vol, flat"
1741478400,86222.45,5.391308517772838,12989.23054,2553974.0,-0.0004695366658724622,1440,-0.006696198157303712,bear,"mid vol, flat"
1741564800,80734.37,8.411211750986531,26115.39345,5189138.0,-0.07381274242299415,1440,-0.06576620160006463,bear,"mid vol, flat"
1741651200,78595.86,12.798846143225319,47633.38405,8701538.0,-0.03854948890619501,1440,-0.026845356703791623,bear,"mid vol, flat"
1741737600,82932.99,12.75549203164721,48770.06853,6983310.0,-0.01459364629685078,1440,0.053713906024732694,bear,"mid vol, flat"
1741824000,83680.12,9.030487463423322,31933.986,5253577.0,-0.013626609593929152,1440,0.008968502033038561,bear,"mid vol, flat"
1741910400,81115.78,7.664830556082981,27546.27412,4367093.0,-0.05517666067573413,1440,-0.03112391755655608,bear,"mid vol, flat"
1741996800,83983.2,6.870090781461229,26858.52755,3290987.0,0.04867155161676021,1440,0.034739262047200015,bear,"mid vol, flat"
1742083200,84338.44,3.1954741063882652,11324.7332,1329670.0,-0.08248765101150461,1440,0.004220972745168083,bear,"low vol, flat"
1742169600,82574.53,6.76393736918196,17596.12531,2767947.0,-0.033201569078846145,1440,-0.021136472120495853,bear,"low vol, flat"
1742256000,84010.03,6.180332118077003,17214.74358,3014756.0,-0.025499151814842053,1440,0.017234917011720086,bear,"mid vol, flat"
1742342400,82715.03,6.020864160252964,17610.89883,3126371.0,-0.08610749994297694,1440,-0.015534869726955947,bear,"mid vol, flat"
1742428800,86845.94,6.860884145048997,28151.05374,3774761.0,-0.019273054749956883,1440,0.048734417578945255,bear,"mid vol, flat"
1742515200,84223.39,6.192440680236733,22090.30463,3252595.0,-0.07981417275729076,1440,-0.0306630706836426,bear,"mid vol, flat"
1742601600,84088.79,4.7769115641060855,11956.97443,2360005.0,-0.08565170194145848,1440,-0.001599409248855821,bear,"low vol, flat"
1742688000,83840.59,2.1211088156939537,5420.22114,864481.0,-0.15715919295499436,1440,-0.002956006634818209,bear,"low vol, flat"
1742774400,86082.5,2.9754503221268087,8461.97813,1206533.0,0.04580987140887354,1440,0.02638888098096004,bear,"low vol, flat"
1742860800,87498.16,5.343242208881084,30115.62111,2916713.0,-0.0450168218363536,1440,0.01631162582836687,bear,"low vol, flat"
1742947200,87392.87,5.3126444062659814,22643.25248,2802815.0,-0.16614780068909957,1440,-0.001204064184658904,bear,"low vol, flat"
1743033600,86909.17,5.041933290152053,18408.78485,2380154.0,-0.06664371385708273,1440,-0.005550150091920614,bear,"low vol, flat"
1743120000,87232.01,4.811764068643375,17098.03897,2376381.0,-0.04257380810028661,1440,0.003707800416433926,bear,"low vol, flat"
1743206400,84424.38,5.396645785512087,27182.73169,3236085.0,-0.1704411838676395,1440,-0.03271512826249534,bear,"mid vol, flat"
1743292800,82648.54,4.673183757225265,11696.39864,2172387.0,-0.03874602379318358,1440,-0.021259063189173588,bear,"low vol, flat"
1743379200,82389.99,4.596082644560009,9864.49508,1907663.0,-0.04200447936155285,1440,-0.003133210305684031,bear,"low vol, flat"
1743465600,82550.01,7.190142940544022,20569.13885,3964358.0,-0.036140315616567456,1440,0.00194034255129516,bear,"low vol, flat"
1743552000,85158.34,5.886566012806746,20190.39697,3328693.0,0.014980190357297295,1440,0.031108055610872043,bear,"mid vol, flat"
1743638400,82516.29,10.117963525777139,39931.457,5338238.0,0.03876390435740926,1440,-0.0315166187211986,bear,"mid vol, flat"
1743724800,83213.09,7.418628183443561,27337.84135,4117486.0,0.020675168999764574,1440,0.008408938788086573,bear,"mid vol, flat"
1743811200,83889.87,8.948882236199434,32915.53976,4992586.0,-0.03412261163539856,1440,0.008100200026058602,bear,"mid vol, flat"
1743897600,83537.99,3.8239733769794126,9360.40468,1575750.0,-0.13900163128417217,1440,-0.004203368759458925,bear,"low vol, flat"
1743984000,78430.0,9.081972282829831,27942.714359999998,3948493.0,-0.10575295305706293,1440,-0.06309499122461837,bear,"mid vol, flat"
1744070400,79163.24,16.54458495337264,78387.53089,9736596.0,-0.0030087107901249324,1440,0.009305542434695724,bear,"high vol, flat"
1744156800,76322.42,9.163870583501998,35317.32063,5512751.0,-0.11064995702648239,1440,-0.03654531442655973,bull,"mid vol, flat"
1744243200,82615.22,13.308780672484353,75488.28772,7741252.0,0.04629819466780732,1440,0.079227189821367,bull,"high vol, flat"
1744329600,79607.3,8.471925064173764,33284.80718,4529545.0,-0.018175529055295705,1440,-0.037088127865999354,bull,"mid vol, flat"
1744416000,83423.84,7.703437136364835,34435.43797,4423157.0,0.0465720625187681,1440,0.04682832264786185,bull,"mid vol, flat"
1744502400,85276.9,5.386954993687642,18470.74437,2501196.0,0.03154764628470685,1440,0.021969489076607118,bull,"mid vol, flat"
1744588800,83760.0,7.117763169764627,24680.04181,3275879.0,-0.05521399195717163,1440,-0.017948042350266036,bull,"mid vol, flat"
1744675200,84591.58,7.35937900505387,28659.09348,3921522.0,0.06050732557923184,1440,0.00987916790997545,bull,"mid vol, flat"
1744761600,83643.99,5.6845704708152205,20910.99528,2910533.0,-0.0015433909083641675,1440,-0.011265156602012993,bull,"mid vol, flat"
1744848000,84030.38,6.1806847874400015,20867.24519,3264730.0,0.0022184437657436183,1440,0.004608822254111189,bull,"mid vol, flat"
1744934400,84947.91,4.503819038484206,13728.84772,2003405.0,-0.06409980196065573,1440,0.010859844983459155,bull,"low vol, flat"
1745020800,84474.69,2.470106051429827,6529.96315,840009.0,-0.10817611275493946,1440,-0.005586282238965623,bull,"low vol, flat"
1745107200,85077.01,2.6494976794200986,9666.58153,875226.0,0.12062384270812648,1440,0.007104883451191313,bull,"low vol, flat"
1745193600,85179.24,2.9894357180069226,8091.67725,944130.0,-0.05001570842435665,1440,0.0012008958529978742,bull,"low vol, flat"
1745280000,87516.23,6.0049973055144275,31773.37262,3041395.0,0.08369979957135572,1440,0.027066519704467495,bull,"mid vol, flat"
1745366400,93442.99,8.311053065700273,43872.74705,3268475.0,0.03835624626108296,1440,0.06552725583428476,bull,"mid vol, flat"
1745452800,93691.08,6.9905702139360875,27404.16808,3016536.0,-0.041893357121753544,1440,0.0026514695623873763,bull,"mid vol, flat"
1745539200,93980.47,4.964678882744931,19497.06071,2797383.0,-0.1213874329675819,1440,0.003084007452041959,bull,"low vol, flat"
1745625600,94638.68,5.395963561100006,27500.66648,3331828.0,-0.04931603243093477,1440,0.006979277255771521,bull,"low vol, flat"
1745712000,94628.0,3.3271377654680636,9415.06875,1475983.0,-0.11711220802291018,1440,-0.00011285663183002725,bull,"low vol, flat"
1745798400,93749.3,3.576273600630267,11162.841,1918160.0,-0.059363617201033315,1440,-0.00932921719418367,bull,"low vol, flat"
1745884800,95011.18,4.908819950535044,22157.53351,3424740.0,0.04946481653769589,1440,0.013370370730845238,bull,"low vol, flat"
1745971200,94256.82,4.732409195449043,16955.3402,3020875.0,-0.16100949835261924,1440,-0.00797138443390999,bull,"low vol, flat"
1746057600,94172.0,4.833513878274087,17661.2751,3214149.0,-0.04953451520609616,1440,-0.0009002869702090521,bull,"low vol, flat"
1746144000,96489.91,4.425984636540144,21380.45343,2925716.0,0.022043158791885238,1440,0.024315545810010164,bull,"low vol, flat"
1746230400,96887.14,4.192580716133493,14905.74811,2698263.0,-0.001682403983680338,1440,0.004108352658418468,bull,"low vol, flat"
1746316800,95856.42,2.451301626768192,9723.34838,1181239.0,-0.19175889900594095,1440,-0.010695349046804026,bull,"low vol, flat"
1746403200,94277.62,3.3330455649724597,11036.38342,1674726.0,-0.2052949425347167,1440,-0.016607613109211883,bull,"low vol, flat"
1746489600,94733.68,4.3779035293987825,17251.18189,2623300.0,-0.026194424989626035,1440,0.004825752587871435,bull,"low vol, flat"
1746576000,96834.02,4.391481518073206,16122.64513,2512960.0,-0.06889256949117015,1440,0.02192879243775714,bull,"low vol, flat"
1746662400,97030.5,4.702830332299188,16644.83854,2849139.0,-0.0006818401976519832,1440,0.0020269832486352612,bull,"low vol, flat"
1746748800,103261.6,6.572116741602041,34962.02847,4991147.0,0.06099279141740269,1440,0.062240212129403005,bull,"mid vol, flat"
1746835200,102971.99,5.5201368591571365,27617.39907,4406929.0,0.05188788945576845,1440,-0.002808564699583016,bull,"mid vol, flat"
1746921600,104809.53,3.8756111782845495,15324.78611,2227845.0,0.07776183246188238,1440,0.01768769336789866,bull,"low vol, flat"
1747008000,104118.0,4.984792903686529,17987.12197,3100176.0,0.008716769156372175,1440,-0.0066198315306778,bull,"low vol, flat"
1747094400,102791.32,6.7995506843910185,31272.77792,5298407.0,0.05241677039990953,1440,-0.012823957677925435,bull,"low vol, flat"
1747180800,104103.72,5.214167078713627,21253.42409,3703531.0,0.007459165606853545,1440,0.012686796194268268,bull,"low vol, flat"
1747267200,103507.82,4.311764892761042,16452.9081,3025221.0,-0.024362953805108785,1440,-0.005740544445961504,bull,"low vol, flat"
1747353600,103763.71,5.266341707605755,17998.98604,4139477.0,-0.058260244086505174,1440,0.0024691295519918555,bull,"low vol, flat"
1747440000,103463.9,4.139270032032402,15683.88024,3237442.0,-0.03657030092191014,1440,-0.0028935353660735075,bull,"low vol, flat"
1747526400,103126.65,3.2892677584952588,11250.89622,2568597.0,-0.05161061915830212,1440,-0.003264915065875229,bull,"low vol, flat"
1747612800,106454.26,4.9828896704807395,21599.98726,3193300.0,0.08008388149391893,1440,0.031757564800075855,bull,"low vol, flat"
1747699200,105573.74,6.192204002836454,30260.03524,4881371.0,-0.060919203344589445,1440,-0.008305743221750816,bull,"low vol, flat"
1747785600,106849.99,5.59863985621671,23705.48275,3878351.0,0.04199208936169005,1440,0.012016222070837301,bull,"low vol, flat"
1747872000,109643.99,7.722308664607123,45531.040345,6835279.0,0.03936344154272804,1440,0.02581277442421026,bull,"mid vol, flat"
1747958400,111696.21,6.465911908344599,31630.77313,5794216.0,0.048634686344133586,1440,0.018544112729196982,bull,"mid vol, flat"
1748044800,107318.3,7.069399752568158,31737.72309,5251192.0,-0.09827705790850413,1440,-0.03998359037453092,bull,"mid vol, flat"
1748131200,107761.91,4.6522139928582895,16782.53129,2805418.0,0.04714924324148251,1440,0.004125071563271021,bull,"low vol, flat"
1748217600,109004.19,4.912069284494224,17710.04695,3151168.0,-0.1115588634845488,1440,0.011462065339149063,bull,"low vol, flat"
1748304000,109434.79,4.4443523673751715,14649.11593,2887863.0,-0.0032008873589411606,1440,0.003942524889582799,bull,"low vol, flat"
1748390400,108938.17,5.716491177684208,21276.65635,3735509.0,-0.06283275473403982,1440,-0.004548373170013775,bull,"low vol, flat"
1748476800,107781.78,4.4102320056420785,15633.78829,2933262.0,-0.12020384535986324,1440,-0.010671846084497005,bull,"low vol, flat"
1748563200,105589.75,5.582508281714006,19834.70116,3774926.0,-0.04636893858803159,1440,-0.02054732532520731,bull,"low vol, flat"
1748649600,103985.48,5.898794016654514,23706.49799,4307572.0,-0.06599553720081112,1440,-0.015310028157546895,bull,"low vol, flat"
1748736000,104591.88,3.983441859980624,11289.35922,2343787.0,-0.06479160648056692,1440,0.00581464554481137,bull,"low vol, flat"
1748822400,105642.93,3.40996548827161,9709.70006,1939359.0,-0.0441824832228648,1440,0.009998903196041908,bull,"low vol, flat"
1748908800,105857.99,4.270212653897595,13453.98813,2997656.0,-0.03453832317302636,1440,0.0020336561573319756,bull,"low vol, flat"
1748995200,105376.89,3.8470445672204487,13259.52634,2470698.0,-0.0557393681379421,1440,-0.004555126803575504,bull,"low vol, flat"
1749081600,104696.86,3.35214810385237,14034.89482,2274464.0,-0.005343582617600258,1440,-0.00647422512636453,bull,"low vol, flat"
1749168000,101508.68,6.0744797680428375,22321.50154,3963295.0,-0.10352265755326073,1440,-0.030924814911037046,bull,"mid vol, flat"
1749254400,104288.44,4.106571402286423,15839.07385,2709327.0,-0.03332646056196026,1440,0.027016209665029933,bull,"low vol, flat"
1749340800,105552.15,2.697819655645914,8344.93206,1402494.0,-0.04851972635472833,1440,0.012044621848145809,bull,"low vol, flat"
1749427200,105734.0,2.479030778741233,8048.06305,1295154.0,0.08384405860239882,1440,0.0017213626629395407,bull,"low vol, flat"
1749513600,110263.02,4.62319183325968,19975.37451,2839846.0,0.06369792112598543,1440,0.04194209634941082,bull,"mid vol, flat"
1749600000,110274.39,4.344403283394146,17071.82839,3003420.0,-0.06169443283631787,1440,0.00010311175786625881,bull,"low vol, flat"
1749686400,108645.12,4.19531707141874,13115.91638,2667014.0,-0.08035878008548268,1440,-0.014884923520730453,bull,"low vol, flat"
1749772800,105671.73,4.909675170223539,17778.67218,3517420.0,-0.06728394606126331,1440,-0.027749388787279727,bull,"low vol, flat"
1749859200,106066.59,6.814982727147108,26180.81734,5452577.0,-0.022665573511082737,1440,0.003729702377263777,bull,"low vol, flat"
1749945600,105414.64,3.0906728915849135,8798.93969,1521776.0,-0.12522301195588711,1440,-0.006165578527108195,bull,"low vol, flat"
1750032000,105594.01,3.09529729711243,7164.20047,1564768.0,-0.06298849842207156,1440,0.0017001202861059994,bull,"low vol, flat"
1750118400,106794.53,4.874255473395443,14922.6654,2928998.0,-0.0025442492331161724,1440,0.011305061807508565,bull,"low vol, flat"
1750204800,104551.17,5.176519130449867,17866.33025,3723010.0,-0.09520838505713836,1440,-0.02123009135616627,bull,"low vol, flat"
1750291200,104886.78,5.525769167926086,13968.64167,3468170.0,-0.04696320554982074,1440,0.00320486604513448,bull,"low vol, flat"
1750377600,104658.59,3.263663026915794,7678.60737,1718045.0,-0.06670645148509521,1440,-0.0021779540173216816,bull,"low vol, flat"
1750464000,103297.99,4.757604925643677,16419.06283,3029404.0,-0.13344988521491627,1440,-0.01308561061098601,bull,"low vol, flat"
1750550400,102120.01,4.883600239056995,11154.21332,2172578.0,-0.16929380905905075,1440,-0.01146922774935355,bull,"low vol, flat"
1750636800,100963.87,7.444578253755189,28746.41072,5121309.0,-0.0856576998076092,1440,-0.011385960226361291,bull,"low vol, flat"
1750723200,105333.93,6.90915265912516,27666.50609,4944207.0,-0.030726786650782323,1440,0.04237285938879154,bull,"mid vol, flat"
1750809600,106083.0,4.713794682502058,14651.69335,2973481.0,-0.06518360486980844,1440,0.007086217120932048,bull,"low vol, flat"
1750896000,107340.58,4.342547915777,16701.15551,2988892.0,0.027011225045469912,1440,0.011784963544526406,bull,"low vol, flat"
1750982400,106947.06,4.151715498312899,10573.27279,2597742.0,-0.05741768344179848,1440,-0.003672824455673407,bull,"low vol, flat"
1751068800,107047.59,3.676150429384074,12232.44042,2304499.0,-0.20501879705864945,1440,0.000939556268303221,bull,"low vol, flat"
1751155200,107296.79,1.3712081188066294,3282.17352,653305.0,-0.07718493201419768,1440,0.0023252311283279425,bull,"low vol, flat"
1751241600,108356.93,2.4161112301619285,6831.7364,1223202.0,0.10399720633249256,1440,0.009831952261780685,bull,"low vol, flat"
1751328000,107146.5,3.3218567351297903,9754.12491,1773485.0,-0.1118872600125438,1440,-0.011233628430861842,bull,"low vol, flat"
1751414400,105681.14,3.527099259151626,10505.62437,2013289.0,-0.11496602081538156,1440,-0.013770609458806149,bull,"low vol, flat"
1751500800,108849.6,3.9123902457308812,17691.89592,2444708.0,0.04549906147085233,1440,0.02954066545374623,bull,"low vol, flat"
1751587200,109584.78,4.021725745049017,13047.08225,2568944.0,0.06719597939225072,1440,0.006731383365641719,bull,"low vol, flat"
1751673600,107984.24,3.0977105162815235,11793.86615,1975212.0,-0.18808672930377462,1440,-0.014713205707566956,bull,"low vol, flat"
1751760000,108198.12,1.6391208743664643,3736.9757,710020.0,-0.03468182573410904,1440,0.001978700480306017,bull,"low vol, flat"
1751846400,109203.84,2.9202473006988146,6447.607,1256591.0,-0.00448057085365163,1440,0.009252236497324873,bull,"low vol, flat"
1751932800,108262.94,3.3834505576938496,9405.37601,1961940.0,-0.16623805665372862,1440,-0.008653329682976718,bull,"low vol, flat"
1752019200,108922.98,3.1144948777643866,9216.0208,1723244.0,-0.051219880059298506,1440,0.006078129116499298,bull,"low vol, flat"
1752105600,111233.99,3.9976991964502564,17282.2865,2328484.0,0.034088084351570125,1440,0.020994973616712542,bull,"low vol, flat"
1752192000,116010.0,5.821641466737715,24883.450665,3227017.0,0.036844579208202825,1440,0.04204039370937984,bull,"mid vol, flat"
1752278400,117527.66,5.230876422379598,25873.521148,3708194.0,-0.033534624338020215,1440,0.012997315848982893,bull,"mid vol, flat"
1752364800,117420.0,2.762415523212811,8446.604370000001,1441851.0,-0.10388789998459476,1440,-0.0009164595002584264,bull,"low vol, flat"
1752451200,119086.64,3.2035706035570004,9550.792947,1650283.0,-0.0018683614124002323,1440,0.01409404479001175,bull,"low vol, flat"
1752537600,119841.18,5.655241679672737,27269.348877,4076133.0,0.03409735308290543,1440,0.006316070756330561,bull,"low vol, flat"
1752624000,117758.09,6.685706588199476,32018.46083,3805374.0,-0.021358011980365386,1440,-0.017534930762700185,bull,"low vol, flat"
1752710400,118630.43,5.049233187741568,17039.90851,2429625.0,-0.01924722129860781,1440,0.007380594962262066,bull,"low vol, flat"
1752796800,119177.56,5.482715087833308,15728.57651,2347985.0,-0.021376249133940317,1440,0.004601451493543962,bull,"low vol, flat"
1752883200,117924.84,5.273361999418995,19924.66266,2805236.0,-0.10147752233010719,1440,-0.010567009500656255,bull,"low vol, flat"
1752969600,117840.0,2.6394826815617947,6635.80306,1133382.0,-0.10232923639539125,1440,-0.000719700220457753,bull,"low vol, flat"
1753056000,117265.12,3.7062366621768055,12962.92889,1615935.0,0.015408441386582393,1440,-0.00489041791811573,bull,"low vol, flat"
1753142400,117380.36,4.589543866955644,17107.33128,2509543.0,-0.014888063826633205,1440,0.0009822478512298005,bull,"low vol, flat"
1753228800,119954.42,5.639696793756726,20959.12973,2778733.0,0.03167022765501053,1440,0.02169223520627206,bull,"low vol, flat"
1753315200,118755.99,4.484988129588012,14558.75083,2101404.0,-0.028750873951182285,1440,-0.010040953545907172,bull,"low vol, flat"
1753401600,118340.99,4.489798255747595,15806.89043,2081435.0,-0.03184754093345098,1440,-0.003500680808423695,bull,"low vol, flat"
1753488000,117614.31,5.84163891099824,38406.34873,3282355.0,-0.11250227561009793,1440,-0.006159491204291712,bull,"low vol, flat"
1753574400,117919.99,1.937725650137453,6991.67206,790372.0,-0.09381231762177356,1440,0.0025956319026292363,bull,"low vol, flat"
1753660800,119415.55,2.7243536103936674,9328.30919,1095080.0,0.12309818924430395,1440,0.012603083346819588,bull,"low vol, flat"
1753747200,118062.32,4.057414680282997,13961.74754,1824777.0,0.03495894325560906,1440,-0.011396806340219001,bull,"low vol, flat"
1753833600,117950.76,4.207667561538111,15137.93445,1956694.0,0.05548579119392336,1440,-0.0009453714032190419,bull,"low vol, flat"
1753920000,117840.3,4.188501874278231,15586.73631,1997369.0,0.0013147312941229796,1440,-0.0009369312651674733,bull,"low vol, flat"
1754006400,115764.08,4.101681104111094,17010.0073,1859532.0,-0.0225146863987532,1440,-0.017775990938678987,bull,"low vol, flat"
1754092800,113297.93,6.90423969864176,24487.10206,4160829.0,-0.06177373117870694,1440,-0.021533429249677383,bull,"mid vol, flat"
1754179200,112546.35,3.9487602585180643,11507.334280000001,2165714.0,-0.1205594229074573,1440,-0.006655760991845838,bull,"low vol, flat"
1754265600,114208.8,2.9870187550526754,7397.76046,1419281.0,0.01062566981250963,1440,0.014663215250676487,bull,"low vol, flat"
1754352000,115055.03,3.5810072605368655,9667.67916,1954230.0,-0.02452420442136382,1440,0.007382183600908476,bull,"low vol, flat"
1754438400,114129.75,4.390893940538341,12042.79078,2581052.0,-0.06621851318087904,1440,-0.008074576568789738,bull,"low vol, flat"
1754524800,114992.27,3.745178152030308,9761.15318,2026500.0,-0.0017065831969660112,1440,0.007528949634181714,bull,"low vol, flat"
1754611200,117472.01,3.8112216426382135,13468.56263,2314671.0,0.04075508612755364,1440,0.021335183728332652,bull,"low vol, flat"
1754697600,116674.74,3.194156894135861,10045.31278,2095304.0,-0.08715520553457569,1440,-0.006810029019948871,bull,"low vol, flat"
1754784000,116462.25,2.398158451837707,9514.13144,1390951.0,0.023709666134274106,1440,-0.0018228772606168064,bull,"low vol, flat"
1754870400,119294.01,3.495213496141782,14322.77073,2317065.0,0.12037472096015318,1440,0.02402393212706322,bull,"low vol, flat"
1754956800,118686.0,5.363363712961014,26494.33429,4021743.0,-0.00028214975768693347,1440,-0.005109768025592487,bull,"low vol, flat"
1755043200,120134.08,4.569338569058305,16720.10893,2737841.0,0.10825349987716866,1440,0.012127102101079146,bull,"low vol, flat"
1755129600,123306.43,5.211156882315267,23210.07102,3712817.0,0.028111309070867244,1440,0.026064105677022553,bull,"low vol, flat"
1755216000,118295.09,6.9221306213556995,27980.947586,4350449.0,-0.04205685423565831,1440,-0.04149029256629255,bull,"mid vol, flat"
1755302400,117342.05,4.500123745782217,13623.33874,2895016.0,-0.09839765461194125,1440,-0.008089091530436576,bull,"low vol, flat"
1755388800,117380.66,2.246543308220907,6393.68117,1179842.0,-0.06306599582912888,1440,0.0003289839346880541,bull,"low vol, flat"
1755475200,117405.01,2.3133137070448733,5898.64192,1177563.0,-0.04902478636980896,1440,0.00020742322210054454,bull,"low vol, flat"
1755561600,116227.05,4.5390420171409405,17745.93954,3346280.0,-0.13808940318298865,1440,-0.01008397547729345,bull,"low vol, flat"
1755648000,112872.94,5.040533934535787,18065.47424,3291182.0,-0.04686546440753726,1440,-0.029282844329104663,bull,"low vol, flat"
1755734400,114271.24,4.821550705929478,15636.34194,2998370.0,-0.07784240359225604,1440,0.012312159298069503,bull,"low vol, flat"
1755820800,112500.0,4.317956675808276,10839.69235,2357380.0,-0.013536565915544654,1440,-0.015621698947350993,bull,"low vol, flat"
1755907200,116935.99,5.891541502690009,23128.09037,3438518.0,0.02417423319675482,1440,0.038673469425647866,bull,"mid vol, flat"
1755993600,115438.05,2.6084587933132486,11329.36197,1559569.0,-0.10262375701991971,1440,-0.01289266863906846,bull,"low vol, flat"
1756080000,113493.59,6.7785431123837565,21175.98462,2573906.0,-0.1192790071076279,1440,-0.016987662875338927,bull,"low vol, flat"
1756166400,110111.98,6.290327694619027,25182.79379,4695718.0,-0.0956061670550652,1440,-0.030248511573908843,bull,"mid vol, flat"
1756252800,111763.22,5.901135650911791,18452.43877,4077474.0,0.0690653623558942,1440,0.014884678291290143,bull,"mid vol, flat"
1756339200,111262.01,5.88029583380223,13392.60875,3111496.0,-0.06488039531506502,1440,-0.004494655997294927,bull,"mid vol, flat"
1756425600,112566.9,4.140264211338213,11104.27744,2066780.0,-0.07432696674408744,1440,0.01165984129118236,bull,"low vol, flat"
1756512000,108377.4,6.102728156181317,22580.31045,3606959.0,-0.05968020559256756,1440,-0.0379281313827633,bull,"mid vol, flat"
1756598400,108816.33,2.638759864900652,10708.39159,1411040.0,0.0827354941733131,1440,0.004041834886722384,bull,"low vol, flat"
1756684800,108246.35,2.792752927695416,9489.51596,1366633.0,-0.036070838749082144,1440,-0.005251767001620777,bull,"low vol, flat"
1756771200,109237.42,4.896028168859312,16053.60219,2729384.0,-0.06152015966953521,1440,0.00911403053483184,bull,"low vol, flat"
1756857600,111240.01,5.329288279676515,18510.28756,2596328.0,-0.01798205559589925,1440,0.018166440657326532,bull,"low vol, flat"
1756944000,111705.71,4.144644014497541,11773.72084,2214249.0,-0.05904094461271434,1440,0.004177704576074248,bull,"low vol, flat"
1757030400,110730.87,4.060864053147734,12203.13536,2230255.0,-0.005045616407880329,1440,-0.008765161209067784,bull,"low vol, flat"
1757116800,110659.99,5.678934080240546,21587.40888,2970419.0,-0.0005459821540193454,1440,-0.0006403155254179893,bull,"low vol, flat"
1757203200,110187.97,1.920057042121374,5000.29897,795201.0,-0.07652203044171177,1440,-0.004274621497469155,bull,"low vol, flat"
1757289600,111137.34,2.075637640245097,5681.29944,874961.0,-0.09497747226645029,1440,0.008579008182540093,bull,"low vol, flat"
1757376000,112065.23,3.4505019162494825,11582.40211,1744598.0,-0.04481650050397016,1440,0.008314378685941648,bull,"low vol, flat"
1757462400,111546.39,3.817499023130359,15379.28248,2143242.0,-0.011998070796863382,1440,-0.004640554288638299,bull,"low vol, flat"
1757548800,113960.0,4.145785230426772,17517.41823,2182534.0,-0.05526717791906025,1440,0.021406951444262745,bull,"low vol, flat"
1757635200,115482.69,3.6823321303538976,13676.73119,2166359.0,-0.013755577073676488,1440,0.013273138970621545,bull,"low vol, flat"
1757721600,116029.42,3.3280021070918915,15324.10719,2481491.0,0.043528691213755424,1440,0.004723131039401807,bull,"low vol, flat"
1757808000,115918.29,1.9853665746620401,8269.40394,1223635.0,-0.13171647774168355,1440,-0.0009582332889035428,bull,"low vol, flat"
1757894400,115268.01,2.1980927075479126,6707.60197,1237218.0,0.015834805117394272,1440,-0.005625607702317126,bull,"low vol, flat"
1757980800,115349.71,3.6911847363952783,13212.51149,2857989.0,0.0022869013224978154,1440,0.0007085318805337693,bull,"low vol, flat"
1758067200,116788.96,3.328629711079065,10926.9094,2047058.0,-0.03134848907962946,1440,0.012400074849789888,bull,"low vol, flat"
1758153600,116447.59,4.621482000518183,16754.2454,3227418.0,-0.04800225738605926,1440,-0.0029272448401407303,bull,"low vol, flat"
1758240000,117073.53,3.384338836215266,11657.23365,2252654.0,-0.019090540404498164,1440,0.005360898398272695,bull,"low vol, flat"
1758326400,115632.38,2.63011055030973,8992.09065,1732471.0,-0.10569966729594751,1440,-0.01238617811420717,bull,"low vol, flat"
1758412800,115685.63,1.193111571073936,4674.92752,740451.0,-0.026224547755127517,1440,0.00046040514476786143,bull,"low vol, flat"
1758499200,115232.29,1.4748893011052648,4511.52219,945965.0,-0.10596698627786197,1440,-0.003926421842189498,bull,"low vol, flat"
1758585600,112650.99,5.23387287651062,20781.71356,3045876.0,-0.10379307816809304,1440,-0.022655549003408382,bull,"low vol, flat"
1758672000,111998.8,3.452833884718571,12301.3203,2455729.0,-0.09873724692787653,1440,-0.005806298169945379,bull,"low vol, flat"
1758758400,113307.0,3.5436832201162147,12369.25967,2229837.0,-0.013571542232810038,1440,0.011612792050812004,bull,"low vol, flat"
1758844800,108994.49,5.265472966142921,21231.14957,4409953.0,-0.10404480561529963,1440,-0.03880361851008374,bull,"mid vol, flat"
1758931200,109643.46,4.274039046913014,14243.01591,3257155.0,-0.02011057572426741,1440,0.005936498269548451,bull,"low vol, flat"
1759017600,109635.85,1.6998439379641683,5501.78643,919594.0,-0.08274925168260308,1440,-6.94091932622598e-05,bull,"low vol, flat"
1759104000,112163.95,2.504136344206478,7542.3316,1484866.0,0.0028400395442703245,1440,0.022797220643521854,bull,"low vol, flat"
1759190400,114311.96,3.4172991736854508,15541.12005,2442653.0,0.00851002434666866,1440,0.01896956203457023,bull,"low vol, flat"
1759276800,114048.93,3.6823983350146787,15044.15633,3018331.0,-0.04471591728002209,1440,-0.0023036354107670576,bull,"low vol, flat"
1759363200,118594.99,3.8939283897033206,20036.39516,3430343.0,0.005274735258315742,1440,0.03908667600199678,bull,"low vol, flat"
1759449600,120529.35,4.0612535149704465,19670.83503,3472073.0,-0.008371686801747233,1440,0.016179048899138238,bull,"low vol, flat"
1759536000,122232.0,4.95759501399839,23936.328,4246820.0,-0.05677900553501777,1440,0.014027586512955992,bull,"low vol, flat"
1759622400,122391.0,2.344795411909204,8208.16678,1703590.0,-0.08193791598371973,1440,0.001299959712628862,bull,"low vol, flat"
1759708800,123482.31,4.892373044734942,22043.097553,3690670.0,0.06887631147798338,1440,0.008877068978927483,bull,"low vol, flat"
1759795200,124658.54,4.5111710875785995,19494.628793,4206167.0,0.022128531791018313,1440,0.009480412513902081,bear,"low vol, flat"
1759881600,121332.95,4.765821911907507,21633.99385,4390785.0,-0.10332312588690125,1440,-0.027039899832891123,bear,"low vol, flat"
1759968000,123306.0,4.681817924396523,17012.618,4184997.0,0.06263036294590292,1440,0.01613065116385748,bear,"low vol, flat"
1760054400,121662.4,4.774563231329073,21559.36007,4231167.0,-0.05895596093172899,1440,-0.013419074980520307,bear,"low vol, flat"
1760140800,112774.5,19.542440935824562,64171.93927,11404522.0,-0.04936196982722104,1440,-0.07585974612842605,bear,"high vol, flat"
1760227200,110644.4,7.111504964243998,35448.51652,6661929.0,-0.1324913158876528,1440,-0.01906879449319554,bear,"mid vol, flat"
1760313600,114958.8,8.087646433968805,32255.30272,6048575.0,0.04884740824407298,1440,0.03825234811823108,bear,"mid vol, flat"
1760400000,115166.0,6.2064297248716205,22557.24033,5739352.0,-0.050336204845497584,1440,0.0018007625079210499,bear,"mid vol, flat"
1760486400,113028.14,7.416980713464834,31870.32974,7425642.0,-0.06218780339484499,1440,-0.018737751551798354,bear,"mid vol, flat"
1760572800,110763.28,6.532803248071932,22986.48811,5243141.0,-0.08647912984738222,1440,-0.02024150281585335,bear,"mid vol, flat"
1760659200,108194.28,7.894573237593337,29857.17252,6127094.0,-0.1206835690012619,1440,-0.023466811492916406,bear,"mid vol, flat"
1760745600,106431.68,7.778822607699184,37920.66838,7570685.0,-0.05080789823357023,1440,-0.0164252229988886,bear,"mid vol, flat"
1760832000,107185.01,3.598762900490932,11123.18766,2105450.0,-0.12869286069385608,1440,0.007053129818340054,bear,"low vol, flat"
1760918400,108642.78,4.9982879220919285,15480.66423,3205640.0,-0.08268663094697201,1440,0.013508845814879322,bear,"low vol, flat"
1761004800,110532.09,5.464372684808515,19193.4416,4283542.0,-0.0329508440007966,1440,0.01724063345299598,bear,"low vol, flat"
1761091200,108297.67,8.440870356870851,37228.01659,6004063.0,-0.08487891054740712,1440,-0.020422246574193892,bear,"mid vol, flat"
1761177600,107567.44,7.279165410906658,28610.78451,5547903.0,-0.03766437406228257,1440,-0.006765639759505504,bear,"mid vol, flat"
1761264000,110078.18,5.450663572096089,17573.09294,3721614.0,-0.024037807200034098,1440,0.023072840914215575,bear,"mid vol, flat"
1761350400,111004.89,4.999112034440428,15005.16913,3241022.0,0.001154113615779042,1440,0.008383413777913518,bear,"low vol, flat"
1761436800,111646.27,2.3742653375846996,6407.96864,1238199.0,-0.03648510988967634,1440,0.005761315360732766,bear,"low vol, flat"
1761523200,114559.4,5.235275741844861,13454.47737,2463951.0,0.037897102650520764,1440,0.0257578960116831,bear,"low vol, flat"
1761609600,114107.65,4.321479188807698,21450.23241,3660488.0,0.022804938457074736,1440,-0.003951164697452825,bear,"low vol, flat"
1761696000,112898.45,5.177696161567284,15523.42257,3829845.0,0.0004643892136216825,1440,-0.010653558973311661,bear,"low vol, flat"
1761782400,110021.29,6.942780098546024,21079.71376,4481480.0,-0.012598325718441682,1440,-0.025814849578230437,bear,"mid vol, flat"
1761868800,108322.88,7.115094981553794,25988.82838,6373451.0,-0.034113330814184266,1440,-0.015557495821203915,bear,"mid vol, flat"
1761955200,109608.01,6.277238768336767,21518.20439,5256872.0,0.003665471735952842,1440,0.011794059086765785,bear,"mid vol, flat"
1762041600,110098.1,2.6461677578586014,7378.50431,1994214.0,-0.07659225586330251,1440,0.004461330755654913,bear,"low vol, flat"
1762128000,110540.68,3.374767876993832,12107.00087,2652188.0,-0.021745419268314647,1440,0.004011811464845749,bear,"low vol, flat"
1762214400,106583.04,7.291875046150198,28681.18779,7074546.0,-0.10414548839017936,1440,-0.03645919836858269,bear,"mid vol, flat"
1762300800,101497.22,10.17905571346225,50534.87376,9099609.0,-0.07434258405081254,1440,-0.048892990692746,bear,"mid vol, flat"
1762387200,103885.16,7.660493148548359,33778.77571,6500368.0,0.07326851841072823,1440,0.02325464931597665,bear,"mid vol, flat"
1762473600,101346.04,7.347614732167812,25814.62139,5755001.0,-0.07242118494614887,1440,-0.02474525864647603,bear,"mid vol, flat"
1762560000,103339.08,7.488058661905143,32059.50942,6335759.0,0.0016875560786419755,1440,0.01947482055427585,bear,"mid vol, flat"
1762646400,102312.94,4.258209260074179,12390.77985,2743819.0,-0.053706087756857396,1440,-0.009979464496074897,bear,"low vol, flat"
1762732800,104722.96,4.99187019125923,16338.97096,3404204.0,0.006789155833103884,1440,0.02328223138207619,bear,"low vol, flat"
1762819200,106011.13,5.663704714732141,22682.25673,4710957.0,0.0224572958530303,1440,0.01222570154598479,bear,"low vol, flat"
1762905600,103058.99,5.866789801324394,24196.50718,5532149.0,-0.11416686133457046,1440,-0.028242545864333835,bear,"mid vol, flat"
1762992000,101654.37,5.896991546360591,20457.63906,5314132.0,-0.007146335878310275,1440,-0.01372301293113054,bear,"mid vol, flat"
1763078400,99692.02,8.93223268343749,36198.50771,8125404.0,-0.046909646209832664,1440,-0.0194928961604397,bear,"mid vol, flat"
1763164800,94594.0,10.8282452801255,47288.14481,9551025.0,-0.10400734623363624,1440,-0.05249158454481062,bear,"mid vol, flat"
1763251200,95596.24,5.594450429763925,15110.89391,4263558.0,-0.058191788999199,1440,0.010539439640718129,bear,"mid vol, flat"
1763337600,94261.44,6.933258175614486,23889.4051,5141394.0,-0.09343682065988324,1440,-0.014061290467363818,bear,"mid vol, flat"
1763424000,92215.14,8.346832670141739,39218.59806,8134322.0,-0.04687095538672092,1440,-0.0219478729477931,bear,"mid vol, flat"
1763510400,92960.83,8.599727990261771,39835.14769,8786593.0,0.010713439631783632,1440,0.008053896310370234,bear,"mid vol, flat"
1763596800,91554.96,7.759464098754522,32286.6376,6822174.0,-0.06710109014262908,1440,-0.015238773937443995,bear,"mid vol, flat"
1763683200,86637.23,9.07259619129406,39733.19073,7841395.0,-0.07966915648709604,1440,-0.05520981689189419,bear,"mid vol, flat"
1763769600,85129.43,14.014579636280965,72256.12679,11826480.0,-0.05691434640486622,1440,-0.017556826574242734,bear,"mid vol, flat"
1763856000,84739.74,6.224885879175632,14193.93263,4697593.0,-0.05751359339797002,1440,-0.004588127246520912,bear,"mid vol, flat"
1763942400,86830.0,6.159871511881703,19734.46418,5063493.0,0.05465412540022674,1440,0.024367507087484697,bear,"mid vol, flat"
1764028800,88300.01,7.806682069610579,24663.12795,6189156.0,0.00870215693788346,1440,0.01678803678763785,bear,"mid vol, flat"
1764115200,87369.96,6.268270712174691,19567.0411,4838747.0,-0.03683139399139902,1440,-0.010588704373343916,bear,"mid vol, flat"
1764201600,90484.02,6.194040285100031,21675.82239,4668280.0,0.004216627556524155,1440,0.03502174404226999,bear,"mid vol, flat"
1764288000,91333.95,4.765575173048955,16833.50932,3920172.0,0.05721964218450914,1440,0.009349308992867122,bear,"low vol, flat"
1764374400,90890.7,5.464352676435317,18830.86012,4229754.0,-0.04819566786734763,1440,-0.004864883803623599,bear,"low vol, flat"
1764460800,90802.44,3.3682322433057226,7429.88291,1677860.0,-0.09580020016762283,1440,-0.0009715282254703084,bear,"low vol, flat"
1764547200,90360.0,3.616636723998105,9687.74175,2154030.0,0.032844827846489726,1440,-0.004884465893088219,bear,"low vol, flat"
1764633600,86286.01,8.866574225377711,34509.01227,7709685.0,-0.10027367120583193,1440,-0.046134215573856,bear,"mid vol, flat"
1764720000,91277.88,7.4659158719447225,28210.227319999998,6397299.0,-0.042025479857069004,1440,0.05624100401714749,bear,"mid vol, flat"
1764806400,93429.95,7.936934563137052,25712.525849999998,6733182.0,0.010650855213432937,1440,0.023303477601613665,bear,"mid vol, flat"
1764892800,92078.06,6.823059759636031,19803.94059,5856049.0,-0.16050087585119327,1440,-0.01457526208899651,bear,"mid vol, flat"
1764979200,89330.04,6.730870496159404,19792.97218,5520352.0,-0.11866294049426585,1440,-0.03029887006416132,bear,"mid vol, flat"
1765065600,89236.79,3.828243569488533,8409.50016,2482221.0,-0.03877085127494657,1440,-0.0010444269910223625,bear,"low vol, flat"
1765152000,90395.31,6.4278785647550505,13021.11185,3953071.0,-0.021501865065386087,1440,0.01289898702078851,bear,"low vol, flat"
1765238400,90634.34,6.565958595927358,15793.63887,5458731.0,-0.0759896006157067,1440,0.0026407844119589186,bear,"low vol, flat"
1765324800,92678.8,7.192270114625535,21240.43014,5940223.0,-0.009647213293205044,1440,0.0223065817697794,bear,"mid vol, flat"
1765411200,92015.37,7.852154775609726,18998.68083,6025707.0,-0.03179265525879155,1440,-0.007184123390461039,bear,"mid vol, flat"
1765497600,92513.38,7.3622082536982045,19972.58758,6250438.0,-0.08365424025843723,1440,0.005397654393828333,bear,"mid vol, flat"
1765584000,90268.42,6.05805731694646,16679.19169,4956719.0,-0.042317771935145784,1440,-0.024565606595954748,bear,"mid vol, flat"
1765670400,90240.01,2.327415161655141,5895.70788,1363754.0,-0.24080882379131716,1440,-0.00031477754512110323,bear,"low vol, flat"
1765756800,88172.17,4.714619077638427,9416.94004,3115749.0,-0.14925478276699317,1440,-0.023181518223392317,bear,"low vol, flat"
1765843200,86432.08,7.286110051214815,19778.6919,6747167.0,-0.03002576626414815,1440,-0.01993247714905877,bear,"mid vol, flat"
1765929600,87863.42,7.168860960887653,18456.05017,6099692.0,-0.017560379767866577,1440,0.01642466016055444,bear,"mid vol, flat"
1766016000,86243.22,8.3399440905752,19834.11729,6058638.0,-0.064513106950574,1440,-0.018612119227457313,bear,"mid vol, flat"
1766102400,85516.41,8.45167366898332,25405.41763,6946947.0,-0.0026900116737029996,1440,-0.008463156774887182,bear,"mid vol, flat"
1766188800,88136.94,8.113194579997355,21256.65004,6482253.0,0.02369324324633797,1440,0.030183453965175744,bear,"mid vol, flat"
1766275200,88360.9,2.4123405532168753,5123.13194,1174426.0,-0.04106680883178668,1440,0.002537822788109878,bear,"low vol, flat"
1766361600,88658.86,3.8613702940366563,7132.87258,2030666.0,-0.032537331544481345,1440,0.003366407020218176,bear,"low vol, flat"
1766448000,88620.79,6.520499422166749,14673.2197,4847747.0,-0.009131669990601993,1440,-0.000429490926737941,bear,"low vol, flat"
1766534400,87486.0,5.8209340603678275,13910.32904,4465080.0,-0.08244191037482468,1440,-0.012887699635667715,bear,"low vol, flat"
1766620800,87669.45,4.587787731158557,9140.8432,2877239.0,-0.005939996870310628,1440,0.002094711492890866,bear,"low vol, flat"
1766707200,87225.27,3.3388013985553324,7096.58235,1992172.0,-0.04434080723378056,1440,-0.005079409544226365,bear,"low vol, flat"
1766793600,87369.56,5.470441597350139,18344.61505,4509482.0,-0.03548740533533292,1440,0.0016528557328907567,bear,"low vol, flat"
1766880000,87877.01,1.8523942490176215,4469.55156,957536.0,-0.07564594690568918,1440,0.005791285025194881,bear,"low vol, flat"
1766966400,87952.71,2.132747981591956,4446.29285,1241426.0,0.003421157920356099,1440,0.0008610604018155499,bear,"low vol, flat"
1767052800,87237.13,5.5042479798400255,19894.98575,4793589.0,0.013230282911863876,1440,-0.008169240631806574,bear,"low vol, flat"
1767139200,88485.49,4.537316999613792,13105.91001,3542176.0,0.0013132830903666405,1440,0.01420854073060518,bear,"low vol, flat"
1767225600,87648.22,3.594214440037781,11558.62047,2897396.0,-0.0600895506347566,1440,-0.00950728065188855,bear,"low vol, flat"
1767312000,88839.04,2.3087977862815334,6279.57133,1449281.0,-0.005140575415678859,1440,0.013494889906894514,bear,"low vol, flat"
1767398400,89995.13,5.753122136991769,17396.97301,5010211.0,0.026541164933381642,1440,0.012929364730522863,bear,"low vol, flat"
1767484800,90628.01,2.691651502831047,7057.46716,1684214.0,0.07452737477562704,1440,0.007007768661280167,bear,"low vol, flat"
1767571200,91529.73,3.5555133351170016,10426.529700000001,2207037.0,0.020664409559011613,1440,0.009900511123454692,bear,"low vol, flat"
1767657600,93859.71,5.3452003319516805,20673.59584,5485489.0,0.053805016244334036,1440,0.025137383113591483,bear,"low vol, flat"
1767744000,93747.97,5.77540102435627,18546.41829,5018686.0,-0.12556468389670947,1440,-0.001191209370672297,bear,"low vol, flat"
1767830400,91364.16,5.1383110193486825,14276.49025,4340252.0,-0.05931087789591712,1440,-0.02575673226108499,bear,"low vol, flat"
1767916800,91099.99,5.3123619664712445,16132.79117,4923472.0,0.015580708096403136,1440,-0.0028955845252411905,bear,"low vol, flat"
1768003200,90641.28,5.6405316970886785,15590.27939,4155703.0,0.09201797954436781,1440,-0.005047956075854287,bear,"low vol, flat"
1768089600,90504.7,1.4520324711119035,3104.11722,766357.0,-5.462422582104491e-05,1440,-0.0015079553615393593,bear,"low vol, flat"
1768176000,91013.65,2.5290499121609487,5477.13594,1282029.0,0.04739473747660896,1440,0.0056077122089455145,bear,"low vol, flat"
1768262400,91296.2,5.371571001405929,16188.08268,4099509.0,-0.0001851411349475012,1440,0.003099670437196167,bear,"low vol, flat"
1768348800,95414.0,6.760889867234089,23021.51482,5025071.0,0.07770758414410887,1440,0.044116152506372686,bear,"mid vol, flat"
1768435200,96951.78,5.723934639199055,22851.89428,5346212.0,0.04805213460842241,1440,0.015988423287945253,bear,"mid vol, flat"
1768521600,95604.8,5.562682598673285,21725.81369,4493095.0,-0.0019865009714164533,1440,-0.01399071349755232,bear,"mid vol, flat"
1768608000,95550.94,4.083736063816598,11167.7146,2971559.0,-0.09469937206310765,1440,-0.0005635195827800032,bear,"low vol, flat"
1768694400,95147.77,1.8158948358906766,4280.80137,1020527.0,-0.037632138489060635,1440,-0.004228351630569449,bear,"low vol, flat"
1768780800,93673.14,2.8017515894577114,6895.17819,1488785.0,-0.09868724074264996,1440,-0.015619668190675284,bear,"low vol, flat"
1768867200,92631.0,5.437241447773754,14295.527469999999,3359066.0,-0.03370582659584781,1440,-0.011187629751686856,bear,"low vol, flat"
1768953600,88427.66,7.253911899512513,22007.3261,6064031.0,-0.1249099326064878,1440,-0.04643904221674866,bear,"mid vol, flat"
1769040000,89454.73,7.7781778610744015,20617.50372,6419053.0,-0.00422348317151181,1440,0.011547870630408852,bear,"mid vol, flat"
1769126400,89559.67,5.236180009175531,10825.50492,3743412.0,0.02157778336680124,1440,0.0011724197832183592,bear,"mid vol, flat"
1769212800,89600.26,5.505539789583262,13918.48919,4619907.0,-0.006907059285505762,1440,0.00045311471928499714,bear,"low vol, flat"
1769299200,89225.34,1.776289723480565,4226.56737,959854.0,-0.13122435807760469,1440,-0.004193141802224076,bear,"low vol, flat"
1769385600,86670.36,5.208935091281792,14426.22019,3720178.0,-0.1308497323026095,1440,-0.029053123136140613,bear,"low vol, flat"
1769472000,88347.08,5.9024232576091125,17766.51453,4798083.0,0.06142845790923958,1440,0.019161191027651014,bear,"low vol, flat"
1769558400,89250.0,5.085528858953655,13125.40425,3787336.0,0.02440568563821576,1440,0.010168272808073198,bear,"low vol, flat"
1769644800,89299.99,5.726269529867743,14332.18502,4385791.0,-0.021022495842716964,1440,0.000559955240616361,bear,"low vol, flat"
1769731200,84650.16,6.650758539093263,30431.38201,5598749.0,-0.18599891020854759,1440,-0.053474377187153976,bear,"mid vol, flat"
1769817600,84260.49,10.238056881027847,35195.847929999996,8998829.0,-0.04820603422808343,1440,-0.004613926845758343,bear,"mid vol, flat"
1769904000,78741.09,13.026048723531432,39491.89133,7384976.0,-0.09046576524143385,1440,-0.06774794341998813,bear,"mid vol, flat"
1769990400,76968.21,9.415184756037746,25395.48168,8001906.0,-0.05245003252090311,1440,-0.02277264898561171,bear,"mid vol, flat"
1770076800,78738.61,12.518367201545704,42273.59016,10085578.0,0.016258664982051807,1440,0.022741152862616687,bear,"mid vol, flat"
1770163200,75770.21,10.835575680490203,39120.10889,9199445.0,-0.11529476675748601,1440,-0.038428424839562325,bear,"mid vol, flat"
1770249600,73165.83,12.13269306453424,38375.36,10724002.0,-0.09971629243347814,1440,-0.03497669878289855,bear,"mid vol, flat"
1770336000,62909.86,19.139923225277773,106298.82899,15364010.0,-0.07726829117536825,1440,-0.1510256005239139,bull,"high vol, flat"
1770422400,70580.26,17.789370659773034,92539.21531,13228528.0,0.06933070081162336,1440,0.11504759382535035,bull,"high vol, flat"
1770508800,69289.38,10.91972023359062,44255.48036,7167427.0,-0.15191419560494857,1440,-0.01845885430431693,bull,"high vol, flat"
1770595200,70330.38,8.502093470332605,21420.53168,4870449.0,0.06773749137864536,1440,0.01491220570587437,bull,"mid vol, flat"
1770681600,70138.0,9.851890831351335,29152.72842,6644769.0,-0.04951367430191288,1440,-0.002739123499285512,bull,"mid vol, flat"
1770768000,68841.29,8.70858828768309,20373.77072,4558658.0,-0.0932252368058455,1440,-0.018661019632782327,bull,"mid vol, flat"
1770854400,67082.52,10.079353351330774,28718.24602,6956577.0,-0.0016444625471594301,1440,-0.025880206939472572,bull,"mid vol, flat"
1770940800,66272.17,8.889476859098552,24271.74283,6778280.0,-0.0028136673364712156,1440,-0.01215345293767811,bull,"mid vol, flat"
1771027200,68853.96,8.16914505630114,20244.54955,6450842.0,0.029931423690284044,1440,0.038217689464747906,bull,"mid vol, flat"
1771113600,69822.95,5.27656901838686,18114.78393,3803163.0,-0.13242859971556953,1440,0.013975012427655642,bull,"mid vol, flat"
1771200000,68832.58,6.67250718199568,22290.05208,4598633.0,-0.2048836325554248,1440,-0.014285572925025747,bull,"mid vol, flat"
1771286400,68892.43,6.916715905934411,15515.76534,5233849.0,0.05098668629387771,1440,0.0008691232444615338,bull,"mid vol, flat"
1771372800,67503.52,7.682600928034042,16489.06921,5994853.0,-0.08564261887769717,1440,-0.020366557940658225,bull,"mid vol, flat"
1771459200,66461.0,7.108526807131634,15492.43839,4548997.0,0.0192142606932775,1440,-0.015564435209117988,bull,"mid vol, flat"
1771545600,67003.73,6.662940398914927,14542.26988,4679351.0,-0.02261373655651066,1440,0.008132980025301606,bull,"mid vol, flat"
1771632000,68020.01,8.594577898198573,35351.87091,5044912.0,-0.15130600141694167,1440,0.015053637111472895,bull,"mid vol, flat"
1771718400,67975.93,3.6562242673946463,8032.84131,1593539.0,-0.0032264038339380715,1440,-0.0006482546691266577,bull,"low vol, flat"
1771804800,67643.4,3.312901455847075,8175.13484,2160900.0,-0.027711971048051762,1440,-0.004903883043688495,bull,"low vol, flat"
1771891200,64656.02,8.361905548968423,33075.90923,8268695.0,-0.009028688158605146,1440,-0.04516857121636342,bull,"mid vol, flat"
1771977600,64058.15,8.699789034571374,23102.83622,7553629.0,-0.03469771816613788,1440,-0.009289953077214363,bull,"mid vol, flat"
1772064000,67988.04,9.388068831907434,30749.99259,7096715.0,0.06555601937463747,1440,0.05954054276582177,bull,"mid vol, flat"
1772150400,67485.18,8.018019240333434,20737.77792,5426137.0,-0.01894016714400222,1440,-0.007423789136971948,bull,"mid vol, flat"
1772236800,65872.1,7.559989928472008,21228.58424,3856064.0,-0.04777360037458626,1440,-0.024193035094981497,bull,"mid vol, flat"
1772323200,66973.26,9.224492943663746,22548.71649,5268514.0,0.022772894866443037,1440,0.01657845212786846,bull,"mid vol, flat"
1772409600,65776.47,9.31096881864156,23201.85859,5312013.0,-0.033717754418914364,1440,-0.018031259656581256,bull,"mid vol, flat"
1772496000,68830.06,9.779513478456368,32010.38431,8397526.0,-0.04181633425693796,1440,0.045378392529425327,bull,"mid vol, flat"
1772582400,68338.0,9.35598634907704,24972.2418,7648119.0,-0.012373650810957669,1440,-0.007174587301422619,bull,"mid vol, flat"
1772668800,72666.77,9.933659059168304,44919.0761,8618302.0,0.05261971004786538,1440,0.06141821531693026,bull,"mid vol, flat"
1772755200,70890.72,8.249828352992726,26590.51253,6709160.0,-0.07489450185486887,1440,-0.024744659742351516,bull,"mid vol, flat"
1772841600,68114.02,7.597212881899948,22629.88722,5302899.0,-0.07519702521964222,1440,-0.03995647071445951,bull,"mid vol, flat"
1772928000,67262.91,4.242954212112793,12719.54315,2067476.0,-0.07060050501892427,1440,-0.01257409536326648,bull,"low vol, flat"
1773014400,65971.2,7.0008391457977694,21593.63901,3028392.0,0.043700809741377696,1440,-0.019390687162495368,bull,"mid vol, flat"
1773100800,68432.16,8.611714686974526,28896.7213,5093667.0,-0.02401011979168728,1440,0.036624606413520056,bull,"mid vol, flat"
1773187200,69948.63,8.815930639558418,32602.577260000002,5176064.0,0.00935752770607791,1440,0.021918225932273216,bull,"mid vol, flat"
1773273600,70191.86,7.737290405663609,27249.27542,4759855.0,0.0286744094276544,1440,0.0034712343910410226,bull,"mid vol, flat"
1773360000,70541.34,6.794939425882259,21997.1605,4344059.0,-0.04123680326831276,1440,0.00496657104904763,bull,"mid vol, flat"
1773446400,70930.0,7.85960673680455,35996.61678,5312490.0,0.017336863178395716,1440,0.005494554272369001,bull,"mid vol, flat"
1773532800,71211.95,3.6262467709486885,13017.24737,1661739.0,-0.04094915575073688,1440,0.003967166199519312,bull,"low vol, flat"
1773619200,72815.24,5.176467110143925,14037.30704,2509013.0,0.04108540750420173,1440,0.02226463253976796,bull,"low vol, flat"
1773705600,74884.67,7.729028624122792,28409.53019,5396482.0,0.07036071686618763,1440,0.028023922724338846,bull,"mid vol, flat"
1773792000,73909.36,7.191371806528823,24521.26636,4863187.0,-0.03828357582426266,1440,-0.013109719098400419,bull,"mid vol, flat"
1773878400,71246.54,6.3591381621660075,23392.88093,4733897.0,0.0010883742825942345,1440,-0.03669322101311323,bull,"mid vol, flat"
1773964800,69930.0,7.234948953532723,22364.818189999998,4972526.0,-0.06199668864824335,1440,-0.018651514850331452,bull,"mid vol, flat"
1774051200,70510.73,6.776539079372003,18121.16745,4369971.0,-0.02860429558030502,1440,0.008270155102977128,bull,"mid vol, flat"
1774137600,68918.12,3.7551417315580222,13397.1675,1640086.0,-0.04760567784197669,1440,-0.022845763534558472,bull,"low vol, flat"
1774224000,67859.0,5.985793186656257,14843.78682,3269152.0,-0.017457820106311594,1440,-0.015487110258323611,bull,"low vol, flat"
1774310400,70906.45,10.431115878931621,28335.09119,6509730.0,0.03341628243406404,1440,0.043929379576091776,bull,"mid vol, flat"
1774396800,70556.74,6.7577762675701285,20702.42244,4191328.0,-0.05983462001077772,1440,-0.0049441937848229145,bull,"mid vol, flat"
1774483200,71336.53,6.057749735847011,17719.50066,3298902.0,-0.004511691471107275,1440,0.010991329616636847,bull,"mid vol, flat"
1774569600,68820.31,6.422292370060752,20820.45768,3597702.0,-0.028225524579342492,1440,-0.0359096335700837,bull,"mid vol, flat"
1774656000,66407.28,6.5405041518368625,28603.69557,4159306.0,0.018653585817058116,1440,-0.03569221583695459,bull,"mid vol, flat"
1774742400,66377.03,3.8715311053019112,11462.39847,1687368.0,0.003811070616183092,1440,-0.0004556261281685181,bull,"low vol, flat"
1774828800,66010.93,5.203357809025989,10052.85584,2146177.0,-0.05112966983519383,1440,-0.005530728522709083,bull,"low vol, flat"
1774915200,66797.37,6.764554682517188,18353.38975,3902849.0,-0.002263989953136522,1440,0.01184337413418568,bull,"low vol, flat"
1775001600,68284.48,7.538579009453052,22105.40662,4846820.0,-0.02954215641566888,1440,0.022018799448927595,bull,"mid vol, flat"
1775088000,68113.92,5.982073105778901,19020.1899,3741910.0,0.02023150042261132,1440,-0.0025009104050788267,bull,"mid vol, flat"
1775174400,66901.99,6.559700299342987,20203.47916,4189133.0,-0.0010971753837273276,1440,-0.017952884972725514,bull,"mid vol, flat"
1775260800,66964.3,3.7410802626544455,11429.13131,2023104.0,-0.03137522356456337,1440,0.0009309289814485311,bull,"low vol, flat"
1775347200,67300.42,2.1670982555213123,7373.51613,1356179.0,0.003952321997565044,1440,0.005006835781815155,bull,"low vol, flat"
1775433600,69034.18,4.025007786807599,11733.46752,2106257.0,-0.01281408754434428,1440,0.02543526692025644,bull,"low vol, flat"
1775520000,68853.66,5.752985449702338,20281.61044,4695523.0,0.0008862560521598721,1440,-0.0026183614615238326,bull,"low vol, flat"
1775606400,71924.22,7.303527388672299,23750.49661,4871706.0,0.04967764798245202,1440,0.043629681945819954,bull,"mid vol, flat"
1775692800,71069.93,5.7821030977847405,19802.68627,3843988.0,-0.03344407324188739,1440,-0.011948742855087957,bull,"mid vol, flat"
1775779200,71787.97,6.330670014978359,18158.42159,3773025.0,0.05783618497867451,1440,0.010052591375902864,bull,"mid vol, flat"
1775865600,72962.7,5.2577485941772455,17372.63288,3176308.0,0.015361168444837318,1440,0.0162314383904949,bull,"mid vol, flat"
1775952000,73043.16,3.6013105353552106,9070.94374,1472041.0,0.03042774466595907,1440,0.0011021476555086451,bull,"low vol, flat"
1776038400,70740.98,5.273396703593609,13472.46801,2068779.0,-0.06085315841102525,1440,-0.032025462086224366,bull,"low vol, flat"
1776124800,74417.99,6.403280379144844,24230.21625,3673539.0,0.04330881074988333,1440,0.050672676455565835,bull,"mid vol, flat"
1776211200,74131.55,5.945342398388358,26532.94456,4033448.0,0.003574219204564581,1440,-0.003856496021567679,bull,"mid vol, flat"
1776297600,74809.99,5.618444473781735,14425.04167,3187792.0,-0.027521726389577974,1440,0.009110214548757156,bull,"mid vol, flat"
1776384000,75154.29,6.027370956354353,17088.68777,3581890.0,0.006712517165968419,1440,0.004591768185656875,bull,"low vol, flat"
1776470400,77072.0,6.901236484926667,25941.36694,4931167.0,0.11293112143149081,1440,0.025196849489871553,bull,"mid vol, flat"
1776556800,75691.76,3.8938609830123876,9141.84456,1941112.0,-0.05187982763075981,1440,-0.01807074609568282,bull,"low vol, flat"
1776643200,73801.79,5.2380177572135285,11369.82232,2739751.0,-0.03980579531167203,1440,-0.025286317737348796,bull,"low vol, flat"
1776729600,75840.97,6.099696166308474,16993.41034,3563591.0,0.03719040659616076,1440,0.02725566189452877,bull,"mid vol, flat"
1776816000,76336.15,5.84902262915276,14912.57132,3616213.0,0.029059672587705084,1440,0.006507965819315231,bull,"mid vol, flat"
1776902400,78178.23,5.613458852236387,19737.51225,3757077.0,0.0514115668249934,1440,0.023844606278444758,bull,"mid vol, flat"
1776988800,78257.48,5.8186125630660435,16970.79501,3571796.0,-0.08539868457229106,1440,0.001013195858920568,bull,"low vol, flat"
1777075200,77437.13,4.567681460452659,12675.14315,2581973.0,-0.02990224926966599,1440,-0.010538034574906874,bull,"low vol, flat"
1777161600,77625.0,1.9628883790618847,5685.1142,806542.0,0.05533624988571024,1440,0.00242315892250744,bull,"low vol, flat"
1777248000,78657.55,4.205432889610887,7963.56162,1476971.0,2.130956073389006e-05,1440,0.013214079557604563,bull,"low vol, flat"
1777334400,77371.32,4.92445909656613,16046.92418,2982889.0,-0.038752585419145426,1440,-0.016487450519109714,bull,"low vol, flat"
1777420800,76342.77,3.758860544492205,13210.72383,2352446.0,-0.013081376329097151,1440,-0.013382837592731178,bull,"low vol, flat"
1777507200,75780.0,5.086766131533674,18279.93022,3032890.0,0.059087316362852096,1440,-0.007398926108951542,bull,"low vol, flat"
1777593600,76346.57,4.358164567327974,10381.81607,2569480.0,0.07595649977644031,1440,0.007448700376111006,bull,"low vol, flat"
1777680000,78231.13,4.498766283585225,17315.46502,2388458.0,-0.03866513427313079,1440,0.024384544212576742,bull,"low vol, flat"
1777766400,78686.85,2.8635192008123056,6150.87642,936143.0,0.07205521778309451,1440,0.005808401067080027,bull,"low vol, flat"
1777852800,78568.57,3.0547086357635087,7425.7929,1352474.0,-0.06678945490117298,1440,-0.0015043045550342526,bull,"low vol, flat"
1777939200,79861.01,6.828407663421035,26042.96135,3734604.0,0.025355396459166384,1440,0.016316001996393936,bull,"low vol, flat"
1778025600,80905.52,4.466443249785673,16947.17995,2490930.0,0.018240178655800396,1440,0.012994305434801845,bull,"low vol, flat"
1778112000,81447.01,4.585634964023537,18798.77396,2794707.0,0.06141901288119977,1440,0.0066705706140410825,bull,"low vol, flat"
1778198400,80006.0,4.304226912520567,16154.80338,2540329.0,-0.0559898984050649,1440,-0.017850992874903326,bull,"low vol, flat"
1778284800,80193.17,4.171785543200905,16001.31009,2265372.0,0.04096308279217893,1440,0.0023367172896868738,bull,"low vol, flat"
1778371200,80678.4,2.1872959108645564,7548.42177,1002373.0,0.06849505310565075,1440,0.006032532305335181,bull,"low vol, flat"
1778457600,82210.07,3.9129305378234784,12034.31882,1801608.0,0.06294285462515274,1440,0.01880691918505839,bear,"low vol, flat"
1778544000,81745.65,4.54015080268923,12951.76056,2576396.0,-0.05304403033219761,1440,-0.005665203289169085,bear,"low vol, flat"
1778630400,80504.47,3.8110898531646877,12386.25676,2345137.0,-0.07700866197771282,1440,-0.01529988651922487,bear,"low vol, flat"
1778716800,79313.61,3.6656025937365397,14810.05643,2350570.0,-0.032867720140077876,1440,-0.014902970184666131,bear,"low vol, flat"
1778803200,81089.99,4.724775263676092,19727.86807,3101046.0,0.08984992314985603,1440,0.022149784988148014,bear,"low vol, flat"
1778889600,79113.21,4.629006012743784,17351.27079,3184114.0,-0.03947341369340705,1440,-0.024679661013994547,bear,"low vol, flat"
1778976000,78148.05,3.011386023562757,12132.86192,1597661.0,-0.04782376687593583,1440,-0.012274760081870895,bear,"low vol, flat"
1779062400,77457.67,4.17688856293928,8442.7022,1570433.0,-0.07663029971612645,1440,-0.008873510947942975,bear,"low vol, flat"
1779148800,77001.87,5.724520154456508,18745.516779999998,3529328.0,-0.04868369171735365,1440,-0.005901886319804817,bear,"low vol, flat"
1779235200,76834.36,4.095543499928517,11024.85978,2315121.0,0.030539089541146015,1440,-0.002177771337791512,bear,"low vol, flat"
1779321600,77552.23,4.410079042183564,11296.26307,2437754.0,-0.007430619265845546,1440,0.009299708915348148,bear,"low vol, flat"
1779408000,77615.52,4.53670892505711,11318.25841,2473146.0,0.01870947475566599,1440,0.0008157623412063941,bear,"low vol, flat"
1779494400,75539.5,4.4469729958046305,11272.36134,2370783.0,-0.07650391909810798,1440,-0.02711170893923054,bear,"low vol, flat"
1779580800,76752.01,4.919325064188296,15086.88814,2103536.0,0.025869234024823974,1440,0.015923876796854586,bear,"low vol, flat"
1779667200,77064.96,4.073491275945474,8398.00156,1612969.0,0.07481112685099336,1440,0.004069127506717507,bear,"low vol, flat"
1779753600,77322.01,3.2481715386347623,7672.32197,1778509.0,-0.049992543521997196,1440,0.0033299473074173136,bear,"low vol, flat"
1779840000,75930.01,4.764716017253171,16953.47629,3360745.0,-0.07192597371426758,1440,-0.018166654938214677,bear,"low vol, flat"
1779926400,74449.3,4.554018612960782,16877.77483,3367068.0,-0.05309580196597502,1440,-0.01969363812297864,bear,"low vol, flat"
1780012800,73617.51,5.665397693888936,21274.02026,3799713.0,0.06095396470210939,1440,-0.011235451754407322,bear,"low vol, flat"
1780099200,73460.78,4.810551208145495,18686.74141,2897318.0,0.141811928139696,1440,-0.0021312466894336524,bear,"low vol, flat"
1780185600,73884.38,2.2618524741621466,7515.40909,1124406.0,0.09591129922110478,1440,0.005749780542727123,bear,"low vol, flat"
1780272000,73674.39,2.868060747346117,6986.45707,1363437.0,-0.0245492398051765,1440,-0.002846189918187747,bear,"low vol, flat"
1780358400,71408.9,5.49877055625123,23921.09184,4237773.0,-0.030119190412338737,1440,-0.031232737545769496,bear,"low vol, flat"
1780444800,66760.83,7.74718693937546,32858.19586,6250677.0,-0.04587022569412609,1440,-0.0673059801266156,bear,"mid vol, flat"
1780531200,64142.75,8.836272393103497,30138.3065,6676358.0,-0.03330363170870263,1440,-0.040005463003792485,bear,"mid vol, flat"
1780617600,63885.99,11.725289018786237,43577.17571,9057976.0,-0.07415638065911738,1440,-0.0040109797882657006,bear,"mid vol, flat"
1780704000,61056.47,13.89593375539156,55027.28807,11658856.0,-0.09573890981685815,1440,-0.045300914871313935,bear,"mid vol, flat"
1780790400,60884.62,8.202091301903828,19795.58877,5000874.0,-0.042861586985775704,1440,-0.002818575982386662,bear,"mid vol, flat"
1780876800,63332.01,8.999576103893132,26612.10443,4752461.0,0.06390012914886198,1440,0.039410290872275766,bear,"mid vol, flat"
1780963200,63085.99,8.17151641425643,23053.38624,4887564.0,-0.025913508487679805,1440,-0.0038921721682001476,bear,"mid vol, flat"
1781049600,61730.0,7.336639395713926,21636.21959,4347332.0,-0.042602022324917596,1440,-0.021728679963230135,bear,"mid vol, flat"
1781136000,61510.99,8.175183326230272,15998.71652,4655686.0,-0.03559827435457306,1440,-0.0035541783711394714,bear,"mid vol, flat"
1781222400,63625.99,6.769453635280416,17380.94642,3446803.0,0.032796884946613855,1440,0.033806176636380414,bear,"mid vol, flat"
1781308800,63580.01,5.625420470879969,16397.0524,3154052.0,0.021387518405442174,1440,-0.0007229219062381276,bear,"mid vol, flat"
1781395200,64458.01,3.2784054363218638,9960.74163,1489009.0,0.06946839459382703,1440,0.013714891287420983,bear,"low vol, flat"
1781481600,65746.45,5.196965251972728,13203.03375,2060901.0,0.055218997679226486,1440,0.019791673152566247,bear,"low vol, flat"
1781568000,66328.74,4.998177283421344,18559.80102,3140494.0,-0.04876954009499394,1440,0.008817610222800809,bear,"low vol, flat"
1781654400,65675.01,5.312889396395002,14302.05801,2964629.0,-0.061729272065789924,1440,-0.009904799591062385,bear,"low vol, flat"
1781740800,64509.4,7.565206966314389,19048.65409,3933123.0,-0.01890096425180025,1440,-0.01790753821922131,bear,"mid vol, flat"
1781827200,62958.01,5.788009985894594,16935.59661,3573931.0,-0.037688165625244,1440,-0.024342953377447074,bear,"mid vol, flat"
1781913600,63543.91,4.974081815838673,14247.424,2671918.0,-0.058186288272181745,1440,0.009263166748530338,bear,"low vol, flat"
1782000000,64298.01,4.082243477978755,9522.10324,1970081.0,-0.019153925913535874,1440,0.011797519098186271,bear,"low vol, flat"
1782086400,63311.99,3.8536357651565285,8034.66333,1768294.0,-0.04585079360132944,1440,-0.015453955391466323,bear,"low vol, flat"
1782172800,64020.01,5.9920983589911945,15423.10851,3521337.0,-0.004411744231448763,1440,0.011120964047776738,bear,"low vol, flat"
1782259200,62734.57,5.455209918222431,20222.99292,3626190.0,-0.09872218854537379,1440,-0.0202830393828215,bear,"low vol, flat"
1782345600,61077.99,7.804672357282171,30678.28543,5367531.0,-0.0578707905319857,1440,-0.026761079213191152,bear,"mid vol, flat"
1782432000,59794.0,9.897121315383863,30386.00694,5683275.0,-0.051790283044014854,1440,-0.021246250672291467,bear,"mid vol, flat"
1782518400,60097.27,9.228353970199796,27403.55723,6019134.0,0.015013507427042914,1440,0.005059094742014381,bear,"mid vol, flat"
1782604800,60029.0,3.920918766489752,9587.22916,1763416.0,0.05722444210356169,1440,-0.0011366374291004178,bear,"low vol, flat"
1782691200,59577.01,4.826130570200926,8907.13796,2299232.0,-0.03658259268726988,1440,-0.007558017387369276,bear,"low vol, flat"
1782777600,60260.21,7.659089819061944,20203.14178,4884336.0,0.02302526830062169,1440,0.011402257194722765,bear,"low vol, flat"
1782864000,58624.71,6.098613499084879,19639.82787,3804809.0,-0.09576078580977912,1440,-0.02751573853574385,bull,"mid vol, flat"
1782950400,60024.0,7.004250716828911,25093.44662,4166849.0,0.031035165945649697,1440,0.023588202184315676,bull,"mid vol, flat"
1783036800,61560.0,6.939010082424946,21382.14163,3883096.0,0.06582917344561633,1440,0.025267826727251474,bull,"mid vol, flat"
1783123200,62583.26,4.716135006430151,14048.98627,2571531.0,0.0321010627623028,1440,0.016485521233796874,bull,"mid vol, flat"
1783209600,63144.01,3.661579798570711,9139.8274,1643288.0,0.04018068656307445,1440,0.008920160569786617,bull,"low vol, flat"
1783296000,63650.0,3.772461753101826,9172.07758,1790183.0,-0.004383386386489626,1440,0.007981334229153703,bull,"low vol, flat"
1783382400,64042.02,7.165493345733441,21435.28437,3777895.0,0.07827372107776699,1440,0.006140105413393826,bull,"low vol, flat"
1783468800,63363.99,5.878035782303826,16834.20823,3282102.0,-0.03432289194155946,1440,-0.01064371140853737,bull,"low vol, flat"
1783555200,62290.0,5.802968027583316,18620.09796,3598487.0,-0.10434732643049953,1440,-0.01709481974221916,bull,"low vol, flat"
1783641600,63230.0,5.589168795530422,16742.80672,3176050.0,-0.05362539238582334,1440,0.01497797280446811,bull,"low vol, flat"
1783728000,64161.72,4.958263933163251,17589.001220000002,2927425.0,-0.007618136943878324,1440,0.01462789910845963,bull,"low vol, flat"
1783814400,63819.0,2.754701896886555,9151.97432,1406178.0,-0.14591420750402623,1440,-0.005355819520902472,bull,"low vol, flat"
1783900800,63780.0,2.979843140841131,13914.83703,1919605.0,-0.02880538874697838,1440,-0.0006112900761667817,bull,"low vol, flat"
1783987200,62334.52,5.373188747036335,21682.50204,3349712.0,-0.09037829473668994,1440,-0.022924296143489897,bull,"low vol, flat"
1784073600,65043.98,5.764267517564818,20552.41384,3080945.0,0.0555927750820338,1440,0.042548291040841235,bull,"mid vol, flat"
1784160000,64756.28,4.788864831039083,18401.89741,2668919.0,-0.020809276427761564,1440,-0.004432972185700379,bull,"low vol, flat"
1784246400,63830.2,4.430581675228324,18764.52679,2813481.0,-0.039964485030320275,1440,-0.014404251707617277,bull,"low vol, flat"
1784332800,63931.67,4.751752359692295,18189.89389,3239296.0,-0.05239271189613299,1440,0.0015884241727963655,bull,"low vol, flat"
1784419200,64834.22,2.149906127774386,8031.18012,1088701.0,0.021073919084260345,1440,0.014018693630676538,bull,"low vol, flat"
1784505600,64722.54,2.8464477096106675,8379.91474,1464337.0,0.021960280708058832,1440,-0.0017240324265905826,bull,"low vol, flat"
1784592000,65255.51,5.479332730622388,21323.48702,3606847.0,-0.05223506169301949,1440,0.008200969119187107,bull,"low vol, flat"
1784678400,66556.16,4.378443406857475,18618.28087,3005241.0,0.02542321137515429,1440,0.019735615458980504,bull,"low vol, flat"
1784764800,66114.49,4.177294553235881,18074.86602,3381825.0,-0.02024508948476288,1440,-0.006658166393920695,bull,"low vol, flat"
1784851200,65098.97,3.785739884833822,14698.22673,2557299.0,-0.042561470950992816,1440,-0.015479208870313954,bull,"low vol, flat"
1784937600,64139.99,4.042042840093183,16821.2718,2467691.0,-0.03298359877877956,1440,-0.014840688920713774,bull,"low vol, flat"
1785024000,64375.0,1.8149253822812625,8863.0503,1005338.0,0.04286781493274383,1440,0.003657320627853622,bull,"low vol, flat"
1785110400,65399.99,2.4567018909571288,7933.06089,1138023.0,0.03150089649696366,1440,0.01579674657404162,bull,"low vol, flat"
1785196800,63755.86,5.108767504193193,14791.90543,2921636.0,-0.094798258184916,1440,-0.025461004175307167,bull,"low vol, flat"
1785283200,63915.0,4.538382272893651,13889.82996,2679943.0,0.018015097428881757,1440,0.0024929742373505093,bull,"low vol, flat"
1785369600,63984.28,5.5348127922562025,16780.11912,3615294.0,0.0645475834977268,1440,0.001083352568924667,bull,"low vol, flat"
1785456000,64780.02,3.8269954566170243,17131.58486,3246691.0,0.050246345976422406,1440,0.012359794291489479,bull,"low vol, flat"
1785542400,62887.88,4.377752564090179,20475.60686,2740238.0,-0.05648106099649934,1440,-0.02964376414494474,bull,"low vol, flat"
1785628800,62823.64,2.30888192043322,7563.08904,831983.0,-0.0024607775872488836,1440,-0.0010220225734549615,bull,"low vol, flat"
1785715200,63570.0,3.2909923357390665,8387.01154,1286064.0,0.08890541004311056,1440,0.011810225186316359,bull,"low vol, flat"
1785801600,63520.0,4.501891028010632,15543.29743,2494364.0,0.027826161851938494,1440,-0.0007868440094362938,bull,"low vol, flat"
1785888000,64106.56,4.179002650028711,13690.47909,2388039.0,0.07526750694595305,1440,0.00919188184495745,bull,"low vol, flat"
1785974400,64665.23,3.908409887779184,12742.85528,2402227.0,0.023708165349265457,1440,0.008676954869745401,bull,"low vol, flat"
1786060800,64323.61,3.1269998698775843,9864.43284,2087951.0,-0.05394406638790592,1440,-0.0052969047359656685,bull,"low vol, flat"
1786147200,64923.19,3.6417449936743345,11807.40403,2283383.0,-0.04479152306944477,1440,0.009278129921447942,bull,"low vol, flat"
1786233600,64962.6,1.1002909771904366,5760.14298,540447.0,-0.024327653061139817,1440,0.0006068408439343642,bull,"low vol, flat"
1786320000,64901.59,1.6731601673154637,7031.23606,803981.0,-0.08769121314353938,1440,-0.0009395970434731282,bull,"low vol, flat"
1786406400,63970.01,3.486213954964159,13638.40877,2054347.0,0.018685946014507064,1440,-0.014457742854215638,bull,"low vol, flat"
1786492800,63600.0,2.8818031698324966,12891.63248,1660517.0,-0.012846016224626377,1440,-0.005800909439233948,bull,"low vol, flat"
1786579200,63479.99,3.3531115317689997,13627.06822,1990499.0,0.026460886096598735,1440,-0.0018887322178127164,bull,"low vol, flat"
1786665600,63490.86,3.4189669516174845,10793.85853,2078777.0,0.0354595447898649,1440,0.00017122040258321647,bull,"low vol, flat"
1786752000,63043.56,3.1389178440277896,12340.82899,2184530.0,0.08230609716924693,1440,-0.007070042494493833,bull,"low vol, flat"
1786838400,63086.01,1.1128596615417599,5405.16038,540313.0,0.15094461267400905,1440,0.0006731173602325669,bull,"low vol, flat"
1786924800,62900.0,1.6619211597037673,4737.23135,640294.0,0.05463945728553031,1440,-0.002952869690190596,bull,"low vol, flat"
1787011200,64532.1,3.509930221328624,14255.64713,2111256.0,0.008289685408339645,1440,0.02561661071509569,bull,"low vol, flat"
1787097600,64725.42,2.7887159613719215,11789.91312,1608019.0,-0.023020939784499317,1440,0.0029912401869456318,bull,"low vol, flat"
1787184000,69334.79,9.46668166929582,29054.29976,4160596.0,0.07707743082774605,1440,0.06879278581945769,bull,"mid vol, flat"
1787270400,73025.15,8.039409830725498,35904.79287,6249114.0,0.01072530320378939,1440,0.05185710193486415,bull,"mid vol, flat"
1787356800,78338.03,10.803649153967871,44339.56568,8928944.0,0.03897619459045633,1440,0.07022927876272256,bull,"mid vol, flat"
1787443200,77074.93,7.291132856042089,18524.50847,3950045.0,0.01629603562701164,1440,-0.016255115559973277,bull,"mid vol, flat"
1787529600,77734.0,5.417787852240084,15367.23185,3627829.0,0.06816248887401276,1440,0.008514676535273935,bull,"mid vol, flat"
1787616000,78992.75,7.103654726382562,30179.29391,6334409.0,-0.003688056795892119,1440,0.016063334003019847,bull,"mid vol, flat"
1787702400,78539.14,7.4564776295653274,24772.51394,6360202.0,0.019955630712221485,1440,-0.005758976848367681,bull,"mid vol, flat"
1787788800,79023.75,5.20569305493723,14613.75887,4284527.0,-0.0010411003859679248,1440,0.0061513409419617915,bull,"low vol, flat"
1787875200,80249.58,5.441788294623747,16265.53695,4932285.0,-0.09520349772406375,1440,0.015393088154173284,bull,"low vol, flat"
1787961600,77845.87,5.834948964841723,19756.43646,4822157.0,-0.05849319245096294,1440,-0.030410682217402396,bull,"mid vol, flat"
1788048000,78230.0,2.42265970916135,7016.30257,1519886.0,0.02472679709421376,1440,0.00492235956282272,bull,"low vol, flat"
1788134400,77682.0,4.0063214212595,9085.42405,2404922.0,-0.05027136515438707,1440,-0.007029635392424183,bull,"low vol, flat"
1788220800,78581.29,5.318181153705955,15303.90602,4354737.0,0.06517056356047855,1440,0.011510060081940665,bull,"low vol, flat"
