event,z,p,dev,fdr,stable,p_maxT
RSI14 < 25,1.9819514667945977,0.04748467284167335,0.0418756458709455,True,True,1.0
RSI14 < 30,5.684203972926997,1.3142334998050842e-08,0.07906664796338836,True,True,0.01990049751243781
RSI14 < 35,8.510241372811135,0.0,0.07617490971585555,True,True,0.004975124378109453
RSI14 > 65,-6.7885894978667665,1.1323608717361822e-11,-0.05985534855084168,True,True,0.004975124378109453
RSI14 > 70,-5.4837520151673536,4.1639837355944564e-08,-0.07165611011014733,True,True,0.01990049751243781
RSI14 > 75,-3.7150128118021986,0.00020319339907448608,-0.07801941233612947,True,True,0.15422885572139303
RSI60 < 40,4.288821558780851,1.7962360617573836e-05,0.060747872479996634,True,True,0.04477611940298507
RSI60 < 45,8.923241926455452,0.0,0.06478137293341141,True,True,0.004975124378109453
RSI60 > 55,-10.455849809442762,0.0,-0.07498411557125073,True,True,0.004975124378109453
RSI60 > 60,-6.479975067464663,9.173772852477668e-11,-0.10037976680732885,True,True,0.004975124378109453
range position < 0.05,3.6313827140941064,0.00028190676824091376,0.055466351765617705,True,True,0.18407960199004975
range position > 0.95,-7.747891180509011,9.325873406851315e-15,-0.10494304195780696,True,True,0.004975124378109453
range position < 0.1,6.5589036151096805,5.420486282048387e-11,0.06907679921259163,True,True,0.004975124378109453
range position > 0.90,-9.101138568377763,0.0,-0.0795361458965535,True,True,0.004975124378109453
range position < 0.15,7.32698624587529,2.353672812205332e-13,0.06698271536936945,True,True,0.004975124378109453
range position > 0.85,-10.153701202812952,0.0,-0.07861097891634883,True,True,0.004975124378109453
5-min move > +1.5 sd,-4.26243465461248,2.0221163963274336e-05,-0.04949956246489445,True,True,0.04477611940298507
5-min move < -1.5 sd,4.159301347716709,3.192225146153582e-05,0.052865256087218704,True,True,0.05472636815920398
15-min move > +1.5 sd,-7.385204179730492,1.5232259897857148e-13,-0.08429423961878801,True,True,0.004975124378109453
15-min move < -1.5 sd,5.865082849202849,4.48908488159816e-09,0.06895022513963917,True,True,0.014925373134328358
5-min move > +2 sd,-4.134729332122918,3.553732240746399e-05,-0.07896962496098825,True,True,0.05970149253731343
5-min move < -2 sd,2.5017290241706536,0.012358847785868265,0.047286395448914775,True,True,0.9950248756218906
15-min move > +2 sd,-5.026805233497652,4.987184087923424e-07,-0.08987515263630302,True,True,0.01990049751243781
15-min move < -2 sd,4.704023737858293,2.5508357026637896e-06,0.08865631396180534,True,True,0.024875621890547265
5-min move > +2.5 sd,-3.390952150902274,0.0006965026014615905,-0.09488764339767208,True,False,0.31343283582089554
15-min move < -2.5 sd,1.9149525294236924,0.05549855780714852,0.053342914659939344,True,True,1.0
4h return > +25 bp,-6.738753385175118,1.5975221145936302e-11,-0.03827476052724005,True,True,0.004975124378109453
4h return < -25 bp,6.891064539151487,5.537570402225356e-12,0.03873345133403355,True,True,0.004975124378109453
4h return > +50 bp,-6.21049837230099,5.281681758617651e-10,-0.04032952799088074,True,True,0.009950248756218905
4h return < -50 bp,5.036582586194659,4.739166881151391e-07,0.03438831100149231,True,True,0.01990049751243781
4h return > +100 bp,-4.030685076146895,5.561451761626479e-05,-0.03841668029577583,True,True,0.06965174129353234
4h return < -100 bp,3.936056611510709,8.283144124421327e-05,0.03875863737963342,True,True,0.07960199004975124
taker buy share > 0.1 (15 min),-8.617448388625737,0.0,-0.05181098802179196,True,True,0.004975124378109453
taker sell share > 0.1 (15 min),7.6026531179767165,2.90878432451791e-14,0.04593786960735824,True,True,0.004975124378109453
taker buy share > 0.2 (15 min),-8.850907103572446,0.0,-0.060872378322789245,True,True,0.004975124378109453
taker sell share > 0.2 (15 min),6.870910173989506,6.3793414994961495e-12,0.04526871441723418,True,True,0.004975124378109453
taker buy share > 0.3 (15 min),-6.7939918889480495,1.0907275083127388e-11,-0.06203492991407644,True,True,0.004975124378109453
taker sell share > 0.3 (15 min),5.32336066321526,1.018674882224957e-07,0.04276595650200904,True,True,0.01990049751243781
price > VWAP60 + 15 bp,-6.920296035082384,4.5070613907682855e-12,-0.0466485572264293,True,True,0.004975124378109453
price < VWAP60 - 15 bp,7.264021500077856,3.7569947153315297e-13,0.050493324055676914,True,True,0.004975124378109453
price > VWAP60 + 30 bp,-3.8736468598633236,0.00010721874574892709,-0.04320695041101086,True,True,0.0945273631840796
price < VWAP60 - 30 bp,5.811569959227416,6.188966006348551e-09,0.06666408683338199,True,True,0.01990049751243781
price > VWAP60 + 50 bp,-3.6869702058829077,0.00022693991536115732,-0.07259249729934891,True,True,0.16417910447761194
price < VWAP60 - 50 bp,4.320224433465249,1.558705915227776e-05,0.07974562720233819,True,True,0.03980099502487562
previous window up,-8.391930452699517,0.0,-0.04423751759960565,True,True,0.004975124378109453
previous window down,8.391930452699517,0.0,0.04423751759960565,True,True,0.004975124378109453
two windows up,-7.004509325933936,2.4784618801731995e-12,-0.043700235707542834,True,True,0.004975124378109453
two windows down,8.023068513332863,1.1102230246251565e-15,0.04751670852374873,True,True,0.004975124378109453
MACD hist > 0,-5.5823576608356085,2.3727978470944322e-08,-0.029949642700001333,True,True,0.01990049751243781
MACD hist < 0,5.582357660835608,2.3727978470944322e-08,0.029949642700001333,True,True,0.01990049751243781
OBV rising,-6.039578253299879,1.545175543071764e-09,-0.062376043785803637,True,True,0.009950248756218905
OBV falling,5.393036340967642,6.927693463332218e-08,0.04941461147815501,True,True,0.01990049751243781
EMA9 > EMA21 + 10 bp,-4.875948317932513,1.0828695962139534e-06,-0.06752053413827508,True,True,0.01990049751243781
EMA9 < EMA21 - 10 bp,5.550113565731834,2.854840852606344e-08,0.07278167403023361,True,True,0.01990049751243781
larger trades than usual (size5 > 1.2),-0.5225003795038907,0.6013219822894249,-0.003341935055992118,False,False,1.0
more trades than usual (nratio5 > 1.5),0.8015813981350234,0.42279514151460806,0.0062749123695394204,False,False,1.0
RSI14 < 30 AND RSI60 < 40,3.055978411479617,0.0022432740730438105,0.06028063472977602,True,True,0.6865671641791045
RSI14 < 30 AND RSI60 < 45,4.921329937102794,8.595807694522506e-07,0.07465152112156359,True,True,0.01990049751243781
RSI14 < 30 AND range position < 0.05,3.017786920080736,0.0025462787242678253,0.0651999029157958,True,False,0.7114427860696517
RSI14 < 30 AND range position < 0.1,3.8214376639996885,0.0001326759524122867,0.07021370014615574,True,True,0.12437810945273632
RSI14 < 30 AND range position < 0.15,4.409262042094045,1.0372345867093458e-05,0.07710631243996585,True,True,0.03482587064676617
RSI14 < 30 AND 5-min move < -1.5 sd,3.4564163888620603,0.000547409002283672,0.06798782835886419,True,True,0.24875621890547264
RSI14 < 30 AND 15-min move < -1.5 sd,4.277553213207713,1.8895879695168816e-05,0.06952660010378026,True,True,0.04477611940298507
RSI14 < 30 AND 5-min move < -2 sd,2.009859973598507,0.044446011122657,0.05084170547329747,True,False,1.0
RSI14 < 30 AND 15-min move < -2 sd,3.271510634293813,0.00106974565284923,0.06969734571484221,True,True,0.44776119402985076
RSI14 < 30 AND 4h return < -25 bp,3.6158735033930505,0.0002993365310348661,0.06532133266167822,True,True,0.18407960199004975
RSI14 < 30 AND 4h return < -50 bp,2.706186225340881,0.006806086713532444,0.05713849504519736,True,False,0.9502487562189055
RSI14 < 30 AND taker sell share > 0.1 (15 min),6.355557292046932,2.076723237820488e-10,0.09199228145014138,True,True,0.004975124378109453
RSI14 < 30 AND taker sell share > 0.2 (15 min),5.618251464219326,1.928996162803287e-08,0.08966690929112636,True,True,0.01990049751243781
RSI14 < 30 AND taker sell share > 0.3 (15 min),4.031483801468261,5.5425817217846785e-05,0.07927165892059268,True,True,0.06965174129353234
RSI14 < 30 AND price < VWAP60 - 15 bp,4.570848227184466,4.857540057301435e-06,0.07119236406882629,True,True,0.024875621890547265
RSI14 < 30 AND price < VWAP60 - 30 bp,3.6214579444439665,0.000292947432534163,0.0700681640090256,True,True,0.18407960199004975
RSI14 < 30 AND price < VWAP60 - 50 bp,2.674811708722853,0.007477123144076003,0.07250212383938304,True,True,0.9552238805970149
RSI14 < 30 AND previous window down,5.649300386176129,1.611021338554508e-08,0.07809416793661317,True,True,0.01990049751243781
RSI14 < 30 AND two windows down,4.537338911959238,5.696851530734293e-06,0.07400850877555426,True,True,0.029850746268656716
RSI14 < 30 AND MACD hist < 0,5.223436308878568,1.756328931179496e-07,0.07484574756029827,True,True,0.01990049751243781
RSI14 < 30 AND OBV falling,3.9110931126178574,9.187933966736672e-05,0.08277528252976823,True,False,0.08955223880597014
RSI14 < 30 AND EMA9 < EMA21 - 10 bp,3.026186419598614,0.0024765955951104868,0.06508518694567522,True,True,0.7064676616915423
RSI14 < 30 AND larger trades than usual (size5 > 1.2),3.9984810749027053,6.375027724847548e-05,0.09025946607600444,True,True,0.06965174129353234
RSI14 < 30 AND more trades than usual (nratio5 > 1.5),3.42711797019415,0.0006100239906055016,0.07788161855572101,True,True,0.26865671641791045
RSI14 < 35 AND RSI60 < 40,4.2112757348405845,2.5393256801287123e-05,0.06690173435771357,True,True,0.05472636815920398
RSI14 < 35 AND RSI60 < 45,7.377409583138578,1.6142642778049776e-13,0.0782977115288187,True,True,0.004975124378109453
RSI14 < 35 AND range position < 0.05,4.033656351059315,5.491561206705242e-05,0.0684568378384221,True,True,0.06965174129353234
RSI14 < 35 AND range position < 0.1,5.395207999543575,6.844421740481721e-08,0.07347389256532555,True,True,0.01990049751243781
RSI14 < 35 AND range position < 0.15,6.057015002079594,1.3867065273842627e-09,0.07806669150130319,True,True,0.009950248756218905
RSI14 < 35 AND 5-min move < -1.5 sd,4.166265414617578,3.096301934024659e-05,0.06716719120462072,True,True,0.05472636815920398
RSI14 < 35 AND 15-min move < -1.5 sd,5.944084236464485,2.780066177265894e-09,0.07688306472547851,True,True,0.014925373134328358
RSI14 < 35 AND 5-min move < -2 sd,2.241279234580174,0.025007993179599897,0.048561714357563235,True,False,1.0
RSI14 < 35 AND 15-min move < -2 sd,4.466868416850682,7.937291555348835e-06,0.08536789330163769,True,True,0.03482587064676617
RSI14 < 35 AND 4h return > +25 bp,3.2745935304953115,0.0010581410445544837,0.06964543946418195,True,True,0.44776119402985076
RSI14 < 35 AND 4h return < -25 bp,6.048357149870074,1.4633028122545966e-09,0.07914204479892739,True,True,0.009950248756218905
RSI14 < 35 AND 4h return < -50 bp,5.113336166213832,3.1651828313883357e-07,0.07621112492476478,True,True,0.01990049751243781
RSI14 < 35 AND 4h return < -100 bp,5.157958934024333,2.4965635603280134e-07,0.09865520865036448,True,True,0.01990049751243781
RSI14 < 35 AND taker sell share > 0.1 (15 min),8.901417250846553,0.0,0.08767574711759335,True,True,0.004975124378109453
RSI14 < 35 AND taker sell share > 0.2 (15 min),8.541837825492873,0.0,0.09415091363489575,True,True,0.004975124378109453
RSI14 < 35 AND taker sell share > 0.3 (15 min),6.948815937043257,3.683719995706269e-12,0.09597226551585464,True,True,0.004975124378109453
RSI14 < 35 AND price < VWAP60 - 15 bp,7.279346591408832,3.355093980417223e-13,0.07368770569393879,True,True,0.004975124378109453
RSI14 < 35 AND price < VWAP60 - 30 bp,5.868706039160105,4.392093577720857e-09,0.08485800043702485,True,True,0.014925373134328358
RSI14 < 35 AND price < VWAP60 - 50 bp,3.85582550877497,0.00011533974079802611,0.08540225253846473,True,True,0.11940298507462686
RSI14 < 35 AND previous window down,8.446107777821487,0.0,0.07602883600060151,True,True,0.004975124378109453
RSI14 < 35 AND two windows down,6.541303277745406,6.09849948318697e-11,0.07070658913693872,True,True,0.004975124378109453
RSI14 < 35 AND MACD hist < 0,7.980023970432147,1.5543122344752192e-15,0.07272488994832588,True,True,0.004975124378109453
RSI14 < 35 AND OBV falling,5.807347433002892,6.347034231524162e-09,0.09204338382629057,True,False,0.01990049751243781
RSI14 < 35 AND EMA9 < EMA21 - 10 bp,5.610908300281663,2.0126740052361924e-08,0.09002533489654374,True,True,0.01990049751243781
RSI14 < 35 AND larger trades than usual (size5 > 1.2),6.4794126590487195,9.208034335017601e-11,0.09250584675836787,True,True,0.004975124378109453
RSI14 < 35 AND more trades than usual (nratio5 > 1.5),5.056496465093277,4.270287818908258e-07,0.08879784213782327,True,True,0.01990049751243781
RSI14 > 65 AND RSI60 > 55,-8.35014433193279,0.0,-0.08733427813306405,True,True,0.004975124378109453
RSI14 > 65 AND RSI60 > 60,-7.2962051375322385,2.9598545836506673e-13,-0.12265423604666459,True,True,0.004975124378109453
RSI14 > 65 AND range position > 0.95,-6.601824630300134,4.0612846419207926e-11,-0.10883973977917699,True,True,0.004975124378109453
RSI14 > 65 AND range position > 0.90,-7.631378576701334,2.3314683517128287e-14,-0.1016636646610714,True,True,0.004975124378109453
RSI14 > 65 AND range position > 0.85,-7.727431228312625,1.0880185641326534e-14,-0.09643873859611651,True,True,0.004975124378109453
RSI14 > 65 AND 5-min move > +1.5 sd,-5.936749574746261,2.9072821927655923e-09,-0.08704829518014107,True,True,0.014925373134328358
RSI14 > 65 AND 15-min move > +1.5 sd,-7.260784281601045,3.8480330033507926e-13,-0.09421018678886067,True,True,0.004975124378109453
RSI14 > 65 AND 5-min move > +2 sd,-5.42302332740009,5.859934160135083e-08,-0.10939405745372188,True,True,0.01990049751243781
RSI14 > 65 AND 15-min move > +2 sd,-5.098741037638971,3.419199408050133e-07,-0.09269030200605621,True,True,0.01990049751243781
RSI14 > 65 AND 4h return > +25 bp,-8.238951081246748,2.220446049250313e-16,-0.09689985340995866,True,True,0.004975124378109453
RSI14 > 65 AND 4h return < -25 bp,0.05678265108237915,0.9547183340685557,0.0014753097178701324,False,False,1.0
RSI14 > 65 AND 4h return > +50 bp,-7.153860022788178,8.43769498715119e-13,-0.10209051133709235,True,True,0.004975124378109453
RSI14 > 65 AND 4h return > +100 bp,-4.999595716070548,5.745064730611205e-07,-0.10618808158222859,True,True,0.01990049751243781
RSI14 > 65 AND taker buy share > 0.1 (15 min),-6.843882180761179,7.707612326157687e-12,-0.07411094761816389,True,True,0.004975124378109453
RSI14 > 65 AND taker buy share > 0.2 (15 min),-7.19817527541716,6.10178574333986e-13,-0.08615658247837349,True,True,0.004975124378109453
RSI14 > 65 AND taker buy share > 0.3 (15 min),-5.301772930836565,1.1468343164011685e-07,-0.08262884528217274,True,True,0.01990049751243781
RSI14 > 65 AND price > VWAP60 + 15 bp,-7.077423749093632,1.468603016974157e-12,-0.07387079965674315,True,True,0.004975124378109453
RSI14 > 65 AND price > VWAP60 + 30 bp,-5.534869453750276,3.114602487030993e-08,-0.08278295385979312,True,True,0.01990049751243781
RSI14 > 65 AND price > VWAP60 + 50 bp,-4.440633777096004,8.969432530037125e-06,-0.10511714228999608,True,True,0.03482587064676617
RSI14 > 65 AND previous window up,-6.869240543113211,6.45439257596081e-12,-0.060599784562951786,True,True,0.004975124378109453
RSI14 > 65 AND two windows up,-5.380021017136815,7.447714334141153e-08,-0.06144447806072029,True,True,0.01990049751243781
RSI14 > 65 AND MACD hist > 0,-6.420759050923986,1.3559642297877872e-10,-0.059593852395674274,True,True,0.004975124378109453
RSI14 > 65 AND OBV rising,-4.016191303346919,5.914625004144192e-05,-0.07321744042494066,True,True,0.06965174129353234
RSI14 > 65 AND EMA9 > EMA21 + 10 bp,-6.035124989143396,1.5883969695096312e-09,-0.10243463499982441,True,True,0.009950248756218905
RSI14 > 65 AND larger trades than usual (size5 > 1.2),-6.089627830602248,1.1317347059502936e-09,-0.09019912916698036,True,True,0.009950248756218905
RSI14 > 65 AND more trades than usual (nratio5 > 1.5),-6.16450370556432,7.07045311187926e-10,-0.10645164305237276,True,True,0.009950248756218905
RSI14 > 70 AND RSI60 > 55,-6.2741601202276,3.5152658561798944e-10,-0.0865922769247508,True,True,0.004975124378109453
RSI14 > 70 AND RSI60 > 60,-5.967821334059851,2.4044244373300216e-09,-0.12348712651863131,True,True,0.014925373134328358
RSI14 > 70 AND range position > 0.95,-4.599876375823276,4.2274174270051645e-06,-0.09752048557129844,True,True,0.024875621890547265
RSI14 > 70 AND range position > 0.90,-5.805628034562645,6.412518072096418e-09,-0.10244721554130432,True,True,0.01990049751243781
RSI14 > 70 AND range position > 0.85,-6.096658580266341,1.0830849550558241e-09,-0.10318925975012067,True,True,0.009950248756218905
RSI14 > 70 AND 5-min move > +1.5 sd,-4.910296608526971,9.093873540866326e-07,-0.09719640775797894,True,True,0.01990049751243781
RSI14 > 70 AND 15-min move > +1.5 sd,-6.113808473668379,9.72810498822696e-10,-0.09664525506292082,True,True,0.009950248756218905
RSI14 > 70 AND 5-min move > +2 sd,-3.964332179807072,7.360170382475495e-05,-0.09527035659572569,True,True,0.07462686567164178
RSI14 > 70 AND 15-min move > +2 sd,-4.212932131897689,2.520768235259041e-05,-0.09045404054882689,True,True,0.05472636815920398
RSI14 > 70 AND 4h return > +25 bp,-6.235709409188803,4.497353600640963e-10,-0.11289542004388825,True,True,0.009950248756218905
RSI14 > 70 AND 4h return > +50 bp,-5.309471617143044,1.0994350296833488e-07,-0.11591089953940903,True,True,0.01990049751243781
RSI14 > 70 AND taker buy share > 0.1 (15 min),-5.077394198169752,3.8264645585428525e-07,-0.07626992836652674,True,True,0.01990049751243781
RSI14 > 70 AND taker buy share > 0.2 (15 min),-5.0277955250531265,4.96150505346904e-07,-0.08283012547773871,True,True,0.01990049751243781
RSI14 > 70 AND taker buy share > 0.3 (15 min),-3.84246404342963,0.00012180526301919237,-0.07560138791510712,True,True,0.11940298507462686
RSI14 > 70 AND price > VWAP60 + 15 bp,-5.153244903955421,2.5601726005852754e-07,-0.07914982604367782,True,True,0.01990049751243781
RSI14 > 70 AND price > VWAP60 + 30 bp,-4.220239767919792,2.4404262175758973e-05,-0.08671512230759593,True,True,0.05472636815920398
RSI14 > 70 AND previous window up,-5.403618642702337,6.530972251894696e-08,-0.07096068173005038,True,True,0.01990049751243781
RSI14 > 70 AND two windows up,-4.109725335315723,3.961300026555925e-05,-0.06747863076071975,True,True,0.06467661691542288
RSI14 > 70 AND MACD hist > 0,-5.184274184053177,2.1685771223189931e-07,-0.06984681288787137,True,True,0.01990049751243781
RSI14 > 70 AND OBV rising,-3.9780299977234295,6.94886066319178e-05,-0.0936756445578768,True,False,0.06965174129353234
RSI14 > 70 AND EMA9 > EMA21 + 10 bp,-4.273733366900633,1.922268909559932e-05,-0.09889079039107557,True,True,0.04477611940298507
RSI14 > 70 AND larger trades than usual (size5 > 1.2),-4.324375588787591,1.5296449811241786e-05,-0.08978242868559916,True,True,0.03980099502487562
RSI14 > 70 AND more trades than usual (nratio5 > 1.5),-4.460615523609634,8.17245907813735e-06,-0.10970528627634168,True,True,0.03482587064676617
RSI60 < 40 AND range position < 0.05,3.0118555244520953,0.002596561461340796,0.06145576562732852,True,False,0.7114427860696517
RSI60 < 40 AND range position < 0.1,3.366792134989676,0.0007604798677318669,0.053513242296858055,True,True,0.3283582089552239
RSI60 < 40 AND range position < 0.15,4.189178824464242,2.7996571888566635e-05,0.06454366642398673,True,True,0.05472636815920398
RSI60 < 40 AND 5-min move < -1.5 sd,1.1047390569007383,0.269272674460727,0.02888316050157147,False,False,1.0
RSI60 < 40 AND 15-min move < -1.5 sd,3.9121478598093438,9.147887178739822e-05,0.07626680818783566,True,True,0.08955223880597014
RSI60 < 40 AND 15-min move < -2 sd,2.4877090971074227,0.012856884994381756,0.06118325797966895,True,True,0.9950248756218906
RSI60 < 40 AND 4h return < -25 bp,3.571353580662626,0.00035514106900147446,0.05443892199106748,True,True,0.19900497512437812
RSI60 < 40 AND 4h return < -50 bp,3.330310814346183,0.0008674909109034346,0.05619096378933147,True,False,0.38308457711442784
RSI60 < 40 AND 4h return < -100 bp,2.7180125766636793,0.006567534171710188,0.055542462244756174,True,False,0.945273631840796
RSI60 < 40 AND taker sell share > 0.1 (15 min),5.359950249788258,8.324487321687002e-08,0.08622305668066116,True,True,0.01990049751243781
RSI60 < 40 AND taker sell share > 0.2 (15 min),4.105992291941087,4.0258290521899553e-05,0.07392674799676319,True,True,0.06467661691542288
RSI60 < 40 AND taker sell share > 0.3 (15 min),3.4629517421561675,0.000534284210575775,0.07714211283297034,True,True,0.24875621890547264
RSI60 < 40 AND price < VWAP60 - 15 bp,3.9331195901639853,8.385049376036235e-05,0.05929407974099532,True,True,0.07960199004975124
RSI60 < 40 AND price < VWAP60 - 30 bp,3.4612393161781925,0.0005376945901862662,0.06411693368226212,True,True,0.24875621890547264
RSI60 < 40 AND price < VWAP60 - 50 bp,2.856826612408317,0.004278995131917984,0.07281700453252243,True,True,0.8407960199004975
RSI60 < 40 AND previous window down,4.61413409657196,3.9473751880514385e-06,0.067312520288072,True,True,0.024875621890547265
RSI60 < 40 AND two windows down,3.690869810556844,0.00022348850936237952,0.058285736911396435,True,False,0.16417910447761194
RSI60 < 40 AND MACD hist > 0,1.9889992419946656,0.046701286633094474,0.05226861421497503,True,False,1.0
RSI60 < 40 AND MACD hist < 0,3.6726154063689758,0.00024008066939540385,0.06285042372131633,True,True,0.16417910447761194
RSI60 < 40 AND OBV falling,4.049910643569143,5.1237193758435495e-05,0.0727828286968758,True,False,0.06965174129353234
RSI60 < 40 AND EMA9 < EMA21 - 10 bp,4.116859161397023,3.840706088764634e-05,0.08209062090541297,True,True,0.06467661691542288
RSI60 < 40 AND larger trades than usual (size5 > 1.2),4.0283516636727414,5.616928300011814e-05,0.08986356133386603,True,True,0.06965174129353234
RSI60 < 40 AND more trades than usual (nratio5 > 1.5),4.080525643111457,4.493397159066603e-05,0.0811550550026191,True,True,0.06467661691542288
RSI60 < 45 AND range position < 0.05,3.601839602871971,0.00031597330679300484,0.05544261328298522,True,True,0.18407960199004975
RSI60 < 45 AND range position < 0.1,6.5390544146740615,6.190892243296275e-11,0.07154841544898033,True,True,0.004975124378109453
RSI60 < 45 AND range position < 0.15,7.322183094262292,2.440270208126094e-13,0.06958593331173024,True,True,0.004975124378109453
RSI60 < 45 AND 5-min move < -1.5 sd,3.6035962051673303,0.0003138445061392492,0.061685531184213105,True,True,0.18407960199004975
RSI60 < 45 AND 15-min move < -1.5 sd,5.638119410758398,1.719172826319948e-08,0.07774966394830035,True,True,0.01990049751243781
RSI60 < 45 AND 5-min move < -2 sd,1.4168699876056334,0.15652094267183814,0.033850189661096985,False,False,1.0
RSI60 < 45 AND 15-min move < -2 sd,4.176266216584346,2.9633299463149854e-05,0.08360945784805435,True,True,0.05472636815920398
RSI60 < 45 AND 4h return < -25 bp,7.4779189823249155,7.549516567451064e-14,0.06422887336919669,True,True,0.004975124378109453
RSI60 < 45 AND 4h return < -50 bp,6.127551859196756,8.924152528066998e-10,0.05966916788512128,True,True,0.009950248756218905
RSI60 < 45 AND 4h return < -100 bp,3.779383586900673,0.00015721707378157923,0.04836637223636764,True,False,0.14925373134328357
RSI60 < 45 AND taker buy share > 0.1 (15 min),1.4061521236440608,0.1596789572924029,0.027855779644067324,False,False,1.0
RSI60 < 45 AND taker sell share > 0.1 (15 min),7.949409286997333,1.7763568394002505e-15,0.07067623827505787,True,True,0.004975124378109453
RSI60 < 45 AND taker sell share > 0.2 (15 min),7.463080557026283,8.459899447643693e-14,0.07523512361596812,True,True,0.004975124378109453
RSI60 < 45 AND taker sell share > 0.3 (15 min),6.636712824751609,3.207567544905032e-11,0.08475647605654196,True,True,0.004975124378109453
RSI60 < 45 AND price < VWAP60 - 15 bp,6.825338237964674,8.771872117563362e-12,0.06125562016220454,True,True,0.004975124378109453
RSI60 < 45 AND price < VWAP60 - 30 bp,5.081636353721148,3.741972571802421e-07,0.07057881001326738,True,True,0.01990049751243781
RSI60 < 45 AND price < VWAP60 - 50 bp,3.790439458879439,0.000150380984253351,0.07773324352196509,True,True,0.14427860696517414
RSI60 < 45 AND previous window up,1.2603527064176785,0.2075421543798921,0.021603185048580886,False,False,1.0
RSI60 < 45 AND previous window down,9.137455929858719,0.0,0.06960263668253036,True,True,0.004975124378109453
RSI60 < 45 AND two windows down,8.159383740412444,4.440892098500626e-16,0.07136551208321895,True,True,0.004975124378109453
RSI60 < 45 AND MACD hist > 0,4.325950669795803,1.5187541135608384e-05,0.044487522280044045,True,True,0.03980099502487562
RSI60 < 45 AND MACD hist < 0,7.621881703295696,2.5091040356528538e-14,0.06846137916542011,True,True,0.004975124378109453
RSI60 < 45 AND OBV falling,5.4875110440403665,4.076365378580249e-08,0.06875325623666895,True,False,0.01990049751243781
RSI60 < 45 AND EMA9 < EMA21 - 10 bp,5.555286365989592,2.771570017934266e-08,0.08203550081664368,True,True,0.01990049751243781
RSI60 < 45 AND larger trades than usual (size5 > 1.2),5.365065901753971,8.091966896550673e-08,0.06608497347864595,True,True,0.01990049751243781
RSI60 < 45 AND more trades than usual (nratio5 > 1.5),4.300670522983568,1.702820790372428e-05,0.06002091209336302,True,True,0.04477611940298507
RSI60 > 55 AND range position > 0.95,-7.59606215068567,3.042011087472929e-14,-0.10407186051272738,True,True,0.004975124378109453
RSI60 > 55 AND range position > 0.90,-8.696028040027308,0.0,-0.0839350401296245,True,True,0.004975124378109453
RSI60 > 55 AND range position > 0.85,-9.240656971626574,0.0,-0.08139781083867581,True,True,0.004975124378109453
RSI60 > 55 AND 5-min move > +1.5 sd,-6.723536462386822,1.7736700996806576e-11,-0.10532796522997451,True,True,0.004975124378109453
RSI60 > 55 AND 15-min move > +1.5 sd,-7.746189372189189,9.547918011776346e-15,-0.10278646474565489,True,True,0.004975124378109453
RSI60 > 55 AND 5-min move > +2 sd,-6.490136665715545,8.575851140335544e-11,-0.130351934214897,True,True,0.004975124378109453
RSI60 > 55 AND 15-min move > +2 sd,-5.135378381902178,2.815769220010367e-07,-0.10224298169193047,True,True,0.01990049751243781
RSI60 > 55 AND 4h return > +25 bp,-9.951226756314584,0.0,-0.08000222020004594,True,True,0.004975124378109453
RSI60 > 55 AND 4h return > +50 bp,-7.809757379345177,5.773159728050814e-15,-0.07705470471836351,True,True,0.004975124378109453
RSI60 > 55 AND 4h return > +100 bp,-4.914651263701662,8.894063339148772e-07,-0.06706411367699566,True,True,0.01990049751243781
RSI60 > 55 AND taker buy share > 0.1 (15 min),-9.943269073368775,0.0,-0.09044996338971006,True,True,0.004975124378109453
RSI60 > 55 AND taker sell share > 0.1 (15 min),-1.590270343930485,0.11177388033838875,-0.029906585051650225,False,False,1.0
RSI60 > 55 AND taker buy share > 0.2 (15 min),-8.386330453549869,0.0,-0.08993568251921202,True,True,0.004975124378109453
RSI60 > 55 AND taker sell share > 0.2 (15 min),-0.3359941342589844,0.7368752897922939,-0.00905814503444563,False,False,1.0
RSI60 > 55 AND taker buy share > 0.3 (15 min),-6.968239029197256,3.2094327195864025e-12,-0.09594353888210078,True,True,0.004975124378109453
RSI60 > 55 AND price > VWAP60 + 15 bp,-8.106690301094698,4.440892098500626e-16,-0.07262770926987011,True,True,0.004975124378109453
RSI60 > 55 AND price > VWAP60 + 30 bp,-4.6849646727369905,2.8000822425156002e-06,-0.06254315968265134,True,True,0.024875621890547265
RSI60 > 55 AND price > VWAP60 + 50 bp,-3.5658242245788982,0.000362714429299027,-0.07518560270445573,True,True,0.19900497512437812
RSI60 > 55 AND previous window up,-9.922780622048656,0.0,-0.07499386073581071,True,True,0.004975124378109453
RSI60 > 55 AND previous window down,-3.162993089762945,0.0015615603820535728,-0.05220481807428845,True,True,0.5870646766169154
RSI60 > 55 AND two windows up,-8.241517172314325,2.220446049250313e-16,-0.070509381788182,True,True,0.004975124378109453
RSI60 > 55 AND MACD hist > 0,-9.12643092056331,0.0,-0.08198766295015752,True,True,0.004975124378109453
RSI60 > 55 AND MACD hist < 0,-4.566333954689336,4.963278428027351e-06,-0.048531541883126805,True,True,0.024875621890547265
RSI60 > 55 AND OBV rising,-5.61852708387211,1.925922088474863e-08,-0.07604850140893171,True,True,0.01990049751243781
RSI60 > 55 AND EMA9 > EMA21 + 10 bp,-4.780030720162615,1.7526841125103942e-06,-0.07350360725199823,True,True,0.01990049751243781
RSI60 > 55 AND larger trades than usual (size5 > 1.2),-8.396087620559955,0.0,-0.10239919647169093,True,True,0.004975124378109453
RSI60 > 55 AND more trades than usual (nratio5 > 1.5),-4.726707615598227,2.281894674549534e-06,-0.07049474750800488,True,True,0.01990049751243781
RSI60 > 60 AND range position > 0.95,-5.19813575793614,2.0129709854543876e-07,-0.10982781252881774,True,True,0.01990049751243781
RSI60 > 60 AND range position > 0.90,-5.528903256152075,3.222389777235435e-08,-0.0970826204241716,True,True,0.01990049751243781
RSI60 > 60 AND range position > 0.85,-5.7929901048840335,6.914418371195552e-09,-0.09360609232352574,True,True,0.01990049751243781
RSI60 > 60 AND 5-min move > +1.5 sd,-5.371559252032135,7.805871038435441e-08,-0.13934896735876995,True,True,0.01990049751243781
RSI60 > 60 AND 15-min move > +1.5 sd,-6.144887109019469,8.002041251842229e-10,-0.12440646035273306,True,True,0.009950248756218905
RSI60 > 60 AND 15-min move > +2 sd,-4.9003310608890915,9.567529732912305e-07,-0.12943603649323204,True,True,0.01990049751243781
RSI60 > 60 AND 4h return > +25 bp,-5.9024539334121116,3.5813414456242754e-09,-0.0970470365081621,True,True,0.014925373134328358
RSI60 > 60 AND 4h return > +50 bp,-5.201378089941869,1.9781621074521638e-07,-0.0965342165861755,True,True,0.01990049751243781
RSI60 > 60 AND 4h return > +100 bp,-3.3498024472653696,0.0008086921470009667,-0.08129844518698265,True,True,0.34328358208955223
RSI60 > 60 AND taker buy share > 0.1 (15 min),-7.926372990935785,2.220446049250313e-15,-0.1289870806730013,True,True,0.004975124378109453
RSI60 > 60 AND taker buy share > 0.2 (15 min),-6.680394225816559,2.3830049045159285e-11,-0.1364302705807427,True,True,0.004975124378109453
RSI60 > 60 AND taker buy share > 0.3 (15 min),-4.672874206346976,2.9701369392842736e-06,-0.1278971383498343,True,True,0.024875621890547265
RSI60 > 60 AND price > VWAP60 + 15 bp,-6.007243832150776,1.887036082948157e-09,-0.09889822935806902,True,True,0.014925373134328358
RSI60 > 60 AND price > VWAP60 + 30 bp,-4.242224299841457,2.2131533547353754e-05,-0.08404302334197072,True,True,0.04477611940298507
RSI60 > 60 AND previous window up,-6.609786181238235,3.848765750547045e-11,-0.10164878193901528,True,True,0.004975124378109453
RSI60 > 60 AND two windows up,-6.171053799710773,6.783633654805499e-10,-0.10021982906365257,True,True,0.009950248756218905
RSI60 > 60 AND MACD hist > 0,-7.06210733576493,1.6400214519762812e-12,-0.12196740358804792,True,True,0.004975124378109453
RSI60 > 60 AND MACD hist < 0,-2.033106801144777,0.042041734033231304,-0.05232501967077674,True,False,1.0
RSI60 > 60 AND OBV rising,-3.740027949680733,0.00018399979401362287,-0.08282063411267931,True,True,0.15422885572139303
RSI60 > 60 AND EMA9 > EMA21 + 10 bp,-4.769465558485176,1.8471531979535882e-06,-0.09904773996952765,True,True,0.01990049751243781
RSI60 > 60 AND larger trades than usual (size5 > 1.2),-6.030311862401071,1.6364358756959518e-09,-0.14560391647390603,True,True,0.009950248756218905
RSI60 > 60 AND more trades than usual (nratio5 > 1.5),-4.27465561709504,1.914329596819364e-05,-0.09515222524346251,True,True,0.04477611940298507
range position < 0.05 AND 5-min move < -1.5 sd,1.9456238571153086,0.05169993909768733,0.05180394930686649,True,True,1.0
range position < 0.05 AND 15-min move < -1.5 sd,2.7548476217937656,0.005871947563177438,0.06246336453594897,True,True,0.9203980099502488
range position < 0.05 AND 4h return < -25 bp,3.1744507646117577,0.0015012035680028735,0.05495340464170445,True,True,0.5671641791044776
range position < 0.05 AND 4h return < -50 bp,2.8672867358946457,0.004140077279038534,0.05561324974144338,True,True,0.8258706467661692
range position < 0.05 AND 4h return < -100 bp,2.3916339303717606,0.016773562919289997,0.058690702063188493,True,False,1.0
range position < 0.05 AND taker sell share > 0.1 (15 min),3.7609256331485343,0.00016928575758257125,0.06484789080548758,True,True,0.15422885572139303
range position < 0.05 AND taker sell share > 0.2 (15 min),2.973024926155545,0.002948805031191215,0.05462440679276653,True,True,0.7412935323383084
range position < 0.05 AND taker sell share > 0.3 (15 min),3.0680022190838607,0.0021549501777693436,0.07249147822177049,True,True,0.6766169154228856
range position < 0.05 AND price < VWAP60 - 15 bp,3.5464188786562265,0.0003905049503074576,0.059145587544890355,True,True,0.21393034825870647
range position < 0.05 AND price < VWAP60 - 30 bp,2.8029831173026527,0.005063231971960125,0.0626905956198156,True,True,0.8855721393034826
range position < 0.05 AND previous window down,3.503356715423938,0.00045943375512003115,0.05370137113246565,True,True,0.22885572139303484
range position < 0.05 AND two windows down,2.60653619423736,0.009146315687178497,0.041281086853194926,True,True,0.9751243781094527
range position < 0.05 AND MACD hist < 0,3.5788166047378964,0.0003451535595158095,0.05947866697573406,True,True,0.18407960199004975
range position < 0.05 AND OBV falling,3.179070153119074,0.0014774832770052537,0.0739290344049347,True,False,0.5671641791044776
range position < 0.05 AND EMA9 < EMA21 - 10 bp,3.2093032197604177,0.0013305709010160705,0.08157603979351746,True,True,0.5223880597014925
range position < 0.05 AND larger trades than usual (size5 > 1.2),2.734371745142406,0.006249943835052507,0.06865403414919885,True,False,0.9303482587064676
range position < 0.05 AND more trades than usual (nratio5 > 1.5),1.7168919339903719,0.0859989189413164,0.04186626888373207,True,True,1.0
range position > 0.95 AND 5-min move > +1.5 sd,-4.921017164060683,8.609557879957208e-07,-0.12729418867108483,True,True,0.01990049751243781
range position > 0.95 AND 15-min move > +1.5 sd,-4.725045507990081,2.300638295205104e-06,-0.10900734965082776,True,True,0.01990049751243781
range position > 0.95 AND 4h return > +25 bp,-7.339370222796397,2.1449508835758024e-13,-0.10614460909162726,True,True,0.004975124378109453
range position > 0.95 AND 4h return > +50 bp,-6.437762996350439,1.212470124301035e-10,-0.10785203104934804,True,True,0.004975124378109453
range position > 0.95 AND 4h return > +100 bp,-4.234808983072407,2.2874606412370824e-05,-0.09962141555563414,True,True,0.04477611940298507
range position > 0.95 AND taker buy share > 0.1 (15 min),-6.6673822464985495,2.6040725131792897e-11,-0.10818950725964183,True,True,0.004975124378109453
range position > 0.95 AND taker buy share > 0.2 (15 min),-5.60123270134467,2.1283278917039183e-08,-0.11063033526572535,True,True,0.01990049751243781
range position > 0.95 AND taker buy share > 0.3 (15 min),-2.8935578031359026,0.0038090417366358764,-0.07504734791075068,True,True,0.8059701492537313
range position > 0.95 AND price > VWAP60 + 15 bp,-6.622873709635301,3.522826474977592e-11,-0.10540562827617617,True,True,0.004975124378109453
range position > 0.95 AND price > VWAP60 + 30 bp,-4.2604655583300115,2.0400151856891924e-05,-0.08907821648114589,True,True,0.04477611940298507
range position > 0.95 AND previous window up,-7.6751875267385605,1.6431300764452317e-14,-0.10423780505859848,True,True,0.004975124378109453
range position > 0.95 AND two windows up,-6.623745670803902,3.502087508877594e-11,-0.11304446048802202,True,True,0.004975124378109453
range position > 0.95 AND MACD hist > 0,-6.288259637525026,3.21044746343091e-10,-0.09423206740257561,True,True,0.004975124378109453
range position > 0.95 AND OBV rising,-3.131894102510329,0.0017368250902887183,-0.08504541743935301,True,True,0.6119402985074627
range position > 0.95 AND EMA9 > EMA21 + 10 bp,-5.1201515461891765,3.052902242117739e-07,-0.12548757770783758,True,True,0.01990049751243781
range position > 0.95 AND larger trades than usual (size5 > 1.2),-6.871280799839642,6.362910198731697e-12,-0.1421818908097442,True,True,0.004975124378109453
range position > 0.95 AND more trades than usual (nratio5 > 1.5),-4.369204523993912,1.2469993811548008e-05,-0.1216820877521872,True,True,0.03482587064676617
range position < 0.1 AND 5-min move < -1.5 sd,2.8024560200868405,0.0050715130672258635,0.060486240673066405,True,True,0.8855721393034826
range position < 0.1 AND 15-min move < -1.5 sd,3.837313595769269,0.00012438758679045314,0.06965686711565267,True,True,0.11940298507462686
range position < 0.1 AND 15-min move < -2 sd,2.381126738374107,0.01725977258760958,0.05895068551797228,True,False,1.0
range position < 0.1 AND 4h return < -25 bp,5.559723065841977,2.7020304882441337e-08,0.06522814605631327,True,True,0.01990049751243781
range position < 0.1 AND 4h return < -50 bp,4.915733195989705,8.845079193520178e-07,0.063807865434591,True,True,0.01990049751243781
range position < 0.1 AND 4h return < -100 bp,3.650824920748083,0.00026139938926261763,0.05976435847426098,True,False,0.18407960199004975
range position < 0.1 AND taker sell share > 0.1 (15 min),5.613942086907995,1.9776842830054875e-08,0.07025108158639393,True,True,0.01990049751243781
range position < 0.1 AND taker sell share > 0.2 (15 min),5.288509796894583,1.2331688559186205e-07,0.07216396333719122,True,True,0.01990049751243781
range position < 0.1 AND taker sell share > 0.3 (15 min),5.285536049964234,1.2533718596330345e-07,0.09466877003376162,True,True,0.01990049751243781
range position < 0.1 AND price < VWAP60 - 15 bp,5.212721866956743,1.8608979801548742e-07,0.06210590958459805,True,True,0.01990049751243781
range position < 0.1 AND price < VWAP60 - 30 bp,4.120174749451571,3.785851520632377e-05,0.07011144132069713,True,True,0.06467661691542288
range position < 0.1 AND price < VWAP60 - 50 bp,3.1202964309889567,0.0018066912654419731,0.07689980221352527,True,True,0.6268656716417911
range position < 0.1 AND previous window down,6.169824375226933,6.836589072634069e-10,0.06652802624695653,True,True,0.009950248756218905
range position < 0.1 AND two windows down,5.21882052957113,1.8006613999865806e-07,0.06186093353549538,True,True,0.01990049751243781
range position < 0.1 AND MACD hist > 0,3.7006397244959337,0.00021505662500453937,0.06953481755845808,True,False,0.15920398009950248
range position < 0.1 AND MACD hist < 0,5.464012875979742,4.654897489686505e-08,0.06567710157422124,True,True,0.01990049751243781
range position < 0.1 AND OBV falling,3.4133235164416647,0.0006417570933492378,0.06244689009607701,True,False,0.2885572139303483
range position < 0.1 AND EMA9 < EMA21 - 10 bp,4.0285868754738114,5.611312506337285e-05,0.07619818857189598,True,True,0.06965174129353234
range position < 0.1 AND larger trades than usual (size5 > 1.2),4.306779118144534,1.65648871415236e-05,0.07653103647505766,True,True,0.03980099502487562
range position < 0.1 AND more trades than usual (nratio5 > 1.5),2.7892155300476804,0.00528358901186321,0.05075306112617706,True,True,0.900497512437811
range position > 0.90 AND 5-min move > +1.5 sd,-6.220812922009094,4.945857057236935e-10,-0.12457698169793341,True,True,0.009950248756218905
range position > 0.90 AND 15-min move > +1.5 sd,-5.928569848989825,3.0558442443151534e-09,-0.10354304917049989,True,True,0.014925373134328358
range position > 0.90 AND 15-min move > +2 sd,-4.691801794553013,2.708094231529401e-06,-0.11752359988759159,True,True,0.024875621890547265
range position > 0.90 AND 4h return > +25 bp,-8.543786766289752,0.0,-0.08342446408164211,True,True,0.004975124378109453
range position > 0.90 AND 4h return > +50 bp,-6.992562847466922,2.6991742174686806e-12,-0.08106518840269333,True,True,0.004975124378109453
range position > 0.90 AND 4h return > +100 bp,-4.541845790432675,5.576382679617353e-06,-0.0768195118130886,True,True,0.024875621890547265
range position > 0.90 AND taker buy share > 0.1 (15 min),-8.308075395675596,0.0,-0.09317040135202315,True,True,0.004975124378109453
range position > 0.90 AND taker buy share > 0.2 (15 min),-6.544835923122605,5.956080073588055e-11,-0.09127706803841296,True,True,0.004975124378109453
range position > 0.90 AND taker buy share > 0.3 (15 min),-4.382896589529935,1.171117104270536e-05,-0.08416666547792434,True,True,0.03482587064676617
range position > 0.90 AND price > VWAP60 + 15 bp,-6.973106706559229,3.100186773963287e-12,-0.0796061998757141,True,True,0.004975124378109453
range position > 0.90 AND price > VWAP60 + 30 bp,-4.3697285146897995,1.2440109930844656e-05,-0.07458950997740693,True,True,0.03482587064676617
range position > 0.90 AND price > VWAP60 + 50 bp,-3.5472530720707476,0.0003892704681796033,-0.09776728728454559,True,True,0.21393034825870647
range position > 0.90 AND previous window up,-8.134127407359498,4.440892098500626e-16,-0.07548282915512694,True,True,0.004975124378109453
range position > 0.90 AND two windows up,-7.134753058836278,9.696687897076117e-13,-0.0842158340521203,True,True,0.004975124378109453
range position > 0.90 AND MACD hist > 0,-7.590215087918822,3.197442310920451e-14,-0.0788054453799179,True,True,0.004975124378109453
range position > 0.90 AND MACD hist < 0,-4.383113220226856,1.1699527031172607e-05,-0.07170039405975454,True,True,0.03482587064676617
range position > 0.90 AND OBV rising,-3.932451096148783,8.408408934790224e-05,-0.07712237766540653,True,True,0.07960199004975124
range position > 0.90 AND EMA9 > EMA21 + 10 bp,-4.494116826399791,6.985927017977289e-06,-0.0886065997038415,True,True,0.03482587064676617
range position > 0.90 AND larger trades than usual (size5 > 1.2),-7.5239311797055475,5.306866057708248e-14,-0.1109402772090769,True,True,0.004975124378109453
range position > 0.90 AND more trades than usual (nratio5 > 1.5),-3.8877581678212443,0.00010117435292755772,-0.07742402064742199,True,True,0.0945273631840796
range position < 0.15 AND 5-min move < -1.5 sd,3.4552604442835606,0.0005497614886134095,0.07086058900928566,True,True,0.24875621890547264
range position < 0.15 AND 15-min move < -1.5 sd,4.81656312509334,1.4605197498074318e-06,0.08145580408568259,True,True,0.01990049751243781
range position < 0.15 AND 5-min move < -2 sd,1.8234485032983594,0.06823548985100292,0.050583518465620536,True,False,1.0
range position < 0.15 AND 15-min move < -2 sd,3.1641169855686684,0.00155554256119661,0.07406608357428124,True,True,0.5870646766169154
range position < 0.15 AND 4h return < -25 bp,6.672384574724664,2.5168089834437524e-11,0.06833144884022874,True,True,0.004975124378109453
range position < 0.15 AND 4h return < -50 bp,5.437706974453391,5.397063862488949e-08,0.061058253563680054,True,True,0.01990049751243781
range position < 0.15 AND 4h return < -100 bp,3.9166422499992657,8.979084265847703e-05,0.05693970935238496,True,False,0.0845771144278607
range position < 0.15 AND taker buy share > 0.1 (15 min),0.33792679849443186,0.735418352022204,0.008255093402531,False,False,1.0
range position < 0.15 AND taker sell share > 0.1 (15 min),6.753112953460184,1.447064690296429e-11,0.07380270212644285,True,True,0.004975124378109453
range position < 0.15 AND taker sell share > 0.2 (15 min),6.301398723265111,2.9497160269897904e-10,0.07523949002603197,True,True,0.004975124378109453
range position < 0.15 AND taker sell share > 0.3 (15 min),6.625399356627764,3.463096476252758e-11,0.09920199644364963,True,True,0.004975124378109453
range position < 0.15 AND price < VWAP60 - 15 bp,6.453051199164807,1.09620312827019e-10,0.07121090442327271,True,True,0.004975124378109453
range position < 0.15 AND price < VWAP60 - 30 bp,4.760343904758299,1.9326335898295355e-06,0.0751617625979435,True,True,0.01990049751243781
range position < 0.15 AND price < VWAP60 - 50 bp,3.689072866524381,0.0002250727557775445,0.08384384194375016,True,True,0.16417910447761194
range position < 0.15 AND previous window up,2.5816825360438993,0.00983199814572755,0.05227695708228203,True,True,0.9800995024875622
range position < 0.15 AND previous window down,6.976238618425195,3.0317970356463775e-12,0.06697692014511941,True,True,0.004975124378109453
range position < 0.15 AND two windows down,6.245809290752961,4.2161141244889677e-10,0.06868711537328082,True,True,0.009950248756218905
range position < 0.15 AND MACD hist > 0,4.455702339404782,8.361898614861474e-06,0.058972452349127014,True,True,0.03482587064676617
range position < 0.15 AND MACD hist < 0,6.021209037830541,1.731190080178635e-09,0.06512675180167427,True,True,0.014925373134328358
range position < 0.15 AND OBV falling,4.60742301971976,4.076900612659529e-06,0.07024250020833345,True,True,0.024875621890547265
range position < 0.15 AND EMA9 < EMA21 - 10 bp,5.087958065134903,3.6193937447137614e-07,0.09003325900555292,True,True,0.01990049751243781
range position < 0.15 AND larger trades than usual (size5 > 1.2),5.419944975411981,5.961738214210754e-08,0.08112237524623217,True,True,0.01990049751243781
range position < 0.15 AND more trades than usual (nratio5 > 1.5),4.018169078510949,5.865210657751696e-05,0.06494601409452389,True,True,0.06965174129353234
range position > 0.85 AND 5-min move > +1.5 sd,-6.05772403109282,1.3806098486668361e-09,-0.11322706172699626,True,True,0.009950248756218905
range position > 0.85 AND 15-min move > +1.5 sd,-6.047661409217363,1.469633970074824e-09,-0.09657149262213877,True,True,0.009950248756218905
range position > 0.85 AND 5-min move > +2 sd,-6.155526829679338,7.482832131699979e-10,-0.15069817527616286,True,True,0.009950248756218905
range position > 0.85 AND 15-min move > +2 sd,-5.613894809634967,1.978225006027401e-08,-0.12635044892491065,True,True,0.01990049751243781
range position > 0.85 AND 4h return > +25 bp,-9.693357402349923,0.0,-0.08392389689514934,True,True,0.004975124378109453
range position > 0.85 AND 4h return > +50 bp,-8.279194206896724,2.220446049250313e-16,-0.0836108259039865,True,True,0.004975124378109453
range position > 0.85 AND 4h return > +100 bp,-5.471591820786677,4.4601115467557406e-08,-0.07552735142181805,True,True,0.01990049751243781
range position > 0.85 AND taker buy share > 0.1 (15 min),-8.957626509609595,0.0,-0.09126782030744929,True,True,0.004975124378109453
range position > 0.85 AND taker sell share > 0.1 (15 min),-2.443242525930182,0.014555951832136094,-0.0512145024531695,True,True,0.9950248756218906
range position > 0.85 AND taker buy share > 0.2 (15 min),-7.741618119470973,9.769962616701378e-15,-0.09476956362279282,True,True,0.004975124378109453
range position > 0.85 AND taker sell share > 0.2 (15 min),-1.032170347845946,0.30199232326928227,-0.030956054451756476,False,False,1.0
range position > 0.85 AND taker buy share > 0.3 (15 min),-5.5753630336633195,2.4701419132355795e-08,-0.09329154613538082,True,True,0.01990049751243781
range position > 0.85 AND price > VWAP60 + 15 bp,-6.700039321273403,2.0836443681560013e-11,-0.06885288996282551,True,True,0.004975124378109453
range position > 0.85 AND price > VWAP60 + 30 bp,-3.830672200877086,0.00012779366092185995,-0.05779849901307588,True,True,0.12437810945273632
range position > 0.85 AND price > VWAP60 + 50 bp,-3.3702286296144717,0.0007510584096042106,-0.08152085018115696,True,True,0.32338308457711445
range position > 0.85 AND previous window up,-8.53978490468021,0.0,-0.07165148834930107,True,True,0.004975124378109453
range position > 0.85 AND previous window down,-5.273682193564745,1.3371337925782711e-07,-0.09286246921082952,True,True,0.01990049751243781
range position > 0.85 AND two windows up,-7.484612365177116,7.172040739078511e-14,-0.07623203417406504,True,True,0.004975124378109453
range position > 0.85 AND MACD hist > 0,-9.17364584018843,0.0,-0.0850571796977535,True,True,0.004975124378109453
range position > 0.85 AND MACD hist < 0,-4.350750094167104,1.356726113721507e-05,-0.05497586835517643,True,True,0.03482587064676617
range position > 0.85 AND OBV rising,-4.422645411477522,9.749968592487335e-06,-0.07818669036736697,True,True,0.03482587064676617
range position > 0.85 AND EMA9 > EMA21 + 10 bp,-4.238054929763629,2.2546461331263146e-05,-0.0735967327095764,True,True,0.04477611940298507
range position > 0.85 AND larger trades than usual (size5 > 1.2),-8.477200327376282,0.0,-0.10756628760432979,True,True,0.004975124378109453
range position > 0.85 AND more trades than usual (nratio5 > 1.5),-4.285615668815851,1.822337999790591e-05,-0.07333829088339167,True,True,0.04477611940298507
5-min move > +1.5 sd AND 15-min move > +1.5 sd,-5.56289830346189,2.6533053087973713e-08,-0.11402904536780928,True,True,0.01990049751243781
5-min move > +1.5 sd AND 15-min move > +2 sd,-3.9614538053668036,7.449479578136575e-05,-0.1133119282419795,True,True,0.07462686567164178
5-min move > +1.5 sd AND 4h return > +25 bp,-5.480288615748053,4.2463257354796724e-08,-0.09834873654951137,True,True,0.01990049751243781
5-min move > +1.5 sd AND 4h return < -25 bp,0.7674893968221598,0.4427905950110014,0.020423522879068234,False,False,1.0
5-min move > +1.5 sd AND 4h return > +50 bp,-5.359750928529812,8.333676748684127e-08,-0.12143018065588085,True,True,0.01990049751243781
5-min move > +1.5 sd AND taker buy share > 0.1 (15 min),-4.340525069239084,1.4214264995926484e-05,-0.07115375644277216,True,True,0.03482587064676617
5-min move > +1.5 sd AND taker buy share > 0.2 (15 min),-4.129486198866902,3.635748253083548e-05,-0.08131398429387282,True,True,0.05970149253731343
5-min move > +1.5 sd AND taker buy share > 0.3 (15 min),-4.630529276635308,3.647322053490498e-06,-0.11428997850668621,True,True,0.024875621890547265
5-min move > +1.5 sd AND price > VWAP60 + 15 bp,-4.4133890182956215,1.0176489646074316e-05,-0.07423977191426323,True,True,0.03482587064676617
5-min move > +1.5 sd AND price > VWAP60 + 30 bp,-3.808717363140093,0.00013968951861320633,-0.08460094867764262,True,True,0.13432835820895522
5-min move > +1.5 sd AND previous window up,-4.984050560821006,6.226679722942663e-07,-0.060635358939693906,True,True,0.01990049751243781
5-min move > +1.5 sd AND two windows up,-3.586638816037427,0.00033496778117192427,-0.06364879238884924,True,True,0.18407960199004975
5-min move > +1.5 sd AND MACD hist > 0,-4.412441470795389,1.022114307991373e-05,-0.051712387506269886,True,True,0.03482587064676617
5-min move > +1.5 sd AND EMA9 > EMA21 + 10 bp,-4.164946698685936,3.1142531323524736e-05,-0.11026718073969394,True,True,0.05472636815920398
5-min move > +1.5 sd AND larger trades than usual (size5 > 1.2),-3.844748598144526,0.00012067609253407774,-0.08331622582978099,True,True,0.11940298507462686
5-min move > +1.5 sd AND more trades than usual (nratio5 > 1.5),-3.9015946099881544,9.556109826291959e-05,-0.088029647786588,True,True,0.08955223880597014
5-min move < -1.5 sd AND 15-min move < -1.5 sd,3.5888946085116826,0.00033208304688625567,0.06960206122278884,True,True,0.18407960199004975
5-min move < -1.5 sd AND 15-min move < -2 sd,2.8930160449940026,0.0038156180466124567,0.0745802604951164,True,True,0.8059701492537313
5-min move < -1.5 sd AND 4h return > +25 bp,0.6272958293845408,0.5304653367648167,0.017492447576207493,False,False,1.0
5-min move < -1.5 sd AND 4h return < -25 bp,2.1870911321342597,0.028735871880226638,0.04056539621796329,True,False,1.0
5-min move < -1.5 sd AND 4h return < -50 bp,1.3275117229593243,0.18433946463936213,0.028659715564796517,False,False,1.0
5-min move < -1.5 sd AND taker sell share > 0.1 (15 min),4.626945233501798,3.71098593410224e-06,0.07186159032885125,True,True,0.024875621890547265
5-min move < -1.5 sd AND taker sell share > 0.2 (15 min),4.712987571724723,2.4411109094124583e-06,0.08327691221314487,True,True,0.024875621890547265
5-min move < -1.5 sd AND taker sell share > 0.3 (15 min),4.0531984778454175,5.052210402034518e-05,0.08944273590850149,True,True,0.06467661691542288
5-min move < -1.5 sd AND price < VWAP60 - 15 bp,4.028757401160476,5.607244450533955e-05,0.06292204663812173,True,True,0.06965174129353234
5-min move < -1.5 sd AND price < VWAP60 - 30 bp,2.137958136378671,0.0325201411041014,0.045800044166993126,True,True,1.0
5-min move < -1.5 sd AND previous window down,4.103128323118132,4.076010241060857e-05,0.05431864229440897,True,True,0.06467661691542288
5-min move < -1.5 sd AND two windows down,2.4666118211184385,0.013639813309752835,0.04404837297352249,True,True,0.9950248756218906
5-min move < -1.5 sd AND MACD hist < 0,4.275079131260576,1.910694192308604e-05,0.054578772980482915,True,True,0.04477611940298507
5-min move < -1.5 sd AND OBV falling,2.2862069173604516,0.022242156282007874,0.057329132329014376,True,False,1.0
5-min move < -1.5 sd AND EMA9 < EMA21 - 10 bp,2.4831521211955607,0.013022546233644183,0.06459476220887639,True,True,0.9950248756218906
5-min move < -1.5 sd AND larger trades than usual (size5 > 1.2),4.882352725353558,1.0482752699214615e-06,0.09505731083474334,True,True,0.01990049751243781
5-min move < -1.5 sd AND more trades than usual (nratio5 > 1.5),2.9000509433328006,0.0037310201618856453,0.061553565294712176,True,True,0.8059701492537313
15-min move > +1.5 sd AND 5-min move > +2 sd,-4.884129545673033,1.038867596836468e-06,-0.12734652418584164,True,True,0.01990049751243781
15-min move > +1.5 sd AND 4h return > +25 bp,-6.78908006508255,1.1284972956104866e-11,-0.10278636999528401,True,True,0.004975124378109453
15-min move > +1.5 sd AND 4h return > +50 bp,-6.5488529167597616,5.7980731327234025e-11,-0.11664392905866305,True,True,0.004975124378109453
15-min move > +1.5 sd AND 4h return > +100 bp,-3.9606051936061855,7.476005003415054e-05,-0.10124776105800748,True,True,0.07462686567164178
15-min move > +1.5 sd AND taker buy share > 0.1 (15 min),-7.785734852738745,6.8833827526759706e-15,-0.0971531769155104,True,True,0.004975124378109453
15-min move > +1.5 sd AND taker buy share > 0.2 (15 min),-7.520242991534496,5.46229728115577e-14,-0.10838605144273494,True,True,0.004975124378109453
15-min move > +1.5 sd AND taker buy share > 0.3 (15 min),-5.648127955091512,1.6220443432857223e-08,-0.10813788832565685,True,True,0.01990049751243781
15-min move > +1.5 sd AND price > VWAP60 + 15 bp,-6.243554497409416,4.2773717900956854e-10,-0.08692924260847712,True,True,0.009950248756218905
15-min move > +1.5 sd AND price > VWAP60 + 30 bp,-5.106077070062585,3.289155843244629e-07,-0.0939402169726396,True,True,0.01990049751243781
15-min move > +1.5 sd AND previous window up,-7.385204179730492,1.5232259897857148e-13,-0.08429423961878801,True,True,0.004975124378109453
15-min move > +1.5 sd AND two windows up,-5.304734012163509,1.1283740608547532e-07,-0.08892647646427054,True,True,0.01990049751243781
15-min move > +1.5 sd AND MACD hist > 0,-7.343934100052896,2.0738966099997924e-13,-0.08530907610172961,True,True,0.004975124378109453
15-min move > +1.5 sd AND OBV rising,-3.936611823229344,8.264012073255778e-05,-0.08460094867764262,True,True,0.07960199004975124
15-min move > +1.5 sd AND EMA9 > EMA21 + 10 bp,-5.929991851138314,3.029497097628564e-09,-0.10742192579770404,True,True,0.014925373134328358
15-min move > +1.5 sd AND larger trades than usual (size5 > 1.2),-7.184438062124078,6.747935543671701e-13,-0.13150917024344944,True,True,0.004975124378109453
15-min move > +1.5 sd AND more trades than usual (nratio5 > 1.5),-5.042443596196171,4.5962425909706894e-07,-0.10450022333842646,True,True,0.01990049751243781
15-min move < -1.5 sd AND 5-min move < -2 sd,2.187907545313178,0.028676337578410704,0.056737587426339664,True,False,1.0
15-min move < -1.5 sd AND 4h return < -25 bp,5.881760121806083,4.059263591926765e-09,0.08896400030116275,True,True,0.014925373134328358
15-min move < -1.5 sd AND 4h return < -50 bp,4.821953578111349,1.4215903394454443e-06,0.086698301924925,True,True,0.01990049751243781
15-min move < -1.5 sd AND 4h return < -100 bp,4.901881743700781,9.492297483593148e-07,0.1130970983998214,True,True,0.01990049751243781
15-min move < -1.5 sd AND taker sell share > 0.1 (15 min),6.177982850133775,6.492577586669768e-10,0.0773127008347288,True,True,0.009950248756218905
15-min move < -1.5 sd AND taker sell share > 0.2 (15 min),5.075896559561458,3.8567307747428003e-07,0.073541126646047,True,True,0.01990049751243781
15-min move < -1.5 sd AND taker sell share > 0.3 (15 min),4.314267764689136,1.6013276634030404e-05,0.08006992789933509,True,True,0.03980099502487562
15-min move < -1.5 sd AND price < VWAP60 - 15 bp,5.571220955143057,2.5296026828769413e-08,0.071688949564441,True,True,0.01990049751243781
15-min move < -1.5 sd AND price < VWAP60 - 30 bp,5.487490700320066,4.076834714261679e-08,0.09384323278670015,True,True,0.01990049751243781
15-min move < -1.5 sd AND price < VWAP60 - 50 bp,4.108067567719897,3.989833924489261e-05,0.10310702284538203,True,True,0.06467661691542288
15-min move < -1.5 sd AND previous window down,5.865082849202849,4.48908488159816e-09,0.06895022513963917,True,True,0.014925373134328358
15-min move < -1.5 sd AND two windows down,4.700882383528143,2.5903969294027718e-06,0.06862944864924381,True,True,0.024875621890547265
15-min move < -1.5 sd AND MACD hist < 0,5.731807026551711,9.936628408979686e-09,0.06904823540922678,True,True,0.01990049751243781
15-min move < -1.5 sd AND OBV falling,5.060954884578774,4.1716192678009634e-07,0.09546533021929393,True,True,0.01990049751243781
15-min move < -1.5 sd AND EMA9 < EMA21 - 10 bp,5.191027107810096,2.0913717158066447e-07,0.0944268142568857,True,True,0.01990049751243781
15-min move < -1.5 sd AND larger trades than usual (size5 > 1.2),4.962289369943701,6.966709857891829e-07,0.10010442488413307,True,True,0.01990049751243781
15-min move < -1.5 sd AND more trades than usual (nratio5 > 1.5),5.334315656861561,9.590556238059378e-08,0.10457998530896773,True,True,0.01990049751243781
5-min move > +2 sd AND 4h return > +25 bp,-6.398160318796192,1.572602048582894e-10,-0.1581605151715853,True,True,0.004975124378109453
5-min move > +2 sd AND taker buy share > 0.1 (15 min),-4.382313165098646,1.1742585441787412e-05,-0.1014589316186183,True,True,0.03482587064676617
5-min move > +2 sd AND taker buy share > 0.2 (15 min),-4.348836717325369,1.3686156079328882e-05,-0.11829630519726364,True,True,0.03482587064676617
5-min move > +2 sd AND price > VWAP60 + 15 bp,-5.617490333650216,1.9375101079077695e-08,-0.12342791570281053,True,True,0.01990049751243781
5-min move > +2 sd AND previous window up,-4.384077728822437,1.164781819218419e-05,-0.08533609274259807,True,True,0.03482587064676617
5-min move > +2 sd AND two windows up,-3.0684708841452046,0.00215157293605861,-0.08577175562850636,True,True,0.6766169154228856
5-min move > +2 sd AND MACD hist > 0,-4.1554204819099265,3.2468985688760554e-05,-0.07920275358869705,True,True,0.05472636815920398
5-min move > +2 sd AND more trades than usual (nratio5 > 1.5),-3.8761998647763742,0.00010610054237925048,-0.11278868406031933,True,True,0.0945273631840796
5-min move < -2 sd AND 4h return < -25 bp,0.05171123809161216,0.958758782519632,0.001304315932488087,False,False,1.0
5-min move < -2 sd AND taker sell share > 0.1 (15 min),2.7724203570453096,0.005564113315202013,0.06316749097282043,True,True,0.9054726368159204
5-min move < -2 sd AND taker sell share > 0.2 (15 min),2.216257400692964,0.026673878710408827,0.057581308596477754,True,True,1.0
5-min move < -2 sd AND price < VWAP60 - 15 bp,2.2278011636149646,0.025893777235467264,0.05041141491396317,True,False,1.0
5-min move < -2 sd AND previous window down,2.345072833512917,0.019023363082084188,0.04558300056102155,True,True,1.0
5-min move < -2 sd AND two windows down,1.2075478012086467,0.22722124779097275,0.030040691074488257,False,False,1.0
5-min move < -2 sd AND MACD hist < 0,2.4541172438573833,0.014123092592503772,0.04642156598712238,True,True,0.9950248756218906
5-min move < -2 sd AND more trades than usual (nratio5 > 1.5),1.4196126433243041,0.15572048254548387,0.040514209061595474,False,False,1.0
15-min move > +2 sd AND 4h return > +25 bp,-5.20072599980455,1.9851157184724855e-07,-0.11872430939570316,True,True,0.01990049751243781
15-min move > +2 sd AND 4h return > +50 bp,-6.054863873917601,1.4053644914469032e-09,-0.1526595994933917,True,True,0.009950248756218905
15-min move > +2 sd AND taker buy share > 0.1 (15 min),-5.8065588889575785,6.37698494010408e-09,-0.10954178265047237,True,True,0.01990049751243781
15-min move > +2 sd AND taker buy share > 0.2 (15 min),-5.923017608890617,3.1608697881324588e-09,-0.12901164760423606,True,True,0.014925373134328358
15-min move > +2 sd AND price > VWAP60 + 15 bp,-4.732747298942521,2.2150118392794127e-06,-0.09302212228830836,True,True,0.01990049751243781
15-min move > +2 sd AND price > VWAP60 + 30 bp,-4.272738066592948,1.9308722651212307e-05,-0.10451096731619047,True,True,0.04477611940298507
15-min move > +2 sd AND previous window up,-5.026805233497652,4.987184087923424e-07,-0.08987515263630302,True,True,0.01990049751243781
15-min move > +2 sd AND two windows up,-3.0891435272225887,0.00200734438056438,-0.08033513799992437,True,True,0.6616915422885572
15-min move > +2 sd AND MACD hist > 0,-5.165082128849086,2.4033337298057234e-07,-0.09286246921082952,True,True,0.01990049751243781
15-min move > +2 sd AND EMA9 > EMA21 + 10 bp,-5.378133834326809,7.526186318607131e-08,-0.13063991598253877,True,True,0.01990049751243781
15-min move > +2 sd AND more trades than usual (nratio5 > 1.5),-4.950287078486019,7.410409050834232e-07,-0.13366153830687372,True,True,0.01990049751243781
15-min move < -2 sd AND 4h return < -25 bp,3.8854514067337034,0.00010213992269569871,0.0880400519661586,True,True,0.0945273631840796
15-min move < -2 sd AND 4h return < -50 bp,2.600021656178811,0.009321787753578947,0.07038918521825038,True,True,0.9751243781094527
15-min move < -2 sd AND taker sell share > 0.1 (15 min),4.776643364228388,1.7824548770306592e-06,0.09210077598198008,True,True,0.01990049751243781
15-min move < -2 sd AND taker sell share > 0.2 (15 min),4.075315773363239,4.5951949080746957e-05,0.0874476063550938,True,True,0.06467661691542288
15-min move < -2 sd AND taker sell share > 0.3 (15 min),3.684871541478793,0.00022881801613006125,0.09650922179759353,True,False,0.16417910447761194
15-min move < -2 sd AND price < VWAP60 - 15 bp,4.063998703297621,4.823909373596891e-05,0.08026685648808479,True,True,0.06467661691542288
15-min move < -2 sd AND price < VWAP60 - 30 bp,3.8186541826738956,0.00013418170872592228,0.09076838235805457,True,True,0.13432835820895522
15-min move < -2 sd AND previous window down,4.704023737858293,2.5508357026637896e-06,0.08865631396180534,True,True,0.024875621890547265
15-min move < -2 sd AND two windows down,2.9196403687098402,0.003504355345776755,0.06526521273400254,True,True,0.7810945273631841
15-min move < -2 sd AND MACD hist < 0,4.824267947671904,1.4051840826478923e-06,0.09097780551021911,True,True,0.01990049751243781
15-min move < -2 sd AND OBV falling,2.186702029229696,0.028764283385793066,0.057479073162192085,True,True,1.0
15-min move < -2 sd AND EMA9 < EMA21 - 10 bp,3.60880958986718,0.0003076052738042456,0.08696196362261155,True,True,0.18407960199004975
15-min move < -2 sd AND larger trades than usual (size5 > 1.2),4.29474198365782,1.748966225401105e-05,0.11855511236884131,True,False,0.04477611940298507
15-min move < -2 sd AND more trades than usual (nratio5 > 1.5),3.45697178601829,0.0005462820406003654,0.09341314500207848,True,True,0.24875621890547264
4h return > +25 bp AND taker buy share > 0.1 (15 min),-8.07410457468007,6.661338147750939e-16,-0.06720778077041495,True,True,0.004975124378109453
4h return > +25 bp AND taker sell share > 0.1 (15 min),0.07482389901954244,0.940354826447958,0.0007659001996876968,False,False,1.0
4h return > +25 bp AND taker buy share > 0.2 (15 min),-7.649192591450803,2.020605904817785e-14,-0.07689993224107144,True,True,0.004975124378109453
4h return > +25 bp AND taker sell share > 0.2 (15 min),0.7977584860387159,0.4250106565115723,0.010043654153497228,False,False,1.0
4h return > +25 bp AND taker buy share > 0.3 (15 min),-5.881728051924397,4.060050518006619e-09,-0.08338818148546429,True,True,0.014925373134328358
4h return > +25 bp AND taker sell share > 0.3 (15 min),-0.43394291903323706,0.6643298921254277,-0.007434172299818076,False,False,1.0
4h return > +25 bp AND price > VWAP60 + 15 bp,-6.2414008709983415,4.3366932267474567e-10,-0.05651304506128363,True,True,0.009950248756218905
4h return > +25 bp AND price < VWAP60 - 15 bp,2.783549620019091,0.0053767637438262295,0.03885804530006226,True,False,0.900497512437811
4h return > +25 bp AND price > VWAP60 + 30 bp,-3.4054409409395734,0.0006605729985049713,-0.045253869749631026,True,True,0.2935323383084577
4h return > +25 bp AND price < VWAP60 - 30 bp,3.038237440253124,0.002379663733478532,0.06599031870874,True,True,0.7014925373134329
4h return > +25 bp AND price > VWAP60 + 50 bp,-3.8928843948187346,9.905936421161776e-05,-0.09052060236898057,True,True,0.0945273631840796
4h return > +25 bp AND previous window up,-8.157818762759122,4.440892098500626e-16,-0.05695685270199824,True,True,0.004975124378109453
4h return > +25 bp AND previous window down,0.33439195396317484,0.7380838101307434,0.002446113062241795,False,False,1.0
4h return > +25 bp AND two windows up,-6.912512905836825,4.761524508012371e-12,-0.06207438004852983,True,True,0.004975124378109453
4h return > +25 bp AND two windows down,1.5998441558914958,0.10963316042688809,0.018535918138412488,False,False,1.0
4h return > +25 bp AND MACD hist > 0,-6.6910688115432855,2.2154722500999924e-11,-0.05104526963650863,True,True,0.004975124378109453
4h return > +25 bp AND MACD hist < 0,-1.4859665291499646,0.13728797447694951,-0.011130510901365576,False,False,1.0
4h return > +25 bp AND OBV rising,-4.127082219314018,3.673950648885871e-05,-0.05871436174382094,True,True,0.06467661691542288
4h return > +25 bp AND OBV falling,1.9741092169017076,0.04836932554524398,0.05218466311350545,True,False,1.0
4h return > +25 bp AND EMA9 > EMA21 + 10 bp,-4.28641992384714,1.8157561130216493e-05,-0.07074730044336253,True,True,0.04477611940298507
4h return > +25 bp AND larger trades than usual (size5 > 1.2),-4.20588450805272,2.6006302258574365e-05,-0.04483822818185551,True,True,0.05472636815920398
4h return > +25 bp AND more trades than usual (nratio5 > 1.5),-2.3934738081465023,0.016689672893298813,-0.02961577667261034,True,True,0.9950248756218906
4h return < -25 bp AND taker buy share > 0.1 (15 min),-0.8932286867060207,0.37173471872103026,-0.009115263123244677,False,False,1.0
4h return < -25 bp AND taker sell share > 0.1 (15 min),7.20942631751626,5.617728504603292e-13,0.05873304149656755,True,True,0.004975124378109453
4h return < -25 bp AND taker buy share > 0.2 (15 min),-2.5812749824150707,0.009843613930424766,-0.03621227022478174,True,False,0.9800995024875622
4h return < -25 bp AND taker sell share > 0.2 (15 min),6.796857542316322,1.0692557950164883e-11,0.06648151131687186,True,True,0.004975124378109453
4h return < -25 bp AND taker buy share > 0.3 (15 min),-1.6049855184842556,0.10849699167434901,-0.029339938371342023,False,False,1.0
4h return < -25 bp AND taker sell share > 0.3 (15 min),6.616656808301308,3.674127668773508e-11,0.08483177187967772,True,True,0.004975124378109453
4h return < -25 bp AND price > VWAP60 + 15 bp,-1.1946403571984043,0.2322275743597304,-0.01580070114454951,False,False,1.0
4h return < -25 bp AND price < VWAP60 - 15 bp,6.280123831645296,3.38303385305494e-10,0.05888916556538709,True,True,0.004975124378109453
4h return < -25 bp AND price > VWAP60 + 30 bp,-0.878168868401106,0.37985208381569135,-0.020570019740576595,False,False,1.0
4h return < -25 bp AND price < VWAP60 - 30 bp,4.37803374255891,1.1975481306158997e-05,0.06353735452809889,True,True,0.03482587064676617
4h return < -25 bp AND price < VWAP60 - 50 bp,4.091562425707948,4.284765684747782e-05,0.09148577306552408,True,True,0.06467661691542288
4h return < -25 bp AND previous window up,1.0455872971749887,0.2957516166207266,0.008079531856994615,False,False,1.0
4h return < -25 bp AND previous window down,7.011960504958732,2.3501200985265314e-12,0.048934517564193314,True,True,0.004975124378109453
4h return < -25 bp AND two windows up,-0.17512737112005108,0.8609795515666407,-0.002085566548636897,False,False,1.0
4h return < -25 bp AND two windows down,5.804753172975037,6.4460892179596385e-09,0.051957703187261395,True,True,0.01990049751243781
4h return < -25 bp AND MACD hist > 0,2.793253584778973,0.005218076808457983,0.020496346840583546,True,False,0.8955223880597015
4h return < -25 bp AND MACD hist < 0,5.4875413916738935,4.075665338554302e-08,0.04178007148514229,True,True,0.01990049751243781
4h return < -25 bp AND OBV falling,5.058480557758239,4.226103276216975e-07,0.06011633593585908,True,True,0.01990049751243781
4h return < -25 bp AND EMA9 < EMA21 - 10 bp,4.541871120879865,5.575712539229727e-06,0.07179971054284745,True,True,0.024875621890547265
4h return < -25 bp AND larger trades than usual (size5 > 1.2),3.7422304606978676,0.00018239412456888537,0.03753241152550374,True,True,0.15422885572139303
4h return < -25 bp AND more trades than usual (nratio5 > 1.5),2.508679183163809,0.012118348942349533,0.02855829208651184,True,True,0.9950248756218906
4h return > +50 bp AND taker buy share > 0.1 (15 min),-7.399453605418985,1.3677947663381929e-13,-0.06869761935281804,True,True,0.004975124378109453
4h return > +50 bp AND taker sell share > 0.1 (15 min),-0.5517021810205199,0.5811524154362,-0.006972344637767469,False,False,1.0
4h return > +50 bp AND taker buy share > 0.2 (15 min),-7.007719157787032,2.4222845951271665e-12,-0.08468812050219626,True,True,0.004975124378109453
4h return > +50 bp AND taker sell share > 0.2 (15 min),0.8083263102550743,0.41890276038089747,0.013143223171631413,False,False,1.0
4h return > +50 bp AND taker buy share > 0.3 (15 min),-4.811370507227309,1.4989884080662819e-06,-0.08465016567145006,True,True,0.01990049751243781
4h return > +50 bp AND taker sell share > 0.3 (15 min),-1.3903521509552066,0.16442196880220328,-0.030720562797900364,False,False,1.0
4h return > +50 bp AND price > VWAP60 + 15 bp,-5.402931813643997,6.556038645300077e-08,-0.05821465299473216,True,True,0.01990049751243781
4h return > +50 bp AND price < VWAP60 - 15 bp,2.018866730563712,0.04350107297435035,0.03515095389611472,True,False,1.0
4h return > +50 bp AND price > VWAP60 + 30 bp,-2.956212388410999,0.0031144254719868147,-0.043714665579208944,True,True,0.746268656716418
4h return > +50 bp AND price > VWAP60 + 50 bp,-3.886338194920234,0.00010176770408576452,-0.0990562436911086,True,True,0.0945273631840796
4h return > +50 bp AND previous window up,-7.663724464167065,1.7985612998927536e-14,-0.061619105242943895,True,True,0.004975124378109453
4h return > +50 bp AND previous window down,-0.02256738004840609,0.9819953641479995,-0.00020838520992316756,False,False,1.0
4h return > +50 bp AND two windows up,-6.237112016061606,4.4572279200849607e-10,-0.06524522331027655,True,True,0.009950248756218905
4h return > +50 bp AND two windows down,1.426201992981925,0.15381004453526836,0.021788765391533294,False,False,1.0
4h return > +50 bp AND MACD hist > 0,-7.300532042415958,2.866595849582154e-13,-0.06438476693375544,True,True,0.004975124378109453
4h return > +50 bp AND MACD hist < 0,-0.9707424644777977,0.3316765400373365,-0.008498739901599495,False,False,1.0
4h return > +50 bp AND OBV rising,-4.310450283604471,1.6292245592852694e-05,-0.07115086176936192,True,True,0.03980099502487562
4h return > +50 bp AND EMA9 > EMA21 + 10 bp,-4.15908194034985,3.195292672319994e-05,-0.07353168175957026,True,True,0.05472636815920398
4h return > +50 bp AND larger trades than usual (size5 > 1.2),-3.942148594233537,8.075491730075157e-05,-0.048536949484132064,True,True,0.07960199004975124
4h return > +50 bp AND more trades than usual (nratio5 > 1.5),-2.871327170363926,0.004087522298040547,-0.03982809308302232,True,True,0.8208955223880597
4h return < -50 bp AND taker buy share > 0.1 (15 min),0.015718237644211205,0.9874591772583168,0.00021798939771672243,False,False,1.0
4h return < -50 bp AND taker sell share > 0.1 (15 min),6.192012286277733,5.940092862033453e-10,0.05841787000695098,True,True,0.009950248756218905
4h return < -50 bp AND taker buy share > 0.2 (15 min),-0.9887279963427759,0.3227962413262384,-0.018864783849863453,False,False,1.0
4h return < -50 bp AND taker sell share > 0.2 (15 min),5.298622723968145,1.1667944121995788e-07,0.062197520304537735,True,True,0.01990049751243781
4h return < -50 bp AND taker buy share > 0.3 (15 min),-0.42298030334081343,0.6723096318435564,-0.010598046640456937,False,False,1.0
4h return < -50 bp AND taker sell share > 0.3 (15 min),4.780708847799973,1.746781870703984e-06,0.07823436892949398,True,True,0.01990049751243781
4h return < -50 bp AND price > VWAP60 + 15 bp,-0.7464994773321725,0.4553657472044321,-0.011613064088902503,False,False,1.0
4h return < -50 bp AND price < VWAP60 - 15 bp,5.609997393065961,2.023296619135806e-08,0.05834967799095392,True,True,0.01990049751243781
4h return < -50 bp AND price > VWAP60 + 30 bp,-1.9170016861119528,0.055237717442151224,-0.05175387706248191,True,False,1.0
4h return < -50 bp AND price < VWAP60 - 30 bp,3.9857619523439367,6.726392271727555e-05,0.06157761123164984,True,True,0.06965174129353234
4h return < -50 bp AND price < VWAP60 - 50 bp,3.554527841337688,0.0003786584186498132,0.08128477227780745,True,True,0.19900497512437812
4h return < -50 bp AND previous window up,0.34519925615944086,0.7299445779325431,0.003313878958456473,False,False,1.0
4h return < -50 bp AND previous window down,6.027748796893571,1.6625918419777008e-09,0.04937967651166392,True,True,0.009950248756218905
4h return < -50 bp AND two windows up,-0.19879012677411048,0.8424269195525107,-0.003106644099351852,False,False,1.0
4h return < -50 bp AND two windows down,4.874745523747508,1.0894880653200545e-06,0.053090497316712115,True,False,0.01990049751243781
4h return < -50 bp AND MACD hist > 0,1.6061629626408274,0.1082381087792772,0.014528919197031476,False,False,1.0
4h return < -50 bp AND MACD hist < 0,5.102862645933002,3.345538241994461e-07,0.046167580734442215,True,True,0.01990049751243781
4h return < -50 bp AND OBV falling,3.9535078114538718,7.701374846758036e-05,0.05514672586528235,True,False,0.07462686567164178
4h return < -50 bp AND EMA9 < EMA21 - 10 bp,4.248139410447537,2.155532496050938e-05,0.06927472190360401,True,True,0.04477611940298507
4h return < -50 bp AND larger trades than usual (size5 > 1.2),3.306678183596342,0.0009440928546931016,0.03952620842823157,True,False,0.43781094527363185
4h return < -50 bp AND more trades than usual (nratio5 > 1.5),3.156719097443111,0.001595549699475507,0.03837320072798828,True,True,0.5870646766169154
4h return > +100 bp AND taker buy share > 0.1 (15 min),-4.816255594222025,1.4627713471604409e-06,-0.06758417580860304,True,True,0.01990049751243781
4h return > +100 bp AND taker sell share > 0.1 (15 min),-0.6485952377278642,0.5166000344816719,-0.012210508284125066,False,False,1.0
4h return > +100 bp AND taker buy share > 0.2 (15 min),-4.127204087315093,3.672004870614032e-05,-0.07533268924823511,True,True,0.06467661691542288
4h return > +100 bp AND taker sell share > 0.2 (15 min),0.23585556227369173,0.8135447516585321,0.006642836231773475,False,False,1.0
4h return > +100 bp AND taker buy share > 0.3 (15 min),-3.3370641963841634,0.0008466838920302422,-0.09764227671825237,True,True,0.36318407960199006
4h return > +100 bp AND price > VWAP60 + 15 bp,-3.2477100909027925,0.0011633774127461916,-0.046915327029106446,True,True,0.46766169154228854
4h return > +100 bp AND price < VWAP60 - 15 bp,0.9699205900911635,0.3320860759418478,0.023257319063811566,False,False,1.0
4h return > +100 bp AND price > VWAP60 + 30 bp,-2.090531698941561,0.03657006395985385,-0.03999683513775615,True,False,1.0
4h return > +100 bp AND price > VWAP60 + 50 bp,-3.11491211007854,0.0018399972620870564,-0.08925881130353974,True,False,0.6318407960199005
4h return > +100 bp AND previous window up,-4.049746110861082,5.127322975639892e-05,-0.046644844517184925,True,True,0.06965174129353234
4h return > +100 bp AND previous window down,-1.4192335238185187,0.1558309453863247,-0.02122268289340823,False,False,1.0
4h return > +100 bp AND two windows up,-3.5989776948841152,0.0003194705860829483,-0.05602975426879264,True,True,0.18407960199004975
4h return > +100 bp AND two windows down,0.16297791773805553,0.8705358212850745,0.003839054124095853,False,False,1.0
4h return > +100 bp AND MACD hist > 0,-4.3030686854071725,1.6844860058373712e-05,-0.05918249105094214,True,True,0.04477611940298507
4h return > +100 bp AND MACD hist < 0,-1.2439264199768212,0.21352664467650584,-0.015902898898973172,False,False,1.0
4h return > +100 bp AND OBV rising,-2.2532144497020723,0.024245630755806546,-0.05463058159243389,True,True,1.0
4h return > +100 bp AND EMA9 > EMA21 + 10 bp,-2.8549105953415514,0.004304894559481021,-0.06005012256533554,True,False,0.8407960199004975
4h return > +100 bp AND larger trades than usual (size5 > 1.2),-3.9064255033998525,9.367150436889737e-05,-0.07478283841630579,True,True,0.08955223880597014
4h return > +100 bp AND more trades than usual (nratio5 > 1.5),-2.2729291151821207,0.023030451934852314,-0.04014860874423681,True,False,1.0
4h return < -100 bp AND taker buy share > 0.1 (15 min),-0.6145548840602566,0.5388487169007421,-0.01199539932149657,False,False,1.0
4h return < -100 bp AND taker sell share > 0.1 (15 min),5.0419181753095605,4.608883708012712e-07,0.070855784970148,True,True,0.01990049751243781
4h return < -100 bp AND taker buy share > 0.2 (15 min),-1.8506663461833888,0.06421756846245597,-0.053087600742313334,True,True,1.0
4h return < -100 bp AND taker sell share > 0.2 (15 min),4.648992907946254,3.3355968043213835e-06,0.07537110743750874,True,True,0.024875621890547265
4h return < -100 bp AND taker sell share > 0.3 (15 min),3.6520284034174506,0.00026017709954895274,0.08877459806058308,True,True,0.18407960199004975
4h return < -100 bp AND price > VWAP60 + 15 bp,-1.5567414281007828,0.11953188844549323,-0.034005862809941945,False,False,1.0
4h return < -100 bp AND price < VWAP60 - 15 bp,4.053953432305763,5.035924535978786e-05,0.05734113147779385,True,True,0.06467661691542288
4h return < -100 bp AND price < VWAP60 - 30 bp,3.1476959674826688,0.0016456275774874296,0.057297877229086136,True,True,0.5920398009950248
4h return < -100 bp AND price < VWAP60 - 50 bp,3.3064472236348754,0.0009448714799398239,0.08252986238240129,True,True,0.43781094527363185
4h return < -100 bp AND previous window up,-0.2207640622338011,0.8252761473597077,-0.003154187106192141,False,False,1.0
4h return < -100 bp AND previous window down,5.140682784136036,2.7374187450135423e-07,0.06239126816677759,True,True,0.01990049751243781
4h return < -100 bp AND two windows up,-0.8741061582884151,0.38206044408986983,-0.02082612004001594,False,False,1.0
4h return < -100 bp AND two windows down,4.082182312504597,4.461477568229455e-05,0.06637654448627073,True,True,0.06467661691542288
4h return < -100 bp AND MACD hist > 0,1.0328026737389102,0.30169625224701413,0.01395114755158916,False,False,1.0
4h return < -100 bp AND MACD hist < 0,4.406321134148818,1.0514105211578695e-05,0.059716722079209916,True,True,0.03482587064676617
4h return < -100 bp AND OBV falling,2.945952979601536,0.0032196133901780666,0.057442457978507944,True,False,0.7512437810945274
4h return < -100 bp AND EMA9 < EMA21 - 10 bp,4.018534070709829,5.856134234427657e-05,0.07801665267045782,True,True,0.06965174129353234
4h return < -100 bp AND larger trades than usual (size5 > 1.2),1.662620066326216,0.09638851179102526,0.02811157064115727,False,False,1.0
4h return < -100 bp AND more trades than usual (nratio5 > 1.5),2.704517240415023,0.006840371999213168,0.0435413779321126,True,False,0.9502487562189055
taker buy share > 0.1 (15 min) AND price > VWAP60 + 15 bp,-7.522170497927225,5.395683899678261e-14,-0.06823965712817565,True,True,0.004975124378109453
taker buy share > 0.1 (15 min) AND price < VWAP60 - 15 bp,1.1940410832518566,0.23246189785267202,0.02756821711369767,False,False,1.0
taker buy share > 0.1 (15 min) AND price > VWAP60 + 30 bp,-4.996988512302393,5.823253605985457e-07,-0.06956199413537767,True,True,0.01990049751243781
taker buy share > 0.1 (15 min) AND price > VWAP60 + 50 bp,-4.814778357518658,1.4736335876008866e-06,-0.10571386906419039,True,True,0.01990049751243781
taker buy share > 0.1 (15 min) AND previous window up,-8.321267308244192,0.0,-0.054979471866275,True,True,0.004975124378109453
taker buy share > 0.1 (15 min) AND previous window down,-1.4688391024576097,0.14187643533101468,-0.014807994235177313,False,False,1.0
taker buy share > 0.1 (15 min) AND two windows up,-7.039369686929301,1.9311219290329973e-12,-0.05955987076759878,True,True,0.004975124378109453
taker buy share > 0.1 (15 min) AND two windows down,0.6717227449749528,0.5017602186782535,0.01127246326128234,False,False,1.0
taker buy share > 0.1 (15 min) AND MACD hist > 0,-7.886365669796298,3.1086244689504383e-15,-0.055555845873428766,True,True,0.004975124378109453
taker buy share > 0.1 (15 min) AND MACD hist < 0,-2.5129969340101015,0.011971037529955098,-0.02097762461920455,True,False,0.9950248756218906
taker buy share > 0.1 (15 min) AND OBV rising,-6.337167258888473,2.340279081636254e-10,-0.08752133191572531,True,True,0.004975124378109453
taker buy share > 0.1 (15 min) AND OBV falling,-0.13466766859337492,0.8928746370053946,-0.0029421773860010547,False,False,1.0
taker buy share > 0.1 (15 min) AND EMA9 > EMA21 + 10 bp,-5.973727451540832,2.3189310471849467e-09,-0.09335823917232039,True,True,0.014925373134328358
taker buy share > 0.1 (15 min) AND larger trades than usual (size5 > 1.2),-8.405923238291585,0.0,-0.07788373524380948,True,True,0.004975124378109453
taker buy share > 0.1 (15 min) AND more trades than usual (nratio5 > 1.5),-5.223447974411908,1.7562182375030488e-07,-0.06503344477919837,True,True,0.01990049751243781
taker sell share > 0.1 (15 min) AND price > VWAP60 + 15 bp,-1.0665845432924792,0.28615948325084073,-0.019195830088286736,False,False,1.0
taker sell share > 0.1 (15 min) AND price < VWAP60 - 15 bp,6.5691803939416,5.0592863232168384e-11,0.056039013775095625,True,True,0.004975124378109453
taker sell share > 0.1 (15 min) AND price < VWAP60 - 30 bp,6.097591645258666,1.0767839953018665e-09,0.0779151275092631,True,True,0.009950248756218905
taker sell share > 0.1 (15 min) AND price < VWAP60 - 50 bp,3.94322048225046,8.039468078169243e-05,0.08523891900690206,True,True,0.07960199004975124
taker sell share > 0.1 (15 min) AND previous window up,1.2727536439134368,0.20310547539584523,0.01313491247157672,False,False,1.0
taker sell share > 0.1 (15 min) AND previous window down,7.688837512521216,1.4876988529977098e-14,0.0476516114785569,True,True,0.004975124378109453
taker sell share > 0.1 (15 min) AND two windows up,-0.15071640391649854,0.8801994326005553,-0.002221939404713047,False,False,1.0
taker sell share > 0.1 (15 min) AND two windows down,6.716724552649011,1.858557752143497e-11,0.05074933355644062,True,True,0.004975124378109453
taker sell share > 0.1 (15 min) AND MACD hist > 0,3.4659457852144295,0.0005283698103990542,0.02781652117403477,True,True,0.23880597014925373
taker sell share > 0.1 (15 min) AND MACD hist < 0,6.37768763402086,1.7978174504662547e-10,0.04150077359718729,True,True,0.004975124378109453
taker sell share > 0.1 (15 min) AND OBV rising,-2.3201866163878786,0.020330784285276238,-0.05562093119160716,True,False,1.0
taker sell share > 0.1 (15 min) AND OBV falling,5.114988490033715,3.137600879110636e-07,0.06130149524649242,True,True,0.01990049751243781
taker sell share > 0.1 (15 min) AND EMA9 < EMA21 - 10 bp,5.5301300184561155,3.199935250108865e-08,0.0829510988064206,True,True,0.01990049751243781
taker sell share > 0.1 (15 min) AND larger trades than usual (size5 > 1.2),6.197251432894567,5.745768305587262e-10,0.05783566998352363,True,True,0.009950248756218905
taker sell share > 0.1 (15 min) AND more trades than usual (nratio5 > 1.5),5.452626230264704,4.963131727819814e-08,0.06527826228597694,True,True,0.01990049751243781
taker buy share > 0.2 (15 min) AND price > VWAP60 + 15 bp,-7.649031744459563,2.020605904817785e-14,-0.08230501826543568,True,True,0.004975124378109453
taker buy share > 0.2 (15 min) AND price > VWAP60 + 30 bp,-5.327966237892233,9.931857958278556e-08,-0.08815078933587717,True,True,0.01990049751243781
taker buy share > 0.2 (15 min) AND previous window up,-7.6986387963635075,1.3766765505351941e-14,-0.05662488454348291,True,True,0.004975124378109453
taker buy share > 0.2 (15 min) AND previous window down,-4.296604887334666,1.7343392436197647e-05,-0.057472320139858535,True,True,0.04477611940298507
taker buy share > 0.2 (15 min) AND two windows up,-5.77764444690727,7.575367888534856e-09,-0.06088617544776981,True,True,0.01990049751243781
taker buy share > 0.2 (15 min) AND two windows down,-2.2187442118917686,0.026504131340996828,-0.05329215973093138,True,False,1.0
taker buy share > 0.2 (15 min) AND MACD hist > 0,-7.994016154563103,1.3322676295501878e-15,-0.06216762339028964,True,True,0.004975124378109453
taker buy share > 0.2 (15 min) AND MACD hist < 0,-3.707915571121684,0.0002089723004301547,-0.04092461111522355,True,True,0.15422885572139303
taker buy share > 0.2 (15 min) AND OBV rising,-5.598207930361195,2.165788970387439e-08,-0.09025967454276118,True,True,0.01990049751243781
taker buy share > 0.2 (15 min) AND EMA9 > EMA21 + 10 bp,-6.6664389989697455,2.6208368808511295e-11,-0.12147918920458833,True,True,0.004975124378109453
taker buy share > 0.2 (15 min) AND larger trades than usual (size5 > 1.2),-8.44642334372501,0.0,-0.09058757353593666,True,True,0.004975124378109453
taker buy share > 0.2 (15 min) AND more trades than usual (nratio5 > 1.5),-4.810456007850806,1.5058634537101767e-06,-0.08712965576297971,True,True,0.01990049751243781
taker sell share > 0.2 (15 min) AND price < VWAP60 - 15 bp,5.353142344022638,8.64397966537922e-08,0.05454895066755355,True,True,0.01990049751243781
taker sell share > 0.2 (15 min) AND price < VWAP60 - 30 bp,4.972443500895359,6.611424261393495e-07,0.0757906847756486,True,True,0.01990049751243781
taker sell share > 0.2 (15 min) AND price < VWAP60 - 50 bp,3.8056055155921436,0.00014145769172824174,0.0952478987213905,True,True,0.13432835820895522
taker sell share > 0.2 (15 min) AND previous window up,1.6795125834226652,0.09305218854365882,0.02358934233200166,False,False,1.0
taker sell share > 0.2 (15 min) AND previous window down,6.751270213904254,1.465561005886684e-11,0.046277686357030945,True,True,0.004975124378109453
taker sell share > 0.2 (15 min) AND two windows up,0.08355503935498691,0.9334102152693751,0.0016995882481760094,False,False,1.0
taker sell share > 0.2 (15 min) AND two windows down,5.778481857913974,7.537767077181456e-09,0.05135342724698033,True,True,0.01990049751243781
taker sell share > 0.2 (15 min) AND MACD hist > 0,3.571866055686059,0.00035444669016637675,0.03696187381437066,True,True,0.19900497512437812
taker sell share > 0.2 (15 min) AND MACD hist < 0,5.5803656551052825,2.400134757607475e-08,0.04149256951514785,True,True,0.01990049751243781
taker sell share > 0.2 (15 min) AND OBV falling,5.415602225485043,6.108276107141819e-08,0.07362002090055814,True,True,0.01990049751243781
taker sell share > 0.2 (15 min) AND EMA9 < EMA21 - 10 bp,4.372139269998821,1.230349965797295e-05,0.07852739897633326,True,True,0.03482587064676617
taker sell share > 0.2 (15 min) AND larger trades than usual (size5 > 1.2),5.195262405864896,2.0443127612956857e-07,0.05501651482996056,True,True,0.01990049751243781
taker sell share > 0.2 (15 min) AND more trades than usual (nratio5 > 1.5),5.036322309479594,4.7456122898026365e-07,0.07674046835387888,True,True,0.01990049751243781
taker buy share > 0.3 (15 min) AND price > VWAP60 + 15 bp,-5.435913579746183,5.451637474784832e-08,-0.07781935141695229,True,True,0.01990049751243781
taker buy share > 0.3 (15 min) AND price > VWAP60 + 30 bp,-4.074697736180462,4.6074150757968724e-05,-0.09908423734095068,True,True,0.06467661691542288
taker buy share > 0.3 (15 min) AND previous window up,-6.118993035051624,9.416851742827248e-10,-0.057865990652879895,True,True,0.009950248756218905
taker buy share > 0.3 (15 min) AND previous window down,-3.411002902253298,0.0006472440256388712,-0.07244319886697792,True,False,0.2885572139303483
taker buy share > 0.3 (15 min) AND two windows up,-4.168086349957329,3.071675775112581e-05,-0.0565209727911557,True,True,0.05472636815920398
taker buy share > 0.3 (15 min) AND MACD hist > 0,-6.10899464728065,1.0026068864021909e-09,-0.06360031101641361,True,True,0.009950248756218905
taker buy share > 0.3 (15 min) AND MACD hist < 0,-3.243809619779366,0.0011794254860342246,-0.0490306427054375,True,True,0.472636815920398
taker buy share > 0.3 (15 min) AND OBV rising,-6.01719264649178,1.7746784042316222e-09,-0.11353775085127155,True,True,0.014925373134328358
taker buy share > 0.3 (15 min) AND EMA9 > EMA21 + 10 bp,-4.880429655359526,1.0585496723614085e-06,-0.13170393791119894,True,True,0.01990049751243781
taker buy share > 0.3 (15 min) AND larger trades than usual (size5 > 1.2),-7.101734675338371,1.2319034681240737e-12,-0.09213450002799034,True,True,0.004975124378109453
taker buy share > 0.3 (15 min) AND more trades than usual (nratio5 > 1.5),-3.4512735615987546,0.0005579477254431531,-0.08211682438835283,True,False,0.2537313432835821
taker sell share > 0.3 (15 min) AND price < VWAP60 - 15 bp,4.655431669263153,3.2330261927615567e-06,0.06147482675190791,True,True,0.024875621890547265
taker sell share > 0.3 (15 min) AND price < VWAP60 - 30 bp,4.1814801557895445,2.8961753168577076e-05,0.09154676986976112,True,True,0.05472636815920398
taker sell share > 0.3 (15 min) AND previous window up,0.9868168296599527,0.3237324427381332,0.0195904501959992,False,False,1.0
taker sell share > 0.3 (15 min) AND previous window down,5.307555540543435,1.111051568525312e-07,0.0455705889577977,True,True,0.01990049751243781
taker sell share > 0.3 (15 min) AND two windows down,4.668689633930109,3.03126903644646e-06,0.052981760031587666,True,True,0.024875621890547265
taker sell share > 0.3 (15 min) AND MACD hist > 0,1.8003002036132318,0.07181324878597528,0.026091041576370655,True,True,1.0
taker sell share > 0.3 (15 min) AND MACD hist < 0,4.888010016436792,1.0186034919978937e-06,0.04668243443379738,True,True,0.01990049751243781
taker sell share > 0.3 (15 min) AND OBV falling,3.848425903013004,0.00011887924264031291,0.0665512706140432,True,True,0.11940298507462686
taker sell share > 0.3 (15 min) AND EMA9 < EMA21 - 10 bp,4.280216673848508,1.8671144587090183e-05,0.10187471219519051,True,True,0.04477611940298507
taker sell share > 0.3 (15 min) AND larger trades than usual (size5 > 1.2),5.036016896086625,4.753186226835737e-07,0.0624500964718262,True,True,0.01990049751243781
taker sell share > 0.3 (15 min) AND more trades than usual (nratio5 > 1.5),3.348219741947326,0.0008133249539929999,0.0741956569814396,True,True,0.34328358208955223
price > VWAP60 + 15 bp AND previous window up,-6.774232278296969,1.2506884417007313e-11,-0.04921618518747145,True,True,0.004975124378109453
price > VWAP60 + 15 bp AND previous window down,-0.7215238379568215,0.4705872795578625,-0.01380227128296746,False,False,1.0
price > VWAP60 + 15 bp AND two windows up,-5.395308184034336,6.840603683500035e-08,-0.04014402346855617,True,True,0.01990049751243781
price > VWAP60 + 15 bp AND MACD hist > 0,-6.383246432858387,1.7337264957006937e-10,-0.05529628141639803,True,True,0.004975124378109453
price > VWAP60 + 15 bp AND MACD hist < 0,-1.8746292356976464,0.060843748254197694,-0.019255417895090665,True,True,1.0
price > VWAP60 + 15 bp AND OBV rising,-4.445647168560471,8.762766765091357e-06,-0.0675789508051205,True,True,0.03482587064676617
price > VWAP60 + 15 bp AND EMA9 > EMA21 + 10 bp,-4.893791517267993,9.891162033870415e-07,-0.06930777489096046,True,True,0.01990049751243781
price > VWAP60 + 15 bp AND larger trades than usual (size5 > 1.2),-5.557346506443365,2.7390666845761302e-08,-0.07593685775100062,True,True,0.01990049751243781
price > VWAP60 + 15 bp AND more trades than usual (nratio5 > 1.5),-3.1351238306400537,0.0017178158251189846,-0.04315834441813854,True,True,0.6119402985074627
price < VWAP60 - 15 bp AND previous window up,0.5328191388060984,0.5941587840299549,0.011350422341922684,False,False,1.0
price < VWAP60 - 15 bp AND previous window down,7.375682229088763,1.6342482922482304e-13,0.053451941611368126,True,True,0.004975124378109453
price < VWAP60 - 15 bp AND two windows down,6.226444699726017,4.771385508917092e-10,0.05134626237951234,True,True,0.009950248756218905
price < VWAP60 - 15 bp AND MACD hist > 0,2.5632165719424562,0.010370733600164384,0.030750526037094272,True,True,0.9850746268656716
price < VWAP60 - 15 bp AND MACD hist < 0,6.855994089851089,7.0818906294789485e-12,0.05371000588330549,True,True,0.004975124378109453
price < VWAP60 - 15 bp AND OBV falling,4.926472991447963,8.372717925642092e-07,0.06506355504123734,True,True,0.01990049751243781
price < VWAP60 - 15 bp AND EMA9 < EMA21 - 10 bp,5.62457113538753,1.8596940876136614e-08,0.07417477566854186,True,True,0.01990049751243781
price < VWAP60 - 15 bp AND larger trades than usual (size5 > 1.2),5.442981351831528,5.23961340981316e-08,0.06773918071196633,True,True,0.01990049751243781
price < VWAP60 - 15 bp AND more trades than usual (nratio5 > 1.5),4.859450630553744,1.1771193000331692e-06,0.06097210390742852,True,True,0.01990049751243781
price > VWAP60 + 30 bp AND previous window up,-4.3465852730758066,1.3827330963778195e-05,-0.04984114381058097,True,True,0.03482587064676617
price > VWAP60 + 30 bp AND two windows up,-3.4424252688770722,0.0005765231324685871,-0.04301369134887356,True,True,0.263681592039801
price > VWAP60 + 30 bp AND MACD hist > 0,-4.516880778423477,6.275721514237276e-06,-0.06138294390652366,True,True,0.029850746268656716
price > VWAP60 + 30 bp AND MACD hist < 0,-0.013839753044429238,0.9889578272223389,-0.0002539276544546998,False,False,1.0
price > VWAP60 + 30 bp AND OBV rising,-2.0301475927295263,0.042341539055951616,-0.04366555946509609,True,False,1.0
price > VWAP60 + 30 bp AND EMA9 > EMA21 + 10 bp,-4.464617221135234,8.021202432262342e-06,-0.06867469879518073,True,True,0.03482587064676617
price > VWAP60 + 30 bp AND larger trades than usual (size5 > 1.2),-3.457645982736901,0.0005449169259343911,-0.07315930521091812,True,True,0.24875621890547264
price > VWAP60 + 30 bp AND more trades than usual (nratio5 > 1.5),-3.7042893155175918,0.00021198420867318823,-0.06570041134211424,True,True,0.15920398009950248
price < VWAP60 - 30 bp AND previous window down,6.030522026355777,1.634308910425375e-09,0.07139969343866809,True,True,0.009950248756218905
price < VWAP60 - 30 bp AND two windows down,5.4394683322261965,5.343980680194704e-08,0.07466393311756758,True,True,0.01990049751243781
price < VWAP60 - 30 bp AND MACD hist > 0,1.5876231058050234,0.11237159016955744,0.03413486944754146,False,False,1.0
price < VWAP60 - 30 bp AND MACD hist < 0,5.802252045526169,6.543010799830995e-09,0.0765609634399117,True,True,0.01990049751243781
price < VWAP60 - 30 bp AND OBV falling,3.6779929338341675,0.0002350764706191555,0.06740284944495811,True,True,0.16417910447761194
price < VWAP60 - 30 bp AND EMA9 < EMA21 - 10 bp,6.196732382368734,5.764739796632057e-10,0.08886213320378394,True,True,0.009950248756218905
price < VWAP60 - 30 bp AND larger trades than usual (size5 > 1.2),4.682171513290229,2.8385182357926197e-06,0.09200364429167068,True,True,0.024875621890547265
price < VWAP60 - 30 bp AND more trades than usual (nratio5 > 1.5),4.095879833962305,4.205680521462973e-05,0.06869911389771649,True,True,0.06467661691542288
price > VWAP60 + 50 bp AND previous window up,-4.420268528080636,9.85783277185348e-06,-0.08609763343859461,True,True,0.03482587064676617
price > VWAP60 + 50 bp AND two windows up,-4.1312895848781706,3.607337996269777e-05,-0.09322919121095458,True,True,0.05970149253731343
price > VWAP60 + 50 bp AND MACD hist > 0,-4.046340341505871,5.202457895658874e-05,-0.09166520625501307,True,True,0.06965174129353234
price > VWAP60 + 50 bp AND EMA9 > EMA21 + 10 bp,-4.0975733294922225,4.175039293863314e-05,-0.08547402179788777,True,True,0.06467661691542288
price > VWAP60 + 50 bp AND more trades than usual (nratio5 > 1.5),-3.797617431558495,0.00014609357028438907,-0.09201948165720547,True,True,0.13432835820895522
price < VWAP60 - 50 bp AND previous window down,4.421240241665692,9.813598888630537e-06,0.08690971480400145,True,True,0.03482587064676617
price < VWAP60 - 50 bp AND two windows down,3.8387304901887243,0.00012367208707542154,0.08469549574807728,True,True,0.11940298507462686
price < VWAP60 - 50 bp AND MACD hist < 0,4.1734547607167585,3.0001525513911886e-05,0.08968985234733268,True,True,0.05472636815920398
price < VWAP60 - 50 bp AND EMA9 < EMA21 - 10 bp,4.592729874435644,4.374851888089282e-06,0.09082546638436212,True,True,0.024875621890547265
price < VWAP60 - 50 bp AND more trades than usual (nratio5 > 1.5),3.324116692695889,0.0008869907276047861,0.07612338795554335,True,True,0.39303482587064675
previous window up AND two windows up,-7.004509325933936,2.4784618801731995e-12,-0.043700235707542834,True,True,0.004975124378109453
previous window up AND MACD hist > 0,-7.197241227033521,6.143974218275616e-13,-0.04133794850479838,True,True,0.004975124378109453
previous window up AND MACD hist < 0,-1.4831320887760013,0.1380393199194525,-0.01280792002197978,False,False,1.0
previous window up AND OBV rising,-5.309484463152535,1.0993575449980142e-07,-0.07050941414846135,True,True,0.01990049751243781
previous window up AND OBV falling,0.8660625223034643,0.38645587613756627,0.013546605226504416,False,False,1.0
previous window up AND EMA9 > EMA21 + 10 bp,-5.0826404600299755,3.722238675063494e-07,-0.06918033791460626,True,True,0.01990049751243781
previous window up AND larger trades than usual (size5 > 1.2),-5.07031859414044,3.9715030797360384e-07,-0.040776159015514624,True,True,0.01990049751243781
previous window up AND more trades than usual (nratio5 > 1.5),-3.388332931932575,0.0007031885281008066,-0.03954569446442635,True,True,0.31343283582089554
previous window down AND two windows down,8.023068513332863,1.1102230246251565e-15,0.04751670852374873,True,True,0.004975124378109453
previous window down AND MACD hist > 0,2.6891467817337564,0.007163491305941294,0.021701560013022037,True,True,0.9502487562189055
previous window down AND MACD hist < 0,7.077474399012136,1.468158927764307e-12,0.037178986230093025,True,True,0.004975124378109453
previous window down AND OBV rising,-2.28625323983464,0.022239447736145834,-0.03834828785300354,True,False,1.0
previous window down AND OBV falling,5.405823649937373,6.451124590078905e-08,0.06342933917839444,True,True,0.01990049751243781
previous window down AND EMA9 < EMA21 - 10 bp,5.680071688895541,1.3463829828808116e-08,0.07539742704697511,True,True,0.01990049751243781
previous window down AND larger trades than usual (size5 > 1.2),4.100841437569834,4.116505643625423e-05,0.03391300958133914,True,True,0.06467661691542288
previous window down AND more trades than usual (nratio5 > 1.5),4.366144745507944,1.2645869586602743e-05,0.048232648249116605,True,True,0.03482587064676617
two windows up AND MACD hist > 0,-6.387802772137326,1.6828627380505168e-10,-0.0482932913181956,True,True,0.004975124378109453
two windows up AND MACD hist < 0,-2.3397240315846513,0.01929799361117035,-0.02226036898338435,True,False,1.0
two windows up AND OBV rising,-4.044371632719563,5.2463643771760715e-05,-0.06132514869866185,True,True,0.06965174129353234
two windows up AND EMA9 > EMA21 + 10 bp,-4.0162327069346615,5.913586514960656e-05,-0.06444528073375011,True,True,0.06965174129353234
two windows up AND larger trades than usual (size5 > 1.2),-7.196509009755349,6.177280909014371e-13,-0.07680986141662238,True,True,0.004975124378109453
two windows up AND more trades than usual (nratio5 > 1.5),-2.534843086376901,0.011249770510710189,-0.038315164428669,True,True,0.9950248756218906
two windows down AND MACD hist > 0,3.384644734689985,0.000712704335352532,0.03265673384347262,True,True,0.31840796019900497
two windows down AND MACD hist < 0,6.771102229006631,1.2780443370274952e-11,0.04666227006883206,True,True,0.004975124378109453
two windows down AND OBV falling,6.125986412790079,9.01234864514322e-10,0.08386651907328724,True,True,0.009950248756218905
two windows down AND EMA9 < EMA21 - 10 bp,4.953518650025052,7.288336920652227e-07,0.07981695580642911,True,False,0.01990049751243781
two windows down AND larger trades than usual (size5 > 1.2),5.065505707713048,4.0731757300349614e-07,0.05212164051164814,True,True,0.01990049751243781
two windows down AND more trades than usual (nratio5 > 1.5),3.796494067954484,0.00014675687277398985,0.05496398754833459,True,True,0.13432835820895522
MACD hist > 0 AND OBV rising,-4.626575943006705,3.7176059042298704e-06,-0.07389801210025931,True,True,0.024875621890547265
MACD hist > 0 AND OBV falling,2.1802058562849735,0.029242205709471447,0.025384354280647725,True,True,1.0
MACD hist > 0 AND EMA9 > EMA21 + 10 bp,-4.814387920427929,1.4765174356501376e-06,-0.074281711741988,True,True,0.01990049751243781
MACD hist > 0 AND larger trades than usual (size5 > 1.2),-3.151702419156998,0.0016232160965650166,-0.027006730675981194,True,True,0.5920398009950248
MACD hist > 0 AND more trades than usual (nratio5 > 1.5),-3.3111134601887855,0.0009292552282695876,-0.035437659291487844,True,True,0.4228855721393035
MACD hist < 0 AND OBV rising,-3.3865141143576194,0.0007078663514874517,-0.046652349410753746,True,False,0.31840796019900497
MACD hist < 0 AND OBV falling,5.267992162218783,1.3792399466971972e-07,0.06934290763616435,True,True,0.01990049751243781
MACD hist < 0 AND EMA9 < EMA21 - 10 bp,5.4012970938153435,6.616074621490498e-08,0.07820835204529686,True,True,0.01990049751243781
MACD hist < 0 AND larger trades than usual (size5 > 1.2),2.517120268741929,0.011831843333942604,0.020288994791353376,True,False,0.9950248756218906
MACD hist < 0 AND more trades than usual (nratio5 > 1.5),4.317296221546868,1.5795211884217508e-05,0.04582907942665293,True,True,0.03980099502487562
OBV rising AND EMA9 > EMA21 + 10 bp,-2.881634530330767,0.003956183098603683,-0.06937748828152313,True,True,0.8159203980099502
OBV rising AND larger trades than usual (size5 > 1.2),-5.186352326621409,2.1445292452959563e-07,-0.08994416687542967,True,True,0.01990049751243781
OBV rising AND more trades than usual (nratio5 > 1.5),-1.8639769788939433,0.06232493728261779,-0.045874969687818845,True,True,1.0
OBV falling AND EMA9 < EMA21 - 10 bp,5.475317586688875,4.3672763849755825e-08,0.10317093128974958,True,True,0.01990049751243781
OBV falling AND larger trades than usual (size5 > 1.2),5.852752310583657,4.835039257855556e-09,0.09509360642129544,True,True,0.01990049751243781
OBV falling AND more trades than usual (nratio5 > 1.5),5.244035229459806,1.57102182596347e-07,0.08810775119238107,True,True,0.01990049751243781
EMA9 > EMA21 + 10 bp AND larger trades than usual (size5 > 1.2),-4.455945265911279,8.352434189617952e-06,-0.10562221326025484,True,True,0.03482587064676617
EMA9 > EMA21 + 10 bp AND more trades than usual (nratio5 > 1.5),-4.760450466227817,1.9316133934577095e-06,-0.08426110600087955,True,True,0.01990049751243781
EMA9 < EMA21 - 10 bp AND larger trades than usual (size5 > 1.2),5.122974853585894,3.0075247181571285e-07,0.10839657587797591,True,True,0.01990049751243781
EMA9 < EMA21 - 10 bp AND more trades than usual (nratio5 > 1.5),4.579366491074875,4.6638637312135245e-06,0.07685697355321786,True,True,0.024875621890547265
larger trades than usual (size5 > 1.2) AND more trades than usual (nratio5 > 1.5),-1.0022488679875954,0.31622341117376096,-0.013949342358979988,False,False,1.0
"RSI14 < 30, Asia (0-7 UTC)",4.215757122204015,2.4894157260924032e-05,0.09732012687047287,True,False,0.05472636815920398
"RSI14 < 30, Europe (8-13 UTC)",2.4261121712666207,0.015261552390303024,0.06301112289132027,True,True,0.9950248756218906
"RSI14 < 30, US (14-21 UTC)",3.1800250550764178,0.001472623190764244,0.07611300223931505,True,True,0.5671641791044776
"RSI14 < 35, Asia (0-7 UTC)",4.333146401170336,1.4699328903189368e-05,0.06259246131672441,True,True,0.03980099502487562
"RSI14 < 35, Europe (8-13 UTC)",3.641636905596507,0.00027090999121215376,0.06224561344891899,True,True,0.18407960199004975
"RSI14 < 35, US (14-21 UTC)",5.7547231083794514,8.678392005023738e-09,0.09373545494106295,True,True,0.01990049751243781
"RSI14 > 65, Asia (0-7 UTC)",-3.1830778416898475,0.0014571843343329505,-0.04775865153599124,True,True,0.5671641791044776
"RSI14 > 65, Europe (8-13 UTC)",-2.915761040447764,0.0035482214516853183,-0.04608561681087764,True,False,0.7860696517412935
"RSI14 > 65, US (14-21 UTC)",-4.841892965230421,1.2860803784153774e-06,-0.07190542330465383,True,True,0.01990049751243781
"RSI14 > 70, Asia (0-7 UTC)",-2.252761097990424,0.02427421626612869,-0.0528183903776695,True,True,1.0
"RSI14 > 70, Europe (8-13 UTC)",-3.600304490604215,0.0003178447477052426,-0.09209421421137287,True,True,0.18407960199004975
"RSI14 > 70, US (14-21 UTC)",-2.8711575388993187,0.004089716504710239,-0.06968982585446926,True,False,0.8208955223880597
"RSI60 < 40, Asia (0-7 UTC)",1.5027895734110104,0.13289331548771943,0.03872168393627534,False,False,1.0
"RSI60 < 40, Europe (8-13 UTC)",3.420855219453298,0.000624245546790636,0.08768180636153655,True,True,0.2835820895522388
"RSI60 < 40, US (14-21 UTC)",2.787337740126084,0.005314306039176708,0.06997703648039999,True,True,0.900497512437811
"RSI60 < 45, Asia (0-7 UTC)",4.257715431211328,2.0652660586373273e-05,0.048469134639111955,True,True,0.04477611940298507
"RSI60 < 45, Europe (8-13 UTC)",4.224739157875813,2.3921769089607636e-05,0.05550188186702043,True,True,0.04477611940298507
"RSI60 < 45, US (14-21 UTC)",5.121225822485783,3.035558591157894e-07,0.06455077845224833,True,True,0.01990049751243781
"RSI60 > 55, Asia (0-7 UTC)",-5.9705410840352275,2.3646802294052804e-09,-0.06989290248092234,True,True,0.014925373134328358
"RSI60 > 55, Europe (8-13 UTC)",-4.465551660577278,7.986269782822575e-06,-0.05419278539200928,True,True,0.03482587064676617
"RSI60 > 55, US (14-21 UTC)",-5.8210220245045825,5.848886042159052e-09,-0.07079882175026697,True,True,0.01990049751243781
"RSI60 > 60, Asia (0-7 UTC)",-3.6375781437581702,0.0002752137071744265,-0.10654366492643008,True,True,0.18407960199004975
"RSI60 > 60, Europe (8-13 UTC)",-4.219562750157364,2.4477658836286054e-05,-0.11172986927555323,True,True,0.05472636815920398
"RSI60 > 60, US (14-21 UTC)",-3.129593702290166,0.0017504823372322953,-0.08875180819395312,True,True,0.6119402985074627
"range position < 0.05, Asia (0-7 UTC)",1.5141972950212281,0.12997580755681404,0.03696526571247338,False,False,1.0
"range position < 0.05, Europe (8-13 UTC)",2.9925635365133485,0.002766450758418637,0.08506779915741913,True,True,0.7263681592039801
"range position < 0.05, US (14-21 UTC)",1.8184871373113556,0.06898971090775108,0.05396630968568439,True,False,1.0
"range position > 0.95, Asia (0-7 UTC)",-1.9667571180450314,0.04921121845116461,-0.04947825370830966,True,True,1.0
"range position > 0.95, Europe (8-13 UTC)",-4.36242552747755,1.286283775869812e-05,-0.12278994460880643,True,True,0.03482587064676617
"range position > 0.95, US (14-21 UTC)",-4.809818374954222,1.5106749933213592e-06,-0.11174907560882319,True,True,0.01990049751243781
"range position < 0.1, Asia (0-7 UTC)",3.511318276539878,0.00044589020105179067,0.06026273524329817,True,True,0.22388059701492538
"range position < 0.1, Europe (8-13 UTC)",3.7280997246430156,0.00019292903800072203,0.07742895745465628,True,True,0.15422885572139303
"range position < 0.1, US (14-21 UTC)",3.3726114209255074,0.000744589532717832,0.061560891808296436,True,True,0.31840796019900497
"range position > 0.90, Asia (0-7 UTC)",-3.2032787826160085,0.0013587238194388007,-0.05206942050630903,True,True,0.527363184079602
"range position > 0.90, Europe (8-13 UTC)",-5.158908478449311,2.4839368650830806e-07,-0.08970654329438332,True,True,0.01990049751243781
"range position > 0.90, US (14-21 UTC)",-4.1518899211135905,3.297408678726299e-05,-0.0717689722077654,True,True,0.05472636815920398
"range position < 0.15, Asia (0-7 UTC)",3.228383944725077,0.0012449176157578457,0.04507494951416274,True,True,0.48258706467661694
"range position < 0.15, Europe (8-13 UTC)",4.168489735022205,3.066245672966872e-05,0.07236106286249394,True,True,0.05472636815920398
"range position < 0.15, US (14-21 UTC)",4.691226872173486,2.7157162854063444e-06,0.06868109484309676,True,True,0.024875621890547265
"range position > 0.85, Asia (0-7 UTC)",-4.873677313582591,1.0953986002704141e-06,-0.06661627528558922,True,True,0.01990049751243781
"range position > 0.85, Europe (8-13 UTC)",-4.963671754900101,6.917281298868261e-07,-0.0697013456740917,True,True,0.01990049751243781
"range position > 0.85, US (14-21 UTC)",-4.87298580896947,1.0992412182719846e-06,-0.07054494259641902,True,True,0.01990049751243781
"5-min move > +1.5 sd, Asia (0-7 UTC)",-1.3086688353474893,0.19064655270765085,-0.028098850289710042,False,False,1.0
"5-min move > +1.5 sd, Europe (8-13 UTC)",-1.9606445017726888,0.049920507276863146,-0.04767558175935238,True,False,1.0
"5-min move > +1.5 sd, US (14-21 UTC)",-2.8690952456320735,0.0041164781858265,-0.06180297868014606,True,False,0.8208955223880597
"5-min move < -1.5 sd, Asia (0-7 UTC)",0.9775336540659705,0.3283050250540409,0.020370617688394488,False,False,1.0
"5-min move < -1.5 sd, Europe (8-13 UTC)",1.7082131005887318,0.08759680855960639,0.0399751565748766,True,False,1.0
"5-min move < -1.5 sd, US (14-21 UTC)",3.8478391226004867,0.00011916426079316977,0.08708564534315139,True,True,0.11940298507462686
"15-min move > +1.5 sd, Asia (0-7 UTC)",-4.154947292389055,3.253625361177015e-05,-0.07592929906568058,True,True,0.05472636815920398
"15-min move > +1.5 sd, Europe (8-13 UTC)",-3.0979351139012508,0.0019487409072325157,-0.06871244454736403,True,True,0.6517412935323383
"15-min move > +1.5 sd, US (14-21 UTC)",-4.321427478847972,1.5502300489078635e-05,-0.09291056347767873,True,True,0.03980099502487562
"15-min move < -1.5 sd, Asia (0-7 UTC)",2.917567332022756,0.003527734752627021,0.05681484130893977,True,True,0.7860696517412935
"15-min move < -1.5 sd, Europe (8-13 UTC)",2.2314318362055743,0.02565253799094802,0.05219361987537319,True,True,1.0
"15-min move < -1.5 sd, US (14-21 UTC)",4.681528671762465,2.8474356175145488e-06,0.09807293270532963,True,True,0.024875621890547265
"15-min move < -2 sd, Asia (0-7 UTC)",2.4035240329860557,0.016237899641223352,0.07289001517525368,True,True,0.9950248756218906
"4h return > +25 bp, Asia (0-7 UTC)",-5.501690303895444,3.761672884294853e-08,-0.04680082018214349,True,True,0.01990049751243781
"4h return > +25 bp, Europe (8-13 UTC)",-2.4156557617215055,0.01570690289547949,-0.02298743862914926,True,True,0.9950248756218906
"4h return > +25 bp, US (14-21 UTC)",-1.684920409304518,0.09200392833208038,-0.0142335079701425,False,False,1.0
"4h return < -25 bp, Asia (0-7 UTC)",3.326890673380996,0.0008782082097551491,0.030355034712853446,True,True,0.39303482587064675
"4h return < -25 bp, Europe (8-13 UTC)",2.09386051566159,0.03627240746748006,0.02095373210100626,True,True,1.0
"4h return < -25 bp, US (14-21 UTC)",4.092397986076703,4.269350841568098e-05,0.033962053247503066,True,True,0.06467661691542288
"4h return > +50 bp, Asia (0-7 UTC)",-4.957670014089007,7.134360329175138e-07,-0.05865810322868409,True,True,0.01990049751243781
"4h return > +50 bp, Europe (8-13 UTC)",-2.8198901714456115,0.004804008869081056,-0.034825578385570766,True,True,0.8756218905472637
"4h return > +50 bp, US (14-21 UTC)",-1.4843033603802287,0.13772845923503452,-0.014491447935464197,False,False,1.0
"4h return < -50 bp, Asia (0-7 UTC)",2.463933057312588,0.013742177481524287,0.02882688186223875,True,True,0.9950248756218906
"4h return < -50 bp, Europe (8-13 UTC)",1.5080303400866177,0.13154676203865878,0.018994410797954053,False,False,1.0
"4h return < -50 bp, US (14-21 UTC)",3.5998097503229785,0.0003184500883528507,0.03460581070873714,True,True,0.18407960199004975
"4h return > +100 bp, Asia (0-7 UTC)",-3.7231161099341366,0.00019677897025371927,-0.062197930716505034,True,True,0.15422885572139303
"4h return > +100 bp, Europe (8-13 UTC)",-2.1535704502370745,0.03127387370481505,-0.04232911494961955,True,False,1.0
"4h return > +100 bp, US (14-21 UTC)",-0.9194441192941165,0.35786332153287126,-0.013380302956974344,False,False,1.0
"4h return < -100 bp, Asia (0-7 UTC)",1.3083255763740531,0.1907629036941989,0.023394400713748542,False,False,1.0
"4h return < -100 bp, Europe (8-13 UTC)",2.112934956257691,0.03460633541864877,0.04082891448278586,True,False,1.0
"4h return < -100 bp, US (14-21 UTC)",3.0047157770212554,0.0026582912830179772,0.042729913468686986,True,True,0.7114427860696517
"taker buy share > 0.1 (15 min), Asia (0-7 UTC)",-5.008300139194123,5.491285668401957e-07,-0.042614545242512014,True,True,0.01990049751243781
"taker buy share > 0.1 (15 min), Europe (8-13 UTC)",-3.5897451574109502,0.0003310014026771668,-0.034612193393416424,True,True,0.18407960199004975
"taker buy share > 0.1 (15 min), US (14-21 UTC)",-4.4770853053892,7.566901963684813e-06,-0.039110926456027484,True,True,0.03482587064676617
"taker sell share > 0.1 (15 min), Asia (0-7 UTC)",2.003608406867561,0.045112024602060874,0.016045888949498877,True,True,1.0
"taker sell share > 0.1 (15 min), Europe (8-13 UTC)",3.932021493091763,8.423453239059242e-05,0.04041687785493958,True,True,0.07960199004975124
"taker sell share > 0.1 (15 min), US (14-21 UTC)",6.35800954090016,2.043847313615288e-10,0.051730138443502105,True,True,0.004975124378109453
"taker buy share > 0.2 (15 min), Asia (0-7 UTC)",-6.152854838798895,7.610045926753628e-10,-0.06341554680209005,True,True,0.009950248756218905
"taker buy share > 0.2 (15 min), Europe (8-13 UTC)",-3.366918810280519,0.0007601306369064975,-0.04116520733757961,True,True,0.3283582089552239
"taker buy share > 0.2 (15 min), US (14-21 UTC)",-4.25545371236008,2.0862552315925598e-05,-0.05134193367574574,True,True,0.04477611940298507
"taker sell share > 0.2 (15 min), Asia (0-7 UTC)",2.370454528358012,0.017766229154293045,0.023662157675538142,True,False,1.0
"taker sell share > 0.2 (15 min), Europe (8-13 UTC)",3.5568002805152164,0.00037539933275221316,0.04411378879160838,True,True,0.19900497512437812
"taker sell share > 0.2 (15 min), US (14-21 UTC)",5.349793055349019,8.80548642889778e-08,0.05674581228261277,True,True,0.01990049751243781
"taker buy share > 0.3 (15 min), Asia (0-7 UTC)",-5.8186433948667995,5.9327152079902135e-09,-0.07868051232288092,True,True,0.01990049751243781
"taker buy share > 0.3 (15 min), Europe (8-13 UTC)",-3.0489392774375235,0.002296508949650944,-0.0521742854310448,True,True,0.6915422885572139
"taker buy share > 0.3 (15 min), US (14-21 UTC)",-2.5209470949137645,0.011703944751278561,-0.03988234707948207,True,True,0.9950248756218906
"taker sell share > 0.3 (15 min), Asia (0-7 UTC)",2.6162317257444254,0.00889061981574546,0.03273976506577264,True,True,0.9701492537313433
"taker sell share > 0.3 (15 min), Europe (8-13 UTC)",1.8442693205608864,0.0651439002562475,0.029232586278809536,True,False,1.0
"taker sell share > 0.3 (15 min), US (14-21 UTC)",4.743199461719142,2.1036895077042317e-06,0.0645718932786375,True,True,0.01990049751243781
"price > VWAP60 + 15 bp, Asia (0-7 UTC)",-3.6103711324631704,0.0003057591872228649,-0.036825055806728124,True,False,0.18407960199004975
"price > VWAP60 + 15 bp, Europe (8-13 UTC)",-3.644486541400587,0.00026792615463056,-0.048836803052122235,True,False,0.18407960199004975
"price > VWAP60 + 15 bp, US (14-21 UTC)",-3.3911326681552523,0.0006960439887966352,-0.03502022502318758,True,True,0.31343283582089554
"price < VWAP60 - 15 bp, Asia (0-7 UTC)",2.8925997355288207,0.0038206785645942265,0.0339763267061724,True,True,0.8059701492537313
"price < VWAP60 - 15 bp, Europe (8-13 UTC)",3.829124906180084,0.00012859972815348897,0.05124942279566169,True,True,0.12437810945273632
"price < VWAP60 - 15 bp, US (14-21 UTC)",5.034610369540139,4.788217382589721e-07,0.05579458268585202,True,True,0.01990049751243781
"price > VWAP60 + 30 bp, Asia (0-7 UTC)",-1.7634356579009935,0.07782704021448694,-0.030421458648416333,True,True,1.0
"price > VWAP60 + 30 bp, Europe (8-13 UTC)",-2.251463567103455,0.024356191926096393,-0.04870335412343596,True,True,1.0
"price > VWAP60 + 30 bp, US (14-21 UTC)",-2.802793435390218,0.005066210609030453,-0.04558340418050061,True,False,0.8855721393034826
"price < VWAP60 - 30 bp, Asia (0-7 UTC)",3.6341975130899455,0.00027884719083859366,0.07748384156330385,True,True,0.18407960199004975
"price < VWAP60 - 30 bp, Europe (8-13 UTC)",2.6855614354008823,0.0072408061741957574,0.06092714551944156,True,True,0.9502487562189055
"price < VWAP60 - 30 bp, US (14-21 UTC)",4.033888842745015,5.486127765608195e-05,0.07016627217779942,True,True,0.06965174129353234
"price > VWAP60 + 50 bp, US (14-21 UTC)",-3.122976886286109,0.0017903180712512956,-0.08274228770534886,True,True,0.6268656716417911
"price < VWAP60 - 50 bp, US (14-21 UTC)",3.536490531939315,0.00040548103516235834,0.0866113387630627,True,True,0.21890547263681592
"previous window up, Asia (0-7 UTC)",-5.243475097775003,1.5758008542476887e-07,-0.03507735483155955,True,True,0.01990049751243781
"previous window up, Europe (8-13 UTC)",-2.6162957995910032,0.008888951479480323,-0.021083983761639558,True,False,0.9701492537313433
"previous window up, US (14-21 UTC)",-2.805168064263043,0.005029035007355187,-0.01981961827540657,True,True,0.8855721393034826
"previous window down, Asia (0-7 UTC)",1.5225660133687609,0.1278673181265999,0.010471014023286485,False,False,1.0
"previous window down, Europe (8-13 UTC)",2.681155484377316,0.00733684175554683,0.022302171207744026,True,True,0.9552238805970149
"previous window down, US (14-21 UTC)",6.888000893349069,5.658140622699648e-12,0.04806131558520682,True,True,0.004975124378109453
"two windows up, Asia (0-7 UTC)",-4.149250892789883,3.335650597335871e-05,-0.03999095078526138,True,False,0.05970149253731343
"two windows up, Europe (8-13 UTC)",-2.7709991180889895,0.005588457817597758,-0.030633851303786153,True,True,0.9054726368159204
"two windows up, US (14-21 UTC)",-3.6752755165485294,0.00023759287252644867,-0.03441388703946302,True,True,0.16417910447761194
"two windows down, Asia (0-7 UTC)",3.3834983849296982,0.0007156862843429312,0.03187729525811139,True,True,0.31840796019900497
"two windows down, Europe (8-13 UTC)",2.864258355343798,0.004179869384837387,0.03346799332314371,True,True,0.8308457711442786
"two windows down, US (14-21 UTC)",5.150594921713922,2.596614723238133e-07,0.054748837306152376,True,True,0.01990049751243781
"MACD hist > 0, Asia (0-7 UTC)",-4.079016029777977,4.5226718720758896e-05,-0.027388037645970698,True,True,0.06467661691542288
"MACD hist > 0, Europe (8-13 UTC)",-2.108977063271407,0.03494656150418529,-0.016609967643518797,True,True,1.0
"MACD hist > 0, US (14-21 UTC)",-1.099623040344135,0.27149639890908284,-0.007658729723783286,False,False,1.0
"MACD hist < 0, Asia (0-7 UTC)",0.4900220560503677,0.6241182915121914,0.0035410032219785337,False,False,1.0
"MACD hist < 0, Europe (8-13 UTC)",2.116632160696943,0.03429107843368051,0.01792940848503849,True,True,1.0
"MACD hist < 0, US (14-21 UTC)",5.044635107183897,4.543876677143288e-07,0.03465256159288288,True,True,0.01990049751243781
"OBV rising, Asia (0-7 UTC)",-4.5669055214969765,4.949769677686788e-06,-0.07514061246226106,True,True,0.024875621890547265
"OBV rising, Europe (8-13 UTC)",-2.7795876373578974,0.005442796497500124,-0.0542267945549873,True,False,0.9054726368159204
"OBV rising, US (14-21 UTC)",-2.375447333474461,0.01752769355190731,-0.044177628178662054,True,False,1.0
"OBV falling, Asia (0-7 UTC)",1.5656066856669169,0.11744072385865878,0.024972494241068288,False,False,1.0
"OBV falling, Europe (8-13 UTC)",2.253759400190257,0.02421130822612616,0.03894803110178835,True,False,1.0
"OBV falling, US (14-21 UTC)",4.574764071661623,4.7675692822490845e-06,0.07100905896003473,True,True,0.024875621890547265
"EMA9 > EMA21 + 10 bp, Asia (0-7 UTC)",-4.071967756236492,4.661763378610573e-05,-0.09218887999134029,True,True,0.06467661691542288
"EMA9 > EMA21 + 10 bp, US (14-21 UTC)",-2.410190070313085,0.015944211650893658,-0.04723499896656319,True,False,0.9950248756218906
"EMA9 < EMA21 - 10 bp, Asia (0-7 UTC)",3.353296562122044,0.0007985509384826894,0.08003521561314741,True,True,0.3383084577114428
"EMA9 < EMA21 - 10 bp, Europe (8-13 UTC)",2.3442435253799796,0.019065718212856853,0.06095245825771545,True,True,1.0
"EMA9 < EMA21 - 10 bp, US (14-21 UTC)",4.250984778554828,2.1283263388349738e-05,0.08217017095891366,True,True,0.04477611940298507
"larger trades than usual (size5 > 1.2), Asia (0-7 UTC)",-0.5464091294926328,0.5847847359482734,-0.00519286125893581,False,False,1.0
"larger trades than usual (size5 > 1.2), Europe (8-13 UTC)",-0.3850440963942843,0.7002047452544977,-0.003621156974202344,False,False,1.0
"larger trades than usual (size5 > 1.2), US (14-21 UTC)",0.5931662919551021,0.5530698688835396,0.006623839977335566,False,False,1.0
"more trades than usual (nratio5 > 1.5), Asia (0-7 UTC)",-0.577658468767268,0.5634947238114847,-0.008540922811410945,False,False,1.0
"more trades than usual (nratio5 > 1.5), Europe (8-13 UTC)",0.2015616649060204,0.8402594170291584,0.00337004697156984,False,False,1.0
"more trades than usual (nratio5 > 1.5), US (14-21 UTC)",1.221529188710033,0.22188572101233883,0.012649017308600241,False,False,1.0
